experiment,controller,L,k,boundary,n,coverage_n,coverage_mean,coverage_sd,coverage_se,coverage_ciLow,coverage_ciHigh,coverage_min,coverage_max,order_n,order_mean,order_sd,order_se,order_ciLow,order_ciHigh,order_min,order_max,abs_order_n,abs_order_mean,abs_order_sd,abs_order_se,abs_order_ciLow,abs_order_ciHigh,abs_order_min,abs_order_max,particles_n,particles_mean,particles_sd,particles_se,particles_ciLow,particles_ciHigh,particles_min,particles_max,horizontal_n,horizontal_mean,horizontal_sd,horizontal_se,horizontal_ciLow,horizontal_ciHigh,horizontal_min,horizontal_max,vertical_n,vertical_mean,vertical_sd,vertical_se,vertical_ciLow,vertical_ciHigh,vertical_min,vertical_max,attempts_n,attempts_mean,attempts_sd,attempts_se,attempts_ciLow,attempts_ciHigh,attempts_min,attempts_max,failures_n,failures_mean,failures_sd,failures_se,failures_ciLow,failures_ciHigh,failures_min,failures_max,elapsed_ms_n,elapsed_ms_mean,elapsed_ms_sd,elapsed_ms_se,elapsed_ms_ciLow,elapsed_ms_ciHigh,elapsed_ms_min,elapsed_ms_max,legal_h_n,legal_h_mean,legal_h_sd,legal_h_se,legal_h_ciLow,legal_h_ciHigh,legal_h_min,legal_h_max,legal_v_n,legal_v_mean,legal_v_sd,legal_v_se,legal_v_ciLow,legal_v_ciHigh,legal_v_min,legal_v_max,attempted_h_n,attempted_h_mean,attempted_h_sd,attempted_h_se,attempted_h_ciLow,attempted_h_ciHigh,attempted_h_min,attempted_h_max,attempted_v_n,attempted_v_mean,attempted_v_sd,attempted_v_se,attempted_v_ciLow,attempted_v_ciHigh,attempted_v_min,attempted_v_max,failure_rate_n,failure_rate_mean,failure_rate_sd,failure_rate_se,failure_rate_ciLow,failure_rate_ciHigh,failure_rate_min,failure_rate_max,attempts_per_particle_n,attempts_per_particle_mean,attempts_per_particle_sd,attempts_per_particle_se,attempts_per_particle_ciLow,attempts_per_particle_ciHigh,attempts_per_particle_min,attempts_per_particle_max,attempted_h_fraction_n,attempted_h_fraction_mean,attempted_h_fraction_sd,attempted_h_fraction_se,attempted_h_fraction_ciLow,attempted_h_fraction_ciHigh,attempted_h_fraction_min,attempted_h_fraction_max,residual_empty_n,residual_empty_mean,residual_empty_sd,residual_empty_se,residual_empty_ciLow,residual_empty_ciHigh,residual_empty_min,residual_empty_max,deadlock_count,deadlock_rate,deadlock_ciLow,deadlock_ciHigh,geometric_jamming_count,observed_isotropic,pointwise_isotropy_upper95,cancellation_warning
atlas,0,16,2,periodic,64,64,0.8671874999999999,0.017607380306844094,0.0022009225383555118,0.8627893072606564,0.8715856927393434,0.8359375,0.9140625,64,1,0,0,1,1,1,1,64,1,0,0,1,1,1,1,64,110.99999999999999,2.253744679276044,0.2817180849095055,110.43703132936402,111.56296867063595,107,117,64,110.99999999999999,2.253744679276044,0.2817180849095055,110.43703132936402,111.56296867063595,107,117,64,0,0,0,0,0,0,0,64,1019.9374999999999,274.4322783435385,34.30403479294231,951.3863565012214,1088.4886434987784,612,1862,64,908.9375,274.45888320735503,34.30736040091938,840.3797108039724,977.4952891960276,505,1752,64,0.13080000000000058,0.20576270891721998,0.025720338614652498,0.07940200457897892,0.18219799542102225,0.04550000000000409,1.5496000000000052,64,0,0,0,0,0,0,0,64,4.390624999999998,2.1793925722840717,0.27242407153550896,3.8462289330920223,4.935021066907974,0,9,64,1019.9374999999999,274.4322783435385,34.30403479294231,951.3863565012214,1088.4886434987784,612,1862,64,0,0,0,0,0,0,0,64,0.883610020086232,0.029795068038128036,0.0037243835047660045,0.8761674335327626,0.8910526066397014,0.8206349206349206,0.9409237379162191,64,9.192561694054643,2.4920816208694228,0.31151020260867784,8.570058226772874,9.815065161336411,5.575221238938053,16.927272727272726,64,1,0,0,1,1,1,1,64,0.1328125,0.017607380306844094,0.0022009225383555118,0.12841430726065653,0.13721069273934347,0.0859375,0.1640625,62,0.96875,0.8930270822904169,0.9913878616538281,2,0,1,0
atlas,0,16,3,periodic,64,64,0.8239746093749998,0.02178663193782362,0.0027233289922279527,0.8185324706392085,0.829416748110791,0.7734375,0.87890625,64,1,0,0,1,1,1,1,64,1,0,0,1,1,1,1,64,70.31249999999997,1.859125925360948,0.2323907406701185,69.84810416121245,70.7768958387875,66,75,64,70.31249999999997,1.859125925360948,0.2323907406701185,69.84810416121245,70.7768958387875,66,75,64,0,0,0,0,0,0,0,64,902.2656249999998,386.02492896667985,48.25311612083498,805.8394667527745,998.6917832472251,281,2647,64,831.953125,385.80023738287474,48.22502967285934,735.5830930404597,928.3231569595403,211,2577,64,0.036298437499997505,0.01714329423426274,0.0021429117792828426,0.03201617001241136,0.04058070498758365,0.029100000000028103,0.12229999999999563,64,0,0,0,0,0,0,0,64,1.2343749999999996,1.3886408508676433,0.17358010635845542,0.8875028360888371,1.581247163911162,0,7,64,902.2656249999998,386.02492896667985,48.25311612083498,805.8394667527745,998.6917832472251,281,2647,64,0,0,0,0,0,0,0,64,0.9098507701647495,0.0352430238203424,0.0044053779775428,0.9010473247470977,0.9186542155824012,0.7508896797153025,0.9735549678881753,64,12.823242534708154,5.474170408091931,0.6842713010114914,11.455835451813481,14.190649617602826,4.014285714285714,37.81428571428572,64,1,0,0,1,1,1,1,64,0.17602539062499994,0.02178663193782362,0.0027233289922279527,0.1705832518892087,0.1814675293607912,0.12109375,0.2265625,40,0.625,0.502503786840045,0.7333401982117536,24,0,1,0
atlas,0,16,4,periodic,64,64,0.8037109375000001,0.028373980603673132,0.0035467475754591415,0.796623328025873,0.8107985469741272,0.75,0.890625,64,1,0,0,1,1,1,1,64,1,0,0,1,1,1,1,64,51.43750000000001,1.8159347586350805,0.22699184482938506,50.98389299365587,51.89110700634414,48,57,64,51.43750000000001,1.8159347586350805,0.22699184482938506,50.98389299365587,51.89110700634414,48,57,64,0,0,0,0,0,0,0,64,625.984375,321.86956306087717,40.233695382609646,545.5837503415019,706.3849996584981,213,1598,64,574.5468750000002,321.16750955915296,40.14593869489412,494.32161808844137,654.7721319115591,163,1546,64,0.037926562500002696,0.01856796389576212,0.002320995486970265,0.03328842311938236,0.04256470188062303,0.026399999999966894,0.17010000000004766,64,0,0,0,0,0,0,0,64,0.37500000000000006,0.9511897312113418,0.11889871640141772,0.1373998745613721,0.612600125438628,0,5,64,625.984375,321.86956306087717,40.233695382609646,545.5837503415019,706.3849996584981,213,1598,64,0,0,0,0,0,0,0,64,0.8966088348841584,0.04823974775726881,0.006029968469658601,0.884558904421118,0.9086587653471989,0.7652582159624414,0.967459324155194,64,12.098770650267697,6.076537479816761,0.7595671849770951,10.580896749759622,13.616644550775773,4.26,30.73076923076923,64,1,0,0,1,1,1,1,64,0.1962890625,0.02837398060367313,0.003546747575459141,0.18920145302587288,0.20337667197412712,0.109375,0.25,13,0.203125,0.12273417819183653,0.3171363573101416,51,0,1,0
atlas,0,16,8,periodic,64,64,1,0,0,1,1,1,1,64,1,0,0,1,1,1,1,64,1,0,0,1,1,1,1,64,32,0,0,32,32,32,32,64,32,0,0,32,32,32,32,64,0,0,0,0,0,0,0,64,857.5624999999999,304.1362411397286,38.017030142466076,781.5915273600772,933.5334726399226,410,1855,64,825.5624999999999,304.1362411397286,38.017030142466076,749.5915273600772,901.5334726399226,378,1823,64,0.02863281249999439,0.013508610477914178,0.0016885763097392722,0.025258462001102353,0.032007162998886424,0.02289999999993597,0.1287000000000944,64,0,0,0,0,0,0,0,64,0,0,0,0,0,0,0,64,857.5624999999999,304.1362411397286,38.017030142466076,781.5915273600772,933.5334726399226,410,1855,64,0,0,0,0,0,0,0,64,0.9582952494268604,0.013821648101093613,0.0017277060126367017,0.9548427044562516,0.9617477943974692,0.9219512195121952,0.9827493261455525,64,26.798828124999996,9.504257535616519,1.1880321919520649,24.424735230002412,29.17292101999758,12.8125,57.96875,64,1,0,0,1,1,1,1,64,0,0,0,0,0,0,0,0,0,0,0.05662405979280534,64,0,1,0
atlas,0,32,2,periodic,64,64,0.8641052246093751,0.009866202600899383,0.001233275325112423,0.8616407205271125,0.8665697286916377,0.841796875,0.892578125,64,1,0,0,1,1,1,1,64,1,0,0,1,1,1,1,64,442.42187500000006,5.051495731660484,0.6314369664575605,441.1600489098816,443.6837010901185,431,457,64,442.42187500000006,5.051495731660484,0.6314369664575605,441.1600489098816,443.6837010901185,431,457,64,0,0,0,0,0,0,0,64,5729.078125000001,1305.6916588863226,163.21145736079032,5402.926052752039,6055.230197247963,3867,9845,64,5286.65625,1306.4000726429815,163.3000090803727,4960.327221260687,5612.985278739313,3431,9403,64,0.15481406250000157,0.03174548520424829,0.003968185650531036,0.1468842762342964,0.16274384876570674,0.1292999999999438,0.26900000000000546,64,0,0,0,0,0,0,0,64,19.656249999999996,4.765013865966933,0.5956267332458667,18.4659849507456,20.846515049254393,9,29,64,5729.078125000001,1305.6916588863226,163.21145736079032,5402.926052752039,6055.230197247963,3867,9845,64,0,0,0,0,0,0,0,64,0.9189758389147019,0.017434619500804063,0.002179327437600508,0.914620800540717,0.9233308772886868,0.8872510990431859,0.9551041137633316,64,12.95556316302954,2.982922426962059,0.37286530337025736,12.210451310405462,13.700675015653617,8.869266055045872,22.273755656108598,64,1,0,0,1,1,1,1,64,0.135894775390625,0.00986620260089939,0.0012332753251124238,0.1334302713083624,0.1383592794728876,0.107421875,0.158203125,64,1,0.9433759402071946,1,0,0,1,0
atlas,0,32,3,periodic,64,64,0.8231048583984376,0.01072860453522355,0.0013410755669029438,0.8204249327225115,0.8257847840743637,0.802734375,0.84375,64,1,0,0,1,1,1,1,64,1,0,0,1,1,1,1,64,280.953125,3.6620303480229723,0.45775379350287154,280.03837703595053,281.86787296404947,274,288,64,280.953125,3.6620303480229723,0.45775379350287154,280.03837703595053,281.86787296404947,274,288,64,0,0,0,0,0,0,0,64,4692.796875,1110.5044353546998,138.81305441933748,4415.401120522701,4970.192629477299,3021,8660,64,4411.843749999999,1110.704941585255,138.83811769815688,4134.397910556507,4689.289589443491,2734,8382,64,0.11517500000000426,0.0226891415187202,0.002836142689840025,0.10950742107852313,0.1208425789214854,0.09580000000005384,0.20239999999989777,64,0,0,0,0,0,0,0,64,5.218749999999999,2.7340809082209714,0.3417601135276214,4.535796909321265,5.901703090678733,0,13,64,4692.796875,1110.5044353546998,138.81305441933748,4415.401120522701,4970.192629477299,3021,8660,64,0,0,0,0,0,0,0,64,0.9370415305304018,0.01388693509512154,0.0017358668868901926,0.9335726773539099,0.9405103837068938,0.9049983449189011,0.9678983833718244,64,16.708632348432634,3.989334511530151,0.4986668139412689,15.712126236924153,17.705138459941114,10.526132404181185,31.151079136690647,64,1,0,0,1,1,1,1,64,0.17689514160156253,0.010728604535223561,0.0013410755669029451,0.1742152159256364,0.17957506727748865,0.15625,0.197265625,63,0.984375,0.9166589839990573,0.9972364580766624,1,0,1,0
atlas,0,32,4,periodic,64,64,0.8037109375000001,0.012927492822837843,0.0016159366028547304,0.8004817458723723,0.8069401291276279,0.77734375,0.828125,64,1,0,0,1,1,1,1,64,1,0,0,1,1,1,1,64,205.75000000000003,3.309438162646488,0.413679770330811,204.9233269433273,206.57667305667275,199,212,64,205.75000000000003,3.309438162646488,0.413679770330811,204.9233269433273,206.57667305667275,199,212,64,0,0,0,0,0,0,0,64,3707.078124999999,1131.3176655856967,141.41470819821208,3424.4833802987728,3989.6728697012254,1844,7085,64,3501.328125,1130.8507831715037,141.35634789643797,3218.8500040558824,3783.8062459441176,1636,6877,64,0.12308593749997954,0.031035079318626504,0.003879384914828313,0.11533360534463477,0.1308382696553243,0.09050000000024738,0.27120000000013533,64,0,0,0,0,0,0,0,64,1.59375,1.64961515473463,0.20620189434182876,1.1816883945921468,2.005811605407853,0,7,64,3707.078124999999,1131.3176655856967,141.41470819821208,3424.4833802987728,3989.6728697012254,1844,7085,64,0,0,0,0,0,0,0,64,0.9396525214406479,0.01725577422007858,0.0021569717775098223,0.9353421572885771,0.9439628855927188,0.8872017353579176,0.9706422018348624,64,18.00958732479858,5.466969110014899,0.6833711387518624,16.64397907264217,19.37519557695499,8.865384615384615,34.0625,64,1,0,0,1,1,1,1,64,0.19628906249999994,0.012927492822837843,0.0016159366028547304,0.1930598708723721,0.19951825412762778,0.171875,0.22265625,43,0.671875,0.549991058490915,0.7742944209553081,21,0,1,0
atlas,0,32,8,periodic,64,64,0.7708740234374999,0.013993069306428858,0.0017491336633036073,0.7673786587238325,0.7743693881511673,0.75,0.8125,64,1,0,0,1,1,1,1,64,1,0,0,1,1,1,1,64,98.67187499999999,1.7911128712228939,0.22388910890286173,98.22446831665056,99.11928168334941,96,104,64,98.67187499999999,1.7911128712228939,0.22388910890286173,98.22446831665056,99.11928168334941,96,104,64,0,0,0,0,0,0,0,64,2390.0156250000005,1024.7743923945113,128.09679904931392,2134.034598092625,2645.996651907376,894,5481,64,2291.343750000001,1023.9705665839027,127.99632082298784,2035.5635128059334,2547.1239871940684,798,5380,64,0.09710937500000229,0.024137711512528127,0.003017213939066016,0.09107995406010798,0.1031387959398966,0.07360000000016953,0.2555999999999585,64,0,0,0,0,0,0,0,64,0,0,0,0,0,0,0,64,2390.0156250000005,1024.7743923945113,128.09679904931392,2134.034598092625,2645.996651907376,894,5481,64,0,0,0,0,0,0,0,64,0.950629463350797,0.021580374211019646,0.0026975467763774557,0.9452388462622159,0.9560200804393781,0.8926174496644296,0.9815727057106367,64,24.146251682345905,10.204319528489904,1.275539941061238,21.597288504518726,26.695214860173085,9.3125,54.26732673267327,64,1,0,0,1,1,1,1,64,0.22912597656249997,0.01399306930642886,0.0017491336633036075,0.22563061184883257,0.23262134127616738,0.1875,0.25,0,0,0,0.05662405979280534,64,0,1,0
atlas,1,16,2,periodic,64,64,0.8671874999999999,0.017607380306844094,0.0022009225383555118,0.8627893072606564,0.8715856927393434,0.8359375,0.9140625,64,1,0,0,1,1,1,1,64,1,0,0,1,1,1,1,64,110.99999999999999,2.253744679276044,0.2817180849095055,110.43703132936402,111.56296867063595,107,117,64,110.99999999999999,2.253744679276044,0.2817180849095055,110.43703132936402,111.56296867063595,107,117,64,0,0,0,0,0,0,0,64,1019.4375000000002,273.39261116802305,34.17407639600288,951.1460576346668,1087.7289423653338,609,1863,64,908.4375,273.406545073246,34.17581813415575,840.1425770487012,976.7324229512988,501,1753,64,0.07685312500000016,0.02897618052294645,0.0036220225653683063,0.06961509046169972,0.0840911595383006,0.04870000000000374,0.1501999999999981,64,0,0,0,0,0,0,0,64,4.390624999999998,2.1793925722840717,0.27242407153550896,3.8462289330920223,4.935021066907974,0,9,64,1019.4375000000002,273.39261116802305,34.17407639600288,951.1460576346668,1087.7289423653338,609,1863,64,0,0,0,0,0,0,0,64,0.8835930525075657,0.029756767536696156,0.0037195959420870195,0.8761600331346976,0.8910260718804338,0.8186195826645265,0.940955448201825,64,9.187775193596673,2.4818601171426815,0.3102325146428352,8.567824981977738,9.807725405215608,5.513274336283186,16.936363636363637,64,1,0,0,1,1,1,1,64,0.1328125,0.017607380306844094,0.0022009225383555118,0.12841430726065653,0.13721069273934347,0.0859375,0.1640625,62,0.96875,0.8930270822904169,0.9913878616538281,2,0,1,0
atlas,1,16,3,periodic,64,64,0.8239746093749998,0.02178663193782362,0.0027233289922279527,0.8185324706392085,0.829416748110791,0.7734375,0.87890625,64,1,0,0,1,1,1,1,64,1,0,0,1,1,1,1,64,70.31249999999997,1.859125925360948,0.2323907406701185,69.84810416121245,70.7768958387875,66,75,64,70.31249999999997,1.859125925360948,0.2323907406701185,69.84810416121245,70.7768958387875,66,75,64,0,0,0,0,0,0,0,64,901.671875,386.5600450160075,48.32000562700094,805.112048740734,998.231701259266,278,2643,64,831.359375,386.3375186587664,48.2921898323458,734.8551341709158,927.8636158290842,208,2573,64,0.038440624999998,0.013765827470678735,0.001720728433834842,0.03500202360799763,0.04187922639199837,0.03129999999998745,0.09739999999999327,64,0,0,0,0,0,0,0,64,1.2343749999999996,1.3886408508676433,0.17358010635845542,0.8875028360888371,1.581247163911162,0,7,64,901.671875,386.5600450160075,48.32000562700094,805.112048740734,998.231701259266,278,2643,64,0,0,0,0,0,0,0,64,0.9096488858064055,0.03566141750120854,0.004457677187651068,0.9007409287568525,0.9185568428559584,0.7482014388489209,0.9735149451381007,64,12.814925671383946,5.482466935840495,0.6853083669800619,11.445446177519011,14.184405165248881,3.9714285714285715,37.75714285714286,64,1,0,0,1,1,1,1,64,0.17602539062499994,0.02178663193782362,0.0027233289922279527,0.1705832518892087,0.1814675293607912,0.12109375,0.2265625,40,0.625,0.502503786840045,0.7333401982117536,24,0,1,0
atlas,1,16,4,periodic,64,64,0.8037109375000001,0.028373980603673132,0.0035467475754591415,0.796623328025873,0.8107985469741272,0.75,0.890625,64,1,0,0,1,1,1,1,64,1,0,0,1,1,1,1,64,51.43750000000001,1.8159347586350805,0.22699184482938506,50.98389299365587,51.89110700634414,48,57,64,51.43750000000001,1.8159347586350805,0.22699184482938506,50.98389299365587,51.89110700634414,48,57,64,0,0,0,0,0,0,0,64,626.0468750000002,321.8922441058128,40.2365305132266,545.6405847850469,706.4531652149535,210,1600,64,574.609375,321.190227825189,40.14877847814863,494.3784432344317,654.8403067655684,160,1548,64,0.03649687500000097,0.02387314336668536,0.00298414292083567,0.03053354121661881,0.04246020878338313,0.025300000000015643,0.18599999999997863,64,0,0,0,0,0,0,0,64,0.37500000000000006,0.9511897312113418,0.11889871640141772,0.1373998745613721,0.612600125438628,0,5,64,626.0468750000002,321.8922441058128,40.2365305132266,545.6405847850469,706.4531652149535,210,1600,64,0,0,0,0,0,0,0,64,0.8967352486529432,0.04801247758361706,0.006001559697952133,0.8847420885901669,0.9087284087157195,0.7619047619047619,0.9675,64,12.100017775989096,6.076076345757041,0.7595095432196302,10.582259063341906,13.617776488636286,4.2,30.76923076923077,64,1,0,0,1,1,1,1,64,0.1962890625,0.02837398060367313,0.003546747575459141,0.18920145302587288,0.20337667197412712,0.109375,0.25,13,0.203125,0.12273417819183653,0.3171363573101416,51,0,1,0
atlas,1,16,8,periodic,64,64,1,0,0,1,1,1,1,64,1,0,0,1,1,1,1,64,1,0,0,1,1,1,1,64,32,0,0,32,32,32,32,64,32,0,0,32,32,32,32,64,0,0,0,0,0,0,0,64,857.9375,304.71224390775893,38.08903048846987,781.8226461495824,934.0523538504176,405,1855,64,825.9375,304.71224390775893,38.08903048846987,749.8226461495824,902.0523538504176,373,1823,64,0.028382812499998532,0.011131316536565908,0.0013914145670707386,0.02560229235916714,0.031163332640829926,0.023799999999937427,0.11339999999995598,64,0,0,0,0,0,0,0,64,0,0,0,0,0,0,0,64,857.9375,304.71224390775893,38.08903048846987,781.8226461495824,934.0523538504176,405,1855,64,0,0,0,0,0,0,0,64,0.9582827145023044,0.013909725909425184,0.001738715738678148,0.954808168349785,0.9617572606548238,0.9209876543209876,0.9827493261455525,64,26.810546875,9.522257622117467,1.1902822027646833,24.43195769217445,29.18913605782555,12.65625,57.96875,64,1,0,0,1,1,1,1,64,0,0,0,0,0,0,0,0,0,0,0.05662405979280534,64,0,1,0
atlas,1,32,2,periodic,64,64,0.8641052246093751,0.009866202600899383,0.001233275325112423,0.8616407205271125,0.8665697286916377,0.841796875,0.892578125,64,1,0,0,1,1,1,1,64,1,0,0,1,1,1,1,64,442.42187500000006,5.051495731660484,0.6314369664575605,441.1600489098816,443.6837010901185,431,457,64,442.42187500000006,5.051495731660484,0.6314369664575605,441.1600489098816,443.6837010901185,431,457,64,0,0,0,0,0,0,0,64,5726.265625,1303.6218562897864,162.9527320362233,5400.630574057498,6051.900675942502,3885,9827,64,5283.843749999997,1304.3293991732376,163.0411748966547,4958.031960103798,5609.655539896196,3449,9385,64,0.1679625000000016,0.026651325944550438,0.0033314157430688047,0.16130519685663536,0.17461980314336784,0.14820000000008804,0.24339999999995143,64,0,0,0,0,0,0,0,64,19.656249999999996,4.765013865966933,0.5956267332458667,18.4659849507456,20.846515049254393,9,29,64,5726.265625,1303.6218562897864,162.9527320362233,5400.630574057498,6051.900675942502,3885,9827,64,0,0,0,0,0,0,0,64,0.9189491250386237,0.017399853601580827,0.0021749817001976033,0.9146027709278781,0.9232954791493693,0.8877734877734877,0.9550218784980157,64,12.949193009730207,2.9783095326075073,0.3722886915759384,12.205233423832013,13.693152595628401,8.910550458715596,22.233031674208146,64,1,0,0,1,1,1,1,64,0.135894775390625,0.00986620260089939,0.0012332753251124238,0.1334302713083624,0.1383592794728876,0.107421875,0.158203125,64,1,0.9433759402071946,1,0,0,1,0
atlas,1,32,3,periodic,64,64,0.8231048583984376,0.01072860453522355,0.0013410755669029438,0.8204249327225115,0.8257847840743637,0.802734375,0.84375,64,1,0,0,1,1,1,1,64,1,0,0,1,1,1,1,64,280.953125,3.6620303480229723,0.45775379350287154,280.03837703595053,281.86787296404947,274,288,64,280.953125,3.6620303480229723,0.45775379350287154,280.03837703595053,281.86787296404947,274,288,64,0,0,0,0,0,0,0,64,4693.015625000001,1110.200603811926,138.77507547649074,4415.6957653839545,4970.335484616047,3021,8675,64,4412.062499999998,1110.4037857735889,138.8004732216986,4134.691887040014,4689.433112959982,2734,8397,64,0.12518906249998804,0.027971210353337748,0.0034964012941672185,0.11820206204093173,0.13217606295904435,0.10940000000005057,0.2705000000000837,64,0,0,0,0,0,0,0,64,5.218749999999999,2.7340809082209714,0.3417601135276214,4.535796909321265,5.901703090678733,0,13,64,4693.015625000001,1110.200603811926,138.77507547649074,4415.6957653839545,4970.335484616047,3021,8675,64,0,0,0,0,0,0,0,64,0.9370478620853343,0.01387658725086941,0.0017345734063586762,0.9335815937234294,0.9405141304472392,0.9049983449189011,0.9679538904899135,64,16.709447839055347,3.9884186066399225,0.4985523258299903,15.71317051378127,17.705725164329422,10.526132404181185,31.205035971223023,64,1,0,0,1,1,1,1,64,0.17689514160156253,0.010728604535223561,0.0013410755669029451,0.1742152159256364,0.17957506727748865,0.15625,0.197265625,63,0.984375,0.9166589839990573,0.9972364580766624,1,0,1,0
atlas,1,32,4,periodic,64,64,0.8037109375000001,0.012927492822837843,0.0016159366028547304,0.8004817458723723,0.8069401291276279,0.77734375,0.828125,64,1,0,0,1,1,1,1,64,1,0,0,1,1,1,1,64,205.75000000000003,3.309438162646488,0.413679770330811,204.9233269433273,206.57667305667275,199,212,64,205.75000000000003,3.309438162646488,0.413679770330811,204.9233269433273,206.57667305667275,199,212,64,0,0,0,0,0,0,0,64,3707.7968749999995,1132.2823583531178,141.53529479413973,3424.961157215246,3990.632592784753,1854,7082,64,3502.0468749999995,1131.8134546737617,141.47668183422022,3219.3282858693706,3784.7654641306285,1646,6874,64,0.10750937499997093,0.021605604202099678,0.0027007005252624597,0.10211245564713192,0.11290629435280994,0.09420000000000073,0.21270000000004075,64,0,0,0,0,0,0,0,64,1.59375,1.64961515473463,0.20620189434182876,1.1816883945921468,2.005811605407853,0,7,64,3707.7968749999995,1132.2823583531178,141.53529479413973,3424.961157215246,3990.632592784753,1854,7082,64,0,0,0,0,0,0,0,64,0.9396540817918188,0.017273896058858203,0.0021592370073572754,0.9353391909391056,0.943968972644532,0.8878101402373247,0.970629765602937,64,18.013018341818867,5.471309450418467,0.6839136813023083,16.64632590488786,19.379710778749875,8.913461538461538,34.04807692307692,64,1,0,0,1,1,1,1,64,0.19628906249999994,0.012927492822837843,0.0016159366028547304,0.1930598708723721,0.19951825412762778,0.171875,0.22265625,43,0.671875,0.549991058490915,0.7742944209553081,21,0,1,0
atlas,1,32,8,periodic,64,64,0.7708740234374999,0.013993069306428858,0.0017491336633036073,0.7673786587238325,0.7743693881511673,0.75,0.8125,64,1,0,0,1,1,1,1,64,1,0,0,1,1,1,1,64,98.67187499999999,1.7911128712228939,0.22388910890286173,98.22446831665056,99.11928168334941,96,104,64,98.67187499999999,1.7911128712228939,0.22388910890286173,98.22446831665056,99.11928168334941,96,104,64,0,0,0,0,0,0,0,64,2391.4687500000005,1025.0453024251221,128.13066280314027,2135.420051780432,2647.517448219569,895,5483,64,2292.796875,1024.2405189334193,128.0300648666774,2036.949205715359,2548.6445442846407,799,5382,64,0.09075624999996276,0.02943771404062344,0.00367971425507793,0.08340292781914906,0.09810957218077647,0.07659999999987122,0.3083000000001448,64,0,0,0,0,0,0,0,64,0,0,0,0,0,0,0,64,2391.4687500000005,1025.0453024251221,128.13066280314027,2135.420051780432,2647.517448219569,895,5483,64,0,0,0,0,0,0,0,64,0.950647088654033,0.02163702379433049,0.002704627974291311,0.9452423209205709,0.9560518563874951,0.8927374301675978,0.9815794273208098,64,24.16086376785655,10.206819904469372,1.2758524880586715,21.611276014692958,26.710451521020143,9.322916666666666,54.28712871287129,64,1,0,0,1,1,1,1,64,0.22912597656249997,0.01399306930642886,0.0017491336633036075,0.22563061184883257,0.23262134127616738,0.1875,0.25,0,0,0,0.05662405979280534,64,0,1,0
atlas,10,16,2,periodic,64,64,0.8656005859375,0.016421872728684166,0.0020527340910855207,0.8614985241802694,0.8697026476947306,0.828125,0.8984375,64,1,0,0,1,1,1,1,64,1,0,0,1,1,1,1,64,110.796875,2.101999709271573,0.26274996365894665,110.27181109507448,111.32193890492552,106,115,64,110.796875,2.101999709271573,0.26274996365894665,110.27181109507448,111.32193890492552,106,115,64,0,0,0,0,0,0,0,64,1062.046875,283.1789736212604,35.39737170265755,991.3108720279032,1132.7828779720967,512,1826,64,951.2499999999998,282.8275597805641,35.353444972570514,880.6017775935363,1021.8982224064632,402,1713,64,0.05312343750000005,0.048805206403856244,0.0061006508004820305,0.04093225966963524,0.06531461533036487,0.034300000000001774,0.37460000000000093,64,0,0,0,0,0,0,0,64,4.296875,2.0211554726058174,0.2526444340757272,3.7920053845442676,4.801744615455732,1,9,64,1062.046875,283.1789736212604,35.39737170265755,991.3108720279032,1132.7828779720967,512,1826,64,0,0,0,0,0,0,0,64,0.8879053795346823,0.031756139082967975,0.003969517385370997,0.8799729320092545,0.8958378270601101,0.78515625,0.9381161007667032,64,9.580755589676608,2.519041856094767,0.3148802320118459,8.951517656009,10.209993523344215,4.654545454545454,16.15929203539823,64,1,0,0,1,1,1,1,64,0.13439941406250003,0.016421872728684162,0.0020527340910855203,0.13029735230526937,0.13850147581973069,0.1015625,0.171875,64,1,0.9433759402071946,1,0,0,1,0
atlas,10,16,3,periodic,64,64,0.82415771484375,0.02353538779894988,0.002941923474868735,0.8182787498909263,0.8300366797965737,0.78515625,0.87890625,64,1,0,0,1,1,1,1,64,1,0,0,1,1,1,1,64,70.32812500000001,2.008353092177057,0.25104413652213214,69.82645332402572,70.82979667597431,67,75,64,70.32812500000001,2.008353092177057,0.25104413652213214,69.82645332402572,70.82979667597431,67,75,64,0,0,0,0,0,0,0,64,854.3593750000001,315.3109006008171,39.41386257510214,775.5970554788329,933.1216945211673,389,1947,64,784.03125,315.0374615542407,39.379682694280085,705.337233520418,862.725266479582,319,1874,64,0.031178125000000275,0.011706740274608777,0.0014633425343260971,0.028253868286061398,0.03410238171393915,0.024599999999963984,0.08600000000001273,64,0,0,0,0,0,0,0,64,1.609375,1.3406606698736379,0.16758258373420473,1.274487928703563,1.944262071296437,0,6,64,854.3593750000001,315.3109006008171,39.41386257510214,775.5970554788329,933.1216945211673,389,1947,64,0,0,0,0,0,0,0,64,0.9076268487834364,0.030636708663609805,0.0038295885829512256,0.8999740266569504,0.9152796709099223,0.8200514138817481,0.9630225080385852,64,12.139799151534005,4.441097112097037,0.5551371390121296,11.030446099987097,13.249152203080913,5.557142857142857,27.043478260869566,64,1,0,0,1,1,1,1,64,0.17584228515625006,0.02353538779894988,0.002941923474868735,0.1699633202034264,0.18172125010907372,0.12109375,0.21484375,50,0.78125,0.6656721604337418,0.8649768059328052,14,0,1,0
atlas,10,16,4,periodic,64,64,0.8022460937499998,0.025850301347123645,0.0032312876683904556,0.7957888805977078,0.8087033069022918,0.75,0.875,64,1,0,0,1,1,1,1,64,1,0,0,1,1,1,1,64,51.343749999999986,1.6544192862159133,0.20680241077698916,50.9304883582533,51.75701164174667,48,56,64,51.343749999999986,1.6544192862159133,0.20680241077698916,50.9304883582533,51.75701164174667,48,56,64,0,0,0,0,0,0,0,64,677.9375,334.71641040861044,41.839551301076305,594.3278283541831,761.5471716458169,186,1791,64,626.59375,333.9165715949334,41.73957144936667,543.1838721452897,710.0036278547103,137,1735,64,0.025406250000004064,0.009741677359560915,0.0012177096699451143,0.0229728513975332,0.02783964860247493,0.02179999999998472,0.09850000000000136,64,0,0,0,0,0,0,0,64,0.359375,0.8795234550235188,0.10994043187793985,0.1396765777160739,0.5790734222839261,0,6,64,677.9375,334.71641040861044,41.839551301076305,594.3278283541831,761.5471716458169,186,1791,64,0,0,0,0,0,0,0,64,0.9040643450794174,0.049139630144512975,0.006142453768064122,0.8917896306841355,0.9163390594746992,0.7365591397849462,0.9687325516471245,64,13.118046352060347,6.289827772063433,0.7862284715079291,11.546894121761945,14.689198582358749,3.795918367346939,31.982142857142858,64,1,0,0,1,1,1,1,64,0.19775390625000003,0.02585030134712366,0.0032312876683904574,0.19129669309770808,0.20421111940229197,0.125,0.25,16,0.25,0.16014926530970577,0.36816276458669694,48,0,1,0
atlas,10,16,8,periodic,64,64,1,0,0,1,1,1,1,64,1,0,0,1,1,1,1,64,1,0,0,1,1,1,1,64,32,0,0,32,32,32,32,64,32,0,0,32,32,32,32,64,0,0,0,0,0,0,0,64,857.2343750000001,290.49715143195357,36.312143928994196,784.6703456008429,929.7984043991573,330,2097,64,825.2343750000001,290.49715143195357,36.312143928994196,752.6703456008429,897.7984043991573,298,2065,64,0.025003124999994242,0.00876274525278524,0.001095343156598155,0.02281425636219151,0.027191993637796973,0.022299999999972897,0.09120000000007167,64,0,0,0,0,0,0,0,64,0,0,0,0,0,0,0,64,857.2343750000001,290.49715143195357,36.312143928994196,784.6703456008429,929.7984043991573,330,2097,64,0,0,0,0,0,0,0,64,0.9584726294361647,0.014437196567722648,0.001804649570965331,0.954866325033462,0.9620789338388674,0.9030303030303031,0.9847401049117788,64,26.788574218750004,9.078035982248549,1.1347544977810686,24.52094830002634,29.056200137473667,10.3125,65.53125,64,1,0,0,1,1,1,1,64,0,0,0,0,0,0,0,0,0,0,0.05662405979280534,64,0,1,0
atlas,10,32,2,periodic,64,64,0.8639831542968754,0.008303687177360153,0.0010379608971700191,0.8619089549545094,0.8660573536392415,0.845703125,0.8828125,64,1,0,0,1,1,1,1,64,1,0,0,1,1,1,1,64,442.3593750000002,4.251487834808398,0.5314359793510498,441.2973849367088,443.42136506329166,433,452,64,442.3593750000002,4.251487834808398,0.5314359793510498,441.2973849367088,443.42136506329166,433,452,64,0,0,0,0,0,0,0,64,5618.921874999999,1126.2628792447538,140.78285990559422,5337.589778358633,5900.253971641365,3823,8446,64,5176.562500000001,1126.3693447504913,140.79616809381142,4895.203809066574,5457.921190933428,3382,8003,64,0.1444921875000045,0.025324066630270935,0.003165508328783867,0.13816642386890865,0.15081795113110036,0.125,0.22220000000004347,64,0,0,0,0,0,0,0,64,18.687499999999993,4.52813076820538,0.5660163460256725,17.556406588007448,19.818593411992538,11,34,64,5618.921874999999,1126.2628792447538,140.78285990559422,5337.589778358633,5900.253971641365,3823,8446,64,0,0,0,0,0,0,0,64,0.9181244271940248,0.016330197197296677,0.0020412746496620846,0.9140452653031852,0.9222035890848643,0.8846455663091812,0.9475491356855316,64,12.703842466944394,2.5569537996121627,0.31961922495152034,12.065134411554716,13.342550522334072,8.668934240362812,19.06546275395034,64,1,0,0,1,1,1,1,64,0.13601684570312494,0.008303687177360151,0.001037960897170019,0.1339426463607589,0.138091045045491,0.1171875,0.154296875,64,1,0.9433759402071946,1,0,0,1,0
atlas,10,32,3,periodic,64,64,0.8215484619140624,0.011445911081211277,0.0014307388851514096,0.8186893583941034,0.8244075654340214,0.796875,0.849609375,64,1,0,0,1,1,1,1,64,1,0,0,1,1,1,1,64,280.4218749999999,3.906870982386774,0.4883588727983468,279.4459676651872,281.3977823348126,272,290,64,280.4218749999999,3.906870982386774,0.4883588727983468,279.4459676651872,281.3977823348126,272,290,64,0,0,0,0,0,0,0,64,4645.640625000001,1390.5485085080236,173.81856356350295,4298.291942388336,4992.989307611666,2619,11104,64,4365.218750000003,1389.8740661091772,173.73425826364715,4018.038538086989,4712.398961913017,2343,10830,64,0.11050781250000342,0.029331062166877905,0.003666382770859738,0.1031811311645949,0.11783449383541195,0.09270000000014988,0.21229999999991378,64,0,0,0,0,0,0,0,64,6.031250000000001,3.427103687159127,0.4283879608948909,5.1751849698159536,6.887315030184048,0,17,64,4645.640625000001,1390.5485085080236,173.81856356350295,4298.291942388336,4992.989307611666,2619,11104,64,0,0,0,0,0,0,0,64,0.935233268499432,0.016195905044527205,0.0020244881305659006,0.9311876517902702,0.9392788852085938,0.8946162657502864,0.9753242074927954,64,16.55825973911728,4.961793621968115,0.6202242027460144,15.318840569317318,17.797678908917238,9.48913043478261,40.52554744525548,64,1,0,0,1,1,1,1,64,0.17845153808593747,0.011445911081211279,0.0014307388851514098,0.1755924345659785,0.18131064160589644,0.150390625,0.203125,62,0.96875,0.8930270822904169,0.9913878616538281,2,0,1,0
atlas,10,32,4,periodic,64,64,0.8045043945312498,0.011445425450357484,0.0014306781812946855,0.8016454123182688,0.8073633767442308,0.77734375,0.828125,64,1,0,0,1,1,1,1,64,1,0,0,1,1,1,1,64,205.95312499999994,2.930028915291516,0.3662536144114395,205.2212255534768,206.68502444652307,199,212,64,205.95312499999994,2.930028915291516,0.3662536144114395,205.2212255534768,206.68502444652307,199,212,64,0,0,0,0,0,0,0,64,4018.640624999999,1379.130072795344,172.391259099418,3674.1441827654357,4363.137067234562,1763,7764,64,3812.6875000000005,1378.9719874107277,172.37149842634096,3468.2305463195944,4157.1444536804065,1557,7560,64,0.13233593750003084,0.03678019811952647,0.004597524764940809,0.12314851736700651,0.14152335763305515,0.09100000000034925,0.3340000000002874,64,0,0,0,0,0,0,0,64,1.6874999999999998,1.9013362051671359,0.23766702564589198,1.212560347031499,2.1624396529685006,0,8,64,4018.640624999999,1379.130072795344,172.391259099418,3674.1441827654357,4363.137067234562,1763,7764,64,0,0,0,0,0,0,0,64,0.9430042016037791,0.018797710991358456,0.002349713873919807,0.9383086731062017,0.9476997301013564,0.8831537152580828,0.973724884080371,64,19.510987029096587,6.68702624030523,0.8358782800381538,17.840617573483843,21.18135648470933,8.558252427184467,38.05882352941177,64,1,0,0,1,1,1,1,64,0.19549560546875003,0.011445425450357528,0.001430678181294691,0.19263662325576902,0.19835458768173103,0.171875,0.22265625,42,0.65625,0.5340364020991819,0.7607685792155665,22,0,1,0
atlas,10,32,8,periodic,64,64,0.7707519531249998,0.011241415203060913,0.0014051769003826141,0.7679439311555516,0.773559975094448,0.75,0.8046875,64,1,0,0,1,1,1,1,64,1,0,0,1,1,1,1,64,98.65624999999997,1.4389011459917969,0.1798626432489746,98.2968231879106,99.01567681208934,96,103,64,98.65624999999997,1.4389011459917969,0.1798626432489746,98.2968231879106,99.01567681208934,96,103,64,0,0,0,0,0,0,0,64,2441.5781250000014,1199.0589670645961,149.88237088307451,2142.0621066552244,2741.0941433447783,788,5329,64,2342.9218749999986,1198.6273274000052,149.82841592500066,2043.5136770354106,2642.3300729645866,691,5231,64,0.08484687500003218,0.02545296295940333,0.0031816203699254163,0.07848891402390042,0.09120483597616395,0.07119999999986248,0.26710000000002765,64,0,0,0,0,0,0,0,64,0,0,0,0,0,0,0,64,2441.5781250000014,1199.0589670645961,149.88237088307451,2142.0621066552244,2741.0941433447783,788,5329,64,0,0,0,0,0,0,0,64,0.9486078268833512,0.02557929758534699,0.003197412198168374,0.942218308456601,0.9549973453101014,0.8769035532994924,0.981610058172265,64,24.701108933893373,12.09542092190409,1.5119276152380112,21.679762683006565,27.72245518478018,8.123711340206185,54.37755102040816,64,1,0,0,1,1,1,1,64,0.229248046875,0.011241415203060918,0.0014051769003826148,0.2264400249055518,0.2320560688444482,0.1953125,0.25,0,0,0,0.05662405979280534,64,0,1,0
atlas,11,16,2,periodic,64,64,0.8671874999999999,0.017607380306844094,0.0022009225383555118,0.8627893072606564,0.8715856927393434,0.8359375,0.9140625,64,1,0,0,1,1,1,1,64,1,0,0,1,1,1,1,64,110.99999999999999,2.253744679276044,0.2817180849095055,110.43703132936402,111.56296867063595,107,117,64,110.99999999999999,2.253744679276044,0.2817180849095055,110.43703132936402,111.56296867063595,107,117,64,0,0,0,0,0,0,0,64,1019.4375000000002,273.39261116802305,34.17407639600288,951.1460576346668,1087.7289423653338,609,1863,64,908.4375,273.406545073246,34.17581813415575,840.1425770487012,976.7324229512988,501,1753,64,0.047390625000000026,0.01733735043880942,0.0021671688048511776,0.043059883714779715,0.05172136628522034,0.039299999999997226,0.10890000000000555,64,0,0,0,0,0,0,0,64,4.390624999999998,2.1793925722840717,0.27242407153550896,3.8462289330920223,4.935021066907974,0,9,64,1019.4375000000002,273.39261116802305,34.17407639600288,951.1460576346668,1087.7289423653338,609,1863,64,0,0,0,0,0,0,0,64,0.8835930525075657,0.029756767536696156,0.0037195959420870195,0.8761600331346976,0.8910260718804338,0.8186195826645265,0.940955448201825,64,9.187775193596673,2.4818601171426815,0.3102325146428352,8.567824981977738,9.807725405215608,5.513274336283186,16.936363636363637,64,1,0,0,1,1,1,1,64,0.1328125,0.017607380306844094,0.0022009225383555118,0.12841430726065653,0.13721069273934347,0.0859375,0.1640625,62,0.96875,0.8930270822904169,0.9913878616538281,2,0,1,0
atlas,11,16,3,periodic,64,64,0.8239746093749998,0.02178663193782362,0.0027233289922279527,0.8185324706392085,0.829416748110791,0.7734375,0.87890625,64,1,0,0,1,1,1,1,64,1,0,0,1,1,1,1,64,70.31249999999997,1.859125925360948,0.2323907406701185,69.84810416121245,70.7768958387875,66,75,64,70.31249999999997,1.859125925360948,0.2323907406701185,69.84810416121245,70.7768958387875,66,75,64,0,0,0,0,0,0,0,64,901.671875,386.5600450160075,48.32000562700094,805.112048740734,998.231701259266,278,2643,64,831.359375,386.3375186587664,48.2921898323458,734.8551341709158,927.8636158290842,208,2573,64,0.03402187499999876,0.012603431993541418,0.0015754289991926772,0.030873631359049167,0.03717011864094835,0.02790000000004511,0.091700000000003,64,0,0,0,0,0,0,0,64,1.2343749999999996,1.3886408508676433,0.17358010635845542,0.8875028360888371,1.581247163911162,0,7,64,901.671875,386.5600450160075,48.32000562700094,805.112048740734,998.231701259266,278,2643,64,0,0,0,0,0,0,0,64,0.9096488858064055,0.03566141750120854,0.004457677187651068,0.9007409287568525,0.9185568428559584,0.7482014388489209,0.9735149451381007,64,12.814925671383946,5.482466935840495,0.6853083669800619,11.445446177519011,14.184405165248881,3.9714285714285715,37.75714285714286,64,1,0,0,1,1,1,1,64,0.17602539062499994,0.02178663193782362,0.0027233289922279527,0.1705832518892087,0.1814675293607912,0.12109375,0.2265625,40,0.625,0.502503786840045,0.7333401982117536,24,0,1,0
atlas,11,16,4,periodic,64,64,0.8037109375000001,0.028373980603673132,0.0035467475754591415,0.796623328025873,0.8107985469741272,0.75,0.890625,64,1,0,0,1,1,1,1,64,1,0,0,1,1,1,1,64,51.43750000000001,1.8159347586350805,0.22699184482938506,50.98389299365587,51.89110700634414,48,57,64,51.43750000000001,1.8159347586350805,0.22699184482938506,50.98389299365587,51.89110700634414,48,57,64,0,0,0,0,0,0,0,64,626.0468750000002,321.8922441058128,40.2365305132266,545.6405847850469,706.4531652149535,210,1600,64,574.609375,321.190227825189,40.14877847814863,494.3784432344317,654.8403067655684,160,1548,64,0.029681250000009207,0.012781570003164456,0.001597696250395557,0.02648850880821041,0.032873991191808005,0.023600000000101318,0.10259999999993852,64,0,0,0,0,0,0,0,64,0.37500000000000006,0.9511897312113418,0.11889871640141772,0.1373998745613721,0.612600125438628,0,5,64,626.0468750000002,321.8922441058128,40.2365305132266,545.6405847850469,706.4531652149535,210,1600,64,0,0,0,0,0,0,0,64,0.8967352486529432,0.04801247758361706,0.006001559697952133,0.8847420885901669,0.9087284087157195,0.7619047619047619,0.9675,64,12.100017775989096,6.076076345757041,0.7595095432196302,10.582259063341906,13.617776488636286,4.2,30.76923076923077,64,1,0,0,1,1,1,1,64,0.1962890625,0.02837398060367313,0.003546747575459141,0.18920145302587288,0.20337667197412712,0.109375,0.25,13,0.203125,0.12273417819183653,0.3171363573101416,51,0,1,0
atlas,11,16,8,periodic,64,64,1,0,0,1,1,1,1,64,1,0,0,1,1,1,1,64,1,0,0,1,1,1,1,64,32,0,0,32,32,32,32,64,32,0,0,32,32,32,32,64,0,0,0,0,0,0,0,64,857.9375,304.71224390775893,38.08903048846987,781.8226461495824,934.0523538504176,405,1855,64,825.9375,304.71224390775893,38.08903048846987,749.8226461495824,902.0523538504176,373,1823,64,0.024448437499998477,0.002101548347366113,0.0002626935434207641,0.02392348634192233,0.02497338865807462,0.02290000000004966,0.03319999999996526,64,0,0,0,0,0,0,0,64,0,0,0,0,0,0,0,64,857.9375,304.71224390775893,38.08903048846987,781.8226461495824,934.0523538504176,405,1855,64,0,0,0,0,0,0,0,64,0.9582827145023044,0.013909725909425184,0.001738715738678148,0.954808168349785,0.9617572606548238,0.9209876543209876,0.9827493261455525,64,26.810546875,9.522257622117467,1.1902822027646833,24.43195769217445,29.18913605782555,12.65625,57.96875,64,1,0,0,1,1,1,1,64,0,0,0,0,0,0,0,0,0,0,0.05662405979280534,64,0,1,0
atlas,11,32,2,periodic,64,64,0.8641052246093751,0.009866202600899383,0.001233275325112423,0.8616407205271125,0.8665697286916377,0.841796875,0.892578125,64,1,0,0,1,1,1,1,64,1,0,0,1,1,1,1,64,442.42187500000006,5.051495731660484,0.6314369664575605,441.1600489098816,443.6837010901185,431,457,64,442.42187500000006,5.051495731660484,0.6314369664575605,441.1600489098816,443.6837010901185,431,457,64,0,0,0,0,0,0,0,64,5726.265625,1303.6218562897864,162.9527320362233,5400.630574057498,6051.900675942502,3885,9827,64,5283.843749999997,1304.3293991732376,163.0411748966547,4958.031960103798,5609.655539896196,3449,9385,64,0.1667265625000081,0.03507067350902374,0.004383834188627968,0.15796616890918436,0.17548695609083187,0.14189999999996417,0.34199999999998454,64,0,0,0,0,0,0,0,64,19.656249999999996,4.765013865966933,0.5956267332458667,18.4659849507456,20.846515049254393,9,29,64,5726.265625,1303.6218562897864,162.9527320362233,5400.630574057498,6051.900675942502,3885,9827,64,0,0,0,0,0,0,0,64,0.9189491250386237,0.017399853601580827,0.0021749817001976033,0.9146027709278781,0.9232954791493693,0.8877734877734877,0.9550218784980157,64,12.949193009730207,2.9783095326075073,0.3722886915759384,12.205233423832013,13.693152595628401,8.910550458715596,22.233031674208146,64,1,0,0,1,1,1,1,64,0.135894775390625,0.00986620260089939,0.0012332753251124238,0.1334302713083624,0.1383592794728876,0.107421875,0.158203125,64,1,0.9433759402071946,1,0,0,1,0
atlas,11,32,3,periodic,64,64,0.8231048583984376,0.01072860453522355,0.0013410755669029438,0.8204249327225115,0.8257847840743637,0.802734375,0.84375,64,1,0,0,1,1,1,1,64,1,0,0,1,1,1,1,64,280.953125,3.6620303480229723,0.45775379350287154,280.03837703595053,281.86787296404947,274,288,64,280.953125,3.6620303480229723,0.45775379350287154,280.03837703595053,281.86787296404947,274,288,64,0,0,0,0,0,0,0,64,4693.015625000001,1110.200603811926,138.77507547649074,4415.6957653839545,4970.335484616047,3021,8675,64,4412.062499999998,1110.4037857735889,138.8004732216986,4134.691887040014,4689.433112959982,2734,8397,64,0.1226109374999851,0.03083795392503076,0.003854744240628845,0.11490784580288818,0.13031402919708202,0.10310000000004038,0.29340000000001965,64,0,0,0,0,0,0,0,64,5.218749999999999,2.7340809082209714,0.3417601135276214,4.535796909321265,5.901703090678733,0,13,64,4693.015625000001,1110.200603811926,138.77507547649074,4415.6957653839545,4970.335484616047,3021,8675,64,0,0,0,0,0,0,0,64,0.9370478620853343,0.01387658725086941,0.0017345734063586762,0.9335815937234294,0.9405141304472392,0.9049983449189011,0.9679538904899135,64,16.709447839055347,3.9884186066399225,0.4985523258299903,15.71317051378127,17.705725164329422,10.526132404181185,31.205035971223023,64,1,0,0,1,1,1,1,64,0.17689514160156253,0.010728604535223561,0.0013410755669029451,0.1742152159256364,0.17957506727748865,0.15625,0.197265625,63,0.984375,0.9166589839990573,0.9972364580766624,1,0,1,0
atlas,11,32,4,periodic,64,64,0.8037109375000001,0.012927492822837843,0.0016159366028547304,0.8004817458723723,0.8069401291276279,0.77734375,0.828125,64,1,0,0,1,1,1,1,64,1,0,0,1,1,1,1,64,205.75000000000003,3.309438162646488,0.413679770330811,204.9233269433273,206.57667305667275,199,212,64,205.75000000000003,3.309438162646488,0.413679770330811,204.9233269433273,206.57667305667275,199,212,64,0,0,0,0,0,0,0,64,3707.7968749999995,1132.2823583531178,141.53529479413973,3424.961157215246,3990.632592784753,1854,7082,64,3502.0468749999995,1131.8134546737617,141.47668183422022,3219.3282858693706,3784.7654641306285,1646,6874,64,0.10797656250002065,0.020648784446242654,0.0025810980557803317,0.10281864961093337,0.11313447538910792,0.09570000000030632,0.1972000000000662,64,0,0,0,0,0,0,0,64,1.59375,1.64961515473463,0.20620189434182876,1.1816883945921468,2.005811605407853,0,7,64,3707.7968749999995,1132.2823583531178,141.53529479413973,3424.961157215246,3990.632592784753,1854,7082,64,0,0,0,0,0,0,0,64,0.9396540817918188,0.017273896058858203,0.0021592370073572754,0.9353391909391056,0.943968972644532,0.8878101402373247,0.970629765602937,64,18.013018341818867,5.471309450418467,0.6839136813023083,16.64632590488786,19.379710778749875,8.913461538461538,34.04807692307692,64,1,0,0,1,1,1,1,64,0.19628906249999994,0.012927492822837843,0.0016159366028547304,0.1930598708723721,0.19951825412762778,0.171875,0.22265625,43,0.671875,0.549991058490915,0.7742944209553081,21,0,1,0
atlas,11,32,8,periodic,64,64,0.7708740234374999,0.013993069306428858,0.0017491336633036073,0.7673786587238325,0.7743693881511673,0.75,0.8125,64,1,0,0,1,1,1,1,64,1,0,0,1,1,1,1,64,98.67187499999999,1.7911128712228939,0.22388910890286173,98.22446831665056,99.11928168334941,96,104,64,98.67187499999999,1.7911128712228939,0.22388910890286173,98.22446831665056,99.11928168334941,96,104,64,0,0,0,0,0,0,0,64,2391.4687500000005,1025.0453024251221,128.13066280314027,2135.420051780432,2647.517448219569,895,5483,64,2292.796875,1024.2405189334193,128.0300648666774,2036.949205715359,2548.6445442846407,799,5382,64,0.10100312499999833,0.025816488940020203,0.0032270611175025253,0.09455435793570077,0.1074518920642959,0.07840000000032887,0.2561000000000604,64,0,0,0,0,0,0,0,64,0,0,0,0,0,0,0,64,2391.4687500000005,1025.0453024251221,128.13066280314027,2135.420051780432,2647.517448219569,895,5483,64,0,0,0,0,0,0,0,64,0.950647088654033,0.02163702379433049,0.002704627974291311,0.9452423209205709,0.9560518563874951,0.8927374301675978,0.9815794273208098,64,24.16086376785655,10.206819904469372,1.2758524880586715,21.611276014692958,26.710451521020143,9.322916666666666,54.28712871287129,64,1,0,0,1,1,1,1,64,0.22912597656249997,0.01399306930642886,0.0017491336633036075,0.22563061184883257,0.23262134127616738,0.1875,0.25,0,0,0,0.05662405979280534,64,0,1,0
atlas,12,16,2,periodic,64,64,0.8671874999999999,0.017607380306844094,0.0022009225383555118,0.8627893072606564,0.8715856927393434,0.8359375,0.9140625,64,1,0,0,1,1,1,1,64,1,0,0,1,1,1,1,64,110.99999999999999,2.253744679276044,0.2817180849095055,110.43703132936402,111.56296867063595,107,117,64,110.99999999999999,2.253744679276044,0.2817180849095055,110.43703132936402,111.56296867063595,107,117,64,0,0,0,0,0,0,0,64,1019.9374999999999,274.4322783435385,34.30403479294231,951.3863565012214,1088.4886434987784,612,1862,64,908.9375,274.45888320735503,34.30736040091938,840.3797108039724,977.4952891960276,505,1752,64,0.043287500000000374,0.017500362808031297,0.002187545351003912,0.038916039436486506,0.04765896056351424,0.03480000000000416,0.10960000000000036,64,0,0,0,0,0,0,0,64,4.390624999999998,2.1793925722840717,0.27242407153550896,3.8462289330920223,4.935021066907974,0,9,64,1019.9374999999999,274.4322783435385,34.30403479294231,951.3863565012214,1088.4886434987784,612,1862,64,0,0,0,0,0,0,0,64,0.883610020086232,0.029795068038128036,0.0037243835047660045,0.8761674335327626,0.8910526066397014,0.8206349206349206,0.9409237379162191,64,9.192561694054643,2.4920816208694228,0.31151020260867784,8.570058226772874,9.815065161336411,5.575221238938053,16.927272727272726,64,1,0,0,1,1,1,1,64,0.1328125,0.017607380306844094,0.0022009225383555118,0.12841430726065653,0.13721069273934347,0.0859375,0.1640625,62,0.96875,0.8930270822904169,0.9913878616538281,2,0,1,0
atlas,12,16,3,periodic,64,64,0.8239746093749998,0.02178663193782362,0.0027233289922279527,0.8185324706392085,0.829416748110791,0.7734375,0.87890625,64,1,0,0,1,1,1,1,64,1,0,0,1,1,1,1,64,70.31249999999997,1.859125925360948,0.2323907406701185,69.84810416121245,70.7768958387875,66,75,64,70.31249999999997,1.859125925360948,0.2323907406701185,69.84810416121245,70.7768958387875,66,75,64,0,0,0,0,0,0,0,64,902.2656249999998,386.02492896667985,48.25311612083498,805.8394667527745,998.6917832472251,281,2647,64,831.953125,385.80023738287474,48.22502967285934,735.5830930404597,928.3231569595403,211,2577,64,0.03317031250000025,0.015307013432349418,0.0019133766790436772,0.029346734309153587,0.03699389069084691,0.02580000000000382,0.0969000000000051,64,0,0,0,0,0,0,0,64,1.2343749999999996,1.3886408508676433,0.17358010635845542,0.8875028360888371,1.581247163911162,0,7,64,902.2656249999998,386.02492896667985,48.25311612083498,805.8394667527745,998.6917832472251,281,2647,64,0,0,0,0,0,0,0,64,0.9098507701647495,0.0352430238203424,0.0044053779775428,0.9010473247470977,0.9186542155824012,0.7508896797153025,0.9735549678881753,64,12.823242534708154,5.474170408091931,0.6842713010114914,11.455835451813481,14.190649617602826,4.014285714285714,37.81428571428572,64,1,0,0,1,1,1,1,64,0.17602539062499994,0.02178663193782362,0.0027233289922279527,0.1705832518892087,0.1814675293607912,0.12109375,0.2265625,40,0.625,0.502503786840045,0.7333401982117536,24,0,1,0
atlas,12,16,4,periodic,64,64,0.8037109375000001,0.028373980603673132,0.0035467475754591415,0.796623328025873,0.8107985469741272,0.75,0.890625,64,1,0,0,1,1,1,1,64,1,0,0,1,1,1,1,64,51.43750000000001,1.8159347586350805,0.22699184482938506,50.98389299365587,51.89110700634414,48,57,64,51.43750000000001,1.8159347586350805,0.22699184482938506,50.98389299365587,51.89110700634414,48,57,64,0,0,0,0,0,0,0,64,625.984375,321.86956306087717,40.233695382609646,545.5837503415019,706.3849996584981,213,1598,64,574.5468750000002,321.16750955915296,40.14593869489412,494.32161808844137,654.7721319115591,163,1546,64,0.024231249999996155,0.008399052762159919,0.0010498815952699899,0.02213322904332179,0.02632927095667052,0.020900000000096952,0.08929999999998017,64,0,0,0,0,0,0,0,64,0.37500000000000006,0.9511897312113418,0.11889871640141772,0.1373998745613721,0.612600125438628,0,5,64,625.984375,321.86956306087717,40.233695382609646,545.5837503415019,706.3849996584981,213,1598,64,0,0,0,0,0,0,0,64,0.8966088348841584,0.04823974775726881,0.006029968469658601,0.884558904421118,0.9086587653471989,0.7652582159624414,0.967459324155194,64,12.098770650267697,6.076537479816761,0.7595671849770951,10.580896749759622,13.616644550775773,4.26,30.73076923076923,64,1,0,0,1,1,1,1,64,0.1962890625,0.02837398060367313,0.003546747575459141,0.18920145302587288,0.20337667197412712,0.109375,0.25,13,0.203125,0.12273417819183653,0.3171363573101416,51,0,1,0
atlas,12,16,8,periodic,64,64,1,0,0,1,1,1,1,64,1,0,0,1,1,1,1,64,1,0,0,1,1,1,1,64,32,0,0,32,32,32,32,64,32,0,0,32,32,32,32,64,0,0,0,0,0,0,0,64,857.5624999999999,304.1362411397286,38.017030142466076,781.5915273600772,933.5334726399226,410,1855,64,825.5624999999999,304.1362411397286,38.017030142466076,749.5915273600772,901.5334726399226,378,1823,64,0.02618906249999142,0.01161575445196208,0.00145196930649526,0.023287533368326226,0.02909059163165661,0.021700000000009823,0.1067000000000462,64,0,0,0,0,0,0,0,64,0,0,0,0,0,0,0,64,857.5624999999999,304.1362411397286,38.017030142466076,781.5915273600772,933.5334726399226,410,1855,64,0,0,0,0,0,0,0,64,0.9582952494268604,0.013821648101093613,0.0017277060126367017,0.9548427044562516,0.9617477943974692,0.9219512195121952,0.9827493261455525,64,26.798828124999996,9.504257535616519,1.1880321919520649,24.424735230002412,29.17292101999758,12.8125,57.96875,64,1,0,0,1,1,1,1,64,0,0,0,0,0,0,0,0,0,0,0.05662405979280534,64,0,1,0
atlas,12,32,2,periodic,64,64,0.8641052246093751,0.009866202600899383,0.001233275325112423,0.8616407205271125,0.8665697286916377,0.841796875,0.892578125,64,1,0,0,1,1,1,1,64,1,0,0,1,1,1,1,64,442.42187500000006,5.051495731660484,0.6314369664575605,441.1600489098816,443.6837010901185,431,457,64,442.42187500000006,5.051495731660484,0.6314369664575605,441.1600489098816,443.6837010901185,431,457,64,0,0,0,0,0,0,0,64,5729.078125000001,1305.6916588863226,163.21145736079032,5402.926052752039,6055.230197247963,3867,9845,64,5286.65625,1306.4000726429815,163.3000090803727,4960.327221260687,5612.985278739313,3431,9403,64,0.16119218749999928,0.10339353439102912,0.01292419179887864,0.1353652510489861,0.18701912395101244,0.12659999999993943,0.9524000000000115,64,0,0,0,0,0,0,0,64,19.656249999999996,4.765013865966933,0.5956267332458667,18.4659849507456,20.846515049254393,9,29,64,5729.078125000001,1305.6916588863226,163.21145736079032,5402.926052752039,6055.230197247963,3867,9845,64,0,0,0,0,0,0,0,64,0.9189758389147019,0.017434619500804063,0.002179327437600508,0.914620800540717,0.9233308772886868,0.8872510990431859,0.9551041137633316,64,12.95556316302954,2.982922426962059,0.37286530337025736,12.210451310405462,13.700675015653617,8.869266055045872,22.273755656108598,64,1,0,0,1,1,1,1,64,0.135894775390625,0.00986620260089939,0.0012332753251124238,0.1334302713083624,0.1383592794728876,0.107421875,0.158203125,64,1,0.9433759402071946,1,0,0,1,0
atlas,12,32,3,periodic,64,64,0.8231048583984376,0.01072860453522355,0.0013410755669029438,0.8204249327225115,0.8257847840743637,0.802734375,0.84375,64,1,0,0,1,1,1,1,64,1,0,0,1,1,1,1,64,280.953125,3.6620303480229723,0.45775379350287154,280.03837703595053,281.86787296404947,274,288,64,280.953125,3.6620303480229723,0.45775379350287154,280.03837703595053,281.86787296404947,274,288,64,0,0,0,0,0,0,0,64,4692.796875,1110.5044353546998,138.81305441933748,4415.401120522701,4970.192629477299,3021,8660,64,4411.843749999999,1110.704941585255,138.83811769815688,4134.397910556507,4689.289589443491,2734,8382,64,0.14651562500000284,0.0637794643239079,0.007972433040488487,0.13058398883266287,0.16244726116734282,0.09699999999997999,0.35590000000001965,64,0,0,0,0,0,0,0,64,5.218749999999999,2.7340809082209714,0.3417601135276214,4.535796909321265,5.901703090678733,0,13,64,4692.796875,1110.5044353546998,138.81305441933748,4415.401120522701,4970.192629477299,3021,8660,64,0,0,0,0,0,0,0,64,0.9370415305304018,0.01388693509512154,0.0017358668868901926,0.9335726773539099,0.9405103837068938,0.9049983449189011,0.9678983833718244,64,16.708632348432634,3.989334511530151,0.4986668139412689,15.712126236924153,17.705138459941114,10.526132404181185,31.151079136690647,64,1,0,0,1,1,1,1,64,0.17689514160156253,0.010728604535223561,0.0013410755669029451,0.1742152159256364,0.17957506727748865,0.15625,0.197265625,63,0.984375,0.9166589839990573,0.9972364580766624,1,0,1,0
atlas,12,32,4,periodic,64,64,0.8037109375000001,0.012927492822837843,0.0016159366028547304,0.8004817458723723,0.8069401291276279,0.77734375,0.828125,64,1,0,0,1,1,1,1,64,1,0,0,1,1,1,1,64,205.75000000000003,3.309438162646488,0.413679770330811,204.9233269433273,206.57667305667275,199,212,64,205.75000000000003,3.309438162646488,0.413679770330811,204.9233269433273,206.57667305667275,199,212,64,0,0,0,0,0,0,0,64,3707.078124999999,1131.3176655856967,141.41470819821208,3424.4833802987728,3989.6728697012254,1844,7085,64,3501.328125,1130.8507831715037,141.35634789643797,3218.8500040558824,3783.8062459441176,1636,6877,64,0.09818906250000481,0.022017620052120785,0.002752202506515098,0.0926892246500085,0.10368890035000111,0.08230000000003201,0.209400000000187,64,0,0,0,0,0,0,0,64,1.59375,1.64961515473463,0.20620189434182876,1.1816883945921468,2.005811605407853,0,7,64,3707.078124999999,1131.3176655856967,141.41470819821208,3424.4833802987728,3989.6728697012254,1844,7085,64,0,0,0,0,0,0,0,64,0.9396525214406479,0.01725577422007858,0.0021569717775098223,0.9353421572885771,0.9439628855927188,0.8872017353579176,0.9706422018348624,64,18.00958732479858,5.466969110014899,0.6833711387518624,16.64397907264217,19.37519557695499,8.865384615384615,34.0625,64,1,0,0,1,1,1,1,64,0.19628906249999994,0.012927492822837843,0.0016159366028547304,0.1930598708723721,0.19951825412762778,0.171875,0.22265625,43,0.671875,0.549991058490915,0.7742944209553081,21,0,1,0
atlas,12,32,8,periodic,64,64,0.7708740234374999,0.013993069306428858,0.0017491336633036073,0.7673786587238325,0.7743693881511673,0.75,0.8125,64,1,0,0,1,1,1,1,64,1,0,0,1,1,1,1,64,98.67187499999999,1.7911128712228939,0.22388910890286173,98.22446831665056,99.11928168334941,96,104,64,98.67187499999999,1.7911128712228939,0.22388910890286173,98.22446831665056,99.11928168334941,96,104,64,0,0,0,0,0,0,0,64,2390.0156250000005,1024.7743923945113,128.09679904931392,2134.034598092625,2645.996651907376,894,5481,64,2291.343750000001,1023.9705665839027,127.99632082298784,2035.5635128059334,2547.1239871940684,798,5380,64,0.09974531250000496,0.027428561927750113,0.003428570240968764,0.09289386158459699,0.10659676341541292,0.07429999999976644,0.27759999999989304,64,0,0,0,0,0,0,0,64,0,0,0,0,0,0,0,64,2390.0156250000005,1024.7743923945113,128.09679904931392,2134.034598092625,2645.996651907376,894,5481,64,0,0,0,0,0,0,0,64,0.950629463350797,0.021580374211019646,0.0026975467763774557,0.9452388462622159,0.9560200804393781,0.8926174496644296,0.9815727057106367,64,24.146251682345905,10.204319528489904,1.275539941061238,21.597288504518726,26.695214860173085,9.3125,54.26732673267327,64,1,0,0,1,1,1,1,64,0.22912597656249997,0.01399306930642886,0.0017491336633036075,0.22563061184883257,0.23262134127616738,0.1875,0.25,0,0,0,0.05662405979280534,64,0,1,0
atlas,13,16,2,periodic,64,64,0.8692626953125001,0.016366471257105518,0.0020458089071381897,0.8651744724311158,0.8733509181938844,0.8359375,0.90625,64,1,0,0,1,1,1,1,64,1,0,0,1,1,1,1,64,111.26562500000001,2.0949083209095063,0.2618635401136883,110.74233247118282,111.78891752881721,107,116,64,111.26562500000001,2.0949083209095063,0.2618635401136883,110.74233247118282,111.78891752881721,107,116,64,0,0,0,0,0,0,0,64,1053.8749999999998,359.62562103052016,44.95320262881502,964.0431926706891,1143.7068073293105,503,2079,64,942.6093750000002,359.6956657706711,44.96195822133389,852.7600710151853,1032.4586789848152,395,1969,64,0.041239062499999875,0.01459228560257594,0.0018240357003219926,0.03759401800904124,0.04488410699095851,0.03350000000000364,0.0929000000000002,64,0,0,0,0,0,0,0,64,4.140625,2.3895751598232784,0.2986968949779098,3.543726884840585,4.737523115159415,0,9,64,1053.8749999999998,359.62562103052016,44.95320262881502,964.0431926706891,1143.7068073293105,503,2079,64,0,0,0,0,0,0,0,64,0.8832754736444011,0.035638344970242535,0.004454793121280317,0.8743732799416041,0.8921776673471981,0.7852882703777336,0.9470899470899471,64,9.476797436846901,3.2578455091406933,0.40723068864258666,8.663011841573782,10.29058303212002,4.657407407407407,18.9,64,1,0,0,1,1,1,1,64,0.1307373046875,0.01636647125710549,0.0020458089071381863,0.12664908180611573,0.13482552756888427,0.09375,0.1640625,63,0.984375,0.9166589839990573,0.9972364580766624,1,0,1,0
atlas,13,16,3,periodic,64,64,0.8223266601562503,0.022541918987953515,0.0028177398734941894,0.8166958563287696,0.827957463983731,0.7734375,0.87890625,64,1,0,0,1,1,1,1,64,1,0,0,1,1,1,1,64,70.17187500000003,1.923577086972032,0.240447135871504,69.69137974005501,70.65237025994504,66,75,64,70.17187500000003,1.923577086972032,0.240447135871504,69.69137974005501,70.65237025994504,66,75,64,0,0,0,0,0,0,0,64,818.9531249999999,278.92466011779135,34.86558251472392,749.2798179222251,888.6264320777747,372,1585,64,748.78125,278.75610712934116,34.844513391167645,679.150046206023,818.412453793977,304,1510,64,0.034292187500001084,0.015927427722929547,0.0019909284653661934,0.030313634430401235,0.03827074056960093,0.02600000000001046,0.11870000000004666,64,0,0,0,0,0,0,0,64,1.453125,1.5319837487222923,0.19149796859028653,1.0704468455556684,1.8358031544443316,0,6,64,818.9531249999999,278.92466011779135,34.86558251472392,749.2798179222251,888.6264320777747,372,1585,64,0,0,0,0,0,0,0,64,0.90389393717928,0.03352833810174467,0.004191042262718084,0.8955188075102727,0.9122690668482873,0.8172043010752689,0.9550858652575958,64,11.670452100367978,3.954043111743571,0.49425538896794635,10.682761518233976,12.65814268250198,5.470588235294118,22.264705882352942,64,1,0,0,1,1,1,1,64,0.17767333984375,0.022541918987953498,0.0028177398734941872,0.17204253601626932,0.18330414367123068,0.12109375,0.2265625,41,0.640625,0.518208506097791,0.7471159770854825,23,0,1,0
atlas,13,16,4,periodic,64,64,0.8027343749999999,0.027909225198677164,0.0034886531498346455,0.7957628579718926,0.8097058920281072,0.75,0.859375,64,1,0,0,1,1,1,1,64,1,0,0,1,1,1,1,64,51.37499999999999,1.7861904127153385,0.22327380158941731,50.92882291020113,51.82117708979886,48,55,64,51.37499999999999,1.7861904127153385,0.22327380158941731,50.92882291020113,51.82117708979886,48,55,64,0,0,0,0,0,0,0,64,682.5937500000001,288.87717600644794,36.10964700080599,610.4343784221772,754.753121577823,226,1467,64,631.2187500000001,288.16906792081136,36.02113349010142,559.2362585591791,703.2012414408211,177,1414,64,0.024478125000008785,0.008277095356439501,0.0010346369195549376,0.02241056809687339,0.02654568190314418,0.02060000000005857,0.08619999999996253,64,0,0,0,0,0,0,0,64,0.3125,0.7532996199788751,0.09416245249735938,0.12433135359134401,0.500668646408656,0,4,64,682.5937500000001,288.87717600644794,36.10964700080599,610.4343784221772,754.753121577823,226,1467,64,0,0,0,0,0,0,0,64,0.9097492590654264,0.04040691865689884,0.005050864832112355,0.899655911096624,0.9198426070342287,0.7831858407079646,0.9638718473074301,64,13.224603576309244,5.4706470712861055,0.6838308839107632,11.858076596762576,14.591130555855912,4.612244897959184,27.67924528301887,64,1,0,0,1,1,1,1,64,0.19726562500000008,0.027909225198677154,0.0034886531498346442,0.19029410797189286,0.2042371420281073,0.140625,0.25,13,0.203125,0.12273417819183653,0.3171363573101416,51,0,1,0
atlas,13,16,8,periodic,64,64,1,0,0,1,1,1,1,64,1,0,0,1,1,1,1,64,1,0,0,1,1,1,1,64,32,0,0,32,32,32,32,64,32,0,0,32,32,32,32,64,0,0,0,0,0,0,0,64,808.4375,255.05068746153805,31.881335932692256,744.7277338559779,872.1472661440221,372,1467,64,776.4375,255.05068746153805,31.881335932692256,712.7277338559779,840.1472661440221,340,1435,64,0.028590624999999644,0.015406324394522438,0.0019257905493153048,0.024742239668899595,0.032439010331099694,0.023199999999974352,0.14580000000000837,64,0,0,0,0,0,0,0,64,0,0,0,0,0,0,0,64,808.4375,255.05068746153805,31.881335932692256,744.7277338559779,872.1472661440221,372,1467,64,0,0,0,0,0,0,0,64,0.9562592336835744,0.014585703221915677,0.0018232129027394596,0.9526158334223832,0.9599026339447655,0.9139784946236559,0.978186775732788,64,25.263671875,7.970333983173064,0.996291747896633,23.27274168299931,27.25460206700069,11.625,45.84375,64,1,0,0,1,1,1,1,64,0,0,0,0,0,0,0,0,0,0,0.05662405979280534,64,0,1,0
atlas,13,32,2,periodic,64,64,0.865875244140625,0.008154222618412482,0.0010192778273015602,0.8638383799342358,0.8679121083470142,0.84375,0.884765625,64,1,0,0,1,1,1,1,64,1,0,0,1,1,1,1,64,443.328125,4.174961980627191,0.5218702475783988,442.28525052632875,444.37099947367125,432,453,64,443.328125,4.174961980627191,0.5218702475783988,442.28525052632875,444.37099947367125,432,453,64,0,0,0,0,0,0,0,64,5640.687499999999,1180.560182810726,147.57002285134075,5345.792340475454,5935.582659524544,3768,9562,64,5197.359375000001,1180.8706415074457,147.60883018843072,4902.386665200402,5492.3320847996,3329,9120,64,0.14715937499999748,0.02790782287065652,0.003488477858832065,0.14018820826300746,0.1541305417369875,0.12510000000008858,0.24709999999993215,64,0,0,0,0,0,0,0,64,17.749999999999993,4.63252819314869,0.5790660241435862,16.592828887157573,18.907171112842413,10,30,64,5640.687499999999,1180.560182810726,147.57002285134075,5345.792340475454,5935.582659524544,3768,9562,64,0,0,0,0,0,0,0,64,0.9183773107255688,0.01518928932141446,0.0018986611651768074,0.9145831391426864,0.9221714823084513,0.8834925690021231,0.9537753608031793,64,12.726385033991322,2.6829430477239486,0.3353678809654936,12.05620580079871,13.396564267183935,8.583143507972665,21.63348416289593,64,1,0,0,1,1,1,1,64,0.13412475585937503,0.008154222618412489,0.001019277827301561,0.13208789165298587,0.13616162006576418,0.115234375,0.15625,64,1,0.9433759402071946,1,0,0,1,0
atlas,13,32,3,periodic,64,64,0.8250274658203123,0.010654537752152611,0.0013318172190190764,0.8223660414763192,0.8276888901643054,0.802734375,0.84375,64,1,0,0,1,1,1,1,64,1,0,0,1,1,1,1,64,281.60937499999994,3.636748886068087,0.4545936107585109,280.7009421572503,282.51780784274956,274,288,64,281.60937499999994,3.636748886068087,0.4545936107585109,280.7009421572503,282.51780784274956,274,288,64,0,0,0,0,0,0,0,64,4693.124999999999,1270.911540138472,158.863942517309,4375.660742922977,5010.589257077021,2519,9370,64,4411.515625,1271.4810136238577,158.93512670298222,4093.909117678761,4729.122132321239,2239,9088,64,0.1159734374999957,0.029794988617652507,0.0037243735772065634,0.10853087078517085,0.12341600421482055,0.09230000000002292,0.279700000000048,64,0,0,0,0,0,0,0,64,5.265625000000002,2.790244840482868,0.3487806050603585,4.568642576462975,5.962607423537029,0,13,64,4693.124999999999,1270.911540138472,158.863942517309,4375.660742922977,5010.589257077021,2519,9370,64,0,0,0,0,0,0,0,64,0.9359606620276654,0.016111298280231015,0.002013912285028877,0.9319361794594115,0.9399851445959192,0.888844779674474,0.9699039487726787,64,16.677098923840962,4.558749707106621,0.5698437133883276,15.538357128476502,17.815840719205422,8.996428571428572,33.226950354609926,64,1,0,0,1,1,1,1,64,0.17497253417968758,0.01065453775215259,0.0013318172190190738,0.17231110983569456,0.1776339585236806,0.15625,0.197265625,63,0.984375,0.9166589839990573,0.9972364580766624,1,0,1,0
atlas,13,32,4,periodic,64,64,0.8055419921875001,0.010497010420297158,0.0013121263025371447,0.8029199170002324,0.8081640673747679,0.78125,0.83203125,64,1,0,0,1,1,1,1,64,1,0,0,1,1,1,1,64,206.21875000000003,2.6872346675960723,0.33590433344950904,205.54749875205948,206.89000124794057,200,213,64,206.21875000000003,2.6872346675960723,0.33590433344950904,205.54749875205948,206.89000124794057,200,213,64,0,0,0,0,0,0,0,64,3920.5624999999995,1312.3064135391069,164.03830169238836,3592.7581112018524,4248.366888798147,2255,10945,64,3714.343749999999,1312.6076822795776,164.0759602849472,3386.4641065095675,4042.2233934904307,2048,10743,64,0.09383749999999935,0.014573105256785759,0.0018216381570982198,0.09019724661686722,0.09747775338313149,0.08410000000003492,0.16829999999981737,64,0,0,0,0,0,0,0,64,1.3750000000000002,1.3032316365146674,0.16290395456433343,1.0494624230571372,1.7005375769428632,0,6,64,3920.5624999999995,1312.3064135391069,164.03830169238836,3592.7581112018524,4248.366888798147,2255,10945,64,0,0,0,0,0,0,0,64,0.9431856402377273,0.01442937507195245,0.0018036718839940563,0.9395812895865373,0.9467899908889174,0.9075921908893709,0.9815440840566468,64,19.023813024238358,6.46174426444233,0.8077180330552912,17.409717331858868,20.637908716617847,10.821596244131456,54.18316831683168,64,1,0,0,1,1,1,1,64,0.1944580078125,0.01049701042029715,0.0013121263025371438,0.1918359326252322,0.1970800829997678,0.16796875,0.21875,47,0.734375,0.6151712627143486,0.8270362092577739,17,0,1,0
atlas,13,32,8,periodic,64,64,0.770751953125,0.010801911670066854,0.0013502389587583567,0.7680537158716222,0.7734501903783778,0.75,0.8046875,64,1,0,0,1,1,1,1,64,1,0,0,1,1,1,1,64,98.65625,1.3826446937685573,0.17283058672106966,98.31087563156764,99.00162436843236,96,103,64,98.65625,1.3826446937685573,0.17283058672106966,98.31087563156764,99.00162436843236,96,103,64,0,0,0,0,0,0,0,64,2424.765625000001,1309.7221532827498,163.71526916034372,2097.6067652071915,2751.9244847928103,767,6271,64,2326.1093750000005,1309.2560000097415,163.65700000121768,1999.0669568302515,2653.1517931697495,670,6172,64,0.0828484374999974,0.026399651225399893,0.0032999564031749866,0.07625400083098192,0.08944287416901288,0.07119999999986248,0.28090000000020154,64,0,0,0,0,0,0,0,64,0,0,0,0,0,0,0,64,2424.765625000001,1309.7221532827498,163.71526916034372,2097.6067652071915,2751.9244847928103,767,6271,64,0,0,0,0,0,0,0,64,0.948596971864106,0.02331453094828146,0.0029143163685351825,0.9427731753111304,0.9544207684170816,0.8735332464146024,0.9842130441715835,64,24.52063667477747,13.127442652700344,1.640930331587543,21.24149906571409,27.79977428384085,7.907216494845361,63.343434343434346,64,1,0,0,1,1,1,1,64,0.229248046875,0.010801911670066859,0.0013502389587583573,0.2265498096216222,0.2319462841283778,0.1953125,0.25,0,0,0,0.05662405979280534,64,0,1,0
atlas,14,16,2,periodic,64,64,0.8671874999999999,0.017607380306844094,0.0022009225383555118,0.8627893072606564,0.8715856927393434,0.8359375,0.9140625,64,1,0,0,1,1,1,1,64,1,0,0,1,1,1,1,64,110.99999999999999,2.253744679276044,0.2817180849095055,110.43703132936402,111.56296867063595,107,117,64,110.99999999999999,2.253744679276044,0.2817180849095055,110.43703132936402,111.56296867063595,107,117,64,0,0,0,0,0,0,0,64,1019.9374999999999,274.4322783435385,34.30403479294231,951.3863565012214,1088.4886434987784,612,1862,64,908.9375,274.45888320735503,34.30736040091938,840.3797108039724,977.4952891960276,505,1752,64,0.042935937499999806,0.015839466152495117,0.0019799332690618896,0.038979356576947816,0.046892518423051796,0.033699999999996066,0.10099999999999909,64,0,0,0,0,0,0,0,64,4.390624999999998,2.1793925722840717,0.27242407153550896,3.8462289330920223,4.935021066907974,0,9,64,1019.9374999999999,274.4322783435385,34.30403479294231,951.3863565012214,1088.4886434987784,612,1862,64,0,0,0,0,0,0,0,64,0.883610020086232,0.029795068038128036,0.0037243835047660045,0.8761674335327626,0.8910526066397014,0.8206349206349206,0.9409237379162191,64,9.192561694054643,2.4920816208694228,0.31151020260867784,8.570058226772874,9.815065161336411,5.575221238938053,16.927272727272726,64,1,0,0,1,1,1,1,64,0.1328125,0.017607380306844094,0.0022009225383555118,0.12841430726065653,0.13721069273934347,0.0859375,0.1640625,62,0.96875,0.8930270822904169,0.9913878616538281,2,0,1,0
atlas,14,16,3,periodic,64,64,0.8239746093749998,0.02178663193782362,0.0027233289922279527,0.8185324706392085,0.829416748110791,0.7734375,0.87890625,64,1,0,0,1,1,1,1,64,1,0,0,1,1,1,1,64,70.31249999999997,1.859125925360948,0.2323907406701185,69.84810416121245,70.7768958387875,66,75,64,70.31249999999997,1.859125925360948,0.2323907406701185,69.84810416121245,70.7768958387875,66,75,64,0,0,0,0,0,0,0,64,902.2656249999998,386.02492896667985,48.25311612083498,805.8394667527745,998.6917832472251,281,2647,64,831.953125,385.80023738287474,48.22502967285934,735.5830930404597,928.3231569595403,211,2577,64,0.03177343750000005,0.011902623989579437,0.0014878279986974296,0.02880025048990549,0.03474662451009461,0.02630000000004884,0.09080000000000155,64,0,0,0,0,0,0,0,64,1.2343749999999996,1.3886408508676433,0.17358010635845542,0.8875028360888371,1.581247163911162,0,7,64,902.2656249999998,386.02492896667985,48.25311612083498,805.8394667527745,998.6917832472251,281,2647,64,0,0,0,0,0,0,0,64,0.9098507701647495,0.0352430238203424,0.0044053779775428,0.9010473247470977,0.9186542155824012,0.7508896797153025,0.9735549678881753,64,12.823242534708154,5.474170408091931,0.6842713010114914,11.455835451813481,14.190649617602826,4.014285714285714,37.81428571428572,64,1,0,0,1,1,1,1,64,0.17602539062499994,0.02178663193782362,0.0027233289922279527,0.1705832518892087,0.1814675293607912,0.12109375,0.2265625,40,0.625,0.502503786840045,0.7333401982117536,24,0,1,0
atlas,14,16,4,periodic,64,64,0.8037109375000001,0.028373980603673132,0.0035467475754591415,0.796623328025873,0.8107985469741272,0.75,0.890625,64,1,0,0,1,1,1,1,64,1,0,0,1,1,1,1,64,51.43750000000001,1.8159347586350805,0.22699184482938506,50.98389299365587,51.89110700634414,48,57,64,51.43750000000001,1.8159347586350805,0.22699184482938506,50.98389299365587,51.89110700634414,48,57,64,0,0,0,0,0,0,0,64,625.984375,321.86956306087717,40.233695382609646,545.5837503415019,706.3849996584981,213,1598,64,574.5468750000002,321.16750955915296,40.14593869489412,494.32161808844137,654.7721319115591,163,1546,64,0.024707812499995537,0.00866918103979716,0.001083647629974645,0.022542315507210697,0.026873309492780377,0.020999999999958163,0.09149999999999636,64,0,0,0,0,0,0,0,64,0.37500000000000006,0.9511897312113418,0.11889871640141772,0.1373998745613721,0.612600125438628,0,5,64,625.984375,321.86956306087717,40.233695382609646,545.5837503415019,706.3849996584981,213,1598,64,0,0,0,0,0,0,0,64,0.8966088348841584,0.04823974775726881,0.006029968469658601,0.884558904421118,0.9086587653471989,0.7652582159624414,0.967459324155194,64,12.098770650267697,6.076537479816761,0.7595671849770951,10.580896749759622,13.616644550775773,4.26,30.73076923076923,64,1,0,0,1,1,1,1,64,0.1962890625,0.02837398060367313,0.003546747575459141,0.18920145302587288,0.20337667197412712,0.109375,0.25,13,0.203125,0.12273417819183653,0.3171363573101416,51,0,1,0
atlas,14,16,8,periodic,64,64,1,0,0,1,1,1,1,64,1,0,0,1,1,1,1,64,1,0,0,1,1,1,1,64,32,0,0,32,32,32,32,64,32,0,0,32,32,32,32,64,0,0,0,0,0,0,0,64,857.5624999999999,304.1362411397286,38.017030142466076,781.5915273600772,933.5334726399226,410,1855,64,825.5624999999999,304.1362411397286,38.017030142466076,749.5915273600772,901.5334726399226,378,1823,64,0.025706250000013142,0.008135945618741735,0.001016993202342717,0.023673951252303697,0.027738548747722587,0.023300000000062937,0.0887000000000171,64,0,0,0,0,0,0,0,64,0,0,0,0,0,0,0,64,857.5624999999999,304.1362411397286,38.017030142466076,781.5915273600772,933.5334726399226,410,1855,64,0,0,0,0,0,0,0,64,0.9582952494268604,0.013821648101093613,0.0017277060126367017,0.9548427044562516,0.9617477943974692,0.9219512195121952,0.9827493261455525,64,26.798828124999996,9.504257535616519,1.1880321919520649,24.424735230002412,29.17292101999758,12.8125,57.96875,64,1,0,0,1,1,1,1,64,0,0,0,0,0,0,0,0,0,0,0.05662405979280534,64,0,1,0
atlas,14,32,2,periodic,64,64,0.8641052246093751,0.009866202600899383,0.001233275325112423,0.8616407205271125,0.8665697286916377,0.841796875,0.892578125,64,1,0,0,1,1,1,1,64,1,0,0,1,1,1,1,64,442.42187500000006,5.051495731660484,0.6314369664575605,441.1600489098816,443.6837010901185,431,457,64,442.42187500000006,5.051495731660484,0.6314369664575605,441.1600489098816,443.6837010901185,431,457,64,0,0,0,0,0,0,0,64,5729.078125000001,1305.6916588863226,163.21145736079032,5402.926052752039,6055.230197247963,3867,9845,64,5286.65625,1306.4000726429815,163.3000090803727,4960.327221260687,5612.985278739313,3431,9403,64,0.1447281249999986,0.02129599760257706,0.0026619997003221327,0.13940854307466682,0.15004770692533037,0.12599999999997635,0.2075999999999567,64,0,0,0,0,0,0,0,64,19.656249999999996,4.765013865966933,0.5956267332458667,18.4659849507456,20.846515049254393,9,29,64,5729.078125000001,1305.6916588863226,163.21145736079032,5402.926052752039,6055.230197247963,3867,9845,64,0,0,0,0,0,0,0,64,0.9189758389147019,0.017434619500804063,0.002179327437600508,0.914620800540717,0.9233308772886868,0.8872510990431859,0.9551041137633316,64,12.95556316302954,2.982922426962059,0.37286530337025736,12.210451310405462,13.700675015653617,8.869266055045872,22.273755656108598,64,1,0,0,1,1,1,1,64,0.135894775390625,0.00986620260089939,0.0012332753251124238,0.1334302713083624,0.1383592794728876,0.107421875,0.158203125,64,1,0.9433759402071946,1,0,0,1,0
atlas,14,32,3,periodic,64,64,0.8231048583984376,0.01072860453522355,0.0013410755669029438,0.8204249327225115,0.8257847840743637,0.802734375,0.84375,64,1,0,0,1,1,1,1,64,1,0,0,1,1,1,1,64,280.953125,3.6620303480229723,0.45775379350287154,280.03837703595053,281.86787296404947,274,288,64,280.953125,3.6620303480229723,0.45775379350287154,280.03837703595053,281.86787296404947,274,288,64,0,0,0,0,0,0,0,64,4692.796875,1110.5044353546998,138.81305441933748,4415.401120522701,4970.192629477299,3021,8660,64,4411.843749999999,1110.704941585255,138.83811769815688,4134.397910556507,4689.289589443491,2734,8382,64,0.13620468750000114,0.04839632161573516,0.006049540201966895,0.12411564605080162,0.14829372894920065,0.10030000000006112,0.32009999999991123,64,0,0,0,0,0,0,0,64,5.218749999999999,2.7340809082209714,0.3417601135276214,4.535796909321265,5.901703090678733,0,13,64,4692.796875,1110.5044353546998,138.81305441933748,4415.401120522701,4970.192629477299,3021,8660,64,0,0,0,0,0,0,0,64,0.9370415305304018,0.01388693509512154,0.0017358668868901926,0.9335726773539099,0.9405103837068938,0.9049983449189011,0.9678983833718244,64,16.708632348432634,3.989334511530151,0.4986668139412689,15.712126236924153,17.705138459941114,10.526132404181185,31.151079136690647,64,1,0,0,1,1,1,1,64,0.17689514160156253,0.010728604535223561,0.0013410755669029451,0.1742152159256364,0.17957506727748865,0.15625,0.197265625,63,0.984375,0.9166589839990573,0.9972364580766624,1,0,1,0
atlas,14,32,4,periodic,64,64,0.8037109375000001,0.012927492822837843,0.0016159366028547304,0.8004817458723723,0.8069401291276279,0.77734375,0.828125,64,1,0,0,1,1,1,1,64,1,0,0,1,1,1,1,64,205.75000000000003,3.309438162646488,0.413679770330811,204.9233269433273,206.57667305667275,199,212,64,205.75000000000003,3.309438162646488,0.413679770330811,204.9233269433273,206.57667305667275,199,212,64,0,0,0,0,0,0,0,64,3707.078124999999,1131.3176655856967,141.41470819821208,3424.4833802987728,3989.6728697012254,1844,7085,64,3501.328125,1130.8507831715037,141.35634789643797,3218.8500040558824,3783.8062459441176,1636,6877,64,0.09432968750002858,0.02115035126498195,0.002643793908122744,0.08904648694735756,0.0996128880526996,0.083299999999781,0.21150000000034197,64,0,0,0,0,0,0,0,64,1.59375,1.64961515473463,0.20620189434182876,1.1816883945921468,2.005811605407853,0,7,64,3707.078124999999,1131.3176655856967,141.41470819821208,3424.4833802987728,3989.6728697012254,1844,7085,64,0,0,0,0,0,0,0,64,0.9396525214406479,0.01725577422007858,0.0021569717775098223,0.9353421572885771,0.9439628855927188,0.8872017353579176,0.9706422018348624,64,18.00958732479858,5.466969110014899,0.6833711387518624,16.64397907264217,19.37519557695499,8.865384615384615,34.0625,64,1,0,0,1,1,1,1,64,0.19628906249999994,0.012927492822837843,0.0016159366028547304,0.1930598708723721,0.19951825412762778,0.171875,0.22265625,43,0.671875,0.549991058490915,0.7742944209553081,21,0,1,0
atlas,14,32,8,periodic,64,64,0.7708740234374999,0.013993069306428858,0.0017491336633036073,0.7673786587238325,0.7743693881511673,0.75,0.8125,64,1,0,0,1,1,1,1,64,1,0,0,1,1,1,1,64,98.67187499999999,1.7911128712228939,0.22388910890286173,98.22446831665056,99.11928168334941,96,104,64,98.67187499999999,1.7911128712228939,0.22388910890286173,98.22446831665056,99.11928168334941,96,104,64,0,0,0,0,0,0,0,64,2390.0156250000005,1024.7743923945113,128.09679904931392,2134.034598092625,2645.996651907376,894,5481,64,2291.343750000001,1023.9705665839027,127.99632082298784,2035.5635128059334,2547.1239871940684,798,5380,64,0.08682968750009222,0.029223808947949553,0.003652976118493694,0.07952979722164624,0.0941295777785382,0.0727999999999156,0.2474000000001979,64,0,0,0,0,0,0,0,64,0,0,0,0,0,0,0,64,2390.0156250000005,1024.7743923945113,128.09679904931392,2134.034598092625,2645.996651907376,894,5481,64,0,0,0,0,0,0,0,64,0.950629463350797,0.021580374211019646,0.0026975467763774557,0.9452388462622159,0.9560200804393781,0.8926174496644296,0.9815727057106367,64,24.146251682345905,10.204319528489904,1.275539941061238,21.597288504518726,26.695214860173085,9.3125,54.26732673267327,64,1,0,0,1,1,1,1,64,0.22912597656249997,0.01399306930642886,0.0017491336633036075,0.22563061184883257,0.23262134127616738,0.1875,0.25,0,0,0,0.05662405979280534,64,0,1,0
atlas,15,16,2,periodic,64,64,0.8671874999999999,0.017607380306844094,0.0022009225383555118,0.8627893072606564,0.8715856927393434,0.8359375,0.9140625,64,1,0,0,1,1,1,1,64,1,0,0,1,1,1,1,64,110.99999999999999,2.253744679276044,0.2817180849095055,110.43703132936402,111.56296867063595,107,117,64,110.99999999999999,2.253744679276044,0.2817180849095055,110.43703132936402,111.56296867063595,107,117,64,0,0,0,0,0,0,0,64,1019.9374999999999,274.4322783435385,34.30403479294231,951.3863565012214,1088.4886434987784,612,1862,64,908.9375,274.45888320735503,34.30736040091938,840.3797108039724,977.4952891960276,505,1752,64,0.041206250000000555,0.01477193687529251,0.0018464921094115637,0.037516329956318796,0.044896170043682314,0.034199999999998454,0.09510000000000218,64,0,0,0,0,0,0,0,64,4.390624999999998,2.1793925722840717,0.27242407153550896,3.8462289330920223,4.935021066907974,0,9,64,1019.9374999999999,274.4322783435385,34.30403479294231,951.3863565012214,1088.4886434987784,612,1862,64,0,0,0,0,0,0,0,64,0.883610020086232,0.029795068038128036,0.0037243835047660045,0.8761674335327626,0.8910526066397014,0.8206349206349206,0.9409237379162191,64,9.192561694054643,2.4920816208694228,0.31151020260867784,8.570058226772874,9.815065161336411,5.575221238938053,16.927272727272726,64,1,0,0,1,1,1,1,64,0.1328125,0.017607380306844094,0.0022009225383555118,0.12841430726065653,0.13721069273934347,0.0859375,0.1640625,62,0.96875,0.8930270822904169,0.9913878616538281,2,0,1,0
atlas,15,16,3,periodic,64,64,0.8239746093749998,0.02178663193782362,0.0027233289922279527,0.8185324706392085,0.829416748110791,0.7734375,0.87890625,64,1,0,0,1,1,1,1,64,1,0,0,1,1,1,1,64,70.31249999999997,1.859125925360948,0.2323907406701185,69.84810416121245,70.7768958387875,66,75,64,70.31249999999997,1.859125925360948,0.2323907406701185,69.84810416121245,70.7768958387875,66,75,64,0,0,0,0,0,0,0,64,902.2656249999998,386.02492896667985,48.25311612083498,805.8394667527745,998.6917832472251,281,2647,64,831.953125,385.80023738287474,48.22502967285934,735.5830930404597,928.3231569595403,211,2577,64,0.0319015624999963,0.01231925183498136,0.00153990647937267,0.028824304950575527,0.034978820049417075,0.026400000000023738,0.08719999999999573,64,0,0,0,0,0,0,0,64,1.2343749999999996,1.3886408508676433,0.17358010635845542,0.8875028360888371,1.581247163911162,0,7,64,902.2656249999998,386.02492896667985,48.25311612083498,805.8394667527745,998.6917832472251,281,2647,64,0,0,0,0,0,0,0,64,0.9098507701647495,0.0352430238203424,0.0044053779775428,0.9010473247470977,0.9186542155824012,0.7508896797153025,0.9735549678881753,64,12.823242534708154,5.474170408091931,0.6842713010114914,11.455835451813481,14.190649617602826,4.014285714285714,37.81428571428572,64,1,0,0,1,1,1,1,64,0.17602539062499994,0.02178663193782362,0.0027233289922279527,0.1705832518892087,0.1814675293607912,0.12109375,0.2265625,40,0.625,0.502503786840045,0.7333401982117536,24,0,1,0
atlas,15,16,4,periodic,64,64,0.8037109375000001,0.028373980603673132,0.0035467475754591415,0.796623328025873,0.8107985469741272,0.75,0.890625,64,1,0,0,1,1,1,1,64,1,0,0,1,1,1,1,64,51.43750000000001,1.8159347586350805,0.22699184482938506,50.98389299365587,51.89110700634414,48,57,64,51.43750000000001,1.8159347586350805,0.22699184482938506,50.98389299365587,51.89110700634414,48,57,64,0,0,0,0,0,0,0,64,625.984375,321.86956306087717,40.233695382609646,545.5837503415019,706.3849996584981,213,1598,64,574.5468750000002,321.16750955915296,40.14593869489412,494.32161808844137,654.7721319115591,163,1546,64,0.027317187499999562,0.013415515238231465,0.0016769394047789331,0.023966091500079233,0.03066828349991989,0.02100000000007185,0.11419999999998254,64,0,0,0,0,0,0,0,64,0.37500000000000006,0.9511897312113418,0.11889871640141772,0.1373998745613721,0.612600125438628,0,5,64,625.984375,321.86956306087717,40.233695382609646,545.5837503415019,706.3849996584981,213,1598,64,0,0,0,0,0,0,0,64,0.8966088348841584,0.04823974775726881,0.006029968469658601,0.884558904421118,0.9086587653471989,0.7652582159624414,0.967459324155194,64,12.098770650267697,6.076537479816761,0.7595671849770951,10.580896749759622,13.616644550775773,4.26,30.73076923076923,64,1,0,0,1,1,1,1,64,0.1962890625,0.02837398060367313,0.003546747575459141,0.18920145302587288,0.20337667197412712,0.109375,0.25,13,0.203125,0.12273417819183653,0.3171363573101416,51,0,1,0
atlas,15,16,8,periodic,64,64,1,0,0,1,1,1,1,64,1,0,0,1,1,1,1,64,1,0,0,1,1,1,1,64,32,0,0,32,32,32,32,64,32,0,0,32,32,32,32,64,0,0,0,0,0,0,0,64,857.5624999999999,304.1362411397286,38.017030142466076,781.5915273600772,933.5334726399226,410,1855,64,825.5624999999999,304.1362411397286,38.017030142466076,749.5915273600772,901.5334726399226,378,1823,64,0.025231250000000927,0.001698260080667249,0.00021228251008340612,0.024807037253633188,0.025655462746368665,0.023500000000012733,0.03530000000000655,64,0,0,0,0,0,0,0,64,0,0,0,0,0,0,0,64,857.5624999999999,304.1362411397286,38.017030142466076,781.5915273600772,933.5334726399226,410,1855,64,0,0,0,0,0,0,0,64,0.9582952494268604,0.013821648101093613,0.0017277060126367017,0.9548427044562516,0.9617477943974692,0.9219512195121952,0.9827493261455525,64,26.798828124999996,9.504257535616519,1.1880321919520649,24.424735230002412,29.17292101999758,12.8125,57.96875,64,1,0,0,1,1,1,1,64,0,0,0,0,0,0,0,0,0,0,0.05662405979280534,64,0,1,0
atlas,15,32,2,periodic,64,64,0.8641052246093751,0.009866202600899383,0.001233275325112423,0.8616407205271125,0.8665697286916377,0.841796875,0.892578125,64,1,0,0,1,1,1,1,64,1,0,0,1,1,1,1,64,442.42187500000006,5.051495731660484,0.6314369664575605,441.1600489098816,443.6837010901185,431,457,64,442.42187500000006,5.051495731660484,0.6314369664575605,441.1600489098816,443.6837010901185,431,457,64,0,0,0,0,0,0,0,64,5729.078125000001,1305.6916588863226,163.21145736079032,5402.926052752039,6055.230197247963,3867,9845,64,5286.65625,1306.4000726429815,163.3000090803727,4960.327221260687,5612.985278739313,3431,9403,64,0.14584374999998853,0.027990655328410937,0.003498831916051367,0.13885189233067757,0.1528356076692995,0.1248000000000502,0.28779999999994743,64,0,0,0,0,0,0,0,64,19.656249999999996,4.765013865966933,0.5956267332458667,18.4659849507456,20.846515049254393,9,29,64,5729.078125000001,1305.6916588863226,163.21145736079032,5402.926052752039,6055.230197247963,3867,9845,64,0,0,0,0,0,0,0,64,0.9189758389147019,0.017434619500804063,0.002179327437600508,0.914620800540717,0.9233308772886868,0.8872510990431859,0.9551041137633316,64,12.95556316302954,2.982922426962059,0.37286530337025736,12.210451310405462,13.700675015653617,8.869266055045872,22.273755656108598,64,1,0,0,1,1,1,1,64,0.135894775390625,0.00986620260089939,0.0012332753251124238,0.1334302713083624,0.1383592794728876,0.107421875,0.158203125,64,1,0.9433759402071946,1,0,0,1,0
atlas,15,32,3,periodic,64,64,0.8231048583984376,0.01072860453522355,0.0013410755669029438,0.8204249327225115,0.8257847840743637,0.802734375,0.84375,64,1,0,0,1,1,1,1,64,1,0,0,1,1,1,1,64,280.953125,3.6620303480229723,0.45775379350287154,280.03837703595053,281.86787296404947,274,288,64,280.953125,3.6620303480229723,0.45775379350287154,280.03837703595053,281.86787296404947,274,288,64,0,0,0,0,0,0,0,64,4692.796875,1110.5044353546998,138.81305441933748,4415.401120522701,4970.192629477299,3021,8660,64,4411.843749999999,1110.704941585255,138.83811769815688,4134.397910556507,4689.289589443491,2734,8382,64,0.13434531249999537,0.03637209784283719,0.0045465122303546485,0.1252598327830113,0.14343079221697944,0.1048000000000684,0.26880000000005566,64,0,0,0,0,0,0,0,64,5.218749999999999,2.7340809082209714,0.3417601135276214,4.535796909321265,5.901703090678733,0,13,64,4692.796875,1110.5044353546998,138.81305441933748,4415.401120522701,4970.192629477299,3021,8660,64,0,0,0,0,0,0,0,64,0.9370415305304018,0.01388693509512154,0.0017358668868901926,0.9335726773539099,0.9405103837068938,0.9049983449189011,0.9678983833718244,64,16.708632348432634,3.989334511530151,0.4986668139412689,15.712126236924153,17.705138459941114,10.526132404181185,31.151079136690647,64,1,0,0,1,1,1,1,64,0.17689514160156253,0.010728604535223561,0.0013410755669029451,0.1742152159256364,0.17957506727748865,0.15625,0.197265625,63,0.984375,0.9166589839990573,0.9972364580766624,1,0,1,0
atlas,15,32,4,periodic,64,64,0.8037109375000001,0.012927492822837843,0.0016159366028547304,0.8004817458723723,0.8069401291276279,0.77734375,0.828125,64,1,0,0,1,1,1,1,64,1,0,0,1,1,1,1,64,205.75000000000003,3.309438162646488,0.413679770330811,204.9233269433273,206.57667305667275,199,212,64,205.75000000000003,3.309438162646488,0.413679770330811,204.9233269433273,206.57667305667275,199,212,64,0,0,0,0,0,0,0,64,3707.078124999999,1131.3176655856967,141.41470819821208,3424.4833802987728,3989.6728697012254,1844,7085,64,3501.328125,1130.8507831715037,141.35634789643797,3218.8500040558824,3783.8062459441176,1636,6877,64,0.09520312499996209,0.020093692991021237,0.0025117116238776546,0.09018386983084678,0.10022238016907739,0.08389999999963038,0.22790000000031796,64,0,0,0,0,0,0,0,64,1.59375,1.64961515473463,0.20620189434182876,1.1816883945921468,2.005811605407853,0,7,64,3707.078124999999,1131.3176655856967,141.41470819821208,3424.4833802987728,3989.6728697012254,1844,7085,64,0,0,0,0,0,0,0,64,0.9396525214406479,0.01725577422007858,0.0021569717775098223,0.9353421572885771,0.9439628855927188,0.8872017353579176,0.9706422018348624,64,18.00958732479858,5.466969110014899,0.6833711387518624,16.64397907264217,19.37519557695499,8.865384615384615,34.0625,64,1,0,0,1,1,1,1,64,0.19628906249999994,0.012927492822837843,0.0016159366028547304,0.1930598708723721,0.19951825412762778,0.171875,0.22265625,43,0.671875,0.549991058490915,0.7742944209553081,21,0,1,0
atlas,15,32,8,periodic,64,64,0.7708740234374999,0.013993069306428858,0.0017491336633036073,0.7673786587238325,0.7743693881511673,0.75,0.8125,64,1,0,0,1,1,1,1,64,1,0,0,1,1,1,1,64,98.67187499999999,1.7911128712228939,0.22388910890286173,98.22446831665056,99.11928168334941,96,104,64,98.67187499999999,1.7911128712228939,0.22388910890286173,98.22446831665056,99.11928168334941,96,104,64,0,0,0,0,0,0,0,64,2390.0156250000005,1024.7743923945113,128.09679904931392,2134.034598092625,2645.996651907376,894,5481,64,2291.343750000001,1023.9705665839027,127.99632082298784,2035.5635128059334,2547.1239871940684,798,5380,64,0.08310781250001044,0.02046251163567993,0.0025578139544599914,0.07799642917458775,0.08821919582543312,0.07180000000016662,0.2197000000001026,64,0,0,0,0,0,0,0,64,0,0,0,0,0,0,0,64,2390.0156250000005,1024.7743923945113,128.09679904931392,2134.034598092625,2645.996651907376,894,5481,64,0,0,0,0,0,0,0,64,0.950629463350797,0.021580374211019646,0.0026975467763774557,0.9452388462622159,0.9560200804393781,0.8926174496644296,0.9815727057106367,64,24.146251682345905,10.204319528489904,1.275539941061238,21.597288504518726,26.695214860173085,9.3125,54.26732673267327,64,1,0,0,1,1,1,1,64,0.22912597656249997,0.01399306930642886,0.0017491336633036075,0.22563061184883257,0.23262134127616738,0.1875,0.25,0,0,0,0.05662405979280534,64,0,1,0
atlas,16,16,2,periodic,64,64,0.8677978515625001,0.017624137172774137,0.002203017146596767,0.8633954730825875,0.8722002300424128,0.828125,0.9140625,64,-1,0,0,-1,-1,-1,-1,64,1,0,0,1,1,1,1,64,111.07812500000001,2.2558895581150895,0.2819861947643862,110.5146205545712,111.64162944542883,106,117,64,0,0,0,0,0,0,0,64,111.07812500000001,2.2558895581150895,0.2819861947643862,110.5146205545712,111.64162944542883,106,117,64,1066.6874999999993,302.653339070947,37.83166738386838,991.0869452756558,1142.2880547243428,525,1870,64,955.6093749999998,302.6376961794573,37.82971202243216,880.0127277536895,1031.2060222463099,415,1753,64,0.05332031249999946,0.031097180904677866,0.0038871476130847332,0.04555246783000954,0.06108815716998938,0.03690000000000282,0.21940000000000737,64,5.031249999999999,2.3160499350375203,0.28950624187969004,4.452717939539,5.609782060460998,2,11,64,0,0,0,0,0,0,0,64,0,0,0,0,0,0,0,64,1066.6874999999993,302.653339070947,37.83166738386838,991.0869452756558,1142.2880547243428,525,1870,64,0.8873291153783605,0.03216301562597548,0.004020376953246935,0.8792950331164712,0.8953631976402497,0.7904761904761904,0.9374331550802139,64,9.60677064071394,2.7445586751597943,0.3430698343949743,8.921200281726588,10.292340999701292,4.7727272727272725,15.982905982905983,64,0,0,0,0,0,0,0,64,0.13220214843749997,0.017624137172774144,0.002203017146596768,0.1277997699575873,0.13660452691741265,0.0859375,0.171875,64,1,0.9433759402071946,1,0,0,1,0
atlas,16,16,3,periodic,64,64,0.8221435546875004,0.024987680942215918,0.0031234601177769898,0.8159018177012001,0.8283852916738008,0.7734375,0.87890625,64,-1,0,0,-1,-1,-1,-1,64,1,0,0,1,1,1,1,64,70.15624999999999,2.132282107069087,0.26653526338363587,69.62362177716902,70.68887822283095,66,75,64,0,0,0,0,0,0,0,64,70.15624999999999,2.132282107069087,0.26653526338363587,69.62362177716902,70.68887822283095,66,75,64,958.265625,406.225179644715,50.77814745558938,856.7935942653997,1059.7376557346004,286,2289,64,888.1093749999995,405.89095091871457,50.73636886483932,786.7208321171045,989.4979178828946,218,2220,64,0.03240937500000385,0.013405941809273415,0.0016757427261591769,0.029060670371485745,0.035758079628521955,0.026399999999966894,0.08679999999998245,64,1.6093749999999998,1.5997736695079063,0.1999717086884883,1.2097634271706479,2.0089865728293517,0,6,64,0,0,0,0,0,0,0,64,0,0,0,0,0,0,0,64,958.265625,406.225179644715,50.77814745558938,856.7935942653997,1059.7376557346004,286,2289,64,0.9132712065657275,0.03889852605135541,0.004862315756419426,0.9035546438591372,0.9229877692723177,0.7622377622377622,0.9698558322411533,64,13.64286336573253,5.772732874159066,0.7215916092698833,12.200877597785743,15.084849133679318,4.205882352941177,33.17391304347826,64,0,0,0,0,0,0,0,64,0.17785644531250003,0.024987680942215856,0.003123460117776982,0.1716147083261997,0.18409818229880034,0.12109375,0.2265625,46,0.71875,0.5986606971779259,0.8140662766627217,18,0,1,0
atlas,16,16,4,periodic,64,64,0.802001953125,0.028398511273539036,0.0035498139091923796,0.7949082160718568,0.8090956901781432,0.75,0.859375,64,-1,0,0,-1,-1,-1,-1,64,1,0,0,1,1,1,1,64,51.328125,1.8175047215064983,0.2271880901883123,50.874125828598835,51.782124171401165,48,55,64,0,0,0,0,0,0,0,64,51.328125,1.8175047215064983,0.2271880901883123,50.874125828598835,51.782124171401165,48,55,64,652.9843749999999,352.39081353842045,44.048851692302556,564.9597688117886,741.0089811882111,246,2115,64,601.65625,351.8951511752257,43.98689389690321,513.7554565862605,689.5570434137395,197,2066,64,0.02633906249999285,0.009746576398301567,0.0012183220497876959,0.023904440154055132,0.028773684845930566,0.02250000000003638,0.10129999999992378,64,0.46875,1.0230478894592296,0.1278809861824037,0.21320024069416893,0.7242997593058311,0,5,64,0,0,0,0,0,0,0,64,0,0,0,0,0,0,0,64,652.9843749999999,352.39081353842045,44.048851692302556,564.9597688117886,741.0089811882111,246,2115,64,0.9011344878429778,0.04462237386173932,0.005577796732717415,0.8899881504940489,0.9122808251919067,0.8008130081300813,0.9768321513002364,64,12.673504155084547,6.789724611042129,0.8487155763802662,10.97748140973501,14.369526900434085,5.020408163265306,43.16326530612245,64,0,0,0,0,0,0,0,64,0.19799804687500003,0.02839851127353903,0.0035498139091923787,0.19090430982185688,0.20509178392814317,0.140625,0.25,17,0.265625,0.17296379074222612,0.38482873728565137,47,0,1,0
atlas,16,16,8,periodic,64,64,1,0,0,1,1,1,1,64,-1,0,0,-1,-1,-1,-1,64,1,0,0,1,1,1,1,64,32,0,0,32,32,32,32,64,0,0,0,0,0,0,0,64,32,0,0,32,32,32,32,64,865.2499999999998,300.19676087209075,37.524595109011344,790.2630802519872,940.2369197480124,412,1859,64,833.2499999999998,300.19676087209075,37.524595109011344,758.2630802519872,908.2369197480124,380,1827,64,0.026964062499999383,0.009890020097037006,0.0012362525121296258,0.024493608984217645,0.02943451601578112,0.02400000000000091,0.10419999999999163,64,0,0,0,0,0,0,0,64,0,0,0,0,0,0,0,64,0,0,0,0,0,0,0,64,865.2499999999998,300.19676087209075,37.524595109011344,790.2630802519872,940.2369197480124,412,1859,64,0.9588260816862341,0.013414051037803656,0.001676756379725457,0.9554753514326983,0.9621768119397698,0.9223300970873787,0.9827864443249059,64,27.039062499999993,9.381148777252836,1.1726435971566045,24.6957212578746,29.382403742125387,12.875,58.09375,64,0,0,0,0,0,0,0,64,0,0,0,0,0,0,0,0,0,0,0.05662405979280534,64,0,1,0
atlas,16,32,2,periodic,64,64,0.8656005859374999,0.007339961173819138,0.0009174951467273922,0.8637671181882285,0.8674340536867713,0.8515625,0.8828125,64,-1,0,0,-1,-1,-1,-1,64,1,0,0,1,1,1,1,64,443.18749999999994,3.7580601209953985,0.4697575151244248,442.248764512373,444.1262354876269,436,452,64,0,0,0,0,0,0,0,64,443.18749999999994,3.7580601209953985,0.4697575151244248,442.248764512373,444.1262354876269,436,452,64,5859.1875,1323.4890981255353,165.4361372656919,5528.589759703943,6189.785240296057,3390,9382,64,5416,1323.6851157712263,165.46063947140328,5085.353295952888,5746.646704047112,2947,8935,64,0.1466843749999888,0.02232122784036426,0.0027901534800455325,0.1411086981809585,0.15226005181901908,0.12759999999991578,0.20899999999994634,64,18.781249999999996,4.935999118880323,0.6169998898600404,17.548274105361852,20.01422589463814,8,30,64,0,0,0,0,0,0,0,64,0,0,0,0,0,0,0,64,5859.1875,1323.4890981255353,165.4361372656919,5528.589759703943,6189.785240296057,3390,9382,64,0.9206327495273285,0.01737556420924185,0.002171945526155231,0.916292462726266,0.9249730363283911,0.8693215339233038,0.95235557450437,64,13.222818488258532,2.9897832739109993,0.3737229092388749,12.475992847057693,13.969644129459372,7.652370203160271,20.988814317673377,64,0,0,0,0,0,0,0,64,0.13439941406249994,0.007339961173819116,0.0009174951467273895,0.1325659463132286,0.1362328818117713,0.1171875,0.1484375,64,1,0.9433759402071946,1,0,0,1,0
atlas,16,32,3,periodic,64,64,0.8238830566406252,0.011152482402933133,0.0013940603003666416,0.8210972494236839,0.8266688638575665,0.802734375,0.849609375,64,-1,0,0,-1,-1,-1,-1,64,1,0,0,1,1,1,1,64,281.21874999999994,3.80671399353451,0.47583924919181375,280.26786113661734,282.16963886338254,274,290,64,0,0,0,0,0,0,0,64,281.21874999999994,3.80671399353451,0.47583924919181375,280.26786113661734,282.16963886338254,274,290,64,4578.531250000002,1182.0187462423153,147.7523432802894,4283.271752170558,4873.7907478294455,2340,8397,64,4297.312499999999,1181.9561117063522,147.74451396329403,4002.068647812128,4592.55635218787,2054,8112,64,0.11752968750001357,0.022355132784338892,0.0027943915980423615,0.11194554147796622,0.12311383352206091,0.09840000000008331,0.19389999999998508,64,5.125000000000002,3.1547394428670255,0.3943424303583782,4.336969533778696,5.913030466221308,0,15,64,0,0,0,0,0,0,0,64,0,0,0,0,0,0,0,64,4578.531250000002,1182.0187462423153,147.7523432802894,4283.271752170558,4873.7907478294455,2340,8397,64,0.9345397051280211,0.01713840348150465,0.002142300435188081,0.930258659314125,0.9388207509419172,0.8777777777777778,0.9660593068953197,64,16.28298623166756,4.17845449938654,0.5223068124233174,15.239239352767274,17.326733110567847,8.181818181818182,29.46315789473684,64,0,0,0,0,0,0,0,64,0.17611694335937497,0.011152482402933124,0.0013940603003666405,0.17333113614243367,0.17890275057631627,0.150390625,0.197265625,63,0.984375,0.9166589839990573,0.9972364580766624,1,0,1,0
atlas,16,32,4,periodic,64,64,0.80316162109375,0.0134889295377134,0.001686116192214175,0.7997921867474478,0.8065310554400522,0.7734375,0.83984375,64,-1,0,0,-1,-1,-1,-1,64,1,0,0,1,1,1,1,64,205.609375,3.4531659616546304,0.4316457452068288,204.74679980734663,206.47195019265337,198,215,64,0,0,0,0,0,0,0,64,205.609375,3.4531659616546304,0.4316457452068288,204.74679980734663,206.47195019265337,198,215,64,3787.71875,1196.9925205472389,149.62406506840486,3488.718914637046,4086.718585362954,1497,7620,64,3582.1093749999995,1196.1232234285064,149.5154029285633,3283.3266835965283,3880.892066403471,1296,7413,64,0.10499687500000476,0.025838970007167335,0.003229871250895917,0.09854249233221729,0.11145125766779224,0.08699999999998909,0.19729999999981374,64,1.7031249999999996,1.7966431441167128,0.2245803930145891,1.254336895583706,2.1519131044162934,0,8,64,0,0,0,0,0,0,0,64,0,0,0,0,0,0,0,64,3787.71875,1196.9925205472389,149.62406506840486,3488.718914637046,4086.718585362954,1497,7620,64,0.94039475524201,0.018845173210667105,0.002355646651333388,0.9356873710347973,0.9451021394492227,0.8657314629258517,0.9728346456692913,64,18.402399854359718,5.760411663973707,0.7200514579967133,16.96349183314372,19.841307875575716,7.447761194029851,36.81159420289855,64,0,0,0,0,0,0,0,64,0.19683837890625006,0.013488929537713404,0.0016861161922141754,0.1934689445599478,0.20020781325255232,0.16015625,0.2265625,45,0.703125,0.5822979889645707,0.8009484867446022,19,0,1,0
atlas,16,32,8,periodic,64,64,0.77099609375,0.011037577157103271,0.001379697144637909,0.76823898900947,0.77375319849053,0.75,0.796875,64,-1,0,0,-1,-1,-1,-1,64,1,0,0,1,1,1,1,64,98.6875,1.4128098761092187,0.17660123451365234,98.33459059321216,99.04040940678784,96,102,64,0,0,0,0,0,0,0,64,98.6875,1.4128098761092187,0.17660123451365234,98.33459059321216,99.04040940678784,96,102,64,2556.0468750000005,1400.5952751426744,175.0744093928343,2206.188584752427,2905.905165247574,980,9820,64,2457.3593749999995,1400.2297472165342,175.02871840206677,2107.5923909117046,2807.1263590882945,883,9721,64,0.0840906249999804,0.02038527883683165,0.002548159854603956,0.07899853385370158,0.08918271614625924,0.07359999999971478,0.229200000000219,64,0,0,0,0,0,0,0,64,0,0,0,0,0,0,0,64,0,0,0,0,0,0,0,64,2556.0468750000005,1400.5952751426744,175.0744093928343,2206.188584752427,2905.905165247574,980,9820,64,0.9524816669598664,0.020470624996421518,0.0025588281245526897,0.9473682569772304,0.9575950769425023,0.9010204081632653,0.989918533604888,64,25.853284658374363,14.103403231807032,1.762925403975879,22.330359350169623,29.376209966579104,10.103092783505154,99.1919191919192,64,0,0,0,0,0,0,0,64,0.22900390625,0.011037577157103273,0.0013796971446379091,0.22624680150946996,0.23176101099053004,0.203125,0.25,0,0,0,0.05662405979280534,64,0,1,0
atlas,17,16,2,periodic,64,64,0.9022216796875,0.014926875869556096,0.001865859483694512,0.8984930570345865,0.9059503023404135,0.8671875,0.9375,64,-0.3804483450853072,0.09151148155224442,0.011438935194030553,-0.40330723304680577,-0.3575894571238087,-0.631578947368421,-0.1694915254237288,64,0.3804483450853072,0.09151148155224442,0.011438935194030553,0.3575894571238087,0.40330723304680577,0.1694915254237288,0.631578947368421,64,115.484375,1.9106401113031803,0.23883001391289754,115.00711130042707,115.96163869957293,111,120,64,35.78125000000001,5.3643998466077925,0.6705499808259741,34.44126278752896,37.12123721247105,21,49,64,79.70312500000003,5.33833006258913,0.6672912578236413,78.36964982582138,81.03660017417867,67,93,64,1892.265625,555.9087581348507,69.48859476685634,1753.4037488345969,2031.1275011654031,796,4043,64,1776.78125,555.460983121084,69.4326228901355,1638.031224705089,1915.531275294911,682,3926,64,0.07045312500000024,0.034502698163412185,0.004312837270426523,0.061834607429212464,0.07907164257078803,0.04349999999999454,0.21309999999999718,64,0,0,0,0,0,0,0,64,0,0,0,0,0,0,0,64,906.2812500000001,277.74759974960483,34.718449968700604,836.901963854068,975.6605361459323,359,1982,64,985.9843750000002,278.1866161460285,34.77332701825356,916.4954258210926,1055.473324178908,437,2061,64,0.9338955809734022,0.01965441028396818,0.0024568012854960224,0.9289860553596785,0.9388051065871259,0.8567839195979899,0.9710610932475884,64,16.371397982944867,4.749049877925592,0.593631234740699,15.185120619255885,17.55767534663385,6.982456140350878,34.55555555555556,64,0.47721536465162,0.006770821701964722,0.0008463527127455903,0.4755240637124681,0.47890666559077194,0.4510050251256281,0.4902300272075192,64,0.09777832031250003,0.014926875869556105,0.0018658594836945131,0.09404969765958648,0.10150694296541357,0.0625,0.1328125,0,0,0,0.05662405979280534,64,0,0.39954452891218195,0
atlas,17,16,3,periodic,64,64,0.8391723632812501,0.022256046998108264,0.002782005874763533,0.8336129681521793,0.8447317584103209,0.796875,0.90234375,64,-0.4564300683762416,0.1580642556766542,0.019758031959581774,-0.4959133446814943,-0.41694679207098895,-0.8028169014084507,-0.05714285714285714,64,0.4564300683762416,0.1580642556766542,0.019758031959581774,0.41694679207098895,0.4959133446814943,0.05714285714285714,0.8028169014084507,64,71.60937499999999,1.899182677171901,0.23739783464648762,71.13497328231928,72.08377671768069,68,77,64,19.484374999999996,5.740394841516387,0.7175493551895483,18.05046703226511,20.918282967734882,7,33,64,52.12500000000001,5.6075346137535735,0.7009418267191967,50.724279529718494,53.52572047028152,37,64,64,1638.40625,619.956980554373,77.49462256929662,1483.5456038924322,1793.2668961075678,629,3191,64,1566.796875,619.4464036332815,77.43080045416019,1412.0637672126188,1721.5299827873812,558,3120,64,0.035049999999995585,0.013751513625205167,0.0017189392031506459,0.031614974100211364,0.038485025899779805,0.02909999999997126,0.10460000000000491,64,0,0,0,0,0,0,0,64,0,0,0,0,0,0,0,64,793.140625,310.75355760072637,38.844194700090796,715.5166958892396,870.7645541107604,285,1574,64,845.265625,309.2269029851089,38.65336287313861,768.0230428658414,922.5082071341586,344,1617,64,0.9501387858339092,0.01803323270899221,0.002254154088624026,0.945634218329523,0.9546433533382954,0.8871224165341812,0.9777499216546537,64,22.833601358118482,8.503256298941045,1.0629070373676306,20.709551132416145,24.95765158382082,8.859154929577464,44.943661971830984,64,0.48162448356183124,0.007532150617577965,0.0009415188271972456,0.4797430083178964,0.4835059588057661,0.45310015898251194,0.49326230021936696,64,0.16082763671874997,0.022256046998108254,0.0027820058747635317,0.15526824158967914,0.1663870318478208,0.09765625,0.203125,0,0,0,0.05662405979280534,64,0,0.48941417082612143,0
atlas,17,16,4,periodic,64,64,0.80419921875,0.02551077152235257,0.003188846440294071,0.7978268176244875,0.8105716198755125,0.75,0.859375,64,-0.5404081837247368,0.18357784987379408,0.02294723123422426,-0.5862645662386852,-0.49455180121078834,-0.9607843137254902,-0.21568627450980393,64,0.5404081837247368,0.18357784987379408,0.02294723123422426,0.49455180121078834,0.5862645662386852,0.21568627450980393,0.9607843137254902,64,51.46875,1.6326893774305644,0.20408617217882055,51.0609163279672,51.8765836720328,48,55,64,11.859374999999993,4.84314992442689,0.6053937405533613,10.649592144063933,13.069157855936053,1,21,64,39.60937500000001,4.638066056669713,0.5797582570837141,38.45082057000846,40.767929429991554,31,51,64,1347.859375,555.4458774424896,69.4307346803112,1209.1131229913337,1486.6056270086663,397,2640,64,1296.390625,555.4184070543946,69.42730088179933,1157.651234890115,1435.130015109885,346,2587,64,0.02975468749999876,0.01626978824154688,0.00203372353019336,0.025690615317334978,0.03381875968266254,0.024599999999963984,0.1534000000000333,64,0,0,0,0,0,0,0,64,0,0,0,0,0,0,0,64,654.1250000000001,277.9009472958603,34.73761841198254,584.7074087767207,723.5425912232795,181,1302,64,693.734375,277.56419204278683,34.695524005348354,624.400902736111,763.067847263889,216,1338,64,0.9533437013462418,0.02364698828588388,0.002955873535735485,0.9474368594212175,0.9592505432712661,0.871536523929471,0.9799242424242425,64,26.208590269186736,10.860309503986562,1.3575386879983202,23.495765670919287,28.921414867454185,7.784313725490196,49.81132075471698,64,0.4820645164631586,0.009093370854563132,0.0011366713568203915,0.4797930600073024,0.48433597291901487,0.44966442953020136,0.49318181818181817,64,0.19580078124999997,0.02551077152235257,0.003188846440294071,0.1894283801244874,0.20217318237551254,0.140625,0.25,0,0,0,0.05662405979280534,64,0,0.5787163425291705,0
atlas,17,16,8,periodic,64,64,0.859375,0.11666135191975974,0.014582668989969967,0.8302338613391831,0.8885161386608169,0.625,1,64,-0.8034669333092778,0.23845985477273837,0.029807481846592297,-0.863032432753774,-0.7439014338647816,-1,0.07692307692307693,64,0.8058707794631241,0.23007193595403735,0.02875899199425467,0.7484005197989758,0.8633410391272724,0.07692307692307693,1,64,27.5,3.7331632614323116,0.46664540767903895,26.56748356285386,28.43251643714614,20,32,64,2.421875,2.899396146764532,0.3624245183455665,1.697627391386505,3.146122608613495,0,14,64,25.078124999999996,5.94499839801332,0.743124799751665,23.593108584503643,26.56314141549635,12,32,64,1354.1093749999998,668.3584276772623,83.54480345965779,1187.1584071296393,1521.0603428703603,300,3686,64,1326.6093749999993,666.4731770924694,83.30914713655868,1160.129328714189,1493.0894212858097,275,3654,64,0.02595468750000052,0.009758332697944835,0.0012197915872431044,0.02351712851778691,0.028392246482214133,0.019400000000018736,0.09850000000005821,64,0,0,0,0,0,0,0,64,0,0,0,0,0,0,0,64,664.5156250000003,332.69138147469295,41.58642268433662,581.4117905314865,747.6194594685142,138,1827,64,689.5937500000002,335.68677382203737,41.96084672775467,605.7416887854296,773.4458112145709,162,1859,64,0.974604917964617,0.01358451656158004,0.001698064570197505,0.9712116066901733,0.9779982292390608,0.9166666666666666,0.9913185024416712,64,48.493977646051654,21.23334866774211,2.6541685834677637,43.1900449590232,53.79791033308011,12,115.1875,64,0.4887944992565653,0.005735016998895273,0.0007168771248619091,0.48736193463394806,0.4902270638791826,0.46,0.49569377990430624,64,0.140625,0.11666135191975975,0.014582668989969969,0.11148386133918313,0.16976613866081686,0,0.375,0,0,0,0.05662405979280534,64,0,0.853881104592381,0
atlas,17,32,2,periodic,64,64,0.9046630859374999,0.008115668708263014,0.0010144585885328767,0.9026358522113263,0.9066903196636735,0.884765625,0.919921875,64,-0.36979521238672075,0.048768117691285265,0.006096014711410658,-0.3819771257323355,-0.357613299041106,-0.46373626373626375,-0.2629310344827586,64,0.36979521238672075,0.048768117691285265,0.006096014711410658,0.357613299041106,0.3819771257323355,0.2629310344827586,0.46373626373626375,64,463.18749999999994,4.155222378630663,0.5194027973288329,462.14955633219904,464.22544366780085,453,471,64,145.96874999999997,11.560700739457864,1.445087592432233,143.08097287654897,148.85652712345097,122,171,64,317.21875000000006,11.12764147346169,1.3909551841827112,314.43914786261837,319.99835213738174,292,338,64,10432.093749999995,3116.0052759840305,389.5006594980038,9653.73879078657,11210.448709213419,6524,24949,64,9968.906250000004,3115.55436081581,389.44429510197625,9190.663926044315,10747.148573955692,6055,24483,64,0.1738328124999953,0.03997724771444543,0.004997155964305678,0.16384679313922396,0.18381883186076664,0.1493000000000393,0.3826999999999998,64,0,0,0,0,0,0,0,64,0,0,0,0,0,0,0,64,5057.4375,1558.462580583623,194.8078225729529,4668.145130152282,5446.729869847718,3100,12317,64,5374.65625,1557.5624344157682,194.69530430197102,4985.58872997496,5763.72377002504,3424,12632,64,0.9527712356150109,0.010488643980952247,0.001311080497619031,0.9501512503021105,0.9553912209279113,0.9281115879828327,0.9813218966692052,64,22.51754143364746,6.6981137451047665,0.8372642181380958,20.84440240174018,24.19068046555474,13.91044776119403,53.53862660944206,64,0.4838082350755049,0.0037280023084921,0.0004660002885615125,0.4828770078060461,0.48473946234496373,0.4751686082158185,0.4936871217283258,64,0.0953369140625,0.008115668708263,0.001014458588532875,0.0933096803363264,0.0973641477886736,0.080078125,0.115234375,0,0,0,0.05662405979280534,64,0,0.37997191288950705,0
atlas,17,32,3,periodic,64,64,0.84246826171875,0.010093208254583685,0.0012616510318229606,0.8399470533113451,0.8449894701261549,0.8232421875,0.873046875,64,-0.44006679214117156,0.08856661380105799,0.011070826725132248,-0.4621900740252254,-0.41794351025711773,-0.6388888888888888,-0.24567474048442905,64,0.44006679214117156,0.08856661380105799,0.011070826725132248,0.41794351025711773,0.4621900740252254,0.24567474048442905,0.6388888888888888,64,287.5625000000001,3.445148417564561,0.4306435521955701,286.70192753027254,288.4230724697277,281,298,64,80.515625,12.837188273830753,1.6046485342288441,77.30899077755403,83.72225922244597,52,109,64,207.04687499999997,12.869836381712997,1.6087295477141246,203.8320855228518,210.26166447714814,180,236,64,9209.265625,2510.9342929597947,313.86678661997433,8582.052900346602,9836.478349653398,4742,16843,64,8921.703124999996,2510.815441307373,313.8519301634216,8294.520088606045,9548.886161393948,4455,16553,64,0.1292156250000041,0.02279776665996537,0.0028497208324956714,0.12352091232556207,0.13491033767444616,0.1089999999999236,0.20220000000017535,64,0,0,0,0,0,0,0,64,0,0,0,0,0,0,0,64,4501.109375,1256.535816317423,157.06697703967788,4187.236066890438,4814.982683109562,2261,8318,64,4708.156249999999,1254.430576172515,156.80382202156437,4394.808815232102,5021.503684767897,2481,8525,64,0.9664522794700291,0.009173268384824516,0.0011466585481030645,0.9641608652049268,0.9687436937351314,0.939477013918178,0.9827821646975005,64,32.02590420300387,8.715413610228726,1.0894267012785908,29.848858657734237,34.202949748273504,16.522648083623693,58.07931034482758,64,0.4878826757441752,0.0035706987529571564,0.00044633734411964456,0.4869907417337799,0.48877460975457054,0.4768030366933783,0.49408131755018014,64,0.15753173828125008,0.010093208254583687,0.0012616510318229609,0.15501052987384514,0.16005294668865502,0.126953125,0.1767578125,0,0,0,0.05662405979280534,64,0,0.4585484548722384,0
atlas,17,32,4,periodic,64,64,0.80902099609375,0.011976683301968834,0.0014970854127461042,0.806029309617843,0.812012682569657,0.77734375,0.83984375,64,-0.5094230530534494,0.0956013466477545,0.011950168330969313,-0.5333035589191727,-0.48554254718772605,-0.7294685990338164,-0.32038834951456313,64,0.5094230530534494,0.0956013466477545,0.011950168330969313,0.48554254718772605,0.5333035589191727,0.32038834951456313,0.7294685990338164,64,207.109375,3.0660309253040214,0.3832538656630027,206.34350326216781,207.87524673783219,199,215,64,50.79687499999999,9.91100028187375,1.2388750352342188,48.32118078997465,53.27256921002534,28,71,64,156.31249999999994,10.238233664623433,1.279779208077929,153.75506532302273,158.86993467697715,135,179,64,7844.031249999999,2638.580468338388,329.8225585422985,7184.933459427006,8503.129040572992,3971,18661,64,7636.921875,2638.06801183545,329.75850147943123,6977.952092252769,8295.89165774723,3763,18454,64,0.13430156250002767,0.03701123163795539,0.0046264039547444236,0.12505643191118362,0.14354669308887172,0.09960000000000946,0.2950999999998203,64,0,0,0,0,0,0,0,64,0,0,0,0,0,0,0,64,3843.8593749999995,1319.8598755253627,164.98248444067033,3514.168187536412,4173.550562463587,1906,9251,64,4000.171875,1318.7402184057605,164.84252730072006,3670.76036956339,4329.58338043661,2065,9410,64,0.9710475606836677,0.008434624720255513,0.0010543280900319391,0.9689406541162384,0.973154467251097,0.9476202467892219,0.988907346873158,64,37.85078057502361,12.638851823126211,1.5798564778907764,34.69368932389046,41.007871826156766,19.091346153846153,90.14975845410628,64,0.4890468578105184,0.003337906522729844,0.0004172383153412305,0.48821307356907895,0.4898806420519578,0.4799798539410728,0.4957397781469375,64,0.19097900390624997,0.011976683301968832,0.001497085412746104,0.18798731743034305,0.1939706903821569,0.16015625,0.22265625,0,0,0,0.05662405979280534,64,0,0.5293726906149399,0
atlas,17,32,8,periodic,64,64,0.7540283203125001,0.020552053329110375,0.002569006666138797,0.7488945701375489,0.7591620704874513,0.6953125,0.796875,64,-0.7344444633359217,0.17303228107452265,0.02162903513431533,-0.7776666411404294,-0.6912222855314141,-1,-0.1717171717171717,64,0.7344444633359217,0.17303228107452265,0.02162903513431533,0.6912222855314141,0.7776666411404294,0.1717171717171717,1,64,96.51562500000001,2.630662826126128,0.328832853265766,95.85850497760626,97.17274502239377,89,102,64,12.734375000000002,8.186791893528044,1.0233489866910055,10.689375230747855,14.779374769252149,0,41,64,83.78124999999999,9.351120381053406,1.1688900476316757,81.44540962806862,86.11709037193135,54,97,64,5701.59375,2638.421598371642,329.8026997964553,5042.535643963949,6360.651856036051,1738,13491,64,5605.078125,2638.163137455936,329.770392181992,4946.084580579763,6264.071669420237,1641,13393,64,0.09069531249999582,0.030062835938475425,0.003757854492309428,0.08318583951512022,0.09820478548487142,0.07509999999956563,0.2644000000000233,64,0,0,0,0,0,0,0,64,0,0,0,0,0,0,0,64,2808.9062500000005,1319.4249074159254,164.92811342699068,2479.3237143373867,3138.488785662614,822,6706,64,2892.6875000000005,1319.0132299539878,164.87665374424847,2563.2077983077156,3222.1672016922853,916,6785,64,0.9792124851805923,0.010236787197184693,0.0012795983996480866,0.9766554118204309,0.9817695585407538,0.9441887226697353,0.9927358980060781,64,59.04751261017587,27.065027426679592,3.383128428334949,52.286869911279695,65.80815530907205,17.917525773195877,137.66326530612244,64,0.49090908467560046,0.004947302138897561,0.0006184127673621951,0.48967328537056815,0.4921448839806328,0.47295742232451093,0.4970721221555111,64,0.24597167968750006,0.020552053329110375,0.002569006666138797,0.24083792951254887,0.2511054298624512,0.203125,0.3046875,0,0,0,0.05662405979280534,64,0,0.7705520226425222,0
atlas,18,16,2,periodic,64,64,0.8480224609375,0.02096912994412331,0.002621141243015414,0.8427845281239091,0.8532603937510909,0.8046875,0.890625,64,-0.468424235478054,0.039891522024686904,0.004986440253085863,-0.4783888411986528,-0.4584596297574552,-0.5675675675675675,-0.37037037037037035,64,0.468424235478054,0.039891522024686904,0.004986440253085863,0.4584596297574552,0.4783888411986528,0.37037037037037035,0.5675675675675675,64,108.546875,2.6840486328477837,0.33550607910597297,107.87641959986037,109.21733040013963,103,114,64,28.843750000000007,2.1837694947840087,0.2729711868480011,28.298260610381643,29.38923938961837,24,34,64,79.703125,3.0998191831547164,0.38747739789433955,78.9288132064773,80.4774367935227,72,87,64,1022.3281250000001,283.59187390061146,35.44898423757643,951.4889826068727,1093.1672673931275,561,2104,64,913.78125,283.16322449490013,35.39540306186252,843.0491810426176,984.5133189573824,451,1996,64,0.07624062500000028,0.038377410347754666,0.004797176293469333,0.06665423312314117,0.0858270168768594,0.04059999999999775,0.19839999999999236,64,9.015625000000002,3.3309143008136792,0.4163642876017099,8.183587363627742,9.847662636372261,3,16,64,0,0,0,0,0,0,0,64,79.703125,3.0998191831547164,0.38747739789433955,78.9288132064773,80.4774367935227,72,87,64,942.625,282.95540621228974,35.36942577653622,871.9448425050698,1013.3051574949302,481,2030,64,0.8870346087102481,0.026845053215600715,0.0033556316519500894,0.8803289139343904,0.8937403034861058,0.803921568627451,0.9486692015209125,64,9.413398231642493,2.5901513911671725,0.32376892389589657,8.766397664613013,10.060398798671972,5.1,19.48148148148148,64,0.08284037724073154,0.019334119379862354,0.002416764922482794,0.07801085791439219,0.08766989656707089,0.03517110266159696,0.14260249554367202,64,0.15197753906250003,0.020969129944123317,0.0026211412430154147,0.14673960624890914,0.15721547187609092,0.109375,0.1953125,64,1,0.9433759402071946,1,0,0,0.47674860991496376,0
atlas,18,16,3,periodic,64,64,0.7783813476562504,0.03002660298420493,0.003753325373025616,0.7708809253940616,0.7858817699184393,0.71484375,0.8671875,64,-0.5383160676997293,0.07479707902403598,0.009349634878004498,-0.5569998221342116,-0.519632313265247,-0.7391304347826086,-0.35384615384615387,64,0.5383160676997293,0.07479707902403598,0.009349634878004498,0.519632313265247,0.5569998221342116,0.35384615384615387,0.7391304347826086,64,66.42187499999997,2.5622701213188237,0.32028376516485296,65.78183896695985,67.06191103304009,61,74,64,15.296874999999996,2.3209172208486337,0.2901146526060792,14.71712712771795,15.876622872282043,9,21,64,51.124999999999986,3.713980451436276,0.4642475564295345,50.197275286220666,52.052724713779305,43,61,64,853.3749999999997,310.9501823009851,38.868772787623136,775.7019555004657,931.0480444995336,344,1791,64,786.953125,310.39434363645864,38.79929295455733,709.418924867769,864.487325132231,278,1725,64,0.03322343749999844,0.01749264464188671,0.0021865805802358386,0.028853904877024654,0.037592970122972226,0.024900000000002365,0.11489999999997735,64,8.031250000000002,4.08624774517168,0.51078096814646,7.010535683004939,9.051964316995065,0,16,64,0,0,0,0,0,0,0,64,51.109375,3.695201467970169,0.4619001834962711,50.18634113672164,52.03240886327836,43,61,64,802.2656249999997,310.4815124822314,38.81018906027892,724.7096507379497,879.8215992620496,292,1740,64,0.912262424889473,0.03068493538828596,0.003835616923535745,0.9045975560855928,0.9199272936933531,0.8081395348837209,0.9631490787269682,64,12.826231870355837,4.646709205633586,0.5808386507041983,11.665518445990598,13.986945294721076,5.212121212121212,27.136363636363637,64,0.06747805853675821,0.024020325310100874,0.0030025406637626093,0.061477959797794274,0.07347815727572216,0.028455284552845527,0.1511627906976744,64,0.22161865234375008,0.030026602984204957,0.0037533253730256196,0.21411823008156122,0.22911907460593894,0.1328125,0.28515625,63,0.984375,0.9166589839990573,0.9972364580766624,1,0,0.5539243689372174,0
atlas,18,16,4,periodic,64,64,0.7409667968750001,0.036384351755560686,0.004548043969445086,0.7318782562216911,0.7500553375283091,0.65625,0.828125,64,-0.5959297932139151,0.08934740566958153,0.011168425708697692,-0.6182481111037366,-0.5736114753240937,-0.7872340425531915,-0.37777777777777777,64,0.5959297932139151,0.08934740566958153,0.011168425708697692,0.5736114753240937,0.6182481111037366,0.37777777777777777,0.7872340425531915,64,47.42187500000001,2.328598512355884,0.2910748140444855,46.84020839818823,48.00354160181178,42,53,64,9.546875000000005,2.0073649117409835,0.25092061396762294,9.04545016415431,10.0482998358457,5,14,64,37.87499999999999,3.2538133915917156,0.40672667394896445,37.062221597723166,38.68777840227682,31,47,64,702.9531249999999,282.5779527053707,35.32224408817134,632.3672525857938,773.5389974142059,250,1587,64,655.5312500000001,281.8196523811885,35.227456547648565,585.1347953709464,725.9277046290538,205,1539,64,0.026345312499996613,0.010649628202585193,0.0013312035253231491,0.023685114524996838,0.029005510474996388,0.021200000000021646,0.10400000000004184,64,7.406249999999998,4.786617422481804,0.5983271778102255,6.210588542889813,8.601911457110184,0,26,64,0,0,0,0,0,0,0,64,37.85937500000001,3.236042985862398,0.4045053732327997,37.05103551300142,38.66771448699859,31,47,64,665.0937500000001,281.87494236792423,35.23436779599053,594.6834843431853,735.5040156568149,212,1546,64,0.9220440274945974,0.030606195005654212,0.0038257743757067766,0.9143988274530855,0.9296892275361092,0.82,0.9697542533081286,64,14.767561365956299,5.7094674967261945,0.7136834370907743,13.34137881909226,16.193743912820338,5.555555555555555,33.0625,64,0.062173253112427315,0.02458175074466414,0.0030727188430830174,0.05603291447252712,0.06831359175232751,0.02349206349206349,0.152,64,0.2590332031249999,0.036384351755560665,0.004548043969445083,0.24994466247169084,0.26812174377830894,0.171875,0.34375,63,0.984375,0.9166589839990573,0.9972364580766624,1,0,0.6145743879049824,0
atlas,18,16,8,periodic,64,64,0.6835937499999999,0.09731960825441938,0.012164951031802422,0.6592840351553697,0.7079034648446301,0.46875,0.875,64,-0.7187050423134416,0.16015948846535186,0.020019936058168982,-0.7587116921971534,-0.6786983924297297,-0.92,-0.17647058823529413,64,0.7187050423134416,0.16015948846535186,0.020019936058168982,0.6786983924297297,0.7587116921971534,0.17647058823529413,0.92,64,21.874999999999996,3.11422746414142,0.3892784330176775,21.09708912497183,22.652910875028162,15,28,64,2.90625,1.388372920032426,0.17354661500405325,2.559444763220163,3.253055236779837,1,7,64,18.968749999999993,4.015718125502843,0.5019647656878554,17.96565345780903,19.971846542190956,10,24,64,515.953125,301.87837505096763,37.734796881370954,440.54615052817144,591.3600994718286,109,1158,64,494.078125,300.36402806454487,37.54550350806811,419.04942315047305,569.1068268495269,88,1133,64,0.02216093750000958,0.004821170811748843,0.0006026463514686054,0.020956644863067666,0.023365230136951496,0.015399999999999636,0.05190000000004602,64,6.546875,7.003241171397848,0.875405146424731,4.79751740476816,8.296232595231839,0,34,64,0,0,0,0,0,0,0,64,18.796874999999996,3.8469930021680776,0.4808741252710097,17.835924739621742,19.75782526037825,10,24,64,497.15625000000006,300.1956091781512,37.5244511472689,422.16961793657396,572.1428820634262,93,1135,64,0.9385735164390794,0.03984739072820995,0.004980923841026243,0.9286199343883486,0.9485270984898102,0.8073394495412844,0.9832893579595426,64,23.056195648135642,12.993940444669766,1.6242425555837208,19.810405898425206,26.301985397846078,5.190476190476191,59.8421052631579,64,0.05152690917267217,0.03174392207254247,0.003967990259067809,0.04359751336564962,0.05945630497969472,0.012313104661389622,0.14678899082568808,64,0.31640624999999994,0.09731960825441938,0.012164951031802422,0.2920965351553697,0.3407159648446302,0.125,0.53125,53,0.828125,0.7178678837734179,0.9012225769875536,11,0,0.752126368047377,0
atlas,18,32,2,periodic,64,64,0.8503723144531248,0.010701199012311069,0.0013376498765388836,0.8476992344731392,0.8530453944331103,0.82421875,0.87109375,64,-0.47385350190728526,0.021688505217458923,0.0027110631521823653,-0.47927112931762533,-0.4684358744969452,-0.5248868778280543,-0.4225352112676056,64,0.47385350190728526,0.021688505217458923,0.0027110631521823653,0.4684358744969452,0.47927112931762533,0.4225352112676056,0.5248868778280543,64,435.3906249999999,5.479013894303267,0.6848767367879084,434.0220080502473,436.7592419497525,422,446,64,114.51562499999997,4.327806686334973,0.5409758357918716,113.43457105481303,115.59667894518691,105,123,64,320.875,7.358183005529096,0.919772875691137,319.0369805725955,322.7130194274045,303,337,64,5857.859375000001,1456.514101928664,182.064262741083,5494.032977420347,6221.685772579654,3679,10518,64,5422.46875,1456.453552774303,182.05669409678788,5058.657477149093,5786.280022850907,3247,10078,64,0.14817968750000254,0.024608903922812505,0.003076112990351563,0.14203256619800833,0.15432680880199676,0.12739999999996598,0.2416000000000622,64,33.750000000000014,7.003400534570266,0.8754250668212833,32.00060259703212,35.49939740296791,20,53,64,0,0,0,0,0,0,0,64,320.875,7.358183005529096,0.919772875691137,319.0369805725955,322.7130194274045,303,337,64,5536.984374999997,1456.7346338310135,182.0918292288767,5173.102890190171,5900.865859809824,3369,10200,64,0.9212230495180033,0.018960863571262764,0.0023701079464078455,0.9164867667185459,0.9259593323174606,0.8813696414127797,0.9581669518919946,64,13.455791159353344,3.3460166408809777,0.4182520801101222,12.619981070675657,14.291601248031032,8.429545454545455,23.904545454545456,64,0.05806532627830078,0.014063556316579257,0.0017579445395724072,0.054552354433370295,0.06157829812323126,0.030233884768967486,0.08979483080202505,64,0.149627685546875,0.01070119901231107,0.0013376498765388838,0.1469546055668895,0.1523007655268605,0.12890625,0.17578125,64,1,0.9433759402071946,1,0,0,0.47837935675672594,0
atlas,18,32,3,periodic,64,64,0.7807617187499996,0.013661906442349445,0.0017077383052936806,0.7773490760585156,0.7841743614414836,0.7470703125,0.8203125,64,-0.530155763560066,0.029323528891176173,0.0036654411113970216,-0.5374805631391929,-0.5228309639809391,-0.5880149812734082,-0.45185185185185184,64,0.530155763560066,0.029323528891176173,0.0036654411113970216,0.5228309639809391,0.5374805631391929,0.45185185185185184,0.5880149812734082,64,266.5,4.663264065655268,0.5829080082069085,265.3351512946401,267.6648487053599,255,280,64,62.59374999999999,3.8450906650197747,0.48063633312747184,61.633274929302864,63.55422507069712,55,74,64,203.90625,5.769979092696842,0.7212473865871053,202.46495210619585,205.34754789380415,188,220,64,4971.265624999998,1234.4300046012818,154.30375057516022,4662.9141843626485,5279.617065637348,2404,7863,64,4704.765625,1235.0375708209385,154.37969635261732,4396.262418836524,5013.268831163476,2138,7591,64,0.1129953124999865,0.023472905215715368,0.002934113151964421,0.1071319552320727,0.1188586697679003,0.0944000000001779,0.20610000000010587,64,30.531250000000004,7.257112001559202,0.9071390001949002,28.718477358208812,32.3440226417912,14,51,64,0,0,0,0,0,0,0,64,203.90625,5.769979092696842,0.7212473865871053,202.46495210619585,205.34754789380415,188,220,64,4767.359375000001,1235.6621047250626,154.45776309063282,4458.700164908927,5076.018585091075,2199,7654,64,0.9427808343628481,0.01569902664582277,0.0019623783307278465,0.9388593341847905,0.9467023345409057,0.889351081530782,0.9657586558044806,64,18.66958946360688,4.671395068944545,0.5839243836180681,17.502709694056463,19.836469233157295,9.037593984962406,29.20446096654275,64,0.04382847863413208,0.012266642787674404,0.0015333303484593005,0.04076436243372841,0.04689259483453574,0.026336686077289572,0.08527454242928452,64,0.21923828125,0.01366190644234943,0.0017077383052936787,0.215825638558516,0.222650923941484,0.1796875,0.2529296875,64,1,0.9433759402071946,1,0,0,0.5362748590949676,0
atlas,18,32,4,periodic,64,64,0.7391967773437502,0.01850270676091451,0.0023128383451143136,0.7345749387104117,0.7438186159770888,0.69921875,0.78125,64,-0.5657336082999069,0.04269142499602343,0.005336428124502929,-0.576397608973349,-0.5550696076264648,-0.6717948717948717,-0.4838709677419355,64,0.5657336082999069,0.04269142499602343,0.005336428124502929,0.5550696076264648,0.576397608973349,0.4838709677419355,0.6717948717948717,64,189.23437500000006,4.736692930794114,0.5920866163492643,188.0511843098654,190.41756569013472,179,200,64,41.06250000000001,3.8908725099762496,0.4863590637470312,40.09058896469189,42.034411035308125,32,49,64,148.17187499999994,6.17613092914717,0.7720163661433963,146.62912339604605,149.71462660395383,135,163,64,3786.2031249999995,985.140118624459,123.14251482805737,3540.122445111132,4032.283804888867,2334,6119,64,3596.96875,984.5062894306828,123.06328617883536,3351.046395933002,3842.891104066998,2146,5932,64,0.12529687499999656,0.037471792433420824,0.004683974054177603,0.11593669974741824,0.13465705025257488,0.08500000000003638,0.28470000000015716,64,31.140625,8.813530700729327,1.1016913375911659,28.939070534747678,33.34217946525232,13,53,64,0,0,0,0,0,0,0,64,148.17187499999994,6.17613092914717,0.7720163661433963,146.62912339604605,149.71462660395383,135,163,64,3638.03125,984.4049684276687,123.05062105345858,3392.1342051665183,3883.9282948334817,2191,5974,64,0.9466919704038771,0.013537458673151776,0.001692182334143972,0.9433104138402199,0.9500735269675343,0.9192307692307692,0.9694394508906684,64,20.002879865003973,5.144515288458675,0.6430644110573344,18.717818180935883,21.287941549072062,12.380952380952381,32.72192513368984,64,0.041722355432782014,0.010620534497746307,0.0013275668122182884,0.0390694248490212,0.04437528601654283,0.023696682464454975,0.0625,64,0.26080322265625006,0.018502706760914502,0.0023128383451143128,0.2561813840229116,0.26542506128958854,0.21875,0.30078125,64,1,0.9433759402071946,1,0,0,0.5746422532669307,0
atlas,18,32,8,periodic,64,64,0.6668701171875,0.03469835702513857,0.004337294628142321,0.6582027254872258,0.6755375088877742,0.5859375,0.75,64,-0.6867768481713723,0.07550551897243388,0.009438189871554235,-0.7056375656397077,-0.6679161307030369,-0.8426966292134831,-0.49333333333333335,64,0.6867768481713723,0.07550551897243388,0.009438189871554235,0.6679161307030369,0.7056375656397077,0.49333333333333335,0.8426966292134831,64,85.359375,4.441389699217737,0.5551737124022171,84.2499488623649,86.4688011376351,75,96,64,13.281249999999995,2.897556441785618,0.36219455522320226,12.557461936017205,14.005038063982784,7,20,64,72.078125,6.063957237724584,0.757994654715573,70.56339355046786,73.59285644953214,56,85,64,2765.3750000000005,1374.3567903938144,171.7945987992268,2422.0708882334216,3108.6791117665794,950,8889,64,2680.015625,1373.8465001961429,171.73081252451786,2336.8389799322285,3023.1922700677715,870,8809,64,0.08148906250001886,0.03245278434598714,0.0040565980432483925,0.07338259816548531,0.08959552683455241,0.06340000000000146,0.26660000000038053,64,27,15.054398713828482,1.8817998392285602,23.23952308836057,30.76047691163943,1,61,64,0,0,0,0,0,0,0,64,72.078125,6.063957237724584,0.757994654715573,70.56339355046786,73.59285644953214,56,85,64,2693.296874999999,1373.6174773052117,171.70218466315146,2350.177438148242,3036.4163118517563,888,8822,64,0.962219319404652,0.016728175166981215,0.002091021895872652,0.9580407455748311,0.9663978932344729,0.9157894736842105,0.9910001124985938,64,32.38447210735178,16.421909153644183,2.052738644205523,28.282401251436845,36.48654296326672,11.875,111.1125,64,0.031745549257309776,0.013645479499911696,0.001705684937488962,0.02833700989395864,0.03515408862066091,0.0075374057824277195,0.06526315789473684,64,0.33312988281250006,0.0346983570251386,0.004337294628142325,0.32446249111222586,0.34179727451277425,0.25,0.4140625,64,1,0.9433759402071946,1,0,0,0.7025329833118356,0
atlas,19,16,2,periodic,64,64,0.9074707031250002,0.01487659208812618,0.0018595740110157724,0.9037546409869696,0.9111867652630309,0.859375,0.9453125,64,-0.03990713537453435,0.07814389807613333,0.009767987259516666,-0.0594269003340525,-0.0203873704150162,-0.26495726495726496,0.13043478260869565,64,0.06794697355146459,0.05508406016485489,0.006885507520606861,0.05418738471720448,0.0817065623857247,0,0.26495726495726496,64,116.15625000000003,1.904203787280151,0.23802547341001887,115.6805940463321,116.63190595366795,110,121,64,55.75,4.503966505838413,0.5629958132298016,54.62494264115345,56.87505735884655,43,65,64,60.406249999999986,4.779980573780012,0.5974975717225015,59.21224637836922,61.60025362163075,50,74,64,1866.1875,640.7931562115962,80.09914452644952,1706.122132071568,2026.252867928432,781,3949,64,1750.0312500000005,640.1729173335136,80.0216146666892,1590.1208131335836,1909.9416868664173,663,3835,64,0.05991406250000009,0.020334534446861192,0.002541816805857649,0.05483464692519419,0.06499347807480597,0.048500000000004206,0.1396999999999906,64,0,0,0,0,0,0,0,64,0,0,0,0,0,0,0,64,932.8281250000001,320.4214761389001,40.052684517362515,852.7892216921621,1012.8670283078382,390,1974,64,933.3593750000002,320.3718755460176,40.0464844432522,853.3328615516235,1013.3858884483769,391,1975,64,0.9304941211217305,0.023605271030581246,0.002950658878822656,0.9245976998570303,0.9363905423864306,0.8489116517285531,0.9711319321347176,64,16.041164273156067,5.452394183688109,0.6815492729610136,14.679196729272544,17.40313181703959,6.61864406779661,34.64035087719298,64,0.4998347976004677,0.0001752134649978262,0.000021901683124728276,0.4997910305791301,0.49987856462180524,0.499359795134443,0.5,64,0.092529296875,0.014876592088126169,0.001859574011015771,0.08881323473696928,0.09624535901303072,0.0546875,0.140625,0,0,0,0.05662405979280534,64,1,0.07944165510394458,0
atlas,19,16,3,periodic,64,64,0.8477783203125,0.021920666419629944,0.002740083302453743,0.8423027007593226,0.8532539398656774,0.80859375,0.890625,64,0.010339003132364437,0.11556676685684887,0.014445845857106109,-0.01852871631489588,0.03920672257962476,-0.25,0.323943661971831,64,0.09296229946595372,0.06844783255017377,0.008555979068771721,0.0758645396118684,0.11006005932003904,0,0.323943661971831,64,72.34375,1.8705635344750873,0.2338204418093859,71.87649713146219,72.81100286853781,69,76,64,36.54687500000001,4.290741925336605,0.5363427406670757,35.475079556638306,37.61867044336171,27,47,64,35.796875,4.2656981322587235,0.5332122665323404,34.731335310019055,36.862414689980945,24,45,64,1699.9375,608.5509167308584,76.0688645913573,1547.9260038635707,1851.9489961364293,671,3238,64,1627.5937500000002,608.3460982026702,76.04326227533377,1475.6334160096633,1779.5540839903372,600,3166,64,0.0370890624999971,0.015555585095991474,0.0019444481369989342,0.03320339295500322,0.040974732044990976,0.028999999999996362,0.09550000000001546,64,0,0,0,0,0,0,0,64,0,0,0,0,0,0,0,64,849.71875,304.23432222131066,38.02929027766383,773.7232774348548,925.7142225651452,335,1619,64,850.21875,304.31679758707173,38.03959969838397,774.2026757014598,926.2348242985402,336,1619,64,0.9518812060595562,0.017295806114073733,0.0021619757642592167,0.9475608422378897,0.9562015698812226,0.8941877794336811,0.9777640518838789,64,23.490160161068687,8.41684659883024,1.05210582485378,21.38769443624116,25.592625885896215,9.450704225352112,44.97222222222222,64,0.4998391601902515,0.0001897014608863215,0.000023712682610790188,0.4997917741752184,0.49988654620528455,0.4992548435171386,0.5,64,0.15222167968750006,0.02192066641962994,0.0027400833024537425,0.14674606013432265,0.15769729924067746,0.109375,0.19140625,0,0,0,0.05662405979280534,64,1,0.10724566993223812,0
atlas,19,16,4,periodic,64,64,0.807373046875,0.025218337174661435,0.0031522921468326794,0.8010736936761146,0.8136724000738854,0.75,0.859375,64,0.007792703813779109,0.19709240942612483,0.024636551178265603,-0.041439515233636,0.057024922861194226,-0.34615384615384615,0.4074074074074074,64,0.16565355249621003,0.10502588029980915,0.013128235037476144,0.13941886816908025,0.1918882368233398,0.01818181818181818,0.4074074074074074,64,51.671875,1.6139735791783318,0.20174669739729148,51.26871639527133,52.07503360472867,48,55,64,26.03125,5.123765821197939,0.6404707276497423,24.751371378639764,27.311128621360236,17,38,64,25.640624999999996,5.174317491992205,0.6467896864990256,24.34811894698472,26.933131053015273,16,35,64,1374.015625,643.1841053716876,80.39801317146095,1213.3530157413536,1534.6782342586464,442,3217,64,1322.3437499999998,642.7498024361782,80.34372530452228,1161.7896263868238,1482.8978736131758,392,3165,64,0.029295312500000392,0.011513696876926318,0.0014392121096157898,0.026419276592068365,0.03217134840793242,0.024900000000002365,0.11649999999997362,64,0,0,0,0,0,0,0,64,0,0,0,0,0,0,0,64,686.7812499999999,321.60369325595906,40.20046165699488,606.4470376427768,767.115462357223,221,1608,64,687.2343749999999,321.5806073966081,40.197575924576014,606.9059293188643,767.5628206811355,221,1609,64,0.9536187086590172,0.0215517396608716,0.00269396745760895,0.9482352442682458,0.9590021730497886,0.8868778280542986,0.9838358719303699,64,26.51078164139363,12.258667480278705,1.532333435034838,23.448657613503453,29.57290566928381,8.84,61.86538461538461,64,0.499788208097369,0.0002717719548349708,0.00003397149435437135,0.4997203214829107,0.49985609471182735,0.4990059642147117,0.5,64,0.19262695312499994,0.02521833717466143,0.003152292146832679,0.18632759992611447,0.19892630632388542,0.140625,0.25,0,0,0,0.05662405979280534,64,0,0.18756985723486178,1
atlas,19,16,8,periodic,64,64,0.771484375,0.062468990323072515,0.007808623790384064,0.7558800854983836,0.7870886645016164,0.625,0.9375,64,-0.10397977902733338,0.39849854354891007,0.04981231794361376,-0.20352175349098978,-0.00443780456367697,-0.8461538461538461,0.6666666666666666,64,0.3580885868861412,0.19880067217195665,0.024850084021494582,0.3084296565009419,0.4077475172713405,0.04,0.8461538461538461,64,24.6875,1.9990076903383205,0.24987596129229006,24.188162735948275,25.186837264051725,20,30,64,11.0625,4.998015479183586,0.6247519348979482,9.814032879475157,12.310967120524843,2,22,64,13.625000000000002,4.984101708559914,0.6230127135699892,12.380008435967234,14.86999156403277,4,24,64,935.2343749999999,647.9745179730916,80.99681474663645,773.375156276755,1097.0935937232448,266,3668,64,910.5468749999999,647.1626210507815,80.89532763134768,748.89046209378,1072.2032879062197,245,3642,64,0.03161093749999288,0.01274129789791046,0.0015926622372388075,0.028428255980776796,0.034793619019208966,0.02189999999995962,0.12840000000005602,64,0,0,0,0,0,0,0,64,0,0,0,0,0,0,0,64,467.35937500000006,323.94876957250455,40.49359619656307,386.4393800079447,548.2793699920554,133,1834,64,467.87500000000006,324.0259395847955,40.503242448099435,386.93572851241623,548.8142714875839,133,1834,64,0.9633950123691751,0.019217680086815573,0.0024022100108519466,0.9585945787128405,0.9681954460255098,0.9166666666666666,0.9929116684841875,64,37.2648072017807,24.564643478225545,3.070580434778193,31.128741829892494,43.400872573668906,12,141.07692307692307,64,0.49965574077685704,0.00043394955373834477,0.000054243694217293096,0.4995473434035265,0.49976413815018755,0.4984025559105431,0.5,64,0.228515625,0.062468990323072515,0.007808623790384064,0.2129113354983836,0.2441199145016164,0.0625,0.375,0,0,0,0.05662405979280534,64,0,0.3995733723612249,0
atlas,19,32,2,periodic,64,64,0.9070739746093751,0.007331126351620359,0.0009163907939525449,0.905242713733027,0.9089052354857232,0.888671875,0.92578125,64,-0.003160332196730248,0.04473816586463448,0.00559227073307931,-0.01433559352739478,0.008014929133934283,-0.1206896551724138,0.08779443254817987,64,0.035798665871801985,0.026641382572870364,0.0033301728216087955,0.029143846508780463,0.04245348523482351,0,0.1206896551724138,64,464.42187500000006,3.753536692029624,0.469192086503703,463.4842694313098,465.3594805686903,455,474,64,231.50000000000006,11.071198154284314,1.3838997692855393,228.73449698425168,234.26550301574844,204,254,64,232.921875,10.044827599712029,1.2556034499640036,230.41275172060801,235.43099827939199,211,260,64,10586.890624999998,2161.045397503126,270.13067468789075,10047.077545992706,11126.70370400729,6665,16498,64,10122.468750000004,2160.3608161950156,270.04510202437694,9582.826674315544,10662.110825684464,6198,16029,64,0.18336093750000165,0.03775340883247798,0.004719176104059747,0.17393041656396402,0.1927914584360393,0.15809999999999036,0.34969999999998436,64,0,0,0,0,0,0,0,64,0,0,0,0,0,0,0,64,5293.234375,1080.5246630091474,135.06558287614342,5023.327344839408,5563.141405160592,3332,8249,64,5293.65625,1080.5207918164365,135.06509897705456,5023.750186834576,5563.562313165424,3333,8249,64,0.9543273594815297,0.009297602912122923,0.0011622003640153653,0.9520048873755854,0.956649831587474,0.9299324831207801,0.9715723117953692,64,22.79052058764518,4.6113768702250155,0.5764221087781269,21.638632918068552,23.942408257221807,14.271948608137045,35.17697228144989,64,0.49997892996839705,0.000026011308947808368,0.000003251413618476046,0.49997243253674273,0.49998542740005136,0.4999249812453113,0.5,64,0.09292602539062499,0.007331126351620362,0.0009163907939525452,0.09109476451427685,0.09475728626697312,0.07421875,0.111328125,0,0,0,0.05662405979280534,64,1,0.041358063778863315,0
atlas,19,32,3,periodic,64,64,0.8469085693359375,0.012607058103732707,0.0015758822629665884,0.843759419919612,0.850057718752263,0.8173828125,0.8642578125,64,-0.0026581293793176896,0.06329163011979745,0.007911453764974681,-0.018467908188144897,0.013151649429509516,-0.12413793103448276,0.16376306620209058,64,0.05062701198021772,0.037539710560966576,0.004692463820120822,0.04124987128415856,0.06000415267627688,0.003389830508474576,0.16376306620209058,64,289.078125,4.303209166074104,0.537901145759263,288.0032153325609,290.1530346674391,279,295,64,144.17187500000003,9.66675646510015,1.2083445581375187,141.75719108013953,146.58655891986052,125,167,64,144.90624999999994,9.142120816083818,1.1427651020104772,142.62261616607455,147.18988383392534,120,163,64,9330.078124999998,2567.2857961043155,320.91072451303944,8688.78921367589,9971.367036324107,5387,15802,64,9041,2567.5106713739374,320.9388339217422,8399.654916504855,9682.345083495145,5098,15517,64,0.1383734374999897,0.030240460871319066,0.0037800576089148832,0.13081959512703112,0.1459272798729483,0.11830000000009022,0.25909999999998945,64,0,0,0,0,0,0,0,64,0,0,0,0,0,0,0,64,4664.828125,1283.6661974586757,160.45827468233446,4344.177849319362,4985.478400680638,2693,7901,64,4665.249999999999,1283.6196464784252,160.45245580980315,4344.611352408253,4985.888647591745,2694,7901,64,0.9666700564926413,0.008936844672832452,0.0011171055841040565,0.9644376991136498,0.9689024138716327,0.9463523296825691,0.9819643083154032,64,32.289110096029304,8.958607858474798,1.1198259823093497,30.051316435012424,34.526903757046185,18.640138408304498,55.44561403508772,64,0.49997498526473455,0.000031188724698415956,0.0000038985905873019944,0.49996719455310523,0.49998277597636387,0.4999071839613885,0.5,64,0.15309143066406253,0.01260705810373271,0.0015758822629665888,0.14994228124773706,0.156240580080388,0.1357421875,0.1826171875,0,0,0,0.05662405979280534,64,1,0.058460621506806205,0
atlas,19,32,4,periodic,64,64,0.8101806640624999,0.013722160747628907,0.0017152700934536134,0.8067529702933782,0.8136083578316216,0.78515625,0.8359375,64,-0.019146989443916164,0.08826965089911872,0.01103370636238984,-0.041196092202148746,0.0029021133143164214,-0.22488038277511962,0.19047619047619047,64,0.07133814675846772,0.054717881845141876,0.0068397352306427345,0.05767002654696694,0.0850062669699685,0,0.22488038277511962,64,207.40624999999997,3.5128731513930003,0.43910914392412503,206.52876039510483,208.28373960489512,201,214,64,101.73437499999997,9.520641214066634,1.1900801517583293,99.35618958389207,104.11256041610787,81,125,64,105.67187499999999,9.144440044647821,1.1430550055809776,103.38766184001625,107.95608815998372,85,128,64,7927.984374999999,2603.771376427732,325.4714220534665,7277.58163687868,8578.387113121318,4000,16087,64,7720.578124999999,2603.0303146902515,325.37878933628144,7070.360498592995,8370.795751407004,3798,15880,64,0.11921562500000962,0.027131035463432603,0.0033913794329290753,0.11243849398411647,0.12599275601590276,0.09519999999974971,0.2521999999999025,64,0,0,0,0,0,0,0,64,0,0,0,0,0,0,0,64,3963.750000000001,1301.870693113299,162.73383663916238,3638.552376604017,4288.947623395985,2000,8043,64,3964.2343749999995,1301.900731862841,162.73759148285512,3639.029248147633,4289.4395018523655,2000,8044,64,0.9713367074291082,0.008369760739341026,0.0010462200924176283,0.9692460034020303,0.973427411456186,0.9495,0.9871324672095481,64,38.19117016122069,12.419004626852187,1.5523755783565234,35.08899510577178,41.2933452166696,19.801980198019802,77.71497584541063,64,0.49996718165301984,0.00003668254955378653,0.000004585318694223316,0.4999580186247728,0.4999763446812669,0.49988826815642456,0.5,64,0.18981933593749992,0.013722160747628902,0.0017152700934536128,0.18639164216837822,0.1932470297066216,0.1640625,0.21484375,0,0,0,0.05662405979280534,64,1,0.08275641594838899,0
atlas,19,32,8,periodic,64,64,0.7491455078125,0.02674341646540324,0.003342927058175405,0.7424652011414585,0.7558258144835415,0.6875,0.8046875,64,-0.060127991139203224,0.2202702583595134,0.027533782294939173,-0.11514986458811975,-0.005106117690286696,-0.6122448979591837,0.5294117647058824,64,0.17757841755678241,0.14197574927917148,0.017746968659896434,0.1421139305768665,0.21304290453669833,0,0.6122448979591837,64,95.890625,3.4231573075716146,0.42789466344645183,95.03554574610669,96.74570425389331,88,103,64,45.01562500000001,10.622665476489262,1.3278331845611577,42.36216211358703,47.66908788641298,19,78,64,50.875,11.050389636167182,1.3812987045208978,48.11469479742452,53.63530520257548,24,79,64,5924.765625000001,2367.732132681596,295.9665165851995,5333.3237356791615,6516.20751432084,1877,14005,64,5828.875,2367.0581668136856,295.8822708517107,5237.601462343926,6420.148537656074,1785,13911,64,0.08871718750005186,0.022437543330153416,0.002804692916269177,0.08311245593615046,0.09432191906395326,0.0759000000002743,0.24309999999968568,64,0,0,0,0,0,0,0,64,0,0,0,0,0,0,0,64,2962.109375000001,1183.869833004463,147.9837291255579,2666.387489454992,3257.8312605450096,938,7002,64,2962.6562499999995,1183.862352825069,147.9827941031336,2666.9362329482096,3258.3762670517895,939,7003,64,0.9809351653750029,0.008706330296291932,0.0010882912870364915,0.9787603887740458,0.98310994197596,0.9497118910424306,0.9932881113887897,64,61.69532323673336,24.67715287881354,3.0846441098516926,55.53115385276894,67.85949262069778,19.885416666666668,148.98936170212767,64,0.49994444416495115,0.0000632290067167317,0.000007903625839591463,0.499928650029003,0.4999602383008993,0.49973361747469364,0.5,64,0.25085449218750006,0.02674341646540325,0.003342927058175406,0.2441741855164586,0.2575347988585415,0.1953125,0.3125,0,0,0,0.05662405979280534,64,0,0.2072052464661745,1
atlas,2,16,2,periodic,64,64,0.8636474609375,0.014594601799465371,0.0018243252249331714,0.8600018378777727,0.8672930839972273,0.828125,0.8984375,64,1,0,0,1,1,1,1,64,1,0,0,1,1,1,1,64,110.546875,1.8681090303315675,0.23351362879144594,110.08023524835491,111.01351475164509,106,115,64,110.546875,1.8681090303315675,0.23351362879144594,110.08023524835491,111.01351475164509,106,115,64,0,0,0,0,0,0,0,64,1086.8281250000002,328.77152556422135,41.09644069552767,1004.7034414048283,1168.9528085951722,613,1934,64,976.2812500000002,328.31641091270956,41.039551364088695,894.2702506622798,1058.2922493377207,505,1821,64,0.07526718750000018,0.04099887747084096,0.00512485968385512,0.0650259726190225,0.08550840238097786,0.044299999999999784,0.26850000000000307,64,0,0,0,0,0,0,0,64,4.515624999999999,2.2677321550359792,0.2834665193794974,3.94916236187671,5.082087638123288,1,11,64,1086.8281250000002,328.77152556422135,41.09644069552767,1004.7034414048283,1168.9528085951722,613,1934,64,0,0,0,0,0,0,0,64,0.889916285352069,0.0296000553733043,0.0037000069216630376,0.8825224115129024,0.8973101591912356,0.8238172920065253,0.9415718717683558,64,9.822036206906477,2.9315932445134942,0.3664491555641868,9.089746002570076,10.554326411242878,5.675925925925926,17.115044247787612,64,1,0,0,1,1,1,1,64,0.13635253906250006,0.014594601799465364,0.0018243252249331705,0.13270691600277285,0.13999816212222727,0.1015625,0.171875,64,1,0.9433759402071946,1,0,0,1,0
atlas,2,16,3,periodic,64,64,0.8210449218749999,0.02055094846910748,0.002568868558638435,0.8159114476858659,0.8261783960641339,0.7734375,0.87890625,64,1,0,0,1,1,1,1,64,1,0,0,1,1,1,1,64,70.06249999999999,1.7536809360305001,0.21921011700381252,69.62444353586055,70.50055646413942,66,75,64,70.06249999999999,1.7536809360305001,0.21921011700381252,69.62444353586055,70.50055646413942,66,75,64,0,0,0,0,0,0,0,64,815.7656249999999,311.71852088049025,38.96481511006128,737.9006552337399,893.6305947662598,348,1999,64,745.703125,311.3555962106136,38.9194495263267,667.928811118952,823.477438881048,281,1926,64,0.036182812500000765,0.01445386260987421,0.0018067328262342762,0.032572345043833745,0.039793279956167785,0.029200000000003,0.10319999999995844,64,0,0,0,0,0,0,0,64,1.3749999999999998,1.3972762620115438,0.17465953275144297,1.0259707745650632,1.7240292254349363,0,5,64,815.7656249999999,311.71852088049025,38.96481511006128,737.9006552337399,893.6305947662598,348,1999,64,0,0,0,0,0,0,0,64,0.9032482550627784,0.03180603747834043,0.003975754684792554,0.8953033432890407,0.9111931668365161,0.8074712643678161,0.9634817408704353,64,11.627531428453695,4.371940444139098,0.5464925555173873,10.535453198577537,12.719609658329853,5.1940298507462686,27.383561643835616,64,1,0,0,1,1,1,1,64,0.178955078125,0.020550948469107468,0.0025688685586384334,0.17382160393586601,0.18408855231413399,0.12109375,0.2265625,43,0.671875,0.549991058490915,0.7742944209553081,21,0,1,0
atlas,2,16,4,periodic,64,64,0.7995605468749997,0.026049803416331455,0.003256225427041432,0.7930534995885559,0.8060675941614435,0.75,0.859375,64,1,0,0,1,1,1,1,64,1,0,0,1,1,1,1,64,51.17187499999998,1.6671874186452131,0.20839842733065164,50.755423973667575,51.58832602633238,48,55,64,51.17187499999998,1.6671874186452131,0.20839842733065164,50.755423973667575,51.58832602633238,48,55,64,0,0,0,0,0,0,0,64,652.78125,284.6110946509512,35.5763868313689,581.6875138384748,723.8749861615252,243,1699,64,601.6093749999999,284.04502310163707,35.505627887704634,530.657039304345,672.5617106956548,194,1646,64,0.02795156250000108,0.012047195447684574,0.0015058994309605717,0.02494226261415367,0.030960862385848494,0.02339999999998099,0.12119999999998754,64,0,0,0,0,0,0,0,64,0.40625000000000006,0.7499999999999999,0.09374999999999999,0.21890557413868128,0.5935944258613188,0,3,64,652.78125,284.6110946509512,35.5763868313689,581.6875138384748,723.8749861615252,243,1699,64,0,0,0,0,0,0,0,64,0.9071021598220339,0.03844210798411353,0.004805263498014191,0.8974996069564571,0.9167047126876107,0.7983539094650206,0.9688051795173631,64,12.708219768281172,5.407724081536537,0.6759655101920671,11.357410483918652,14.059029052643691,4.959183673469388,32.056603773584904,64,1,0,0,1,1,1,1,64,0.200439453125,0.026049803416331452,0.0032562254270414315,0.19393240583855623,0.20694650041144377,0.140625,0.25,18,0.28125,0.18593372333727837,0.40133930282207403,46,0,1,0
atlas,2,16,8,periodic,64,64,1,0,0,1,1,1,1,64,1,0,0,1,1,1,1,64,1,0,0,1,1,1,1,64,32,0,0,32,32,32,32,64,32,0,0,32,32,32,32,64,0,0,0,0,0,0,0,64,905.7812500000001,261.79268841270033,32.72408605158754,840.3873821261755,971.1751178738248,469,1506,64,873.7812500000001,261.79268841270033,32.72408605158754,808.3873821261755,939.1751178738248,437,1474,64,0.030696875000000293,0.004123681848076364,0.0005154602310095455,0.029666809922316816,0.03172694007768377,0.02689999999995507,0.054700000000025284,64,0,0,0,0,0,0,0,64,0,0,0,0,0,0,0,64,905.7812500000001,261.79268841270033,32.72408605158754,840.3873821261755,971.1751178738248,469,1506,64,0,0,0,0,0,0,0,64,0.9615529596531394,0.011536134723669355,0.0014420168404586694,0.9586713189378532,0.9644346003684255,0.9317697228144989,0.9787516600265604,64,28.305664062500004,8.181021512896885,1.0226276891121107,26.262105691442983,30.349222433557024,14.65625,47.0625,64,1,0,0,1,1,1,1,64,0,0,0,0,0,0,0,0,0,0,0.05662405979280534,64,0,1,0
atlas,2,32,2,periodic,64,64,0.8655395507812502,0.009377962481976181,0.0011722453102470227,0.8631970054520038,0.8678820961104966,0.845703125,0.8828125,64,1,0,0,1,1,1,1,64,1,0,0,1,1,1,1,64,443.1562500000001,4.801516790771805,0.6001895988464756,441.95686679142597,444.35563320857426,433,452,64,443.1562500000001,4.801516790771805,0.6001895988464756,441.95686679142597,444.35563320857426,433,452,64,0,0,0,0,0,0,0,64,5671.234374999999,1277.3966300823074,159.67457876028843,5352.150190653395,5990.318559346603,3366,8724,64,5228.078125000002,1276.9062476267295,159.6132809533412,4909.1164345461875,5547.039815453816,2927,8276,64,0.15372187500000223,0.025239679448262616,0.003154959931032827,0.14741719065979092,0.16002655934021354,0.13450000000000273,0.23950000000002092,64,0,0,0,0,0,0,0,64,18.906249999999993,4.370604367782852,0.5463255459728565,17.814505512067658,19.997994487932328,12,34,64,5671.234374999999,1277.3966300823074,159.67457876028843,5352.150190653395,5990.318559346603,3366,8724,64,0,0,0,0,0,0,0,64,0.9178795506832775,0.018618158415711416,0.002327269801963927,0.9132288730846289,0.9225302282819262,0.8695781342840166,0.9486474094452086,64,12.795659266534104,2.870427306798552,0.358803413349819,12.078647858842336,13.512670674225872,7.667425968109339,19.473214285714285,64,1,0,0,1,1,1,1,64,0.13446044921875,0.009377962481976164,0.0011722453102470205,0.1321179038895036,0.1368029945479964,0.1171875,0.154296875,64,1,0.9433759402071946,1,0,0,1,0
atlas,2,32,3,periodic,64,64,0.8202667236328125,0.009632069265231056,0.001204008658153882,0.8178607043176777,0.8226727429479473,0.796875,0.8408203125,64,1,0,0,1,1,1,1,64,1,0,0,1,1,1,1,64,279.984375,3.2877463091988797,0.41096828864985996,279.1631204071006,280.8056295928994,272,287,64,279.984375,3.2877463091988797,0.41096828864985996,279.1631204071006,280.8056295928994,272,287,64,0,0,0,0,0,0,0,64,5013.984375000001,1374.428325513632,171.803540689204,4670.662394292154,5357.306355707848,2253,9372,64,4734,1373.9097611364552,171.7387201420569,4390.807552819506,5077.192447180494,1981,9091,64,0.11355937500001545,0.02264634045736977,0.0028307925571712214,0.10790248746555425,0.11921626253447665,0.10070000000018808,0.2236000000000331,64,0,0,0,0,0,0,0,64,5.718750000000002,2.8700353960540577,0.3587544245067572,5.001836488699455,6.4356635113005485,2,19,64,5013.984375000001,1374.428325513632,171.803540689204,4670.662394292154,5357.306355707848,2253,9372,64,0,0,0,0,0,0,0,64,0.9398357494266986,0.017396030950977966,0.002174503868872246,0.935490350185663,0.9441811486677342,0.8792720816688859,0.9700170721297482,64,17.901356613855015,4.881256489396243,0.6101570611745304,16.682055021204647,19.120658206505382,8.283088235294118,33.35231316725979,64,1,0,0,1,1,1,1,64,0.17973327636718753,0.009632069265231065,0.001204008658153883,0.17732725705205263,0.18213929568232243,0.1591796875,0.203125,64,1,0.9433759402071946,1,0,0,1,0
atlas,2,32,4,periodic,64,64,0.80224609375,0.011211750867499728,0.001401468858437466,0.7994454817111042,0.8050467057888958,0.7734375,0.82421875,64,1,0,0,1,1,1,1,64,1,0,0,1,1,1,1,64,205.375,2.8702082220799303,0.3587760277599913,204.65804331804267,206.09195668195733,198,211,64,205.375,2.8702082220799303,0.3587760277599913,204.65804331804267,206.09195668195733,198,211,64,0,0,0,0,0,0,0,64,3927.78125,1545.504792131037,193.18809901637962,3541.7256394030587,4313.836860596942,2194,10477,64,3722.40625,1545.6379452310607,193.2047431538826,3336.317378748291,4108.495121251709,1992,10271,64,0.0922359374999999,0.017758524598959866,0.002219815574869983,0.08779999003981825,0.09667188496018156,0.0818000000003849,0.18209999999999127,64,0,0,0,0,0,0,0,64,1.4375000000000004,1.5314170219891432,0.1914271277486429,1.0549634096815916,1.8200365903184093,0,7,64,3927.78125,1545.504792131037,193.18809901637962,3541.7256394030587,4313.836860596942,2194,10477,64,0,0,0,0,0,0,0,64,0.9421340865972836,0.016153256325321302,0.002019157040665163,0.9380991232212063,0.9461690499733609,0.9079307201458523,0.9803378829817696,64,19.13383561584773,7.528245050727974,0.9410306313409967,17.253335953485134,21.014335278210325,10.861386138613861,50.859223300970875,64,1,0,0,1,1,1,1,64,0.19775390625000006,0.011211750867499733,0.0014014688584374666,0.19495329421110422,0.2005545182888959,0.17578125,0.2265625,43,0.671875,0.549991058490915,0.7742944209553081,21,0,1,0
atlas,2,32,8,periodic,64,64,0.7714843750000002,0.010509261080227348,0.0013136576350284185,0.768859239688931,0.7741095103110694,0.75,0.8046875,64,1,0,0,1,1,1,1,64,1,0,0,1,1,1,1,64,98.75000000000003,1.3451854182691005,0.16814817728363757,98.41398268018317,99.08601731981689,96,103,64,98.75000000000003,1.3451854182691005,0.16814817728363757,98.41398268018317,99.08601731981689,96,103,64,0,0,0,0,0,0,0,64,2716.3281249999995,1551.9447508441203,193.99309385551504,2328.663860579494,3103.992389420505,468,7298,64,2617.578125,1551.4950680490595,193.93688350613243,2230.026187999575,3005.130062000425,371,7200,64,0.08634062500000542,0.03037882365379588,0.003797352956724485,0.0787522206323219,0.09392902936768893,0.07240000000001601,0.30920000000014625,64,0,0,0,0,0,0,0,64,0.062499999999999986,0.30210898905832195,0.037763623632290244,-0.012964580136899703,0.13796458013689966,0,2,64,2716.3281249999995,1551.9447508441203,193.99309385551504,2328.663860579494,3103.992389420505,468,7298,64,0,0,0,0,0,0,0,64,0.9503092036498306,0.03187602523636309,0.003984503154545386,0.9423468094543008,0.9582715978453604,0.7927350427350427,0.9865716634694437,64,27.44154234013998,15.620709840938748,1.9525887301173435,23.539605117877414,31.343479562402543,4.824742268041237,74.46938775510205,64,1,0,0,1,1,1,1,64,0.22851562500000006,0.010509261080227327,0.001313657635028416,0.22589048968893086,0.23114076031106925,0.1953125,0.25,3,0.046875,0.016069016786292974,0.12899653740093686,61,0,1,0
atlas,20,16,2,periodic,64,64,0.8677978515625001,0.017624137172774137,0.002203017146596767,0.8633954730825875,0.8722002300424128,0.828125,0.9140625,64,-1,0,0,-1,-1,-1,-1,64,1,0,0,1,1,1,1,64,111.07812500000001,2.2558895581150895,0.2819861947643862,110.5146205545712,111.64162944542883,106,117,64,0,0,0,0,0,0,0,64,111.07812500000001,2.2558895581150895,0.2819861947643862,110.5146205545712,111.64162944542883,106,117,64,1066.6874999999993,302.653339070947,37.83166738386838,991.0869452756558,1142.2880547243428,525,1870,64,955.6093749999998,302.6376961794573,37.82971202243216,880.0127277536895,1031.2060222463099,415,1753,64,0.051239062500000765,0.018912485312471885,0.0023640606640589856,0.046514864230033204,0.055963260769968326,0.041400000000010095,0.1115000000000066,64,5.031249999999999,2.3160499350375203,0.28950624187969004,4.452717939539,5.609782060460998,2,11,64,0,0,0,0,0,0,0,64,0,0,0,0,0,0,0,64,1066.6874999999993,302.653339070947,37.83166738386838,991.0869452756558,1142.2880547243428,525,1870,64,0.8873291153783605,0.03216301562597548,0.004020376953246935,0.8792950331164712,0.8953631976402497,0.7904761904761904,0.9374331550802139,64,9.60677064071394,2.7445586751597943,0.3430698343949743,8.921200281726588,10.292340999701292,4.7727272727272725,15.982905982905983,64,0,0,0,0,0,0,0,64,0.13220214843749997,0.017624137172774144,0.002203017146596768,0.1277997699575873,0.13660452691741265,0.0859375,0.171875,64,1,0.9433759402071946,1,0,0,1,0
atlas,20,16,3,periodic,64,64,0.8221435546875004,0.024987680942215918,0.0031234601177769898,0.8159018177012001,0.8283852916738008,0.7734375,0.87890625,64,-1,0,0,-1,-1,-1,-1,64,1,0,0,1,1,1,1,64,70.15624999999999,2.132282107069087,0.26653526338363587,69.62362177716902,70.68887822283095,66,75,64,0,0,0,0,0,0,0,64,70.15624999999999,2.132282107069087,0.26653526338363587,69.62362177716902,70.68887822283095,66,75,64,958.265625,406.225179644715,50.77814745558938,856.7935942653997,1059.7376557346004,286,2289,64,888.1093749999995,405.89095091871457,50.73636886483932,786.7208321171045,989.4979178828946,218,2220,64,0.031078124999996955,0.011471807661902868,0.0014339759577378585,0.028212552706649394,0.03394369729334452,0.02580000000000382,0.09429999999997563,64,1.6093749999999998,1.5997736695079063,0.1999717086884883,1.2097634271706479,2.0089865728293517,0,6,64,0,0,0,0,0,0,0,64,0,0,0,0,0,0,0,64,958.265625,406.225179644715,50.77814745558938,856.7935942653997,1059.7376557346004,286,2289,64,0.9132712065657275,0.03889852605135541,0.004862315756419426,0.9035546438591372,0.9229877692723177,0.7622377622377622,0.9698558322411533,64,13.64286336573253,5.772732874159066,0.7215916092698833,12.200877597785743,15.084849133679318,4.205882352941177,33.17391304347826,64,0,0,0,0,0,0,0,64,0.17785644531250003,0.024987680942215856,0.003123460117776982,0.1716147083261997,0.18409818229880034,0.12109375,0.2265625,46,0.71875,0.5986606971779259,0.8140662766627217,18,0,1,0
atlas,20,16,4,periodic,64,64,0.802001953125,0.028398511273539036,0.0035498139091923796,0.7949082160718568,0.8090956901781432,0.75,0.859375,64,-1,0,0,-1,-1,-1,-1,64,1,0,0,1,1,1,1,64,51.328125,1.8175047215064983,0.2271880901883123,50.874125828598835,51.782124171401165,48,55,64,0,0,0,0,0,0,0,64,51.328125,1.8175047215064983,0.2271880901883123,50.874125828598835,51.782124171401165,48,55,64,652.9843749999999,352.39081353842045,44.048851692302556,564.9597688117886,741.0089811882111,246,2115,64,601.65625,351.8951511752257,43.98689389690321,513.7554565862605,689.5570434137395,197,2066,64,0.028270312500003666,0.01427418226259653,0.0017842727828245662,0.024704727859169044,0.03183589714083829,0.023099999999999454,0.11000000000001364,64,0.46875,1.0230478894592296,0.1278809861824037,0.21320024069416893,0.7242997593058311,0,5,64,0,0,0,0,0,0,0,64,0,0,0,0,0,0,0,64,652.9843749999999,352.39081353842045,44.048851692302556,564.9597688117886,741.0089811882111,246,2115,64,0.9011344878429778,0.04462237386173932,0.005577796732717415,0.8899881504940489,0.9122808251919067,0.8008130081300813,0.9768321513002364,64,12.673504155084547,6.789724611042129,0.8487155763802662,10.97748140973501,14.369526900434085,5.020408163265306,43.16326530612245,64,0,0,0,0,0,0,0,64,0.19799804687500003,0.02839851127353903,0.0035498139091923787,0.19090430982185688,0.20509178392814317,0.140625,0.25,17,0.265625,0.17296379074222612,0.38482873728565137,47,0,1,0
atlas,20,16,8,periodic,64,64,1,0,0,1,1,1,1,64,-1,0,0,-1,-1,-1,-1,64,1,0,0,1,1,1,1,64,32,0,0,32,32,32,32,64,0,0,0,0,0,0,0,64,32,0,0,32,32,32,32,64,865.2499999999998,300.19676087209075,37.524595109011344,790.2630802519872,940.2369197480124,412,1859,64,833.2499999999998,300.19676087209075,37.524595109011344,758.2630802519872,908.2369197480124,380,1827,64,0.04131093750000759,0.01679179804686025,0.002098974755857531,0.037116471147649925,0.045505403852365255,0.030600000000049477,0.15829999999994016,64,0,0,0,0,0,0,0,64,0,0,0,0,0,0,0,64,0,0,0,0,0,0,0,64,865.2499999999998,300.19676087209075,37.524595109011344,790.2630802519872,940.2369197480124,412,1859,64,0.9588260816862341,0.013414051037803656,0.001676756379725457,0.9554753514326983,0.9621768119397698,0.9223300970873787,0.9827864443249059,64,27.039062499999993,9.381148777252836,1.1726435971566045,24.6957212578746,29.382403742125387,12.875,58.09375,64,0,0,0,0,0,0,0,64,0,0,0,0,0,0,0,0,0,0,0.05662405979280534,64,0,1,0
atlas,20,32,2,periodic,64,64,0.8656005859374999,0.007339961173819138,0.0009174951467273922,0.8637671181882285,0.8674340536867713,0.8515625,0.8828125,64,-1,0,0,-1,-1,-1,-1,64,1,0,0,1,1,1,1,64,443.18749999999994,3.7580601209953985,0.4697575151244248,442.248764512373,444.1262354876269,436,452,64,0,0,0,0,0,0,0,64,443.18749999999994,3.7580601209953985,0.4697575151244248,442.248764512373,444.1262354876269,436,452,64,5859.1875,1323.4890981255353,165.4361372656919,5528.589759703943,6189.785240296057,3390,9382,64,5416,1323.6851157712263,165.46063947140328,5085.353295952888,5746.646704047112,2947,8935,64,0.15566250000000176,0.02469073793313703,0.0030863422416421288,0.14949493717043397,0.16183006282956955,0.13489999999990232,0.2358000000001539,64,18.781249999999996,4.935999118880323,0.6169998898600404,17.548274105361852,20.01422589463814,8,30,64,0,0,0,0,0,0,0,64,0,0,0,0,0,0,0,64,5859.1875,1323.4890981255353,165.4361372656919,5528.589759703943,6189.785240296057,3390,9382,64,0.9206327495273285,0.01737556420924185,0.002171945526155231,0.916292462726266,0.9249730363283911,0.8693215339233038,0.95235557450437,64,13.222818488258532,2.9897832739109993,0.3737229092388749,12.475992847057693,13.969644129459372,7.652370203160271,20.988814317673377,64,0,0,0,0,0,0,0,64,0.13439941406249994,0.007339961173819116,0.0009174951467273895,0.1325659463132286,0.1362328818117713,0.1171875,0.1484375,64,1,0.9433759402071946,1,0,0,1,0
atlas,20,32,3,periodic,64,64,0.8238830566406252,0.011152482402933133,0.0013940603003666416,0.8210972494236839,0.8266688638575665,0.802734375,0.849609375,64,-1,0,0,-1,-1,-1,-1,64,1,0,0,1,1,1,1,64,281.21874999999994,3.80671399353451,0.47583924919181375,280.26786113661734,282.16963886338254,274,290,64,0,0,0,0,0,0,0,64,281.21874999999994,3.80671399353451,0.47583924919181375,280.26786113661734,282.16963886338254,274,290,64,4578.531250000002,1182.0187462423153,147.7523432802894,4283.271752170558,4873.7907478294455,2340,8397,64,4297.312499999999,1181.9561117063522,147.74451396329403,4002.068647812128,4592.55635218787,2054,8112,64,0.13912656250000668,0.04779157873013634,0.005973947341267043,0.1271885813290688,0.15106454367094457,0.10400000000004184,0.3260999999999967,64,5.125000000000002,3.1547394428670255,0.3943424303583782,4.336969533778696,5.913030466221308,0,15,64,0,0,0,0,0,0,0,64,0,0,0,0,0,0,0,64,4578.531250000002,1182.0187462423153,147.7523432802894,4283.271752170558,4873.7907478294455,2340,8397,64,0.9345397051280211,0.01713840348150465,0.002142300435188081,0.930258659314125,0.9388207509419172,0.8777777777777778,0.9660593068953197,64,16.28298623166756,4.17845449938654,0.5223068124233174,15.239239352767274,17.326733110567847,8.181818181818182,29.46315789473684,64,0,0,0,0,0,0,0,64,0.17611694335937497,0.011152482402933124,0.0013940603003666405,0.17333113614243367,0.17890275057631627,0.150390625,0.197265625,63,0.984375,0.9166589839990573,0.9972364580766624,1,0,1,0
atlas,20,32,4,periodic,64,64,0.80316162109375,0.0134889295377134,0.001686116192214175,0.7997921867474478,0.8065310554400522,0.7734375,0.83984375,64,-1,0,0,-1,-1,-1,-1,64,1,0,0,1,1,1,1,64,205.609375,3.4531659616546304,0.4316457452068288,204.74679980734663,206.47195019265337,198,215,64,0,0,0,0,0,0,0,64,205.609375,3.4531659616546304,0.4316457452068288,204.74679980734663,206.47195019265337,198,215,64,3787.71875,1196.9925205472389,149.62406506840486,3488.718914637046,4086.718585362954,1497,7620,64,3582.1093749999995,1196.1232234285064,149.5154029285633,3283.3266835965283,3880.892066403471,1296,7413,64,0.1071906249999728,0.031657741693350755,0.003957217711668844,0.09928275641116382,0.11509849358878177,0.08909999999968932,0.31409999999959837,64,1.7031249999999996,1.7966431441167128,0.2245803930145891,1.254336895583706,2.1519131044162934,0,8,64,0,0,0,0,0,0,0,64,0,0,0,0,0,0,0,64,3787.71875,1196.9925205472389,149.62406506840486,3488.718914637046,4086.718585362954,1497,7620,64,0.94039475524201,0.018845173210667105,0.002355646651333388,0.9356873710347973,0.9451021394492227,0.8657314629258517,0.9728346456692913,64,18.402399854359718,5.760411663973707,0.7200514579967133,16.96349183314372,19.841307875575716,7.447761194029851,36.81159420289855,64,0,0,0,0,0,0,0,64,0.19683837890625006,0.013488929537713404,0.0016861161922141754,0.1934689445599478,0.20020781325255232,0.16015625,0.2265625,45,0.703125,0.5822979889645707,0.8009484867446022,19,0,1,0
atlas,20,32,8,periodic,64,64,0.77099609375,0.011037577157103271,0.001379697144637909,0.76823898900947,0.77375319849053,0.75,0.796875,64,-1,0,0,-1,-1,-1,-1,64,1,0,0,1,1,1,1,64,98.6875,1.4128098761092187,0.17660123451365234,98.33459059321216,99.04040940678784,96,102,64,0,0,0,0,0,0,0,64,98.6875,1.4128098761092187,0.17660123451365234,98.33459059321216,99.04040940678784,96,102,64,2556.0468750000005,1400.5952751426744,175.0744093928343,2206.188584752427,2905.905165247574,980,9820,64,2457.3593749999995,1400.2297472165342,175.02871840206677,2107.5923909117046,2807.1263590882945,883,9721,64,0.082778125000047,0.019889196786436546,0.002486149598304568,0.07780995146298335,0.08774629853711065,0.07140000000026703,0.20890000000008513,64,0,0,0,0,0,0,0,64,0,0,0,0,0,0,0,64,0,0,0,0,0,0,0,64,2556.0468750000005,1400.5952751426744,175.0744093928343,2206.188584752427,2905.905165247574,980,9820,64,0.9524816669598664,0.020470624996421518,0.0025588281245526897,0.9473682569772304,0.9575950769425023,0.9010204081632653,0.989918533604888,64,25.853284658374363,14.103403231807032,1.762925403975879,22.330359350169623,29.376209966579104,10.103092783505154,99.1919191919192,64,0,0,0,0,0,0,0,64,0.22900390625,0.011037577157103273,0.0013796971446379091,0.22624680150946996,0.23176101099053004,0.203125,0.25,0,0,0,0.05662405979280534,64,0,1,0
atlas,21,16,2,periodic,64,64,0.8350830078124998,0.019543259576562985,0.002442907447070373,0.8302012468193932,0.8399647688056063,0.78125,0.875,64,0.11580101347848637,0.08813728559837819,0.011017160699797274,0.09378497458861537,0.13781705236835737,-0.09615384615384616,0.2692307692307692,64,0.12410371836705576,0.07579383963159761,0.009474229953949701,0.10517098054091373,0.1430364561931978,0,0.2692307692307692,64,106.89062499999997,2.501537225800062,0.31269215322500776,106.26575959288233,107.51549040711761,100,112,64,59.65625000000001,5.155421710769453,0.6444277138461816,58.368463972697235,60.94403602730278,47,68,64,47.23437500000001,4.611036406929762,0.5763795508662203,46.082572375624146,48.38617762437587,38,58,64,1080.7656250000005,346.2802673579712,43.2850334197464,994.2673878329564,1167.2638621670446,436,2337,64,973.8750000000002,345.95006062211417,43.24375757776427,887.4592460214157,1060.2907539785847,336,2231,64,0.057120312499999264,0.05274405760461656,0.00659300720057707,0.04394523891395498,0.07029538608604355,0.039299999999997226,0.41919999999998936,64,0,0,0,0,0,0,0,64,10.859375000000004,3.250724888634426,0.40634061107930325,10.047368082807582,11.671381917192425,4,19,64,972.8750000000002,345.95006062211417,43.24375757776427,886.4592460214157,1059.2907539785847,335,2230,64,107.89062499999997,2.501537225800062,0.31269215322500776,107.26575959288233,108.51549040711761,101,113,64,0.8918643403218205,0.03257461737480519,0.004071827171850648,0.8837274430021738,0.9000012376414672,0.7706422018348624,0.9546427043217801,64,10.105572215792131,3.218757861895456,0.402344732736932,9.30155042429425,10.909594007290012,4.36,22.047169811320753,64,0.8908510746406587,0.032886928873749964,0.0041108661092187455,0.8826361642297325,0.899065985051585,0.768348623853211,0.9542148053059478,64,0.16491699218749994,0.01954325957656302,0.0024429074470703775,0.1600352311943934,0.1697987531806065,0.125,0.21875,64,1,0.9433759402071946,1,0,0,0.13992001890114053,0
atlas,21,16,3,periodic,64,64,0.7507324218749999,0.031101418540189687,0.003887677317523711,0.742963518675154,0.7585013250748458,0.64453125,0.8203125,64,0.16711607703172754,0.11553916867562211,0.014442396084452764,0.13825525140502287,0.1959769026584322,-0.08196721311475409,0.4626865671641791,64,0.17218971321985344,0.10770543041454456,0.01346317880181807,0.14528569718897466,0.1990937292507322,0,0.4626865671641791,64,64.06249999999999,2.653987715429518,0.33174846442868977,63.399553593613135,64.72544640638684,55,70,64,37.453125000000014,4.649388720701944,0.581173590087743,36.29174225268535,38.614507747314676,28,50,64,26.609375000000004,3.3882016932711836,0.42352521165889795,25.763027398762354,27.455722601237653,18,33,64,798.9531249999999,351.2964392703798,43.91205490879747,711.2018853703532,886.7043646296465,383,2753,64,734.8906250000001,350.6718774367287,43.83398467959109,647.2953962745405,822.4858537254597,320,2687,64,0.03113124999999606,0.013372001963353378,0.0016715002454191722,0.027791023292741572,0.03447147670725055,0.023500000000012733,0.09600000000000364,64,0,0,0,0,0,0,0,64,12.5,5.1701217326247475,0.6462652165780934,11.208542016491053,13.791457983508947,4,25,64,733.8906250000001,350.6718774367287,43.83398467959109,646.2953962745405,821.4858537254597,319,2686,64,65.06249999999997,2.653987715429519,0.3317484644286899,64.39955359361312,65.72544640638682,56,71,64,0.9099205233335165,0.027965479974180505,0.003495684996772563,0.9029349542805843,0.9169060923864486,0.8307692307692308,0.9760261532873229,64,12.440540712599393,5.281806348527665,0.6602257935659581,11.121184742098615,13.759896683100171,5.909090909090909,41.71212121212121,64,0.9085101768232847,0.02840725750170891,0.0035509071877136136,0.9014142550273483,0.9156060986192212,0.8282051282051283,0.9756629131856157,64,0.24926757812499992,0.031101418540189663,0.003887677317523708,0.24149867492515403,0.2570364813248458,0.1796875,0.35546875,64,1,0.9433759402071946,1,0,0,0.19466517382284443,0
atlas,21,16,4,periodic,64,64,0.6916503906249999,0.040938786207151176,0.005117348275893897,0.6814241860950825,0.7018765951549173,0.625,0.796875,64,0.12874855916475966,0.17020056222552168,0.02127507027819021,0.0862337236828743,0.17126339464664503,-0.2857142857142857,0.5686274509803921,64,0.17485689043210098,0.12143841445295568,0.01517980180661946,0.14452247705450383,0.20519130380969813,0,0.5686274509803921,64,44.26562499999999,2.6200823172576753,0.3275102896572094,43.61114791008528,44.92010208991471,40,51,64,25.078124999999993,4.67789359563292,0.584736699454115,23.909621946781073,26.246628053218913,15,40,64,19.187500000000004,3.463528799653865,0.43294109995673313,18.322336247432943,20.052663752567064,11,27,64,623.5312499999999,282.59859741673307,35.324824677091634,552.9402206903308,694.122279309669,224,1829,64,579.2656249999999,282.2234419401683,35.27793024252104,508.7683067401518,649.762943259848,182,1779,64,0.024265624999994632,0.009447939537691307,0.0011809924422114134,0.021905599922312988,0.026625650077676276,0.01999999999998181,0.0905999999999949,64,0,0,0,0,0,0,0,64,15.125000000000002,6.077541273945241,0.7596926592431551,13.606875359179016,16.643124640820986,2,28,64,578.2656249999999,282.2234419401683,35.27793024252104,507.7683067401518,648.762943259848,181,1778,64,45.26562499999999,2.6200823172576753,0.3275102896572094,44.61114791008528,45.92010208991471,41,52,64,0.9175345041808699,0.03034281010325567,0.0037928512629069587,0.909955095730452,0.9251139126312878,0.8125,0.9726626571897211,64,14.086661116450152,6.208910533406112,0.776113816675764,12.535721410976468,15.637600821923836,5.333333333333333,36.58,64,0.9156672031525593,0.031027059945395823,0.003878382493174478,0.9079168741770461,0.9234175321280725,0.8080357142857143,0.9721159103335156,64,0.30834960937499994,0.04093878620715117,0.005117348275893896,0.2981234048450826,0.3185758139049173,0.203125,0.375,64,1,0.9433759402071946,1,0,0,0.20019808529314043,0
atlas,21,16,8,periodic,64,64,0.55615234375,0.10913447014479305,0.013641808768099131,0.5288913642153927,0.5834133232846073,0.3125,0.84375,64,0.04645490799531341,0.3924844048316719,0.04906055060395899,-0.05158477931496792,0.14449459530559475,-0.8571428571428571,0.7777777777777778,64,0.3166370816652968,0.23320777552850602,0.029150971941063253,0.25838351258158576,0.37489065074900785,0,0.8571428571428571,64,17.796875,3.4923030446333776,0.4365378805791722,16.924523654892567,18.669226345107433,10,27,64,9.875000000000002,5.081869422308767,0.6352336777885959,8.605586787700497,11.144413212299506,1,24,64,7.921875,2.206086008339311,0.2757607510424139,7.3708111111559775,8.472938888844022,3,13,64,386.9999999999999,249.9533924808751,31.244174060109387,324.56350025810866,449.4364997418911,44,1103,64,369.203125,248.9392849855703,31.11741062319629,307.01994177340146,431.38630822659854,31,1086,64,0.02199218749999865,0.0039404014253466004,0.0004925501781683251,0.021007904509739075,0.022976470490258225,0.01269999999999527,0.03129999999998745,64,0,0,0,0,0,0,0,64,24.625000000000004,18.96487982209923,2.370609977762404,19.887713970933216,29.36228602906679,0,99,64,368.21874999999994,248.9280809473431,31.116010118417886,306.0383654588801,430.3991345411198,30,1085,64,18.78125,3.4799596330444773,0.43499495413055966,17.911981947368957,19.650518052631043,11,28,64,0.9310360959162032,0.0509645064394381,0.006370563304929762,0.9183055409852672,0.9437666508471392,0.7045454545454546,0.9845874886672711,64,21.66612117869608,13.29634284745519,1.6620428559318987,18.344793556280422,24.98744880111174,3.3846153846153846,64.88235294117646,64,0.9269849339132646,0.05439929294966947,0.006799911618708684,0.9133963948400413,0.940573472986488,0.6818181818181818,0.9836808703535811,64,0.44384765625,0.10913447014479302,0.013641808768099128,0.4165866767153927,0.4711086357846073,0.15625,0.6875,63,0.984375,0.9166589839990573,0.9972364580766624,1,0,0.36530177898862043,1
atlas,21,32,2,periodic,64,64,0.83905029296875,0.009679798633593252,0.0012099748291991565,0.8366323512121318,0.8414682347253682,0.8125,0.859375,64,0.12241968994589865,0.048102760611064915,0.006012845076383114,0.11040397785386609,0.1344354020379312,0.034482758620689655,0.23433874709976799,64,0.12241968994589865,0.048102760611064915,0.006012845076383114,0.11040397785386609,0.1344354020379312,0.034482758620689655,0.23433874709976799,64,429.59375,4.956056900399745,0.6195071125499682,428.35576382061146,430.83173617938854,416,440,64,241.140625,11.775502129286272,1.471937766160784,238.1991920858135,244.0820579141865,222,266,64,188.45312500000003,9.660802305734045,1.2076002882167556,186.03992838489677,190.8663216151033,165,210,64,5694.281250000001,1239.9608476761846,154.99510595952307,5384.548245868789,6004.0142541312125,3427,10323,64,5264.6875,1239.2536012032556,154.90670015040695,4955.1311607813395,5574.2438392186605,3011,9892,64,0.21890468750000736,0.04627209186555886,0.005784011483194858,0.2073462628547336,0.23046311214528112,0.16679999999996653,0.35200000000008913,64,0,0,0,0,0,0,0,64,43.046875,7.319098061139188,0.9148872576423985,41.21861870121758,44.87513129878242,22,60,64,5263.6875,1239.2536012032556,154.90670015040695,4954.1311607813395,5573.2438392186605,3010,9891,64,430.59375,4.956056900399745,0.6195071125499682,429.35576382061146,431.83173617938854,417,441,64,0.9210957839529169,0.016945054824265768,0.002118131853033221,0.9168630351965961,0.9253285327092378,0.878611030055442,0.958248571151797,64,13.251931575657052,2.868122788792477,0.35851534859905965,12.535495819435596,13.968367331878508,8.23798076923077,23.951276102088165,64,0.920912037666331,0.01698480320289592,0.00212310040036199,0.9166693600604456,0.9251547152722164,0.8783192296469216,0.958151700087184,64,0.16094970703125006,0.009679798633593261,0.0012099748291991576,0.15853176527463178,0.16336764878786833,0.140625,0.1875,64,1,0.9433759402071946,1,0,0,0.13245754687519143,0
atlas,21,32,3,periodic,64,64,0.7520599365234375,0.013618755299409523,0.0017023444124261904,0.7486580726667527,0.7554618003801223,0.720703125,0.779296875,64,0.1625411174703255,0.060048492682397134,0.007506061585299642,0.1475414502897638,0.17754078465088724,0.03125,0.33587786259541985,64,0.1625411174703255,0.060048492682397134,0.007506061585299642,0.1475414502897638,0.17754078465088724,0.03125,0.33587786259541985,64,256.70312500000006,4.648535142198461,0.5810668927748076,255.54195547025162,257.8642945297485,246,266,64,149.25000000000003,8.817371022364428,1.1021713777955535,147.04748625094524,151.45251374905482,132,175,64,107.45312499999999,7.4299473122958295,0.9287434140369787,105.59717938213078,109.3090706178692,87,124,64,4474.359375000001,1228.677561990649,153.58469524883114,4167.44485177357,4781.273898226432,2250,9491,64,4217.656250000001,1228.7825981885935,153.5978247735742,3910.715489511972,4524.59701048803,1997,9239,64,0.12250937500000345,0.042641755074036516,0.0053302193842545646,0.11185778150391765,0.13316096849608924,0.09329999999999927,0.3221000000000913,64,0,0,0,0,0,0,0,64,49.12499999999999,9.25734371720164,1.157167964650205,46.81258434173329,51.437415658266694,29,72,64,4216.656250000001,1228.7825981885935,153.5978247735742,3909.715489511972,4523.59701048803,1996,9238,64,257.70312500000006,4.648535142198461,0.5810668927748076,256.5419554702516,258.8642945297485,247,267,64,0.9385986343900674,0.01611248980154149,0.0020140612251926863,0.9345738541886459,0.9426234145914889,0.8875555555555555,0.9734485301864925,64,17.437417103093278,4.839202223812394,0.6049002779765492,16.228620353430678,18.646213852755878,8.893280632411066,37.66269841269841,64,0.9383593698535612,0.016175595028453553,0.002021949378556694,0.9343188264354667,0.9423999132716556,0.8871111111111111,0.9733431672110421,64,0.2479400634765625,0.013618755299409526,0.0017023444124261908,0.2445381996198776,0.2513419273332474,0.220703125,0.279296875,64,1,0.9433759402071946,1,0,0,0.17507175335709282,0
atlas,21,32,4,periodic,64,64,0.6942138671875001,0.019679112299561388,0.0024598890374451735,0.6892981711938712,0.6991295631811291,0.65625,0.7421875,64,0.17796565005739623,0.07955665355590757,0.009944581694488447,0.15809298927889043,0.19783831083590203,-0.03409090909090909,0.32571428571428573,64,0.1790309909664872,0.07709021419030176,0.00963627677378772,0.1597744284104763,0.1982875535224981,0.005847953216374269,0.32571428571428573,64,177.71875000000003,5.037852748687715,0.6297315935859644,176.46033182563102,178.97716817436904,168,190,64,104.76562500000001,8.836687929955918,1.1045859912444898,102.5582860309957,106.97296396900433,85,124,64,72.95312500000001,6.3381677976956405,0.7922709747119551,71.36989779057069,74.53635220942934,59,91,64,4065.25,1192.4879953473824,149.0609994184228,3767.375361553506,4363.124638446494,2175,7717,64,3887.5312500000014,1192.3854970650689,149.0481871331336,3589.6822148626434,4185.380285137359,1997,7541,64,0.11985781249997984,0.03594624648567382,0.004493280810709228,0.11087870728700916,0.12883691771295053,0.08019999999987704,0.3120000000003529,64,0,0,0,0,0,0,0,64,58.53125,12.046166155570784,1.505770769446348,55.52220722367272,61.54029277632728,32,83,64,3886.5312500000014,1192.3854970650689,149.0481871331336,3588.6822148626434,4184.380285137359,1996,7540,64,178.71875000000003,5.037852748687715,0.6297315935859644,177.46033182563102,179.97716817436904,169,191,64,0.9528464214288612,0.012645127049160909,0.0015806408811451136,0.9496877626729032,0.9560050801848192,0.9181609195402299,0.9771932097965531,64,22.889438751394856,6.729360671714202,0.8411700839642753,21.208494469453473,24.57038303333624,12.219101123595506,43.84659090909091,64,0.9525810570570604,0.012715703286432971,0.0015894629108041214,0.9494047688815676,0.9557573452325533,0.9177011494252874,0.9770636257613062,64,0.3057861328125,0.01967911229956137,0.0024598890374451714,0.300870436818871,0.310701828806129,0.2578125,0.34375,64,1,0.9433759402071946,1,0,0,0.19511781282163007,0
atlas,21,32,8,periodic,64,64,0.5551757812500001,0.052544000688075986,0.006568000086009498,0.5420506803948477,0.5683008821051525,0.4375,0.6796875,64,0.1844266136265647,0.19122106301062833,0.02390263287632854,0.1366610132768084,0.232192213976321,-0.3114754098360656,0.6363636363636364,64,0.22343860978917005,0.14283309402565475,0.017854136753206844,0.1877599644635273,0.25911725511481276,0,0.6363636363636364,64,71.06250000000001,6.725632088073726,0.8407040110092158,69.38248709054051,72.74251290945952,56,87,64,42.56250000000001,10.039406483437283,1.2549258104296603,40.054730875162726,45.07026912483729,21,69,64,28.500000000000007,4.9505491117588685,0.6188186389698586,27.26338962527904,29.736610374720975,14,40,64,2721.890625,1660.9221393330238,207.61526741662797,2307.0046188750684,3136.7766311249316,514,8342,64,2650.8281250000005,1659.9346569151976,207.4918321143997,2236.18878464389,3065.467465356111,451,8272,64,0.0685046874999813,0.02240136354756033,0.0028001704434450414,0.06290899337687682,0.07410038162308578,0.049500000000080036,0.1956000000000131,64,0,0,0,0,0,0,0,64,99.12500000000001,38.8119192950449,4.851489911880613,89.43007101745864,108.81992898254138,39,204,64,2649.8281250000005,1659.9346569151976,207.4918321143997,2235.18878464389,3064.467465356111,450,8271,64,72.06250000000001,6.725632088073726,0.8407040110092158,70.38248709054051,73.74251290945952,57,88,64,0.9649890799472598,0.020083733376617424,0.002510466672077178,0.9599723126158008,0.9700058472787187,0.877431906614786,0.991608726923999,64,38.29392076192991,22.74756472169004,2.843445590211255,32.61174815855897,43.976093365300855,8.158730158730158,119.17142857142858,64,0.9644909115993463,0.020380891896746064,0.002547611487093258,0.9593999162780963,0.9695819069205963,0.8754863813229572,0.9914888515943419,64,0.4448242187500001,0.05254400068807601,0.006568000086009502,0.43169911789484766,0.45794931960515256,0.3203125,0.5625,64,1,0.9433759402071946,1,0,0,0.2532443453516306,0
atlas,22,16,2,periodic,64,64,0.8885498046874999,0.02046939310357559,0.002558674137946949,0.8834367024225412,0.8936629069524585,0.828125,0.921875,64,-0.003982134608736318,0.004410678890668671,0.0005513348613335839,-0.005083889414644266,-0.0028803798028283704,-0.009174311926605505,0,64,0.003982134608736318,0.004410678890668671,0.0005513348613335839,0.0028803798028283704,0.005083889414644266,0,0.009174311926605505,64,113.73437499999999,2.6200823172576757,0.32751028965720946,113.07989791008528,114.38885208991469,106,118,64,56.640625,1.325778447578437,0.16572230594730464,56.30945539722548,56.97179460277452,53,59,64,57.09375,1.3418626003042329,0.1677328250380291,56.758562695414966,57.428937304585034,53,59,64,1326.7031249999995,398.73469238418954,49.84183654802369,1227.1021623123922,1426.3040876876069,724,2376,64,1212.9687499999998,397.9061055691485,49.73826319614356,1113.5747621405792,1312.3627378594203,610,2261,64,0.05399843749999976,0.029593062744490334,0.0036991328430612917,0.04660631036754039,0.06139056463245913,0.03880000000000905,0.19510000000002492,64,1.3437499999999993,2.405144948276969,0.3006431185346211,0.7429626674023992,1.9445373325975994,0,10,64,0.890625,1.5646612037561622,0.19558265046952028,0.4997842601530958,1.2814657398469043,0,7,64,680.2656249999998,319.34398243440177,39.91799780430022,600.495871611413,760.0353783885865,244,1932,64,646.4375,270.42041783295946,33.80255222911993,578.888489439875,713.986510560125,241,1412,64,0.906814065857381,0.026366285663441985,0.003295785707930248,0.9002279636577636,0.9134001680569984,0.8425414364640884,0.9515993265993266,64,11.645198444782517,3.427660035427417,0.4284575044284271,10.788994442935934,12.5014024466291,6.350877192982456,20.660869565217393,64,0.5053323531637729,0.1434771187577679,0.017934639844720986,0.46949283524655916,0.5411718710809866,0.24853645556146886,0.8353825136612022,64,0.11145019531249999,0.020469393103575585,0.002558674137946948,0.10633709304754131,0.11656329757745866,0.078125,0.171875,47,0.734375,0.6151712627143486,0.8270362092577739,17,1,0.004902534251151015,0
atlas,22,16,3,periodic,64,64,0.8133544921874999,0.027678022950534863,0.003459752868816858,0.8064407277626408,0.820268256612359,0.73828125,0.8671875,64,-0.0067881755047774954,0.007291838004276986,0.0009114797505346233,-0.008609622443957517,-0.0049667285655974735,-0.015873015873015872,0,64,0.0067881755047774954,0.007291838004276986,0.0009114797505346233,0.0049667285655974735,0.008609622443957517,0,0.015873015873015872,64,69.40625,2.361857958445642,0.29523224480570526,68.81627543574535,69.99622456425465,63,74,64,34.46875000000001,1.2340249026326249,0.1542531128290781,34.16049975082363,34.77700024917638,31,37,64,34.93749999999999,1.1801936887041644,0.14752421108802055,34.64269638797941,35.23230361202057,32,37,64,1090.1093750000007,512.4854815500662,64.06068519375827,962.0943105956558,1218.1244394043456,460,2976,64,1020.7031249999993,511.00727419068477,63.875909273835596,893.0573058077175,1148.3489441922811,394,2905,64,0.03192968749999549,0.013327840293342597,0.0016659800366678247,0.028600492049691995,0.035258882950298984,0.025199999999983902,0.09459999999995716,64,1.4843750000000002,2.10812628382918,0.2635157854786475,0.9577807222838224,2.0109692777161783,0,9,64,1.6250000000000002,2.768874620972692,0.3461093276215865,0.9333556984691925,2.316644301530808,0,12,64,563.9687500000002,398.0713012924926,49.758912661561574,464.53349747665345,663.404002523347,127,2521,64,526.1406249999999,345.75722591985505,43.21965323998188,439.7730396968565,612.5082103031433,140,1957,64,0.924109137988772,0.029684526816996196,0.0037105658521245245,0.9166941638107786,0.9315241121667655,0.8565217391304348,0.9761424731182796,64,15.567642115353333,6.98738897689796,0.873423622112245,13.822244280491125,17.31303995021554,6.96969696969697,41.91549295774648,64,0.5133701088723176,0.1937700907347856,0.0242212613418482,0.4649677803419122,0.561772437402723,0.114880144730891,0.8733448474381117,64,0.18664550781249997,0.027678022950534873,0.003459752868816859,0.17973174338764084,0.1935592722373591,0.1328125,0.26171875,53,0.828125,0.7178678837734179,0.9012225769875536,11,1,0.008309801825360758,0
atlas,22,16,4,periodic,64,64,0.7666015624999998,0.04505176076818188,0.005631470096022735,0.7553479674931244,0.7778551575068752,0.671875,0.875,64,-0.011567338445935476,0.010318230220556793,0.001289778777569599,-0.014144755668035637,-0.008989921223835315,-0.023255813953488372,0,64,0.011567338445935476,0.010318230220556793,0.001289778777569599,0.008989921223835315,0.014144755668035637,0,0.023255813953488372,64,49.062499999999986,2.8833126891636405,0.36041408614545506,48.34226991955996,49.78273008044001,43,56,64,24.25,1.490711984999861,0.1863389981249826,23.87763122539415,24.62236877460585,21,28,64,24.812500000000004,1.4351041110399663,0.17938801387999578,24.454021659021336,25.17097834097867,22,28,64,802.484375,425.0165259975566,53.12706574969457,696.3184056072206,908.6503443927794,299,2167,64,753.4218749999999,423.4563677486793,52.932045968584916,647.6456215424055,859.1981284575943,253,2112,64,0.025546875000001624,0.009771077644418634,0.0012213847055523293,0.023106132424881656,0.027987617575121592,0.021200000000021646,0.10119999999994889,64,1.5624999999999998,3.028305618763556,0.3785382023454445,0.8060517633601809,2.3189482366398186,0,12,64,2.4999999999999996,3.8089285249183273,0.4761160656147909,1.548557963136501,3.451442036863498,0,17,64,451.4218749999999,338.49877750300925,42.312347187876156,366.8673961652538,535.976353834746,89,1619,64,351.06249999999994,299.8272452331958,37.478405654149476,276.16788251227473,425.95711748772516,82,1829,64,0.9233105044624331,0.034244547926561786,0.004280568490820223,0.9147564709021903,0.931864538022676,0.845679012345679,0.9746958637469586,64,16.142564147439177,8.083854532979869,1.0104818166224836,14.123277365802467,18.16185092907589,6.48,39.51923076923077,64,0.5487201491485701,0.2070876953121169,0.025885961914014613,0.4969911819736471,0.6004491163234932,0.15597600369173972,0.9456906729634003,64,0.23339843749999997,0.04505176076818188,0.005631470096022735,0.2221448424931246,0.24465203250687534,0.125,0.328125,51,0.796875,0.6828636426898583,0.8772658218081634,13,1,0.013720498002720447,0
atlas,22,16,8,periodic,64,64,0.6699218750000001,0.09895833333333334,0.012369791666666668,0.645202818809965,0.6946409311900352,0.46875,0.84375,64,-0.028123128224083943,0.025610873300324195,0.0032013591625405244,-0.034520534029758895,-0.02172572241840899,-0.06666666666666667,0,64,0.028123128224083943,0.025610873300324195,0.0032013591625405244,0.02172572241840899,0.034520534029758895,0,0.06666666666666667,64,21.437500000000004,3.166666666666667,0.39583333333333337,20.64649020191888,22.228509798081127,15,27,64,10.4375,1.6891342762417092,0.21114178453021365,10.015566811753096,10.859433188246904,7,13,64,10.999999999999998,1.5118578920369088,0.1889822365046136,10.622349134976588,11.377650865023408,8,14,64,515.8906250000001,328.0153943922958,41.00192429903697,433.95481735186854,597.8264326481317,75,1505,64,494.453125,326.5403025606925,40.817537820086564,412.8857843282476,576.0204656717524,59,1488,64,0.02410625000000444,0.012588983279032729,0.0015736229098790911,0.0209616155405536,0.02725088445945528,0.01670000000001437,0.11629999999991014,64,1.8906249999999998,3.8590943402544755,0.48238679253180944,0.926651915307147,2.8545980846928525,0,20,64,6.328124999999998,7.902289576797065,0.9877861970996331,4.354191794993425,8.302058205006572,0,30,64,302.3125,280.4917945776611,35.06147432220764,232.24773438138283,372.3772656186172,33,1466,64,213.578125,224.84384737938703,28.10548092242338,157.41380300567835,269.74244699432165,14,987,64,0.9387482943582117,0.04147052238148557,0.005183815297685696,0.9283892660839073,0.9491073226325162,0.7866666666666666,0.988704318936877,64,23.544853309905065,14.655842711506981,1.8319803389383726,19.88393272550364,27.20577389430649,4.6875,88.52941176470588,64,0.5882388892119236,0.26865966532847846,0.03358245816605981,0.5211297015411798,0.6553480768826674,0.08958333333333333,0.9740863787375416,64,0.3300781249999999,0.09895833333333334,0.012369791666666668,0.3053590688099648,0.354797181190035,0.15625,0.53125,58,0.90625,0.810171204003544,0.9563217474148016,6,1,0.033467484322510524,0
atlas,22,32,2,periodic,64,64,0.8993530273437501,0.009408581850667466,0.0011760727313334333,0.8970028335237734,0.9017032211637268,0.87890625,0.921875,64,-0.0010841236905238946,0.0010928075093959442,0.00013660093867449302,-0.0013570988844235224,-0.0008111484966242667,-0.002207505518763797,0,64,0.0010841236905238946,0.0010928075093959442,0.00013660093867449302,0.0008111484966242667,0.0013570988844235224,0,0.002207505518763797,64,460.46875000000006,4.817193907541743,0.6021492384427178,459.265450764172,461.6720492358281,450,472,64,229.98437500000006,2.380424048524477,0.2975530060655596,229.38976276443034,230.57898723556977,225,236,64,230.48437499999997,2.462365538992744,0.307795692374093,229.8692943891156,231.09945561088435,225,236,64,7408.296874999999,1888.1642355228369,236.0205294403546,6936.64748215213,7879.9462678478685,4298,13298,64,6947.828125000001,1887.429809940067,235.92872624250836,6476.362186204321,7419.294063795681,3846,12845,64,0.16502031249999055,0.04157067487333513,0.005196334359166891,0.15463626687757387,0.17540435812240723,0.13239999999996144,0.33950000000004366,64,2.390625,3.4897454653166915,0.43621818316458644,1.5189125191974715,3.2623374808025285,0,14,64,1.8124999999999998,2.833333333333333,0.35416666666666663,1.1047543911905733,2.520245608809426,0,10,64,3689.5312500000005,1719.1160608737177,214.88950760921472,3260.1088347821888,4118.953665217812,1487,11141,64,3718.765624999999,1418.8140670626442,177.35175838283052,3364.3564159362472,4073.174834063751,1594,7939,64,0.9341641251692313,0.015348641683053315,0.0019185802103816644,0.9303301485507477,0.9379981017877149,0.8948348068869242,0.9659347270266205,64,16.083824510464055,4.087757283986989,0.5109696604983737,15.0627331218921,17.10491589903601,9.508849557522124,29.35540838852097,64,0.49230652302024347,0.1516179299120215,0.018952241239002687,0.454433490980711,0.5301795550597759,0.18749360352062225,0.8377951571664912,64,0.10064697265625003,0.009408581850667437,0.0011760727313334296,0.09829677883627334,0.10299716647622671,0.078125,0.12109375,60,0.9375,0.8500251490779133,0.9754287986033819,4,1,0.0013121656010343277,0
atlas,22,32,3,periodic,64,64,0.8372039794921873,0.012889591192099972,0.0016111988990124965,0.8339842554102258,0.8404237035741488,0.80859375,0.8671875,64,-0.001700664722197935,0.0017688734844562054,0.00022110918555702568,-0.0021425161720202792,-0.0012588132723755907,-0.0035842293906810036,0,64,0.001700664722197935,0.0017688734844562054,0.00022110918555702568,0.0012588132723755907,0.0021425161720202792,0,0.0035842293906810036,64,285.76562499999994,4.39964712690346,0.5499558908629325,284.66662584669047,286.8646241533094,276,296,64,142.64062500000003,2.263353232958316,0.2829191541197895,142.07525618406677,143.20599381593328,138,148,64,143.12500000000003,2.1639176700003357,0.27048970875004197,142.5844694486702,143.66553055132985,138,148,64,6099.578124999998,1627.1611446396453,203.39514307995566,5693.1253644315175,6506.030885568479,3209,10061,64,5813.812500000001,1625.2773035676294,203.15966294595367,5407.830308930254,6219.794691069747,2922,9774,64,0.12274531249997973,0.03464658726953407,0.0043308234086917585,0.11409085249989315,0.13139977250006632,0.10589999999979227,0.27870000000007167,64,2.312500000000001,4.492939787767909,0.5616174734709887,1.1901970333748615,3.4348029666251403,0,27,64,2.093750000000001,2.96925382107496,0.37115672763437,1.3520524635389135,2.8354475364610883,0,10,64,3203.6874999999995,1474.9513941413004,184.36892426766255,2835.2556038549947,3572.1193961450044,897,7411,64,2895.8906249999995,1132.356415330123,141.54455191626536,2613.036408332796,3178.744841667203,1222,5894,64,0.9498079743984642,0.013429101745592274,0.0016786377181990343,0.9464534845899826,0.9531624642069458,0.9105640386413213,0.971474008547858,64,21.312618034094694,5.538752806037109,0.6923441007546386,19.929078748181638,22.69615732000775,11.181184668989546,35.055749128919864,64,0.5163212565009401,0.15946561725012076,0.019933202156265095,0.4764879304898138,0.5561545825120663,0.1735009671179884,0.8125205569564741,64,0.16279602050781247,0.012889591192099972,0.0016111988990124965,0.15957629642585103,0.16601574458977392,0.1328125,0.19140625,56,0.875,0.7722543817887005,0.9352775733666955,8,1,0.0020697848878066154,0
atlas,22,32,4,periodic,64,64,0.7946166992187502,0.022647104573298757,0.0028308880716623446,0.788959620813809,0.8002737776236915,0.7109375,0.8359375,64,-0.001776091576232813,0.0023913717218511685,0.00029892146523139606,-0.002373438459234414,-0.0011787446932312123,-0.005235602094240838,0,64,0.001776091576232813,0.0023913717218511685,0.00029892146523139606,0.0011787446932312123,0.002373438459234414,0,0.005235602094240838,64,203.42187500000006,5.797658770764482,0.7247073463455602,201.9736629283351,204.870087071665,182,214,64,101.53124999999997,2.9383547388680906,0.3672943423585113,100.79727082462647,102.26522917537348,91,107,64,101.89062500000001,2.8791378091035407,0.3598922261379426,101.17143777357052,102.60981222642951,91,107,64,5483.703125000001,1445.2036235911094,180.65045294888867,5122.702000847503,5844.704249152499,2624,9798,64,5280.28125,1442.2506603437228,180.28133254296534,4920.01775411973,5640.54474588027,2433,9588,64,0.19230624999998014,0.0624765629072184,0.0078095703634023,0.17670006892312495,0.20791243107683532,0.12950000000000728,0.4731000000001586,64,3.187499999999999,6.384194272415002,0.7980242840518752,1.5927757192630545,4.782224280736944,0,40,64,2.1093750000000004,4.577783436388859,0.5722229295486074,0.9658787205230326,3.2528712794769685,0,21,64,2467.46875,1035.702613576813,129.46282669710163,2208.7579346618463,2726.1795653381537,560,4818,64,3016.2343750000005,1250.191258284774,156.27390728559675,2703.945890333066,3328.522859666935,626,6685,64,0.9603772751887893,0.01042222554710775,0.0013027781933884687,0.9577738807070293,0.9629806696705494,0.9269806498722162,0.9785670545009185,64,26.87537895853866,6.7177719409039724,0.8397214926129966,25.197329455424086,28.553428461653237,13.695,46.65714285714286,64,0.45435062661169956,0.17037712211924202,0.021297140264905253,0.4117916877805886,0.4969095654428105,0.14512152166255723,0.79296875,64,0.20538330078125,0.02264710457329872,0.00283088807166234,0.1997262223763088,0.2110403791861912,0.1640625,0.2890625,48,0.75,0.631837235413303,0.8398507346902941,16,1,0.002275111734405958,0
atlas,22,32,8,periodic,64,64,0.7037353515624999,0.0401824733985606,0.005022809174820075,0.6936980683511118,0.713772634773888,0.6015625,0.7734375,64,-0.0061718216439819226,0.005690600684196871,0.0007113250855246088,-0.0075932914012977765,-0.004750351886666069,-0.012987012987012988,0,64,0.0061718216439819226,0.005690600684196871,0.0007113250855246088,0.004750351886666069,0.0075932914012977765,0,0.012987012987012988,64,90.07812499999999,5.1433565950157565,0.6429195743769696,88.79335274894231,91.36289725105766,77,99,64,44.76562499999999,2.641200950385536,0.330150118798192,44.10587263248753,45.42537736751245,38,49,64,45.31249999999999,2.525269119714596,0.3156586399643245,44.68170654216233,45.943293457837655,39,50,64,3171.8124999999995,1621.8538469275372,202.73173086594215,2766.6854629551854,3576.9395370448137,1172,10428,64,3081.734375,1620.3762961182276,202.54703701477845,2676.9764191659206,3486.4923308340794,1084,10333,64,0.07931093749998296,0.01759862113270446,0.0021998276415880575,0.07491493273723977,0.08370694226272614,0.06210000000010041,0.1940999999997075,64,3.8906250000000018,7.94248609173855,0.9928107614673187,1.906651004308977,5.874598995691026,0,37,64,7.34375,12.34326337698628,1.542907922123285,4.260494545844616,10.427005454155385,0,46,64,1725.2656250000002,1173.9433917585511,146.7429239698189,1432.0232907030736,2018.5079592969269,284,6121,64,1446.5468750000002,1166.8168193128467,145.85210241410584,1155.0847055340064,1738.009044465994,194,5889,64,0.9654147788896881,0.014573429015989034,0.0018216786269986292,0.9617744446339133,0.9690551131454629,0.9249146757679181,0.9908899117759877,64,35.040392623590286,17.235303847322896,2.154412980915362,30.73514181849417,39.3456434286864,13.318181818181818,109.76842105263158,64,0.5479271798074115,0.23865706852583166,0.029832133565728957,0.4883124178331217,0.6075419417817013,0.1147011308562197,0.9344796380090498,64,0.2962646484374999,0.040182473398560584,0.005022809174820073,0.2862273652261118,0.30630193164888797,0.2265625,0.3984375,53,0.828125,0.7178678837734179,0.9012225769875536,11,1,0.007359309322112486,0
atlas,23,16,2,periodic,64,64,0.8514404296874998,0.021676223938616276,0.0027095279923270345,0.8460258700493378,0.8568549893256617,0.78125,0.8984375,64,0.46559451190563794,0.040786827548929726,0.005098353443616216,0.45540626551915947,0.4757827582921164,0.3584905660377358,0.5555555555555556,64,0.46559451190563794,0.040786827548929726,0.005098353443616216,0.45540626551915947,0.4757827582921164,0.3584905660377358,0.5555555555555556,64,108.98437499999997,2.7745566641428834,0.3468195830178604,108.29131136631524,109.6774386336847,100,115,64,79.87500000000001,3.307039149527557,0.41337989369094463,79.04892619897448,80.70107380102554,72,87,64,29.109375000000004,2.1830311495716224,0.2728788936964528,28.564070043528176,29.65467995647183,24,34,64,1122.1093749999998,360.3320389910016,45.0415048738752,1032.1011097143896,1212.11764028561,538,2196,64,1013.125,360.1870986470032,45.0233873308754,923.1529397350973,1103.0970602649027,432,2083,64,0.04960312500000177,0.016234638343456075,0.0020293297929320094,0.045547833000640525,0.05365841699936301,0.03900000000001569,0.10640000000000782,64,0,0,0,0,0,0,0,64,8.437500000000002,3.5851324387217,0.4481415548402125,7.541960562174526,9.333039437825477,2,18,64,1041.2343749999998,360.11800280249855,45.01475035031232,951.2795743635213,1131.1891756364782,459,2111,64,80.87500000000001,3.307039149527557,0.41337989369094463,80.04892619897448,81.70107380102554,73,88,64,0.8929694034692107,0.03451189260866699,0.004313986576083373,0.8843485891943331,0.9015902177440883,0.8018181818181818,0.9508576726935558,64,10.298109903231866,3.296272917290936,0.412034114661367,9.47472542700242,11.121494379461312,5.045871559633028,20.349056603773583,64,0.9205826005852914,0.025769479072799313,0.003221184884099914,0.9141455762364395,0.9270196249341432,0.8531598513011153,0.9652294853963839,64,0.1485595703125,0.021676223938616266,0.0027095279923270332,0.14314501067433807,0.15397412995066193,0.1015625,0.21875,64,1,0.9433759402071946,1,0,0,0.4741057144714574,0
atlas,23,16,3,periodic,64,64,0.7842407226562499,0.02756643123784267,0.003445803904730334,0.777354833011851,0.7911266123006487,0.7265625,0.85546875,64,0.5354299084593633,0.07177106475920891,0.008971383094901114,0.5175020298983373,0.5533577870203894,0.3972602739726027,0.71875,64,0.5354299084593633,0.07177106475920891,0.008971383094901114,0.5175020298983373,0.5533577870203894,0.3972602739726027,0.71875,64,66.92187500000003,2.352335465629247,0.29404193320365585,66.33427908367798,67.50947091632207,62,73,64,51.39062499999999,3.2397196993194846,0.40496496241493557,50.581367097305844,52.19988290269414,46,59,64,15.531250000000004,2.383599718712775,0.29794996483909686,14.935844505619409,16.126655494380596,9,22,64,911.0156250000001,352.5613981060941,44.07017476326176,822.9484080546,999.0828419454002,341,2239,64,844.09375,351.5827577055977,43.947844713199714,756.2709901532075,931.9165098467925,272,2166,64,0.03142187500000393,0.012370926858941677,0.0015463658573677097,0.0283317094136562,0.034512040586351656,0.026099999999985357,0.0875000000000341,64,0,0,0,0,0,0,0,64,7.687499999999999,3.6291369388099595,0.45364211735124493,6.780968565102058,8.594031434897941,0,16,64,858.6406250000001,351.6753719160635,43.95942148950794,770.7947308117592,946.486519188241,288,2180,64,52.375,3.2046593063602358,0.40058241329502947,51.57449992289175,53.17550007710825,47,60,64,0.9169440395270388,0.02969065470205408,0.00371133183775676,0.9095275346489016,0.9243605444051761,0.7976539589442815,0.9673961589995533,64,13.555277461253615,4.950825731743409,0.6188532164679261,12.318597988916398,14.791956933590832,4.942028985507246,30.671232876712327,64,0.9350456445616592,0.02329604138161323,0.002912005172701654,0.9292264665650194,0.940864822558299,0.844574780058651,0.9739941118743867,64,0.21575927734375,0.02756643123784269,0.003445803904730336,0.20887338769935113,0.22264516698814887,0.14453125,0.2734375,63,0.984375,0.9166589839990573,0.9972364580766624,1,0,0.5504067553297741,0
atlas,23,16,4,periodic,64,64,0.7434082031250001,0.036596749100649126,0.004574593637581141,0.7342666071934644,0.7525497990565359,0.671875,0.828125,64,0.5729066562662595,0.08667741184285986,0.010834676480357483,0.5512552829904652,0.5945580295420537,0.36,0.76,64,0.5729066562662595,0.08667741184285986,0.010834676480357483,0.5512552829904652,0.5945580295420537,0.36,0.76,64,47.57812500000001,2.342191942441544,0.292773992805193,46.99306286038172,48.163187139618294,43,53,64,37.453125,3.211732892785944,0.401466611598243,36.6508579935748,38.2553920064252,31,44,64,10.125,1.963961012123932,0.2454951265154915,9.634417135692836,10.615582864307164,6,16,64,721.90625,291.2542509397523,36.40678136746904,649.1531027706982,794.6593972293018,280,1526,64,674.3281249999998,290.8214449575929,36.352680619699115,601.6830894883473,746.9731605116523,237,1479,64,0.026098437499996404,0.009239588601212696,0.001154948575151587,0.023790456937744432,0.028406418062248376,0.021299999999996544,0.09729999999990468,64,0,0,0,0,0,0,0,64,7.015625,4.021735341706383,0.5027169177132979,6.011025401922457,8.020224598077544,0,16,64,683.4687499999999,290.6553606773427,36.331920084667836,610.8652011071848,756.072298892815,248,1487,64,38.437500000000014,3.191630921097853,0.39895386513723163,37.64025431670093,39.234745683299096,32,45,64,0.9235490634011166,0.02924771662677535,0.003655964578346919,0.9162432011621863,0.930854925640047,0.8464285714285714,0.9692005242463958,64,15.152177856140096,6.051887669095548,0.7564859586369435,13.640461295148228,16.663894417131964,6.511627906976744,32.46808510638298,64,0.9383818005143831,0.023601288855746954,0.0029501611069683692,0.9324863739673604,0.9442772270614058,0.8685015290519877,0.9744429882044561,64,0.25659179687500017,0.03659674910064913,0.004574593637581142,0.24745020094346437,0.26573339280653596,0.171875,0.328125,63,0.984375,0.9166589839990573,0.9972364580766624,1,0,0.5909940892540427,0
atlas,23,16,8,periodic,64,64,0.662109375,0.08515039070784357,0.010643798838480446,0.6408394402546295,0.6833793097453705,0.40625,0.875,64,0.6276612305094437,0.13783018434897526,0.017228773043621907,0.5932322748384856,0.6620901861804017,0.25,0.92,64,0.6276612305094437,0.13783018434897526,0.017228773043621907,0.5932322748384856,0.6620901861804017,0.25,0.92,64,21.1875,2.724812502650994,0.34060156283137427,20.506862088148143,21.868137911851857,13,28,64,17.328125000000004,3.1373565229952676,0.39216956537440845,16.544436657969587,18.11181334203042,10,24,64,3.859375000000001,1.3197785708937981,0.16497232136172477,3.529704121829107,4.189045878170894,1,7,64,476.9375,296.74717339957084,37.093396674946355,402.8122615646509,551.062738435349,85,1457,64,455.75,295.7476938417246,36.96846173021557,381.874424129884,529.625575870116,64,1432,64,0.022001562499994513,0.008096844225303879,0.0010121055281629848,0.01997903098975706,0.024024094010231967,0.013800000000060209,0.07200000000000273,64,0,0,0,0,0,0,0,64,6.921875,7.109806970567496,0.888725871320937,5.145898060152307,8.697851939847693,0,37,64,458.7187499999999,295.6141022018992,36.9517627752374,384.8765443286345,532.5609556713653,68,1434,64,18.218750000000007,3.0261754898283897,0.3782719362285487,17.46283385373668,18.974666146263335,11,25,64,0.9318248718619893,0.05173731533706376,0.00646716441713297,0.918901275012085,0.9447484687118936,0.7529411764705882,0.9828414550446122,64,22.238966294499008,12.844766368293676,1.6055957960367095,19.030439120378,25.447493468620017,4.0476190476190474,58.28,64,0.9418111800649414,0.043579221721557634,0.005447402715194704,0.9309254143677302,0.9526969457621525,0.8,0.9842141386410432,64,0.337890625,0.08515039070784357,0.010643798838480446,0.3166206902546294,0.3591605597453706,0.125,0.59375,56,0.875,0.7722543817887005,0.9352775733666955,8,0,0.6564229825057484,0
atlas,23,32,2,periodic,64,64,0.8515625000000001,0.008892653137501115,0.0011115816421876394,0.8493411813380948,0.8537838186619054,0.8359375,0.873046875,64,0.4720971097120507,0.022173750480056435,0.0027717188100070543,0.4665582716415463,0.47763594778255514,0.41818181818181815,0.5238095238095238,64,0.4720971097120507,0.022173750480056435,0.0027717188100070543,0.4665582716415463,0.47763594778255514,0.41818181818181815,0.5238095238095238,64,436.00000000000006,4.553038406400571,0.5691298008000714,434.8626848451045,437.1373151548956,428,447,64,320.921875,6.1497314110919925,0.7687164263864991,319.3857177994502,322.4580322005498,309,338,64,115.078125,4.880491412611175,0.6100614265763968,113.85901451784434,116.29723548215566,105,128,64,6157.093749999998,1367.3735885828598,170.92169857285748,5815.533990145349,6498.653509854647,3780,9317,64,5721.093750000001,1367.2407356302203,170.90509195377754,5379.567175825533,6062.620324174469,3344,8889,64,0.1491437499999826,0.03819765169795222,0.004774706462244028,0.1396022604978446,0.15868523950212057,0.12940000000003238,0.3994999999999891,64,0,0,0,0,0,0,0,64,33.54687499999999,5.8089413496070526,0.7261176687008816,32.09584462399438,34.997905376005605,23,45,64,5835.171875,1366.9972951365755,170.87466189207194,5493.70611045155,6176.63763954845,3453,8996,64,321.921875,6.1497314110919925,0.7687164263864991,320.3857177994502,323.4580322005498,310,339,64,0.9256248035189591,0.016847586871496012,0.0021059483589370015,0.9214164015328403,0.929833205505078,0.8846560846560847,0.9540624664591607,64,14.122366601425671,3.140697226909887,0.3925871533637359,13.337843776386112,14.90688942646523,8.669724770642201,21.768691588785046,64,0.9450810446975991,0.012563466380779494,0.0015704332975974367,0.9419427841696857,0.9482193052255126,0.9134920634920635,0.9655468498443706,64,0.1484375,0.008892653137501129,0.0011115816421876411,0.14621618133809466,0.15065881866190534,0.126953125,0.1640625,64,1,0.9433759402071946,1,0,0,0.476724223251423,0
atlas,23,32,3,periodic,64,64,0.7786560058593751,0.01150129282537833,0.0014376616031722912,0.7757830683913306,0.7815289433274196,0.744140625,0.802734375,64,0.5220407243108055,0.029118780895517903,0.003639847611939738,0.5147670692592691,0.5293143793623419,0.4461538461538462,0.5970695970695971,64,0.5220407243108055,0.029118780895517903,0.003639847611939738,0.5147670692592691,0.5293143793623419,0.4461538461538462,0.5970695970695971,64,265.78125,3.9257746177291226,0.4907218272161403,264.80062067757416,266.76187932242584,254,274,64,202.28125,5.527618247678063,0.6909522809597579,200.90049204401095,203.66200795598905,188,218,64,63.50000000000001,3.694698045956347,0.4618372557445434,62.57709188779917,64.42290811220084,55,72,64,4876.265624999999,1184.5600381065403,148.07000476331754,4580.371331350223,5172.159918649775,2652,8162,64,4610.484375,1184.1635182048224,148.0204397756028,4314.689129074664,4906.279620925336,2383,7891,64,0.12112656249999888,0.028098631510437778,0.0035123289388047222,0.11410773318291659,0.12814539181708118,0.10220000000003893,0.23070000000006985,64,0,0,0,0,0,0,0,64,33.06250000000001,6.6233713182221345,0.8279214147777668,31.40803107082847,34.71696892917154,18,49,64,4672.984375,1184.4130217543163,148.05162771928954,4377.126804942357,4968.841945057643,2448,7950,64,203.28125,5.527618247678063,0.6909522809597579,201.90049204401095,204.66200795598905,189,219,64,0.9423584346802564,0.013883184463129873,0.001735398057891234,0.9388905183837606,0.9458263509767522,0.8985671191553545,0.9667973535898065,64,18.34435758367451,4.417491412124296,0.552186426515537,17.240901060538864,19.447814106810153,9.858736059479554,30.118081180811807,64,0.9559023385710076,0.010697035256703636,0.0013371294070879545,0.953230298666227,0.9585743784757882,0.9230769230769231,0.974025974025974,64,0.22134399414062492,0.011501292825378326,0.0014376616031722908,0.21847105667258038,0.22421693160866946,0.197265625,0.255859375,64,1,0.9433759402071946,1,0,0,0.5281170940008519,0
atlas,23,32,4,periodic,64,64,0.7379760742187501,0.016924288452586377,0.002115536056573297,0.7337485127477352,0.742203635689765,0.6953125,0.7734375,64,0.5573304101811708,0.04234595960197205,0.005293244950246506,0.5467527041956001,0.5679081161667415,0.46236559139784944,0.6577540106951871,64,0.5573304101811708,0.04234595960197205,0.005293244950246506,0.5467527041956001,0.5679081161667415,0.46236559139784944,0.6577540106951871,64,188.92187500000003,4.332617843862113,0.5415772304827641,187.83961926342022,190.00413073657984,178,198,64,147.12499999999997,5.70296497655469,0.7128706220693363,145.70044173434684,148.5495582656531,135,157,64,41.79687499999999,3.9043308777784964,0.48804135972231205,40.82160216443995,42.772147835560034,32,50,64,4462.453125000001,1506.043960336573,188.25549504207163,4086.254536905118,4838.651713094883,2064,11135,64,4273.531249999999,1505.1864512332654,188.14830640415818,3897.5468613059566,4649.515638694042,1878,10945,64,0.10466093749997896,0.02502928200802574,0.0031286602510032175,0.09840880887662613,0.11091306612333178,0.07950000000028012,0.222599999999602,64,0,0,0,0,0,0,0,64,30.546875,7.25921349428129,0.9074016867851612,28.73357742094551,32.360172579054485,16,50,64,4314.328125,1503.9971299226193,187.9996412403274,3938.640819930101,4690.0154300699,1927,10982,64,148.12499999999997,5.70296497655469,0.7128706220693363,146.70044173434684,149.5495582656531,136,158,64,0.9531590958746603,0.015111694809494921,0.0018889618511868651,0.9493843068241585,0.9569338849251621,0.9098837209302325,0.9829366861248316,64,23.596050420652638,7.909020166536048,0.988627520817006,21.620435964352254,25.571664876953022,11.096774193548388,58.60526315789474,64,0.9633943050957429,0.011432469326956138,0.0014290586658695173,0.9605385592260952,0.9662500509653905,0.9336240310077519,0.9862595419847329,64,0.26202392578125,0.01692428845258638,0.0021155360565732976,0.2577963643102351,0.2662514872522649,0.2265625,0.3046875,64,1,0.9433759402071946,1,0,0,0.5661669650611506,0
atlas,23,32,8,periodic,64,64,0.6492919921875001,0.036857855266915936,0.004607231908364492,0.6400851738762202,0.65849881049878,0.5625,0.7265625,64,0.6638529520135187,0.06981035351348058,0.008726294189185073,0.6464148445493071,0.6812910594777303,0.46987951807228917,0.8,64,0.6638529520135187,0.06981035351348058,0.008726294189185073,0.6464148445493071,0.6812910594777303,0.46987951807228917,0.8,64,83.10937500000001,4.71780547416524,0.589725684270655,81.93090225615619,84.28784774384384,72,93,64,69.20312499999996,5.702073383692627,0.7127591729615784,67.77878944761729,70.62746055238263,58,81,64,13.906249999999996,2.688710967483613,0.33608887093545164,13.234629983319666,14.577870016680327,9,22,64,2682.015625,1144.9912939599355,143.12391174499194,2396.0053095558233,2968.0259404441767,1038,5678,64,2598.90625,1143.6203127099734,142.95253908874668,2313.2383954826773,2884.5741045173227,957,5593,64,0.07575312500002694,0.020538442227374325,0.0025673052784217906,0.0706227747771292,0.08088347522292469,0.06090000000040163,0.20620000000008076,64,0,0,0,0,0,0,0,64,31.25,14.723914248380108,1.8404892810475135,27.572075651607918,34.92792434839208,7,71,64,2611.8125,1143.1823567540096,142.8977945942512,2326.2540436255076,2897.3709563744924,970,5606,64,70.20312499999996,5.702073383692627,0.7127591729615784,68.77878944761729,71.62746055238263,59,82,64,0.9629695027364304,0.01610536004547669,0.0020131700056845864,0.9589465034950843,0.9669925019777766,0.9219653179190751,0.9850299401197605,64,32.146427574280125,13.210050872288384,1.651256359036048,28.846655045923217,35.446200102637036,12.814814814814815,66.8,64,0.9688209688072192,0.013481584960342104,0.001685198120042763,0.965453369081758,0.9721885685326804,0.9344894026974951,0.9873194786896795,64,0.3507080078125,0.03685785526691592,0.00460723190836449,0.34150118950122005,0.35991482612377995,0.2734375,0.4375,64,1,0.9433759402071946,1,0,0,0.6784206469202114,0
atlas,24,16,2,periodic,64,64,0.8677978515625001,0.017624137172774137,0.002203017146596767,0.8633954730825875,0.8722002300424128,0.828125,0.9140625,64,-1,0,0,-1,-1,-1,-1,64,1,0,0,1,1,1,1,64,111.07812500000001,2.2558895581150895,0.2819861947643862,110.5146205545712,111.64162944542883,106,117,64,0,0,0,0,0,0,0,64,111.07812500000001,2.2558895581150895,0.2819861947643862,110.5146205545712,111.64162944542883,106,117,64,1066.6874999999993,302.653339070947,37.83166738386838,991.0869452756558,1142.2880547243428,525,1870,64,955.6093749999998,302.6376961794573,37.82971202243216,880.0127277536895,1031.2060222463099,415,1753,64,0.048612500000000836,0.023722941143710576,0.002965367642963822,0.04268668561558708,0.05453831438441459,0.03499999999999659,0.1810000000000116,64,5.031249999999999,2.3160499350375203,0.28950624187969004,4.452717939539,5.609782060460998,2,11,64,0,0,0,0,0,0,0,64,0,0,0,0,0,0,0,64,1066.6874999999993,302.653339070947,37.83166738386838,991.0869452756558,1142.2880547243428,525,1870,64,0.8873291153783605,0.03216301562597548,0.004020376953246935,0.8792950331164712,0.8953631976402497,0.7904761904761904,0.9374331550802139,64,9.60677064071394,2.7445586751597943,0.3430698343949743,8.921200281726588,10.292340999701292,4.7727272727272725,15.982905982905983,64,0,0,0,0,0,0,0,64,0.13220214843749997,0.017624137172774144,0.002203017146596768,0.1277997699575873,0.13660452691741265,0.0859375,0.171875,64,1,0.9433759402071946,1,0,0,1,0
atlas,24,16,3,periodic,64,64,0.8221435546875004,0.024987680942215918,0.0031234601177769898,0.8159018177012001,0.8283852916738008,0.7734375,0.87890625,64,-1,0,0,-1,-1,-1,-1,64,1,0,0,1,1,1,1,64,70.15624999999999,2.132282107069087,0.26653526338363587,69.62362177716902,70.68887822283095,66,75,64,0,0,0,0,0,0,0,64,70.15624999999999,2.132282107069087,0.26653526338363587,69.62362177716902,70.68887822283095,66,75,64,958.265625,406.225179644715,50.77814745558938,856.7935942653997,1059.7376557346004,286,2289,64,888.1093749999995,405.89095091871457,50.73636886483932,786.7208321171045,989.4979178828946,218,2220,64,0.03259218749999971,0.013382852149180639,0.0016728565186475799,0.02924925049696616,0.03593512450303326,0.02549999999996544,0.08650000000000091,64,1.6093749999999998,1.5997736695079063,0.1999717086884883,1.2097634271706479,2.0089865728293517,0,6,64,0,0,0,0,0,0,0,64,0,0,0,0,0,0,0,64,958.265625,406.225179644715,50.77814745558938,856.7935942653997,1059.7376557346004,286,2289,64,0.9132712065657275,0.03889852605135541,0.004862315756419426,0.9035546438591372,0.9229877692723177,0.7622377622377622,0.9698558322411533,64,13.64286336573253,5.772732874159066,0.7215916092698833,12.200877597785743,15.084849133679318,4.205882352941177,33.17391304347826,64,0,0,0,0,0,0,0,64,0.17785644531250003,0.024987680942215856,0.003123460117776982,0.1716147083261997,0.18409818229880034,0.12109375,0.2265625,46,0.71875,0.5986606971779259,0.8140662766627217,18,0,1,0
atlas,24,16,4,periodic,64,64,0.802001953125,0.028398511273539036,0.0035498139091923796,0.7949082160718568,0.8090956901781432,0.75,0.859375,64,-1,0,0,-1,-1,-1,-1,64,1,0,0,1,1,1,1,64,51.328125,1.8175047215064983,0.2271880901883123,50.874125828598835,51.782124171401165,48,55,64,0,0,0,0,0,0,0,64,51.328125,1.8175047215064983,0.2271880901883123,50.874125828598835,51.782124171401165,48,55,64,652.9843749999999,352.39081353842045,44.048851692302556,564.9597688117886,741.0089811882111,246,2115,64,601.65625,351.8951511752257,43.98689389690321,513.7554565862605,689.5570434137395,197,2066,64,0.0255828125000086,0.008123678006003832,0.001015459750750479,0.02355357811078592,0.02761204688923128,0.022299999999972897,0.08830000000000382,64,0.46875,1.0230478894592296,0.1278809861824037,0.21320024069416893,0.7242997593058311,0,5,64,0,0,0,0,0,0,0,64,0,0,0,0,0,0,0,64,652.9843749999999,352.39081353842045,44.048851692302556,564.9597688117886,741.0089811882111,246,2115,64,0.9011344878429778,0.04462237386173932,0.005577796732717415,0.8899881504940489,0.9122808251919067,0.8008130081300813,0.9768321513002364,64,12.673504155084547,6.789724611042129,0.8487155763802662,10.97748140973501,14.369526900434085,5.020408163265306,43.16326530612245,64,0,0,0,0,0,0,0,64,0.19799804687500003,0.02839851127353903,0.0035498139091923787,0.19090430982185688,0.20509178392814317,0.140625,0.25,17,0.265625,0.17296379074222612,0.38482873728565137,47,0,1,0
atlas,24,16,8,periodic,64,64,1,0,0,1,1,1,1,64,-1,0,0,-1,-1,-1,-1,64,1,0,0,1,1,1,1,64,32,0,0,32,32,32,32,64,0,0,0,0,0,0,0,64,32,0,0,32,32,32,32,64,865.2499999999998,300.19676087209075,37.524595109011344,790.2630802519872,940.2369197480124,412,1859,64,833.2499999999998,300.19676087209075,37.524595109011344,758.2630802519872,908.2369197480124,380,1827,64,0.028360937500005786,0.012450226200371855,0.0015562782750464818,0.02525096352753617,0.0314709114724754,0.023099999999999454,0.12409999999999854,64,0,0,0,0,0,0,0,64,0,0,0,0,0,0,0,64,0,0,0,0,0,0,0,64,865.2499999999998,300.19676087209075,37.524595109011344,790.2630802519872,940.2369197480124,412,1859,64,0.9588260816862341,0.013414051037803656,0.001676756379725457,0.9554753514326983,0.9621768119397698,0.9223300970873787,0.9827864443249059,64,27.039062499999993,9.381148777252836,1.1726435971566045,24.6957212578746,29.382403742125387,12.875,58.09375,64,0,0,0,0,0,0,0,64,0,0,0,0,0,0,0,0,0,0,0.05662405979280534,64,0,1,0
atlas,24,32,2,periodic,64,64,0.8656005859374999,0.007339961173819138,0.0009174951467273922,0.8637671181882285,0.8674340536867713,0.8515625,0.8828125,64,-1,0,0,-1,-1,-1,-1,64,1,0,0,1,1,1,1,64,443.18749999999994,3.7580601209953985,0.4697575151244248,442.248764512373,444.1262354876269,436,452,64,0,0,0,0,0,0,0,64,443.18749999999994,3.7580601209953985,0.4697575151244248,442.248764512373,444.1262354876269,436,452,64,5859.1875,1323.4890981255353,165.4361372656919,5528.589759703943,6189.785240296057,3390,9382,64,5416,1323.6851157712263,165.46063947140328,5085.353295952888,5746.646704047112,2947,8935,64,0.14295937499999306,0.020526473179549396,0.0025658091474436745,0.1378320145562858,0.14808673544370032,0.12830000000008113,0.19920000000001892,64,18.781249999999996,4.935999118880323,0.6169998898600404,17.548274105361852,20.01422589463814,8,30,64,0,0,0,0,0,0,0,64,0,0,0,0,0,0,0,64,5859.1875,1323.4890981255353,165.4361372656919,5528.589759703943,6189.785240296057,3390,9382,64,0.9206327495273285,0.01737556420924185,0.002171945526155231,0.916292462726266,0.9249730363283911,0.8693215339233038,0.95235557450437,64,13.222818488258532,2.9897832739109993,0.3737229092388749,12.475992847057693,13.969644129459372,7.652370203160271,20.988814317673377,64,0,0,0,0,0,0,0,64,0.13439941406249994,0.007339961173819116,0.0009174951467273895,0.1325659463132286,0.1362328818117713,0.1171875,0.1484375,64,1,0.9433759402071946,1,0,0,1,0
atlas,24,32,3,periodic,64,64,0.8238830566406252,0.011152482402933133,0.0013940603003666416,0.8210972494236839,0.8266688638575665,0.802734375,0.849609375,64,-1,0,0,-1,-1,-1,-1,64,1,0,0,1,1,1,1,64,281.21874999999994,3.80671399353451,0.47583924919181375,280.26786113661734,282.16963886338254,274,290,64,0,0,0,0,0,0,0,64,281.21874999999994,3.80671399353451,0.47583924919181375,280.26786113661734,282.16963886338254,274,290,64,4578.531250000002,1182.0187462423153,147.7523432802894,4283.271752170558,4873.7907478294455,2340,8397,64,4297.312499999999,1181.9561117063522,147.74451396329403,4002.068647812128,4592.55635218787,2054,8112,64,0.12084218750001342,0.029520666985450614,0.003690083373181327,0.11346814429010352,0.12821623070992333,0.09989999999993415,0.24289999999996326,64,5.125000000000002,3.1547394428670255,0.3943424303583782,4.336969533778696,5.913030466221308,0,15,64,0,0,0,0,0,0,0,64,0,0,0,0,0,0,0,64,4578.531250000002,1182.0187462423153,147.7523432802894,4283.271752170558,4873.7907478294455,2340,8397,64,0.9345397051280211,0.01713840348150465,0.002142300435188081,0.930258659314125,0.9388207509419172,0.8777777777777778,0.9660593068953197,64,16.28298623166756,4.17845449938654,0.5223068124233174,15.239239352767274,17.326733110567847,8.181818181818182,29.46315789473684,64,0,0,0,0,0,0,0,64,0.17611694335937497,0.011152482402933124,0.0013940603003666405,0.17333113614243367,0.17890275057631627,0.150390625,0.197265625,63,0.984375,0.9166589839990573,0.9972364580766624,1,0,1,0
atlas,24,32,4,periodic,64,64,0.80316162109375,0.0134889295377134,0.001686116192214175,0.7997921867474478,0.8065310554400522,0.7734375,0.83984375,64,-1,0,0,-1,-1,-1,-1,64,1,0,0,1,1,1,1,64,205.609375,3.4531659616546304,0.4316457452068288,204.74679980734663,206.47195019265337,198,215,64,0,0,0,0,0,0,0,64,205.609375,3.4531659616546304,0.4316457452068288,204.74679980734663,206.47195019265337,198,215,64,3787.71875,1196.9925205472389,149.62406506840486,3488.718914637046,4086.718585362954,1497,7620,64,3582.1093749999995,1196.1232234285064,149.5154029285633,3283.3266835965283,3880.892066403471,1296,7413,64,0.09619843750003554,0.03127596821836836,0.003909496027296045,0.0883859330878661,0.10401094191220497,0.0806999999999789,0.2935000000002219,64,1.7031249999999996,1.7966431441167128,0.2245803930145891,1.254336895583706,2.1519131044162934,0,8,64,0,0,0,0,0,0,0,64,0,0,0,0,0,0,0,64,3787.71875,1196.9925205472389,149.62406506840486,3488.718914637046,4086.718585362954,1497,7620,64,0.94039475524201,0.018845173210667105,0.002355646651333388,0.9356873710347973,0.9451021394492227,0.8657314629258517,0.9728346456692913,64,18.402399854359718,5.760411663973707,0.7200514579967133,16.96349183314372,19.841307875575716,7.447761194029851,36.81159420289855,64,0,0,0,0,0,0,0,64,0.19683837890625006,0.013488929537713404,0.0016861161922141754,0.1934689445599478,0.20020781325255232,0.16015625,0.2265625,45,0.703125,0.5822979889645707,0.8009484867446022,19,0,1,0
atlas,24,32,8,periodic,64,64,0.77099609375,0.011037577157103271,0.001379697144637909,0.76823898900947,0.77375319849053,0.75,0.796875,64,-1,0,0,-1,-1,-1,-1,64,1,0,0,1,1,1,1,64,98.6875,1.4128098761092187,0.17660123451365234,98.33459059321216,99.04040940678784,96,102,64,0,0,0,0,0,0,0,64,98.6875,1.4128098761092187,0.17660123451365234,98.33459059321216,99.04040940678784,96,102,64,2556.0468750000005,1400.5952751426744,175.0744093928343,2206.188584752427,2905.905165247574,980,9820,64,2457.3593749999995,1400.2297472165342,175.02871840206677,2107.5923909117046,2807.1263590882945,883,9721,64,0.0757078125000277,0.015261033528034906,0.0019076291910043632,0.07189571974754765,0.07951990525250775,0.06690000000025975,0.1799999999998363,64,0,0,0,0,0,0,0,64,0,0,0,0,0,0,0,64,0,0,0,0,0,0,0,64,2556.0468750000005,1400.5952751426744,175.0744093928343,2206.188584752427,2905.905165247574,980,9820,64,0.9524816669598664,0.020470624996421518,0.0025588281245526897,0.9473682569772304,0.9575950769425023,0.9010204081632653,0.989918533604888,64,25.853284658374363,14.103403231807032,1.762925403975879,22.330359350169623,29.376209966579104,10.103092783505154,99.1919191919192,64,0,0,0,0,0,0,0,64,0.22900390625,0.011037577157103273,0.0013796971446379091,0.22624680150946996,0.23176101099053004,0.203125,0.25,0,0,0,0.05662405979280534,64,0,1,0
atlas,25,16,2,periodic,64,64,0.9068603515625,0.012856454040267919,0.0016070567550334899,0.9036489048947848,0.9100717982302152,0.875,0.9375,64,-0.0897868556734886,0.14423345844256022,0.018029182305320027,-0.12581530162270704,-0.05375840972427016,-0.39655172413793105,0.30434782608695654,64,0.14391889658043341,0.08917125184689433,0.01114640648086179,0.12164458060631145,0.16619321255455538,0,0.39655172413793105,64,116.078125,1.6456261171542936,0.2057032646442867,115.66705982653245,116.48919017346755,112,120,64,52.828125000000014,8.39983878813556,1.049979848516945,50.72990769987882,54.926342300121206,35,75,64,63.25000000000001,8.413896290878016,1.051737036359752,61.14827124017171,65.3517287598283,40,81,64,1848.8906249999998,492.93594410438305,61.61699301304788,1725.7588897538094,1972.0223602461901,992,4032,64,1732.8124999999995,492.5736710671526,61.57170888339407,1609.7712578660291,1855.85374213397,878,3915,64,0.04925468749999906,0.01577418958437093,0.0019717736980463664,0.04531441217851697,0.05319496282148115,0.041400000000010095,0.09890000000001464,64,0,0,0,0,0,0,0,64,0,0,0,0,0,0,0,64,919,246.72065046339227,30.840081307924034,857.3710151877395,980.6289848122605,490,2012,64,929.8906249999999,246.49731105056446,30.812163881320558,868.317428713164,991.4638212868358,502,2020,64,0.9333086683329161,0.016424226783272298,0.0020530283479090372,0.9292060185503451,0.9374113181154872,0.8850806451612904,0.9709821428571429,64,15.917967251556954,4.183991998520654,0.5229989998150818,14.872837146528681,16.963097356585227,8.701754385964913,34.46153846153846,64,0.4967541868545091,0.005091569523169201,0.0006364461903961502,0.4954823506291076,0.4980260230799106,0.4845814977973568,0.5106772422208664,64,0.09313964843750001,0.01285645404026792,0.00160705675503349,0.08992820176978478,0.09635109510521525,0.0625,0.125,0,0,0,0.05662405979280534,64,0,0.16252673232363118,1
atlas,25,16,3,periodic,64,64,0.844482421875,0.01745367653240338,0.0021817095665504225,0.8401226231961569,0.8488422205538431,0.80859375,0.890625,64,-0.18706331840632828,0.21179451225978022,0.026474314032472527,-0.23996801347284372,-0.13415862333981285,-0.7222222222222222,0.2222222222222222,64,0.230054974040698,0.1632166195465165,0.020402077443314563,0.18928467553407474,0.27082527254732125,0,0.7222222222222222,64,72.0625,1.4893803974317588,0.18617254967896985,71.69046384607206,72.43453615392794,69,76,64,29.312499999999993,7.7107943304402315,0.9638492913050289,27.386400884305278,31.238599115694708,10,44,64,42.75,7.531942560200437,0.9414928200250546,40.86857672725176,44.63142327274824,28,62,64,1736.5625000000002,639.0393801363726,79.87992251704658,1576.9352123007711,1896.1897876992293,647,3605,64,1664.4999999999993,638.8531639425175,79.85664549281469,1504.919227722002,1824.0807722779966,575,3530,64,0.03647187500000372,0.014438335971813867,0.0018047919964767334,0.03286528598262733,0.04007846401738011,0.029799999999966076,0.1057999999999879,64,0,0,0,0,0,0,0,64,0,0,0,0,0,0,0,64,861.2968749999998,319.4951215409902,39.93689019262378,781.489368185881,941.1043818141186,331,1806,64,875.2656250000001,319.7215674682661,39.96519593353326,795.4015536762358,955.1296963237644,316,1799,64,0.9532556742351579,0.01627129473025175,0.0020339118412814688,0.9491912257428121,0.9573201227275037,0.8887171561051005,0.9791955617198336,64,24.085876213907802,8.790186271090947,1.0987732838863684,21.89015301367903,26.281599414136576,8.98611111111111,48.06666666666667,64,0.49576640017577445,0.005422807742192479,0.0006778509677740599,0.49441182310508464,0.49712097724646426,0.48045112781954885,0.5115919629057187,64,0.15551757812500003,0.01745367653240336,0.00218170956655042,0.151157779446157,0.15987737680384306,0.109375,0.19140625,0,0,0,0.05662405979280534,64,0,0.26411424745200157,0
atlas,25,16,4,periodic,64,64,0.807861328125,0.026656388618124277,0.0033320485772655346,0.8012027603634018,0.8145198958865982,0.75,0.859375,64,-0.3099077006166227,0.3147627537456727,0.03934534421820909,-0.38853309712730366,-0.23128230410594175,-0.9245283018867925,0.45098039215686275,64,0.3757961996037621,0.23060452628168163,0.028825565785210203,0.31819290283407803,0.43339949637344616,0.038461538461538464,0.9245283018867925,64,51.703125,1.7060088715599537,0.21325110894499422,51.27697666325771,52.12927333674229,48,55,64,17.890624999999996,8.300157174836157,1.0375196468545196,15.817307426028815,19.963942573971178,2,37,64,33.81249999999999,8.039337807366499,1.0049172259208123,31.804333165564966,35.820666834435016,14,51,64,1394.5156250000002,645.5476324669855,80.69345405837319,1233.2626242391188,1555.7686257608816,377,3228,64,1342.8125,645.4105344170545,80.67631680213181,1181.5937453130532,1504.0312546869468,326,3176,64,0.029009375000002887,0.011997390175849759,0.0014996737719812198,0.02601251610089782,0.03200623389910795,0.024099999999975807,0.09759999999994307,64,0,0,0,0,0,0,0,64,0,0,0,0,0,0,0,64,689.1406249999999,323.1649962965501,40.39562453706876,608.41641074713,769.8648392528697,184,1612,64,705.3750000000001,322.5842328781543,40.32302910976929,624.7958561327044,785.9541438672958,193,1616,64,0.9539212822302255,0.02325832145931282,0.0029072901824141024,0.948111526389835,0.9597310380706161,0.8647214854111406,0.9838909541511772,64,26.967138334414074,12.564321765129517,1.5705402206411896,23.828664137847326,30.10561253098082,7.392156862745098,62.07692307692308,64,0.4929033385666568,0.007543153870313356,0.0009428942337891694,0.49101911479196686,0.49478756234134674,0.4737406216505895,0.5065868263473053,64,0.19213867187499997,0.02665638861812429,0.0033320485772655364,0.1854801041134017,0.19879723963659823,0.140625,0.25,0,0,0,0.05662405979280534,64,0,0.4239176631675476,0
atlas,25,16,8,periodic,64,64,0.86962890625,0.10718176402753671,0.013397720503442088,0.8428556981906103,0.8964021143093897,0.625,1,64,-0.7708651108854911,0.3376315899774152,0.0422039487471769,-0.8552029727214419,-0.6865272490495404,-1,0.92,64,0.8116343416547223,0.22012205996464299,0.027515257495580373,0.7566494870634065,0.866619196246038,0.14285714285714285,1,64,27.828125,3.4298164488811747,0.42872705611014683,26.97138234209953,28.68486765790047,20,32,64,2.9375,4.327376858581937,0.5409221073227422,1.8565534225912128,4.018446577408787,0,24,64,24.890625000000007,6.541969965671352,0.817746245708919,23.256489523705753,26.52476047629426,1,32,64,1403.2187500000005,726.7526482279575,90.84408102849468,1221.6813398327208,1584.75616016728,393,3686,64,1375.3906249999998,725.1692001178781,90.64615001473476,1194.248748402139,1556.5325015978606,370,3654,64,0.03249062500001721,0.013118455662476379,0.0016398069578095473,0.029213732274318806,0.03576751772571562,0.02460000000007767,0.13250000000005002,64,0,0,0,0,0,0,0,64,0,0,0,0,0,0,0,64,690.5624999999998,361.7558974848639,45.21948718560799,600.1985654450025,780.9264345549971,188,1827,64,712.6562500000001,365.0628655907546,45.632858198844325,621.4662593901498,803.8462406098504,205,1859,64,0.975174598475423,0.011787660937242003,0.0014734576171552504,0.9722301283813757,0.9781190685694703,0.9414758269720102,0.9927777777777778,64,49.68309513164472,23.889803755414178,2.9862254694267722,43.71559970698119,55.65059055630825,17.08695652173913,138.46153846153845,64,0.49061345217694646,0.005801614582820759,0.0007252018228525948,0.4891642519728302,0.4920626523810627,0.474835886214442,0.5118534482758621,64,0.13037109375,0.10718176402753671,0.013397720503442088,0.10359788569061038,0.15714430180938962,0,0.375,0,0,0,0.05662405979280534,64,0,0.8575683736486789,0
atlas,25,32,2,periodic,64,64,0.9060363769531251,0.007625149953947434,0.0009531437442434293,0.9041316711661534,0.9079410827400968,0.884765625,0.923828125,64,-0.07472889904547196,0.09783993673322469,0.012229992091653086,-0.09916858807693027,-0.05028921001401365,-0.3390191897654584,0.13656387665198239,64,0.09981648468804687,0.07158368706936277,0.008947960883670347,0.08193541168131876,0.11769755769477497,0.002150537634408602,0.3390191897654584,64,463.89062500000006,3.9040767764210864,0.4880095970526358,462.91541563707057,464.86583436292955,453,473,64,214.5625,22.30799913476835,2.788499891846044,208.99012761330937,220.13487238669063,155,260,64,249.328125,23.366680040414618,2.9208350050518272,243.49130199139117,255.16494800860883,196,314,64,10133.578125000002,2479.40951626696,309.92618953337,9514.240055266504,10752.9161947335,6610,17656,64,9669.6875,2479.8601079016344,309.9825134877043,9050.23687582504,10289.13812417496,6149,17193,64,0.18027656250000487,0.03797127043532573,0.004746408804415716,0.17079162135476358,0.18976150364524616,0.151299999999992,0.32389999999986685,64,0,0,0,0,0,0,0,64,0,0,0,0,0,0,0,64,5049.140625000005,1243.10217265386,155.3877715817325,4738.622941236277,5359.658308763732,3272,8826,64,5084.437499999997,1236.7140393313907,154.58925491642384,4775.515524462435,5393.35947553756,3338,8830,64,0.9518747937821304,0.010125992692768222,0.0012657490865960277,0.9493453960657269,0.9544041914985338,0.9302571860816944,0.9737766198459448,64,21.851352689251755,5.377421315622017,0.6721776644527522,20.508112810598924,23.194592567904586,14.338394793926247,38.13390928725702,64,0.4981103894152463,0.0024681349499444728,0.0003085168687430591,0.49749386764838555,0.4987269111821071,0.49108860110270547,0.5033151787828558,64,0.09396362304687501,0.00762514995394744,0.00095314374424343,0.09205891725990335,0.09586832883384667,0.076171875,0.115234375,0,0,0,0.05662405979280534,64,1,0.1147542304669917,0
atlas,25,32,3,periodic,64,64,0.8458557128906252,0.010019968395634727,0.0012524960494543409,0.8433527992556535,0.8483586265255969,0.826171875,0.873046875,64,-0.1305134438717892,0.1674081782764243,0.020926022284553036,-0.17233076259670388,-0.08869612514687453,-0.5069444444444444,0.2127659574468085,64,0.17130828577251228,0.1245684053892355,0.015571050673654437,0.14019202392170382,0.20242454762332074,0.006756756756756757,0.5069444444444444,64,288.71875,3.4201492123766606,0.4275186515470826,287.86442214592967,289.57307785407033,282,298,64,125.46875000000001,23.89857454074123,2.9873218175926537,119.49906369834788,131.43843630165213,71,171,64,163.25,24.536335220072008,3.067041902509001,157.12100582060634,169.37899417939366,111,221,64,9035.906249999998,2735.905971179368,341.988246397421,8352.497272158462,9719.315227841535,4763,18456,64,8747.187499999996,2735.957757929498,341.9947197411872,8063.765586213166,9430.609413786828,4476,18164,64,0.1390703125000137,0.0402370818456803,0.005029635230710037,0.1290193885043952,0.1491212364956322,0.11290000000008149,0.37370000000009895,64,0,0,0,0,0,0,0,64,0,0,0,0,0,0,0,64,4498.875,1372.3901812253719,171.54877265317148,4156.062132587495,4841.687867412505,2357,9181,64,4537.031250000001,1363.9284993682365,170.49106242102957,4196.332047826624,4877.730452173378,2406,9275,64,0.965483141953497,0.009216470131339879,0.0011520587664174849,0.9631809362131986,0.9677853476937955,0.9397438589124502,0.9841785869094062,64,31.302138022666217,9.498676740759565,1.1873345925949457,28.9294391687464,33.674836876586035,16.59581881533101,63.205479452054796,64,0.49758908099177906,0.00307345767920863,0.0003841822099010787,0.4968213541060185,0.4983568078775396,0.48936480186480186,0.5040860800871697,64,0.15414428710937506,0.010019968395634725,0.0012524960494543407,0.1516413734744034,0.1566472007443467,0.126953125,0.173828125,0,0,0,0.05662405979280534,64,0,0.19730263236142018,0
atlas,25,32,4,periodic,64,64,0.80743408203125,0.013507993983212518,0.0016884992479015647,0.8040598855281526,0.8108082785343474,0.765625,0.8359375,64,-0.22533912988062088,0.2031185253255948,0.02538981566569935,-0.27607662789251597,-0.17460163186872582,-0.6666666666666666,0.22115384615384615,64,0.262588018160826,0.15097649984990005,0.018872062481237507,0.22487521058358464,0.3003008257380673,0.009708737864077669,0.6666666666666666,64,206.703125,3.4580464597024045,0.43225580746280057,205.83933069520705,207.56691930479295,196,214,64,80.140625,21.358517268776758,2.6698146585970948,74.80542612670928,85.47582387329072,34,127,64,126.5625,20.647360413948608,2.580920051743576,121.4049428235961,131.72005717640388,81,170,64,8127.078125,2578.707553134564,322.3384441418205,7482.936143658345,8771.220106341654,4351,17935,64,7920.375,2578.058279415633,322.2572849269541,7276.395202407812,8564.354797592188,4148,17724,64,0.11306406250002254,0.03327780788334599,0.004159725985418249,0.10475151341758425,0.12137661158246084,0.08960000000024593,0.26510000000007494,64,0,0,0,0,0,0,0,64,0,0,0,0,0,0,0,64,4040.1093749999995,1289.4339119334686,161.17923899168358,3718.0183671102795,4362.20038288972,2138,8982,64,4086.968750000001,1289.6129845041055,161.2016230630132,3764.8330111130363,4409.104488886966,2213,8953,64,0.9723777977431397,0.007714719822558981,0.0009643399778198726,0.9704507180686887,0.9743048774175908,0.953344058837049,0.9882352941176471,64,39.28896814262302,12.316814390185312,1.539601798773164,36.212319448796755,42.365616836449284,21.43349753694581,85,64,0.4969004599660296,0.0030986698469396426,0.00038733373086745533,0.49612643526815137,0.49767448466390785,0.48981439565414214,0.504020979020979,64,0.19256591796875006,0.013507993983212507,0.0016884992479015634,0.1891917214656526,0.1959401144718475,0.1640625,0.234375,0,0,0,0.05662405979280534,64,0,0.29409308119519345,0
atlas,25,32,8,periodic,64,64,0.7539062499999999,0.0211563500120728,0.0026445437515091,0.7486215510048894,0.7591909489951104,0.6953125,0.8046875,64,-0.5029979215489309,0.41240741594783753,0.05155092699347969,-0.6060142289645278,-0.3999816141333339,-1,0.6344086021505376,64,0.5911094244688176,0.2686004853693412,0.03357506067116765,0.5240150195120299,0.6582038294256054,0.009900990099009901,1,64,96.49999999999999,2.708012801545318,0.3385016001931648,95.82355852862584,97.17644147137413,89,103,64,23.843750000000004,19.602574134496027,2.4503217668120034,18.94717267115854,28.740327328841467,0,76,64,72.65625,20.326086725862943,2.540760840732868,67.57894460311445,77.73355539688555,17,97,64,5834.140625000001,2752.58719203443,344.0733990043037,5146.564802166788,6521.716447833214,1940,14603,64,5737.640625,2752.759921653162,344.09499020664526,5050.021655591786,6425.259594408214,1843,14506,64,0.08141718749995162,0.0154275938590774,0.001928449232384675,0.07756348921468434,0.08527088578521891,0.07089999999971042,0.18849999999974898,64,0,0,0,0,0,0,0,64,0,0,0,0,0,0,0,64,2892.499999999999,1375.636222216112,171.954527777014,2548.8762956731844,3236.123704326814,927,7262,64,2941.6406250000005,1377.2370243282583,172.15462804103228,2597.617052203029,3285.664197796972,977,7341,64,0.9795703813435186,0.00984480526151071,0.0012306006576888388,0.9771112221576063,0.9820295405294309,0.95,0.9933575292748066,64,60.55136672286709,28.80804187221058,3.6010052340263226,53.355331969882926,67.74740147585125,20,150.5463917525773,64,0.4947498956332606,0.0059528057498266064,0.0007441007187283258,0.49326292899930696,0.49623686226721425,0.476,0.5103349964362082,64,0.24609375,0.021156350012072805,0.0026445437515091007,0.24080905100488947,0.2513784489951105,0.1953125,0.3046875,0,0,0,0.05662405979280534,64,0,0.6471597053472056,0
atlas,26,16,2,periodic,64,64,0.8441162109375002,0.019804863605162384,0.002475607950645298,0.8391691032023391,0.8490633186726614,0.8046875,0.890625,64,-0.1434111165437424,0.08162035370170669,0.010202544212713336,-0.16379927428086774,-0.12302295880661705,-0.27927927927927926,0.06666666666666667,64,0.1472361735798085,0.07438072983336078,0.009297591229170097,0.1286564200787727,0.1658159270808443,0.009174311926605505,0.27927927927927926,64,108.04687500000003,2.535022541460785,0.31687781768259815,107.4136452098994,108.68010479010066,103,114,64,46.26562500000001,4.430207231170017,0.5537759038962521,45.158992159773064,47.37225784022695,39,56,64,61.78124999999999,4.762514841871636,0.5953143552339545,60.59160918839139,62.9708908116086,49,71,64,1038.7499999999998,250.82422859603025,31.35302857450378,976.0959718687578,1101.4040281312418,590,1819,64,930.7031250000002,250.54136177153137,31.31767022144142,868.1197548991995,993.286495100801,486,1714,64,0.040315624999998974,0.014531741052463628,0.0018164676315579535,0.0366857040876801,0.04394554591231785,0.033299999999997,0.10009999999999764,64,10.140625,3.116098433048039,0.38951230413100485,9.362246770844347,10.919003229155653,3,17,64,0,0,0,0,0,0,0,64,108.04687500000003,2.535022541460785,0.31687781768259815,107.4136452098994,108.68010479010066,103,114,64,930.7031250000002,250.54136177153137,31.31767022144142,868.1197548991995,993.286495100801,486,1714,64,0.8900968955115807,0.025959511930588066,0.0032449389913235083,0.8836124023672126,0.8965813886559487,0.8171140939597316,0.9422759758108851,64,9.612740387456986,2.3280240894886077,0.29100301118607597,9.031217272208236,10.194263502705736,5.467889908256881,17.323809523809523,64,0.10990310448841939,0.025959511930588073,0.003244938991323509,0.10341861134405128,0.1163875976327875,0.057724024189114896,0.18288590604026847,64,0.1558837890625,0.019804863605162367,0.002475607950645296,0.15093668132733884,0.16083089679766116,0.109375,0.1953125,64,1,0.9433759402071946,1,0,0,0.16275759303430673,0
atlas,26,16,3,periodic,64,64,0.7543945312499999,0.030793258172592396,0.0038491572715740495,0.7467026042196749,0.7620864582803248,0.66796875,0.8203125,64,-0.21265786212748392,0.11119960823376128,0.01389995102922016,-0.24043469780822735,-0.18488102644674048,-0.4925373134328358,0.04918032786885246,64,0.21474299298742075,0.1070514845200393,0.013381435565004913,0.18800232778074258,0.24148365819409892,0.015384615384615385,0.4925373134328358,64,64.37500000000001,2.627691364061216,0.328461420507652,63.71862222674562,65.0313777732544,57,70,64,25.281250000000004,3.2731168098302947,0.40913960122878684,24.463649747313752,26.098850252686255,17,32,64,39.09375,4.453351689440355,0.5566689611800444,37.981335846111016,40.206164153888984,28,50,64,843.4375000000001,294.52075007072455,36.81509375884057,769.8684055650069,917.0065944349933,386,1697,64,779.0625,294.47569091468745,36.80946136433593,705.5046610072969,852.6203389927031,325,1632,64,0.0317843750000053,0.01495012044066991,0.0018687650550837387,0.02804994602598547,0.035518803974025126,0.02390000000002601,0.09960000000000946,64,12.984375,5.174700934537643,0.6468376168172054,11.691773165886687,14.276976834113313,3,28,64,0,0,0,0,0,0,0,64,64.37500000000001,2.627691364061216,0.328461420507652,63.71862222674562,65.0313777732544,57,70,64,779.0625,294.47569091468745,36.80946136433593,705.5046610072969,852.6203389927031,325,1632,64,0.9145795554589665,0.028398828784872158,0.0035498535981090197,0.9074857390938522,0.9216733718240808,0.8419689119170984,0.9616971125515615,64,13.119246964330245,4.617539043364875,0.5771923804206094,11.96582002970169,14.272673898958798,6.327868852459017,26.107692307692307,64,0.0854204445410334,0.02839882878487215,0.003549853598109019,0.07832662817591904,0.09251426090614775,0.03830288744843842,0.15803108808290156,64,0.24560546875,0.030793258172592403,0.0038491572715740503,0.23791354171967508,0.2532973957803249,0.1796875,0.33203125,64,1,0.9433759402071946,1,0,0,0.23708199124926638,0
atlas,26,16,4,periodic,64,64,0.6958007812500001,0.04548780317266596,0.005685975396583245,0.6844382660912324,0.7071632964087678,0.578125,0.78125,64,-0.22325390659414757,0.17024244953681733,0.021280306192102166,-0.26577920521508036,-0.1807286079732148,-0.5833333333333334,0.13513513513513514,64,0.24279754561257166,0.14046199995584,0.01755774999448,0.20771118196315908,0.27788390926198425,0,0.5833333333333334,64,44.53125000000001,2.9112194030506213,0.36390242538132767,43.80404902983887,45.25845097016114,37,50,64,17.140625000000004,3.1565863996432446,0.3945732999554056,16.35213317770292,17.929116822297086,10,24,64,27.390625,5.013053397389596,0.6266316746736995,26.138401519271884,28.642848480728116,16,38,64,656.5625,247.26169383488264,30.90771172936033,594.7983665746756,718.3266334253244,250,1237,64,612.0312499999999,246.2647928841752,30.7830991105219,550.5161350230101,673.5463649769897,211,1190,64,0.024859374999998348,0.010499988189719894,0.0013124985237149868,0.02223655598806008,0.027482194011936616,0.018099999999890315,0.10300000000006548,64,13.859375000000002,7.461790898483984,0.932723862310498,11.995475090968407,15.723274909031597,2,43,64,0,0,0,0,0,0,0,64,44.53125000000001,2.9112194030506213,0.36390242538132767,43.80404902983887,45.25845097016114,37,50,64,612.0312499999999,246.2647928841752,30.7830991105219,550.5161350230101,673.5463649769897,211,1190,64,0.9225281098963612,0.028837311354730635,0.0036046639193413293,0.9153247638441798,0.9297314559485427,0.844,0.9620048504446241,64,14.681967810802277,5.262923755856675,0.6578654694820844,13.367328571611791,15.996607049992763,6.410256410256411,26.319148936170212,64,0.07747189010363863,0.02883731135473062,0.0036046639193413276,0.07026854405145716,0.0846752361558201,0.03799514955537591,0.156,64,0.30419921875,0.04548780317266595,0.005685975396583244,0.2928367035912323,0.3155617339087677,0.21875,0.421875,64,1,0.9433759402071946,1,0,0,0.2721084924615292,0
atlas,26,16,8,periodic,64,64,0.6386718749999998,0.10994043187793988,0.013742553984742485,0.611209572214509,0.6661341777854906,0.4375,0.84375,64,-0.4833851335119802,0.2927269031188355,0.036590862889854435,-0.5565061383105937,-0.4102641287133667,-0.92,0.375,64,0.5089212854727647,0.24484104035205032,0.03060513004400629,0.44776181329670756,0.5700807576488218,0.058823529411764705,0.92,64,20.437499999999993,3.518093820094076,0.4397617275117595,19.558706310864288,21.316293689135698,14,27,64,4.906250000000001,2.2305152796379613,0.27881440995474516,4.349083860748437,5.4634161392515646,1,11,64,15.531249999999995,5.108252737653651,0.6385315922067064,14.255246431613017,16.807253568386972,5,24,64,463.90625000000006,306.1530231944658,38.269127899308224,387.43150019190114,540.380999808099,120,1409,64,443.46875,304.39380136514575,38.04922517064322,367.43344073000327,519.5040592699968,105,1384,64,0.031009374999998233,0.005772065151324466,0.0007215081439155582,0.02956755602425289,0.03245119397574358,0.02359999999998763,0.06200000000001182,64,12.359374999999998,11.096069928454076,1.3870087410567595,9.587659199915633,15.131090800084364,0,43,64,0,0,0,0,0,0,0,64,20.343749999999993,3.437509018747187,0.42968862734339835,19.4850857953196,21.202414204680387,14,26,64,443.56250000000006,304.394995839392,38.049374479924,367.5268923592142,519.5981076407859,105,1384,64,0.93529272374229,0.03955561727192609,0.004944452158990761,0.9254120245324245,0.9451734229521555,0.84375,0.9829749103942652,64,22.04931568785163,13.110136226097465,1.6387670282621831,18.77450109552909,25.324130280174174,6.4,58.73684210526316,64,0.06442998725703429,0.03943543028974566,0.004929428786218207,0.054579309862065675,0.0742806646520029,0.017025089605734768,0.15625,64,0.361328125,0.10994043187793985,0.013742553984742481,0.3338658222145092,0.3887904277854908,0.15625,0.5625,58,0.90625,0.810171204003544,0.9563217474148016,6,0,0.5600135575638544,0
atlas,26,32,2,periodic,64,64,0.8387145996093747,0.00938819683029156,0.001173524603786445,0.8363694978159827,0.8410597014027666,0.8203125,0.857421875,64,-0.12871584033324932,0.045489490632581946,0.005686186329072743,-0.14007877700696253,-0.11735290365953611,-0.23148148148148148,-0.03058823529411765,64,0.12871584033324932,0.045489490632581946,0.005686186329072743,0.11735290365953611,0.14007877700696253,0.03058823529411765,0.23148148148148148,64,429.42187499999983,4.806756777109278,0.6008445971386598,428.22118288178314,430.6225671182165,420,439,64,187.04687499999997,9.470806753152319,1.1838508441440398,184.68113786184955,189.4126121381504,166,206,64,242.37499999999997,10.801969250212656,1.350246156276582,239.6767483635297,245.07325163647025,219,267,64,5940.812499999999,1736.3217724889148,217.04022156111435,5507.092225896741,6374.532774103257,3733,12837,64,5511.390624999999,1736.1828557159936,217.0228569644992,5077.7050512741625,5945.076198725836,3295,12405,64,0.14464218750000418,0.02687207676056513,0.0033590095950706412,0.13792974244345838,0.15135463255655,0.12429999999994834,0.2379000000000815,64,42.84375000000001,5.979379247921661,0.7474224059902076,41.350145503721386,44.33735449627863,26,59,64,0,0,0,0,0,0,0,64,429.42187499999983,4.806756777109278,0.6008445971386598,428.22118288178314,430.6225671182165,420,439,64,5511.390624999999,1736.1828557159936,217.0228569644992,5077.7050512741625,5945.076198725836,3295,12405,64,0.9224476892902527,0.019603003854251802,0.0024503754817814753,0.91755100462061,0.9273443739598953,0.8826680953656576,0.966347277401262,64,13.834770848726812,4.028471107989643,0.5035588884987053,12.828488706293172,14.841052991160453,8.52283105022831,29.71527777777778,64,0.0775523107097472,0.0196030038542518,0.002450375481781475,0.0726556260401045,0.0824489953793899,0.03365272259873802,0.11733190463434236,64,0.16128540039062492,0.009388196830291504,0.001173524603786438,0.1589402985972329,0.16363050218401692,0.142578125,0.1796875,64,1,0.9433759402071946,1,0,0,0.1382083724240422,0
atlas,26,32,3,periodic,64,64,0.7566375732421875,0.017164355957570588,0.0021455444946963235,0.7523500446926537,0.7609251017917213,0.7119140625,0.796875,64,-0.17722217902794252,0.05850181466301988,0.007312726832877485,-0.19183549753446083,-0.1626088605214242,-0.3178294573643411,-0.023622047244094488,64,0.17722217902794252,0.05850181466301988,0.007312726832877485,0.1626088605214242,0.19183549753446083,0.023622047244094488,0.3178294573643411,64,258.265625,5.858766833517424,0.732345854189678,256.8021485884258,259.7291014115742,243,272,64,106.18750000000001,7.0618020093349845,0.8827252511668731,104.42351434268646,107.95148565731357,88,124,64,152.07812500000003,9.330449703345845,1.1663062129182307,149.7474480097317,154.40880199026836,130,170,64,4674.281250000002,1221.5314284757342,152.69142855946677,4369.1517778142115,4979.410722185792,2379,7902,64,4416.015625000002,1221.782739788072,152.722842473509,4110.823377116181,4721.207872883822,2118,7653,64,0.10767031249999094,0.02310740745444573,0.0028884259318057164,0.10189825385639535,0.11344237114358653,0.09269999999992251,0.2039999999999509,64,48.14062499999998,11.173760628691738,1.3967200785864673,45.3495026404079,50.93174735959206,27,71,64,0,0,0,0,0,0,0,64,258.265625,5.858766833517424,0.732345854189678,256.8021485884258,259.7291014115742,243,272,64,4416.015625000002,1221.782739788072,152.722842473509,4110.823377116181,4721.207872883822,2118,7653,64,0.9408377059720098,0.016094215890346143,0.002011776986293268,0.9368174904577897,0.9448579214862298,0.8902900378310215,0.9684889901290813,64,18.11280824729557,4.785248459347299,0.5981560574184124,16.917488747001993,19.308127747589143,9.114942528735632,31.734939759036145,64,0.059162294027990295,0.01609421589034615,0.0020117769862932687,0.055142078513770273,0.06318250954221032,0.03151100987091875,0.10970996216897856,64,0.2433624267578125,0.017164355957570585,0.002145544494696323,0.23907489820827868,0.24764995530734632,0.203125,0.2880859375,64,1,0.9433759402071946,1,0,0,0.18943006144948313,0
atlas,26,32,4,periodic,64,64,0.69549560546875,0.020320483677670014,0.0025400604597087518,0.6904196996716602,0.7005715112658398,0.65625,0.734375,64,-0.1996852685116046,0.07980202017222118,0.009975252521527648,-0.21961922004725548,-0.1797513169759537,-0.3516483516483517,0.022727272727272728,64,0.2003954957843318,0.07797245579991385,0.009746556974989232,0.18091855583122257,0.21987243573744103,0.022727272727272728,0.3516483516483517,64,178.046875,5.202043821483524,0.6502554776854405,176.747443115945,179.346306884055,168,188,64,71.14062500000001,6.273823642344284,0.7842279552930355,69.57347048235981,72.70777951764022,58,90,64,106.90625,9.114298464936097,1.139287308117012,104.62956598261046,109.18293401738954,86,125,64,4147.796875,1238.7761008053824,154.8470126006728,3838.3598118318564,4457.233938168143,1964,7969,64,3969.749999999999,1238.5567125322646,154.81958906653307,3660.367738391946,4279.1322616080515,1792,7788,64,0.09032968749999525,0.02604469710937139,0.0032555871386714236,0.08382391573107907,0.09683545926891142,0.07099999999991269,0.18840000000000146,64,56.17187499999999,12.24687156359689,1.5308589454496113,53.1126975044275,59.231052495572484,30,90,64,0,0,0,0,0,0,0,64,178.046875,5.202043821483524,0.6502554776854405,176.747443115945,179.346306884055,168,188,64,3969.749999999999,1238.5567125322646,154.81958906653307,3660.367738391946,4279.1322616080515,1792,7788,64,0.9531822622081123,0.014319576818639457,0.0017899471023299321,0.9496053383445588,0.9567591860716658,0.9087221095334685,0.9772869870749153,64,23.30647517208571,7.014034220411542,0.8767542775514428,21.554421553426188,25.058528790745235,10.955555555555556,44.027624309392266,64,0.04681773779188761,0.014319576818639438,0.0017899471023299298,0.043240813928334204,0.050394661655441014,0.022713012925084704,0.09127789046653144,64,0.30450439453124983,0.020320483677670025,0.002540060459708753,0.29942848873416,0.30958030032833966,0.265625,0.34375,64,1,0.9433759402071946,1,0,0,0.21666641965237074,0
atlas,26,32,8,periodic,64,64,0.5894775390625003,0.0497414275925698,0.006217678449071225,0.5770525001373639,0.6019025779876368,0.46875,0.6953125,64,-0.3004442113953037,0.17764299502094935,0.02220537437761867,-0.3448181112759502,-0.2560703115146572,-0.7215189873417721,0.058823529411764705,64,0.3046492068577244,0.17021231171979412,0.021276538964974265,0.2621314364394942,0.3471669772759546,0,0.7215189873417721,64,75.45312500000004,6.366902731848934,0.7958628414811167,73.86272001758257,77.04352998241751,60,89,64,25.96875000000001,5.117566230835134,0.6396957788543918,24.690419990235903,27.24708000976412,11,36,64,49.48437500000001,10.031683438937236,1.2539604298671545,46.978535034279744,51.99021496572027,30,69,64,2630.4687499999995,1005.2901495201385,125.66126869001731,2379.3547421521466,2881.5827578478525,865,5370,64,2555.0156250000005,1004.5204572124619,125.56505715155774,2304.09388057011,2805.937369429891,803,5286,64,0.06724062500001791,0.01793321577896441,0.002241651972370551,0.06276104098140828,0.07172020901862755,0.050900000000183354,0.18920000000025539,64,74.06249999999997,32.74280485604845,4.092850607006056,65.88359069753918,82.24140930246077,23,181,64,0,0,0,0,0,0,0,64,75.45312500000004,6.366902731848934,0.7958628414811167,73.86272001758257,77.04352998241751,60,89,64,2555.0156250000005,1004.5204572124619,125.56505715155774,2304.09388057011,2805.937369429891,803,5286,64,0.9668867178527941,0.013111566968476781,0.0016389458710595977,0.9636115458716588,0.9701618898339295,0.9283236994219654,0.9849942285494421,64,34.951410298907014,13.209215833154019,1.6511519791442524,31.651846357119705,38.25097424069432,13.951612903225806,66.64102564102564,64,0.03311328214720615,0.013111566968476747,0.0016389458710595933,0.029838110166070807,0.0363884541283415,0.015005771450557906,0.07167630057803469,64,0.41052246093750006,0.04974142759256978,0.006217678449071223,0.3980974220123636,0.4229474998626365,0.3046875,0.53125,64,1,0.9433759402071946,1,0,0,0.3401683082760838,0
atlas,27,16,2,periodic,64,64,0.9050292968750002,0.016305776410187812,0.0020382220512734765,0.9009562351152807,0.9091023586347198,0.875,0.9453125,64,0.35655898144782616,0.08478974012566273,0.010598717515707842,0.33537913453746254,0.3777388283581898,0.1623931623931624,0.5652173913043478,64,0.35655898144782616,0.08478974012566273,0.010598717515707842,0.33537913453746254,0.3777388283581898,0.1623931623931624,0.5652173913043478,64,115.84375000000003,2.08713938050404,0.260892422563005,115.32239809475593,116.36510190524413,112,121,64,78.5625,4.9179780333494705,0.6147472541686838,77.33402563859143,79.79097436140857,68,90,64,37.281250000000014,5.044150313080725,0.6305187891350906,36.02125874085028,38.54124125914975,25,49,64,1907.3125000000002,670.2278426856878,83.77848033571098,1739.894566154373,2074.7304338456274,960,4431,64,1791.46875,669.8930729352758,83.73663411690947,1624.134439149955,1958.803060850045,847,4312,64,0.05070312500000272,0.015887341159770352,0.001985917644971294,0.046734585255949285,0.05467166474405616,0.04079999999999018,0.11220000000000141,64,0,0,0,0,0,0,0,64,0,0,0,0,0,0,0,64,992.4374999999998,335.03730543291147,41.87966317911393,908.7476711620636,1076.127328837936,516,2253,64,914.8750000000001,335.2085586284721,41.90106982855901,831.1423933865983,998.6076066134019,444,2178,64,0.9325716548635312,0.02078779236146758,0.0025984740451834476,0.9273790188303532,0.9377642908967092,0.8822916666666667,0.9731437598736177,64,16.45316470194475,5.726568335005469,0.7158210418756836,15.02271049277514,17.88361891111436,8.495575221238939,37.23529411764706,64,0.5225815912255061,0.007058038804220665,0.0008822548505275831,0.5208185455888612,0.5243446368621509,0.5084631008801624,0.5375,64,0.094970703125,0.016305776410187822,0.0020382220512734778,0.09089764136528043,0.09904376488471957,0.0546875,0.125,0,0,0,0.05662405979280534,64,0,0.37425250401579163,0
atlas,27,16,3,periodic,64,64,0.8446655273437498,0.021426432366555243,0.0026783040458194054,0.8393133637837915,0.850017690903708,0.78515625,0.890625,64,0.3836552156319953,0.13425323722086804,0.016781654652608505,0.350119754769106,0.41719067649488456,0.07042253521126761,0.8309859154929577,64,0.3836552156319953,0.13425323722086804,0.016781654652608505,0.350119754769106,0.41719067649488456,0.07042253521126761,0.8309859154929577,64,72.078125,1.8283888952793803,0.22854861190992254,71.62140704288356,72.53484295711644,67,76,64,49.859374999999986,4.917952818057015,0.6147441022571268,48.63090693718406,51.087843062815914,38,65,64,22.21875000000001,4.87777190222736,0.60972148777842,21.000318831326332,23.43718116867369,6,33,64,1699.8906250000002,611.2210292335997,76.40262865419996,1547.2121546051562,1852.5690953948442,710,3478,64,1627.8124999999995,611.3636040436218,76.42045050545272,1475.0984154772543,1780.5265845227448,638,3408,64,0.039051562499996535,0.018479641240485335,0.002309955155060667,0.03443548546223404,0.04366763953775903,0.02960000000001628,0.12220000000002074,64,0,0,0,0,0,0,0,64,0,0,0,0,0,0,0,64,874.3750000000002,305.4173569147011,38.177169614337636,798.0840141609787,950.6659858390218,376,1760,64,825.5156249999999,305.823322383838,38.22791529797975,749.1232320039984,901.9080179960014,334,1718,64,0.9523447840544771,0.016460113198403247,0.002057514149800406,0.9482331701121208,0.9564563979968334,0.8985915492957747,0.9798734905117884,64,23.61645655727657,8.594890826138363,1.0743613532672953,21.469516707725095,25.763396406828047,9.86111111111111,49.68571428571428,64,0.5161602953759693,0.00572830176256571,0.0007160377203207138,0.5147294081694783,0.5175911825824603,0.5060379528464635,0.5299145299145299,64,0.15533447265625006,0.02142643236655524,0.002678304045819405,0.14998230909629182,0.1606866362162083,0.109375,0.21484375,0,0,0,0.05662405979280534,64,0,0.4116705471929762,0
atlas,27,16,4,periodic,64,64,0.8022460937499997,0.025699952990333595,0.0032124941237916993,0.7958264364998171,0.8086657510001822,0.75,0.859375,64,0.4170345856136321,0.20785506497379863,0.02598188312172483,0.3651139352004542,0.46895523602681,-0.0196078431372549,0.8867924528301887,64,0.4176473307116713,0.20660145830136875,0.025825182287671094,0.3660398219282298,0.4692548394951128,0.0196078431372549,0.8867924528301887,64,51.34374999999998,1.64479699138135,0.20559962392266876,50.932891935988295,51.75460806401166,48,55,64,36.37499999999999,5.452536907730081,0.6815671134662601,35.012996804711534,37.73700319528845,25,50,64,14.968749999999996,5.374746210324431,0.6718432762905538,13.626178342768624,16.311321657231368,3,26,64,1352.59375,585.8596104314759,73.23245130393448,1206.2503735311723,1498.9371264688277,444,2798,64,1301.25,585.9678738688235,73.24598423360294,1154.8795801291567,1447.6204198708433,393,2744,64,0.02705156250000052,0.008320580569403787,0.0010400725711754734,0.02497314331385679,0.029129981686144252,0.023500000000012733,0.09140000000002146,64,0,0,0,0,0,0,0,64,0,0,0,0,0,0,0,64,693.984375,292.93362876784096,36.61670359598012,620.8117316706882,767.1570183293118,244,1417,64,658.6093749999998,292.9513539544239,36.61891924430299,585.4323040508164,731.7864459491832,200,1381,64,0.954877508478971,0.019101766214571488,0.002387720776821436,0.9501060292464296,0.9596489877115124,0.8851351351351351,0.9822878228782288,64,26.394722248421203,11.552902086081478,1.4441127607601847,23.50889317062258,29.280551326219825,8.705882352941176,56.458333333333336,64,0.5156059189663644,0.00754380096775544,0.00094297512096943,0.5137215335515428,0.517490304381186,0.5060080106809078,0.5495495495495496,64,0.19775390625,0.025699952990333605,0.0032124941237917006,0.19133424899981744,0.20417356350018256,0.140625,0.25,0,0,0,0.05662405979280534,64,0,0.4607599473986926,0
atlas,27,16,8,periodic,64,64,0.7851562499999999,0.057997545446146055,0.007249693180768257,0.7706688941960346,0.7996436058039652,0.625,0.90625,64,0.16894131933159287,0.4965977038347141,0.06207471297933926,0.04489490371964121,0.2929877349435445,-0.84,0.92,64,0.4572675985621076,0.2513779617220923,0.03142224521526154,0.3944752520114223,0.5200599451127929,0,0.92,64,25.124999999999996,1.8559214542766738,0.23199018178458422,24.661404614273106,25.588595385726887,20,29,64,14.671875,6.304583083530811,0.7880728854413513,13.09703700256125,16.24671299743875,2,24,64,10.453125,6.3143316138890535,0.7892914517361317,8.87585189213064,12.03039810786936,1,23,64,1048.109375,590.2031158897354,73.77538948621692,900.6810231494348,1195.5377268505652,228,2683,64,1022.9843750000002,589.7993872600256,73.7249234075032,875.6568715605507,1170.3118784394496,205,2658,64,0.04328906250001197,0.017795648809952883,0.0022244561012441104,0.03884384168783826,0.04773428331218568,0.033999999999991815,0.1776999999999589,64,0,0,0,0,0,0,0,64,0,0,0,0,0,0,0,64,530.8906250000001,295.76170787852544,36.97021348481568,457.0115485276462,604.769701472354,117,1353,64,517.2187500000001,294.47367461232005,36.80920932654001,443.6614146646429,590.7760853353573,111,1330,64,0.9653117480758734,0.02332809655435847,0.0029160120692948086,0.9594845629353218,0.971138933216425,0.8949579831932774,0.9906820723071189,64,41.573701637364145,23.554432081544245,2.9443040101930307,35.68997956428903,47.45742371043926,9.52,107.32,64,0.5090305118712968,0.0071634017079424414,0.0008954252134928052,0.5072411473643789,0.5108198763782147,0.500395256916996,0.53125,64,0.21484374999999997,0.05799754544614606,0.007249693180768258,0.20035639419603468,0.22933110580396526,0.09375,0.375,0,0,0,0.05662405979280534,64,0,0.5097239645354811,0
atlas,27,32,2,periodic,64,64,0.90557861328125,0.008504356927443982,0.0010630446159304978,0.9034542881267277,0.9077029384357723,0.884765625,0.923828125,64,0.36692887214382386,0.048723255469420204,0.0060904069336775255,0.35475816504780666,0.37909957923984106,0.27429805615550756,0.4752688172043011,64,0.36692887214382386,0.048723255469420204,0.0060904069336775255,0.35475816504780666,0.37909957923984106,0.27429805615550756,0.4752688172043011,64,463.65625,4.354230746851319,0.5442788433564149,462.56859552088457,464.74390447911543,453,473,64,316.890625,11.641629171293198,1.4552036464116498,313.9826325557516,319.7986174442484,295,346,64,146.765625,11.413918247556566,1.4267397809445708,143.91451305211132,149.61673694788868,122,168,64,10064.359375,2175.8136253575735,271.9767031696967,9520.857302434868,10607.861447565132,6346,18170,64,9600.703125000004,2176.7140932606667,272.08926165758334,9056.976122245123,10144.430127754884,5890,17704,64,0.19158124999999523,0.035241037924119395,0.004405129740514924,0.18277830064446043,0.20038419935553003,0.15750000000002728,0.2865999999999076,64,0,0,0,0,0,0,0,64,0,0,0,0,0,0,0,64,5190.125,1086.8556876210773,135.85696095263467,4918.636526944694,5461.613473055306,3334,9237,64,4874.234374999997,1088.9880367554217,136.12350459442771,4602.213256978945,5146.25549302105,3012,8933,64,0.9520608758221982,0.00913973721078132,0.001142467151347665,0.949777837395162,0.9543439142492345,0.9281437125748503,0.9743533296642818,64,21.717383091226562,4.753997900371289,0.5942497375464111,20.529869748305263,22.90489643414786,13.916666666666666,38.99141630901288,64,0.5163421848993712,0.0032206289455604734,0.00040257861819505917,0.51553769572508,0.5171466740736624,0.5083654375343973,0.5253703120075638,64,0.09442138671875003,0.00850435692744398,0.0010630446159304975,0.09229706156422773,0.09654571187327232,0.076171875,0.115234375,0,0,0,0.05662405979280534,64,0,0.3770962110100036,0
atlas,27,32,3,periodic,64,64,0.8410491943359373,0.011052299907947772,0.0013815374884934715,0.8382884119616685,0.8438099767102061,0.8203125,0.861328125,64,0.4267534195385129,0.08182207542523166,0.010227759428153958,0.4063148732140842,0.44719196586294163,0.2152777777777778,0.5763888888888888,64,0.4267534195385129,0.08182207542523166,0.010227759428153958,0.4063148732140842,0.44719196586294163,0.2152777777777778,0.5763888888888888,64,287.0781250000001,3.7725183685795236,0.47156479607244045,286.13577794958303,288.0204720504172,280,294,64,204.78125000000003,11.793822367313572,1.4742277959141965,201.8352408265137,207.72725917348635,175,227,64,82.296875,11.86522153787518,1.4831526922343976,79.33303084435923,85.26071915564077,61,113,64,9301.15625,2547.3638924573065,318.4204865571633,8664.843682143643,9937.468817856357,5481,15407,64,9014.078124999998,2546.9780805900064,318.3722600737508,8377.861930080668,9650.294319919329,5193,15117,64,0.12641093749999394,0.023600054594957547,0.0029500068243696934,0.12051581926214314,0.13230605573784474,0.10860000000002401,0.1996999999998934,64,0,0,0,0,0,0,0,64,0,0,0,0,0,0,0,64,4752.46875,1273.6682801643549,159.20853502054436,4434.315879753114,5070.621620246886,2837,7808,64,4548.687500000003,1273.722913165893,159.21536414573663,4230.520982835375,4866.85401716463,2644,7599,64,0.9669338895888417,0.00846244572780985,0.0010578057159762312,0.9648200335404963,0.9690477456371872,0.9474548440065681,0.9811773869020575,64,32.39288746543938,8.828702644713495,1.1035878305891869,30.187543161340503,34.59823176953825,19.03125,53.12758620689655,64,0.5117382098182871,0.0030797965032744157,0.00038497456290930197,0.5109688995413862,0.512507520095188,0.5067826312714999,0.5189373541554478,64,0.15895080566406247,0.011052299907947797,0.0013815374884934746,0.1561900232897937,0.16171158803833124,0.138671875,0.1796875,0,0,0,0.05662405979280534,64,0,0.44382766385095584,0
atlas,27,32,4,periodic,64,64,0.80755615234375,0.012988094770561285,0.0016235118463201607,0.8043118227999857,0.8108004818875143,0.77734375,0.8359375,64,0.4908603695325564,0.09762082802544936,0.01220260350318117,0.46647541222784394,0.5152453268372689,0.27884615384615385,0.7268292682926829,64,0.4908603695325564,0.09762082802544936,0.01220260350318117,0.46647541222784394,0.5152453268372689,0.27884615384615385,0.7268292682926829,64,206.734375,3.324952261263689,0.41561903265796113,205.90382663679634,207.56492336320366,199,214,64,154.09374999999994,10.200713871688766,1.2750892339610957,151.54568748844378,156.6418125115561,133,178,64,52.640625,10.189267910677172,1.2736584888346465,50.095421604436034,55.185828395563966,28,75,64,7911.906250000001,2995.147301244263,374.39341265553287,7163.7407146377545,8660.071785362248,4156,21933,64,7705.171875000001,2995.910411246021,374.4888014057526,6956.81572043089,8453.528029569112,3948,21731,64,0.10841718750003085,0.027353503328534465,0.003419187916066808,0.10158448566485756,0.11524988933520414,0.08649999999988722,0.24569999999994252,64,0,0,0,0,0,0,0,64,0,0,0,0,0,0,0,64,4032.5,1496.5366896578457,187.06708620723072,3658.6762574608697,4406.323742539131,2144,11034,64,3879.4062499999995,1498.6272524764388,187.32840655955485,3505.060300406234,4253.752199593765,2012,10899,64,0.971022279999986,0.00876302706274752,0.00109537838284344,0.9688333409681492,0.9732112190318228,0.9499518768046198,0.9907901335886563,64,38.33399200156945,14.847041186083837,1.8558801482604796,34.62531145924114,42.04267254389776,19.98076923076923,108.57920792079207,64,0.5107424112964498,0.003314808389125675,0.0004143510486407094,0.5099143967971151,0.5115704257957845,0.5030775543701272,0.5181796856673704,64,0.19244384765625003,0.0129880947705613,0.0016235118463201624,0.18919951811248575,0.1956881772000143,0.1640625,0.22265625,0,0,0,0.05662405979280534,64,0,0.5112314229313742,0
atlas,27,32,8,periodic,64,64,0.7490234375000001,0.025836243355684022,0.0032295304194605028,0.7425697359294882,0.7554771390705121,0.6875,0.796875,64,0.5921415531267976,0.20558007515786628,0.025697509394733285,0.5407891782614946,0.6434939279921006,0.14,0.98,64,0.5921415531267976,0.20558007515786628,0.025697509394733285,0.5407891782614946,0.6434939279921006,0.14,0.98,64,95.87500000000001,3.307039149527555,0.41337989369094436,95.04892619897448,96.70107380102554,88,102,64,76.32812499999999,10.374043750156384,1.296755468769548,73.73676597302232,78.91948402697766,57,99,64,19.546875,10.015749007168818,1.2519686258961022,17.045015336907845,22.048734663092155,1,43,64,5843.640625000001,2495.2856016654623,311.9107002081828,5220.336827127959,6466.944422872043,2369,13847,64,5747.765624999999,2495.1122489123845,311.88903111404807,5124.505129357286,6371.026120642712,2275,13753,64,0.09502968749999495,0.020651089980015525,0.0025813862475019406,0.08987119870570637,0.10018817629428353,0.07270000000016807,0.20890000000008513,64,0,0,0,0,0,0,0,64,0,0,0,0,0,0,0,64,2959.4843750000005,1247.2663059055278,155.90828823819098,2647.926521698615,3271.042228301386,1217,6959,64,2884.1562499999986,1248.0407403142442,156.00509253928053,2572.4049487390557,3195.9075512609415,1152,6888,64,0.9806599602094404,0.00774521624029778,0.0009681520300372225,0.9787252627564932,0.9825946576623875,0.9603208104685521,0.9932115259623023,64,60.974141001599946,26.094520128304843,3.2618150160381054,54.455923812848084,67.49235819035181,25.20212765957447,147.30851063829786,64,0.5076575160746328,0.003425968739985864,0.000428246092498233,0.5068017345458176,0.5085132976034481,0.5025637322163645,0.5159262363788768,64,0.2509765625000001,0.025836243355684036,0.0032295304194605045,0.2445228609294882,0.257430264070512,0.203125,0.3125,0,0,0,0.05662405979280534,64,0,0.6350410324026967,0
atlas,28,16,2,periodic,64,64,0.8677978515625001,0.017624137172774137,0.002203017146596767,0.8633954730825875,0.8722002300424128,0.828125,0.9140625,64,-1,0,0,-1,-1,-1,-1,64,1,0,0,1,1,1,1,64,111.07812500000001,2.2558895581150895,0.2819861947643862,110.5146205545712,111.64162944542883,106,117,64,0,0,0,0,0,0,0,64,111.07812500000001,2.2558895581150895,0.2819861947643862,110.5146205545712,111.64162944542883,106,117,64,1066.6874999999993,302.653339070947,37.83166738386838,991.0869452756558,1142.2880547243428,525,1870,64,955.6093749999998,302.6376961794573,37.82971202243216,880.0127277536895,1031.2060222463099,415,1753,64,0.044439062500002194,0.01635881022944557,0.0020448512786806964,0.040352753286389195,0.04852537171361519,0.03570000000001983,0.11699999999999022,64,5.031249999999999,2.3160499350375203,0.28950624187969004,4.452717939539,5.609782060460998,2,11,64,0,0,0,0,0,0,0,64,0,0,0,0,0,0,0,64,1066.6874999999993,302.653339070947,37.83166738386838,991.0869452756558,1142.2880547243428,525,1870,64,0.8873291153783605,0.03216301562597548,0.004020376953246935,0.8792950331164712,0.8953631976402497,0.7904761904761904,0.9374331550802139,64,9.60677064071394,2.7445586751597943,0.3430698343949743,8.921200281726588,10.292340999701292,4.7727272727272725,15.982905982905983,64,0,0,0,0,0,0,0,64,0.13220214843749997,0.017624137172774144,0.002203017146596768,0.1277997699575873,0.13660452691741265,0.0859375,0.171875,64,1,0.9433759402071946,1,0,0,1,0
atlas,28,16,3,periodic,64,64,0.8221435546875004,0.024987680942215918,0.0031234601177769898,0.8159018177012001,0.8283852916738008,0.7734375,0.87890625,64,-1,0,0,-1,-1,-1,-1,64,1,0,0,1,1,1,1,64,70.15624999999999,2.132282107069087,0.26653526338363587,69.62362177716902,70.68887822283095,66,75,64,0,0,0,0,0,0,0,64,70.15624999999999,2.132282107069087,0.26653526338363587,69.62362177716902,70.68887822283095,66,75,64,958.265625,406.225179644715,50.77814745558938,856.7935942653997,1059.7376557346004,286,2289,64,888.1093749999995,405.89095091871457,50.73636886483932,786.7208321171045,989.4979178828946,218,2220,64,0.03568906250000126,0.01710818162378358,0.0021385227029729476,0.031415565881549395,0.03996255911845313,0.02709999999996171,0.11050000000000182,64,1.6093749999999998,1.5997736695079063,0.1999717086884883,1.2097634271706479,2.0089865728293517,0,6,64,0,0,0,0,0,0,0,64,0,0,0,0,0,0,0,64,958.265625,406.225179644715,50.77814745558938,856.7935942653997,1059.7376557346004,286,2289,64,0.9132712065657275,0.03889852605135541,0.004862315756419426,0.9035546438591372,0.9229877692723177,0.7622377622377622,0.9698558322411533,64,13.64286336573253,5.772732874159066,0.7215916092698833,12.200877597785743,15.084849133679318,4.205882352941177,33.17391304347826,64,0,0,0,0,0,0,0,64,0.17785644531250003,0.024987680942215856,0.003123460117776982,0.1716147083261997,0.18409818229880034,0.12109375,0.2265625,46,0.71875,0.5986606971779259,0.8140662766627217,18,0,1,0
atlas,28,16,4,periodic,64,64,0.802001953125,0.028398511273539036,0.0035498139091923796,0.7949082160718568,0.8090956901781432,0.75,0.859375,64,-1,0,0,-1,-1,-1,-1,64,1,0,0,1,1,1,1,64,51.328125,1.8175047215064983,0.2271880901883123,50.874125828598835,51.782124171401165,48,55,64,0,0,0,0,0,0,0,64,51.328125,1.8175047215064983,0.2271880901883123,50.874125828598835,51.782124171401165,48,55,64,652.9843749999999,352.39081353842045,44.048851692302556,564.9597688117886,741.0089811882111,246,2115,64,601.65625,351.8951511752257,43.98689389690321,513.7554565862605,689.5570434137395,197,2066,64,0.025021875000007302,0.008325948513589898,0.0010407435641987372,0.022942114941301436,0.02710163505871317,0.021399999999971442,0.08890000000008058,64,0.46875,1.0230478894592296,0.1278809861824037,0.21320024069416893,0.7242997593058311,0,5,64,0,0,0,0,0,0,0,64,0,0,0,0,0,0,0,64,652.9843749999999,352.39081353842045,44.048851692302556,564.9597688117886,741.0089811882111,246,2115,64,0.9011344878429778,0.04462237386173932,0.005577796732717415,0.8899881504940489,0.9122808251919067,0.8008130081300813,0.9768321513002364,64,12.673504155084547,6.789724611042129,0.8487155763802662,10.97748140973501,14.369526900434085,5.020408163265306,43.16326530612245,64,0,0,0,0,0,0,0,64,0.19799804687500003,0.02839851127353903,0.0035498139091923787,0.19090430982185688,0.20509178392814317,0.140625,0.25,17,0.265625,0.17296379074222612,0.38482873728565137,47,0,1,0
atlas,28,16,8,periodic,64,64,1,0,0,1,1,1,1,64,-1,0,0,-1,-1,-1,-1,64,1,0,0,1,1,1,1,64,32,0,0,32,32,32,32,64,0,0,0,0,0,0,0,64,32,0,0,32,32,32,32,64,865.2499999999998,300.19676087209075,37.524595109011344,790.2630802519872,940.2369197480124,412,1859,64,833.2499999999998,300.19676087209075,37.524595109011344,758.2630802519872,908.2369197480124,380,1827,64,0.03798906249999768,0.003467312997777868,0.0004334141247222335,0.0371229534828641,0.038855171517131255,0.03260000000000218,0.051799999999957436,64,0,0,0,0,0,0,0,64,0,0,0,0,0,0,0,64,0,0,0,0,0,0,0,64,865.2499999999998,300.19676087209075,37.524595109011344,790.2630802519872,940.2369197480124,412,1859,64,0.9588260816862341,0.013414051037803656,0.001676756379725457,0.9554753514326983,0.9621768119397698,0.9223300970873787,0.9827864443249059,64,27.039062499999993,9.381148777252836,1.1726435971566045,24.6957212578746,29.382403742125387,12.875,58.09375,64,0,0,0,0,0,0,0,64,0,0,0,0,0,0,0,0,0,0,0.05662405979280534,64,0,1,0
atlas,28,32,2,periodic,64,64,0.8656005859374999,0.007339961173819138,0.0009174951467273922,0.8637671181882285,0.8674340536867713,0.8515625,0.8828125,64,-1,0,0,-1,-1,-1,-1,64,1,0,0,1,1,1,1,64,443.18749999999994,3.7580601209953985,0.4697575151244248,442.248764512373,444.1262354876269,436,452,64,0,0,0,0,0,0,0,64,443.18749999999994,3.7580601209953985,0.4697575151244248,442.248764512373,444.1262354876269,436,452,64,5859.1875,1323.4890981255353,165.4361372656919,5528.589759703943,6189.785240296057,3390,9382,64,5416,1323.6851157712263,165.46063947140328,5085.353295952888,5746.646704047112,2947,8935,64,0.15827187500001474,0.03275240191725105,0.004094050239656382,0.15009056842299268,0.1664531815770368,0.1269999999999527,0.2555999999999585,64,18.781249999999996,4.935999118880323,0.6169998898600404,17.548274105361852,20.01422589463814,8,30,64,0,0,0,0,0,0,0,64,0,0,0,0,0,0,0,64,5859.1875,1323.4890981255353,165.4361372656919,5528.589759703943,6189.785240296057,3390,9382,64,0.9206327495273285,0.01737556420924185,0.002171945526155231,0.916292462726266,0.9249730363283911,0.8693215339233038,0.95235557450437,64,13.222818488258532,2.9897832739109993,0.3737229092388749,12.475992847057693,13.969644129459372,7.652370203160271,20.988814317673377,64,0,0,0,0,0,0,0,64,0.13439941406249994,0.007339961173819116,0.0009174951467273895,0.1325659463132286,0.1362328818117713,0.1171875,0.1484375,64,1,0.9433759402071946,1,0,0,1,0
atlas,28,32,3,periodic,64,64,0.8238830566406252,0.011152482402933133,0.0013940603003666416,0.8210972494236839,0.8266688638575665,0.802734375,0.849609375,64,-1,0,0,-1,-1,-1,-1,64,1,0,0,1,1,1,1,64,281.21874999999994,3.80671399353451,0.47583924919181375,280.26786113661734,282.16963886338254,274,290,64,0,0,0,0,0,0,0,64,281.21874999999994,3.80671399353451,0.47583924919181375,280.26786113661734,282.16963886338254,274,290,64,4578.531250000002,1182.0187462423153,147.7523432802894,4283.271752170558,4873.7907478294455,2340,8397,64,4297.312499999999,1181.9561117063522,147.74451396329403,4002.068647812128,4592.55635218787,2054,8112,64,0.1146093749999828,0.023399658922699292,0.0029249573653374115,0.10876431411168443,0.12045443588828118,0.098700000000008,0.1993999999999687,64,5.125000000000002,3.1547394428670255,0.3943424303583782,4.336969533778696,5.913030466221308,0,15,64,0,0,0,0,0,0,0,64,0,0,0,0,0,0,0,64,4578.531250000002,1182.0187462423153,147.7523432802894,4283.271752170558,4873.7907478294455,2340,8397,64,0.9345397051280211,0.01713840348150465,0.002142300435188081,0.930258659314125,0.9388207509419172,0.8777777777777778,0.9660593068953197,64,16.28298623166756,4.17845449938654,0.5223068124233174,15.239239352767274,17.326733110567847,8.181818181818182,29.46315789473684,64,0,0,0,0,0,0,0,64,0.17611694335937497,0.011152482402933124,0.0013940603003666405,0.17333113614243367,0.17890275057631627,0.150390625,0.197265625,63,0.984375,0.9166589839990573,0.9972364580766624,1,0,1,0
atlas,28,32,4,periodic,64,64,0.80316162109375,0.0134889295377134,0.001686116192214175,0.7997921867474478,0.8065310554400522,0.7734375,0.83984375,64,-1,0,0,-1,-1,-1,-1,64,1,0,0,1,1,1,1,64,205.609375,3.4531659616546304,0.4316457452068288,204.74679980734663,206.47195019265337,198,215,64,0,0,0,0,0,0,0,64,205.609375,3.4531659616546304,0.4316457452068288,204.74679980734663,206.47195019265337,198,215,64,3787.71875,1196.9925205472389,149.62406506840486,3488.718914637046,4086.718585362954,1497,7620,64,3582.1093749999995,1196.1232234285064,149.5154029285633,3283.3266835965283,3880.892066403471,1296,7413,64,0.15358437500003672,0.11612929742419205,0.014516162178024006,0.12457613959788527,0.18259261040218816,0.09439999999995052,0.7390000000000327,64,1.7031249999999996,1.7966431441167128,0.2245803930145891,1.254336895583706,2.1519131044162934,0,8,64,0,0,0,0,0,0,0,64,0,0,0,0,0,0,0,64,3787.71875,1196.9925205472389,149.62406506840486,3488.718914637046,4086.718585362954,1497,7620,64,0.94039475524201,0.018845173210667105,0.002355646651333388,0.9356873710347973,0.9451021394492227,0.8657314629258517,0.9728346456692913,64,18.402399854359718,5.760411663973707,0.7200514579967133,16.96349183314372,19.841307875575716,7.447761194029851,36.81159420289855,64,0,0,0,0,0,0,0,64,0.19683837890625006,0.013488929537713404,0.0016861161922141754,0.1934689445599478,0.20020781325255232,0.16015625,0.2265625,45,0.703125,0.5822979889645707,0.8009484867446022,19,0,1,0
atlas,28,32,8,periodic,64,64,0.77099609375,0.011037577157103271,0.001379697144637909,0.76823898900947,0.77375319849053,0.75,0.796875,64,-1,0,0,-1,-1,-1,-1,64,1,0,0,1,1,1,1,64,98.6875,1.4128098761092187,0.17660123451365234,98.33459059321216,99.04040940678784,96,102,64,0,0,0,0,0,0,0,64,98.6875,1.4128098761092187,0.17660123451365234,98.33459059321216,99.04040940678784,96,102,64,2556.0468750000005,1400.5952751426744,175.0744093928343,2206.188584752427,2905.905165247574,980,9820,64,2457.3593749999995,1400.2297472165342,175.02871840206677,2107.5923909117046,2807.1263590882945,883,9721,64,0.12301249999999439,0.024547495265470027,0.0030684369081837534,0.11688071812420382,0.12914428187578494,0.10620000000017171,0.27349999999978536,64,0,0,0,0,0,0,0,64,0,0,0,0,0,0,0,64,0,0,0,0,0,0,0,64,2556.0468750000005,1400.5952751426744,175.0744093928343,2206.188584752427,2905.905165247574,980,9820,64,0.9524816669598664,0.020470624996421518,0.0025588281245526897,0.9473682569772304,0.9575950769425023,0.9010204081632653,0.989918533604888,64,25.853284658374363,14.103403231807032,1.762925403975879,22.330359350169623,29.376209966579104,10.103092783505154,99.1919191919192,64,0,0,0,0,0,0,0,64,0.22900390625,0.011037577157103273,0.0013796971446379091,0.22624680150946996,0.23176101099053004,0.203125,0.25,0,0,0,0.05662405979280534,64,0,1,0
atlas,29,16,2,periodic,64,64,0.8510742187499999,0.019777710853437543,0.002472213856679693,0.8461338935704154,0.8560145439295844,0.8046875,0.890625,64,0.817077114763947,0.10279695447735755,0.012849619309669694,0.7913991995414767,0.8427550299864172,0.5576923076923077,0.9813084112149533,64,0.817077114763947,0.10279695447735755,0.012849619309669694,0.7913991995414767,0.8427550299864172,0.5576923076923077,0.9813084112149533,64,108.93749999999999,2.5315469892400055,0.3164433736550007,108.30513837701317,109.5698616229868,103,114,64,99.03125,6.877542819793654,0.8596928524742068,97.3132909187855,100.7492090812145,81,109,64,9.906249999999998,5.43568091264811,0.6794601140810137,8.548457307006146,11.26404269299385,1,23,64,1076.859375,320.9586764276771,40.11983455345964,996.6862830525973,1157.0324669474026,639,2145,64,967.9218749999998,320.48338018406884,40.060422523008604,887.8675085217609,1047.9762414782385,529,2035,64,0.04275156249999767,0.01837485334948285,0.002296856668685356,0.038161660698604605,0.04734146430139073,0.03260000000000218,0.103999999999985,64,0,0,0,0,0,0,0,64,7.328124999999999,2.987033818313082,0.37337922728913525,6.581986152373056,8.074263847626941,2,15,64,1065.953125,321.695924141303,40.211990517662876,985.5958740530949,1146.310375946905,633,2129,64,10.906249999999998,5.43568091264811,0.6794601140810137,9.548457307006146,12.26404269299385,2,24,64,0.8913684598423457,0.02735787466555674,0.0034197343331945924,0.8845346660796728,0.8982022536050186,0.8278560250391236,0.9493850520340587,64,9.877590578680799,2.903905610692743,0.3629882013365929,9.152216539493207,10.602964617868391,5.8090909090909095,19.757009345794394,64,0.9889813675178568,0.006461933789403433,0.0008077417236754291,0.9873672244835506,0.990595510552163,0.9698492462311558,0.9981078524124882,64,0.14892578125000006,0.019777710853437575,0.002472213856679697,0.14398545607041546,0.15386610642958465,0.109375,0.1953125,64,1,0.9433759402071946,1,0,0,0.8385282977875962,0
atlas,29,16,3,periodic,64,64,0.788818359375,0.02815869447431412,0.003519836809289265,0.7817845267759405,0.7958521919740595,0.7265625,0.84375,64,0.7521730684838855,0.1525636024291838,0.019070450303647974,0.714063814477979,0.7902823224897921,0.40625,0.9722222222222222,64,0.7521730684838855,0.1525636024291838,0.019070450303647974,0.714063814477979,0.7902823224897921,0.40625,0.9722222222222222,64,67.31249999999997,2.4028752618081377,0.3003594077260172,66.71227961821356,67.91272038178639,62,72,64,59.093750000000014,6.696880937101562,0.8371101171376952,57.42091891436948,60.76658108563055,45,71,64,8.21875,4.8907711924749515,0.6113463990593689,6.997071705235603,9.440428294764397,1,19,64,818.9531249999997,315.87044911640595,39.483806139550744,740.0510344183064,897.855215581693,358,1823,64,751.6406250000003,315.93094318710735,39.49136789838842,672.7234234490489,830.5578265509517,291,1754,64,0.03277500000000267,0.017418381095840086,0.0021772976369800108,0.028424017858890923,0.037125982141114414,0.024400000000014188,0.11430000000001428,64,0,0,0,0,0,0,0,64,6.500000000000001,4.136557881996952,0.517069735249619,5.466718584740225,7.5332814152597765,0,18,64,809.7343750000002,315.37587763877656,39.42198470484707,730.955824697672,888.5129253023284,347,1817,64,9.218749999999998,4.8907711924749515,0.6113463990593689,7.9970717052356015,10.440428294764395,2,20,64,0.9069012502240495,0.03163603301167365,0.003954504126459206,0.8989988043025806,0.9148036961455185,0.8128491620111732,0.9622425629290617,64,12.185615802125525,4.726414586588607,0.5908018233235759,11.004992565982851,13.3662390382682,5.343283582089552,26.484848484848484,64,0.9874851252463974,0.007918343000070282,0.0009897928750087852,0.9855071820155692,0.9894630684772256,0.96,0.9987163029525032,64,0.21118164062499997,0.02815869447431411,0.003519836809289264,0.2041478080259404,0.21821547322405954,0.15625,0.2734375,62,0.96875,0.8930270822904169,0.9913878616538281,2,0,0.7840093205897446,0
atlas,29,16,4,periodic,64,64,0.7333984375000002,0.046574349988861036,0.0058217937486076295,0.7217645110219638,0.7450323639780366,0.609375,0.8125,64,0.6667568296498165,0.19934861656661332,0.024918577070826665,0.6169610268272561,0.716552632472377,0.19148936170212766,0.9615384615384616,64,0.6667568296498165,0.19934861656661332,0.024918577070826665,0.6169610268272561,0.716552632472377,0.19148936170212766,0.9615384615384616,64,46.937500000000014,2.9807583992871063,0.3725947999108883,46.192928705405684,47.682071294594344,39,52,64,39.32812500000001,6.640555263406007,0.8300694079257509,37.669363649035795,40.98688635096422,25,51,64,7.609375000000001,4.3117307227373125,0.5389663403421641,6.532336711040227,8.686413288959775,1,19,64,666.8125000000001,281.44794973973154,35.18099371746644,596.5088939282197,737.1161060717806,282,1787,64,619.8749999999999,281.5256902765968,35.1907112845746,549.5519749198926,690.1980250801072,240,1740,64,0.02408281249999433,0.008413095511822486,0.0010516369389778108,0.021981283768822565,0.026184341231166093,0.01890000000003056,0.08639999999991232,64,0,0,0,0,0,0,0,64,8.09375,6.445667303245413,0.8057084129056766,6.483670213040551,9.70382978695945,0,28,64,658.2031249999999,281.26342957355155,35.15792869669394,587.9456106943433,728.4606393056565,272,1778,64,8.609375000000002,4.3117307227373125,0.5389663403421641,7.532336711040227,9.686413288959777,2,20,64,0.9187073449478201,0.030121813255473414,0.0037652266569341768,0.9111831398674888,0.9262315500281515,0.8362369337979094,0.9736989367655288,64,14.271181754086657,6.095615443126212,0.7619519303907765,12.748542320134831,15.793821188038482,6.1063829787234045,38.02127659574468,64,0.9852167965870898,0.009841295085514635,0.0012301618856893294,0.9827585142170531,0.9876750789571266,0.959493670886076,0.9974522292993631,64,0.2666015625,0.04657434998886104,0.00582179374860763,0.2549676360219636,0.2782354889780364,0.1875,0.390625,59,0.921875,0.8298046264583709,0.9661688230914496,5,0,0.7083559575736267,0
atlas,29,16,8,periodic,64,64,0.5654296875,0.12851201590375438,0.016064001987969298,0.5333283410523073,0.5975310339476927,0.3125,0.78125,64,0.35629204056714703,0.4577430999891031,0.05721788749863789,0.24195121622122867,0.4706328649130654,-0.8461538461538461,0.92,64,0.49404172960360077,0.3008924655577912,0.0376115581947239,0.41888102799570603,0.5692024312114955,0,0.92,64,18.09375,4.11238450892014,0.5140480636150175,17.066506913673834,19.120993086326166,10,25,64,13.078124999999998,6.539998270714784,0.817499783839348,11.444482038451893,14.711767961548103,1,24,64,5.015625,2.710896223268854,0.33886202790860676,4.338463271309439,5.692786728690561,1,12,64,520.3906250000001,330.5030613496764,41.31288266870955,437.83341663471566,602.9478333652846,49,1448,64,502.2968750000001,329.1202645865306,41.140033073316324,420.0850789889482,584.508671011052,37,1431,64,0.02667656250000406,0.012274321397690673,0.0015342901747113342,0.02361052823988718,0.029742596760120938,0.014499999999998181,0.09829999999999472,64,0,0,0,0,0,0,0,64,23.171875000000004,22.230791378569055,2.778848922321132,17.618788536985637,28.72496146301437,0,99,64,514.3750000000002,331.1081202592097,41.388515032401216,431.666652416024,597.0833475839764,43,1441,64,6.015625,2.710896223268854,0.33886202790860676,5.338463271309439,6.692786728690561,2,13,64,0.9456174040615376,0.046385761265586876,0.0057982201581983596,0.9340305856449488,0.9572042224781264,0.7551020408163265,0.9882596685082873,64,28.70858848251529,18.04425908041904,2.25553238505238,24.20126667249663,33.21591029253395,4.083333333333333,85.17647058823529,64,0.9783286643699914,0.02773686623384583,0.003467108279230729,0.9714002013302954,0.9852571274096875,0.8333333333333334,0.9981867633726201,64,0.4345703125,0.12851201590375438,0.016064001987969298,0.4024689660523073,0.4666716589476927,0.21875,0.6875,61,0.953125,0.8710034625990631,0.983930983213707,3,0,0.5568305484157275,0
atlas,29,32,2,periodic,64,64,0.8577880859375002,0.008300097354530248,0.001037512169316281,0.8557147833061969,0.8598613885688036,0.83984375,0.875,64,0.902088103135105,0.05644347599536064,0.00705543449942008,0.8879889423298144,0.9161872639403956,0.7563218390804598,0.9908675799086758,64,0.902088103135105,0.05644347599536064,0.00705543449942008,0.8879889423298144,0.9161872639403956,0.7563218390804598,0.9908675799086758,64,439.1875000000001,4.249649845519487,0.5312062306899359,438.1259690527728,440.2490309472274,430,448,64,417.71874999999994,14.02205603881098,1.7527570048513725,414.21614461601825,421.22135538398163,382,439,64,21.468750000000007,12.315906284924695,1.539488285615587,18.39232814411864,24.545171855881375,2,53,64,5858.296875000001,1275.1677845367008,159.3959730670876,5539.769439705497,6176.824310294505,4140,10016,64,5419.109375000001,1275.4322655624242,159.42903319530302,5100.515874310943,5737.702875689059,3692,9579,64,0.1443312499999898,0.03372776575079518,0.004215970718849398,0.13590630478643279,0.15275619521354683,0.12339999999994689,0.30179999999995744,64,0,0,0,0,0,0,0,64,25.296875,6.950344715671782,0.8687930894589727,23.560730546272293,27.033019453727707,13,40,64,5835.828125,1274.8549690895438,159.35687113619298,5517.378828679293,6154.277421320707,4127,10000,64,22.468750000000007,12.315906284924695,1.539488285615587,19.39232814411864,25.545171855881375,3,54,64,0.9217705185913658,0.01570409877080427,0.001963012346350534,0.9178477514341848,0.9256932857485468,0.8917874396135266,0.9563698083067093,64,13.341793471673196,2.9140682443657133,0.36425853054571417,12.613880882124668,14.069706061221723,9.241071428571429,22.919908466819223,64,0.9960177792784533,0.0022042981145690235,0.00027553726432112793,0.9954671619921851,0.9965683965647214,0.9897100093545369,0.9994475138121547,64,0.1422119140625001,0.008300097354530253,0.0010375121693162817,0.14013861143119674,0.14428521669380348,0.125,0.16015625,64,1,0.9433759402071946,1,0,0,0.9138664611635438,0
atlas,29,32,3,periodic,64,64,0.8075866699218752,0.01957458049266885,0.0024468225615836064,0.8026970851967082,0.8124762546470422,0.7353515625,0.8408203125,64,0.8719354557749378,0.07412085199915293,0.009265106499894116,0.853420617825427,0.8904502937244486,0.6095617529880478,0.9929824561403509,64,0.8719354557749378,0.07412085199915293,0.009265106499894116,0.853420617825427,0.8904502937244486,0.6095617529880478,0.9929824561403509,64,275.6562500000001,6.6814568081643,0.8351821010205375,273.98727174714315,277.3252282528571,251,287,64,258.20312499999983,15.504407655438872,1.938050956929859,254.3302391992958,262.0760108007039,202,284,64,17.453124999999996,9.667372203316697,1.2084215254145871,15.038287273309278,19.867962726690717,1,49,64,4795.953125,1289.446816664399,161.18085208304987,4473.858893604404,5118.047356395596,2509,8477,64,4520.296875000001,1288.5133143510475,161.06416429388094,4198.4358255443185,4842.157924455683,2240,8199,64,0.113176562500005,0.0309458961670695,0.0038682370208836876,0.1054465076330935,0.1209066173669165,0.0906999999999698,0.2662000000000262,64,0,0,0,0,0,0,0,64,15.406249999999996,8.63495801958527,1.0793697524481587,13.249301663312274,17.56319833668772,3,50,64,4777.5,1289.4119737675924,161.17649672094905,4455.414472101067,5099.585527898933,2489,8457,64,18.453124999999996,9.667372203316697,1.2084215254145871,16.038287273309276,20.867962726690717,2,50,64,0.9386884196668863,0.015219174108663826,0.0019023967635829783,0.9348867830862583,0.9424900562475144,0.8927859705061778,0.9672053792615312,64,17.392118167015937,4.639840407610209,0.5799800509512761,16.233120517346762,18.551115816685112,9.327137546468402,30.492805755395683,64,0.9958858691815708,0.002426634741899802,0.00030332934273747525,0.9952797138582424,0.9964920245048993,0.9865192774332704,0.999679743795036,64,0.192413330078125,0.019574580492668848,0.002446822561583606,0.18752374535295804,0.19730291480329196,0.1591796875,0.2646484375,64,1,0.9433759402071946,1,0,0,0.8874026451502112,0
atlas,29,32,4,periodic,64,64,0.776611328125,0.026954562734831055,0.003369320341853882,0.7698782786851336,0.7833443775648664,0.6875,0.8203125,64,0.8627456481615755,0.08535338486075573,0.010669173107594467,0.8414250069854976,0.8840662893376534,0.5227272727272727,0.9903846153846154,64,0.8627456481615755,0.08535338486075573,0.010669173107594467,0.8414250069854976,0.8840662893376534,0.5227272727272727,0.9903846153846154,64,198.8125,6.90036806011675,0.8625460075145938,197.0888393433942,200.5361606566058,176,210,64,185.390625,13.728220485496752,1.716027560687094,181.96141755339602,188.81983244660398,134,207,64,13.421875,7.833190854833933,0.9791488568542416,11.465202142185339,15.378547857814661,1,42,64,4297.624999999998,1546.6796540916127,193.3349567614516,3911.275917617096,4683.9740823829,1748,9658,64,4098.812499999999,1545.359103230219,193.16988790377738,3712.7932814076953,4484.831718592303,1568,9467,64,0.19922343750001656,0.14590538545737447,0.01823817318217181,0.16277735660856824,0.23566951839146488,0.08969999999999345,0.8502000000003136,64,0,0,0,0,0,0,0,64,12.484375000000002,11.640095166113998,1.4550118957642497,9.57676573884435,15.391984261155654,0,59,64,4283.203125,1547.3870159507405,193.42337699384257,3896.677348881932,4669.728901118067,1722,9649,64,14.421875,7.833190854833933,0.9791488568542416,12.465202142185339,16.378547857814663,2,43,64,0.9482343283427499,0.017181386043915437,0.0021476732554894296,0.9439425458042179,0.9525261108812819,0.8939890710382513,0.980223648788569,64,21.588718389289948,7.710770637133914,0.9638463296417392,19.662625192007056,23.51481158657284,9.43298969072165,50.56544502617801,64,0.9961321796319385,0.0031416145068422995,0.00039270181335528744,0.9953474276771892,0.9969169315866877,0.9821057012068248,0.9996639784946236,64,0.22338867187499997,0.02695456273483104,0.00336932034185388,0.21665562243513353,0.2301217213148664,0.1796875,0.3125,62,0.96875,0.8930270822904169,0.9913878616538281,2,0,0.8805567894511682,0
atlas,29,32,8,periodic,64,64,0.6623535156249999,0.07049096550340991,0.00881137068792624,0.6447453963441381,0.6799616349058617,0.484375,0.7734375,64,0.7658136170510199,0.15611262995774727,0.01951407874471841,0.726817842345507,0.8048093917565329,0.25806451612903225,0.9797979797979798,64,0.7658136170510199,0.15611262995774727,0.01951407874471841,0.726817842345507,0.8048093917565329,0.25806451612903225,0.9797979797979798,64,84.78124999999999,9.022843584436469,1.1278554480545586,82.52741073204967,87.0350892679503,62,99,64,75.50000000000001,13.864422895390279,1.7330528619237848,72.03677020368613,78.9632297963139,39,98,64,9.281249999999998,5.177695601909381,0.6472119502386726,7.987900120234147,10.574599879765849,1,23,64,2652.9375000000005,1126.9822589130504,140.8727823641313,2371.425707664057,2934.449292335944,896,6537,64,2568.15625,1126.4523354706587,140.80654193383234,2286.776828601477,2849.535671398523,812,6440,64,0.11172968749997382,0.030414995673253172,0.0038018744591566465,0.104132247630667,0.11932712736928064,0.0805000000000291,0.3271999999997206,64,0,0,0,0,0,0,0,64,29.796874999999986,28.95106966113358,3.6188837076416975,22.56511296835183,37.02863703164814,0,109,64,2642.65625,1126.9469673688754,140.86837092110943,2361.153273229498,2924.159226770502,887,6534,64,10.281249999999998,5.177695601909381,0.6472119502386726,8.987900120234148,11.574599879765849,2,24,64,0.9620269153499763,0.01800936690756152,0.00225117086344519,0.9575283093454123,0.9665255213545403,0.9025641025641026,0.9853081473001336,64,31.588490987783263,13.535169491767128,1.691896186470891,28.207506244622262,34.96947573094427,10.263157894736842,68.06493506493507,64,0.9955130197652888,0.002879512623519062,0.0003599390779398828,0.994793738913004,0.9962323006175736,0.9865244244806288,0.9995410738871042,64,0.33764648437499994,0.07049096550340991,0.00881137068792624,0.32003836509413813,0.35525460365586176,0.2265625,0.515625,59,0.921875,0.8298046264583709,0.9661688230914496,5,0,0.7983904634620143,0
atlas,3,16,2,periodic,64,64,0.8671874999999999,0.017607380306844094,0.0022009225383555118,0.8627893072606564,0.8715856927393434,0.8359375,0.9140625,64,1,0,0,1,1,1,1,64,1,0,0,1,1,1,1,64,110.99999999999999,2.253744679276044,0.2817180849095055,110.43703132936402,111.56296867063595,107,117,64,110.99999999999999,2.253744679276044,0.2817180849095055,110.43703132936402,111.56296867063595,107,117,64,0,0,0,0,0,0,0,64,1019.4375000000002,273.39261116802305,34.17407639600288,951.1460576346668,1087.7289423653338,609,1863,64,908.4375,273.406545073246,34.17581813415575,840.1425770487012,976.7324229512988,501,1753,64,0.05857187500000049,0.02022791147839519,0.0025284889347993987,0.05351909305027579,0.06362465694972519,0.04690000000000083,0.12710000000000576,64,0,0,0,0,0,0,0,64,4.390624999999998,2.1793925722840717,0.27242407153550896,3.8462289330920223,4.935021066907974,0,9,64,1019.4375000000002,273.39261116802305,34.17407639600288,951.1460576346668,1087.7289423653338,609,1863,64,0,0,0,0,0,0,0,64,0.8835930525075657,0.029756767536696156,0.0037195959420870195,0.8761600331346976,0.8910260718804338,0.8186195826645265,0.940955448201825,64,9.187775193596673,2.4818601171426815,0.3102325146428352,8.567824981977738,9.807725405215608,5.513274336283186,16.936363636363637,64,1,0,0,1,1,1,1,64,0.1328125,0.017607380306844094,0.0022009225383555118,0.12841430726065653,0.13721069273934347,0.0859375,0.1640625,62,0.96875,0.8930270822904169,0.9913878616538281,2,0,1,0
atlas,3,16,3,periodic,64,64,0.8239746093749998,0.02178663193782362,0.0027233289922279527,0.8185324706392085,0.829416748110791,0.7734375,0.87890625,64,1,0,0,1,1,1,1,64,1,0,0,1,1,1,1,64,70.31249999999997,1.859125925360948,0.2323907406701185,69.84810416121245,70.7768958387875,66,75,64,70.31249999999997,1.859125925360948,0.2323907406701185,69.84810416121245,70.7768958387875,66,75,64,0,0,0,0,0,0,0,64,901.671875,386.5600450160075,48.32000562700094,805.112048740734,998.231701259266,278,2643,64,831.359375,386.3375186587664,48.2921898323458,734.8551341709158,927.8636158290842,208,2573,64,0.041315625000001965,0.0195621777827258,0.002445272222840725,0.036429138379599546,0.046202111620404385,0.03069999999996753,0.1320999999999799,64,0,0,0,0,0,0,0,64,1.2343749999999996,1.3886408508676433,0.17358010635845542,0.8875028360888371,1.581247163911162,0,7,64,901.671875,386.5600450160075,48.32000562700094,805.112048740734,998.231701259266,278,2643,64,0,0,0,0,0,0,0,64,0.9096488858064055,0.03566141750120854,0.004457677187651068,0.9007409287568525,0.9185568428559584,0.7482014388489209,0.9735149451381007,64,12.814925671383946,5.482466935840495,0.6853083669800619,11.445446177519011,14.184405165248881,3.9714285714285715,37.75714285714286,64,1,0,0,1,1,1,1,64,0.17602539062499994,0.02178663193782362,0.0027233289922279527,0.1705832518892087,0.1814675293607912,0.12109375,0.2265625,40,0.625,0.502503786840045,0.7333401982117536,24,0,1,0
atlas,3,16,4,periodic,64,64,0.8037109375000001,0.028373980603673132,0.0035467475754591415,0.796623328025873,0.8107985469741272,0.75,0.890625,64,1,0,0,1,1,1,1,64,1,0,0,1,1,1,1,64,51.43750000000001,1.8159347586350805,0.22699184482938506,50.98389299365587,51.89110700634414,48,57,64,51.43750000000001,1.8159347586350805,0.22699184482938506,50.98389299365587,51.89110700634414,48,57,64,0,0,0,0,0,0,0,64,626.0468750000002,321.8922441058128,40.2365305132266,545.6405847850469,706.4531652149535,210,1600,64,574.609375,321.190227825189,40.14877847814863,494.3784432344317,654.8403067655684,160,1548,64,0.029792187499998235,0.010829241786876165,0.0013536552233595206,0.027087123386563945,0.032497251613432525,0.024699999999995725,0.11020000000002028,64,0,0,0,0,0,0,0,64,0.37500000000000006,0.9511897312113418,0.11889871640141772,0.1373998745613721,0.612600125438628,0,5,64,626.0468750000002,321.8922441058128,40.2365305132266,545.6405847850469,706.4531652149535,210,1600,64,0,0,0,0,0,0,0,64,0.8967352486529432,0.04801247758361706,0.006001559697952133,0.8847420885901669,0.9087284087157195,0.7619047619047619,0.9675,64,12.100017775989096,6.076076345757041,0.7595095432196302,10.582259063341906,13.617776488636286,4.2,30.76923076923077,64,1,0,0,1,1,1,1,64,0.1962890625,0.02837398060367313,0.003546747575459141,0.18920145302587288,0.20337667197412712,0.109375,0.25,13,0.203125,0.12273417819183653,0.3171363573101416,51,0,1,0
atlas,3,16,8,periodic,64,64,1,0,0,1,1,1,1,64,1,0,0,1,1,1,1,64,1,0,0,1,1,1,1,64,32,0,0,32,32,32,32,64,32,0,0,32,32,32,32,64,0,0,0,0,0,0,0,64,857.9375,304.71224390775893,38.08903048846987,781.8226461495824,934.0523538504176,405,1855,64,825.9375,304.71224390775893,38.08903048846987,749.8226461495824,902.0523538504176,373,1823,64,0.0325734375000053,0.019790058769272933,0.0024737573461591166,0.027630027902817038,0.03751684709719356,0.02369999999996253,0.1793999999999869,64,0,0,0,0,0,0,0,64,0,0,0,0,0,0,0,64,857.9375,304.71224390775893,38.08903048846987,781.8226461495824,934.0523538504176,405,1855,64,0,0,0,0,0,0,0,64,0.9582827145023044,0.013909725909425184,0.001738715738678148,0.954808168349785,0.9617572606548238,0.9209876543209876,0.9827493261455525,64,26.810546875,9.522257622117467,1.1902822027646833,24.43195769217445,29.18913605782555,12.65625,57.96875,64,1,0,0,1,1,1,1,64,0,0,0,0,0,0,0,0,0,0,0.05662405979280534,64,0,1,0
atlas,3,32,2,periodic,64,64,0.8641052246093751,0.009866202600899383,0.001233275325112423,0.8616407205271125,0.8665697286916377,0.841796875,0.892578125,64,1,0,0,1,1,1,1,64,1,0,0,1,1,1,1,64,442.42187500000006,5.051495731660484,0.6314369664575605,441.1600489098816,443.6837010901185,431,457,64,442.42187500000006,5.051495731660484,0.6314369664575605,441.1600489098816,443.6837010901185,431,457,64,0,0,0,0,0,0,0,64,5726.265625,1303.6218562897864,162.9527320362233,5400.630574057498,6051.900675942502,3885,9827,64,5283.843749999997,1304.3293991732376,163.0411748966547,4958.031960103798,5609.655539896196,3449,9385,64,0.16751406250000747,0.029844878676823255,0.003730609834602907,0.1600590336191939,0.17496909138082103,0.14409999999998035,0.3223000000000411,64,0,0,0,0,0,0,0,64,19.656249999999996,4.765013865966933,0.5956267332458667,18.4659849507456,20.846515049254393,9,29,64,5726.265625,1303.6218562897864,162.9527320362233,5400.630574057498,6051.900675942502,3885,9827,64,0,0,0,0,0,0,0,64,0.9189491250386237,0.017399853601580827,0.0021749817001976033,0.9146027709278781,0.9232954791493693,0.8877734877734877,0.9550218784980157,64,12.949193009730207,2.9783095326075073,0.3722886915759384,12.205233423832013,13.693152595628401,8.910550458715596,22.233031674208146,64,1,0,0,1,1,1,1,64,0.135894775390625,0.00986620260089939,0.0012332753251124238,0.1334302713083624,0.1383592794728876,0.107421875,0.158203125,64,1,0.9433759402071946,1,0,0,1,0
atlas,3,32,3,periodic,64,64,0.8231048583984376,0.01072860453522355,0.0013410755669029438,0.8204249327225115,0.8257847840743637,0.802734375,0.84375,64,1,0,0,1,1,1,1,64,1,0,0,1,1,1,1,64,280.953125,3.6620303480229723,0.45775379350287154,280.03837703595053,281.86787296404947,274,288,64,280.953125,3.6620303480229723,0.45775379350287154,280.03837703595053,281.86787296404947,274,288,64,0,0,0,0,0,0,0,64,4693.015625000001,1110.200603811926,138.77507547649074,4415.6957653839545,4970.335484616047,3021,8675,64,4412.062499999998,1110.4037857735889,138.8004732216986,4134.691887040014,4689.433112959982,2734,8397,64,0.13435156250001518,0.02923911813420517,0.003654889766775646,0.12704784810062325,0.1416552768994071,0.10799999999994725,0.23739999999997963,64,0,0,0,0,0,0,0,64,5.218749999999999,2.7340809082209714,0.3417601135276214,4.535796909321265,5.901703090678733,0,13,64,4693.015625000001,1110.200603811926,138.77507547649074,4415.6957653839545,4970.335484616047,3021,8675,64,0,0,0,0,0,0,0,64,0.9370478620853343,0.01387658725086941,0.0017345734063586762,0.9335815937234294,0.9405141304472392,0.9049983449189011,0.9679538904899135,64,16.709447839055347,3.9884186066399225,0.4985523258299903,15.71317051378127,17.705725164329422,10.526132404181185,31.205035971223023,64,1,0,0,1,1,1,1,64,0.17689514160156253,0.010728604535223561,0.0013410755669029451,0.1742152159256364,0.17957506727748865,0.15625,0.197265625,63,0.984375,0.9166589839990573,0.9972364580766624,1,0,1,0
atlas,3,32,4,periodic,64,64,0.8037109375000001,0.012927492822837843,0.0016159366028547304,0.8004817458723723,0.8069401291276279,0.77734375,0.828125,64,1,0,0,1,1,1,1,64,1,0,0,1,1,1,1,64,205.75000000000003,3.309438162646488,0.413679770330811,204.9233269433273,206.57667305667275,199,212,64,205.75000000000003,3.309438162646488,0.413679770330811,204.9233269433273,206.57667305667275,199,212,64,0,0,0,0,0,0,0,64,3707.7968749999995,1132.2823583531178,141.53529479413973,3424.961157215246,3990.632592784753,1854,7082,64,3502.0468749999995,1131.8134546737617,141.47668183422022,3219.3282858693706,3784.7654641306285,1646,6874,64,0.12421562500002636,0.03430181733699688,0.00428772716712461,0.11564728596669369,0.13278396403335904,0.09020000000009532,0.3499000000001615,64,0,0,0,0,0,0,0,64,1.59375,1.64961515473463,0.20620189434182876,1.1816883945921468,2.005811605407853,0,7,64,3707.7968749999995,1132.2823583531178,141.53529479413973,3424.961157215246,3990.632592784753,1854,7082,64,0,0,0,0,0,0,0,64,0.9396540817918188,0.017273896058858203,0.0021592370073572754,0.9353391909391056,0.943968972644532,0.8878101402373247,0.970629765602937,64,18.013018341818867,5.471309450418467,0.6839136813023083,16.64632590488786,19.379710778749875,8.913461538461538,34.04807692307692,64,1,0,0,1,1,1,1,64,0.19628906249999994,0.012927492822837843,0.0016159366028547304,0.1930598708723721,0.19951825412762778,0.171875,0.22265625,43,0.671875,0.549991058490915,0.7742944209553081,21,0,1,0
atlas,3,32,8,periodic,64,64,0.7708740234374999,0.013993069306428858,0.0017491336633036073,0.7673786587238325,0.7743693881511673,0.75,0.8125,64,1,0,0,1,1,1,1,64,1,0,0,1,1,1,1,64,98.67187499999999,1.7911128712228939,0.22388910890286173,98.22446831665056,99.11928168334941,96,104,64,98.67187499999999,1.7911128712228939,0.22388910890286173,98.22446831665056,99.11928168334941,96,104,64,0,0,0,0,0,0,0,64,2391.4687500000005,1025.0453024251221,128.13066280314027,2135.420051780432,2647.517448219569,895,5483,64,2292.796875,1024.2405189334193,128.0300648666774,2036.949205715359,2548.6445442846407,799,5382,64,0.08899218749996861,0.025272717611224665,0.003159089701403083,0.08267925047219511,0.0953051245277421,0.07650000000012369,0.2573000000002139,64,0,0,0,0,0,0,0,64,0,0,0,0,0,0,0,64,2391.4687500000005,1025.0453024251221,128.13066280314027,2135.420051780432,2647.517448219569,895,5483,64,0,0,0,0,0,0,0,64,0.950647088654033,0.02163702379433049,0.002704627974291311,0.9452423209205709,0.9560518563874951,0.8927374301675978,0.9815794273208098,64,24.16086376785655,10.206819904469372,1.2758524880586715,21.611276014692958,26.710451521020143,9.322916666666666,54.28712871287129,64,1,0,0,1,1,1,1,64,0.22912597656249997,0.01399306930642886,0.0017491336633036075,0.22563061184883257,0.23262134127616738,0.1875,0.25,0,0,0,0.05662405979280534,64,0,1,0
atlas,30,16,2,periodic,64,64,0.8646240234375,0.017610389123547933,0.0022012986404434916,0.860225079118106,0.869022967756894,0.8359375,0.90625,64,0.9819212028790016,0.00036710787863469753,0.00004588848482933719,0.9818295020593323,0.982012903698671,0.9813084112149533,0.9827586206896551,64,0.9819212028790016,0.00036710787863469753,0.00004588848482933719,0.9818295020593323,0.982012903698671,0.9813084112149533,0.9827586206896551,64,110.671875,2.2541298078141354,0.2817662259767669,110.10881012711756,111.23493987288244,107,116,64,109.671875,2.2541298078141354,0.2817662259767669,109.10881012711756,110.23493987288244,106,115,64,1,0,0,1,1,1,1,64,1054.6718750000007,359.7549454611154,44.96936818263943,964.8077633890904,1144.535986610911,550,2588,64,944,359.80466481883866,44.97558310235483,854.1234688630539,1033.8765311369461,441,2473,64,0.04383124999999845,0.01901111516981649,0.002376389396227061,0.039082414724701545,0.04858008527529535,0.03530000000000655,0.11889999999999645,64,0,0,0,0,0,0,0,64,5.000000000000002,2.9760952365713798,0.37201190457142247,4.256593528794574,5.74340647120543,1,16,64,1053.6718750000007,359.7549454611154,44.96936818263943,963.8077633890904,1143.535986610911,549,2587,64,1,0,0,1,1,1,1,64,0.8864556295989247,0.028554822243457706,0.0035693527804322132,0.8793228472272279,0.8935884119706214,0.8018181818181818,0.95593635250918,64,9.534926035824785,3.2545277039591767,0.4068159629948971,8.721969203627468,10.347882868022102,5.045871559633028,22.694444444444443,64,0.9989741041325431,0.0002580319776018339,0.000032253997200229236,0.9989096496622795,0.9990385586028067,0.9981818181818182,0.999613601236476,64,0.13537597656250003,0.017610389123547933,0.0022012986404434916,0.13097703224310603,0.13977492088189403,0.09375,0.1640625,64,1,0.9433759402071946,1,0,0,0.9819978092175266,0
atlas,30,16,3,periodic,64,64,0.8214111328125001,0.02085040165304237,0.0026063002066302964,0.8162028574436107,0.8266194081813896,0.78515625,0.8671875,64,0.9714486977112552,0.0007241855786784193,0.00009052319733480242,0.9712678015359825,0.9716295938865279,0.9701492537313433,0.972972972972973,64,0.9714486977112552,0.0007241855786784193,0.00009052319733480242,0.9712678015359825,0.9716295938865279,0.9701492537313433,0.972972972972973,64,70.09375,1.7792342743929492,0.22240428429911865,69.64931050185476,70.53818949814524,67,74,64,69.09375,1.7792342743929492,0.22240428429911865,68.64931050185476,69.53818949814524,66,73,64,1,0,0,1,1,1,1,64,854.6562500000001,353.8048614141946,44.225607676774324,766.2784251618858,943.0340748381144,337,2661,64,784.5625,353.71259407370445,44.21407425921306,696.2077228577922,872.9172771422078,267,2591,64,0.05000000000000339,0.03497968571468779,0.004372460714335974,0.04126233448396664,0.058737665516040136,0.028399999999976444,0.233099999999979,64,0,0,0,0,0,0,0,64,1.7499999999999998,1.5327120894696271,0.1915890111837034,1.367139911450147,2.1328600885498528,0,6,64,853.6562500000001,353.8048614141946,44.225607676774324,765.2784251618858,942.0340748381144,336,2660,64,1,0,0,1,1,1,1,64,0.9065517457846004,0.03319621561113088,0.00414952695139136,0.8982595778453526,0.9148439137238482,0.7922848664688428,0.9736940999624202,64,12.19336176164716,5.049994528553662,0.6312493160692078,10.931910660907578,13.454812862386744,4.814285714285714,38.01428571428571,64,0.9986653819091995,0.00047931747069638876,0.000059914683837048595,0.9985456519673956,0.9987851118510034,0.9970326409495549,0.9996242014280345,64,0.1785888671875,0.020850401653042368,0.002606300206630296,0.1733805918186105,0.1837971425563895,0.1328125,0.21484375,48,0.75,0.631837235413303,0.8398507346902941,16,0,0.9715998173380019,0
atlas,30,16,4,periodic,64,64,0.7871093749999998,0.021474508466758656,0.002684313558344832,0.7817452023875212,0.7924735476124783,0.75,0.84375,64,0.960269024195713,0.0010709140767260576,0.0001338642595907572,0.9600015178185783,0.9605365305728477,0.9583333333333334,0.9629629629629629,64,0.960269024195713,0.0010709140767260576,0.0001338642595907572,0.9600015178185783,0.9605365305728477,0.9583333333333334,0.9629629629629629,64,50.374999999999986,1.374368541872554,0.17179606773406925,50.03169295280136,50.718307047198614,48,54,64,49.374999999999986,1.374368541872554,0.17179606773406925,49.03169295280136,49.718307047198614,47,53,64,1,0,0,1,1,1,1,64,624.390625,256.02446666239126,32.00305833279891,560.4376160489119,688.3436339510881,222,1261,64,574.0156249999999,255.6200983346557,31.95251229183196,510.16362425183996,637.8676257481598,172,1208,64,0.024520312500008853,0.008861440989405316,0.0011076801236756645,0.022306790400723392,0.026733834599294314,0.020899999999983265,0.09329999999999927,64,0,0,0,0,0,0,0,64,0.9218749999999999,1.3250299487480897,0.1656287435935112,0.5908923666703152,1.2528576333296846,0,5,64,623.390625,256.02446666239126,32.00305833279891,559.4376160489119,687.3436339510881,221,1260,64,1,0,0,1,1,1,1,64,0.9053448490266264,0.038530205992987336,0.004816275749123417,0.8957202899331936,0.9149694081200591,0.7747747747747747,0.9579698651863601,64,12.363605075080649,4.975557308462422,0.6219446635578028,11.120747838688674,13.606462311472624,4.44,23.79245283018868,64,0.998114685591773,0.0007824208961142775,0.00009780261201428469,0.9979192426670204,0.9983101285165256,0.9954954954954955,0.9992069785884219,64,0.212890625,0.021474508466758645,0.0026843135583448307,0.20752645238752143,0.21825479761247857,0.15625,0.25,29,0.453125,0.3372944778061167,0.5742640277994588,35,0,0.960492497488081,0
atlas,30,16,8,periodic,64,64,0.78125,0,0,0.78125,0.78125,0.78125,0.78125,64,0.92,0,0,0.92,0.92,0.92,0.92,64,0.92,0,0,0.92,0.92,0.92,0.92,64,25,0,0,25,25,25,25,64,24,0,0,24,24,24,24,64,1,0,0,1,1,1,1,64,645.640625,277.760795066175,34.72009938327187,576.2580427620587,715.0232072379413,214,1361,64,620.640625,277.760795066175,34.72009938327187,551.2580427620587,690.0232072379413,189,1336,64,0.041368750000003736,0.04447592848144372,0.005559491060180465,0.030258993618663535,0.05247850638134394,0.022300000000086584,0.35940000000005057,64,0,0,0,0,0,0,0,64,0.9374999999999999,1.0215922834726159,0.12769903543407699,0.682313840251292,1.1926861597487077,0,3,64,644.640625,277.760795066175,34.72009938327187,575.2580427620587,714.0232072379413,213,1360,64,1,0,0,1,1,1,1,64,0.9535216665007086,0.021230378436458096,0.002653797304557262,0.9482184757553795,0.9588248572460376,0.883177570093458,0.9816311535635562,64,25.825625,11.110431802647001,1.3888039753308752,23.050321710482347,28.60092828951765,8.56,54.44,64,0.9981408666600283,0.0008492151374583158,0.00010615189218228948,0.9979287390302152,0.9983529942898415,0.9953271028037384,0.9992652461425422,64,0.21875,0,0,0.21875,0.21875,0.21875,0.21875,36,0.5625,0.4408620895699301,0.6770599029559693,28,0,0.92,0
atlas,30,32,2,periodic,64,64,0.8644104003906251,0.007494494218647642,0.0009368117773309552,0.8625383314352738,0.8662824693459764,0.84765625,0.87890625,64,0.9954806892561604,0.00003920411139633204,0.000004900513924541505,0.9954708963605058,0.995490482151815,0.9953917050691244,0.9955555555555555,64,0.9954806892561604,0.00003920411139633204,0.000004900513924541505,0.9954708963605058,0.995490482151815,0.9953917050691244,0.9955555555555555,64,442.57812500000006,3.8371810399475925,0.47964762999344907,441.6196256948602,443.5366243051399,434,450,64,441.57812500000006,3.8371810399475925,0.47964762999344907,440.6196256948602,442.5366243051399,433,449,64,1,0,0,1,1,1,1,64,5756.65625,1389.8784258669807,173.7348032333726,5409.474949051889,6103.837550948111,3291,9845,64,5314.078124999999,1389.8367530572825,173.72959413216032,4966.907233610031,5661.249016389967,2852,9403,64,0.1540250000000043,0.03437925731215409,0.004297407164019261,0.14543731703642557,0.16261268296358303,0.1254999999998745,0.27670000000011896,64,0,0,0,0,0,0,0,64,18.71874999999999,4.413071312895181,0.5516339141118977,17.616397584800783,19.821102415199196,9,32,64,5755.65625,1389.8784258669807,173.7348032333726,5408.474949051889,6102.837550948111,3290,9844,64,1,0,0,1,1,1,1,64,0.9190675345819921,0.01793808966249164,0.002242261207811455,0.9145867331035009,0.9235483360604833,0.8666058948647828,0.9551041137633316,64,13.007714169676179,3.136297404837938,0.39203717560474227,12.224290387489901,13.791137951862456,7.496583143507973,22.273755656108598,64,0.9998171394430392,0.000040452663349176124,0.0000050565829186470155,0.9998070346683863,0.9998272442176921,0.9996961409905804,0.9998984255967496,64,0.13558959960937494,0.00749449421864765,0.0009368117773309563,0.1337175306540236,0.1374616685647263,0.12109375,0.15234375,64,1,0.9433759402071946,1,0,0,0.9954888701849935,0
atlas,30,32,3,periodic,64,64,0.8205871582031248,0.011750314980780966,0.0014687893725976208,0.8176520168514394,0.8235222995548102,0.796875,0.8466796875,64,0.9928580936744346,0.0001021705045776001,0.000012771313072200012,0.9928325722417412,0.992883615107128,0.9926470588235294,0.9930795847750865,64,0.9928580936744346,0.0001021705045776001,0.000012771313072200012,0.9928325722417412,0.992883615107128,0.9926470588235294,0.9930795847750865,64,280.0937500000001,4.010774180106575,0.5013467725133218,279.0918884186248,281.0956115813754,272,289,64,279.0937500000001,4.010774180106575,0.5013467725133218,278.0918884186248,280.0956115813754,271,288,64,1,0,0,1,1,1,1,64,4666.453125,1140.9209859497528,142.6151232437191,4381.459542245485,4951.446707754515,2584,8034,64,4386.359375,1140.872283479751,142.6090354349689,4101.3779577605255,4671.3407922394745,2309,7749,64,0.1142328125000134,0.028593589328619634,0.0035741986660774543,0.1070903463985673,0.1213752786014595,0.09210000000007312,0.2175999999999476,64,0,0,0,0,0,0,0,64,6.21875,3.149546452609146,0.39369330657614326,5.432016704149849,7.005483295850151,0,18,64,4665.453125,1140.9209859497528,142.6151232437191,4380.459542245485,4950.446707754515,2583,8033,64,1,0,0,1,1,1,1,64,0.9365571935579717,0.015099915194713175,0.0018874893993391468,0.9327853469676942,0.9403290401482493,0.8915525114155252,0.9645257654966393,64,16.662863831239335,4.058846477584507,0.5073558096980634,15.64899414723626,17.676733515242407,9.221052631578948,28.189473684210526,64,0.9997735218657741,0.000053599381671996755,0.000006699922708999594,0.9997601331385929,0.9997869105929552,0.9996130030959752,0.9998755290017426,64,0.17941284179687497,0.011750314980780961,0.0014687893725976202,0.17647770044518957,0.18234798314856038,0.1533203125,0.203125,63,0.984375,0.9166589839990573,0.9972364580766624,1,0,0.9928794141328514,0
atlas,30,32,4,periodic,64,64,0.80364990234375,0.014619861967665961,0.0018274827459582451,0.7999979694817445,0.8073018352057555,0.76171875,0.8359375,64,0.9902755408175109,0.00017800129436781472,0.00002225016179597684,0.9902310774171164,0.9903200042179054,0.9897435897435898,0.9906542056074766,64,0.9902755408175109,0.00017800129436781472,0.00002225016179597684,0.9902310774171164,0.9903200042179054,0.9897435897435898,0.9906542056074766,64,205.734375,3.742684663722486,0.46783558296531075,204.7994801873266,206.6692698126734,195,214,64,204.734375,3.742684663722486,0.46783558296531075,203.7994801873266,205.6692698126734,194,213,64,1,0,0,1,1,1,1,64,4156.359375000001,1332.2255084284866,166.52818855356082,3823.579344340883,4489.139405659119,1635,9307,64,3950.6250000000014,1332.0462180360435,166.50577725450543,3617.8897547483966,4283.360245251606,1434,9100,64,0.12255937499998022,0.03569129420661035,0.004461411775826294,0.11364395497146712,0.13147479502849332,0.09529999999995198,0.2980999999999767,64,0,0,0,0,0,0,0,64,1.9375000000000002,1.8246547836138975,0.2280818479517372,1.4817147962249941,2.3932852037750063,0,7,64,4155.359375000001,1332.2255084284866,166.52818855356082,3822.579344340883,4488.139405659119,1634,9306,64,1,0,0,1,1,1,1,64,0.9459626538838759,0.01646702555958285,0.002058378194947856,0.9418493132850709,0.9500759944826809,0.8770642201834863,0.9777586762651768,64,20.202946466371433,6.442120336946629,0.8052650421183286,18.59375268523171,21.812140247511156,8.134328358208956,44.96135265700483,64,0.999737276919964,0.00008044277069580917,0.000010055346336976147,0.9997171829137097,0.9997573709262182,0.999388379204893,0.9998925539916192,64,0.19635009765624997,0.01461986196766595,0.0018274827459582438,0.1926981647942445,0.20000203051825544,0.1640625,0.23828125,46,0.71875,0.5986606971779259,0.8140662766627217,18,0,0.9903126852870464,0
atlas,30,32,8,periodic,64,64,0.7581787109375,0.014890322686922261,0.0018612903358652827,0.7544592189979383,0.7618982028770617,0.7265625,0.8046875,64,0.9793836588697028,0.00040068954565298517,0.000050086193206623146,0.9792835695991975,0.9794837481402081,0.978494623655914,0.9805825242718447,64,0.9793836588697028,0.00040068954565298517,0.000050086193206623146,0.9792835695991975,0.9794837481402081,0.978494623655914,0.9805825242718447,64,97.046875,1.9059613039260495,0.23824516299075618,96.5707800317361,97.5229699682639,93,103,64,96.046875,1.9059613039260495,0.23824516299075618,95.5707800317361,96.5229699682639,92,102,64,1,0,0,1,1,1,1,64,2459.781250000001,1086.6428052996644,135.83035066245805,2188.345953366403,2731.2165466335987,834,6008,64,2362.7343750000005,1086.1378094062582,135.76722617578227,2091.4252225873524,2634.0435274126485,737,5911,64,0.09242187500000659,0.02824785126679536,0.00353098140834942,0.08536577169681499,0.0994779783031982,0.07210000000031869,0.23590000000012878,64,0,0,0,0,0,0,0,64,0.45312500000000006,1.220586477561647,0.15257330969520588,0.1482315695294984,0.7580184304705018,0,6,64,2458.781250000001,1086.6428052996644,135.83035066245805,2187.345953366403,2730.2165466335987,833,6007,64,1,0,0,1,1,1,1,64,0.9513827370643192,0.024026099174365767,0.003003262396795721,0.9453811960569743,0.957384278071664,0.8836930455635491,0.9838548601864181,64,25.29847748458346,11.085221858040132,1.3856527322550165,22.529471451863635,28.067483517303287,8.597938144329897,61.93814432989691,64,0.9994975911399567,0.0002514726331024673,0.00003143407913780841,0.9994347751451989,0.9995604071347146,0.9988009592326139,0.9998335552596538,64,0.24182128906249997,0.014890322686922268,0.0018612903358652835,0.23810179712293833,0.24554078100206161,0.1953125,0.2734375,13,0.203125,0.12273417819183653,0.3171363573101416,51,0,0.9794672728719188,0
atlas,31,16,2,periodic,64,64,0.8646240234375,0.017610389123547933,0.0022012986404434916,0.860225079118106,0.869022967756894,0.8359375,0.90625,64,0.9819212028790016,0.00036710787863469753,0.00004588848482933719,0.9818295020593323,0.982012903698671,0.9813084112149533,0.9827586206896551,64,0.9819212028790016,0.00036710787863469753,0.00004588848482933719,0.9818295020593323,0.982012903698671,0.9813084112149533,0.9827586206896551,64,110.671875,2.2541298078141354,0.2817662259767669,110.10881012711756,111.23493987288244,107,116,64,109.671875,2.2541298078141354,0.2817662259767669,109.10881012711756,110.23493987288244,106,115,64,1,0,0,1,1,1,1,64,1054.6718750000007,359.7549454611154,44.96936818263943,964.8077633890904,1144.535986610911,550,2588,64,944,359.80466481883866,44.97558310235483,854.1234688630539,1033.8765311369461,441,2473,64,0.041095312500001764,0.014547234829017923,0.0018184043536272404,0.03746152135745224,0.04472910364255129,0.03340000000000032,0.09420000000000073,64,0,0,0,0,0,0,0,64,5.000000000000002,2.9760952365713798,0.37201190457142247,4.256593528794574,5.74340647120543,1,16,64,1053.6718750000007,359.7549454611154,44.96936818263943,963.8077633890904,1143.535986610911,549,2587,64,1,0,0,1,1,1,1,64,0.8864556295989247,0.028554822243457706,0.0035693527804322132,0.8793228472272279,0.8935884119706214,0.8018181818181818,0.95593635250918,64,9.534926035824785,3.2545277039591767,0.4068159629948971,8.721969203627468,10.347882868022102,5.045871559633028,22.694444444444443,64,0.9989741041325431,0.0002580319776018339,0.000032253997200229236,0.9989096496622795,0.9990385586028067,0.9981818181818182,0.999613601236476,64,0.13537597656250003,0.017610389123547933,0.0022012986404434916,0.13097703224310603,0.13977492088189403,0.09375,0.1640625,64,1,0.9433759402071946,1,0,0,0.9819978092175266,0
atlas,31,16,3,periodic,64,64,0.8214111328125001,0.02085040165304237,0.0026063002066302964,0.8162028574436107,0.8266194081813896,0.78515625,0.8671875,64,0.9714486977112552,0.0007241855786784193,0.00009052319733480242,0.9712678015359825,0.9716295938865279,0.9701492537313433,0.972972972972973,64,0.9714486977112552,0.0007241855786784193,0.00009052319733480242,0.9712678015359825,0.9716295938865279,0.9701492537313433,0.972972972972973,64,70.09375,1.7792342743929492,0.22240428429911865,69.64931050185476,70.53818949814524,67,74,64,69.09375,1.7792342743929492,0.22240428429911865,68.64931050185476,69.53818949814524,66,73,64,1,0,0,1,1,1,1,64,854.6562500000001,353.8048614141946,44.225607676774324,766.2784251618858,943.0340748381144,337,2661,64,784.5625,353.71259407370445,44.21407425921306,696.2077228577922,872.9172771422078,267,2591,64,0.05712031250000392,0.04252009116031798,0.005315011395039747,0.04649910974533631,0.06774151525467154,0.032300000000020646,0.24490000000002965,64,0,0,0,0,0,0,0,64,1.7499999999999998,1.5327120894696271,0.1915890111837034,1.367139911450147,2.1328600885498528,0,6,64,853.6562500000001,353.8048614141946,44.225607676774324,765.2784251618858,942.0340748381144,336,2660,64,1,0,0,1,1,1,1,64,0.9065517457846004,0.03319621561113088,0.00414952695139136,0.8982595778453526,0.9148439137238482,0.7922848664688428,0.9736940999624202,64,12.19336176164716,5.049994528553662,0.6312493160692078,10.931910660907578,13.454812862386744,4.814285714285714,38.01428571428571,64,0.9986653819091995,0.00047931747069638876,0.000059914683837048595,0.9985456519673956,0.9987851118510034,0.9970326409495549,0.9996242014280345,64,0.1785888671875,0.020850401653042368,0.002606300206630296,0.1733805918186105,0.1837971425563895,0.1328125,0.21484375,48,0.75,0.631837235413303,0.8398507346902941,16,0,0.9715998173380019,0
atlas,31,16,4,periodic,64,64,0.7871093749999998,0.021474508466758656,0.002684313558344832,0.7817452023875212,0.7924735476124783,0.75,0.84375,64,0.960269024195713,0.0010709140767260576,0.0001338642595907572,0.9600015178185783,0.9605365305728477,0.9583333333333334,0.9629629629629629,64,0.960269024195713,0.0010709140767260576,0.0001338642595907572,0.9600015178185783,0.9605365305728477,0.9583333333333334,0.9629629629629629,64,50.374999999999986,1.374368541872554,0.17179606773406925,50.03169295280136,50.718307047198614,48,54,64,49.374999999999986,1.374368541872554,0.17179606773406925,49.03169295280136,49.718307047198614,47,53,64,1,0,0,1,1,1,1,64,624.390625,256.02446666239126,32.00305833279891,560.4376160489119,688.3436339510881,222,1261,64,574.0156249999999,255.6200983346557,31.95251229183196,510.16362425183996,637.8676257481598,172,1208,64,0.02505312500000123,0.007958283470295735,0.0009947854337869668,0.02306520493655566,0.027041045063446803,0.020599999999944885,0.08259999999995671,64,0,0,0,0,0,0,0,64,0.9218749999999999,1.3250299487480897,0.1656287435935112,0.5908923666703152,1.2528576333296846,0,5,64,623.390625,256.02446666239126,32.00305833279891,559.4376160489119,687.3436339510881,221,1260,64,1,0,0,1,1,1,1,64,0.9053448490266264,0.038530205992987336,0.004816275749123417,0.8957202899331936,0.9149694081200591,0.7747747747747747,0.9579698651863601,64,12.363605075080649,4.975557308462422,0.6219446635578028,11.120747838688674,13.606462311472624,4.44,23.79245283018868,64,0.998114685591773,0.0007824208961142775,0.00009780261201428469,0.9979192426670204,0.9983101285165256,0.9954954954954955,0.9992069785884219,64,0.212890625,0.021474508466758645,0.0026843135583448307,0.20752645238752143,0.21825479761247857,0.15625,0.25,29,0.453125,0.3372944778061167,0.5742640277994588,35,0,0.960492497488081,0
atlas,31,16,8,periodic,64,64,0.78125,0,0,0.78125,0.78125,0.78125,0.78125,64,0.92,0,0,0.92,0.92,0.92,0.92,64,0.92,0,0,0.92,0.92,0.92,0.92,64,25,0,0,25,25,25,25,64,24,0,0,24,24,24,24,64,1,0,0,1,1,1,1,64,645.640625,277.760795066175,34.72009938327187,576.2580427620587,715.0232072379413,214,1361,64,620.640625,277.760795066175,34.72009938327187,551.2580427620587,690.0232072379413,189,1336,64,0.023904687499998196,0.012555747810277663,0.001569468476284708,0.020768355013630224,0.02704101998636617,0.019899999999893225,0.12149999999996908,64,0,0,0,0,0,0,0,64,0.9374999999999999,1.0215922834726159,0.12769903543407699,0.682313840251292,1.1926861597487077,0,3,64,644.640625,277.760795066175,34.72009938327187,575.2580427620587,714.0232072379413,213,1360,64,1,0,0,1,1,1,1,64,0.9535216665007086,0.021230378436458096,0.002653797304557262,0.9482184757553795,0.9588248572460376,0.883177570093458,0.9816311535635562,64,25.825625,11.110431802647001,1.3888039753308752,23.050321710482347,28.60092828951765,8.56,54.44,64,0.9981408666600283,0.0008492151374583158,0.00010615189218228948,0.9979287390302152,0.9983529942898415,0.9953271028037384,0.9992652461425422,64,0.21875,0,0,0.21875,0.21875,0.21875,0.21875,36,0.5625,0.4408620895699301,0.6770599029559693,28,0,0.92,0
atlas,31,32,2,periodic,64,64,0.8644104003906251,0.007494494218647642,0.0009368117773309552,0.8625383314352738,0.8662824693459764,0.84765625,0.87890625,64,0.9954806892561604,0.00003920411139633204,0.000004900513924541505,0.9954708963605058,0.995490482151815,0.9953917050691244,0.9955555555555555,64,0.9954806892561604,0.00003920411139633204,0.000004900513924541505,0.9954708963605058,0.995490482151815,0.9953917050691244,0.9955555555555555,64,442.57812500000006,3.8371810399475925,0.47964762999344907,441.6196256948602,443.5366243051399,434,450,64,441.57812500000006,3.8371810399475925,0.47964762999344907,440.6196256948602,442.5366243051399,433,449,64,1,0,0,1,1,1,1,64,5756.65625,1389.8784258669807,173.7348032333726,5409.474949051889,6103.837550948111,3291,9845,64,5314.078124999999,1389.8367530572825,173.72959413216032,4966.907233610031,5661.249016389967,2852,9403,64,0.15716093750002003,0.02973700392240766,0.0037171254903009573,0.14973285493111435,0.1645890200689257,0.1268999999999778,0.2782999999999447,64,0,0,0,0,0,0,0,64,18.71874999999999,4.413071312895181,0.5516339141118977,17.616397584800783,19.821102415199196,9,32,64,5755.65625,1389.8784258669807,173.7348032333726,5408.474949051889,6102.837550948111,3290,9844,64,1,0,0,1,1,1,1,64,0.9190675345819921,0.01793808966249164,0.002242261207811455,0.9145867331035009,0.9235483360604833,0.8666058948647828,0.9551041137633316,64,13.007714169676179,3.136297404837938,0.39203717560474227,12.224290387489901,13.791137951862456,7.496583143507973,22.273755656108598,64,0.9998171394430392,0.000040452663349176124,0.0000050565829186470155,0.9998070346683863,0.9998272442176921,0.9996961409905804,0.9998984255967496,64,0.13558959960937494,0.00749449421864765,0.0009368117773309563,0.1337175306540236,0.1374616685647263,0.12109375,0.15234375,64,1,0.9433759402071946,1,0,0,0.9954888701849935,0
atlas,31,32,3,periodic,64,64,0.8205871582031248,0.011750314980780966,0.0014687893725976208,0.8176520168514394,0.8235222995548102,0.796875,0.8466796875,64,0.9928580936744346,0.0001021705045776001,0.000012771313072200012,0.9928325722417412,0.992883615107128,0.9926470588235294,0.9930795847750865,64,0.9928580936744346,0.0001021705045776001,0.000012771313072200012,0.9928325722417412,0.992883615107128,0.9926470588235294,0.9930795847750865,64,280.0937500000001,4.010774180106575,0.5013467725133218,279.0918884186248,281.0956115813754,272,289,64,279.0937500000001,4.010774180106575,0.5013467725133218,278.0918884186248,280.0956115813754,271,288,64,1,0,0,1,1,1,1,64,4666.453125,1140.9209859497528,142.6151232437191,4381.459542245485,4951.446707754515,2584,8034,64,4386.359375,1140.872283479751,142.6090354349689,4101.3779577605255,4671.3407922394745,2309,7749,64,0.11553906250000881,0.029609391566670328,0.003701173945833791,0.10814285654912771,0.12293526845088991,0.09590000000002874,0.23870000000010805,64,0,0,0,0,0,0,0,64,6.21875,3.149546452609146,0.39369330657614326,5.432016704149849,7.005483295850151,0,18,64,4665.453125,1140.9209859497528,142.6151232437191,4380.459542245485,4950.446707754515,2583,8033,64,1,0,0,1,1,1,1,64,0.9365571935579717,0.015099915194713175,0.0018874893993391468,0.9327853469676942,0.9403290401482493,0.8915525114155252,0.9645257654966393,64,16.662863831239335,4.058846477584507,0.5073558096980634,15.64899414723626,17.676733515242407,9.221052631578948,28.189473684210526,64,0.9997735218657741,0.000053599381671996755,0.000006699922708999594,0.9997601331385929,0.9997869105929552,0.9996130030959752,0.9998755290017426,64,0.17941284179687497,0.011750314980780961,0.0014687893725976202,0.17647770044518957,0.18234798314856038,0.1533203125,0.203125,63,0.984375,0.9166589839990573,0.9972364580766624,1,0,0.9928794141328514,0
atlas,31,32,4,periodic,64,64,0.80364990234375,0.014619861967665961,0.0018274827459582451,0.7999979694817445,0.8073018352057555,0.76171875,0.8359375,64,0.9902755408175109,0.00017800129436781472,0.00002225016179597684,0.9902310774171164,0.9903200042179054,0.9897435897435898,0.9906542056074766,64,0.9902755408175109,0.00017800129436781472,0.00002225016179597684,0.9902310774171164,0.9903200042179054,0.9897435897435898,0.9906542056074766,64,205.734375,3.742684663722486,0.46783558296531075,204.7994801873266,206.6692698126734,195,214,64,204.734375,3.742684663722486,0.46783558296531075,203.7994801873266,205.6692698126734,194,213,64,1,0,0,1,1,1,1,64,4156.359375000001,1332.2255084284866,166.52818855356082,3823.579344340883,4489.139405659119,1635,9307,64,3950.6250000000014,1332.0462180360435,166.50577725450543,3617.8897547483966,4283.360245251606,1434,9100,64,0.1076499999999854,0.03584302637448039,0.004480378296810049,0.09869667840363988,0.11660332159633091,0.08719999999993888,0.2891999999997097,64,0,0,0,0,0,0,0,64,1.9375000000000002,1.8246547836138975,0.2280818479517372,1.4817147962249941,2.3932852037750063,0,7,64,4155.359375000001,1332.2255084284866,166.52818855356082,3822.579344340883,4488.139405659119,1634,9306,64,1,0,0,1,1,1,1,64,0.9459626538838759,0.01646702555958285,0.002058378194947856,0.9418493132850709,0.9500759944826809,0.8770642201834863,0.9777586762651768,64,20.202946466371433,6.442120336946629,0.8052650421183286,18.59375268523171,21.812140247511156,8.134328358208956,44.96135265700483,64,0.999737276919964,0.00008044277069580917,0.000010055346336976147,0.9997171829137097,0.9997573709262182,0.999388379204893,0.9998925539916192,64,0.19635009765624997,0.01461986196766595,0.0018274827459582438,0.1926981647942445,0.20000203051825544,0.1640625,0.23828125,46,0.71875,0.5986606971779259,0.8140662766627217,18,0,0.9903126852870464,0
atlas,31,32,8,periodic,64,64,0.7581787109375,0.014890322686922261,0.0018612903358652827,0.7544592189979383,0.7618982028770617,0.7265625,0.8046875,64,0.9793836588697028,0.00040068954565298517,0.000050086193206623146,0.9792835695991975,0.9794837481402081,0.978494623655914,0.9805825242718447,64,0.9793836588697028,0.00040068954565298517,0.000050086193206623146,0.9792835695991975,0.9794837481402081,0.978494623655914,0.9805825242718447,64,97.046875,1.9059613039260495,0.23824516299075618,96.5707800317361,97.5229699682639,93,103,64,96.046875,1.9059613039260495,0.23824516299075618,95.5707800317361,96.5229699682639,92,102,64,1,0,0,1,1,1,1,64,2459.781250000001,1086.6428052996644,135.83035066245805,2188.345953366403,2731.2165466335987,834,6008,64,2362.7343750000005,1086.1378094062582,135.76722617578227,2091.4252225873524,2634.0435274126485,737,5911,64,0.07854687500000779,0.016304444508013157,0.0020380555635016446,0.07447414593955251,0.08261960406046306,0.06950000000006185,0.19810000000006767,64,0,0,0,0,0,0,0,64,0.45312500000000006,1.220586477561647,0.15257330969520588,0.1482315695294984,0.7580184304705018,0,6,64,2458.781250000001,1086.6428052996644,135.83035066245805,2187.345953366403,2730.2165466335987,833,6007,64,1,0,0,1,1,1,1,64,0.9513827370643192,0.024026099174365767,0.003003262396795721,0.9453811960569743,0.957384278071664,0.8836930455635491,0.9838548601864181,64,25.29847748458346,11.085221858040132,1.3856527322550165,22.529471451863635,28.067483517303287,8.597938144329897,61.93814432989691,64,0.9994975911399567,0.0002514726331024673,0.00003143407913780841,0.9994347751451989,0.9995604071347146,0.9988009592326139,0.9998335552596538,64,0.24182128906249997,0.014890322686922268,0.0018612903358652835,0.23810179712293833,0.24554078100206161,0.1953125,0.2734375,13,0.203125,0.12273417819183653,0.3171363573101416,51,0,0.9794672728719188,0
atlas,32,16,2,periodic,64,64,0.8671874999999999,0.017607380306844094,0.0022009225383555118,0.8627893072606564,0.8715856927393434,0.8359375,0.9140625,64,1,0,0,1,1,1,1,64,1,0,0,1,1,1,1,64,110.99999999999999,2.253744679276044,0.2817180849095055,110.43703132936402,111.56296867063595,107,117,64,110.99999999999999,2.253744679276044,0.2817180849095055,110.43703132936402,111.56296867063595,107,117,64,0,0,0,0,0,0,0,64,1019.9374999999999,274.4322783435385,34.30403479294231,951.3863565012214,1088.4886434987784,612,1862,64,908.9375,274.45888320735503,34.30736040091938,840.3797108039724,977.4952891960276,505,1752,64,0.04156562500000227,0.013852112540164887,0.0017315140675206108,0.03810547023893085,0.04502577976107369,0.033299999999997,0.09369999999998413,64,0,0,0,0,0,0,0,64,4.390624999999998,2.1793925722840717,0.27242407153550896,3.8462289330920223,4.935021066907974,0,9,64,1019.9374999999999,274.4322783435385,34.30403479294231,951.3863565012214,1088.4886434987784,612,1862,64,0,0,0,0,0,0,0,64,0.883610020086232,0.029795068038128036,0.0037243835047660045,0.8761674335327626,0.8910526066397014,0.8206349206349206,0.9409237379162191,64,9.192561694054643,2.4920816208694228,0.31151020260867784,8.570058226772874,9.815065161336411,5.575221238938053,16.927272727272726,64,1,0,0,1,1,1,1,64,0.1328125,0.017607380306844094,0.0022009225383555118,0.12841430726065653,0.13721069273934347,0.0859375,0.1640625,62,0.96875,0.8930270822904169,0.9913878616538281,2,0,1,0
atlas,32,16,3,periodic,64,64,0.8239746093749998,0.02178663193782362,0.0027233289922279527,0.8185324706392085,0.829416748110791,0.7734375,0.87890625,64,1,0,0,1,1,1,1,64,1,0,0,1,1,1,1,64,70.31249999999997,1.859125925360948,0.2323907406701185,69.84810416121245,70.7768958387875,66,75,64,70.31249999999997,1.859125925360948,0.2323907406701185,69.84810416121245,70.7768958387875,66,75,64,0,0,0,0,0,0,0,64,902.2656249999998,386.02492896667985,48.25311612083498,805.8394667527745,998.6917832472251,281,2647,64,831.953125,385.80023738287474,48.22502967285934,735.5830930404597,928.3231569595403,211,2577,64,0.03960937499999506,0.019187170968176587,0.0023983963710220734,0.034816562294747055,0.04440218770524307,0.031599999999968986,0.13450000000000273,64,0,0,0,0,0,0,0,64,1.2343749999999996,1.3886408508676433,0.17358010635845542,0.8875028360888371,1.581247163911162,0,7,64,902.2656249999998,386.02492896667985,48.25311612083498,805.8394667527745,998.6917832472251,281,2647,64,0,0,0,0,0,0,0,64,0.9098507701647495,0.0352430238203424,0.0044053779775428,0.9010473247470977,0.9186542155824012,0.7508896797153025,0.9735549678881753,64,12.823242534708154,5.474170408091931,0.6842713010114914,11.455835451813481,14.190649617602826,4.014285714285714,37.81428571428572,64,1,0,0,1,1,1,1,64,0.17602539062499994,0.02178663193782362,0.0027233289922279527,0.1705832518892087,0.1814675293607912,0.12109375,0.2265625,40,0.625,0.502503786840045,0.7333401982117536,24,0,1,0
atlas,32,16,4,periodic,64,64,0.8037109375000001,0.028373980603673132,0.0035467475754591415,0.796623328025873,0.8107985469741272,0.75,0.890625,64,1,0,0,1,1,1,1,64,1,0,0,1,1,1,1,64,51.43750000000001,1.8159347586350805,0.22699184482938506,50.98389299365587,51.89110700634414,48,57,64,51.43750000000001,1.8159347586350805,0.22699184482938506,50.98389299365587,51.89110700634414,48,57,64,0,0,0,0,0,0,0,64,625.984375,321.86956306087717,40.233695382609646,545.5837503415019,706.3849996584981,213,1598,64,574.5468750000002,321.16750955915296,40.14593869489412,494.32161808844137,654.7721319115591,163,1546,64,0.02520156250000838,0.010665528096787462,0.0013331910120984328,0.022537392849607832,0.027865732150408926,0.02109999999993306,0.08590000000003783,64,0,0,0,0,0,0,0,64,0.37500000000000006,0.9511897312113418,0.11889871640141772,0.1373998745613721,0.612600125438628,0,5,64,625.984375,321.86956306087717,40.233695382609646,545.5837503415019,706.3849996584981,213,1598,64,0,0,0,0,0,0,0,64,0.8966088348841584,0.04823974775726881,0.006029968469658601,0.884558904421118,0.9086587653471989,0.7652582159624414,0.967459324155194,64,12.098770650267697,6.076537479816761,0.7595671849770951,10.580896749759622,13.616644550775773,4.26,30.73076923076923,64,1,0,0,1,1,1,1,64,0.1962890625,0.02837398060367313,0.003546747575459141,0.18920145302587288,0.20337667197412712,0.109375,0.25,13,0.203125,0.12273417819183653,0.3171363573101416,51,0,1,0
atlas,32,16,8,periodic,64,64,1,0,0,1,1,1,1,64,1,0,0,1,1,1,1,64,1,0,0,1,1,1,1,64,32,0,0,32,32,32,32,64,32,0,0,32,32,32,32,64,0,0,0,0,0,0,0,64,857.5624999999999,304.1362411397286,38.017030142466076,781.5915273600772,933.5334726399226,410,1855,64,825.5624999999999,304.1362411397286,38.017030142466076,749.5915273600772,901.5334726399226,378,1823,64,0.024760937499999972,0.003995458421264122,0.0004994323026580153,0.023762901681353976,0.025758973318645968,0.02179999999998472,0.051000000000044565,64,0,0,0,0,0,0,0,64,0,0,0,0,0,0,0,64,857.5624999999999,304.1362411397286,38.017030142466076,781.5915273600772,933.5334726399226,410,1855,64,0,0,0,0,0,0,0,64,0.9582952494268604,0.013821648101093613,0.0017277060126367017,0.9548427044562516,0.9617477943974692,0.9219512195121952,0.9827493261455525,64,26.798828124999996,9.504257535616519,1.1880321919520649,24.424735230002412,29.17292101999758,12.8125,57.96875,64,1,0,0,1,1,1,1,64,0,0,0,0,0,0,0,0,0,0,0.05662405979280534,64,0,1,0
atlas,32,32,2,periodic,64,64,0.8641052246093751,0.009866202600899383,0.001233275325112423,0.8616407205271125,0.8665697286916377,0.841796875,0.892578125,64,1,0,0,1,1,1,1,64,1,0,0,1,1,1,1,64,442.42187500000006,5.051495731660484,0.6314369664575605,441.1600489098816,443.6837010901185,431,457,64,442.42187500000006,5.051495731660484,0.6314369664575605,441.1600489098816,443.6837010901185,431,457,64,0,0,0,0,0,0,0,64,5729.078125000001,1305.6916588863226,163.21145736079032,5402.926052752039,6055.230197247963,3867,9845,64,5286.65625,1306.4000726429815,163.3000090803727,4960.327221260687,5612.985278739313,3431,9403,64,0.15658125000000214,0.042299573621648656,0.005287446702706082,0.146015130887567,0.16714736911243727,0.12640000000010332,0.4126000000001113,64,0,0,0,0,0,0,0,64,19.656249999999996,4.765013865966933,0.5956267332458667,18.4659849507456,20.846515049254393,9,29,64,5729.078125000001,1305.6916588863226,163.21145736079032,5402.926052752039,6055.230197247963,3867,9845,64,0,0,0,0,0,0,0,64,0.9189758389147019,0.017434619500804063,0.002179327437600508,0.914620800540717,0.9233308772886868,0.8872510990431859,0.9551041137633316,64,12.95556316302954,2.982922426962059,0.37286530337025736,12.210451310405462,13.700675015653617,8.869266055045872,22.273755656108598,64,1,0,0,1,1,1,1,64,0.135894775390625,0.00986620260089939,0.0012332753251124238,0.1334302713083624,0.1383592794728876,0.107421875,0.158203125,64,1,0.9433759402071946,1,0,0,1,0
atlas,32,32,3,periodic,64,64,0.8231048583984376,0.01072860453522355,0.0013410755669029438,0.8204249327225115,0.8257847840743637,0.802734375,0.84375,64,1,0,0,1,1,1,1,64,1,0,0,1,1,1,1,64,280.953125,3.6620303480229723,0.45775379350287154,280.03837703595053,281.86787296404947,274,288,64,280.953125,3.6620303480229723,0.45775379350287154,280.03837703595053,281.86787296404947,274,288,64,0,0,0,0,0,0,0,64,4692.796875,1110.5044353546998,138.81305441933748,4415.401120522701,4970.192629477299,3021,8660,64,4411.843749999999,1110.704941585255,138.83811769815688,4134.397910556507,4689.289589443491,2734,8382,64,0.11884374999999281,0.03194543400814124,0.003993179251017655,0.11086401800913165,0.12682348199085397,0.0989999999999327,0.30960000000004584,64,0,0,0,0,0,0,0,64,5.218749999999999,2.7340809082209714,0.3417601135276214,4.535796909321265,5.901703090678733,0,13,64,4692.796875,1110.5044353546998,138.81305441933748,4415.401120522701,4970.192629477299,3021,8660,64,0,0,0,0,0,0,0,64,0.9370415305304018,0.01388693509512154,0.0017358668868901926,0.9335726773539099,0.9405103837068938,0.9049983449189011,0.9678983833718244,64,16.708632348432634,3.989334511530151,0.4986668139412689,15.712126236924153,17.705138459941114,10.526132404181185,31.151079136690647,64,1,0,0,1,1,1,1,64,0.17689514160156253,0.010728604535223561,0.0013410755669029451,0.1742152159256364,0.17957506727748865,0.15625,0.197265625,63,0.984375,0.9166589839990573,0.9972364580766624,1,0,1,0
atlas,32,32,4,periodic,64,64,0.8037109375000001,0.012927492822837843,0.0016159366028547304,0.8004817458723723,0.8069401291276279,0.77734375,0.828125,64,1,0,0,1,1,1,1,64,1,0,0,1,1,1,1,64,205.75000000000003,3.309438162646488,0.413679770330811,204.9233269433273,206.57667305667275,199,212,64,205.75000000000003,3.309438162646488,0.413679770330811,204.9233269433273,206.57667305667275,199,212,64,0,0,0,0,0,0,0,64,3707.078124999999,1131.3176655856967,141.41470819821208,3424.4833802987728,3989.6728697012254,1844,7085,64,3501.328125,1130.8507831715037,141.35634789643797,3218.8500040558824,3783.8062459441176,1636,6877,64,0.1180171875000369,0.03703058604822191,0.004628823256027739,0.10876722232335384,0.12726715267671995,0.08800000000019281,0.3024000000000342,64,0,0,0,0,0,0,0,64,1.59375,1.64961515473463,0.20620189434182876,1.1816883945921468,2.005811605407853,0,7,64,3707.078124999999,1131.3176655856967,141.41470819821208,3424.4833802987728,3989.6728697012254,1844,7085,64,0,0,0,0,0,0,0,64,0.9396525214406479,0.01725577422007858,0.0021569717775098223,0.9353421572885771,0.9439628855927188,0.8872017353579176,0.9706422018348624,64,18.00958732479858,5.466969110014899,0.6833711387518624,16.64397907264217,19.37519557695499,8.865384615384615,34.0625,64,1,0,0,1,1,1,1,64,0.19628906249999994,0.012927492822837843,0.0016159366028547304,0.1930598708723721,0.19951825412762778,0.171875,0.22265625,43,0.671875,0.549991058490915,0.7742944209553081,21,0,1,0
atlas,32,32,8,periodic,64,64,0.7708740234374999,0.013993069306428858,0.0017491336633036073,0.7673786587238325,0.7743693881511673,0.75,0.8125,64,1,0,0,1,1,1,1,64,1,0,0,1,1,1,1,64,98.67187499999999,1.7911128712228939,0.22388910890286173,98.22446831665056,99.11928168334941,96,104,64,98.67187499999999,1.7911128712228939,0.22388910890286173,98.22446831665056,99.11928168334941,96,104,64,0,0,0,0,0,0,0,64,2390.0156250000005,1024.7743923945113,128.09679904931392,2134.034598092625,2645.996651907376,894,5481,64,2291.343750000001,1023.9705665839027,127.99632082298784,2035.5635128059334,2547.1239871940684,798,5380,64,0.07787812500004065,0.01424814628711796,0.001781018285889745,0.07431904395237639,0.08143720604770492,0.07090000000016516,0.17090000000007421,64,0,0,0,0,0,0,0,64,0,0,0,0,0,0,0,64,2390.0156250000005,1024.7743923945113,128.09679904931392,2134.034598092625,2645.996651907376,894,5481,64,0,0,0,0,0,0,0,64,0.950629463350797,0.021580374211019646,0.0026975467763774557,0.9452388462622159,0.9560200804393781,0.8926174496644296,0.9815727057106367,64,24.146251682345905,10.204319528489904,1.275539941061238,21.597288504518726,26.695214860173085,9.3125,54.26732673267327,64,1,0,0,1,1,1,1,64,0.22912597656249997,0.01399306930642886,0.0017491336633036075,0.22563061184883257,0.23262134127616738,0.1875,0.25,0,0,0,0.05662405979280534,64,0,1,0
atlas,33,16,2,periodic,64,64,0.9055175781249998,0.013830394789501946,0.0017287993486877432,0.9020628482966336,0.9089723079533659,0.875,0.9375,64,0.3797570521077866,0.10305345698195313,0.012881682122744141,0.3540150644660424,0.4054990397495308,0.1092436974789916,0.6173913043478261,64,0.3797570521077866,0.10305345698195313,0.012881682122744141,0.3540150644660424,0.4054990397495308,0.1092436974789916,0.6173913043478261,64,115.90624999999997,1.770290533056249,0.22128631663203113,115.4640445819691,116.34845541803084,112,120,64,79.93750000000004,5.789632222329951,0.7237040277912439,78.49129290047925,81.38370709952083,66,93,64,35.96875,6.161758020627061,0.7702197525783826,34.42958864177233,37.50791135822767,22,53,64,1843.7812499999993,614.5493759787518,76.81867199734397,1690.2713833251046,1997.291116674894,866,3459,64,1727.8749999999998,614.3394826966603,76.79243533708254,1574.417563107006,1881.3324368929937,749,3339,64,0.048850000000003384,0.01745834043641238,0.0021822925545515477,0.044489036312601885,0.05321096368740488,0.039400000000000546,0.11620000000002051,64,0,0,0,0,0,0,0,64,0,0,0,0,0,0,0,64,961.859375,307.5354085788527,38.44192607235659,885.039315597025,1038.679434402975,475,1769,64,881.9218749999999,307.0410398445288,38.3801299805661,805.2253052326191,958.6184447673807,391,1690,64,0.9304065904017305,0.022211219572849432,0.002776402446606179,0.9248583928303236,0.9359547879731374,0.8648960739030023,0.9662622077537734,64,15.901726176695314,5.267329174217343,0.6584161467771679,14.585986496740217,17.21746585665041,7.401709401709402,29.640350877192983,64,0.5239553066593075,0.007713110179508242,0.0009641387724385303,0.5220286290617273,0.5258819842568876,0.5114194854004047,0.5484988452655889,64,0.09448242187500003,0.013830394789501928,0.001728799348687741,0.09102769204663387,0.09793715170336618,0.0625,0.125,0,0,0,0.05662405979280534,64,0,0.40126176086281645,0
atlas,33,16,3,periodic,64,64,0.8360595703125002,0.023550578221866715,0.0029438222777333394,0.83017681090493,0.8419423297200704,0.7734375,0.9140625,64,0.46876377413090137,0.1565168052802001,0.019564600660025012,0.42966703943374546,0.5078605088280572,0.08108108108108109,0.7746478873239436,64,0.46876377413090137,0.1565168052802001,0.019564600660025012,0.42966703943374546,0.5078605088280572,0.08108108108108109,0.7746478873239436,64,71.34374999999999,2.0096493415992946,0.25120616769991183,70.84175453055398,71.84574546944599,66,78,64,52.35937499999999,5.455060814698905,0.6818826018373632,50.99674135150887,53.72200864849112,40,63,64,18.984375000000004,5.739012103196412,0.7173765128995515,17.55081243002068,20.417937569979326,8,34,64,1650.2031249999998,615.0281495606393,76.87851869507992,1496.5736642426834,1803.832585757316,496,3947,64,1578.8593749999998,614.5951013804724,76.82438767255906,1425.338086459595,1732.3806635404046,427,3876,64,0.040435937499999845,0.019904584836661132,0.0024880731045826415,0.03546392014235692,0.04540795485764277,0.030300000000011096,0.13040000000000873,64,0,0,0,0,0,0,0,64,0,0,0,0,0,0,0,64,851.28125,306.94027487651385,38.36753435956423,774.6098505727255,927.9526494272745,274,2001,64,798.9218750000002,308.110952221709,38.513869027713625,721.9580490725865,875.885700927414,222,1946,64,0.9498154105551648,0.022956318180838608,0.002869539772604826,0.9440810928891928,0.9555497282211368,0.8608870967741935,0.9820116544210793,64,23.098251398323487,8.455324404225962,1.0569155505282453,20.986174203682275,25.2103285929647,7.188405797101449,55.59154929577465,64,0.5186594424376494,0.009424619926546116,0.0011780774908182645,0.5163052424255161,0.5210136424497827,0.506967316949582,0.5573122529644269,64,0.1639404296875,0.02355057822186673,0.002943822277733341,0.15805767027992973,0.16982318909507027,0.0859375,0.2265625,0,0,0,0.05662405979280534,64,0,0.5014249619395534,0
atlas,33,16,4,periodic,64,64,0.8029785156250001,0.025151017630327042,0.0031438772037908802,0.796695978347958,0.8092610529020422,0.734375,0.859375,64,0.5124315272217556,0.20088731248434666,0.025110914060543332,0.4622513695948179,0.5626116848486933,0.09090909090909091,0.8490566037735849,64,0.5124315272217556,0.20088731248434666,0.025110914060543332,0.4622513695948179,0.5626116848486933,0.09090909090909091,0.8490566037735849,64,51.39062500000001,1.6096651283409307,0.20120814104261633,50.98854261426931,51.7927073857307,47,55,64,38.859374999999986,5.2730738227036555,0.6591342278379569,37.542200349548295,40.176549650451676,26,49,64,12.531249999999998,5.191472709057508,0.6489340886321885,11.234458701262552,13.828041298737444,4,25,64,1390.1718749999998,654.8320650992457,81.85400813740571,1226.5996919712,1553.7440580287996,382,3061,64,1338.78125,654.5379678742013,81.81724598427516,1175.2825302722313,1502.2799697277687,331,3009,64,0.02998124999999163,0.01196233341095811,0.0014952916763697637,0.02699314802020814,0.03296935197977512,0.024199999999950705,0.11779999999998836,64,0,0,0,0,0,0,0,64,0,0,0,0,0,0,0,64,714.5156249999998,327.57003333044844,40.946254166306055,632.6910652351119,796.3401847648877,212,1549,64,675.65625,327.28319947521004,40.910399934401255,593.9033392003485,757.4091607996515,170,1512,64,0.9538691594796265,0.022846079832426047,0.002855759979053256,0.9481623785337762,0.9595759404254768,0.8664921465968587,0.9832786885245902,64,27.004171751166613,12.586919984969537,1.5733649981211921,23.860052687237975,30.14829081509525,7.490196078431373,59.80392156862745,64,0.5174701758773688,0.0093114976642618,0.001163937208032725,0.5151442329656086,0.5197961187891289,0.5060437765436132,0.5549738219895288,64,0.19702148437499997,0.025151017630327042,0.0031438772037908802,0.19073894709795794,0.203304021652042,0.140625,0.265625,0,0,0,0.05662405979280534,64,0,0.5543517429435152,0
atlas,33,16,8,periodic,64,64,0.8774414062499999,0.10901011805182861,0.013626264756478577,0.8502114889440073,0.9046713235559924,0.65625,1,64,0.799060632108327,0.25769054980389083,0.032211318725486354,0.7346914479711303,0.8634298162455237,-0.28,1,64,0.8078106321083268,0.22830050225932766,0.028537562782415957,0.7507828634154942,0.8648384008011595,0.16666666666666666,1,64,28.078124999999996,3.4883237776585156,0.43604047220731446,27.206767646208235,28.94948235379176,21,32,64,25.531250000000004,6.021044443489533,0.7526305554361916,24.027237847531964,27.035262152468043,9,32,64,2.546875,3.255908853195596,0.4069886066494495,1.7335731669883816,3.3601768330116184,0,16,64,1426.875,670.4439775135032,83.8054971891879,1259.4030772807384,1594.3469227192616,310,3678,64,1398.796875,669.2962231148431,83.66202788935539,1231.6116527992008,1565.9820972007992,288,3646,64,0.025059375000003208,0.010481301851005879,0.0013101627313757348,0.022441223696595375,0.02767752630341104,0.019300000000043838,0.10249999999996362,64,0,0,0,0,0,0,0,64,0,0,0,0,0,0,0,64,726.203125,336.3854166897072,42.0481770862134,642.1765479895284,810.2297020104716,163,1855,64,700.671875,334.0816388529169,41.760204856614614,617.2207645710557,784.1229854289443,147,1823,64,0.9759650757062706,0.011895250696218298,0.0014869063370272872,0.9729937304900579,0.9789364209224832,0.9290322580645162,0.9912996193583469,64,50.60667714279836,22.815754585088172,2.8519693231360215,44.90747121835023,56.30588306724649,14.090909090909092,114.9375,64,0.5106103165865372,0.004747754836022655,0.0005934693545028318,0.5094243627146906,0.5117962704583838,0.5036261079774376,0.5258064516129032,64,0.12255859375000001,0.10901011805182861,0.013626264756478577,0.09532867644400746,0.14978851105599256,0,0.34375,0,0,0,0.05662405979280534,64,0,0.8554513028193893,0
atlas,33,32,2,periodic,64,64,0.9051208496093751,0.008572336797179362,0.0010715420996474203,0.9029795435886319,0.9072621556301184,0.88671875,0.92578125,64,0.36974639594095066,0.05565534967825825,0.006956918709782281,0.3558441032321717,0.3836486886497296,0.23210412147505424,0.5327510917030568,64,0.36974639594095066,0.05565534967825825,0.006956918709782281,0.3558441032321717,0.3836486886497296,0.23210412147505424,0.5327510917030568,64,463.42187500000006,4.3890364401558335,0.5486295550194792,462.3255263173795,464.5182236826206,454,474,64,317.34375000000006,12.174940109366725,1.5218675136708406,314.3025404470864,320.3849595529137,284,351,64,146.078125,13.422682398752407,1.6778352998440509,142.7252386966492,149.4310113033508,107,178,64,10081.500000000002,2387.8648428955325,298.48310536194157,9485.029109297746,10677.970890702258,7126,18385,64,9618.078125,2388.2726261163625,298.5340782645453,9021.5053730799,10214.6508769201,6662,17919,64,0.18219843749999853,0.03452232998163728,0.00431529124770466,0.17357501604692543,0.19082185895307163,0.15769999999997708,0.3404000000000451,64,0,0,0,0,0,0,0,64,0,0,0,0,0,0,0,64,5199.421875000001,1194.5003046992442,149.31253808740553,4901.044576633267,5497.799173366735,3726,9340,64,4882.078125000001,1193.3953203465314,149.17441504331643,4583.976843512127,5180.179406487875,3400,9045,64,0.9518441481225688,0.00977493324170261,0.0012218666552128263,0.9494024424479028,0.9542858537972347,0.9338819919096109,0.9746532499320097,64,21.760780762161517,5.179297915396119,0.6474122394245149,20.467030636395368,23.054530887927665,15.124472573839663,39.452789699570815,64,0.5164758517183855,0.0033580622589153247,0.0004197577823644156,0.5156370327238481,0.5173146707129229,0.5080228447103617,0.5228739825989335,64,0.09487915039062497,0.00857233679717938,0.0010715420996474225,0.09273784436988174,0.09702045641136821,0.07421875,0.11328125,0,0,0,0.05662405979280534,64,0,0.3813602914912948,0
atlas,33,32,3,periodic,64,64,0.8450775146484374,0.011133665276852526,0.0013917081596065658,0.8422964078097387,0.8478586214871361,0.8203125,0.8701171875,64,0.4386700297333157,0.07926430429570298,0.009908038036962873,0.41887039562721523,0.4584696638394162,0.19594594594594594,0.6126760563380281,64,0.4386700297333157,0.07926430429570298,0.009908038036962873,0.41887039562721523,0.4584696638394162,0.19594594594594594,0.6126760563380281,64,288.453125,3.8002910811656654,0.4750363851457082,287.5038405323908,289.4024094676092,280,297,64,207.48437499999997,11.607321427197826,1.4509151783997283,204.58495237524508,210.38379762475486,177,233,64,80.96875000000003,11.592237071310286,1.4490296339137858,78.07309533523613,83.86440466476392,55,119,64,9249.640625000002,2461.432415376516,307.6790519220645,8634.793101459798,9864.488148540206,4574,14217,64,8961.187499999998,2460.622039531584,307.577754941448,8346.542402322995,9575.832597677001,4291,13931,64,0.1357921875000016,0.03237316302166331,0.004046645377707914,0.12770561198052374,0.14387876301947947,0.10770000000002256,0.24880000000007385,64,0,0,0,0,0,0,0,64,0,0,0,0,0,0,0,64,4728.562499999999,1231.6591065558293,153.95738831947867,4420.9032091005765,5036.221790899422,2386,7218,64,4521.078125000001,1229.7999747628016,153.7249968453502,4213.883231405066,4828.273018594936,2188,6999,64,0.9665266295491795,0.009127295885006551,0.001140911985625819,0.9642466988728555,0.9688065602255034,0.9381285526891123,0.9798832383765914,64,32.047892305558726,8.474884679705877,1.0593605849632346,29.930929099478213,34.16485551163924,16.16254416961131,49.70979020979021,64,0.5120182425259904,0.0032648172502618713,0.0004081021562827339,0.5112027154416005,0.5128337696103803,0.5068665091553456,0.5216440752076956,64,0.1549224853515625,0.011133665276852535,0.0013917081596065669,0.15214137851286377,0.15770359219026123,0.1298828125,0.1796875,0,0,0,0.05662405979280534,64,0,0.455210530444977,0
atlas,33,32,4,periodic,64,64,0.8041381835937501,0.012112418562328978,0.0015140523202911223,0.8011125914586148,0.8071637757288854,0.76953125,0.82421875,64,0.5142127925408418,0.10883071484277021,0.013603839355346276,0.48702768882311426,0.5413978962585695,0.18811881188118812,0.8,64,0.5142127925408418,0.10883071484277021,0.013603839355346276,0.48702768882311426,0.5413978962585695,0.18811881188118812,0.8,64,205.85937500000003,3.1007791519562184,0.3875973939945273,205.0848234134054,206.63392658659467,197,211,64,155.82812500000003,10.971181134052543,1.3713976417565679,153.08760549256056,158.5686445074395,120,184,64,50.03125000000002,11.286976270610891,1.4108720338263614,47.21184721449612,52.850652785503925,20,82,64,7878.171875,2025.5539673758346,253.19424592197933,7372.203548241144,8384.140201758857,4806,12621,64,7672.312499999998,2024.6126643079638,253.07658303849547,7166.579303751558,8178.045696248439,4609,12414,64,0.11158750000003437,0.02662928034003731,0.0033286600425046636,0.1049357036848285,0.11823929631524023,0.09040000000004511,0.24850000000014916,64,0,0,0,0,0,0,0,64,0,0,0,0,0,0,0,64,4017.0000000000005,1013.1479937022315,126.64349921277893,3763.923161076412,4270.076838923589,2485,6382,64,3861.1718749999995,1012.4355602411804,126.55444503014755,3608.272996660044,4114.0707533399545,2321,6239,64,0.9721382637755344,0.007072776488479218,0.0008840970610599023,0.970371536774895,0.9739049907761738,0.9579117766086604,0.9835987639648205,64,38.233021298738144,9.68011192703625,1.2100139908795313,35.81500128374626,40.651041313730026,23.759615384615383,60.971014492753625,64,0.5105437510733025,0.002792867445751716,0.0003491084307189645,0.509846113542461,0.511241388604144,0.5056651612392045,0.5170620058260508,64,0.19586181640624997,0.01211241856232899,0.0015140523202911238,0.19283622427111463,0.1988874085413853,0.17578125,0.23046875,0,0,0,0.05662405979280534,64,0,0.5369230721843994,0
atlas,33,32,8,periodic,64,64,0.7553710937500001,0.020404581806676578,0.002550572725834572,0.7502741808653173,0.760468006634683,0.6953125,0.796875,64,0.7328906069363976,0.1943697418649774,0.024296217733122176,0.6843384900103884,0.7814427238624069,0.17894736842105263,1,64,0.7328906069363976,0.1943697418649774,0.024296217733122176,0.6843384900103884,0.7814427238624069,0.17894736842105263,1,64,96.68750000000001,2.611786471254602,0.32647330890682524,96.03509515076061,97.33990484923942,89,102,64,83.79687500000001,9.858007280362626,1.2322509100453283,81.33441804789837,86.25933195210166,56,101,64,12.890624999999998,9.377645129487636,1.1722056411859545,10.548158943046593,15.233091056953404,0,39,64,5557.671875,2186.7551162039263,273.3443895254908,5011.436699340632,6103.907050659368,2444,14777,64,5460.984375,2186.1527887192606,273.26909858990757,4914.899656269692,6007.069093730308,2350,14678,64,0.08078749999999957,0.013561342116461466,0.0016951677645576833,0.0773999775297097,0.08417502247028943,0.07189999999991414,0.18049999999993815,64,0,0,0,0,0,0,0,64,0,0,0,0,0,0,0,64,2820.7343750000005,1093.2023040269178,136.65028800336472,2547.660564335742,3093.808185664259,1259,7427,64,2736.9375,1093.5750005125537,136.69687506406922,2463.770592523579,3010.104407476421,1185,7350,64,0.9801139845308519,0.007270523692211724,0.0009088154615264655,0.9782978617484138,0.9819301073132899,0.9615384615384616,0.9933003992691345,64,57.38045111822815,22.309910508239604,2.7887388135299505,51.80760128465008,62.95330095180622,26,149.26262626262627,64,0.5086519880474675,0.003401971084759597,0.00042524638559494963,0.5078022009545727,0.5095017751403622,0.5026054002842255,0.5163817663817664,64,0.24462890624999997,0.02040458180667659,0.002550572725834574,0.2395319933653171,0.24972581913468284,0.203125,0.3046875,0,0,0,0.05662405979280534,64,0,0.7734507667991439,0
atlas,34,16,2,periodic,64,64,0.8519287109375,0.018852526787364376,0.002356565848420547,0.8472194898614814,0.8566379320135186,0.8125,0.90625,64,0.47202226904722144,0.04515923856070337,0.005644904820087921,0.46074182688656906,0.4833027112078738,0.3761467889908257,0.5636363636363636,64,0.47202226904722144,0.04515923856070337,0.005644904820087921,0.46074182688656906,0.4833027112078738,0.3761467889908257,0.5636363636363636,64,109.046875,2.41312342878264,0.30164042859783,108.44409470226962,109.64965529773038,104,116,64,80.265625,3.198423160603631,0.39980289507545386,79.46668266575355,81.06456733424645,73,87,64,28.78125,2.4718654995001343,0.3089831874375168,28.163796369586326,29.398703630413674,24,34,64,1036.75,243.52718957745165,30.440898697181456,975.9187179826557,1097.5812820173444,698,1677,64,927.7031250000002,243.1593428635334,30.394917857941675,866.9637283578879,988.4425216421125,590,1568,64,0.04311874999999965,0.015569086943492245,0.0019461358679365307,0.0392297077938483,0.047007792206151,0.03340000000000032,0.09700000000000841,64,0,0,0,0,0,0,0,64,8.374999999999996,3.194737736708478,0.39934221708855977,7.576978257251811,9.173021742748181,2,16,64,956.4843750000001,242.93692382660427,30.367115478325534,895.8005369802532,1017.168213019747,618,1602,64,80.265625,3.198423160603631,0.39980289507545386,79.46668266575355,81.06456733424645,73,87,64,0.8892554117744047,0.024734949823737317,0.0030918687279671646,0.8830768051431559,0.8954340184056535,0.8452722063037249,0.9350029815146095,64,9.504399295552473,2.208172868203668,0.2760216085254585,8.952814124624263,10.055984466480682,6.462962962962963,15.385321100917432,64,0.9185606587469576,0.018064574584877004,0.0022580718231096255,0.9140482622749139,0.9230730552190013,0.8842530282637954,0.9552772808586762,64,0.14807128906249997,0.018852526787364373,0.0023565658484205466,0.14336206798648143,0.1527805101385185,0.09375,0.1875,64,1,0.9433759402071946,1,0,0,0.48144588569519964,0
atlas,34,16,3,periodic,64,64,0.7796630859375,0.028010738726892366,0.0035013423408615458,0.7726662115845119,0.7866599602904881,0.71484375,0.83203125,64,0.5368832806186851,0.05858902158279221,0.007323627697849026,0.5222481784717455,0.5515183827656246,0.3770491803278688,0.639344262295082,64,0.5368832806186851,0.05858902158279221,0.007323627697849026,0.5222481784717455,0.5515183827656246,0.3770491803278688,0.639344262295082,64,66.53125000000001,2.3902497046948135,0.2987812130868517,65.93418338854504,67.12831661145499,61,71,64,51.140625000000014,2.943204103834015,0.36790051297925186,50.4054344892994,51.875815510700626,42,56,64,15.390625,1.8823928330127528,0.2352991041265941,14.920417260605019,15.860832739394981,11,20,64,848.203125,275.9145933929958,34.48932417412448,779.2817102187066,917.1245397812934,302,1938,64,781.6718750000001,275.355069745454,34.41938371818175,712.8902250673794,850.4535249326208,238,1869,64,0.037403124999999086,0.02385400680960845,0.0029817508512010563,0.031444571386348305,0.04336167861364987,0.028399999999976444,0.1864999999999668,64,0,0,0,0,0,0,0,64,7.953124999999997,3.7349898004578015,0.4668737250572252,7.020152306980466,8.88609769301953,0,18,64,797.0781249999998,274.9226907024868,34.36533633781085,728.4044801387913,865.7517698612082,256,1883,64,51.12499999999999,2.9573690581379517,0.36967113226724396,50.38627118899081,51.863728811009175,42,56,64,0.9137405868138383,0.027956572571057128,0.003494571571382141,0.9067572427640049,0.9207239308636717,0.7880794701986755,0.9643962848297214,64,12.730273877934428,4.047537710494335,0.5059422138117918,11.71922903990163,13.741318715967225,4.71875,28.08695652173913,64,0.9339629440182271,0.020583442118837173,0.0025729302648546466,0.9288213531568894,0.9391045348795648,0.847682119205298,0.9716202270381837,64,0.22033691406250006,0.028010738726892363,0.0035013423408615453,0.21334003970951199,0.22733378841548812,0.16796875,0.28515625,63,0.984375,0.9166589839990573,0.9972364580766624,1,0,0.5491093609684277,0
atlas,34,16,4,periodic,64,64,0.7468261718749998,0.031764085873556745,0.003970510734194593,0.7388917393003449,0.7547606044496546,0.65625,0.828125,64,0.603654419231847,0.08674604203366024,0.01084325525420753,0.5819859026444631,0.6253229358192309,0.40425531914893614,0.8076923076923077,64,0.603654419231847,0.08674604203366024,0.01084325525420753,0.5819859026444631,0.6253229358192309,0.40425531914893614,0.8076923076923077,64,47.796874999999986,2.0329014959076317,0.25411268698845396,47.289071315222074,48.3046786847779,42,53,64,38.35937500000001,3.1237299006257713,0.3904662375782214,37.57909048696192,39.1396595130381,32,47,64,9.4375,1.9669894811736077,0.24587368514670097,8.94616064663237,9.92883935336763,5,14,64,750.9687499999997,298.1294045629839,37.26617557037299,676.4982404930275,825.4392595069718,283,1532,64,703.1718749999997,297.953685262505,37.24421065781313,628.7452588683088,777.5984911316905,241,1489,64,0.026373437499994885,0.010845220470036731,0.0013556525587545914,0.023664382030263616,0.029082492969726155,0.021999999999934516,0.10779999999999745,64,0,0,0,0,0,0,0,64,6.578125,3.2308271460446547,0.40385339325558184,5.7710883910228015,7.3851616089771985,1,16,64,712.6093749999999,298.24420680851665,37.28052585106458,638.1101887453252,787.1085612546746,249,1500,64,38.35937500000001,3.1237299006257713,0.3904662375782214,37.57909048696192,39.1396595130381,32,47,64,0.9257990922767199,0.0297026987132352,0.0037128373391544,0.9183795788941028,0.9332186056593369,0.8461538461538461,0.9719321148825065,64,15.716286590845803,6.321063643431222,0.7901329554289027,14.137331872030499,17.295241309661108,6.5,35.627906976744185,64,0.9402928614451423,0.024839669317145534,0.0031049586646431917,0.9340880966627348,0.9464976262275498,0.8717948717948718,0.97911227154047,64,0.253173828125,0.031764085873556766,0.003970510734194596,0.24523939555034519,0.2611082606996548,0.171875,0.34375,64,1,0.9433759402071946,1,0,0,0.621756173643755,0
atlas,34,16,8,periodic,64,64,0.7045898437500001,0.08028843547736979,0.010036054434671223,0.6845343892862517,0.7246452982137486,0.53125,0.84375,64,0.7224445289247081,0.12921845714835375,0.01615230714354422,0.6901667187045164,0.7547223391448998,0.3,0.92,64,0.7224445289247081,0.12921845714835375,0.01615230714354422,0.6901667187045164,0.7547223391448998,0.3,0.92,64,22.546875000000004,2.569229935275833,0.32115374190947915,21.905100457160053,23.188649542839954,17,27,64,19.515624999999993,3.2853314563035774,0.41066643203794717,18.694973619406227,20.33627638059376,13,24,64,3.0312499999999996,1.2844460235064716,0.16055575293830895,2.7104049295684343,3.352095070431565,1,7,64,571.2656250000001,300.1820210867569,37.52275263584461,496.2823871408151,646.2488628591851,86,1415,64,548.7187499999998,299.59218147076655,37.44902268384582,473.88284969309206,623.5546503069074,67,1396,64,0.0225031250000054,0.010417536630335466,0.0013021920787919332,0.019900901774806128,0.025105348225204674,0.016200000000026193,0.09820000000001983,64,0,0,0,0,0,0,0,64,5.6249999999999964,5.408693765963115,0.6760867207453893,4.273948495674591,6.976051504325402,0,23,64,551.9218750000001,299.4162736237199,37.42703420296499,477.129915165905,626.7138348340952,70,1399,64,19.343750000000004,3.17339510744195,0.3966743884302438,18.55105948742023,20.136440512579778,13,24,64,0.9412821155485684,0.045354861499756344,0.005669357687469543,0.9299528082316465,0.9526114228654904,0.7790697674418605,0.9865724381625441,64,25.327993997268493,14.01062611604225,1.7513282645052812,21.828243723045112,28.827744271491873,4.526315789473684,74.47368421052632,64,0.9504525850363523,0.03698288240608555,0.004622860300760694,0.9412145358749326,0.959690634197772,0.813953488372093,0.9886925795053003,64,0.29541015625000006,0.08028843547736979,0.010036054434671223,0.27535470178625154,0.31546561071374857,0.15625,0.46875,53,0.828125,0.7178678837734179,0.9012225769875536,11,0,0.7494092263558315,0
atlas,34,32,2,periodic,64,64,0.8518066406250001,0.010202290903338278,0.0012752863629172848,0.8492581841826586,0.8543550970673416,0.833984375,0.876953125,64,0.47220202424965707,0.023374015558792444,0.0029217519448490555,0.4663633688830764,0.47804067961623775,0.42660550458715596,0.5201793721973094,64,0.47220202424965707,0.023374015558792444,0.0029217519448490555,0.4663633688830764,0.47804067961623775,0.42660550458715596,0.5201793721973094,64,436.12500000000006,5.223572942509199,0.6529466178136498,434.8201903015212,437.4298096984789,427,449,64,321.04687499999994,7.116780276778009,0.8895975345972511,319.26915618008775,322.82459381991214,308,340,64,115.07812500000001,4.954730583869335,0.6193413229836668,113.84047012462332,116.3157798753767,106,126,64,6020.265625000002,1204.7521676536924,150.59402095671155,5719.327487460988,6321.203762539016,3952,9912,64,5584.140624999999,1204.8602878525155,150.60753598156444,5283.175479838888,5885.10577016111,3515,9478,64,0.2182906250000123,0.06878743129647027,0.008598428912058784,0.2011080359030628,0.2354732140969618,0.13419999999996435,0.40660000000002583,64,0,0,0,0,0,0,0,64,32.37499999999999,6.827814263660635,0.8534767829575793,30.669462742515694,34.080537257484295,17,47,64,5699.21875,1205.5999556138806,150.69999445173508,5398.068841329448,6000.368658670552,3621,9597,64,321.04687499999994,7.116780276778009,0.8895975345972511,319.26915618008775,322.82459381991214,308,340,64,0.9249022121380291,0.013890649914138794,0.0017363312392673492,0.921432431027356,0.9283719932487023,0.8894230769230769,0.9562146892655368,64,13.806504483564646,2.7809229742444708,0.34761537178055885,13.111850592932138,14.501158374197155,9.043478260869565,22.838709677419356,64,0.9446922564491401,0.010438603106912896,0.001304825388364112,0.9420847709746617,0.9472997419236185,0.916244939271255,0.9682203389830508,64,0.14819335937499994,0.010202290903338289,0.001275286362917286,0.14564490293265853,0.15074181581734136,0.123046875,0.166015625,64,1,0.9433759402071946,1,0,0,0.47707960343766426,0
atlas,34,32,3,periodic,64,64,0.7826385498046873,0.012569855592368331,0.0015712319490460414,0.7794986932992047,0.7857784063101698,0.755859375,0.8115234375,64,0.5318064701081309,0.030555732287422824,0.003819466535927853,0.524173875278585,0.5394390649376767,0.4461538461538462,0.5924528301886792,64,0.5318064701081309,0.030555732287422824,0.003819466535927853,0.524173875278585,0.5394390649376767,0.4461538461538462,0.5924528301886792,64,267.140625,4.290510708861723,0.5363138386077154,266.06888731279525,268.21236268720475,258,277,64,204.625,6.001322605548966,0.7501653256936207,203.12591421607317,206.12408578392683,188,215,64,62.51562499999999,3.858580162833976,0.482322520354247,61.55178035300532,63.479469646994666,54,72,64,5047.499999999999,1493.6836430104015,186.7104553763002,4674.38892730903,5420.611072690968,2634,10387,64,4780.359374999999,1492.8407496180687,186.60509370225859,4407.458850813895,5153.259899186103,2372,10114,64,0.11856875000000147,0.027548150486675856,0.003443518810834482,0.11168742675137815,0.1254500732486248,0.09930000000008476,0.24839999999994689,64,0,0,0,0,0,0,0,64,31.078125,6.740789571527882,0.8425986964409853,29.394325863826857,32.76192413617314,18,50,64,4842.874999999999,1492.7865548740374,186.59831935925467,4469.988013258169,5215.761986741829,2438,10173,64,204.625,6.001322605548966,0.7501653256936207,203.12591421607317,206.12408578392683,188,215,64,0.9429482272853179,0.015307788587549198,0.0019134735734436497,0.9391244554664634,0.9467719991041724,0.9005315110098709,0.9737171464330413,64,18.881899234099784,5.502928858471807,0.6878661073089759,17.50730850403834,20.25648996416123,10.053435114503817,38.04761904761905,64,0.9563042515102558,0.011757491054890795,0.0014696863818613494,0.9533673176285916,0.9592411853919199,0.9255884586180714,0.9793973235775488,64,0.21736145019531258,0.012569855592368331,0.0015712319490460414,0.21422159368983001,0.22050130670079515,0.1884765625,0.244140625,64,1,0.9433759402071946,1,0,0,0.5381826960289436,0
atlas,34,32,4,periodic,64,64,0.7411499023437498,0.017991679365862503,0.002248959920732813,0.7366557145556452,0.7456440901318544,0.69921875,0.77734375,64,0.564536754543655,0.043758489076393646,0.005469811134549206,0.5536062091935541,0.575467299893756,0.46368715083798884,0.6595744680851063,64,0.564536754543655,0.043758489076393646,0.005469811134549206,0.5536062091935541,0.575467299893756,0.46368715083798884,0.6595744680851063,64,189.73437499999994,4.605869917660801,0.5757337397076001,188.58386292624516,190.88488707375473,179,199,64,148.46875000000003,6.621199119327086,0.8276498899158857,146.8148236699683,150.12267633003177,131,163,64,41.265625000000014,3.793236200530606,0.47415452506632577,40.31810278914031,42.21314721085972,32,48,64,4332.078125000002,1453.4811666258736,181.6851458282342,3969.0093321176496,4695.146917882354,2019,9588,64,4142.343749999998,1452.7843460578702,181.59804325723377,3779.449017716634,4505.238482283363,1835,9392,64,0.10132968749998382,0.02351155527922645,0.0029389444099033064,0.09545667573345937,0.10720269926650827,0.08539999999993597,0.2399000000000342,64,0,0,0,0,0,0,0,64,29.64062499999999,8.31401033540029,1.0392512919250363,27.56384700947914,31.71740299052084,13,46,64,4183.609375,1452.652544973729,181.58156812171612,3820.747565647884,4546.471184352115,1879,9440,64,148.46875000000003,6.621199119327086,0.8276498899158857,146.8148236699683,150.12267633003177,131,163,64,0.9520814794357468,0.013791432902314611,0.0017239291127893264,0.9486364819972282,0.9555264768742655,0.908865775136206,0.9795577805590321,64,22.817015290208733,7.567201844572353,0.9459002305715442,20.926784510277905,24.70724607013956,10.972826086956522,48.91836734693877,64,0.9625392936684262,0.010715643587768357,0.0013394554484710446,0.9598626055408462,0.9652159817960061,0.9306587419514611,0.98456403838131,64,0.25885009765625,0.0179916793658625,0.0022489599207328125,0.2543559098681454,0.2633442854443546,0.22265625,0.30078125,64,1,0.9433759402071946,1,0,0,0.5736680694039881,0
atlas,34,32,8,periodic,64,64,0.6597900390625001,0.035623131333592156,0.0044528914166990195,0.6508916456130679,0.6686884325119323,0.5859375,0.75,64,0.6752197830270132,0.08775424794617444,0.010969280993271805,0.6532994240958561,0.6971401419581704,0.5064935064935064,0.8541666666666666,64,0.6752197830270132,0.08775424794617444,0.010969280993271805,0.6532994240958561,0.6971401419581704,0.5064935064935064,0.8541666666666666,64,84.45312500000001,4.559760810699796,0.5699701013374745,83.31413063847269,85.59211936152734,75,96,64,70.85937499999999,6.810046704033025,0.8512558380041281,69.15827594685888,72.56047405314109,58,89,64,13.593749999999993,3.336754197034683,0.41709427462933535,12.760253600954915,14.427246399045071,7,19,64,2567.9375000000005,1143.059121288967,142.88239016112087,2282.409826928767,2853.465173071234,896,7034,64,2483.484374999999,1141.8448313144843,142.73060391431054,2198.2600225395636,2768.7087274604346,815,6952,64,0.07187968749999384,0.016249231285212627,0.0020311539106515784,0.06782075029223925,0.07593862470774843,0.05859999999984211,0.18269999999984066,64,0,0,0,0,0,0,0,64,29.062500000000007,15.916323855694982,1.9895404819618727,25.086720593909355,33.03827940609066,2,70,64,2497.078125,1141.032188028481,142.62902350356012,2212.0567647926932,2782.0994852073068,833,6967,64,70.85937499999999,6.810046704033025,0.8512558380041281,69.15827594685888,72.56047405314109,58,89,64,0.9608434269034981,0.017053608322347317,0.0021317010402934146,0.9565835622901462,0.96510329151685,0.9095982142857143,0.9883423372192209,64,30.298577861245235,13.120608454935152,1.640076056866894,27.02114738399058,33.57600833849989,11.061728395061728,85.78048780487805,64,0.967324208750775,0.014147144025343896,0.001768393003167987,0.9637903573174343,0.9708580601841156,0.9268069533394327,0.9904748365083879,64,0.34020996093749994,0.03562313133359214,0.004452891416699018,0.3313115674880677,0.34910835438693216,0.25,0.4140625,64,1,0.9433759402071946,1,0,0,0.6935319250877073,0
atlas,35,16,2,periodic,64,64,0.9071044921874996,0.016940939126507484,0.0021176173908134355,0.90287277150189,0.9113362128731091,0.8828125,0.9609375,64,0.02029358263877348,0.08195309176935033,0.01024413647116879,-0.00017769059467839798,0.04076485587222536,-0.16521739130434782,0.23076923076923078,64,0.06721213063450322,0.0504529418126642,0.006306617726583025,0.05460936074529242,0.07981490052371402,0,0.23076923076923078,64,116.10937499999994,2.168440208192958,0.27105502602411974,115.56771475224193,116.65103524775796,113,123,64,59.23437499999999,4.898144084874442,0.6122680106093052,58.010855011510905,60.45789498848908,48,72,64,56.875,4.845223470201396,0.6056529337751745,55.664699187740446,58.085300812259554,45,67,64,1856.8281249999998,642.5202993442655,80.31503741803319,1696.3313295534742,2017.3249204465253,780,3784,64,1740.7187499999998,642.0229553516081,80.25286941895101,1580.3461873864876,1901.091312613512,665,3666,64,0.047365625000001195,0.016185308042437424,0.002023163505304678,0.043322655343202496,0.051408594656799894,0.03909999999999059,0.1115000000000066,64,0,0,0,0,0,0,0,64,0,0,0,0,0,0,0,64,928.7343750000002,321.2172899627785,40.152161245347315,848.4966833135929,1008.9720666864075,390,1892,64,928.0937499999998,321.3031856411863,40.16289820514829,847.8346022115187,1008.3528977884808,390,1892,64,0.9301054011495536,0.0234082946245898,0.002926036828073725,0.9242581831271052,0.9359526191720021,0.8525641025641025,0.968816067653277,64,15.974363350639672,5.44625672819876,0.680782091024845,14.613928897522683,17.33479780375666,6.782608695652174,32.067796610169495,64,0.5001978797066075,0.00016585312391568605,0.000020731640489460756,0.5001564508289044,0.5002393085843105,0.5,0.5005065856129686,64,0.09289550781250001,0.016940939126507515,0.0021176173908134394,0.08866378712689055,0.09712722849810948,0.0390625,0.1171875,0,0,0,0.05662405979280534,64,1,0.07774041227871642,0
atlas,35,16,3,periodic,64,64,0.8497924804687499,0.01890654832768984,0.00236331854096123,0.8450697652134561,0.8545151957240437,0.80859375,0.890625,64,-0.001284825816409427,0.1176253831556114,0.014703172894451425,-0.030666772315083635,0.028097120682264783,-0.25,0.2602739726027397,64,0.09368739912901788,0.07014810267198145,0.00876851283399768,0.07616492443522693,0.11120987382280884,0,0.2602739726027397,64,72.51562499999999,1.6133587906295346,0.20166984882869182,72.11261996488159,72.91863003511838,69,76,64,36.20312499999999,4.269417593454824,0.533677199181853,35.136656216255986,37.269593783744,27,46,64,36.3125,4.4073351556925155,0.5509168944615644,35.21158043423784,37.41341956576216,27,45,64,1782.390625,579.4275943149164,72.42844928936455,1637.6539183531559,1927.1273316468441,831,3343,64,1709.8750000000002,579.1444565799637,72.39305707249547,1565.2090190550152,1854.5409809449852,759,3270,64,0.044200000000000024,0.025686881340787966,0.0032108601675984957,0.03778360795072303,0.050616392049277016,0.03149999999999409,0.14740000000000464,64,0,0,0,0,0,0,0,64,0,0,0,0,0,0,0,64,891.4062499999998,289.7076095098928,36.2134511887366,819.0394423049518,963.7730576950478,416,1672,64,890.9843749999998,289.72019847221173,36.21502480902647,818.614422675728,963.3543273242716,415,1671,64,0.9553191796107121,0.013494546228404708,0.0016868182785505885,0.9519483422568195,0.9586900169646048,0.9133574007220217,0.9783668494820231,64,24.56046343963129,7.913377225002894,0.9891721531253618,22.583760622508354,26.53716625675423,11.541666666666666,46.225352112676056,64,0.5001326460337714,0.00017021463944369758,0.000021276829930462198,0.500090127681905,0.5001751643856378,0.5,0.5006016847172082,64,0.15020751953124997,0.01890654832768983,0.0023633185409612286,0.1454848042759562,0.15493023478654375,0.109375,0.19140625,0,0,0,0.05662405979280534,64,1,0.10832557393515821,0
atlas,35,16,4,periodic,64,64,0.8076171875,0.026245482179251864,0.003280685272406483,0.8010612611128994,0.8141731138871006,0.75,0.859375,64,0.043544825499176806,0.17802454474307527,0.02225306809288441,-0.0009243826663086555,0.08801403366466226,-0.4117647058823529,0.4,64,0.14926657889281264,0.10480848018433196,0.013101060023041495,0.1230861994987712,0.17544695828685408,0,0.4117647058823529,64,51.6875,1.6797108594721193,0.2099638574340149,51.267920711225564,52.107079288774436,48,55,64,26.968749999999996,4.628993342518366,0.5786241678147958,25.81246186657337,28.125038133426624,15,35,64,24.71875,4.616976094151697,0.5771220117689622,23.565463685900955,25.872036314099045,15,36,64,1343.3593749999993,625.2691704108478,78.15864630135597,1187.1717833474615,1499.546966652537,398,3139,64,1291.6718749999998,624.8535588360519,78.10669485450649,1135.588100029944,1447.7556499700556,347,3087,64,0.0366109374999919,0.03072873696229705,0.0038410921202871313,0.028935127388465195,0.0442867476115186,0.02549999999996544,0.25260000000002947,64,0,0,0,0,0,0,0,64,0,0,0,0,0,0,0,64,671.8593749999999,312.6820925825868,39.08526157282335,593.7537121839993,749.9650378160005,199,1570,64,671.4999999999999,312.58725765903137,39.07340720737892,593.4180262430727,749.581973756927,199,1569,64,0.952247559960774,0.02353975707425473,0.002942469634281841,0.9463675035954525,0.9581276163260956,0.871859296482412,0.983434214718063,64,25.91895134070006,11.928265934017045,1.4910332417521306,22.939359163460658,28.89854351793946,7.803921568627451,60.36538461538461,64,0.5001509848668431,0.00024416125727192616,0.00003052015715899077,0.5000899951994281,0.500211974534258,0.5,0.5009940357852882,64,0.1923828125,0.026245482179251895,0.003280685272406487,0.18582688611289944,0.19893873888710056,0.140625,0.25,0,0,0,0.05662405979280534,64,0,0.17113751760199228,1
atlas,35,16,8,periodic,64,64,0.77294921875,0.061308632119758094,0.007663579014969762,0.7576347781035748,0.7882636593964252,0.65625,0.90625,64,0.1305139287457504,0.3754242171016786,0.04692802713770983,0.03673574953595163,0.22429210795554919,-0.6923076923076923,0.7692307692307693,64,0.33895062692804445,0.20380497657579685,0.025475622071974607,0.28804165849568153,0.3898595953604074,0,0.7692307692307693,64,24.734375,1.961876227832259,0.24523452847903238,24.244312899314394,25.224437100685606,21,29,64,13.937500000000004,4.656025282209218,0.5820031602761523,12.774459488944975,15.100540511055032,4,23,64,10.796875,4.834333845542603,0.6042917306928254,9.589294335046507,12.004455664953493,3,22,64,909.53125,414.7984773184616,51.8498096648077,805.9176732248313,1013.1448267751687,255,1908,64,884.7968750000001,413.9659973647671,51.745749670595885,781.3912455301195,988.2025044698808,233,1881,64,0.02171406250000274,0.0017030194648324111,0.0002128774331040514,0.02128866089484317,0.02213946410516231,0.019000000000005457,0.027999999999906322,64,0,0,0,0,0,0,0,64,0,0,0,0,0,0,0,64,455.03124999999994,207.37505082904548,25.921881353630685,403.2305035526275,506.8319964473724,128,954,64,454.49999999999994,207.42372857174072,25.92796607146759,402.68709421428423,506.31290578571566,127,954,64,0.96576967380784,0.018242889358512933,0.0022803611698141166,0.9612127356306104,0.9703266119850695,0.91015625,0.9874141876430206,64,36.46921634951342,16.01700177862158,2.0021252223276975,32.46828834653264,40.470144352494195,11.130434782608695,79.45454545454545,64,0.5004022699643723,0.0005006757485509005,0.00006258446856886257,0.500277204883499,0.5005273350452456,0.5,0.5019607843137255,64,0.22705078125000003,0.061308632119758094,0.007663579014969762,0.21173634060357485,0.2423652218964252,0.09375,0.34375,0,0,0,0.05662405979280534,64,0,0.3814796870143617,0
atlas,35,32,2,periodic,64,64,0.9079895019531249,0.006658629045354379,0.0008323286306692974,0.9063262259057576,0.9096527780004922,0.89453125,0.923828125,64,-0.0005930648456956807,0.04750368749987675,0.005937960937484593,-0.012459132926975569,0.011273003235584207,-0.11349036402569593,0.15450643776824036,64,0.03531337029673947,0.03146632042081354,0.003933290052601693,0.027453317319131997,0.04317342327434694,0,0.15450643776824036,64,464.89062499999994,3.409218071221442,0.42615225890268027,464.0390276637479,465.742222336252,458,473,64,232.32812500000003,11.604671592844744,1.450583949105593,229.4293642841725,235.22688571582756,206,269,64,232.5625,10.734715971283402,1.3418394964104252,229.88104773276746,235.24395226723254,197,260,64,10279.500000000004,2687.4015655653657,335.9251956956707,9608.207062187133,10950.792937812874,6800,23677,64,9814.609374999998,2687.062091999349,335.8827614999186,9143.401235160889,10485.817514839107,6339,23210,64,0.3637031250000007,0.10135640240037233,0.012669550300046541,0.33838504897991195,0.3890212010200894,0.20229999999992287,0.7792000000001735,64,0,0,0,0,0,0,0,64,0,0,0,0,0,0,0,64,5139.968750000001,1343.7168655936982,167.96460819921228,4804.318263726905,5475.619236273097,3400,11839,64,5139.53125,1343.6847462930564,167.96059328663205,4803.888786889487,5475.173713110513,3400,11838,64,0.9522956475158704,0.01041193551493213,0.0013014919393665163,0.9496948234076703,0.9548964716240704,0.9315209404849375,0.9802762174261942,64,22.108629674752855,5.758179495812359,0.7197724369765449,20.670279232553675,23.546980116952035,14.603004291845494,50.70021413276231,64,0.5000224171729418,0.000026846863827774492,0.0000033558579784718115,0.5000157110258885,0.5000291233199952,0.5,0.5000734753857458,64,0.09201049804687499,0.00665862904535438,0.0008323286306692975,0.09034722199950776,0.09367377409424221,0.076171875,0.10546875,0,0,0,0.05662405979280534,64,1,0.041879613449169996,0
atlas,35,32,3,periodic,64,64,0.8432464599609376,0.011863809777012815,0.0014829762221266018,0.8402829684526678,0.8462099514692074,0.814453125,0.8671875,64,0.01354699488698014,0.05531973374022639,0.006914966717528299,-0.00027146345483817884,0.027365453228798457,-0.12244897959183673,0.18771331058020477,64,0.04174283292837215,0.03842635532033274,0.004803294415041593,0.03214421496113112,0.05134145089561318,0,0.18771331058020477,64,287.82812500000017,4.0495137372203756,0.5061892171525469,286.81658656517743,288.8396634348229,278,296,64,145.85937499999997,8.162763279985485,1.0203454099981857,143.82037739982565,147.8983726001743,129,174,64,141.96875,8.305608642395503,1.038201080299438,139.89407068994882,144.04342931005118,119,165,64,9303.437499999998,2688.324614723263,336.0405768404079,8631.913991367757,9974.96100863224,4531,15308,64,9015.609375,2688.5141622363894,336.0642702795487,8344.038518807733,9687.180231192267,4243,15018,64,0.13560625000000212,0.038521178981939866,0.004815147372742483,0.1259839457868386,0.14522855421316563,0.11140000000000327,0.3665000000000873,64,0,0,0,0,0,0,0,64,0,0,0,0,0,0,0,64,4651.984375000004,1344.1313178971707,168.01641473714633,4316.230361621786,4987.738388378221,2266,7654,64,4651.453125,1344.1933431614677,168.02416789518347,4315.6836181717445,4987.2226318282555,2265,7654,64,0.9663815734180737,0.009948998302333803,0.0012436247877917253,0.9638963875849458,0.9688667592512017,0.9364378724343412,0.9810556571727201,64,32.335294111462225,9.386824073638875,1.1733530092048594,29.99053522247945,34.680053000445,15.73263888888889,52.786206896551725,64,0.5000323956663468,0.00003372060514341336,0.00000421507564292667,0.5000239725097998,0.5000408188228939,0.5,0.5001103509159126,64,0.1567535400390625,0.011863809777012811,0.0014829762221266014,0.15379004853079267,0.15971703154733233,0.1328125,0.185546875,0,0,0,0.05662405979280534,64,1,0.04976146329635446,0
atlas,35,32,4,periodic,64,64,0.8098144531250001,0.010779466115069993,0.0013474332643837491,0.807121822604441,0.8125070836455592,0.78125,0.83203125,64,0.0007635476358789283,0.08530432958751694,0.010663041198439617,-0.020544839897531832,0.02207193516928969,-0.17370892018779344,0.18048780487804877,64,0.06994779051161272,0.048031923842371586,0.006003990480296448,0.05794977291792779,0.08194580810529764,0.004694835680751174,0.18048780487804877,64,207.31250000000003,2.7595433254579183,0.3449429156822398,206.6231865867369,208.00181341326316,200,213,64,103.74999999999999,9.116529554118229,1.1395661942647786,101.47275867311463,106.02724132688535,88,122,64,103.56250000000003,8.786488545054896,1.098311068131862,101.36770046425288,105.75729953574718,84,125,64,8368.640625,2429.7797820861306,303.7224727607663,7761.699694007511,8975.581555992489,4103,15416,64,8161.328125000001,2429.6025676346217,303.7003209543277,7554.431460860409,8768.224789139593,3891,15207,64,0.12024062499995834,0.02960355361955296,0.00370044420244412,0.11284587732487845,0.12763537267503822,0.1008999999999105,0.2681999999999789,64,0,0,0,0,0,0,0,64,0,0,0,0,0,0,0,64,4184.53125,1214.911453677912,151.863931709739,3881.0553983178283,4488.007101682171,2052,7708,64,4184.109375,1214.8683790120692,151.85854737650865,3880.644283049217,4487.574466950783,2051,7708,64,0.9731852196814994,0.007670468152958329,0.0009588085191197911,0.971269193745228,0.9751012456177708,0.9483304898854497,0.9864426569797613,64,40.364321996608005,11.666211923068905,1.4582764903836132,37.45018896366958,43.27845502954643,19.35377358490566,73.76076555023923,64,0.5000266084248287,0.00003388973530203394,0.000004236216912754243,0.500018143020825,0.5000350738288324,0.5,0.5001218620521569,64,0.19018554687500003,0.010779466115070009,0.001347433264383751,0.18749291635444093,0.19287817739555912,0.16796875,0.21875,0,0,0,0.05662405979280534,64,1,0.0799708655585261,0
atlas,35,32,8,periodic,64,64,0.7485351562499999,0.026296189226432426,0.0032870236533040532,0.7419665636193777,0.755103748880622,0.6953125,0.8203125,64,0.023393909758490768,0.21106526720740457,0.02638315840092557,-0.029328625313825296,0.07611644483080683,-0.4639175257731959,0.44,64,0.17214295616386122,0.12247833837563275,0.015309792296954094,0.1415487775192862,0.20273713480843622,0,0.4639175257731959,64,95.81249999999999,3.3659122209833505,0.4207390276229188,94.97172014328035,96.65327985671962,89,105,64,49.09374999999998,10.557053987211056,1.319631748401382,46.45667637597197,51.730823624027984,26,72,64,46.718750000000014,9.901849674890391,1.2377312093612989,44.245341543590115,49.19215845640991,26,71,64,6488.515625000001,2989.6950260784683,373.71187825980854,5741.712027451853,7235.319222548149,1584,14620,64,6392.703125000001,2989.2238344909024,373.6529793113628,5646.017227608443,7139.389022391559,1494,14520,64,0.08595624999999525,0.015306579921326858,0.0019133224901658572,0.0821327800969801,0.08977971990301041,0.07360000000016953,0.17299999999977445,64,0,0,0,0,0,0,0,64,0,0,0,0,0,0,0,64,3244.4374999999995,1494.8615041757769,186.8576880219721,2871.0322063440017,3617.8427936559974,792,7310,64,3244.0781249999995,1494.8335608862897,186.8541951107862,2870.679811370036,3617.476438629963,792,7310,64,0.9815307318634214,0.009772478032573749,0.0012215597540717186,0.9790896394817482,0.9839718242450947,0.9431818181818182,0.9931600547195623,64,67.64810119464634,31.078272859206265,3.884784107400783,59.88497961388714,75.41122277540555,17.6,146.2,64,0.5000326769291386,0.000051487432892546066,0.000006435929111568258,0.5000198157510661,0.500045538107211,0.5,0.5001978630787495,64,0.25146484374999994,0.02629618922643244,0.003287023653304055,0.24489625111937782,0.25803343638062204,0.1796875,0.3046875,0,0,0,0.05662405979280534,64,0,0.19770115743826605,1
atlas,36,16,2,periodic,64,64,0.8671874999999999,0.017607380306844094,0.0022009225383555118,0.8627893072606564,0.8715856927393434,0.8359375,0.9140625,64,1,0,0,1,1,1,1,64,1,0,0,1,1,1,1,64,110.99999999999999,2.253744679276044,0.2817180849095055,110.43703132936402,111.56296867063595,107,117,64,110.99999999999999,2.253744679276044,0.2817180849095055,110.43703132936402,111.56296867063595,107,117,64,0,0,0,0,0,0,0,64,1019.9374999999999,274.4322783435385,34.30403479294231,951.3863565012214,1088.4886434987784,612,1862,64,908.9375,274.45888320735503,34.30736040091938,840.3797108039724,977.4952891960276,505,1752,64,0.04145781249999869,0.01583994152513908,0.001979992690642385,0.0375011128323933,0.04541451216760408,0.03310000000001878,0.09759999999999991,64,0,0,0,0,0,0,0,64,4.390624999999998,2.1793925722840717,0.27242407153550896,3.8462289330920223,4.935021066907974,0,9,64,1019.9374999999999,274.4322783435385,34.30403479294231,951.3863565012214,1088.4886434987784,612,1862,64,0,0,0,0,0,0,0,64,0.883610020086232,0.029795068038128036,0.0037243835047660045,0.8761674335327626,0.8910526066397014,0.8206349206349206,0.9409237379162191,64,9.192561694054643,2.4920816208694228,0.31151020260867784,8.570058226772874,9.815065161336411,5.575221238938053,16.927272727272726,64,1,0,0,1,1,1,1,64,0.1328125,0.017607380306844094,0.0022009225383555118,0.12841430726065653,0.13721069273934347,0.0859375,0.1640625,62,0.96875,0.8930270822904169,0.9913878616538281,2,0,1,0
atlas,36,16,3,periodic,64,64,0.8239746093749998,0.02178663193782362,0.0027233289922279527,0.8185324706392085,0.829416748110791,0.7734375,0.87890625,64,1,0,0,1,1,1,1,64,1,0,0,1,1,1,1,64,70.31249999999997,1.859125925360948,0.2323907406701185,69.84810416121245,70.7768958387875,66,75,64,70.31249999999997,1.859125925360948,0.2323907406701185,69.84810416121245,70.7768958387875,66,75,64,0,0,0,0,0,0,0,64,902.2656249999998,386.02492896667985,48.25311612083498,805.8394667527745,998.6917832472251,281,2647,64,831.953125,385.80023738287474,48.22502967285934,735.5830930404597,928.3231569595403,211,2577,64,0.036254687499999626,0.01881924824913734,0.0023524060311421674,0.03155377915549794,0.040955595844501314,0.028300000000001546,0.120900000000006,64,0,0,0,0,0,0,0,64,1.2343749999999996,1.3886408508676433,0.17358010635845542,0.8875028360888371,1.581247163911162,0,7,64,902.2656249999998,386.02492896667985,48.25311612083498,805.8394667527745,998.6917832472251,281,2647,64,0,0,0,0,0,0,0,64,0.9098507701647495,0.0352430238203424,0.0044053779775428,0.9010473247470977,0.9186542155824012,0.7508896797153025,0.9735549678881753,64,12.823242534708154,5.474170408091931,0.6842713010114914,11.455835451813481,14.190649617602826,4.014285714285714,37.81428571428572,64,1,0,0,1,1,1,1,64,0.17602539062499994,0.02178663193782362,0.0027233289922279527,0.1705832518892087,0.1814675293607912,0.12109375,0.2265625,40,0.625,0.502503786840045,0.7333401982117536,24,0,1,0
atlas,36,16,4,periodic,64,64,0.8037109375000001,0.028373980603673132,0.0035467475754591415,0.796623328025873,0.8107985469741272,0.75,0.890625,64,1,0,0,1,1,1,1,64,1,0,0,1,1,1,1,64,51.43750000000001,1.8159347586350805,0.22699184482938506,50.98389299365587,51.89110700634414,48,57,64,51.43750000000001,1.8159347586350805,0.22699184482938506,50.98389299365587,51.89110700634414,48,57,64,0,0,0,0,0,0,0,64,625.984375,321.86956306087717,40.233695382609646,545.5837503415019,706.3849996584981,213,1598,64,574.5468750000002,321.16750955915296,40.14593869489412,494.32161808844137,654.7721319115591,163,1546,64,0.03445312499999886,0.029116432761343635,0.0036395540951679544,0.027180056494927374,0.041726193505070355,0.022000000000048203,0.19020000000000437,64,0,0,0,0,0,0,0,64,0.37500000000000006,0.9511897312113418,0.11889871640141772,0.1373998745613721,0.612600125438628,0,5,64,625.984375,321.86956306087717,40.233695382609646,545.5837503415019,706.3849996584981,213,1598,64,0,0,0,0,0,0,0,64,0.8966088348841584,0.04823974775726881,0.006029968469658601,0.884558904421118,0.9086587653471989,0.7652582159624414,0.967459324155194,64,12.098770650267697,6.076537479816761,0.7595671849770951,10.580896749759622,13.616644550775773,4.26,30.73076923076923,64,1,0,0,1,1,1,1,64,0.1962890625,0.02837398060367313,0.003546747575459141,0.18920145302587288,0.20337667197412712,0.109375,0.25,13,0.203125,0.12273417819183653,0.3171363573101416,51,0,1,0
atlas,36,16,8,periodic,64,64,1,0,0,1,1,1,1,64,1,0,0,1,1,1,1,64,1,0,0,1,1,1,1,64,32,0,0,32,32,32,32,64,32,0,0,32,32,32,32,64,0,0,0,0,0,0,0,64,857.5624999999999,304.1362411397286,38.017030142466076,781.5915273600772,933.5334726399226,410,1855,64,825.5624999999999,304.1362411397286,38.017030142466076,749.5915273600772,901.5334726399226,378,1823,64,0.025098437499998735,0.0034476811709260695,0.0004309601463657587,0.02423723236730537,0.025959642632692098,0.022199999999998,0.039700000000038926,64,0,0,0,0,0,0,0,64,0,0,0,0,0,0,0,64,857.5624999999999,304.1362411397286,38.017030142466076,781.5915273600772,933.5334726399226,410,1855,64,0,0,0,0,0,0,0,64,0.9582952494268604,0.013821648101093613,0.0017277060126367017,0.9548427044562516,0.9617477943974692,0.9219512195121952,0.9827493261455525,64,26.798828124999996,9.504257535616519,1.1880321919520649,24.424735230002412,29.17292101999758,12.8125,57.96875,64,1,0,0,1,1,1,1,64,0,0,0,0,0,0,0,0,0,0,0.05662405979280534,64,0,1,0
atlas,36,32,2,periodic,64,64,0.8641052246093751,0.009866202600899383,0.001233275325112423,0.8616407205271125,0.8665697286916377,0.841796875,0.892578125,64,1,0,0,1,1,1,1,64,1,0,0,1,1,1,1,64,442.42187500000006,5.051495731660484,0.6314369664575605,441.1600489098816,443.6837010901185,431,457,64,442.42187500000006,5.051495731660484,0.6314369664575605,441.1600489098816,443.6837010901185,431,457,64,0,0,0,0,0,0,0,64,5729.078125000001,1305.6916588863226,163.21145736079032,5402.926052752039,6055.230197247963,3867,9845,64,5286.65625,1306.4000726429815,163.3000090803727,4960.327221260687,5612.985278739313,3431,9403,64,0.19422968749999828,0.049522262685472614,0.006190282835684077,0.18185939433978057,0.20659998066021598,0.1333999999999378,0.3318000000001575,64,0,0,0,0,0,0,0,64,19.656249999999996,4.765013865966933,0.5956267332458667,18.4659849507456,20.846515049254393,9,29,64,5729.078125000001,1305.6916588863226,163.21145736079032,5402.926052752039,6055.230197247963,3867,9845,64,0,0,0,0,0,0,0,64,0.9189758389147019,0.017434619500804063,0.002179327437600508,0.914620800540717,0.9233308772886868,0.8872510990431859,0.9551041137633316,64,12.95556316302954,2.982922426962059,0.37286530337025736,12.210451310405462,13.700675015653617,8.869266055045872,22.273755656108598,64,1,0,0,1,1,1,1,64,0.135894775390625,0.00986620260089939,0.0012332753251124238,0.1334302713083624,0.1383592794728876,0.107421875,0.158203125,64,1,0.9433759402071946,1,0,0,1,0
atlas,36,32,3,periodic,64,64,0.8231048583984376,0.01072860453522355,0.0013410755669029438,0.8204249327225115,0.8257847840743637,0.802734375,0.84375,64,1,0,0,1,1,1,1,64,1,0,0,1,1,1,1,64,280.953125,3.6620303480229723,0.45775379350287154,280.03837703595053,281.86787296404947,274,288,64,280.953125,3.6620303480229723,0.45775379350287154,280.03837703595053,281.86787296404947,274,288,64,0,0,0,0,0,0,0,64,4692.796875,1110.5044353546998,138.81305441933748,4415.401120522701,4970.192629477299,3021,8660,64,4411.843749999999,1110.704941585255,138.83811769815688,4134.397910556507,4689.289589443491,2734,8382,64,0.11978749999999036,0.02202525606576922,0.0027531570082211525,0.11428575473053694,0.12528924526944377,0.09849999999983083,0.19499999999993634,64,0,0,0,0,0,0,0,64,5.218749999999999,2.7340809082209714,0.3417601135276214,4.535796909321265,5.901703090678733,0,13,64,4692.796875,1110.5044353546998,138.81305441933748,4415.401120522701,4970.192629477299,3021,8660,64,0,0,0,0,0,0,0,64,0.9370415305304018,0.01388693509512154,0.0017358668868901926,0.9335726773539099,0.9405103837068938,0.9049983449189011,0.9678983833718244,64,16.708632348432634,3.989334511530151,0.4986668139412689,15.712126236924153,17.705138459941114,10.526132404181185,31.151079136690647,64,1,0,0,1,1,1,1,64,0.17689514160156253,0.010728604535223561,0.0013410755669029451,0.1742152159256364,0.17957506727748865,0.15625,0.197265625,63,0.984375,0.9166589839990573,0.9972364580766624,1,0,1,0
atlas,36,32,4,periodic,64,64,0.8037109375000001,0.012927492822837843,0.0016159366028547304,0.8004817458723723,0.8069401291276279,0.77734375,0.828125,64,1,0,0,1,1,1,1,64,1,0,0,1,1,1,1,64,205.75000000000003,3.309438162646488,0.413679770330811,204.9233269433273,206.57667305667275,199,212,64,205.75000000000003,3.309438162646488,0.413679770330811,204.9233269433273,206.57667305667275,199,212,64,0,0,0,0,0,0,0,64,3707.078124999999,1131.3176655856967,141.41470819821208,3424.4833802987728,3989.6728697012254,1844,7085,64,3501.328125,1130.8507831715037,141.35634789643797,3218.8500040558824,3783.8062459441176,1636,6877,64,0.10686718749997225,0.023713227536905343,0.002964153442113168,0.10094379950234511,0.11279057549759938,0.09169999999994616,0.2341999999998734,64,0,0,0,0,0,0,0,64,1.59375,1.64961515473463,0.20620189434182876,1.1816883945921468,2.005811605407853,0,7,64,3707.078124999999,1131.3176655856967,141.41470819821208,3424.4833802987728,3989.6728697012254,1844,7085,64,0,0,0,0,0,0,0,64,0.9396525214406479,0.01725577422007858,0.0021569717775098223,0.9353421572885771,0.9439628855927188,0.8872017353579176,0.9706422018348624,64,18.00958732479858,5.466969110014899,0.6833711387518624,16.64397907264217,19.37519557695499,8.865384615384615,34.0625,64,1,0,0,1,1,1,1,64,0.19628906249999994,0.012927492822837843,0.0016159366028547304,0.1930598708723721,0.19951825412762778,0.171875,0.22265625,43,0.671875,0.549991058490915,0.7742944209553081,21,0,1,0
atlas,36,32,8,periodic,64,64,0.7708740234374999,0.013993069306428858,0.0017491336633036073,0.7673786587238325,0.7743693881511673,0.75,0.8125,64,1,0,0,1,1,1,1,64,1,0,0,1,1,1,1,64,98.67187499999999,1.7911128712228939,0.22388910890286173,98.22446831665056,99.11928168334941,96,104,64,98.67187499999999,1.7911128712228939,0.22388910890286173,98.22446831665056,99.11928168334941,96,104,64,0,0,0,0,0,0,0,64,2390.0156250000005,1024.7743923945113,128.09679904931392,2134.034598092625,2645.996651907376,894,5481,64,2291.343750000001,1023.9705665839027,127.99632082298784,2035.5635128059334,2547.1239871940684,798,5380,64,0.08357187499999699,0.018818451505482676,0.0023523064381853346,0.0788711656761387,0.08827258432385529,0.07119999999986248,0.17799999999988358,64,0,0,0,0,0,0,0,64,0,0,0,0,0,0,0,64,2390.0156250000005,1024.7743923945113,128.09679904931392,2134.034598092625,2645.996651907376,894,5481,64,0,0,0,0,0,0,0,64,0.950629463350797,0.021580374211019646,0.0026975467763774557,0.9452388462622159,0.9560200804393781,0.8926174496644296,0.9815727057106367,64,24.146251682345905,10.204319528489904,1.275539941061238,21.597288504518726,26.695214860173085,9.3125,54.26732673267327,64,1,0,0,1,1,1,1,64,0.22912597656249997,0.01399306930642886,0.0017491336633036075,0.22563061184883257,0.23262134127616738,0.1875,0.25,0,0,0,0.05662405979280534,64,0,1,0
atlas,37,16,2,periodic,64,64,0.8397216796875,0.023208712513165974,0.002901089064145747,0.8339243157931541,0.8455190435818459,0.7890625,0.890625,64,-0.12279272870036548,0.0857953387784787,0.010724417347309837,-0.14422376668040737,-0.10136169072032357,-0.27927927927927926,0.0784313725490196,64,0.13138958200098833,0.07170067581598595,0.008962584476998244,0.11347928607483575,0.1492998779271409,0,0.27927927927927926,64,107.484375,2.9707152016852447,0.3713394002106556,106.74231242152372,108.22643757847628,101,114,64,47.109375,4.429759345285347,0.5537199181606683,46.00285403833827,48.21589596166173,39,57,64,60.37499999999999,5.307975430859036,0.6634969288573795,59.0491071872263,61.70089281277369,47,71,64,1061.1093749999998,299.9314798568616,37.4914349821077,986.1887204779739,1136.0300295220256,653,2001,64,953.6249999999997,299.39868307755023,37.42483538469378,878.8374341536015,1028.4125658463977,551,1890,64,0.03864218749999979,0.013325411988478074,0.0016656764985597593,0.035313598622203846,0.04197077637779574,0.03170000000000073,0.09889999999998622,64,10.84375,3.912611882877184,0.489076485359648,9.866408630912268,11.821091369087732,3,22,64,0,0,0,0,0,0,0,64,108.484375,2.9707152016852447,0.3713394002106556,107.74231242152372,109.22643757847628,102,115,64,952.6249999999997,299.39868307755023,37.42483538469378,877.8374341536015,1027.4125658463977,550,1889,64,0.8915938435464213,0.02693934105276963,0.003367417631596204,0.8848645963696035,0.8983230907232392,0.8414096916299559,0.9445277361319341,64,9.865487351774801,2.7469975657698544,0.3433746957212318,9.179307776039343,10.55166692751026,6.305555555555555,18.027027027027028,64,0.10941621728445984,0.027193722975686733,0.0033992153719608416,0.1026234273939108,0.11620900717500889,0.0559720139930035,0.16005873715124816,64,0.16027832031250003,0.02320871251316598,0.0029010890641457477,0.15448095641815404,0.166075684206846,0.109375,0.2109375,64,1,0.9433759402071946,1,0,0,0.14635174043912408,0
atlas,37,16,3,periodic,64,64,0.7532958984375,0.02742086940438431,0.003427608675548039,0.7464463690572566,0.7601454278177434,0.69140625,0.8203125,64,-0.16579247199556388,0.12325365817033014,0.015406707271291268,-0.1965803197625342,-0.13500462422859355,-0.45454545454545453,0.09375,64,0.17488732783682948,0.10974447183378269,0.013718058979222836,0.14747397441395788,0.20230068125970108,0,0.45454545454545453,64,64.28125,2.339914189174124,0.2924892736467655,63.69675682621923,64.86574317378077,59,70,64,26.750000000000004,3.638419332360585,0.45480241654507314,25.84114989218158,27.658850107818427,18,35,64,37.53125000000001,4.734100373799266,0.5917625467249082,36.348706911334304,38.71379308866571,28,48,64,831.9843749999999,285.99603128490133,35.74950391061267,760.5446919604191,903.4240580395807,410,1513,64,767.7031250000002,285.28157517255914,35.66019689656989,696.4419077873125,838.9643422126879,347,1449,64,0.03650000000000108,0.019762076878198753,0.002470259609774844,0.03156358007123656,0.0414364199287656,0.02559999999999718,0.12880000000001246,64,12.640624999999998,5.07207476880196,0.634009346100245,11.37365841935082,13.907591580649177,2,27,64,0,0,0,0,0,0,0,64,65.28125,2.339914189174124,0.2924892736467655,64.69675682621923,65.86574317378077,60,71,64,766.7031250000002,285.28157517255914,35.66019689656989,695.4419077873125,837.9643422126879,346,1448,64,0.9145120317721431,0.02614434206118214,0.0032680427576477675,0.9079813694348443,0.921042694109442,0.8463414634146341,0.9576999339061467,64,12.910674705536518,4.337383072784377,0.5421728840980471,11.827228650187996,13.99412076088504,6.507936507936508,23.640625,64,0.08682330892056171,0.026565838250316443,0.0033207297812895553,0.08018735996785478,0.09345925787326864,0.04296100462656973,0.15609756097560976,64,0.24670410156250006,0.027420869404384297,0.003427608675548037,0.23985457218225661,0.25355363094274347,0.1796875,0.30859375,64,1,0.9433759402071946,1,0,0,0.19778828597424902,0
atlas,37,16,4,periodic,64,64,0.691162109375,0.041642681666205494,0.005205335208275687,0.6807600769908921,0.7015641417591079,0.609375,0.828125,64,-0.1337882882378523,0.17328462477099285,0.021660578096374106,-0.17707349962227326,-0.09050307685343134,-0.4666666666666667,0.2857142857142857,64,0.18351809412232603,0.11831105942107359,0.014788882427634199,0.15396487078861215,0.2130713174560399,0,0.4666666666666667,64,44.234375,2.6651316266371516,0.33314145332964396,43.5686449274171,44.9001050725829,39,53,64,19.046874999999993,3.363811554561756,0.4204764443202195,18.206619874139935,19.88713012586005,12,27,64,25.187500000000004,4.696756733057804,0.5870945916322255,24.014285075246672,26.360714924753335,15,35,64,682.3281250000001,274.8025007792393,34.350312597404915,613.6845026883452,750.971747311655,208,1642,64,638.09375,274.0215330867961,34.252691635849516,569.6452076136211,706.5422923863789,167,1594,64,0.026381249999992917,0.014458916895042981,0.0018073646118803726,0.022769520020955118,0.029992979979030717,0.019400000000018736,0.11199999999996635,64,15.421875,6.020611917167793,0.7525764896459741,13.917970889392514,16.925779110607486,4,32,64,0,0,0,0,0,0,0,64,45.234375,2.6651316266371516,0.33314145332964396,44.5686449274171,45.9001050725829,40,54,64,637.09375,274.0215330867961,34.252691635849516,568.6452076136211,705.5422923863789,166,1593,64,0.9239242932088496,0.03271041047938323,0.004088801309922904,0.9157534757809188,0.9320951106367804,0.8028846153846154,0.9707673568818515,64,15.366138659745369,5.927054605023189,0.7408818256278986,13.885604470376363,16.846672849114377,5.073170731707317,34.208333333333336,64,0.07781252390162742,0.03350744328766354,0.004188430410957942,0.06944261360188339,0.08618243420137145,0.02984165651644336,0.20192307692307693,64,0.30883789062499994,0.041642681666205494,0.005205335208275687,0.298435858240892,0.31923992300910786,0.171875,0.390625,64,1,0.9433759402071946,1,0,0,0.20820668730357925,0
atlas,37,16,8,periodic,64,64,0.5439453125000001,0.10778230253424415,0.013472787816780518,0.5170220943849482,0.570868530615052,0.28125,0.78125,64,-0.04784005427593897,0.3861078100612935,0.04826347625766169,-0.1442869156046112,0.04860680705273325,-0.7142857142857143,1,64,0.3205640204112828,0.2168220862895829,0.027102760786197864,0.2664034747179825,0.3747245661045831,0,1,64,17.406250000000004,3.4490336810958127,0.4311292101369766,16.54470702031834,18.267792979681666,9,25,64,7.765625,2.32134462607685,0.2901680782596063,7.1857703650685,8.3454796349315,3,13,64,9.640625000000005,4.831665352584455,0.6039581690730569,8.433710904754724,10.847539095245287,0,18,64,355.2031250000001,224.06611692084132,28.008264615105166,299.2330742939866,411.17317570601364,13,991,64,337.796875,222.6600497796072,27.8325062224509,282.17804941571575,393.41570058428425,1,973,64,0.018926562500002575,0.011018588078071384,0.001377323509758923,0.01617420109028437,0.02167892390972078,0.010400000000004184,0.09820000000001983,64,26.265625,19.64707837038534,2.4558847962981676,21.3579308437971,31.1733191562029,0,76,64,0,0,0,0,0,0,0,64,18.39062499999999,3.4439603794524265,0.4304950474315533,17.53034929336313,19.25090070663685,10,26,64,336.8124999999999,222.67114872877104,27.83389359109638,281.190901980704,392.4340980192958,0,972,64,0.9124028394530345,0.12138874112844075,0.015173592641055094,0.8820808341027198,0.9427248448033492,0.07692307692307693,0.9847133757961783,64,20.05578853418501,12.629093859126698,1.5786367323908372,16.901134749935945,23.210442318434072,1.0833333333333333,65.41666666666667,64,0.0933794503068489,0.13144945928453888,0.01643118241056736,0.060544352334258575,0.12621454827943923,0.016560509554140127,1,64,0.45605468750000006,0.10778230253424413,0.013472787816780516,0.42913146938494817,0.48297790561505194,0.21875,0.71875,63,0.984375,0.9166589839990573,0.9972364580766624,1,0,0.3658094294821495,1
atlas,37,32,2,periodic,64,64,0.8375244140625002,0.011877209705579614,0.0014846512131974517,0.8345575753516652,0.8404912527733353,0.814453125,0.86328125,64,-0.11996496844774496,0.048764212076042944,0.006095526509505368,-0.13214590619969943,-0.10778403069579048,-0.2374429223744292,-0.019138755980861243,64,0.11996496844774496,0.048764212076042944,0.006095526509505368,0.10778403069579048,0.13214590619969943,0.019138755980861243,0.2374429223744292,64,428.8125000000001,6.081131369256762,0.7601414211570953,427.2934785800526,430.33152141994765,417,442,64,188.62499999999994,9.686351058339605,1.2107938822924507,186.20542149637888,191.044578503621,167,210,64,240.18750000000009,12.274473447472126,1.5343091809340157,237.12142775897786,243.2535722410223,213,271,64,5648.593749999999,1207.2669871958794,150.90837339948493,5347.027429229951,5950.160070770047,3113,9176,64,5219.781250000001,1206.4194099311937,150.80242624139922,4918.42664773132,5521.135852268681,2691,8747,64,0.15374062499999042,0.032777797938528336,0.004097224742316042,0.1455529746856012,0.16192827531437964,0.12579999999979918,0.26539999999999964,64,44.84375000000001,7.832003433207738,0.9790004291509673,42.88737375128243,46.80012624871758,26,67,64,0,0,0,0,0,0,0,64,429.8125000000001,6.081131369256762,0.7601414211570953,428.2934785800526,431.33152141994765,418,443,64,5218.781250000001,1206.4194099311937,150.80242624139922,4917.42664773132,5520.135852268681,2690,8746,64,0.9207330242497895,0.016677668027078214,0.002084708503384777,0.916567066728138,0.924898981771441,0.8644394474783167,0.9532476024411508,64,13.169568538378558,2.7966595345581005,0.34958244181976256,12.47098377193673,13.868153304820385,7.376777251184834,21.38927738927739,64,0.07945192466198171,0.016716999267919627,0.0020896249084899534,0.07527614248868505,0.08362770683527837,0.0468613775065388,0.13588178605846452,64,0.16247558593749997,0.01187720970557963,0.0014846512131974539,0.15950874722666492,0.16544242464833503,0.13671875,0.185546875,64,1,0.9433759402071946,1,0,0,0.13014085394518593,0
atlas,37,32,3,periodic,64,64,0.7534332275390625,0.015846252703783092,0.0019807815879728866,0.7494749513859377,0.7573915036921873,0.720703125,0.7939453125,64,-0.16360471777470828,0.0641923253850499,0.008024040673131238,-0.1796394835666618,-0.14756995198275477,-0.3155893536121673,-0.027237354085603113,64,0.16360471777470828,0.0641923253850499,0.008024040673131238,0.14756995198275477,0.1796394835666618,0.027237354085603113,0.3155893536121673,64,257.171875,5.4088542562246404,0.6761067820280801,255.82078340640007,258.52296659359996,246,271,64,107.46874999999997,7.498081765273709,0.9372602206592137,105.59578490216474,109.3417150978352,90,125,64,149.70312500000003,10.16636172454461,1.2707952155680762,147.16364339948896,152.2426066005111,132,173,64,4578.812500000001,999.2252534553244,124.90315668191555,4329.21345811371,4828.411541886292,2756,7295,64,4321.640624999999,998.2324755029811,124.77905943787263,4072.289571667694,4570.991678332304,2506,7041,64,0.1428171874999969,0.03752981694891566,0.004691227118614458,0.1334425181546969,0.15219185684529687,0.10590000000001965,0.3287000000000262,64,50.32812499999999,9.154848984043095,1.144356123005387,48.04131176431648,52.6149382356835,29,68,64,0,0,0,0,0,0,0,64,258.171875,5.4088542562246404,0.6761067820280801,256.82078340640004,259.52296659359996,247,272,64,4320.640624999999,998.2324755029811,124.77905943787263,4071.289571667694,4569.991678332304,2505,7040,64,0.9411315791519722,0.01311132959237712,0.00163891619904714,0.9378564664656224,0.944406691838322,0.909288824383164,0.9651816312542838,64,17.797137880638434,3.8346619931817942,0.4793327491477243,16.839267814658616,18.755007946618253,11.024,28.72047244094488,64,0.05909753842557354,0.013162964578507581,0.0016453705723134477,0.05580952770344903,0.06238554914769805,0.03495544893762851,0.09107402031930334,64,0.24656677246093744,0.01584625270378311,0.0019807815879728887,0.24260849630781262,0.2505250486140623,0.2060546875,0.279296875,64,1,0.9433759402071946,1,0,0,0.17700006910149932,0
atlas,37,32,4,periodic,64,64,0.6934204101562501,0.02255266098848299,0.0028190826235603736,0.6877869230568737,0.6990538972556265,0.64453125,0.74609375,64,-0.17833909395063885,0.08133498817697596,0.010166873522121995,-0.1986559695005758,-0.1580222184007019,-0.33707865168539325,0.05813953488372093,64,0.1801559544157551,0.07716026284956681,0.009645032856195852,0.16088189422527438,0.19943001460623583,0.04,0.33707865168539325,64,177.51562500000003,5.773481213051645,0.7216851516314556,176.07345230255967,178.95779769744038,165,191,64,72.79687500000001,6.170024021717535,0.7712530027146919,71.25564885613439,74.33810114386564,59,91,64,104.71875000000003,9.580848539151358,1.1976060673939197,102.32552524155794,107.11197475844212,81,124,64,4124.984374999999,1153.1100319500003,144.13875399375004,3836.946059145866,4413.022690854132,2187,8236,64,3947.468749999999,1152.9408080835915,144.11760101044894,3659.472705009992,4235.464794990006,2010,8057,64,0.09365312500003854,0.024584993285365418,0.0030731241606706773,0.08751197639757033,0.09979427360250676,0.07769999999982247,0.2298000000000684,64,59.20312499999999,13.075094084459211,1.6343867605574014,55.93706367421901,62.469186325780974,37,95,64,0,0,0,0,0,0,0,64,178.51562500000003,5.773481213051645,0.7216851516314556,177.07345230255967,179.95779769744038,166,192,64,3946.468749999999,1152.9408080835915,144.11760101044894,3658.472705009992,4234.464794990006,2009,8056,64,0.9541468921066589,0.011061674828045213,0.0013827093535056516,0.951383767947026,0.9569100162662919,0.9190672153635117,0.9782661486158329,64,23.254090918821927,6.522991923507997,0.8153739904384997,21.62469601641176,24.883485821232092,12.35593220338983,46.01117318435754,64,0.04611149850523546,0.011123176706150524,0.0013903970882688155,0.0433330116335451,0.048889985376925814,0.021855269548324428,0.08139003200731595,64,0.30657958984375017,0.02255266098848301,0.002819082623560376,0.3009461027443737,0.3122130769431266,0.25390625,0.35546875,64,1,0.9433759402071946,1,0,0,0.19625739369432355,0
atlas,37,32,8,periodic,64,64,0.5616455078124998,0.05210411020670522,0.006513013775838152,0.5486302883302463,0.5746607272947533,0.4140625,0.6640625,64,-0.1903758208672358,0.193554966722701,0.024194370840337626,-0.23872441301826391,-0.1420272287162077,-0.6470588235294118,0.24528301886792453,64,0.2304837246335303,0.14253349694888354,0.017816687118610442,0.19487991643100416,0.26608753283605646,0,0.6470588235294118,64,71.89062499999997,6.669326106458268,0.8336657633072835,70.22467690627153,73.55657309372842,53,85,64,28.59375,5.073174861425848,0.634146857678231,27.326508624389465,29.860991375610535,15,41,64,43.29687499999999,10.262707473300587,1.2828384341625734,40.733326947509106,45.86042305249088,20,70,64,2736.859375,1447.146846655076,180.8933558318845,2375.3728481685157,3098.3459018314843,660,7163,64,2664.9687500000005,1446.3329104659222,180.79161380824027,2303.6855383792426,3026.2519616207583,589,7094,64,0.08049843749999042,0.03761072749786874,0.004701340937233593,0.0711035573009041,0.08989331769907673,0.05069999999977881,0.22800000000006548,64,92.17187500000001,44.102893648541965,5.512861706067746,81.15529994745482,103.1884500525452,20,250,64,0,0,0,0,0,0,0,64,72.89062499999997,6.669326106458268,0.8336657633072835,71.22467690627153,74.55657309372842,54,86,64,2663.9687500000005,1446.3329104659222,180.79161380824027,2302.6855383792426,3025.2519616207583,588,7093,64,0.9655572885604405,0.019087595310695354,0.002385949413836919,0.9607893491143666,0.9703252280065144,0.8924242424242425,0.9903671645958397,64,38.16752649170177,20.279850801459713,2.534981350182464,33.1017704850982,43.23328249830534,9.295774647887324,103.81159420289855,64,0.034926143821527984,0.019358884831109365,0.0024198606038886706,0.03009043826952855,0.03976184937352742,0.00977244171436549,0.10909090909090909,64,0.4383544921875,0.052104110206705176,0.006513013775838147,0.4253392727052466,0.4513697116697534,0.3359375,0.5859375,64,1,0.9433759402071946,1,0,0,0.26022694169279353,0
atlas,38,16,2,periodic,64,64,0.8958740234375002,0.018205484590366635,0.0022756855737958294,0.8913264286933544,0.900421618181646,0.8671875,0.9453125,64,0.004776721788348793,0.004384734625148851,0.0005480918281436063,0.003681447667145118,0.005871995909552468,0,0.009009009009009009,64,0.004776721788348793,0.004384734625148851,0.0005480918281436063,0.003681447667145118,0.005871995909552468,0,0.009009009009009009,64,114.67187500000003,2.3303020275669293,0.29128775344586616,114.08978287274937,115.25396712725069,111,121,64,57.609375,1.1767211305350216,0.1470901413168777,57.31543880720138,57.90331119279862,56,61,64,57.0625,1.2067929426165895,0.1508491178270737,56.76105209204267,57.36394790795733,55,60,64,1282.6249999999998,376.60680097375115,47.075850121718894,1188.5514201281394,1376.6985798718601,680,2880,64,1167.9531250000005,375.62592966633486,46.95324120829186,1074.1245594907157,1261.7816905092852,569,2764,64,0.040696875000000535,0.012675410124543759,0.0015844262655679698,0.03753065175688134,0.04386309824311973,0.03440000000000509,0.0870999999999924,64,1.3125,1.876124001723039,0.23451550021537987,0.8438581680700765,1.7811418319299235,0,6,64,0.7812500000000001,1.485044491877985,0.18563056148474813,0.41029692305414006,1.1522030769458602,0,6,64,637.6562500000001,334.44022023778535,41.80502752972317,554.115568606159,721.1969313938413,280,2537,64,644.9687499999998,243.96870530186175,30.49608816273272,584.0271806361243,705.9103193638753,233,1294,64,0.9041172237661058,0.024165077887753447,0.003020634735969181,0.8980809669090722,0.9101534806231394,0.836764705882353,0.9597222222222223,64,11.161733661698484,3.1854695572231515,0.39818369465289394,10.36602704130291,11.957440282094058,6.126126126126126,24.82758620689655,64,0.49020997100689995,0.1408197415403203,0.017602467692540036,0.4550342461684858,0.5253856958453141,0.19103313840155944,0.8809027777777778,64,0.10412597656250001,0.01820548459036663,0.002275685573795829,0.09957838181835425,0.10867357130664577,0.0546875,0.1328125,47,0.734375,0.6151712627143486,0.8270362092577739,17,1,0.005691707503951072,0
atlas,38,16,3,periodic,64,64,0.8192138671875,0.027913292828039952,0.003489161603504994,0.8122413340958093,0.8261864002791907,0.73828125,0.87890625,64,0.007599436484422191,0.007205347879350403,0.0009006684849188004,0.005799594135638228,0.009399278833206154,0,0.015873015873015872,64,0.007599436484422191,0.007205347879350403,0.0009006684849188004,0.005799594135638228,0.009399278833206154,0,0.015873015873015872,64,69.90624999999999,2.381934321326074,0.29774179016575925,69.31126050950905,70.50123949049092,63,75,64,35.218749999999986,1.2275766552213538,0.15344708190266923,34.91211047510238,35.52538952489759,32,38,64,34.6875,1.2067929426165889,0.1508491178270736,34.386052092042675,34.988947907957325,31,37,64,1072.59375,419.5478941859595,52.443486773244935,967.7938041898748,1177.393695810125,429,2421,64,1002.6875000000001,418.26823151186545,52.28352893898318,898.2072044151739,1107.1677955848263,364,2349,64,0.04404374999999926,0.036268723134096646,0.004533590391762081,0.03498409251695864,0.05310340748303988,0.028500000000008185,0.23419999999998709,64,1.3437500000000004,2.009649341599294,0.2512061676999118,0.8417545305540043,1.8457454694459967,0,8,64,1.1562499999999998,2.0871393805040417,0.2608924225630052,0.6348980947558954,1.6776019052441042,0,10,64,499.54687499999994,311.9069320739661,38.988366509245765,421.6348415179166,577.4589084820833,140,1936,64,573.0468749999998,333.1180938263843,41.63976172829804,489.83645095743856,656.2572990425609,128,1510,64,0.9258715891968804,0.02602330246970563,0.0032529128087132038,0.9193711616499438,0.932372016743817,0.8484848484848485,0.9702602230483272,64,15.252979984977426,5.654640912118004,0.7068301140147505,13.840492711467197,16.665467258487656,6.6,33.625,64,0.4708112745962875,0.18453909518971626,0.023067386898714532,0.42471478014657466,0.5169077690460004,0.14078549848942598,0.8118503118503119,64,0.1807861328125,0.027913292828039945,0.003489161603504993,0.17381359972080931,0.18775866590419069,0.12109375,0.26171875,52,0.8125,0.7002563943589847,0.8893535682705119,12,1,0.009103014454166936,0
atlas,38,16,4,periodic,64,64,0.7729492187500001,0.03454466942797248,0.00431808367849656,0.7643202170692633,0.7815782204307369,0.6875,0.84375,64,0.009505054196173316,0.010215477969922605,0.0012769347462403256,0.006953303722607848,0.012056804669738784,0,0.022222222222222223,64,0.009505054196173316,0.010215477969922605,0.0012769347462403256,0.006953303722607848,0.012056804669738784,0,0.022222222222222223,64,49.46875000000001,2.2108588433902385,0.2763573554237798,48.916493892432854,50.02100610756716,44,54,64,24.968750000000004,1.1264320691232141,0.14080400864040177,24.68737564098445,25.250124359015558,22,27,64,24.5,1.1408712905438987,0.14260891131798734,24.215018830788523,24.784981169211477,22,27,64,801.2656250000001,372.54518175705454,46.56814771963182,708.2066074217654,894.3246425782348,312,2003,64,751.7968750000003,371.52470830211047,46.44058853776381,658.9927641064633,844.6009858935374,262,1952,64,0.026498437499991923,0.012056026513637984,0.001507003314204748,0.023486931679503463,0.029509943320480382,0.021399999999971442,0.11969999999996617,64,1.5156250000000002,2.600318585487506,0.32503982318593827,0.866084743393769,2.1651652566062314,0,11,64,1.9687499999999996,3.182136399259476,0.3977670499074345,1.1738759776911052,2.763624022308894,0,15,64,416.890625,267.6795713658166,33.45994642072708,350.0262575168896,483.7549924831104,80,1392,64,384.375,262.42921948231157,32.803652435288946,318.8221313958031,449.9278686041969,68,1182,64,0.9265652469083798,0.029239127131078787,0.0036548908913848484,0.9192615302616357,0.9338689635551239,0.8397435897435898,0.9745381927109336,64,16.075204038437676,7.089981033749529,0.8862476292186912,14.304179470257083,17.84622860661827,6.24,39.27450980392157,64,0.5210767931117352,0.19883688347769019,0.024854610434711273,0.47140881741149276,0.5707447688119776,0.17968094038623006,0.8962264150943396,64,0.22705078125000006,0.0345446694279725,0.004318083678496562,0.2184217795692633,0.2356797829307368,0.15625,0.3125,55,0.859375,0.7538371825842297,0.9242142744396914,9,1,0.011636771898521527,0
atlas,38,16,8,periodic,64,64,0.66748046875,0.0940582214228884,0.01175727767786105,0.6439854240966563,0.6909755134033437,0.4375,0.9375,64,0.021721298931471896,0.02437928662334584,0.00304741082791823,0.01563153432432622,0.02781106353861757,0,0.06666666666666667,64,0.021721298931471896,0.02437928662334584,0.00304741082791823,0.01563153432432622,0.02781106353861757,0,0.06666666666666667,64,21.359375,3.009863085532429,0.3762328856915536,20.607533571093,22.111216428907,14,30,64,10.906250000000004,1.5089021553055433,0.1886127694131929,10.529337456044505,11.283162543955502,7,15,64,10.453125000000005,1.542310033065738,0.19278875413321725,10.067867416473536,10.838382583526474,7,15,64,446.5468749999999,264.795754155256,33.099469269407,380.40286362302476,512.6908863769751,55,1217,64,425.1875,263.3122279064901,32.91402848831126,359.4140624541252,490.9609375458748,38,1193,64,0.022278125000003254,0.011770618097476931,0.0014713272621846164,0.0193379120806637,0.025218337919342807,0.014400000000023283,0.08449999999993452,64,3.578125,6.920878665887483,0.8651098332359354,1.8493409465112793,5.30690905348872,0,32,64,5.359374999999999,8.111068642528524,1.0138835803160655,3.3332903360583286,7.38545966394167,0,43,64,252.578125,235.03088650032137,29.37886081254017,193.86915634522734,311.28709365477266,18,1078,64,193.96875,148.38313436335028,18.547891795418785,156.90374584692697,231.03375415307303,16,644,64,0.9247827587672609,0.060427767013484526,0.007553470876685566,0.9096883516776305,0.9398771658568913,0.6909090909090909,0.9802793755135579,64,20.41400496147928,11.480191479441464,1.435023934930183,17.54633845282066,23.281671470137898,3.235294117647059,50.708333333333336,64,0.5270004512879061,0.24925128949910197,0.031156411187387746,0.4647393316527026,0.5892615709231096,0.028708133971291867,0.9317460317460318,64,0.33251953125,0.0940582214228884,0.01175727767786105,0.3090244865966562,0.3560145759033438,0.0625,0.5625,60,0.9375,0.8500251490779133,0.9754287986033819,4,1,0.026808653338051953,0
atlas,38,32,2,periodic,64,64,0.897430419921875,0.009154304574230724,0.0011442880717788405,0.8951437426757165,0.8997170971680335,0.873046875,0.916015625,64,0.000986573128968928,0.0010925212409951496,0.0001365651551243937,0.0007136694427882189,0.0012594768151496369,0,0.0022371364653243847,64,0.000986573128968928,0.0010925212409951496,0.0001365651551243937,0.0007136694427882189,0.0012594768151496369,0,0.0022371364653243847,64,459.484375,4.687003942006131,0.5858754927507663,458.31359624996685,460.65515375003315,447,469,64,229.96875000000003,2.350067543777723,0.2937584429722154,229.3817205937009,230.55577940629917,224,235,64,229.51562500000003,2.3636948981263557,0.29546186226579446,228.92519158186562,230.10605841813444,223,234,64,7096.781250000001,1586.1251423711515,198.26564279639393,6700.578977811033,7492.983522188969,4691,13757,64,6637.296874999999,1584.621798347985,198.07772479349813,6241.4701269748875,7033.123623025111,4238,13299,64,0.2815015624999795,0.07739484928554162,0.009674356160692702,0.26216890436128204,0.30083422063867693,0.17439999999987776,0.49739999999997053,64,2.0000000000000004,3.285369202030541,0.4106711502538176,1.1793391908041726,2.8206608091958283,0,15,64,2.2812500000000004,3.062672087811609,0.38283401097645114,1.5162172748099305,3.0462827251900704,0,10,64,3778.0625,1384.920316027616,173.115039503452,3432.1196980401733,4124.005301959826,1546,8939,64,3318.7187499999986,1259.7203452410722,157.46504315513403,3004.0499702333173,3633.38752976668,1468,8997,64,0.9325378688431619,0.012941559125096721,0.0016176948906370902,0.9293051635577732,0.9357705741285507,0.9034321040289917,0.9667078578178382,64,15.435493937861242,3.4116590342262367,0.4264573792782796,14.583286867192314,16.28770100853017,10.35540838852097,30.03711790393013,64,0.5299479841164885,0.1390204136141474,0.017377551701768426,0.49522171802109444,0.5646742502118824,0.21765217391304348,0.7538514207463197,64,0.102569580078125,0.009154304574230714,0.0011442880717788392,0.10028290283196648,0.10485625732428352,0.083984375,0.126953125,56,0.875,0.7722543817887005,0.9352775733666955,8,1,0.0012145553023413247,0
atlas,38,32,3,periodic,64,64,0.8316650390625001,0.012887031087211103,0.0016108788859013879,0.8284459544757128,0.8348841236492874,0.796875,0.85546875,64,0.0013164330075868735,0.0017132142225945377,0.0002141517778243172,0.0008884848277076478,0.0017443811874660992,0,0.0036363636363636364,64,0.0013164330075868735,0.0017132142225945377,0.0002141517778243172,0.0008884848277076478,0.0017443811874660992,0,0.0036363636363636364,64,283.87500000000006,4.398773277768062,0.5498466597210078,282.77621912770996,284.97378087229015,272,292,64,142.125,2.2572634084745418,0.2821579260593177,141.5611523769621,142.6888476230379,136,146,64,141.75000000000003,2.1675822241411513,0.2709477780176439,141.20855407028145,142.2914459297186,136,146,64,6182.968749999997,1825.401864593631,228.17523307420387,5726.996930948698,6638.940569051297,3729,12822,64,5899.093750000001,1823.1651417050982,227.89564271313728,5443.680647702518,6354.506852297483,3454,12530,64,0.1558281249999922,0.03771984644025753,0.004714980805032192,0.14640598770008934,0.1652502622998951,0.12120000000004438,0.29980000000000473,64,1.984375,3.326145524119329,0.41576819051491615,1.1535285686035586,2.8152214313964414,0,15,64,3.5156249999999996,4.790838437738005,0.5988548047172506,2.3189091646501807,4.712340835349819,0,20,64,3322.078125,1688.2251627519386,211.02814534399232,2900.372026546142,3743.784223453858,1091,9459,64,2860.8906250000005,1440.4617548592885,180.05771935741106,2501.0739844142654,3220.7072655857355,885,8012,64,0.950748996003648,0.012108329926546556,0.0015135412408183195,0.9477244251793436,0.9537735668279524,0.9262536873156342,0.9772266417095616,64,21.735678682596905,6.218321773511402,0.7772902216889253,20.182388119290998,23.288969245902813,13.56,43.91095890410959,64,0.5345474451915269,0.18742648354364955,0.023428310442956193,0.4877297025906056,0.5813651877924482,0.20045586931746232,0.817854694996573,64,0.16833496093750006,0.012887031087211108,0.0016108788859013885,0.16511587635071268,0.17155404552428744,0.14453125,0.203125,58,0.90625,0.810171204003544,0.9563217474148016,6,1,0.00167393846126925,0
atlas,38,32,4,periodic,64,64,0.7947387695312501,0.01813498319685485,0.002266872899606856,0.7902087855112242,0.799268753551276,0.75,0.83984375,64,0.0031429770724748928,0.0023742519034838394,0.0002967814879354799,0.002549906592863795,0.0037360475520859904,0,0.0051813471502590676,64,0.0031429770724748928,0.0023742519034838394,0.0002967814879354799,0.002549906592863795,0.0037360475520859904,0,0.0051813471502590676,64,203.45312500000003,4.642555698394841,0.5803194622993552,202.2934490908734,204.61280090912666,192,215,64,102.04687500000003,2.3666310359490956,0.29582887949363695,101.45570815645941,102.63804184354065,96,108,64,101.40624999999997,2.3005779122122187,0.28757223902652734,100.83158273584979,101.98091726415015,96,107,64,5340.6875,1481.9964748903087,185.2495593612886,4970.495795044236,5710.879204955764,2269,9513,64,5137.234374999999,1480.8718661244693,185.10898326555866,4767.323588955641,5507.145161044357,2068,9306,64,0.09924843750000888,0.031772259999187036,0.0039715324998983795,0.09131196308952322,0.10718491191049453,0.083299999999781,0.27140000000008513,64,3.1875000000000004,4.492939787767909,0.5616174734709887,2.065197033374861,4.30980296662514,0,16,64,2.7499999999999996,4.950549111758867,0.6188186389698583,1.5133896252790306,3.9866103747209687,0,23,64,2462.671875,1145.0034456825883,143.12543071032354,2176.6585241458183,2748.6852258541817,807,5382,64,2878.0156250000005,1470.8793773145123,183.85992216431404,2510.600888394345,3245.430361605656,735,6127,64,0.9589682036242841,0.011715937170847223,0.0014644921463559028,0.9560416495940179,0.9618947576545503,0.9114147201410313,0.9786343139360103,64,26.223647208761022,7.180242152151193,0.8975302690188991,24.430076084041016,28.01721833348103,11.288557213930348,46.80402010050251,64,0.46976033266995604,0.20020504886129775,0.02502563110766222,0.41975059942534654,0.5197700659145655,0.19211065573770492,0.8798430603236881,64,0.20526123046874997,0.018134983196854845,0.0022668728996068557,0.20073124644872406,0.20979121448877588,0.16015625,0.25,57,0.890625,0.7910135867310387,0.945998866555832,7,1,0.0036384247477958334,0
atlas,38,32,8,periodic,64,64,0.7083740234375003,0.04029683464571044,0.005037104330713805,0.6983081736365282,0.7184398732384725,0.5859375,0.796875,64,0.005749725499102649,0.005644650719969156,0.0007055813399961445,0.0043397337013422466,0.007159717296863051,0,0.013333333333333334,64,0.005749725499102649,0.005644650719969156,0.0007055813399961445,0.0043397337013422466,0.007159717296863051,0,0.013333333333333334,64,90.67187500000004,5.157994834650936,0.644749354331367,89.38344622547561,91.96030377452448,75,102,64,45.59375,2.561737691489899,0.3202172114362374,44.95384696397403,46.23365303602597,38,51,64,45.078125,2.6204609281938316,0.32755761602422895,44.42355333588734,45.73269666411266,37,51,64,3219.4687499999995,1424.762881622485,178.09536020281064,2863.5735712718893,3575.36392872811,817,7248,64,3128.796874999999,1422.4828079937197,177.81035099921496,2773.4712417184255,3484.1225082815727,732,7153,64,0.08288906249995874,0.017544556585257193,0.002193069573157149,0.07850656265935017,0.08727156234056731,0.06740000000036162,0.20409999999992579,64,5.562500000000001,10.768671492541952,1.346083936567744,2.8725658959207703,8.252434104079232,0,47,64,4.484375000000001,7.9081878154106535,0.9885234769263317,2.508968458824553,6.459781541175449,0,46,64,1584.3593749999998,1083.1177714795565,135.38972143494456,1313.8046056159617,1854.9141443840379,175,5833,64,1635.109375,1263.2273748401888,157.9034218550236,1319.5645653043518,1950.6541846956482,297,5039,64,0.9667580846562306,0.014153324141188141,0.0017691655176485176,0.9632226894758839,0.9702934798365773,0.8959608323133414,0.98689293598234,64,35.236742580567366,14.78919066047615,1.8486488325595187,31.542512669580056,38.93097249155468,9.611764705882353,76.29473684210527,64,0.5030418263283138,0.25490000606893465,0.03186250075861683,0.4393696992762722,0.5667139533803555,0.05535279805352798,0.9034211323039661,64,0.2916259765625,0.040296834645710426,0.005037104330713803,0.28156012676152786,0.30169182636347214,0.203125,0.4140625,56,0.875,0.7722543817887005,0.9352775733666955,8,1,0.006927624555687075,0
atlas,39,16,2,periodic,64,64,0.851318359375,0.016585597920386726,0.0020731997400483407,0.847175400281718,0.855461318468282,0.8046875,0.8984375,64,-0.4637099735828391,0.03620284383677783,0.004525355479597229,-0.4727531749070366,-0.4546667722586416,-0.5514018691588785,-0.3888888888888889,64,0.4637099735828391,0.03620284383677783,0.004525355479597229,0.4546667722586416,0.4727531749070366,0.3888888888888889,0.5514018691588785,64,108.96875,2.122956533809501,0.2653695667261876,108.4384512360599,109.4990487639401,103,115,64,29.218749999999996,2.042941778688543,0.25536772233606786,28.708438327204654,29.72906167279534,24,34,64,79.75000000000003,2.526054706642828,0.3157568383303535,79.11901030838632,80.38098969161373,75,85,64,1062.3593750000002,307.25349480428116,38.406686850535145,985.6097355626779,1139.1090144373225,572,1941,64,953.3906249999998,306.88747832904284,38.360934791130354,876.7324137578898,1030.0488362421097,464,1831,64,0.04292968750000181,0.015898943557669614,0.0019873679447087018,0.038958249563184305,0.04690112543681932,0.03450000000000841,0.1033999999999935,64,8.468750000000002,2.9652417658866757,0.37065522073583446,7.728054645106612,9.209445354893392,1,15,64,0,0,0,0,0,0,0,64,80.75000000000003,2.526054706642828,0.3157568383303535,80.11901030838632,81.38098969161373,76,86,64,981.6093750000002,306.81697233674817,38.35212154209352,904.9687756307519,1058.2499743692485,494,1859,64,0.8894917703819988,0.02960450679777188,0.003700563349721485,0.882096784610084,0.8968867561539136,0.8111888111888111,0.9433281813498197,64,9.74325616604839,2.7856285626705057,0.3482035703338132,9.04742685439986,10.439085477696919,5.296296296296297,17.645454545454545,64,0.08183707751585563,0.02173886926209794,0.0027173586577622427,0.07640686954147961,0.08726728549023165,0.0422462648119526,0.13636363636363635,64,0.14868164062500003,0.016585597920386712,0.002073199740048339,0.14453868153171798,0.15282459971828208,0.1015625,0.1953125,64,1,0.9433759402071946,1,0,0,0.4712646120744918,0
atlas,39,16,3,periodic,64,64,0.774169921875,0.029222375515138534,0.003652796939392317,0.7668703896574167,0.7814694540925833,0.703125,0.83203125,64,-0.5220311450527437,0.06355799338037293,0.007944749172546617,-0.5379074594244017,-0.5061548306810858,-0.6716417910447762,-0.3548387096774194,64,0.5220311450527437,0.06355799338037293,0.007944749172546617,0.5061548306810858,0.5379074594244017,0.3548387096774194,0.6716417910447762,64,66.06250000000001,2.4936427106251524,0.31170533882814405,65.43960658409956,66.68539341590046,60,71,64,15.765625000000004,2.013779416838534,0.25172242710481674,15.262597868454728,16.268652131545277,11,21,64,50.296874999999986,3.2005936329335234,0.4000742041166904,49.49739049789689,51.096359502103084,42,57,64,847.9843749999999,262.32958139674923,32.791197674593654,782.4563952490478,913.512354750952,441,1702,64,781.9218749999998,261.94336627014724,32.742920783768405,716.4903689172506,847.3533810827489,373,1636,64,0.05084218750000246,0.04754275537649994,0.005942844422062493,0.03896636055350178,0.06271801444650314,0.028099999999994907,0.3317000000000121,64,8.468750000000002,4.301969833046768,0.537746229130846,7.394149908740188,9.543350091259816,1,21,64,0,0,0,0,0,0,0,64,51.296874999999986,3.2005936329335234,0.4000742041166904,50.49739049789689,52.096359502103084,43,58,64,796.6874999999999,261.8469730617242,32.73087163271553,731.2800722243027,862.0949277756971,387,1649,64,0.9155778957445411,0.023016241376517563,0.0028770301720646954,0.9098286097096487,0.9213271817794334,0.8458049886621315,0.9612220916568742,64,12.83056695941706,3.9173158873829883,0.48966448592287354,11.85205056496481,13.809083353869312,6.485294117647059,25.78787878787879,64,0.0654926764534905,0.018062460036194366,0.0022578075045242957,0.06098080817999203,0.07000454472698896,0.031139835487661575,0.12244897959183673,64,0.22583007812499997,0.029222375515138527,0.003652796939392316,0.21853054590741666,0.23312961034258328,0.16796875,0.296875,64,1,0.9433759402071946,1,0,0,0.5352941269722963,0
atlas,39,16,4,periodic,64,64,0.7299804687499998,0.03216285150973252,0.004020356438716565,0.7219464274831282,0.7380145100168714,0.671875,0.8125,64,-0.5562931099084614,0.08856467253507272,0.01107058406688409,-0.5784159068786999,-0.5341703129382228,-0.75,-0.3023255813953488,64,0.5562931099084614,0.08856467253507272,0.01107058406688409,0.5341703129382228,0.5784159068786999,0.3023255813953488,0.75,64,46.718749999999986,2.0584224966228812,0.25730281207786015,46.204571358920205,47.232928641079766,43,52,64,10.328124999999996,1.911159271726133,0.23889490896576662,9.850731618011904,10.805518381988088,6,15,64,36.39062499999999,3.0634413033462256,0.3829301629182782,35.62540013048633,37.15584986951366,28,43,64,685.34375,289.2736507870749,36.159206348384366,613.0853419686505,757.6021580313495,235,1415,64,638.6249999999998,288.71661835489425,36.08957729436178,566.5057345302409,710.7442654697586,189,1369,64,0.025362500000005287,0.00965315147158325,0.0012066439339479063,0.022951214506410474,0.0277737854936001,0.021200000000021646,0.09960000000000946,64,8.999999999999996,4.580843479549044,0.5726054349436305,7.855739344484421,10.144260655515572,1,19,64,0,0,0,0,0,0,0,64,37.39062499999999,3.0634413033462256,0.3829301629182782,36.62540013048633,38.15584986951366,29,44,64,647.9531250000001,288.5896427366049,36.07370534207561,575.8655770959837,720.0406729040166,195,1379,64,0.9198878137550308,0.033021002643016786,0.004127625330377098,0.9116394127130028,0.9281362147970589,0.8042553191489362,0.9684287812041116,64,14.626203222181058,6.064305152930535,0.7580381441163169,13.111384866016246,16.141021578345867,5.108695652173913,31.674418604651162,64,0.06404483880367838,0.027203878655992112,0.003400484831999014,0.05724951209966794,0.07084016550768882,0.024229074889867842,0.1702127659574468,64,0.27001953125000017,0.03216285150973251,0.004020356438716564,0.2619854899831286,0.27805357251687174,0.1875,0.328125,64,1,0.9433759402071946,1,0,0,0.5747743675453096,0
atlas,39,16,8,periodic,64,64,0.6396484374999999,0.09562748823145126,0.011953436028931407,0.6157614016609582,0.6635354733390416,0.4375,0.84375,64,-0.6002285902092405,0.17344574311769886,0.021680717889712358,-0.6435540477592072,-0.5569031326592737,-0.92,-0.14285714285714285,64,0.6002285902092405,0.17344574311769886,0.021680717889712358,0.5569031326592737,0.6435540477592072,0.14285714285714285,0.92,64,20.468749999999996,3.0600796234064402,0.38250995292580503,19.70436485315066,21.23313514684933,14,27,64,3.9218750000000004,1.4176292248143092,0.17720365310178865,3.5677617557239163,4.275988244276085,1,7,64,16.546875000000007,3.825269728014417,0.4781587160018021,15.591351052053948,17.502398947946066,8,24,64,485.3281250000001,323.2516860431851,40.406460755398136,404.58225629271504,566.0739937072851,73,1740,64,464.85937500000006,321.93871383583223,40.24233922947903,384.44147699185953,545.2772730081406,59,1720,64,0.021984374999991736,0.012540109854333665,0.0015675137317917082,0.018851948758794396,0.025116801241189077,0.014000000000010004,0.1109000000000151,64,9.734375000000005,8.446361454815724,1.0557951818519655,7.624536683507172,11.844213316492839,0,36,64,0,0,0,0,0,0,0,64,17.468750000000004,3.7837109104645217,0.4729638638080652,16.523607135805094,18.413892864194914,9,25,64,467.859375,321.52117939507997,40.190147424384996,387.5457739919662,548.1729760080337,64,1722,64,0.9364608951662574,0.044011007825882166,0.005501375978235271,0.9254672725093002,0.9474545178232147,0.7888888888888889,0.9885057471264368,64,23.238953304828716,15.100483578188467,1.8875604472735583,19.466964736583392,27.01094187307404,4.7368421052631575,87,64,0.05302189970394338,0.03579464544177234,0.004474330680221543,0.0440806633050123,0.06196313610287446,0.010344827586206896,0.17525773195876287,64,0.3603515625,0.09562748823145126,0.011953436028931407,0.33646452666095833,0.38423859833904167,0.15625,0.5625,59,0.921875,0.8298046264583709,0.9661688230914496,5,0,0.6364224288225246,0
atlas,39,32,2,periodic,64,64,0.8505249023437499,0.007881705737502083,0.0009852132171877604,0.8485561108288163,0.8524936938586835,0.830078125,0.8671875,64,-0.4710333355495867,0.023364822893991517,0.0029206028617489396,-0.4768696946568217,-0.4651969764423517,-0.528604118993135,-0.41818181818181815,64,0.4710333355495867,0.023364822893991517,0.0029206028617489396,0.4651969764423517,0.4768696946568217,0.41818181818181815,0.528604118993135,64,435.46874999999994,4.0354333376010665,0.5044291672001333,434.46072874435396,436.47677125564593,425,444,64,115.17187500000003,5.15645592421895,0.6445569905273687,113.88383063386404,116.45991936613602,103,128,64,320.2968750000001,6.022918365287764,0.7528647956609705,318.7923947557942,321.80135524420604,305,336,64,5735.406250000001,1073.6846617960928,134.2105827245116,5467.207801306276,6003.604698693725,3741,9188,64,5299.937499999998,1073.4707524423784,134.1838440552973,5031.792484273018,5568.082515726978,3301,8750,64,0.17802656249998353,0.03634838151539646,0.004543547689424558,0.16894700694533002,0.18710611805463703,0.13420000000019172,0.28559999999993124,64,33.4375,5.227749523395807,0.6534686904244759,32.13164702265684,34.74335297734316,21,46,64,0,0,0,0,0,0,0,64,321.2968750000001,6.022918365287764,0.7528647956609705,319.7923947557942,322.80135524420604,306,337,64,5414.109375,1073.5935076150815,134.1991884518852,5145.933695943218,5682.285054056782,3428,8861,64,0.9214664234507383,0.014628372140074567,0.0018285465175093209,0.9178123648109143,0.9251204820905622,0.8823843892007485,0.9523291249455812,64,13.170504040529329,2.4593721144764187,0.30742151430955234,12.556171164841432,13.784836916217225,8.502272727272727,20.977168949771688,64,0.0579487306282154,0.010882256398441741,0.0013602820498052177,0.05523042385882643,0.06066703739760437,0.03558989986939486,0.08366746859128575,64,0.14947509765625003,0.00788170573750211,0.0009852132171877638,0.14750630614131643,0.15144388917118362,0.1328125,0.169921875,64,1,0.9433759402071946,1,0,0,0.4759089964557136,0
atlas,39,32,3,periodic,64,64,0.7797546386718749,0.015220585545353903,0.0019025731931692378,0.7759526495248517,0.7835566278188981,0.7470703125,0.814453125,64,-0.5270614425773059,0.030560536074779425,0.003820067009347428,-0.5346952373572308,-0.519427647797381,-0.5971223021582733,-0.46923076923076923,64,0.5270614425773059,0.030560536074779425,0.003820067009347428,0.519427647797381,0.5346952373572308,0.46923076923076923,0.5971223021582733,64,266.15625,5.195293199480792,0.649411649935099,264.8585043711494,267.4539956288506,255,278,64,62.90625,3.7616222015643177,0.4702027751955397,61.96662473112099,63.84587526887901,55,69,64,203.25000000000003,6.75418741367514,0.8442734267093925,201.56285418243374,204.93714581756632,189,222,64,5010.46875,1252.2305428080208,156.5288178510026,4697.670867215498,5323.266632784502,3108,8987,64,4744.312500000002,1252.0734026228477,156.50917532785596,4431.553869665861,5057.071130334142,2846,8726,64,0.20278437499998955,0.0554373354760405,0.006929666934505063,0.1889365406186027,0.2166322093813764,0.15180000000009386,0.4257999999999811,64,33.17187500000001,7.308517943044918,0.9135647428806147,31.346261536084146,34.99748846391587,18,49,64,0,0,0,0,0,0,0,64,204.25000000000003,6.75418741367514,0.8442734267093925,202.56285418243374,205.93714581756632,190,223,64,4806.218750000001,1252.7174711402408,156.5896838925301,4493.2992361370525,5119.138263862949,2906,8787,64,0.9440248218969222,0.012175201203971728,0.001521900150496466,0.9409835471245167,0.9470660966693276,0.9157014157014157,0.970958050517414,64,18.829555632436538,4.7241526756128165,0.5905190844516021,17.649497404844677,20.0096138600284,11.86259541984733,34.43295019157088,64,0.042992010433653804,0.009614391050385678,0.0012017988812982098,0.04059040700519953,0.04539361386210808,0.022254367419606097,0.06580915345498056,64,0.220245361328125,0.015220585545353901,0.0019025731931692376,0.21644337218110177,0.22404735047514823,0.185546875,0.2529296875,64,1,0.9433759402071946,1,0,0,0.5334386709297794,0
atlas,39,32,4,periodic,64,64,0.7403564453125,0.015023916241680835,0.0018779895302101044,0.7366035826958517,0.7441093079291483,0.7109375,0.77734375,64,-0.5630040631339253,0.042507357254159495,0.005313419656769937,-0.5736220850534752,-0.5523860412143753,-0.6512820512820513,-0.4708994708994709,64,0.5630040631339253,0.042507357254159495,0.005313419656769937,0.5523860412143753,0.5736220850534752,0.4708994708994709,0.6512820512820513,64,189.53125,3.846122557870294,0.4807653197337867,188.57051717013803,190.49198282986197,182,199,64,41.390625,3.885737810678087,0.4857172263347609,40.419996574414526,42.361253425585474,34,50,64,148.14062499999994,5.642433302346474,0.7053041627933092,146.73118709668142,149.55006290331846,137,161,64,3869.7812500000014,1180.9483473073394,147.61854341341743,3574.7891298691125,4164.773370130891,1876,7877,64,3680.249999999999,1181.264858813072,147.658107351634,3385.17881764735,3975.321182352648,1688,7688,64,0.10178750000002879,0.028564488442817296,0.003570561055352162,0.09465230308357295,0.10892269691648462,0.08410000000003492,0.25270000000000437,64,30.078125,7.477595504158374,0.9346994380197967,28.210277217933694,31.945972782066306,17,52,64,0,0,0,0,0,0,0,64,149.14062499999994,5.642433302346474,0.7053041627933092,147.73118709668142,150.55006290331846,138,162,64,3720.640624999999,1180.7344817606756,147.59181022008445,3425.701926893178,4015.57932310682,1721,7728,64,0.9467513208693684,0.015383098600477438,0.0019228873250596798,0.9429087371690024,0.9505939045697345,0.8997867803837953,0.9760060936904913,64,20.436057609644003,6.295123726338788,0.7868904657923484,18.863582489328127,22.008532729959878,9.97872340425532,41.67724867724868,64,0.04186957999730645,0.012128920553780523,0.0015161150692225654,0.038839865787352365,0.044899294207260534,0.018915830900088866,0.0826226012793177,64,0.2596435546874999,0.015023916241680833,0.0018779895302101042,0.2558906920708516,0.2633964173041482,0.22265625,0.2890625,64,1,0.9433759402071946,1,0,0,0.5718742977137976,0
atlas,39,32,8,periodic,64,64,0.656982421875,0.03757636151935794,0.004697045189919743,0.6475961260419314,0.6663687177080686,0.546875,0.734375,64,-0.6541262098930517,0.08238763369816092,0.010298454212270115,-0.6747060284707245,-0.6335463913153789,-0.8279569892473119,-0.45,64,0.6541262098930517,0.08238763369816092,0.010298454212270115,0.6335463913153789,0.6747060284707245,0.45,0.8279569892473119,64,84.09375,4.8097742744778165,0.6012217843097271,82.89230413336722,85.29519586663278,70,94,64,14.421875000000005,3.0068951845373078,0.37586189806716347,13.670774930703598,15.172975069296413,8,22,64,69.671875,6.6953067843458784,0.8369133480432348,67.99943712602844,71.34431287397156,51,85,64,2716.5312500000005,1272.9637829328574,159.12047286660717,2398.554357925589,3034.508142074412,961,7238,64,2632.437500000001,1272.101384536501,159.01267306706262,2314.6760286354947,2950.198971364507,885,7158,64,0.07137656249999225,0.017780475667942476,0.0022225594584928095,0.06693513182592314,0.07581799317406135,0.05600000000004002,0.20009999999956563,64,33.796875,19.575802756756328,2.446975344594541,28.906984962348083,38.68676503765192,0,87,64,0,0,0,0,0,0,0,64,70.65625000000001,6.660041350746319,0.8325051688432898,68.9926211692424,72.31987883075763,52,86,64,2645.8749999999995,1272.2599502273033,159.0324937784129,2328.0739201044207,2963.6760798955784,898,7179,64,0.9629521369241462,0.014873403193888038,0.0018591753992360047,0.9592368713481957,0.9666674025000966,0.9209157127991675,0.9889472229897762,64,32.250553082074106,15.191500274802056,1.898937534350257,28.455829219467628,36.04527694468058,12.644736842105264,90.475,64,0.03107224604934916,0.012512178495305146,0.0015640223119131433,0.027946796854046118,0.0341976952446522,0.008151423045040067,0.06555671175858481,64,0.34301757812499994,0.0375763615193579,0.0046970451899197374,0.33363128229193134,0.35240387395806855,0.265625,0.453125,63,0.984375,0.9166589839990573,0.9972364580766624,1,0,0.6713184722351612,0
atlas,4,16,2,periodic,64,64,0.8671874999999999,0.017607380306844094,0.0022009225383555118,0.8627893072606564,0.8715856927393434,0.8359375,0.9140625,64,1,0,0,1,1,1,1,64,1,0,0,1,1,1,1,64,110.99999999999999,2.253744679276044,0.2817180849095055,110.43703132936402,111.56296867063595,107,117,64,110.99999999999999,2.253744679276044,0.2817180849095055,110.43703132936402,111.56296867063595,107,117,64,0,0,0,0,0,0,0,64,1019.9374999999999,274.4322783435385,34.30403479294231,951.3863565012214,1088.4886434987784,612,1862,64,908.9375,274.45888320735503,34.30736040091938,840.3797108039724,977.4952891960276,505,1752,64,0.057473437499999766,0.032071261140943975,0.004008907642617997,0.049462274826535,0.06548460017346452,0.042099999999997806,0.1858000000000004,64,0,0,0,0,0,0,0,64,4.390624999999998,2.1793925722840717,0.27242407153550896,3.8462289330920223,4.935021066907974,0,9,64,1019.9374999999999,274.4322783435385,34.30403479294231,951.3863565012214,1088.4886434987784,612,1862,64,0,0,0,0,0,0,0,64,0.883610020086232,0.029795068038128036,0.0037243835047660045,0.8761674335327626,0.8910526066397014,0.8206349206349206,0.9409237379162191,64,9.192561694054643,2.4920816208694228,0.31151020260867784,8.570058226772874,9.815065161336411,5.575221238938053,16.927272727272726,64,1,0,0,1,1,1,1,64,0.1328125,0.017607380306844094,0.0022009225383555118,0.12841430726065653,0.13721069273934347,0.0859375,0.1640625,62,0.96875,0.8930270822904169,0.9913878616538281,2,0,1,0
atlas,4,16,3,periodic,64,64,0.8239746093749998,0.02178663193782362,0.0027233289922279527,0.8185324706392085,0.829416748110791,0.7734375,0.87890625,64,1,0,0,1,1,1,1,64,1,0,0,1,1,1,1,64,70.31249999999997,1.859125925360948,0.2323907406701185,69.84810416121245,70.7768958387875,66,75,64,70.31249999999997,1.859125925360948,0.2323907406701185,69.84810416121245,70.7768958387875,66,75,64,0,0,0,0,0,0,0,64,902.2656249999998,386.02492896667985,48.25311612083498,805.8394667527745,998.6917832472251,281,2647,64,831.953125,385.80023738287474,48.22502967285934,735.5830930404597,928.3231569595403,211,2577,64,0.03431093750000258,0.013778325711951455,0.001722290713993932,0.030869214140221524,0.037752660859783634,0.028099999999994907,0.09789999999998145,64,0,0,0,0,0,0,0,64,1.2343749999999996,1.3886408508676433,0.17358010635845542,0.8875028360888371,1.581247163911162,0,7,64,902.2656249999998,386.02492896667985,48.25311612083498,805.8394667527745,998.6917832472251,281,2647,64,0,0,0,0,0,0,0,64,0.9098507701647495,0.0352430238203424,0.0044053779775428,0.9010473247470977,0.9186542155824012,0.7508896797153025,0.9735549678881753,64,12.823242534708154,5.474170408091931,0.6842713010114914,11.455835451813481,14.190649617602826,4.014285714285714,37.81428571428572,64,1,0,0,1,1,1,1,64,0.17602539062499994,0.02178663193782362,0.0027233289922279527,0.1705832518892087,0.1814675293607912,0.12109375,0.2265625,40,0.625,0.502503786840045,0.7333401982117536,24,0,1,0
atlas,4,16,4,periodic,64,64,0.8037109375000001,0.028373980603673132,0.0035467475754591415,0.796623328025873,0.8107985469741272,0.75,0.890625,64,1,0,0,1,1,1,1,64,1,0,0,1,1,1,1,64,51.43750000000001,1.8159347586350805,0.22699184482938506,50.98389299365587,51.89110700634414,48,57,64,51.43750000000001,1.8159347586350805,0.22699184482938506,50.98389299365587,51.89110700634414,48,57,64,0,0,0,0,0,0,0,64,625.984375,321.86956306087717,40.233695382609646,545.5837503415019,706.3849996584981,213,1598,64,574.5468750000002,321.16750955915296,40.14593869489412,494.32161808844137,654.7721319115591,163,1546,64,0.028156250000000327,0.015444194214030779,0.0019305242767538474,0.024298405069442596,0.032014094930558054,0.021000000000015007,0.11740000000003192,64,0,0,0,0,0,0,0,64,0.37500000000000006,0.9511897312113418,0.11889871640141772,0.1373998745613721,0.612600125438628,0,5,64,625.984375,321.86956306087717,40.233695382609646,545.5837503415019,706.3849996584981,213,1598,64,0,0,0,0,0,0,0,64,0.8966088348841584,0.04823974775726881,0.006029968469658601,0.884558904421118,0.9086587653471989,0.7652582159624414,0.967459324155194,64,12.098770650267697,6.076537479816761,0.7595671849770951,10.580896749759622,13.616644550775773,4.26,30.73076923076923,64,1,0,0,1,1,1,1,64,0.1962890625,0.02837398060367313,0.003546747575459141,0.18920145302587288,0.20337667197412712,0.109375,0.25,13,0.203125,0.12273417819183653,0.3171363573101416,51,0,1,0
atlas,4,16,8,periodic,64,64,1,0,0,1,1,1,1,64,1,0,0,1,1,1,1,64,1,0,0,1,1,1,1,64,32,0,0,32,32,32,32,64,32,0,0,32,32,32,32,64,0,0,0,0,0,0,0,64,857.5624999999999,304.1362411397286,38.017030142466076,781.5915273600772,933.5334726399226,410,1855,64,825.5624999999999,304.1362411397286,38.017030142466076,749.5915273600772,901.5334726399226,378,1823,64,0.036003125000002356,0.02721043199082267,0.003401303998852834,0.02920616132165684,0.04280008867834787,0.02189999999995962,0.22680000000002565,64,0,0,0,0,0,0,0,64,0,0,0,0,0,0,0,64,857.5624999999999,304.1362411397286,38.017030142466076,781.5915273600772,933.5334726399226,410,1855,64,0,0,0,0,0,0,0,64,0.9582952494268604,0.013821648101093613,0.0017277060126367017,0.9548427044562516,0.9617477943974692,0.9219512195121952,0.9827493261455525,64,26.798828124999996,9.504257535616519,1.1880321919520649,24.424735230002412,29.17292101999758,12.8125,57.96875,64,1,0,0,1,1,1,1,64,0,0,0,0,0,0,0,0,0,0,0.05662405979280534,64,0,1,0
atlas,4,32,2,periodic,64,64,0.8641052246093751,0.009866202600899383,0.001233275325112423,0.8616407205271125,0.8665697286916377,0.841796875,0.892578125,64,1,0,0,1,1,1,1,64,1,0,0,1,1,1,1,64,442.42187500000006,5.051495731660484,0.6314369664575605,441.1600489098816,443.6837010901185,431,457,64,442.42187500000006,5.051495731660484,0.6314369664575605,441.1600489098816,443.6837010901185,431,457,64,0,0,0,0,0,0,0,64,5729.078125000001,1305.6916588863226,163.21145736079032,5402.926052752039,6055.230197247963,3867,9845,64,5286.65625,1306.4000726429815,163.3000090803727,4960.327221260687,5612.985278739313,3431,9403,64,0.15145624999999718,0.03068246422814236,0.003835308028517795,0.1437919984735548,0.15912050152643956,0.1291999999999689,0.30750000000000455,64,0,0,0,0,0,0,0,64,19.656249999999996,4.765013865966933,0.5956267332458667,18.4659849507456,20.846515049254393,9,29,64,5729.078125000001,1305.6916588863226,163.21145736079032,5402.926052752039,6055.230197247963,3867,9845,64,0,0,0,0,0,0,0,64,0.9189758389147019,0.017434619500804063,0.002179327437600508,0.914620800540717,0.9233308772886868,0.8872510990431859,0.9551041137633316,64,12.95556316302954,2.982922426962059,0.37286530337025736,12.210451310405462,13.700675015653617,8.869266055045872,22.273755656108598,64,1,0,0,1,1,1,1,64,0.135894775390625,0.00986620260089939,0.0012332753251124238,0.1334302713083624,0.1383592794728876,0.107421875,0.158203125,64,1,0.9433759402071946,1,0,0,1,0
atlas,4,32,3,periodic,64,64,0.8231048583984376,0.01072860453522355,0.0013410755669029438,0.8204249327225115,0.8257847840743637,0.802734375,0.84375,64,1,0,0,1,1,1,1,64,1,0,0,1,1,1,1,64,280.953125,3.6620303480229723,0.45775379350287154,280.03837703595053,281.86787296404947,274,288,64,280.953125,3.6620303480229723,0.45775379350287154,280.03837703595053,281.86787296404947,274,288,64,0,0,0,0,0,0,0,64,4692.796875,1110.5044353546998,138.81305441933748,4415.401120522701,4970.192629477299,3021,8660,64,4411.843749999999,1110.704941585255,138.83811769815688,4134.397910556507,4689.289589443491,2734,8382,64,0.10560312499998406,0.018048066059611338,0.0022560082574514173,0.10109485223485734,0.11011139776511078,0.09389999999984866,0.16889999999989413,64,0,0,0,0,0,0,0,64,5.218749999999999,2.7340809082209714,0.3417601135276214,4.535796909321265,5.901703090678733,0,13,64,4692.796875,1110.5044353546998,138.81305441933748,4415.401120522701,4970.192629477299,3021,8660,64,0,0,0,0,0,0,0,64,0.9370415305304018,0.01388693509512154,0.0017358668868901926,0.9335726773539099,0.9405103837068938,0.9049983449189011,0.9678983833718244,64,16.708632348432634,3.989334511530151,0.4986668139412689,15.712126236924153,17.705138459941114,10.526132404181185,31.151079136690647,64,1,0,0,1,1,1,1,64,0.17689514160156253,0.010728604535223561,0.0013410755669029451,0.1742152159256364,0.17957506727748865,0.15625,0.197265625,63,0.984375,0.9166589839990573,0.9972364580766624,1,0,1,0
atlas,4,32,4,periodic,64,64,0.8037109375000001,0.012927492822837843,0.0016159366028547304,0.8004817458723723,0.8069401291276279,0.77734375,0.828125,64,1,0,0,1,1,1,1,64,1,0,0,1,1,1,1,64,205.75000000000003,3.309438162646488,0.413679770330811,204.9233269433273,206.57667305667275,199,212,64,205.75000000000003,3.309438162646488,0.413679770330811,204.9233269433273,206.57667305667275,199,212,64,0,0,0,0,0,0,0,64,3707.078124999999,1131.3176655856967,141.41470819821208,3424.4833802987728,3989.6728697012254,1844,7085,64,3501.328125,1130.8507831715037,141.35634789643797,3218.8500040558824,3783.8062459441176,1636,6877,64,0.11731562500003892,0.0312219002235835,0.0039027375279479374,0.10951662637112342,0.12511462362895442,0.09439999999995052,0.2617000000000189,64,0,0,0,0,0,0,0,64,1.59375,1.64961515473463,0.20620189434182876,1.1816883945921468,2.005811605407853,0,7,64,3707.078124999999,1131.3176655856967,141.41470819821208,3424.4833802987728,3989.6728697012254,1844,7085,64,0,0,0,0,0,0,0,64,0.9396525214406479,0.01725577422007858,0.0021569717775098223,0.9353421572885771,0.9439628855927188,0.8872017353579176,0.9706422018348624,64,18.00958732479858,5.466969110014899,0.6833711387518624,16.64397907264217,19.37519557695499,8.865384615384615,34.0625,64,1,0,0,1,1,1,1,64,0.19628906249999994,0.012927492822837843,0.0016159366028547304,0.1930598708723721,0.19951825412762778,0.171875,0.22265625,43,0.671875,0.549991058490915,0.7742944209553081,21,0,1,0
atlas,4,32,8,periodic,64,64,0.7708740234374999,0.013993069306428858,0.0017491336633036073,0.7673786587238325,0.7743693881511673,0.75,0.8125,64,1,0,0,1,1,1,1,64,1,0,0,1,1,1,1,64,98.67187499999999,1.7911128712228939,0.22388910890286173,98.22446831665056,99.11928168334941,96,104,64,98.67187499999999,1.7911128712228939,0.22388910890286173,98.22446831665056,99.11928168334941,96,104,64,0,0,0,0,0,0,0,64,2390.0156250000005,1024.7743923945113,128.09679904931392,2134.034598092625,2645.996651907376,894,5481,64,2291.343750000001,1023.9705665839027,127.99632082298784,2035.5635128059334,2547.1239871940684,798,5380,64,0.07997343749995167,0.02119621291563776,0.00264952661445472,0.0746787810477991,0.08526809395210425,0.06770000000005894,0.2298000000000684,64,0,0,0,0,0,0,0,64,0,0,0,0,0,0,0,64,2390.0156250000005,1024.7743923945113,128.09679904931392,2134.034598092625,2645.996651907376,894,5481,64,0,0,0,0,0,0,0,64,0.950629463350797,0.021580374211019646,0.0026975467763774557,0.9452388462622159,0.9560200804393781,0.8926174496644296,0.9815727057106367,64,24.146251682345905,10.204319528489904,1.275539941061238,21.597288504518726,26.695214860173085,9.3125,54.26732673267327,64,1,0,0,1,1,1,1,64,0.22912597656249997,0.01399306930642886,0.0017491336633036075,0.22563061184883257,0.23262134127616738,0.1875,0.25,0,0,0,0.05662405979280534,64,0,1,0
atlas,40,16,2,periodic,64,64,0.8671874999999999,0.017607380306844094,0.0022009225383555118,0.8627893072606564,0.8715856927393434,0.8359375,0.9140625,64,1,0,0,1,1,1,1,64,1,0,0,1,1,1,1,64,110.99999999999999,2.253744679276044,0.2817180849095055,110.43703132936402,111.56296867063595,107,117,64,110.99999999999999,2.253744679276044,0.2817180849095055,110.43703132936402,111.56296867063595,107,117,64,0,0,0,0,0,0,0,64,1019.9374999999999,274.4322783435385,34.30403479294231,951.3863565012214,1088.4886434987784,612,1862,64,908.9375,274.45888320735503,34.30736040091938,840.3797108039724,977.4952891960276,505,1752,64,0.04131562499999931,0.01304469993632057,0.0016305874920400712,0.03805715590652843,0.044574094093470185,0.03489999999999327,0.09040000000001669,64,0,0,0,0,0,0,0,64,4.390624999999998,2.1793925722840717,0.27242407153550896,3.8462289330920223,4.935021066907974,0,9,64,1019.9374999999999,274.4322783435385,34.30403479294231,951.3863565012214,1088.4886434987784,612,1862,64,0,0,0,0,0,0,0,64,0.883610020086232,0.029795068038128036,0.0037243835047660045,0.8761674335327626,0.8910526066397014,0.8206349206349206,0.9409237379162191,64,9.192561694054643,2.4920816208694228,0.31151020260867784,8.570058226772874,9.815065161336411,5.575221238938053,16.927272727272726,64,1,0,0,1,1,1,1,64,0.1328125,0.017607380306844094,0.0022009225383555118,0.12841430726065653,0.13721069273934347,0.0859375,0.1640625,62,0.96875,0.8930270822904169,0.9913878616538281,2,0,1,0
atlas,40,16,3,periodic,64,64,0.8239746093749998,0.02178663193782362,0.0027233289922279527,0.8185324706392085,0.829416748110791,0.7734375,0.87890625,64,1,0,0,1,1,1,1,64,1,0,0,1,1,1,1,64,70.31249999999997,1.859125925360948,0.2323907406701185,69.84810416121245,70.7768958387875,66,75,64,70.31249999999997,1.859125925360948,0.2323907406701185,69.84810416121245,70.7768958387875,66,75,64,0,0,0,0,0,0,0,64,902.2656249999998,386.02492896667985,48.25311612083498,805.8394667527745,998.6917832472251,281,2647,64,831.953125,385.80023738287474,48.22502967285934,735.5830930404597,928.3231569595403,211,2577,64,0.0331718750000034,0.015962450668649045,0.0019953063335811307,0.029184573458859824,0.03715917654114697,0.026900000000011914,0.11219999999997299,64,0,0,0,0,0,0,0,64,1.2343749999999996,1.3886408508676433,0.17358010635845542,0.8875028360888371,1.581247163911162,0,7,64,902.2656249999998,386.02492896667985,48.25311612083498,805.8394667527745,998.6917832472251,281,2647,64,0,0,0,0,0,0,0,64,0.9098507701647495,0.0352430238203424,0.0044053779775428,0.9010473247470977,0.9186542155824012,0.7508896797153025,0.9735549678881753,64,12.823242534708154,5.474170408091931,0.6842713010114914,11.455835451813481,14.190649617602826,4.014285714285714,37.81428571428572,64,1,0,0,1,1,1,1,64,0.17602539062499994,0.02178663193782362,0.0027233289922279527,0.1705832518892087,0.1814675293607912,0.12109375,0.2265625,40,0.625,0.502503786840045,0.7333401982117536,24,0,1,0
atlas,40,16,4,periodic,64,64,0.8037109375000001,0.028373980603673132,0.0035467475754591415,0.796623328025873,0.8107985469741272,0.75,0.890625,64,1,0,0,1,1,1,1,64,1,0,0,1,1,1,1,64,51.43750000000001,1.8159347586350805,0.22699184482938506,50.98389299365587,51.89110700634414,48,57,64,51.43750000000001,1.8159347586350805,0.22699184482938506,50.98389299365587,51.89110700634414,48,57,64,0,0,0,0,0,0,0,64,625.984375,321.86956306087717,40.233695382609646,545.5837503415019,706.3849996584981,213,1598,64,574.5468750000002,321.16750955915296,40.14593869489412,494.32161808844137,654.7721319115591,163,1546,64,0.024848437499999328,0.008927272147527573,0.0011159090184409467,0.022618471266684266,0.02707840373331439,0.021100000000046748,0.09379999999998745,64,0,0,0,0,0,0,0,64,0.37500000000000006,0.9511897312113418,0.11889871640141772,0.1373998745613721,0.612600125438628,0,5,64,625.984375,321.86956306087717,40.233695382609646,545.5837503415019,706.3849996584981,213,1598,64,0,0,0,0,0,0,0,64,0.8966088348841584,0.04823974775726881,0.006029968469658601,0.884558904421118,0.9086587653471989,0.7652582159624414,0.967459324155194,64,12.098770650267697,6.076537479816761,0.7595671849770951,10.580896749759622,13.616644550775773,4.26,30.73076923076923,64,1,0,0,1,1,1,1,64,0.1962890625,0.02837398060367313,0.003546747575459141,0.18920145302587288,0.20337667197412712,0.109375,0.25,13,0.203125,0.12273417819183653,0.3171363573101416,51,0,1,0
atlas,40,16,8,periodic,64,64,1,0,0,1,1,1,1,64,1,0,0,1,1,1,1,64,1,0,0,1,1,1,1,64,32,0,0,32,32,32,32,64,32,0,0,32,32,32,32,64,0,0,0,0,0,0,0,64,857.5624999999999,304.1362411397286,38.017030142466076,781.5915273600772,933.5334726399226,410,1855,64,825.5624999999999,304.1362411397286,38.017030142466076,749.5915273600772,901.5334726399226,378,1823,64,0.024532812500003942,0.0030775198573192147,0.00038468998216490183,0.02376407091234224,0.025301554087665643,0.0221000000000231,0.03960000000006403,64,0,0,0,0,0,0,0,64,0,0,0,0,0,0,0,64,857.5624999999999,304.1362411397286,38.017030142466076,781.5915273600772,933.5334726399226,410,1855,64,0,0,0,0,0,0,0,64,0.9582952494268604,0.013821648101093613,0.0017277060126367017,0.9548427044562516,0.9617477943974692,0.9219512195121952,0.9827493261455525,64,26.798828124999996,9.504257535616519,1.1880321919520649,24.424735230002412,29.17292101999758,12.8125,57.96875,64,1,0,0,1,1,1,1,64,0,0,0,0,0,0,0,0,0,0,0.05662405979280534,64,0,1,0
atlas,40,32,2,periodic,64,64,0.8641052246093751,0.009866202600899383,0.001233275325112423,0.8616407205271125,0.8665697286916377,0.841796875,0.892578125,64,1,0,0,1,1,1,1,64,1,0,0,1,1,1,1,64,442.42187500000006,5.051495731660484,0.6314369664575605,441.1600489098816,443.6837010901185,431,457,64,442.42187500000006,5.051495731660484,0.6314369664575605,441.1600489098816,443.6837010901185,431,457,64,0,0,0,0,0,0,0,64,5729.078125000001,1305.6916588863226,163.21145736079032,5402.926052752039,6055.230197247963,3867,9845,64,5286.65625,1306.4000726429815,163.3000090803727,4960.327221260687,5612.985278739313,3431,9403,64,0.19069843750000362,0.052581053055060875,0.006572631631882609,0.1775640812389584,0.20383279376104885,0.12850000000003092,0.3506999999999607,64,0,0,0,0,0,0,0,64,19.656249999999996,4.765013865966933,0.5956267332458667,18.4659849507456,20.846515049254393,9,29,64,5729.078125000001,1305.6916588863226,163.21145736079032,5402.926052752039,6055.230197247963,3867,9845,64,0,0,0,0,0,0,0,64,0.9189758389147019,0.017434619500804063,0.002179327437600508,0.914620800540717,0.9233308772886868,0.8872510990431859,0.9551041137633316,64,12.95556316302954,2.982922426962059,0.37286530337025736,12.210451310405462,13.700675015653617,8.869266055045872,22.273755656108598,64,1,0,0,1,1,1,1,64,0.135894775390625,0.00986620260089939,0.0012332753251124238,0.1334302713083624,0.1383592794728876,0.107421875,0.158203125,64,1,0.9433759402071946,1,0,0,1,0
atlas,40,32,3,periodic,64,64,0.8231048583984376,0.01072860453522355,0.0013410755669029438,0.8204249327225115,0.8257847840743637,0.802734375,0.84375,64,1,0,0,1,1,1,1,64,1,0,0,1,1,1,1,64,280.953125,3.6620303480229723,0.45775379350287154,280.03837703595053,281.86787296404947,274,288,64,280.953125,3.6620303480229723,0.45775379350287154,280.03837703595053,281.86787296404947,274,288,64,0,0,0,0,0,0,0,64,4692.796875,1110.5044353546998,138.81305441933748,4415.401120522701,4970.192629477299,3021,8660,64,4411.843749999999,1110.704941585255,138.83811769815688,4134.397910556507,4689.289589443491,2734,8382,64,0.1400874999999928,0.03361042685908077,0.004201303357385096,0.13169186516950168,0.1484831348304839,0.10760000000004766,0.2786999999998443,64,0,0,0,0,0,0,0,64,5.218749999999999,2.7340809082209714,0.3417601135276214,4.535796909321265,5.901703090678733,0,13,64,4692.796875,1110.5044353546998,138.81305441933748,4415.401120522701,4970.192629477299,3021,8660,64,0,0,0,0,0,0,0,64,0.9370415305304018,0.01388693509512154,0.0017358668868901926,0.9335726773539099,0.9405103837068938,0.9049983449189011,0.9678983833718244,64,16.708632348432634,3.989334511530151,0.4986668139412689,15.712126236924153,17.705138459941114,10.526132404181185,31.151079136690647,64,1,0,0,1,1,1,1,64,0.17689514160156253,0.010728604535223561,0.0013410755669029451,0.1742152159256364,0.17957506727748865,0.15625,0.197265625,63,0.984375,0.9166589839990573,0.9972364580766624,1,0,1,0
atlas,40,32,4,periodic,64,64,0.8037109375000001,0.012927492822837843,0.0016159366028547304,0.8004817458723723,0.8069401291276279,0.77734375,0.828125,64,1,0,0,1,1,1,1,64,1,0,0,1,1,1,1,64,205.75000000000003,3.309438162646488,0.413679770330811,204.9233269433273,206.57667305667275,199,212,64,205.75000000000003,3.309438162646488,0.413679770330811,204.9233269433273,206.57667305667275,199,212,64,0,0,0,0,0,0,0,64,3707.078124999999,1131.3176655856967,141.41470819821208,3424.4833802987728,3989.6728697012254,1844,7085,64,3501.328125,1130.8507831715037,141.35634789643797,3218.8500040558824,3783.8062459441176,1636,6877,64,0.10914843750001069,0.02866718710594679,0.0035833983882433487,0.10198758722078055,0.11630928777924082,0.08809999999994034,0.2583999999997104,64,0,0,0,0,0,0,0,64,1.59375,1.64961515473463,0.20620189434182876,1.1816883945921468,2.005811605407853,0,7,64,3707.078124999999,1131.3176655856967,141.41470819821208,3424.4833802987728,3989.6728697012254,1844,7085,64,0,0,0,0,0,0,0,64,0.9396525214406479,0.01725577422007858,0.0021569717775098223,0.9353421572885771,0.9439628855927188,0.8872017353579176,0.9706422018348624,64,18.00958732479858,5.466969110014899,0.6833711387518624,16.64397907264217,19.37519557695499,8.865384615384615,34.0625,64,1,0,0,1,1,1,1,64,0.19628906249999994,0.012927492822837843,0.0016159366028547304,0.1930598708723721,0.19951825412762778,0.171875,0.22265625,43,0.671875,0.549991058490915,0.7742944209553081,21,0,1,0
atlas,40,32,8,periodic,64,64,0.7708740234374999,0.013993069306428858,0.0017491336633036073,0.7673786587238325,0.7743693881511673,0.75,0.8125,64,1,0,0,1,1,1,1,64,1,0,0,1,1,1,1,64,98.67187499999999,1.7911128712228939,0.22388910890286173,98.22446831665056,99.11928168334941,96,104,64,98.67187499999999,1.7911128712228939,0.22388910890286173,98.22446831665056,99.11928168334941,96,104,64,0,0,0,0,0,0,0,64,2390.0156250000005,1024.7743923945113,128.09679904931392,2134.034598092625,2645.996651907376,894,5481,64,2291.343750000001,1023.9705665839027,127.99632082298784,2035.5635128059334,2547.1239871940684,798,5380,64,0.07576406249997804,0.013143353286552566,0.0016429191608190708,0.07248095053282914,0.07904717446712693,0.06640000000015789,0.1548000000002503,64,0,0,0,0,0,0,0,64,0,0,0,0,0,0,0,64,2390.0156250000005,1024.7743923945113,128.09679904931392,2134.034598092625,2645.996651907376,894,5481,64,0,0,0,0,0,0,0,64,0.950629463350797,0.021580374211019646,0.0026975467763774557,0.9452388462622159,0.9560200804393781,0.8926174496644296,0.9815727057106367,64,24.146251682345905,10.204319528489904,1.275539941061238,21.597288504518726,26.695214860173085,9.3125,54.26732673267327,64,1,0,0,1,1,1,1,64,0.22912597656249997,0.01399306930642886,0.0017491336633036075,0.22563061184883257,0.23262134127616738,0.1875,0.25,0,0,0,0.05662405979280534,64,0,1,0
atlas,41,16,2,periodic,64,64,0.9063720703125,0.017524219456808186,0.002190527432101023,0.9019946505354287,0.9107494900895713,0.875,0.9453125,64,0.11578558035881008,0.1715617711823969,0.021445221397799613,0.07293072499625394,0.1586404357213662,-0.36283185840707965,0.4956521739130435,64,0.17084911550693688,0.11575748775792945,0.014469685969741181,0.14193375539605962,0.19976447561781413,0.008547008547008548,0.4956521739130435,64,116.015625,2.2431000904714478,0.28038751130893097,115.45531526853487,116.57593473146513,112,121,64,64.68750000000003,9.76367579753471,1.2204594746918387,62.24860635121977,67.1263936487803,36,86,64,51.32812500000001,10.170069200338933,1.2712586500423666,48.78771729959017,53.868532700409844,29,78,64,1893.6875000000002,593.5050814829067,74.18813518536334,1745.4343416850797,2041.9406583149207,1006,3649,64,1777.6718750000005,592.9030824917126,74.11288531146407,1629.5690915589125,1925.7746584410884,892,3529,64,0.049824999999998905,0.01625813593641431,0.002032266992051789,0.04576383847655515,0.05388616152344266,0.04040000000000532,0.10590000000001965,64,0,0,0,0,0,0,0,64,0,0,0,0,0,0,0,64,953.7499999999998,297.0339085982321,37.12923857477901,879.5531372430942,1027.9468627569054,500,1828,64,939.9375,296.79761021371354,37.09970127671419,865.7996628233338,1014.0753371766662,482,1821,64,0.9332826737886465,0.018902515419712055,0.002362814427464007,0.9285609659237922,0.9380043816535008,0.8860257680872151,0.9671142778843519,64,16.302398534154833,5.014065136238354,0.6267581420297943,15.049922328581726,17.55487473972794,8.773913043478261,30.408333333333335,64,0.5040519451721726,0.005995277934386147,0.0007494097417982684,0.5025543693021771,0.505549521042168,0.48857142857142855,0.52263701350278,64,0.0936279296875,0.017524219456808186,0.002190527432101023,0.0892505099104287,0.0980053494645713,0.0546875,0.125,0,0,0,0.05662405979280534,64,0,0.19500484141222255,0
atlas,41,16,3,periodic,64,64,0.84356689453125,0.02214558685634485,0.0027681983570431064,0.8380350915246315,0.8490986975378685,0.78515625,0.90234375,64,0.1853113447222225,0.22730780986727048,0.02841347623340881,0.12853154321105237,0.24209114623339262,-0.4594594594594595,0.5714285714285714,64,0.2474428330936419,0.1560589343405854,0.019507366792573175,0.20846047115422028,0.2864251950330635,0.0136986301369863,0.5714285714285714,64,71.98437500000001,1.8897567450747617,0.2362195931343452,71.5123278101019,72.45642218989813,67,77,64,42.62499999999999,8.099578668250254,1.0124473335312818,40.60178544623742,44.648214553762564,20,56,64,29.359375000000007,8.399484465472526,1.0499355581840657,27.261246207046653,31.45750379295336,15,54,64,1815.203125,586.8989577914977,73.3623697239372,1668.6001272852607,1961.8061227147393,904,3319,64,1743.2187500000005,586.8341878991898,73.35427348739873,1596.6319313229778,1889.805568677023,836,3247,64,0.03763750000000245,0.015280514617779533,0.0019100643272224416,0.03382054101609125,0.041454458983913645,0.031799999999975626,0.1109000000000151,64,0,0,0,0,0,0,0,64,0,0,0,0,0,0,0,64,914.4531249999998,294.81486952266613,36.851858690333266,840.8105617118617,988.0956882881378,458,1655,64,900.7500000000001,292.3025177872437,36.53781472340546,827.735003503108,973.7649964968922,446,1664,64,0.9559234928888511,0.014906577307592185,0.0018633221634490231,0.9521999406658536,0.9596470451118487,0.9229166666666667,0.9783067188912323,64,25.225062953384164,8.136536676047928,1.017067084505991,23.19261656395248,27.257509342815847,12.972972972972974,46.09722222222222,64,0.5038592448665935,0.005099663707694027,0.0006374579634617533,0.5025853867740552,0.5051331029591318,0.4890995260663507,0.5145929339477726,64,0.15643310546875,0.02214558685634485,0.0027681983570431064,0.1509013024621315,0.1619649084753685,0.09765625,0.21484375,0,0,0,0.05662405979280534,64,0,0.28000847455681305,0
atlas,41,16,4,periodic,64,64,0.808837890625,0.026077681569408484,0.0032597101961760605,0.8023238795831131,0.8153519016668869,0.75,0.859375,64,0.28639156003759575,0.3409254183754126,0.04261567729692658,0.20123092434816697,0.3715521957270245,-0.5510204081632653,0.8823529411764706,64,0.37330010885463905,0.2408054196149206,0.030100677451865076,0.31314870474523737,0.4334515129640407,0,0.8823529411764706,64,51.765625,1.668971620442143,0.20862145255526787,51.34872829331924,52.18252170668076,48,55,64,33.3125,8.949372594839812,1.1186715743549764,31.07701323920095,35.54798676079905,11,48,64,18.453124999999996,8.797419692953627,1.0996774616192033,16.255594944750055,20.65065505524994,3,39,64,1248.515625,530.6414504713454,66.33018130891817,1115.9653344976377,1381.0659155023623,422,3223,64,1196.7500000000005,530.4463828506751,66.3057978563344,1064.248435939503,1329.251564060498,372,3171,64,0.027787500000009402,0.007732255672037814,0.0009665319590047267,0.02585604000068827,0.029718959999330535,0.023400000000037835,0.08699999999998909,64,0,0,0,0,0,0,0,64,0,0,0,0,0,0,0,64,631.8593750000001,264.1801854547475,33.02252318184344,565.8691281093916,697.8496218906087,232,1599,64,616.6562499999998,266.74393039910376,33.34299129988797,550.0255986765176,683.286901323482,190,1624,64,0.9507085861294284,0.021235143696959453,0.0026543929621199317,0.9454042050574425,0.9560129672014144,0.8815165876777251,0.9838659633881477,64,24.104268614233778,10.209709955183715,1.2762137443979644,21.55395894788113,26.654578280586424,8.44,61.98076923076923,64,0.5074388136596895,0.010030282377508163,0.0012537852971885204,0.5049333236687013,0.5099443036506777,0.48036253776435045,0.5497630331753555,64,0.191162109375,0.026077681569408474,0.003259710196176059,0.18464809833311316,0.19767612041688684,0.140625,0.25,0,0,0,0.05662405979280534,64,0,0.42355024666766244,0
atlas,41,16,8,periodic,64,64,0.8706054687500002,0.11677651974971746,0.014597064968714683,0.8414355620212085,0.8997753754787919,0.625,1,64,0.7852992435804937,0.3124195180365885,0.039052439754573565,0.7072591699345809,0.8633393172264066,-0.36363636363636365,1,64,0.8099527151089654,0.24011079655254,0.0300138495690675,0.7499748226779793,0.8699306075399514,0.07142857142857142,1,64,27.859375000000007,3.736848631990959,0.46710607899886986,26.925937984678672,28.792812015321342,20,32,64,25.187500000000007,6.64490495829413,0.8306131197867662,23.52765212758048,26.847347872419533,7,32,64,2.671875,3.887524562266098,0.48594057028326226,1.7008002571473109,3.6429497428526894,0,15,64,1405.1718750000005,740.6814870294618,92.58518587868272,1220.1551444218107,1590.1886055781902,255,3678,64,1377.3125000000002,739.2532885305106,92.40666106631383,1192.652522792213,1561.9724772077875,234,3646,64,0.024765624999998802,0.011679506115218502,0.0014599382644023128,0.021848171176666306,0.0276830788233313,0.017900000000054206,0.11390000000005784,64,0,0,0,0,0,0,0,64,0,0,0,0,0,0,0,64,713.8906250000002,372.04070937805153,46.50508867225644,620.9576208727085,806.823629127292,134,1855,64,691.28125,368.70164600912926,46.08770575114116,599.1823190857286,783.3801809142714,121,1823,64,0.9739225194061263,0.015704374836936593,0.001963046854617074,0.9699996832896772,0.9778453555225753,0.9151943462897526,0.9926010244735345,64,49.93566714679995,25.18336492922644,3.147920616153305,43.64504975490395,56.22628453869595,11.791666666666666,135.15384615384616,64,0.5097476530461759,0.005557720146359702,0.0006947150182949627,0.508359375859619,0.5111359302327327,0.49701492537313435,0.5254901960784314,64,0.12939453125000003,0.11677651974971746,0.014597064968714683,0.10022462452120832,0.15856443797879172,0,0.375,0,0,0,0.05662405979280534,64,0,0.8600579022615404,0
atlas,41,32,2,periodic,64,64,0.9074096679687498,0.007501875627710723,0.0009377344534638403,0.9055357551922745,0.9092835807452251,0.884765625,0.927734375,64,0.07128900331968438,0.09900819285789515,0.012376024107236894,0.046557492590978924,0.09602051404838984,-0.16916488222698073,0.31634819532908703,64,0.1040026940384978,0.06306473696700923,0.007883092120876154,0.08824959145292521,0.11975579662407038,0.008583690987124463,0.31634819532908703,64,464.5937499999999,3.84096032138789,0.48012004017348625,463.63430665844453,465.55319334155524,453,475,64,248.85937499999994,23.13992439897927,2.892490549872409,243.07919386533183,254.63955613466806,194,310,64,215.73437499999994,23.072860569103035,2.8841075711378794,209.9709459116041,221.49780408839578,161,273,64,10113.968750000002,2190.218289974334,273.77728624679173,9566.868499271734,10661.06900072827,6600,18023,64,9649.375,2190.016579628478,273.7520724535598,9102.325135016978,10196.424864983022,6138,17557,64,0.17485937500001464,0.036271510175298026,0.004533938771912253,0.1657990213347957,0.18391972866523357,0.1506000000001677,0.36220000000002983,64,0,0,0,0,0,0,0,64,0,0,0,0,0,0,0,64,5073.765624999998,1097.5378034084815,137.1922254260602,4799.608838812458,5347.922411187538,3308,9052,64,5040.203124999999,1093.1586268616932,136.64482835771165,4767.140224566997,5313.266025433001,3292,8971,64,0.9520720558997338,0.009751628576655917,0.0012189535720819897,0.9496361715571918,0.9545079402422757,0.93,0.974144149142762,64,21.768906726837002,4.7110637937479005,0.5888829742184876,20.592118004656008,22.945695449017997,14.285714285714286,38.67596566523605,64,0.5017164668590817,0.002310911993583661,0.0002888639991979576,0.5011392182182097,0.5022937154999536,0.49558523884989814,0.5059107664929452,64,0.09259033203124999,0.0075018756277107305,0.0009377344534638413,0.09071641925477467,0.0944642448077253,0.072265625,0.115234375,0,0,0,0.05662405979280534,64,0,0.11716274553900782,1
atlas,41,32,3,periodic,64,64,0.8463592529296877,0.012097636919416585,0.001512204614927073,0.843337353139092,0.8493811527202835,0.8173828125,0.8818359375,64,0.15012255259416113,0.17426961333036234,0.021783701666295292,0.10659129838822679,0.19365380680009547,-0.27972027972027974,0.5508771929824562,64,0.19015230783072498,0.1285790438224167,0.016072380477802087,0.1580342183071143,0.22227039735433565,0.014084507042253521,0.5508771929824562,64,288.890625,4.129326735160875,0.5161658418951094,287.85914987147663,289.92210012852337,279,301,64,166.17187499999997,25.458060555003442,3.1822575693754303,159.81264068237357,172.53110931762637,103,221,64,122.71875,24.924310023724434,3.1155387529655543,116.49284259815444,128.94465740184555,64,183,64,9290.8125,2906.4585982486196,363.30732478107745,8564.800743495225,10016.824256504775,4670,18662,64,9001.921875000004,2905.6901827696724,363.21127284620906,8276.102062970864,9727.741687029144,4381,18370,64,0.15568593749999948,0.0366223015894823,0.004577787698685287,0.14653795874666398,0.164833916253335,0.12560000000007676,0.3226000000001932,64,0,0,0,0,0,0,0,64,0,0,0,0,0,0,0,64,4667.390624999999,1453.902865876114,181.73785823451425,4304.216494779083,5030.564755220915,2330,9377,64,4623.421874999999,1452.987768054867,181.62347100685838,4260.476329413655,4986.3674205863435,2340,9285,64,0.9661271233231482,0.009803095607457409,0.001225386950932176,0.9636783828988246,0.9685758637474718,0.9381156316916488,0.9843532311649341,64,32.1404741697112,9.956932870800985,1.2446166088501232,29.653306340351325,34.627641999071066,16.15916955017301,63.91095890410959,64,0.5026284963183042,0.0030900563485495576,0.0003862570435686947,0.5018566232083067,0.5034003694283017,0.49635435654393,0.5119047619047619,64,0.1536407470703125,0.0120976369194166,0.001512204614927075,0.15061884727971678,0.15666264686090822,0.1181640625,0.1826171875,0,0,0,0.05662405979280534,64,0,0.21698357550848482,0
atlas,41,32,4,periodic,64,64,0.8096923828125002,0.01161429868158286,0.0014517873351978575,0.8067912173214562,0.8125935483035442,0.78515625,0.84375,64,0.23836840007747614,0.2233391483141587,0.027917393539269836,0.18257994072644684,0.29415685942850545,-0.3588516746411483,0.7198067632850241,64,0.28361001345604264,0.16090489741479225,0.02011311217684903,0.24341716595677776,0.3238028609553075,0.004739336492890996,0.7198067632850241,64,207.28125000000006,2.973260462485212,0.3716575578106515,206.5385516342928,208.02394836570733,201,216,64,128.26562500000006,22.774423267313054,2.8468029084141317,122.57674333155016,133.95450666844997,67,178,64,79.015625,23.446996753231147,2.9308745941538934,73.15873947345827,84.87251052654173,29,142,64,7934.765625000001,1918.5614877536939,239.82018596921174,7455.523224462863,8414.00802553714,4865,13130,64,7727.484374999999,1918.6070425907874,239.82588032384842,7248.230595203127,8206.73815479687,4649,12924,64,0.11957187499997703,0.03075691930797666,0.0038446149134970823,0.11188902514795596,0.1272547248519981,0.09839999999985594,0.27070000000003347,64,0,0,0,0,0,0,0,64,0,0,0,0,0,0,0,64,3992.25,954.703843383606,119.33798042295075,3753.772075458272,4230.7279245417285,2445,6571,64,3942.5156250000005,964.383889053664,120.547986131708,3701.619696993781,4183.41155300622,2420,6559,64,0.9723908381943672,0.006508906858055313,0.0008136133572569141,0.9707649616366243,0.9740167147521102,0.955601233299075,0.9843107387661844,64,38.289061918938565,9.282343826632417,1.160292978329052,35.97040141914149,40.60772241873564,22.52314814814815,63.737864077669904,64,0.5034758510535258,0.003515575174257132,0.0004394468967821415,0.5025976865034011,0.5043540156036505,0.4954656862745098,0.5105568938642483,64,0.19030761718750003,0.011614298681582862,0.0014517873351978577,0.187406451696456,0.19320878267854405,0.15625,0.21484375,0,0,0,0.05662405979280534,64,0,0.3171868876095125,0
atlas,41,32,8,periodic,64,64,0.7536621093750001,0.017986735628655586,0.0022483419535819483,0.749169156495707,0.7581550622542932,0.71875,0.796875,64,0.5347430502180274,0.40398816588585845,0.05049852073573231,0.4338298088944895,0.6356562915415652,-0.46236559139784944,1,64,0.6075016863739403,0.28067613310785255,0.03508451663848157,0.5373908743605194,0.6776124983873613,0.03225806451612903,1,64,96.46875000000001,2.302302160467915,0.2877877700584894,95.8936520314505,97.04384796854953,92,102,64,74.1875,19.979255114258763,2.4974068892823453,69.1968305619765,79.1781694380235,25,101,64,22.281250000000004,19.122386739190656,2.390298342398832,17.50461991366431,27.057880086335697,0,69,64,5530.906250000001,2583.6645300367154,322.9580662545894,4885.526052669357,6176.2864473306445,1874,12010,64,5434.437499999998,2583.3618608255897,322.9202326031987,4789.1329071888,6079.742092811196,1778,11908,64,0.07995625000001637,0.018048566534981034,0.002256070816872629,0.07544785221986192,0.08446464778017082,0.07019999999965876,0.20379999999977372,64,0,0,0,0,0,0,0,64,0,0,0,0,0,0,0,64,2791.5468749999995,1291.352483198563,161.41906039982038,2468.9766222674352,3114.117127732564,951,6043,64,2739.3593749999995,1292.604180409572,161.5755225511965,2416.4764576069706,3062.2422923930285,895,5967,64,0.978658621893206,0.009699772899911186,0.0012124716124888983,0.976235690713314,0.981081553073098,0.9487726787620064,0.9916659198852944,64,57.28740018184107,26.597327774306237,3.3246659717882796,50.64358538007746,63.93121498360468,19.520833333333332,119.98924731182795,64,0.5058151296535377,0.005308364468416111,0.0006635455585520139,0.5044891396620736,0.5071411196450017,0.49339071626191205,0.5224119530416222,64,0.246337890625,0.01798673562865561,0.0022483419535819513,0.24184493774570692,0.2508308435042931,0.203125,0.28125,0,0,0,0.05662405979280534,64,0,0.6660718563977307,0
atlas,42,16,2,periodic,64,64,0.8333740234374999,0.01761038912354796,0.002201298640443495,0.8289750791181059,0.8377729677568939,0.796875,0.8828125,64,0.13715803304717777,0.08304638522024584,0.01038079815253073,0.11641366323525129,0.15790240285910426,-0.10679611650485436,0.32075471698113206,64,0.14197227601859247,0.07437453053954346,0.009296816317442932,0.12339407105507795,0.160550480982107,0.009523809523809525,0.32075471698113206,64,106.67187499999999,2.254129807814139,0.28176622597676737,106.10881012711755,107.23493987288242,102,113,64,60.671875,4.83063861662663,0.6038298270783288,59.465217375766095,61.878532624233905,46,70,64,46.000000000000014,4.2687494916218975,0.5335936864527372,44.933698103128414,47.066301896871614,36,57,64,1008.4062500000001,302.4964761043599,37.812059513044986,932.8448784788756,1083.9676215211248,533,2289,64,901.7343749999997,302.4493787993474,37.80617234991843,826.1847680356314,977.283981964368,427,2183,64,0.0431421874999991,0.01688933921933868,0.002111167402417335,0.03892335608770036,0.047361018912297846,0.03190000000000737,0.10059999999998581,64,0,0,0,0,0,0,0,64,11.468749999999998,3.4593730508232143,0.4324216313529018,10.60462432260454,12.332875677395457,5,20,64,901.7343749999997,302.4493787993474,37.80617234991843,826.1847680356314,977.283981964368,427,2183,64,106.67187499999999,2.254129807814139,0.28176622597676737,106.10881012711755,107.23493987288242,102,113,64,0.8859143699393225,0.030730118081815826,0.003841264760226978,0.8782382148344048,0.8935905250442402,0.801125703564728,0.9536915683704674,64,9.455966159431838,2.8388614080556462,0.3548576760069558,8.746839678642452,10.165092640221225,5.028301886792453,21.59433962264151,64,0.8859143699393225,0.030730118081815826,0.003841264760226978,0.8782382148344048,0.8935905250442402,0.801125703564728,0.9536915683704674,64,0.16662597656250003,0.017610389123547933,0.0022012986404434916,0.16222703224310603,0.17102492088189403,0.1171875,0.203125,64,1,0.9433759402071946,1,0,0,0.15749240183373175,0
atlas,42,16,3,periodic,64,64,0.7580566406249998,0.03179457147675725,0.0039743214345946565,0.7501145929732401,0.7659986882767594,0.69140625,0.83203125,64,0.21703719635973165,0.13131264595498368,0.01641408074437296,0.18423627334004225,0.24983811937942105,-0.16666666666666666,0.47692307692307695,64,0.2247536303909713,0.11738760290744313,0.014673450363430391,0.19543107963106274,0.2540761811508798,0.029411764705882353,0.47692307692307695,64,64.68749999999999,2.713136766016618,0.33914209575207727,64.00977860038316,65.36522139961681,59,71,64,39.42187499999999,4.994615155900959,0.6243268944876199,38.174257254959315,40.66949274504067,25,48,64,25.265624999999993,3.985060145729217,0.4981325182161521,24.270186593300707,26.26106340669928,17,35,64,882.890625,346.1314603546205,43.266432544327564,796.4295587164318,969.3516912835682,396,2129,64,818.2031250000001,345.07156744180764,43.133945930225956,732.0068120887324,904.3994379112678,332,2060,64,0.03390624999999759,0.01801873694109232,0.00225234211763654,0.02940530343069749,0.03840719656929769,0.024299999999982447,0.12009999999997945,64,0,0,0,0,0,0,0,64,11.203124999999998,4.454994299249911,0.5568742874062389,10.090300534388767,12.31594946561123,3,23,64,818.2031250000001,345.07156744180764,43.133945930225956,732.0068120887324,904.3994379112678,332,2060,64,64.68749999999999,2.713136766016618,0.33914209575207727,64.00977860038316,65.36522139961681,59,71,64,0.9178177378269379,0.026243773091065667,0.0032804716363832084,0.911262238357364,0.9243732372965118,0.8383838383838383,0.9689042448173741,64,13.585352842618978,5.096096200738506,0.6370120250923132,12.312385886803773,14.858319798434183,6.1875,32.15873015873016,64,0.9178177378269379,0.026243773091065667,0.0032804716363832084,0.911262238357364,0.9243732372965118,0.8383838383838383,0.9689042448173741,64,0.24194335937499997,0.03179457147675724,0.003974321434594655,0.23400131172324032,0.24988540702675963,0.16796875,0.30859375,64,1,0.9433759402071946,1,0,0,0.24924952102778647,0
atlas,42,16,4,periodic,64,64,0.696533203125,0.05086405317949972,0.006358006647437465,0.6838277406718094,0.7092386655781906,0.578125,0.8125,64,0.22533829662255492,0.192774281715542,0.02409678521444275,0.1771847137841198,0.2734918794609901,-0.24324324324324326,0.6444444444444445,64,0.2541073013343679,0.15215062200196539,0.019018827750245673,0.21610120676983355,0.2921133958989022,0,0.6444444444444445,64,44.578125,3.255299403487982,0.40691242543599776,43.7649754029958,45.3912745970042,37,52,64,27.500000000000004,5.698788509515903,0.7123485636894878,26.076484984772886,28.92351501522712,14,41,64,17.078125,3.6353846874019853,0.45442308592524816,16.170032923938194,17.986217076061806,8,26,64,673.9843750000003,247.06419011604737,30.88302376450592,612.2695765357569,735.6991734642438,239,1361,64,629.4062500000001,245.83041765825428,30.728802207281785,567.9996387260883,690.812861273912,200,1318,64,0.025415625000004386,0.011979456207691995,0.0014974320259614994,0.022423245872856563,0.02840800412715221,0.019000000000005457,0.10740000000009786,64,0,0,0,0,0,0,0,64,13.953125,7.541272023349823,0.9426590029187278,12.069371296695335,15.836878703304665,3,43,64,629.4062500000001,245.83041765825428,30.728802207281785,567.9996387260883,690.812861273912,200,1318,64,44.578125,3.255299403487982,0.40691242543599776,43.7649754029958,45.3912745970042,37,52,64,0.9255043219023604,0.025334650847489208,0.003166831355936151,0.9191759144124673,0.9318327293922536,0.8368200836820083,0.9684055841293167,64,15.038866770916728,5.308009411334741,0.6635011764168426,13.71296547007275,16.364768071760707,6.128205128205129,31.651162790697676,64,0.9255043219023604,0.025334650847489208,0.003166831355936151,0.9191759144124673,0.9318327293922536,0.8368200836820083,0.9684055841293167,64,0.303466796875,0.050864053179499685,0.006358006647437461,0.2907613344218094,0.3161722593281906,0.1875,0.421875,64,1,0.9433759402071946,1,0,0,0.285857374634887,0
atlas,42,16,8,periodic,64,64,0.65283203125,0.09852539813043597,0.012315674766304496,0.6282211190559942,0.6774429434440058,0.4375,0.8125,64,0.5024741224571073,0.29833902244670973,0.03729237780583872,0.4279512519606994,0.5769969929535153,-0.4666666666666667,0.92,64,0.5278242625131295,0.24994677277396513,0.03124334659674564,0.4653894163248255,0.5902591087014335,0,0.92,64,20.890625,3.152812740173951,0.39410159252174387,20.103075809791815,21.678174190208185,14,26,64,16.046875,4.910079324028683,0.6137599155035853,14.820373677475086,17.273376322524914,4,24,64,4.843750000000001,2.324601006897708,0.2905751258622135,4.263081945341474,5.424418054658528,1,11,64,448.6562500000001,286.9412427409387,35.86765534261734,376.9804601636875,520.3320398363128,86,1205,64,427.765625,285.64439776443425,35.70554972055428,356.4137774004265,499.1174725995735,67,1182,64,0.02127031250000577,0.011232841301745665,0.0014041051627182082,0.018464432227383303,0.024076192772628235,0.014300000000048385,0.10509999999999309,64,0,0,0,0,0,0,0,64,9.765625,9.735782776430526,1.2169728470538157,7.333698820585475,12.197551179414525,0,39,64,427.87500000000006,285.66994497202086,35.70874312150261,356.516770897843,499.2332291021571,67,1182,64,20.78125,3.098738862776684,0.3873423578470855,20.007208062478593,21.555291937521407,14,26,64,0.9331034722333161,0.0413181715771888,0.0051647714471486,0.9227825000576256,0.9434244444090066,0.7790697674418605,0.9816112084063048,64,21.092101995095092,12.416620253402106,1.5520775316752633,17.990522538412904,24.19368145177728,4.526315789473684,54.38095238095238,64,0.9333776096057861,0.041309980013959746,0.005163747501744968,0.923058683621709,0.9436965355898632,0.7790697674418605,0.9824868651488616,64,0.3471679687499999,0.09852539813043597,0.012315674766304496,0.32255705655599404,0.37177888094400574,0.1875,0.5625,57,0.890625,0.7910135867310387,0.945998866555832,7,0,0.5799819747352923,0
atlas,42,32,2,periodic,64,64,0.838592529296875,0.011533165849057041,0.0014416457311321302,0.8357116301844018,0.8414734284093482,0.8046875,0.8671875,64,0.12786321839099107,0.04541558881687693,0.005676948602109616,0.11651874184158902,0.13920769494039312,0.016867469879518072,0.24597701149425288,64,0.12786321839099107,0.04541558881687693,0.005676948602109616,0.11651874184158902,0.13920769494039312,0.016867469879518072,0.24597701149425288,64,429.359375,5.904980914717205,0.7381226143396507,427.8843546544137,430.8343953455863,412,444,64,242.171875,11.254000611422798,1.4067500764278498,239.3607092890801,244.9830407109199,211,271,64,187.18750000000006,9.232233044292537,1.154029130536567,184.88135680119888,189.49364319880124,164,204,64,5739.390625,1214.9445426913426,151.86806783641782,5435.906507928197,6042.874742071803,3872,8601,64,5310.03125,1214.4550671470097,151.8068833933762,5006.669400281299,5613.393099718701,3438,8164,64,0.1471968750000023,0.03177461784643231,0.003971827230804039,0.13925981161679873,0.15513393838320588,0.12059999999996762,0.27470000000016626,64,0,0,0,0,0,0,0,64,42.531249999999986,8.72502103513178,1.0906276293914725,40.35180459139373,44.71069540860624,24,63,64,5310.03125,1214.4550671470097,151.8068833933762,5006.669400281299,5613.393099718701,3438,8164,64,429.359375,5.904980914717205,0.7381226143396507,427.8843546544137,430.8343953455863,412,444,64,0.9220695700040028,0.015466172208831343,0.0019332715261039179,0.9182062351336884,0.9259329048743172,0.8879132231404959,0.9494525972513393,64,13.366400721438575,2.8127259113450536,0.3515907389181317,12.66380269348365,14.0689987493935,8.921658986175116,19.783410138248847,64,0.9220695700040028,0.015466172208831343,0.0019332715261039179,0.9182062351336884,0.9259329048743172,0.8879132231404959,0.9494525972513393,64,0.16140747070312503,0.011533165849057073,0.001441645731132134,0.15852657159065173,0.16428836981559833,0.1328125,0.1953125,64,1,0.9433759402071946,1,0,0,0.1373403289998682,0
atlas,42,32,3,periodic,64,64,0.7535705566406249,0.01760498900547165,0.002200623625683956,0.7491729612305916,0.7579681520506582,0.71484375,0.7939453125,64,0.17440959769257489,0.06409013565623778,0.008011266957029722,0.15840035813538567,0.1904188372497641,0.00819672131147541,0.32061068702290074,64,0.17440959769257489,0.06409013565623778,0.008011266957029722,0.15840035813538567,0.1904188372497641,0.00819672131147541,0.32061068702290074,64,257.21874999999994,6.009169580534319,0.7511461975667899,255.71770410004194,258.71979589995794,244,271,64,151.12500000000009,10.308726462072856,1.288590807759107,148.5499567461355,153.70004325386466,123,173,64,106.09374999999997,7.461475129698628,0.9326843912123285,104.22992896766411,107.95757103233584,89,121,64,4791.906250000002,1375.8086074758953,171.97607593448691,4448.239485116493,5135.573014883511,2793,9182,64,4534.687499999998,1375.8160161582146,171.97700201977682,4191.018884482708,4878.356115517288,2540,8924,64,0.12035781250000001,0.036599066709795125,0.004574883338724391,0.11121563764692444,0.12949998735307558,0.09549999999990177,0.3025000000000091,64,0,0,0,0,0,0,0,64,49.29687499999999,10.936584428799238,1.3670730535999047,46.564997492403684,52.0287525075963,21,76,64,4534.687499999998,1375.8160161582146,171.97700201977682,4191.018884482708,4878.356115517288,2540,8924,64,257.21874999999994,6.009169580534319,0.7511461975667899,255.71770410004194,258.71979589995794,244,271,64,0.9422700339123622,0.015223710279807656,0.001902963784975957,0.938467264229896,0.9460728035948284,0.9073482428115016,0.9719015465040296,64,18.639778497348725,5.366856319536014,0.6708570399420017,17.29917767619717,19.98037931850028,10.793103448275861,35.58914728682171,64,0.9422700339123622,0.015223710279807656,0.001902963784975957,0.938467264229896,0.9460728035948284,0.9073482428115016,0.9719015465040296,64,0.24642944335937506,0.017604989005471642,0.0022006236256839552,0.24203184794934185,0.25082703876940826,0.2060546875,0.28515625,64,1,0.9433759402071946,1,0,0,0.1877836245493266,0
atlas,42,32,4,periodic,64,64,0.6967163085937501,0.02020019112532079,0.002525023890665099,0.6916704509822006,0.7017621662052996,0.65625,0.75390625,64,0.2033890948172584,0.07537668881624952,0.00942208610203119,0.18456055816444833,0.22221763147006846,0.011235955056179775,0.3879781420765027,64,0.2033890948172584,0.07537668881624952,0.00942208610203119,0.18456055816444833,0.22221763147006846,0.011235955056179775,0.3879781420765027,64,178.35937500000003,5.1712489280821226,0.6464061160102653,177.06763545144335,179.6511145485567,168,193,64,107.40625000000001,8.625761986124463,1.0782202482655578,105.25159876412418,109.56090123587585,90,129,64,70.95312499999999,6.061666404807727,0.7577083006009658,69.43896578350459,72.46728421649539,56,88,64,4167.515624999999,1389.5248930204214,173.69061162755267,3820.4226339294373,4514.608616070561,1596,8831,64,3989.1562500000005,1390.1220252336418,173.76525315420523,3641.9140997405734,4336.398400259428,1419,8663,64,0.08886093749999446,0.026597801658711652,0.0033247252073389565,0.08221700432542838,0.09550487067456055,0.07490000000007058,0.23190000000022337,64,0,0,0,0,0,0,0,64,56.03125,11.062547641364548,1.3828184551705685,53.26790781808676,58.79459218191324,30,85,64,3989.1562500000005,1390.1220252336418,173.76525315420523,3641.9140997405734,4336.398400259428,1419,8663,64,178.35937500000003,5.1712489280821226,0.6464061160102653,177.06763545144335,179.6511145485567,168,193,64,0.9525812808639506,0.015829621803653302,0.0019787027254566628,0.9486271589860742,0.9565354027418269,0.8890977443609023,0.9809761068961612,64,23.412033577338477,8.010544373807065,1.001318046725883,21.411059128608475,25.41300802606848,9.016949152542374,52.56547619047619,64,0.9525812808639506,0.015829621803653302,0.0019787027254566628,0.9486271589860742,0.9565354027418269,0.8890977443609023,0.9809761068961612,64,0.30328369140625006,0.020200191125320774,0.0025250238906650967,0.29823783379470054,0.3083295490177996,0.24609375,0.34375,64,1,0.9433759402071946,1,0,0,0.21911834628910204,0
atlas,42,32,8,periodic,64,64,0.5843505859375002,0.04816309898993134,0.0060203873737414175,0.5723198017668728,0.5963813701081276,0.453125,0.671875,64,0.2945349411642656,0.1768373540930999,0.022104669261637486,0.2503622843997235,0.33870759792880767,-0.12903225806451613,0.7108433734939759,64,0.30140810831969095,0.1646524141285647,0.02058155176607059,0.2602791589975629,0.342537057641819,0.014084507042253521,0.7108433734939759,64,74.79687500000003,6.1648766707112115,0.7706095838389014,73.25693462615972,76.33681537384034,58,86,64,48.79687499999999,9.827366531096107,1.2284208163870134,46.342071879337404,51.25167812066258,27,71,64,25.999999999999996,5.333333333333334,0.6666666666666667,24.66777297165284,27.332227028347152,12,36,64,2685.6875,1182.9037030269712,147.8629628783714,2390.206946542912,2981.168053457088,1076,7095,64,2610.890625,1184.0573655824617,148.0071706978077,2315.1218952107843,2906.6593547892157,1006,7030,64,0.06499531250000243,0.016668042130767082,0.0020835052663458853,0.060831759455707984,0.06915886554429687,0.0510999999996784,0.18180000000029395,64,0,0,0,0,0,0,0,64,77.328125,33.328120872215635,4.166015109026954,69.0030081068775,85.6532418931225,18,155,64,2610.890625,1184.0573655824617,148.0071706978077,2315.1218952107843,2906.6593547892157,1006,7030,64,74.79687500000003,6.1648766707112115,0.7706095838389014,73.25693462615972,76.33681537384034,58,86,64,0.966738078037188,0.014221502064513858,0.0017776877580642323,0.9631856525183055,0.9702905035560706,0.9311885612153709,0.9908386187455955,64,36.44213072072766,17.875905452721398,2.2344881815901747,31.976862395672583,40.90739904578274,14.532467532467532,109.15384615384616,64,0.966738078037188,0.014221502064513858,0.0017776877580642323,0.9631856525183055,0.9702905035560706,0.9311885612153709,0.9908386187455955,64,0.41564941406250006,0.04816309898993135,0.006020387373741418,0.40361862989187264,0.4276801982331275,0.328125,0.546875,64,1,0.9433759402071946,1,0,0,0.3357669965641427,0
atlas,43,16,2,periodic,64,64,0.9034423828125002,0.013735392243589387,0.0017169240304486734,0.9000113839140266,0.9068733817109739,0.8671875,0.9296875,64,-0.3592332629884266,0.09721998810599664,0.01215249851324958,-0.3835180934603762,-0.33494843251647705,-0.6,-0.13793103448275862,64,0.3592332629884266,0.09721998810599664,0.01215249851324958,0.33494843251647705,0.3835180934603762,0.13793103448275862,0.6,64,115.64062500000003,1.7581302071794416,0.2197662758974302,115.2014571409954,116.07979285900466,111,119,64,37.06250000000001,5.71512890604389,0.7143911132554862,35.634903275165044,38.49009672483497,23,50,64,78.57812499999997,5.542919657845796,0.6928649572307245,77.19354486547392,79.96270513452602,64,92,64,1877.421875,751.6135617327267,93.95169521659084,1689.6743934101353,2065.169356589865,736,4836,64,1761.78125,751.6099011138564,93.95123763923205,1574.0346828055226,1949.5278171944774,621,4721,64,0.051823437500000416,0.03197587752590312,0.00399698469073789,0.0438361009446642,0.059810774055336635,0.04010000000002378,0.27369999999999095,64,0,0,0,0,0,0,0,64,0,0,0,0,0,0,0,64,899.921875,375.80839024768403,46.976048780960504,806.0477321935749,993.7960178064251,332,2375,64,977.5000000000001,375.8256096767341,46.97820120959176,883.6215559081763,1071.378444091824,404,2461,64,0.9298767530261975,0.0244956216100708,0.00306195270125885,0.9237579288039911,0.935995577248404,0.84375,0.9762200165425972,64,16.238448905657265,6.48668048938179,0.8108350611727237,14.618124329618531,17.858773481695998,6.4,42.052173913043475,64,0.4764616900796655,0.008439337424940992,0.001054917178117624,0.4743536063136315,0.4785697738456995,0.45108695652173914,0.4911083540115798,64,0.09655761718750001,0.013735392243589384,0.001716924030448673,0.09312661828902632,0.0999886160859737,0.0703125,0.1328125,0,0,0,0.05662405979280534,64,0,0.37952067100573406,0
atlas,43,16,3,periodic,64,64,0.841552734375,0.02023023778719219,0.002528779723399024,0.8364993713306274,0.8466060974193726,0.78515625,0.890625,64,-0.3827171357488998,0.14503181293911668,0.018128976617389585,-0.4189450047178398,-0.34648926677995984,-0.7183098591549296,-0.04225352112676056,64,0.3827171357488998,0.14503181293911668,0.018128976617389585,0.34648926677995984,0.4189450047178398,0.04225352112676056,0.7183098591549296,64,71.8125,1.7263136245070683,0.21578920306338353,71.3812796868802,72.2437203131198,67,76,64,22.171875,5.25101558582144,0.65637694822768,20.860210333180593,23.483539666819407,10,34,64,49.64062499999999,5.256491640350943,0.6570614550438679,48.327592455458166,50.95365754454182,37,61,64,1801.828125,772.0610337475589,96.50762921844486,1608.973016870223,1994.683233129777,724,4088,64,1730.015625,771.6722820362899,96.45903525453623,1537.2576241584234,1922.7736258415766,657,4015,64,0.038078125000006395,0.015232999566527279,0.0019041249458159098,0.034273034922757364,0.041883215077255426,0.02960000000001628,0.10230000000001382,64,0,0,0,0,0,0,0,64,0,0,0,0,0,0,0,64,876.5937500000002,386.02848479280465,48.25356059910058,780.1667035338364,973.020796466164,337,2018,64,925.234375,386.05044255437474,48.25630531929684,828.8018436481901,1021.6669063518099,387,2070,64,0.953383142102658,0.017855325608784896,0.002231915701098112,0.948923014469665,0.9578432697356509,0.9072164948453608,0.9821428571428571,64,25.04742082379887,10.6092917053637,1.3261614631704626,22.39729860601672,27.69754304158102,10.777777777777779,56,64,0.48410735113648207,0.006694334969228402,0.0008367918711535503,0.48243515601470416,0.48577954625826,0.4654696132596685,0.4936399217221135,64,0.15844726562499994,0.02023023778719221,0.002528779723399026,0.1533939025806273,0.1635006286693726,0.109375,0.21484375,0,0,0,0.05662405979280534,64,0,0.41298168959124065,0
atlas,43,16,4,periodic,64,64,0.8088378906250002,0.027523634141459724,0.0034404542676824655,0.8019626913772019,0.8157130898727986,0.703125,0.859375,64,-0.3987862903679159,0.1953172431671237,0.024414655395890463,-0.4475750860771964,-0.3499974946586354,-0.8148148148148148,0,64,0.3987862903679159,0.1953172431671237,0.024414655395890463,0.3499974946586354,0.4475750860771964,0,0.8148148148148148,64,51.765625000000014,1.7615125850534223,0.2201890731316778,51.32561224814092,52.20563775185911,45,55,64,15.546875,5.0550295165012065,0.6318786895626508,14.284166196692082,16.809583803307916,5,26,64,36.21874999999999,5.328774092916055,0.6660967616145069,34.88766183602395,37.549838163976034,26,49,64,1327.9687500000002,571.6642362505605,71.45802953132007,1185.1712724989195,1470.766227501081,439,3125,64,1276.2031249999998,571.2893570808831,71.41116963511038,1133.499289529333,1418.9069604706665,388,3073,64,0.0321812500000025,0.014246903033001539,0.0017808628791251924,0.028622479507976428,0.035740020492028575,0.024499999999989086,0.11369999999999436,64,0,0,0,0,0,0,0,64,0,0,0,0,0,0,0,64,646.3750000000002,286.2677456896292,35.78346821120365,574.8674447215501,717.8825552784504,201,1547,64,681.59375,285.4206986159425,35.677587326992814,610.2977807851463,752.8897192148537,238,1578,64,0.9534583689065174,0.020320406978864926,0.0025400508723581157,0.948382482268219,0.9585342555448157,0.8838268792710706,0.98336,64,25.602201860511038,10.876681638701275,1.3595852048376593,22.885287624672586,28.31911609634949,8.607843137254902,60.09615384615385,64,0.4840287663376786,0.007635177393398257,0.0009543971741747821,0.4821215557708579,0.4859359769044993,0.45785876993166286,0.49504,64,0.19116210937500006,0.02752363414145971,0.0034404542676824638,0.18428691012720172,0.1980373086227984,0.140625,0.296875,0,0,0,0.05662405979280534,64,0,0.4395441703280214,0
atlas,43,16,8,periodic,64,64,0.77734375,0.06360628057488842,0.007950785071861052,0.7614553738460315,0.7932321261539685,0.625,0.9375,64,-0.16772090083863886,0.5021024011288733,0.06276280014110916,-0.2931423489227433,-0.042299452754534395,-0.92,0.92,64,0.46587884146331476,0.24534753125118003,0.030668441406397504,0.40459285162498904,0.5271648313016405,0,0.92,64,24.875,2.0354009783964293,0.25442512229955366,24.366571963073007,25.383428036926993,20,30,64,10.343749999999996,6.277242216233961,0.7846552770292451,8.775741548009618,11.911758451990375,1,24,64,14.531250000000004,6.34452332255751,0.7930654153196888,12.946435227695625,16.11606477230438,1,24,64,1073.5000000000002,541.5532335439467,67.69415419299334,938.2240271844917,1208.7759728155088,306,2718,64,1048.6249999999998,540.8504326301223,67.60630407876529,913.5245816294182,1183.7254183705813,284,2692,64,0.022492187500004587,0.0029080787683714044,0.00036350984604642555,0.021765771037044544,0.02321860396296463,0.018399999999928696,0.03510000000005675,64,0,0,0,0,0,0,0,64,0,0,0,0,0,0,0,64,529.984375,271.3124182992969,33.91405228741211,462.21254935289636,597.7562006471037,144,1356,64,543.5156250000003,270.2769885610592,33.7846235701324,476.0024420060032,611.0288079939975,162,1362,64,0.9697241721006518,0.016489434412829688,0.002061179301603711,0.9656052339368525,0.973843110264451,0.9221556886227545,0.9904341427520236,64,42.824718391035155,20.82109772321969,2.6026372154024613,37.62376292602315,48.02567385604716,12.846153846153847,104.53846153846153,64,0.49122772245400503,0.007095828525472073,0.0008869785656840091,0.48945523722585177,0.4930002076821583,0.47005988023952094,0.5,64,0.22265624999999994,0.06360628057488842,0.007950785071861052,0.20676787384603137,0.23854462615396851,0.0625,0.375,0,0,0,0.05662405979280534,64,0,0.5170768056834396,0
atlas,43,32,2,periodic,64,64,0.9043884277343749,0.007854470036448954,0.0009818087545561192,0.9024264394951436,0.9063504159736062,0.876953125,0.919921875,64,-0.36145196284516407,0.04761463225834459,0.005951829032293074,-0.3733457441025473,-0.34955818158778085,-0.48148148148148145,-0.2672413793103448,64,0.36145196284516407,0.04761463225834459,0.005951829032293074,0.34955818158778085,0.3733457441025473,0.2672413793103448,0.48148148148148145,64,463.04687499999994,4.021488658661864,0.502686082332733,462.0423370215135,464.0514129784864,449,471,64,147.85937499999994,11.366711614909033,1.420838951863629,145.0200549180982,150.6986950819017,119,171,64,315.18750000000006,10.748015689876954,1.3435019612346193,312.5027255619088,317.8722744380913,290,340,64,10351.249999999996,2541.342002683459,317.6677503354324,9716.441655453347,10986.058344546645,6437,21481,64,9888.203124999998,2541.0360352990847,317.6295044123856,9253.47120883196,10522.935041168037,5988,21019,64,0.18206718749999598,0.04748157889984244,0.005935197362480305,0.17020664198268945,0.1939277330173025,0.1471999999998843,0.41239999999993415,64,0,0,0,0,0,0,0,64,0,0,0,0,0,0,0,64,5018.53125,1271.3962699325543,158.9245337415693,4700.945911023018,5336.116588976982,3074,10581,64,5332.718750000001,1269.9680594502408,158.7460074312801,5015.490167386776,5649.947332613226,3363,10900,64,0.9530628498577165,0.009730887228305904,0.001216360903538238,0.9506321465498389,0.9554935531655941,0.9302470094764642,0.9784926213863414,64,22.352580965053917,5.490828793145325,0.6863535991431656,20.981012741381104,23.72414918872673,14.33630289532294,46.495670995671,64,0.48405840377095977,0.0034181474227741896,0.0004272684278467737,0.48320457594905447,0.48491223159286506,0.4775516544974367,0.49257483357385595,64,0.095611572265625,0.007854470036448962,0.0009818087545561203,0.09364958402639371,0.09757356050485629,0.080078125,0.123046875,0,0,0,0.05662405979280534,64,0,0.37138795945489317,0
atlas,43,32,3,periodic,64,64,0.8431549072265624,0.011697568369899637,0.0014621960462374546,0.8402329415862526,0.8460768728668722,0.8115234375,0.8701171875,64,-0.4209368179048315,0.08032435319194182,0.010040544148992728,-0.441001244346733,-0.40087239146293,-0.6214285714285714,-0.19310344827586207,64,0.4209368179048315,0.08032435319194182,0.010040544148992728,0.40087239146293,0.441001244346733,0.19310344827586207,0.6214285714285714,64,287.796875,3.9927700035924065,0.4990962504490508,286.7995107281076,288.7942392718924,277,297,64,83.37499999999999,11.942321701371455,1.4927902126714319,80.39189679654052,86.35810320345945,53,117,64,204.42187500000003,11.000439655715924,1.3750549569644905,201.6740469313038,207.16970306869626,173,227,64,9320.953125000002,2674.1297200533527,334.2662150066691,8652.975395557223,9988.93085444278,4221,16789,64,9033.156249999996,2673.621527149366,334.20269089367076,8365.30546336765,9701.007036632343,3939,16504,64,0.15212812500000802,0.050187326765403294,0.006273415845675412,0.13959170377550284,0.1646645462245132,0.11560000000008586,0.42600000000015825,64,0,0,0,0,0,0,0,64,0,0,0,0,0,0,0,64,4558.765625000002,1336.996892377905,167.12461154723812,4224.793738092127,4892.737511907877,2007,8291,64,4762.187499999999,1337.1554488706408,167.1444311088301,4428.17600685866,5096.198993141338,2214,8498,64,0.9667284445308749,0.009220266554923693,0.0011525333193654617,0.964425290472181,0.9690315985895689,0.9331911869225302,0.9830245994401096,64,32.37693912714057,9.259599845513959,1.1574499806892449,30.063959904789407,34.68991834949173,14.96808510638298,58.90877192982456,64,0.4882304488194772,0.0033879144412191885,0.00042348930515239856,0.4873841729716672,0.4890767246672872,0.47547974413646055,0.49409378355804795,64,0.1568450927734375,0.011697568369899623,0.001462196046237453,0.15392312713312767,0.15976705841374733,0.1298828125,0.1884765625,0,0,0,0.05662405979280534,64,0,0.4376985246143052,0
atlas,43,32,4,periodic,64,64,0.8078002929687497,0.013445091314065537,0.001680636414258192,0.8044418090849008,0.8111587768525985,0.7734375,0.83203125,64,-0.48825989428971617,0.10710400607788455,0.013388000759735568,-0.5150136789911941,-0.4615061095882382,-0.7584541062801933,-0.23300970873786409,64,0.48825989428971617,0.10710400607788455,0.013388000759735568,0.4615061095882382,0.5150136789911941,0.23300970873786409,0.7584541062801933,64,206.79687499999991,3.4419433764007774,0.4302429220500972,205.9371031257346,207.65664687426522,198,213,64,52.92187499999999,11.164434300669615,1.395554287583702,50.13308228783284,55.710667712167144,25,79,64,153.87499999999997,11.258154011472387,1.4072692514340484,151.0627968006165,156.68720319938345,127,182,64,7634.937500000001,2021.3132841935076,252.66416052418845,7130.028464382548,8139.846535617454,3077,13738,64,7428.140625,2021.1539519222756,252.64424399028445,6923.271389399714,7933.009860600286,2876,13532,64,0.1055578124999954,0.025214393752016947,0.0031517992190021184,0.09925944433877827,0.11185618066121251,0.0907999999999447,0.2318000000000211,64,0,0,0,0,0,0,0,64,0,0,0,0,0,0,0,64,3741.03125,1010.2766392908555,126.28457991135694,3488.671654067936,3993.390845932064,1467,6806,64,3893.90625,1011.0678422082362,126.38348027602953,3641.349017459541,4146.463482540459,1610,6932,64,0.9707605771799888,0.00894373006381888,0.00111796625797736,0.9685264998815024,0.9729946544784751,0.9346766330841729,0.985005095355947,64,36.922702217115386,9.7978554946309,1.2247319368288625,34.47527073403033,39.37013370020044,15.308457711442786,66.68932038834951,64,0.4892301740957082,0.0031669869893920094,0.0003958733736740012,0.48843908428339095,0.4900212639080254,0.4767630809229769,0.4954141796476925,64,0.19219970703125003,0.013445091314065547,0.0016806364142581934,0.1888412231474012,0.19555819091509885,0.16796875,0.2265625,0,0,0,0.05662405979280534,64,0,0.5106098525022311,0
atlas,43,32,8,periodic,64,64,0.7486572265625002,0.020246319208476027,0.0025307899010595034,0.743599846498611,0.7537146066263894,0.6953125,0.7890625,64,-0.5941650774122798,0.23435194093763878,0.029293992617204848,-0.6527044505115432,-0.5356257043130163,-0.9587628865979382,0.04081632653061224,64,0.5954405876163614,0.23103980840955063,0.02887997605119383,0.537728560606233,0.6531526146264899,0.04081632653061224,0.9587628865979382,64,95.82812500000003,2.5915288586849314,0.32394110733561643,95.18078035182221,96.47546964817785,89,101,64,19.45312499999999,11.30097577961428,1.412621972451785,16.63022524119398,22.276024758806,2,51,64,76.37500000000003,11.401058151949186,1.4251322689936483,73.52710040841546,79.22289959158459,47,95,64,5570.625000000001,2753.675076796721,344.2093845995901,4882.777431638528,6258.472568361474,1869,13647,64,5474.796875000001,2753.418522720424,344.177315340053,4787.01339194003,6162.580358059972,1774,13553,64,0.0860671874999994,0.028384447198369175,0.003548055899796147,0.07897696354830688,0.09315741145169193,0.06970000000001164,0.2539999999999054,64,0,0,0,0,0,0,0,64,0,0,0,0,0,0,0,64,2747.6250000000005,1378.9079242255673,172.3634905281959,2403.184048827118,3092.0659511728827,891,6798,64,2822.9999999999995,1374.7876719177923,171.84845898972404,2479.5882572311225,3166.4117427688766,978,6849,64,0.9784509163548367,0.01011728511332914,0.0012646606391661425,0.9759236937270608,0.9809781389826127,0.9491706795077581,0.9931120392760313,64,58.09687041359744,28.640265295470755,3.5800331619338444,50.94274500253635,65.25099582465855,19.673684210526314,145.18085106382978,64,0.491301747603425,0.004695660225247398,0.0005869575281559247,0.49012880657817326,0.4924746886286767,0.4767255216693419,0.4981314574631787,64,0.2513427734375001,0.02024631920847603,0.002530789901059504,0.24628539337361086,0.25640015350138934,0.2109375,0.3046875,0,0,0,0.05662405979280534,64,0,0.6436528837990636,0
atlas,44,16,2,periodic,64,64,0.8671874999999999,0.017607380306844094,0.0022009225383555118,0.8627893072606564,0.8715856927393434,0.8359375,0.9140625,64,1,0,0,1,1,1,1,64,1,0,0,1,1,1,1,64,110.99999999999999,2.253744679276044,0.2817180849095055,110.43703132936402,111.56296867063595,107,117,64,110.99999999999999,2.253744679276044,0.2817180849095055,110.43703132936402,111.56296867063595,107,117,64,0,0,0,0,0,0,0,64,1019.9374999999999,274.4322783435385,34.30403479294231,951.3863565012214,1088.4886434987784,612,1862,64,908.9375,274.45888320735503,34.30736040091938,840.3797108039724,977.4952891960276,505,1752,64,0.04132656249999922,0.017175806556117158,0.0021469758195146447,0.03703617367605143,0.04561695132394701,0.033499999999975216,0.13579999999998904,64,0,0,0,0,0,0,0,64,4.390624999999998,2.1793925722840717,0.27242407153550896,3.8462289330920223,4.935021066907974,0,9,64,1019.9374999999999,274.4322783435385,34.30403479294231,951.3863565012214,1088.4886434987784,612,1862,64,0,0,0,0,0,0,0,64,0.883610020086232,0.029795068038128036,0.0037243835047660045,0.8761674335327626,0.8910526066397014,0.8206349206349206,0.9409237379162191,64,9.192561694054643,2.4920816208694228,0.31151020260867784,8.570058226772874,9.815065161336411,5.575221238938053,16.927272727272726,64,1,0,0,1,1,1,1,64,0.1328125,0.017607380306844094,0.0022009225383555118,0.12841430726065653,0.13721069273934347,0.0859375,0.1640625,62,0.96875,0.8930270822904169,0.9913878616538281,2,0,1,0
atlas,44,16,3,periodic,64,64,0.8239746093749998,0.02178663193782362,0.0027233289922279527,0.8185324706392085,0.829416748110791,0.7734375,0.87890625,64,1,0,0,1,1,1,1,64,1,0,0,1,1,1,1,64,70.31249999999997,1.859125925360948,0.2323907406701185,69.84810416121245,70.7768958387875,66,75,64,70.31249999999997,1.859125925360948,0.2323907406701185,69.84810416121245,70.7768958387875,66,75,64,0,0,0,0,0,0,0,64,902.2656249999998,386.02492896667985,48.25311612083498,805.8394667527745,998.6917832472251,281,2647,64,831.953125,385.80023738287474,48.22502967285934,735.5830930404597,928.3231569595403,211,2577,64,0.03338906249999506,0.017312965296594336,0.002164120662074292,0.029064412442065195,0.03771371255792493,0.026399999999966894,0.12009999999997945,64,0,0,0,0,0,0,0,64,1.2343749999999996,1.3886408508676433,0.17358010635845542,0.8875028360888371,1.581247163911162,0,7,64,902.2656249999998,386.02492896667985,48.25311612083498,805.8394667527745,998.6917832472251,281,2647,64,0,0,0,0,0,0,0,64,0.9098507701647495,0.0352430238203424,0.0044053779775428,0.9010473247470977,0.9186542155824012,0.7508896797153025,0.9735549678881753,64,12.823242534708154,5.474170408091931,0.6842713010114914,11.455835451813481,14.190649617602826,4.014285714285714,37.81428571428572,64,1,0,0,1,1,1,1,64,0.17602539062499994,0.02178663193782362,0.0027233289922279527,0.1705832518892087,0.1814675293607912,0.12109375,0.2265625,40,0.625,0.502503786840045,0.7333401982117536,24,0,1,0
atlas,44,16,4,periodic,64,64,0.8037109375000001,0.028373980603673132,0.0035467475754591415,0.796623328025873,0.8107985469741272,0.75,0.890625,64,1,0,0,1,1,1,1,64,1,0,0,1,1,1,1,64,51.43750000000001,1.8159347586350805,0.22699184482938506,50.98389299365587,51.89110700634414,48,57,64,51.43750000000001,1.8159347586350805,0.22699184482938506,50.98389299365587,51.89110700634414,48,57,64,0,0,0,0,0,0,0,64,625.984375,321.86956306087717,40.233695382609646,545.5837503415019,706.3849996584981,213,1598,64,574.5468750000002,321.16750955915296,40.14593869489412,494.32161808844137,654.7721319115591,163,1546,64,0.028057812500000164,0.011241657290236315,0.0014052071612795393,0.02524973005897479,0.03086589494102554,0.023300000000062937,0.10950000000002547,64,0,0,0,0,0,0,0,64,0.37500000000000006,0.9511897312113418,0.11889871640141772,0.1373998745613721,0.612600125438628,0,5,64,625.984375,321.86956306087717,40.233695382609646,545.5837503415019,706.3849996584981,213,1598,64,0,0,0,0,0,0,0,64,0.8966088348841584,0.04823974775726881,0.006029968469658601,0.884558904421118,0.9086587653471989,0.7652582159624414,0.967459324155194,64,12.098770650267697,6.076537479816761,0.7595671849770951,10.580896749759622,13.616644550775773,4.26,30.73076923076923,64,1,0,0,1,1,1,1,64,0.1962890625,0.02837398060367313,0.003546747575459141,0.18920145302587288,0.20337667197412712,0.109375,0.25,13,0.203125,0.12273417819183653,0.3171363573101416,51,0,1,0
atlas,44,16,8,periodic,64,64,1,0,0,1,1,1,1,64,1,0,0,1,1,1,1,64,1,0,0,1,1,1,1,64,32,0,0,32,32,32,32,64,32,0,0,32,32,32,32,64,0,0,0,0,0,0,0,64,857.5624999999999,304.1362411397286,38.017030142466076,781.5915273600772,933.5334726399226,410,1855,64,825.5624999999999,304.1362411397286,38.017030142466076,749.5915273600772,901.5334726399226,378,1823,64,0.024874999999996202,0.010211680209367741,0.0012764600261709676,0.02232419817879168,0.027425801821200725,0.022099999999909414,0.10370000000000346,64,0,0,0,0,0,0,0,64,0,0,0,0,0,0,0,64,857.5624999999999,304.1362411397286,38.017030142466076,781.5915273600772,933.5334726399226,410,1855,64,0,0,0,0,0,0,0,64,0.9582952494268604,0.013821648101093613,0.0017277060126367017,0.9548427044562516,0.9617477943974692,0.9219512195121952,0.9827493261455525,64,26.798828124999996,9.504257535616519,1.1880321919520649,24.424735230002412,29.17292101999758,12.8125,57.96875,64,1,0,0,1,1,1,1,64,0,0,0,0,0,0,0,0,0,0,0.05662405979280534,64,0,1,0
atlas,44,32,2,periodic,64,64,0.8641052246093751,0.009866202600899383,0.001233275325112423,0.8616407205271125,0.8665697286916377,0.841796875,0.892578125,64,1,0,0,1,1,1,1,64,1,0,0,1,1,1,1,64,442.42187500000006,5.051495731660484,0.6314369664575605,441.1600489098816,443.6837010901185,431,457,64,442.42187500000006,5.051495731660484,0.6314369664575605,441.1600489098816,443.6837010901185,431,457,64,0,0,0,0,0,0,0,64,5729.078125000001,1305.6916588863226,163.21145736079032,5402.926052752039,6055.230197247963,3867,9845,64,5286.65625,1306.4000726429815,163.3000090803727,4960.327221260687,5612.985278739313,3431,9403,64,0.1496343749999909,0.02176123843018405,0.0027201548037730063,0.14419857937367878,0.15507017062630304,0.13269999999988613,0.2138999999999669,64,0,0,0,0,0,0,0,64,19.656249999999996,4.765013865966933,0.5956267332458667,18.4659849507456,20.846515049254393,9,29,64,5729.078125000001,1305.6916588863226,163.21145736079032,5402.926052752039,6055.230197247963,3867,9845,64,0,0,0,0,0,0,0,64,0.9189758389147019,0.017434619500804063,0.002179327437600508,0.914620800540717,0.9233308772886868,0.8872510990431859,0.9551041137633316,64,12.95556316302954,2.982922426962059,0.37286530337025736,12.210451310405462,13.700675015653617,8.869266055045872,22.273755656108598,64,1,0,0,1,1,1,1,64,0.135894775390625,0.00986620260089939,0.0012332753251124238,0.1334302713083624,0.1383592794728876,0.107421875,0.158203125,64,1,0.9433759402071946,1,0,0,1,0
atlas,44,32,3,periodic,64,64,0.8231048583984376,0.01072860453522355,0.0013410755669029438,0.8204249327225115,0.8257847840743637,0.802734375,0.84375,64,1,0,0,1,1,1,1,64,1,0,0,1,1,1,1,64,280.953125,3.6620303480229723,0.45775379350287154,280.03837703595053,281.86787296404947,274,288,64,280.953125,3.6620303480229723,0.45775379350287154,280.03837703595053,281.86787296404947,274,288,64,0,0,0,0,0,0,0,64,4692.796875,1110.5044353546998,138.81305441933748,4415.401120522701,4970.192629477299,3021,8660,64,4411.843749999999,1110.704941585255,138.83811769815688,4134.397910556507,4689.289589443491,2734,8382,64,0.15827656250000996,0.037762027379444466,0.004720253422430558,0.14884388871499474,0.16770923628502518,0.1168999999999869,0.2699000000000069,64,0,0,0,0,0,0,0,64,5.218749999999999,2.7340809082209714,0.3417601135276214,4.535796909321265,5.901703090678733,0,13,64,4692.796875,1110.5044353546998,138.81305441933748,4415.401120522701,4970.192629477299,3021,8660,64,0,0,0,0,0,0,0,64,0.9370415305304018,0.01388693509512154,0.0017358668868901926,0.9335726773539099,0.9405103837068938,0.9049983449189011,0.9678983833718244,64,16.708632348432634,3.989334511530151,0.4986668139412689,15.712126236924153,17.705138459941114,10.526132404181185,31.151079136690647,64,1,0,0,1,1,1,1,64,0.17689514160156253,0.010728604535223561,0.0013410755669029451,0.1742152159256364,0.17957506727748865,0.15625,0.197265625,63,0.984375,0.9166589839990573,0.9972364580766624,1,0,1,0
atlas,44,32,4,periodic,64,64,0.8037109375000001,0.012927492822837843,0.0016159366028547304,0.8004817458723723,0.8069401291276279,0.77734375,0.828125,64,1,0,0,1,1,1,1,64,1,0,0,1,1,1,1,64,205.75000000000003,3.309438162646488,0.413679770330811,204.9233269433273,206.57667305667275,199,212,64,205.75000000000003,3.309438162646488,0.413679770330811,204.9233269433273,206.57667305667275,199,212,64,0,0,0,0,0,0,0,64,3707.078124999999,1131.3176655856967,141.41470819821208,3424.4833802987728,3989.6728697012254,1844,7085,64,3501.328125,1130.8507831715037,141.35634789643797,3218.8500040558824,3783.8062459441176,1636,6877,64,0.09441406250003581,0.024296696928753123,0.0030370871160941403,0.08834492818477752,0.1004831968152941,0.08210000000008222,0.21309999999994034,64,0,0,0,0,0,0,0,64,1.59375,1.64961515473463,0.20620189434182876,1.1816883945921468,2.005811605407853,0,7,64,3707.078124999999,1131.3176655856967,141.41470819821208,3424.4833802987728,3989.6728697012254,1844,7085,64,0,0,0,0,0,0,0,64,0.9396525214406479,0.01725577422007858,0.0021569717775098223,0.9353421572885771,0.9439628855927188,0.8872017353579176,0.9706422018348624,64,18.00958732479858,5.466969110014899,0.6833711387518624,16.64397907264217,19.37519557695499,8.865384615384615,34.0625,64,1,0,0,1,1,1,1,64,0.19628906249999994,0.012927492822837843,0.0016159366028547304,0.1930598708723721,0.19951825412762778,0.171875,0.22265625,43,0.671875,0.549991058490915,0.7742944209553081,21,0,1,0
atlas,44,32,8,periodic,64,64,0.7708740234374999,0.013993069306428858,0.0017491336633036073,0.7673786587238325,0.7743693881511673,0.75,0.8125,64,1,0,0,1,1,1,1,64,1,0,0,1,1,1,1,64,98.67187499999999,1.7911128712228939,0.22388910890286173,98.22446831665056,99.11928168334941,96,104,64,98.67187499999999,1.7911128712228939,0.22388910890286173,98.22446831665056,99.11928168334941,96,104,64,0,0,0,0,0,0,0,64,2390.0156250000005,1024.7743923945113,128.09679904931392,2134.034598092625,2645.996651907376,894,5481,64,2291.343750000001,1023.9705665839027,127.99632082298784,2035.5635128059334,2547.1239871940684,798,5380,64,0.07925156250000498,0.029637508368268208,0.003704688546033526,0.07184833318105399,0.08665479181895597,0.066899999999805,0.23689999999987776,64,0,0,0,0,0,0,0,64,0,0,0,0,0,0,0,64,2390.0156250000005,1024.7743923945113,128.09679904931392,2134.034598092625,2645.996651907376,894,5481,64,0,0,0,0,0,0,0,64,0.950629463350797,0.021580374211019646,0.0026975467763774557,0.9452388462622159,0.9560200804393781,0.8926174496644296,0.9815727057106367,64,24.146251682345905,10.204319528489904,1.275539941061238,21.597288504518726,26.695214860173085,9.3125,54.26732673267327,64,1,0,0,1,1,1,1,64,0.22912597656249997,0.01399306930642886,0.0017491336633036075,0.22563061184883257,0.23262134127616738,0.1875,0.25,0,0,0,0.05662405979280534,64,0,1,0
atlas,45,16,2,periodic,64,64,0.8564453125,0.01602295793702235,0.0020028697421277937,0.852442896692918,0.860447728307082,0.828125,0.890625,64,-0.818820102561434,0.10007147341696797,0.012508934177120996,-0.8438172128712981,-0.7938229922515699,-0.9819819819819819,-0.5700934579439252,64,0.818820102561434,0.10007147341696797,0.012508934177120996,0.7938229922515699,0.8438172128712981,0.5700934579439252,0.9819819819819819,64,109.625,2.0509386159388607,0.2563673269923576,109.1126907766935,110.1373092233065,106,114,64,9.906249999999998,5.43568091264811,0.6794601140810137,8.548457307006146,11.26404269299385,1,23,64,99.71875000000001,6.2092321177472085,0.7761540147184011,98.167729965148,101.26977003485203,84,111,64,1016.5156250000001,276.14092285605483,34.517615357006854,947.537674800957,1085.493575199043,484,1859,64,906.890625,275.89255541412587,34.48656942676573,837.974715142038,975.806534857962,376,1748,64,0.0410921875000021,0.015904928902476943,0.001988116112809618,0.037119254468535916,0.04506512053146828,0.032299999999992224,0.11840000000000828,64,7.093750000000001,2.8212276400222294,0.35265345500277867,6.389028303407937,7.798471696592065,2,14,64,0,0,0,0,0,0,0,64,10.906249999999998,5.43568091264811,0.6794601140810137,9.548457307006146,12.26404269299385,2,24,64,1005.6093750000005,275.5130635100314,34.43913293875392,936.7882593992273,1074.4304906007737,479,1848,64,0.8851488664719575,0.028545452320062954,0.0035681815400078693,0.8780184246374857,0.8922793083064292,0.7768595041322314,0.9416216216216217,64,9.270038520627269,2.504336619473365,0.3130420774341706,8.64447384577565,9.895603195478888,4.481481481481482,17.12962962962963,64,0.011289698007661858,0.006115660275021749,0.0007644575343777186,0.009762051523679425,0.01281734449164429,0.001563721657544957,0.03247631935047361,64,0.14355468750000003,0.016022957937022346,0.0020028697421277932,0.139552271692918,0.14755710330708205,0.109375,0.171875,64,1,0.9433759402071946,1,0,0,0.839702545067904,0
atlas,45,16,3,periodic,64,64,0.7924804687499999,0.03344026398789874,0.0041800329984873425,0.7841273393400481,0.8008335981599517,0.71484375,0.8671875,64,-0.7535849985366582,0.15257337203863844,0.019071671504829805,-0.791696692918397,-0.7154733041549194,-0.9722222222222222,-0.40625,64,0.7535849985366582,0.15257337203863844,0.019071671504829805,0.7154733041549194,0.791696692918397,0.40625,0.9722222222222222,64,67.62499999999999,2.8535691936340255,0.3566961492042532,66.9121996236841,68.33780037631587,61,74,64,8.203125000000002,4.902800260751543,0.6128500325939429,6.978441933382372,9.427808066617631,1,19,64,59.42187500000001,6.902506302349042,0.8628132877936302,57.697680226376384,61.14606977362363,44,71,64,877.1562499999998,263.28258816366633,32.91032352045829,811.3902162415943,942.9222837584052,342,1602,64,809.5312500000001,263.45066516558745,32.93133314569843,743.723231855694,875.3392681443062,274,1538,64,0.0306203124999973,0.013625596590257954,0.0017031995737822442,0.027216739739704208,0.03402388526029039,0.02420000000000755,0.09440000000000737,64,6.218750000000001,4.045254911817957,0.5056568639772446,5.208275388110381,7.229224611889621,0,19,64,0,0,0,0,0,0,0,64,9.203125000000004,4.902800260751543,0.6128500325939429,7.978441933382374,10.427808066617633,2,20,64,867.953125,262.45020266513086,32.80627533314136,802.3950149526858,933.5112350473142,337,1591,64,0.9150565963800937,0.029071667380159465,0.003633958422519933,0.9077947099345375,0.92231848282565,0.8011695906432749,0.9600499375780275,64,13.003054613868585,4.030896949870907,0.5038621187338633,11.99616651416231,14.00994271357486,5.029411764705882,25.03125,64,0.01137794123925004,0.007689470527031078,0.0009611838158788847,0.009457168651164482,0.0132987138273356,0.0017241379310344827,0.0423728813559322,64,0.20751953125,0.03344026398789874,0.0041800329984873425,0.19916640184004825,0.21587266065995175,0.1328125,0.28515625,62,0.96875,0.8930270822904169,0.9913878616538281,2,0,0.7854232893184834,0
atlas,45,16,4,periodic,64,64,0.7343749999999999,0.05826420223348776,0.00728302527918597,0.7198210353123992,0.7489289646876006,0.5625,0.84375,64,-0.6628554938649384,0.21399842864564697,0.02674980358070587,-0.7163107108647292,-0.6094002768651475,-0.9622641509433962,0,64,0.6628554938649384,0.21399842864564697,0.02674980358070587,0.6094002768651475,0.7163107108647292,0,0.9622641509433962,64,46.99999999999999,3.7289089429432165,0.46611361786790206,46.068546259993546,47.93145374000644,36,54,64,7.609375000000001,4.3117307227373125,0.5389663403421641,6.532336711040227,8.686413288959775,1,19,64,39.390625,7.461259069671949,0.9326573837089936,37.526857937853,41.254392062147,19,52,64,695.8125000000001,322.50600461987216,40.31325057748402,615.2528969702164,776.3721030297838,286,1650,64,648.8125,321.65933250952975,40.20741656369122,568.4643893707562,729.1606106292438,249,1600,64,0.02650312500000496,0.01276759251583781,0.0015959490644797262,0.023313875280657086,0.029692374719352835,0.019499999999993634,0.12399999999990996,64,7.812500000000002,7.406292905575271,0.9257866131969089,5.962463077125658,9.662536922874345,0,33,64,0,0,0,0,0,0,0,64,8.609375000000002,4.3117307227373125,0.5389663403421641,7.532336711040227,9.686413288959777,2,20,64,687.203125,322.765637108438,40.34570463855475,606.5786677042092,767.8275822957908,268,1641,64,0.9199213442932191,0.03176945989884254,0.003971182487355318,0.9119855693269887,0.9278571192594496,0.8338870431893688,0.9699197860962567,64,14.767171933366596,6.549076438515722,0.8186345548144652,13.131261312972438,16.403082553760754,6.02,33.24444444444445,64,0.014788954314665951,0.011462820983896846,0.0014328526229871058,0.011925626826693642,0.01765228180263826,0.0013698630136986301,0.06293706293706294,64,0.26562499999999994,0.058264202233487786,0.007283025279185973,0.2510710353123992,0.2801789646876007,0.15625,0.4375,57,0.890625,0.7910135867310387,0.945998866555832,7,0,0.7075116753927893,0
atlas,45,16,8,periodic,64,64,0.5722656249999999,0.12841020328439512,0.01605127541054939,0.5401897105879329,0.6043415394120669,0.25,0.78125,64,-0.36701640696974647,0.44407275279308883,0.055509094099136104,-0.4779424801866486,-0.25609033375284435,-0.92,1,64,0.49495440034891636,0.2918412872530652,0.03648016090663315,0.4220546158115114,0.5678541848863213,0,1,64,18.312499999999996,4.109126505100644,0.5136408131375805,17.28607073881385,19.33892926118614,8,25,64,5.015625,2.710896223268854,0.33886202790860676,4.338463271309439,5.692786728690561,1,12,64,13.296875000000002,6.376244820885802,0.7970306026107252,11.704136433173257,14.889613566826746,0,24,64,417.39062500000006,259.0029488823668,32.37536861029585,352.6936133269927,482.0876366730074,13,1122,64,399.0781249999999,256.55887066531824,32.06985883316478,334.99162590077003,463.16462409922974,1,1104,64,0.019348437499999697,0.012048104536256725,0.0015060130670320907,0.016338910530583475,0.02235796446941592,0.009500000000002728,0.10069999999996071,64,20.312500000000007,20.022110793693077,2.5027638492116346,15.31112553176515,25.313874468234864,0,76,64,0,0,0,0,0,0,0,64,6.015625,2.710896223268854,0.33886202790860676,5.338463271309439,6.692786728690561,2,13,64,411.37500000000017,260.0517347796487,32.50646684745609,346.4160094046225,476.3339905953778,0,1115,64,0.9238718065660593,0.11560259803222218,0.014450324754027773,0.8949951367574946,0.9527484763746239,0.07692307692307693,0.983957219251337,64,21.937376480233105,12.108230844522442,1.5135288555653053,18.912830405881948,24.961922554584262,1.0833333333333333,62.333333333333336,64,0.04062437101491183,0.1256519439740531,0.015706492996756638,0.009237449278675064,0.07201129275114859,0.0019880715705765406,1,64,0.4277343749999999,0.12841020328439515,0.016051275410549393,0.3956584605879329,0.45981028941206686,0.21875,0.75,58,0.90625,0.810171204003544,0.9563217474148016,6,0,0.5558544620146714,0
atlas,45,32,2,periodic,64,64,0.8599243164062501,0.010990676154036266,0.0013738345192545332,0.8571789271877093,0.862669705624791,0.83984375,0.884765625,64,-0.9021356040965427,0.05687884116293272,0.00710985514536659,-0.9163435158849784,-0.887927692308107,-0.9909706546275395,-0.7546296296296297,64,0.9021356040965427,0.05687884116293272,0.00710985514536659,0.887927692308107,0.9163435158849784,0.7546296296296297,0.9909706546275395,64,440.28125000000006,5.627226190866568,0.703403273858321,438.87561072010715,441.68688927989297,430,453,64,21.468750000000007,12.315906284924695,1.539488285615587,18.39232814411864,24.545171855881375,2,53,64,418.81250000000006,15.73276330686511,1.9665954133581387,414.8825726547512,422.7424273452489,379,445,64,5722.875000000001,1325.9217758056304,165.7402219757038,5391.669594899566,6054.080405100436,3690,9803,64,5282.59375,1325.746949911035,165.71836873887938,4951.432015108697,5613.755484891303,3251,9365,64,0.14718281249998458,0.024486164248070187,0.0030607705310087734,0.14106635065651704,0.1532992743434521,0.12589999999977408,0.2342999999998483,64,23.74999999999999,6.453742608037112,0.806717826004639,22.13790306192073,25.362096938079247,12,42,64,0,0,0,0,0,0,0,64,22.468750000000007,12.315906284924695,1.539488285615587,19.39232814411864,25.545171855881375,3,54,64,5700.406250000001,1325.002146973403,165.62526837167536,5369.430561347005,6031.381938652997,3680,9784,64,0.9191727347347173,0.01778553960470484,0.002223192450588105,0.914730039126881,0.9236154303425536,0.881029810298103,0.9553198000612058,64,12.999039987197916,3.0130885728983556,0.37663607161229445,12.246392855519325,13.751687118876507,8.405466970387243,22.381278538812786,64,0.004053186439980095,0.002267131805359313,0.0002833914756699141,0.0034868737647441275,0.004619499115216062,0.0005434782608695652,0.010800196367206676,64,0.14007568359375003,0.010990676154036259,0.0013738345192545324,0.13733029437520922,0.14282107281229084,0.115234375,0.16015625,64,1,0.9433759402071946,1,0,0,0.9140048120722312,0
atlas,45,32,3,periodic,64,64,0.8049316406250003,0.015511234835128096,0.001938904354391012,0.8010570494455508,0.8088062318044499,0.7587890625,0.837890625,64,-0.8677716088099903,0.08063849595935825,0.010079811994919781,-0.8879145057804253,-0.8476287118395552,-0.992831541218638,-0.6061776061776062,64,0.8677716088099903,0.08063849595935825,0.010079811994919781,0.8476287118395552,0.8879145057804253,0.6061776061776062,0.992831541218638,64,274.75,5.29450149039039,0.6618126862987987,273.4274728774146,276.0725271225854,259,286,64,18.015625000000004,10.725273796778943,1.3406592245973679,15.336531317782672,20.694718682217335,1,53,64,256.7343750000001,14.89459493686664,1.86182436710833,253.01381588415452,260.4549341158457,208,284,64,4527.734375,1281.0860625859543,160.1357578232443,4207.728597834529,4847.740152165471,2079,8106,64,4252.984374999999,1280.3017314529839,160.03771643162298,3933.1745179222503,4572.794232077748,1806,7828,64,0.16393906249999185,0.03974350148411076,0.004967937685513845,0.1540114312103129,0.1738666937896708,0.1310000000000855,0.34039999999981774,64,15.171875000000002,8.23186739889655,1.0289834248620688,13.115615704516292,17.228134295483713,4,52,64,0,0,0,0,0,0,0,64,19.015625000000004,10.725273796778943,1.3406592245973679,16.336531317782672,21.694718682217335,2,54,64,4508.71875,1280.6203539970104,160.0775442496263,4188.829303378815,4828.608196621185,2059,8086,64,0.9346005111305465,0.018313109132354084,0.0022891386415442604,0.9300260325756978,0.9391749896853953,0.8686868686868687,0.9663241302463786,64,16.471889826987336,4.631270186056118,0.5789087732570147,15.3150329549669,17.62874669900777,7.615384615384615,29.69485294117647,64,0.004543596455114032,0.00297239825981822,0.0003715497824772775,0.0038011134612249285,0.005286079449003136,0.00046761748889408465,0.01625,64,0.19506835937500003,0.015511234835128087,0.0019389043543910109,0.19119376819555048,0.19894295055444958,0.162109375,0.2412109375,64,1,0.9433759402071946,1,0,0,0.8845988693486962,0
atlas,45,32,4,periodic,64,64,0.7712402343750001,0.025371539683012072,0.003171442460376509,0.764902612328158,0.7775778564218422,0.69140625,0.82421875,64,-0.8616576755529032,0.08614820311894683,0.010768525389868354,-0.883176856422641,-0.8401384946831654,-0.9903381642512077,-0.5254237288135594,64,0.8616576755529032,0.08614820311894683,0.010768525389868354,0.8401384946831654,0.883176856422641,0.5254237288135594,0.9903381642512077,64,197.43750000000003,6.495114158851091,0.8118892698563863,195.81506875600846,199.0599312439916,177,211,64,13.421875,7.833190854833933,0.9791488568542416,11.465202142185339,15.378547857814661,1,42,64,184.015625,13.75118140667794,1.7188976758347425,180.58068208593477,187.45056791406523,135,207,64,4309.203124999999,1576.5406994850898,197.06758743563623,3915.3949754106175,4703.01127458938,2208,9829,64,4111.765624999999,1574.9868806930294,196.87336008662868,3718.3456077966057,4505.1856422033925,2031,9625,64,0.08689999999998575,0.020822896433296167,0.002602862054162021,0.08169859523056498,0.09210140476940652,0.07119999999986248,0.21219999999993888,64,12.84375,9.840342538237236,1.2300428172796545,10.385705569193643,15.301794430806357,1,45,64,0,0,0,0,0,0,0,64,14.421875,7.833190854833933,0.9791488568542416,12.465202142185339,16.378547857814663,2,43,64,4294.781250000001,1578.2449009142736,197.2806126142842,3900.5474035595494,4689.015096440452,2165,9822,64,0.9490876647230384,0.0156513852593817,0.0019564231574227126,0.9451780650092342,0.9529972644368426,0.9115162294353045,0.98006576243321,64,21.78489283811508,7.809825115497431,0.9762281394371789,19.834056568328183,23.735729107901978,11.301507537688442,50.16494845360825,64,0.003869706764695035,0.0029923192530692984,0.0003740399066336623,0.0031222476547483175,0.004617165874641753,0.0002763576067431256,0.01947463768115942,64,0.22875976562499994,0.02537153968301208,0.00317144246037651,0.22242214357815787,0.23509738767184202,0.17578125,0.30859375,64,1,0.9433759402071946,1,0,0,0.8796346757632555,0
atlas,45,32,8,periodic,64,64,0.6611328125,0.06578512918377673,0.008223141147972091,0.6447001761571369,0.6775654488428631,0.515625,0.7734375,64,-0.7678108960462472,0.1484962552325391,0.018562031904067387,-0.8049041569517084,-0.730717635140786,-0.9795918367346939,-0.30303030303030304,64,0.7678108960462472,0.1484962552325391,0.018562031904067387,0.730717635140786,0.8049041569517084,0.30303030303030304,0.9795918367346939,64,84.625,8.420496535523421,1.0525620669404276,82.52162254811353,86.72837745188647,66,99,64,9.281249999999998,5.177695601909381,0.6472119502386726,7.987900120234147,10.574599879765849,1,23,64,75.34375,13.05570330885659,1.6319629136070737,72.08253234584872,78.60496765415128,43,97,64,2596.7031250000005,1086.0037662492427,135.75047078115534,2325.4274555717416,2867.9787944282593,1022,6379,64,2512.0781249999995,1086.7651475195066,135.84564343993833,2240.612268189155,2783.543981810844,941,6298,64,0.06773125000000846,0.021241542668077897,0.002655192833509737,0.06242527051259544,0.07303722948742147,0.05209999999988213,0.22339999999985594,64,30.140625000000014,32.638407206847575,4.079800900855947,21.98779345440696,38.29345654559307,0,179,64,0,0,0,0,0,0,0,64,10.281249999999998,5.177695601909381,0.6472119502386726,8.987900120234148,11.574599879765849,2,24,64,2586.421875000001,1084.9376224434536,135.6172028054317,2315.41252037065,2857.431229629352,1006,6363,64,0.9623465042133178,0.014535591478096672,0.001816948934762084,0.9587156214932928,0.9659773869333428,0.9196652719665271,0.9891107078039928,64,31.14547619652069,14.315918653546428,1.7894898316933034,27.569466115419356,34.72148627762202,12.447916666666666,91.83333333333333,64,0.004458993930473127,0.002814190869989674,0.00035177385874870924,0.0037560299667366193,0.005161957894209634,0.0005627462014631402,0.015655577299412915,64,0.3388671875,0.06578512918377671,0.00822314114797209,0.3224345511571369,0.3552998238428631,0.2265625,0.484375,58,0.90625,0.810171204003544,0.9563217474148016,6,0,0.7987983933462898,0
atlas,46,16,2,periodic,64,64,0.861572265625,0.016438917189307033,0.002054864648663379,0.8574659462881834,0.8656785849618166,0.8203125,0.890625,64,-0.9818580100157752,0.0003483347824699386,0.00004354184780874233,-0.9819450214555477,-0.9817709985760027,-0.9824561403508771,-0.9809523809523809,64,0.9818580100157752,0.0003483347824699386,0.00004354184780874233,0.9817709985760027,0.9819450214555477,0.9809523809523809,0.9824561403508771,64,110.28125,2.1041814002313,0.2630226750289125,109.75564112488748,110.80685887511252,105,114,64,1,0,0,1,1,1,1,64,109.28125,2.1041814002313,0.2630226750289125,108.75564112488748,109.80685887511252,104,113,64,1060.1875000000005,316.3015376162637,39.537692202032964,981.1777267149721,1139.1972732850288,553,2165,64,949.9062500000001,315.9862724941732,39.49828406177165,870.9752275993613,1028.837272400639,444,2057,64,0.04070156250000244,0.013856446464765401,0.0017320558080956752,0.03724032515677634,0.04416279984322854,0.033999999999991815,0.095799999999997,64,4.640625000000002,2.5842452307585697,0.3230306538448212,3.9950997479449146,5.286150252055089,0,11,64,0,0,0,0,0,0,0,64,1,0,0,1,1,1,1,64,1059.1875000000005,316.3015376162637,39.537692202032964,980.1777267149721,1138.1972732850288,552,2164,64,0.8871502058897529,0.0321701577423557,0.004021269717794463,0.8791143395802733,0.8951860721992325,0.8028933092224232,0.9501154734411086,64,9.608879051467072,2.856290653509361,0.3570363316886701,8.895398874700723,10.322359228233422,5.073394495412844,20.046296296296298,64,0.001024378288537287,0.00029586602346505904,0.00003698325293313238,0.0009504731548067097,0.0010982834222678644,0.00046189376443418013,0.0018083182640144665,64,0.138427734375,0.016438917189307053,0.0020548646486633817,0.13432141503818334,0.14253405371181666,0.109375,0.1796875,62,0.96875,0.8930270822904169,0.9913878616538281,2,0,0.9819306988732444,0
atlas,46,16,3,periodic,64,64,0.8188476562500001,0.02154769483962926,0.0026934618549536576,0.8134652022255131,0.8242301102744871,0.7734375,0.8671875,64,-0.9713578997354436,0.0007555123410176456,0.0000944390426272057,-0.9715466211031224,-0.9711691783677648,-0.972972972972973,-0.9696969696969697,64,0.9713578997354436,0.0007555123410176456,0.0000944390426272057,0.9711691783677648,0.9715466211031224,0.9696969696969697,0.972972972972973,64,69.875,1.8387366263150307,0.22984207828937883,69.4156972565771,70.3343027434229,66,74,64,1,0,0,1,1,1,1,64,68.875,1.8387366263150307,0.22984207828937883,68.4156972565771,69.3343027434229,65,73,64,891.6093749999999,394.08667232924745,49.26083404115593,793.1694531771725,990.0492968228273,368,2335,64,821.7343750000002,394.21834422891504,49.27729302861438,723.2615625152458,920.2071874847546,298,2266,64,0.04883281249999881,0.03796249216017675,0.004745311520022093,0.03935006410264797,0.05831556089734965,0.02719999999999345,0.20039999999994507,64,1.9374999999999998,1.6985054120963632,0.2123131765120454,1.5132259716646186,2.3617740283353807,0,9,64,0,0,0,0,0,0,0,64,1,0,0,1,1,1,1,64,890.6093749999999,394.08667232924745,49.26083404115593,792.1694531771725,989.0492968228273,367,2334,64,0.9085016410256447,0.03484410018890857,0.0043555125236135715,0.8997978437662509,0.9172054382850384,0.8097826086956522,0.9704496788008565,64,12.779826417358102,5.714865385093676,0.7143581731367095,11.35229551809797,14.207357316618234,5.257142857142857,33.84057971014493,64,0.0013093284584963832,0.0004989660434525189,0.00006237075543156486,0.001184690449249842,0.0014339664677429245,0.00042826552462526765,0.002717391304347826,64,0.18115234375000003,0.021547694839629265,0.002693461854953658,0.17576988972551302,0.18653479777448703,0.1328125,0.2265625,49,0.765625,0.6486674241743136,0.8525010440607586,15,0,0.9715155564830213,0
atlas,46,16,4,periodic,64,64,0.7954101562500002,0.02239648220267107,0.0027995602753338837,0.78981568145057,0.8010046310494304,0.75,0.84375,64,-0.9606815688600066,0.0011019234064572247,0.0001377404258071531,-0.960956821137241,-0.9604063165827721,-0.9629629629629629,-0.9583333333333334,64,0.9606815688600066,0.0011019234064572247,0.0001377404258071531,0.9604063165827721,0.960956821137241,0.9583333333333334,0.9629629629629629,64,50.906250000000014,1.4333748609709485,0.17917185762136856,50.54820361283648,51.26429638716355,48,54,64,1,0,0,1,1,1,1,64,49.906250000000014,1.4333748609709485,0.17917185762136856,49.54820361283648,50.26429638716355,47,53,64,670,309.65080178746354,38.70635022343294,592.6515310955075,747.3484689044925,275,1697,64,619.09375,309.50414612449697,38.68801826556212,541.7819145901445,696.4055854098555,223,1645,64,0.028979687499992576,0.018071842341470093,0.0022589802926837616,0.02446547559636726,0.03349389940361789,0.0221000000000231,0.1613999999999578,64,0.8906250000000002,1.3347276935289143,0.1668409616911143,0.5572199420994979,1.2240300579005026,0,6,64,0,0,0,0,0,0,0,64,1,0,0,1,1,1,1,64,669,309.65080178746354,38.70635022343294,591.6515310955075,746.3484689044925,274,1696,64,0.9089399155477962,0.03721858337999784,0.00465232292249973,0.8996429900348665,0.9182368410607259,0.8109090909090909,0.9693576900412493,64,13.154474780362271,6.023683938703696,0.752960492337962,11.64980330160695,14.659146259117593,5.288461538461538,32.63461538461539,64,0.0017901227842465547,0.0007313264543489248,0.0000914158067936156,0.0016074428713036303,0.001972802697189479,0.0005892751915144372,0.0036363636363636364,64,0.20458984375000003,0.022396482202671108,0.0027995602753338885,0.19899536895056982,0.21018431854943023,0.15625,0.25,28,0.4375,0.3229400970440308,0.5591379104300699,36,0,0.9609115130328678,0
atlas,46,16,8,periodic,64,64,0.78125,0,0,0.78125,0.78125,0.78125,0.78125,64,-0.92,0,0,-0.92,-0.92,-0.92,-0.92,64,0.92,0,0,0.92,0.92,0.92,0.92,64,25,0,0,25,25,25,25,64,1,0,0,1,1,1,1,64,24,0,0,24,24,24,24,64,655.7968750000001,275.45634169602187,34.43204271200273,586.9899280867995,724.6038219132007,233,1411,64,630.7968750000001,275.45634169602187,34.43204271200273,561.9899280867995,699.6038219132007,208,1386,64,0.020914062499990387,0.0016276253212860008,0.0002034531651607501,0.020507493791545494,0.02132063120843528,0.019000000000005457,0.027999999999906322,64,1.0312499999999996,0.9589801130069681,0.11987251412587101,0.7917038950883821,1.270796104911617,0,4,64,0,0,0,0,0,0,0,64,1,0,0,1,1,1,1,64,654.7968750000001,275.45634169602187,34.43204271200273,585.9899280867995,723.6038219132007,232,1410,64,0.9545115850001817,0.020368189176501756,0.0025460236470627195,0.9494237627240398,0.9595994072763236,0.8927038626609443,0.9822820694542878,64,26.231875000000002,11.018253667840876,1.3772817084801094,23.479597123471976,28.98415287652803,9.32,56.44,64,0.0018195365999927316,0.0008147275670600702,0.00010184094588250878,0.0016160237089470543,0.002023049491038409,0.0007087172218284905,0.004291845493562232,64,0.21875,0,0,0.21875,0.21875,0.21875,0.21875,43,0.671875,0.549991058490915,0.7742944209553081,21,0,0.92,0
atlas,46,32,2,periodic,64,64,0.8635864257812503,0.007400295208803501,0.0009250369011004376,0.8617378870384536,0.8654349645240471,0.84375,0.884765625,64,-0.9954763840290817,0.000038900260156594086,0.000004862532519574261,-0.9954861010249548,-0.9954666670332085,-0.9955849889624724,-0.9953703703703703,64,0.9954763840290817,0.000038900260156594086,0.000004862532519574261,0.9954666670332085,0.9954861010249548,0.9953703703703703,0.9955849889624724,64,442.15625000000017,3.7889511469073924,0.47361889336342405,441.2097981636882,443.1027018363121,432,453,64,1,0,0,1,1,1,1,64,441.15625000000017,3.7889511469073924,0.47361889336342405,440.2097981636882,442.1027018363121,431,452,64,5572.203125000001,1113.4333314043292,139.17916642554115,5294.075754057601,5850.3304959424,3278,7965,64,5130.046875000001,1114.1390644397643,139.26738305497054,4851.743217190488,5408.350532809513,2839,7528,64,0.16789999999998886,0.03700013727986736,0.00462501715998342,0.15865764069933988,0.17714235930063785,0.12850000000003092,0.29399999999986903,64,19.765625,5.5656035126765415,0.6957004390845677,18.375378607127832,21.155871392872168,10,42,64,0,0,0,0,0,0,0,64,1,0,0,1,1,1,1,64,5571.203125000001,1113.4333314043292,139.17916642554115,5293.075754057601,5849.3304959424,3277,7964,64,0.9173582755823511,0.017330909410085162,0.0021663636762606453,0.9130291432182351,0.921687407946467,0.8660768761439902,0.9451349654739485,64,12.60713646188735,2.5443458378330157,0.31804322972912696,11.9715777816454,13.2426951421293,7.466970387243736,18.226544622425628,64,0.0001868567683887949,0.00003894601276397425,0.000004868251595496781,0.00017712834385432243,0.00019658519292326736,0.00012554927809165097,0.0003050640634533252,64,0.13641357421875,0.0074002952088034896,0.0009250369011004362,0.13456503547595325,0.13826211296154675,0.115234375,0.15625,64,1,0.9433759402071946,1,0,0,0.995484501551673,0
atlas,46,32,3,periodic,64,64,0.8238830566406253,0.010155025869522938,0.0012693782336903672,0.8213464066524485,0.8264197066288022,0.7939453125,0.8466796875,64,-0.9928870322824612,0.00008790330385436844,0.000010987912981796055,-0.9929089898744504,-0.992865074690472,-0.9930795847750865,-0.992619926199262,64,0.9928870322824612,0.00008790330385436844,0.000010987912981796055,0.992865074690472,0.9929089898744504,0.992619926199262,0.9930795847750865,64,281.2187499999999,3.4662488301304712,0.4332811037663089,280.3529068040355,282.08459319596426,271,289,64,1,0,0,1,1,1,1,64,280.2187499999999,3.4662488301304712,0.4332811037663089,279.3529068040355,281.08459319596426,270,288,64,4474.15625,1118.2170363027824,139.7771295378478,4194.833945127346,4753.478554872654,2801,7253,64,4192.937500000001,1117.5762304882746,139.69702881103433,3913.775263657224,4472.099736342778,2521,6973,64,0.19395156249998993,0.05637070609328172,0.007046338261660215,0.17987057907539925,0.20803254592458062,0.1392000000000735,0.46420000000011896,64,5.062500000000003,2.724812502650994,0.34060156283137427,4.381862088148145,5.743137911851861,0,14,64,0,0,0,0,0,0,0,64,1,0,0,1,1,1,1,64,4473.15625,1118.2170363027824,139.7771295378478,4193.833945127346,4752.478554872654,2800,7252,64,0.9334292250973152,0.015758189726467697,0.001969773715808462,0.9294929464214234,0.9373655037732069,0.900035701535166,0.9619257828666022,64,15.903314181995974,3.9416122606599635,0.49270153258249544,14.918728734074273,16.887899629917676,10.003571428571428,26.264492753623188,64,0.0002368527987341572,0.000056553195195446265,0.000007069149399430783,0.00022272623088813857,0.00025097936658017585,0.00013787398317937404,0.0003570153516601214,64,0.17611694335937508,0.010155025869522893,0.0012693782336903616,0.17358029337119826,0.1786535933475519,0.1533203125,0.2060546875,63,0.984375,0.9166589839990573,0.9972364580766624,1,0,0.992905375528805,0
atlas,46,32,4,periodic,64,64,0.8017578125000001,0.01391985634960543,0.0017399820437006787,0.798280735838815,0.8052348891611852,0.77734375,0.8359375,64,-0.9902529081804327,0.0001684024303621655,0.000021050303795270688,-0.9902949738559391,-0.9902108425049262,-0.9906542056074766,-0.9899497487437185,64,0.9902529081804327,0.0001684024303621655,0.000021050303795270688,0.9902108425049262,0.9902949738559391,0.9899497487437185,0.9906542056074766,64,205.25000000000003,3.56348322549899,0.44543540318737374,204.35986837473664,206.14013162526342,199,214,64,1,0,0,1,1,1,1,64,204.25000000000003,3.56348322549899,0.44543540318737374,203.35986837473664,205.14013162526342,198,213,64,3694.90625,1046.881775268291,130.86022190853637,3433.402963156912,3956.409536843088,1593,6913,64,3489.656250000001,1046.7581582510254,130.84476978137818,3228.183841769081,3751.128658230921,1392,6713,64,0.09953593749997221,0.028708067375655524,0.0035885084219569405,0.09236487563319855,0.10670699936674587,0.08059999999977663,0.2711000000003878,64,2.031250000000001,1.7454589608830635,0.21818237011038294,1.5952473241451588,2.467252675854843,0,9,64,0,0,0,0,0,0,0,64,1,0,0,1,1,1,1,64,3693.90625,1046.881775268291,130.86022190853637,3432.402963156912,3955.409536843088,1592,6912,64,0.9400522941629511,0.01700725887439886,0.0021259073592998575,0.935804007297219,0.9443005810286832,0.8738229755178908,0.971069000433965,64,18.003932476288,5.1344614952540795,0.6418076869067599,16.721382155040768,19.286482797535232,7.925373134328358,34.565,64,0.00029228889937699186,0.00008425758037161056,0.00001053219754645132,0.00027124198201808076,0.00031333581673590296,0.00014465499783017504,0.0006277463904582549,64,0.1982421875,0.013919856349605438,0.0017399820437006797,0.19476511083881484,0.20171926416118516,0.1640625,0.22265625,51,0.796875,0.6828636426898583,0.8772658218081634,13,0,0.9902880496043561,0
atlas,46,32,8,periodic,64,64,0.7623291015624998,0.014586301748008854,0.0018232877185011067,0.7586855517939389,0.7659726513310606,0.734375,0.796875,64,-0.9794962465632208,0.0003906584498375427,0.00004883230622969284,-0.9795938301405444,-0.9793986629858972,-0.9803921568627451,-0.9787234042553191,64,0.9794962465632208,0.0003906584498375427,0.00004883230622969284,0.9793986629858972,0.9795938301405444,0.9787234042553191,0.9803921568627451,64,97.57812499999997,1.8670466237451333,0.23338082796814166,97.11175062962418,98.04449937037576,94,102,64,1,0,0,1,1,1,1,64,96.57812499999997,1.8670466237451333,0.23338082796814166,96.11175062962418,97.04449937037576,93,101,64,2582.734375000001,1190.243262346613,148.78040779332662,2285.4204541738286,2880.048295826173,825,6570,64,2485.15625,1189.4121960127238,148.67652450159048,2188.0499233673945,2782.2625766326055,729,6473,64,0.0753453124999979,0.019412342086893245,0.0024265427608616556,0.07049625372280786,0.08019437127718794,0.06579999999985375,0.1908000000003085,64,0.671875,1.0087661408791073,0.12609576760988842,0.4198927153448872,0.9238572846551127,0,4,64,0,0,0,0,0,0,0,64,1,0,0,1,1,1,1,64,2581.734375000001,1190.243262346613,148.78040779332662,2284.4204541738286,2879.048295826173,824,6569,64,0.9538770317992323,0.02171724870606943,0.0027146560882586788,0.9484522244790643,0.9593018391194004,0.8836363636363637,0.9852359208523592,64,26.376309388809634,11.949658064964805,1.4937072581206006,23.391373616249755,29.361245161369514,8.59375,67.73195876288659,64,0.0004746880511758272,0.00022848763173551845,0.000028560953966939807,0.000417613538930623,0.0005317625634210314,0.00015220700152207003,0.0012121212121212121,64,0.23767089843749997,0.014586301748008838,0.0018232877185011048,0.2340273486689391,0.24131444820606085,0.203125,0.265625,25,0.390625,0.2805556918824008,0.5130808211972754,39,0,0.9795777673237317,0
atlas,47,16,2,periodic,64,64,0.861572265625,0.016438917189307033,0.002054864648663379,0.8574659462881834,0.8656785849618166,0.8203125,0.890625,64,-0.9818580100157752,0.0003483347824699386,0.00004354184780874233,-0.9819450214555477,-0.9817709985760027,-0.9824561403508771,-0.9809523809523809,64,0.9818580100157752,0.0003483347824699386,0.00004354184780874233,0.9817709985760027,0.9819450214555477,0.9809523809523809,0.9824561403508771,64,110.28125,2.1041814002313,0.2630226750289125,109.75564112488748,110.80685887511252,105,114,64,1,0,0,1,1,1,1,64,109.28125,2.1041814002313,0.2630226750289125,108.75564112488748,109.80685887511252,104,113,64,1060.1875000000005,316.3015376162637,39.537692202032964,981.1777267149721,1139.1972732850288,553,2165,64,949.9062500000001,315.9862724941732,39.49828406177165,870.9752275993613,1028.837272400639,444,2057,64,0.04032031249999955,0.013261750461292365,0.0016577188076615456,0.03700762579855035,0.04363299920144875,0.03319999999999368,0.10290000000000532,64,4.640625000000002,2.5842452307585697,0.3230306538448212,3.9950997479449146,5.286150252055089,0,11,64,0,0,0,0,0,0,0,64,1,0,0,1,1,1,1,64,1059.1875000000005,316.3015376162637,39.537692202032964,980.1777267149721,1138.1972732850288,552,2164,64,0.8871502058897529,0.0321701577423557,0.004021269717794463,0.8791143395802733,0.8951860721992325,0.8028933092224232,0.9501154734411086,64,9.608879051467072,2.856290653509361,0.3570363316886701,8.895398874700723,10.322359228233422,5.073394495412844,20.046296296296298,64,0.001024378288537287,0.00029586602346505904,0.00003698325293313238,0.0009504731548067097,0.0010982834222678644,0.00046189376443418013,0.0018083182640144665,64,0.138427734375,0.016438917189307053,0.0020548646486633817,0.13432141503818334,0.14253405371181666,0.109375,0.1796875,62,0.96875,0.8930270822904169,0.9913878616538281,2,0,0.9819306988732444,0
atlas,47,16,3,periodic,64,64,0.8188476562500001,0.02154769483962926,0.0026934618549536576,0.8134652022255131,0.8242301102744871,0.7734375,0.8671875,64,-0.9713578997354436,0.0007555123410176456,0.0000944390426272057,-0.9715466211031224,-0.9711691783677648,-0.972972972972973,-0.9696969696969697,64,0.9713578997354436,0.0007555123410176456,0.0000944390426272057,0.9711691783677648,0.9715466211031224,0.9696969696969697,0.972972972972973,64,69.875,1.8387366263150307,0.22984207828937883,69.4156972565771,70.3343027434229,66,74,64,1,0,0,1,1,1,1,64,68.875,1.8387366263150307,0.22984207828937883,68.4156972565771,69.3343027434229,65,73,64,891.6093749999999,394.08667232924745,49.26083404115593,793.1694531771725,990.0492968228273,368,2335,64,821.7343750000002,394.21834422891504,49.27729302861438,723.2615625152458,920.2071874847546,298,2266,64,0.049199999999996365,0.03587803413418043,0.004484754266772553,0.04023793372546192,0.058162066274530806,0.026299999999991996,0.23040000000003147,64,1.9374999999999998,1.6985054120963632,0.2123131765120454,1.5132259716646186,2.3617740283353807,0,9,64,0,0,0,0,0,0,0,64,1,0,0,1,1,1,1,64,890.6093749999999,394.08667232924745,49.26083404115593,792.1694531771725,989.0492968228273,367,2334,64,0.9085016410256447,0.03484410018890857,0.0043555125236135715,0.8997978437662509,0.9172054382850384,0.8097826086956522,0.9704496788008565,64,12.779826417358102,5.714865385093676,0.7143581731367095,11.35229551809797,14.207357316618234,5.257142857142857,33.84057971014493,64,0.0013093284584963832,0.0004989660434525189,0.00006237075543156486,0.001184690449249842,0.0014339664677429245,0.00042826552462526765,0.002717391304347826,64,0.18115234375000003,0.021547694839629265,0.002693461854953658,0.17576988972551302,0.18653479777448703,0.1328125,0.2265625,49,0.765625,0.6486674241743136,0.8525010440607586,15,0,0.9715155564830213,0
atlas,47,16,4,periodic,64,64,0.7954101562500002,0.02239648220267107,0.0027995602753338837,0.78981568145057,0.8010046310494304,0.75,0.84375,64,-0.9606815688600066,0.0011019234064572247,0.0001377404258071531,-0.960956821137241,-0.9604063165827721,-0.9629629629629629,-0.9583333333333334,64,0.9606815688600066,0.0011019234064572247,0.0001377404258071531,0.9604063165827721,0.960956821137241,0.9583333333333334,0.9629629629629629,64,50.906250000000014,1.4333748609709485,0.17917185762136856,50.54820361283648,51.26429638716355,48,54,64,1,0,0,1,1,1,1,64,49.906250000000014,1.4333748609709485,0.17917185762136856,49.54820361283648,50.26429638716355,47,53,64,670,309.65080178746354,38.70635022343294,592.6515310955075,747.3484689044925,275,1697,64,619.09375,309.50414612449697,38.68801826556212,541.7819145901445,696.4055854098555,223,1645,64,0.026862499999994682,0.010337779381452084,0.0012922224226815104,0.024280199542795856,0.02944480045719351,0.022000000000048203,0.10339999999996508,64,0.8906250000000002,1.3347276935289143,0.1668409616911143,0.5572199420994979,1.2240300579005026,0,6,64,0,0,0,0,0,0,0,64,1,0,0,1,1,1,1,64,669,309.65080178746354,38.70635022343294,591.6515310955075,746.3484689044925,274,1696,64,0.9089399155477962,0.03721858337999784,0.00465232292249973,0.8996429900348665,0.9182368410607259,0.8109090909090909,0.9693576900412493,64,13.154474780362271,6.023683938703696,0.752960492337962,11.64980330160695,14.659146259117593,5.288461538461538,32.63461538461539,64,0.0017901227842465547,0.0007313264543489248,0.0000914158067936156,0.0016074428713036303,0.001972802697189479,0.0005892751915144372,0.0036363636363636364,64,0.20458984375000003,0.022396482202671108,0.0027995602753338885,0.19899536895056982,0.21018431854943023,0.15625,0.25,28,0.4375,0.3229400970440308,0.5591379104300699,36,0,0.9609115130328678,0
atlas,47,16,8,periodic,64,64,0.78125,0,0,0.78125,0.78125,0.78125,0.78125,64,-0.92,0,0,-0.92,-0.92,-0.92,-0.92,64,0.92,0,0,0.92,0.92,0.92,0.92,64,25,0,0,25,25,25,25,64,1,0,0,1,1,1,1,64,24,0,0,24,24,24,24,64,655.7968750000001,275.45634169602187,34.43204271200273,586.9899280867995,724.6038219132007,233,1411,64,630.7968750000001,275.45634169602187,34.43204271200273,561.9899280867995,699.6038219132007,208,1386,64,0.023440625000000992,0.012888923739340374,0.0016111154674175467,0.020221067642778267,0.026660182357223717,0.01880000000005566,0.09999999999990905,64,1.0312499999999996,0.9589801130069681,0.11987251412587101,0.7917038950883821,1.270796104911617,0,4,64,0,0,0,0,0,0,0,64,1,0,0,1,1,1,1,64,654.7968750000001,275.45634169602187,34.43204271200273,585.9899280867995,723.6038219132007,232,1410,64,0.9545115850001817,0.020368189176501756,0.0025460236470627195,0.9494237627240398,0.9595994072763236,0.8927038626609443,0.9822820694542878,64,26.231875000000002,11.018253667840876,1.3772817084801094,23.479597123471976,28.98415287652803,9.32,56.44,64,0.0018195365999927316,0.0008147275670600702,0.00010184094588250878,0.0016160237089470543,0.002023049491038409,0.0007087172218284905,0.004291845493562232,64,0.21875,0,0,0.21875,0.21875,0.21875,0.21875,43,0.671875,0.549991058490915,0.7742944209553081,21,0,0.92,0
atlas,47,32,2,periodic,64,64,0.8635864257812503,0.007400295208803501,0.0009250369011004376,0.8617378870384536,0.8654349645240471,0.84375,0.884765625,64,-0.9954763840290817,0.000038900260156594086,0.000004862532519574261,-0.9954861010249548,-0.9954666670332085,-0.9955849889624724,-0.9953703703703703,64,0.9954763840290817,0.000038900260156594086,0.000004862532519574261,0.9954666670332085,0.9954861010249548,0.9953703703703703,0.9955849889624724,64,442.15625000000017,3.7889511469073924,0.47361889336342405,441.2097981636882,443.1027018363121,432,453,64,1,0,0,1,1,1,1,64,441.15625000000017,3.7889511469073924,0.47361889336342405,440.2097981636882,442.1027018363121,431,452,64,5572.203125000001,1113.4333314043292,139.17916642554115,5294.075754057601,5850.3304959424,3278,7965,64,5130.046875000001,1114.1390644397643,139.26738305497054,4851.743217190488,5408.350532809513,2839,7528,64,0.15440625000001876,0.03089500845797979,0.003861876057247474,0.146688906504631,0.1621235934954065,0.12819999999987886,0.31799999999998363,64,19.765625,5.5656035126765415,0.6957004390845677,18.375378607127832,21.155871392872168,10,42,64,0,0,0,0,0,0,0,64,1,0,0,1,1,1,1,64,5571.203125000001,1113.4333314043292,139.17916642554115,5293.075754057601,5849.3304959424,3277,7964,64,0.9173582755823511,0.017330909410085162,0.0021663636762606453,0.9130291432182351,0.921687407946467,0.8660768761439902,0.9451349654739485,64,12.60713646188735,2.5443458378330157,0.31804322972912696,11.9715777816454,13.2426951421293,7.466970387243736,18.226544622425628,64,0.0001868567683887949,0.00003894601276397425,0.000004868251595496781,0.00017712834385432243,0.00019658519292326736,0.00012554927809165097,0.0003050640634533252,64,0.13641357421875,0.0074002952088034896,0.0009250369011004362,0.13456503547595325,0.13826211296154675,0.115234375,0.15625,64,1,0.9433759402071946,1,0,0,0.995484501551673,0
atlas,47,32,3,periodic,64,64,0.8238830566406253,0.010155025869522938,0.0012693782336903672,0.8213464066524485,0.8264197066288022,0.7939453125,0.8466796875,64,-0.9928870322824612,0.00008790330385436844,0.000010987912981796055,-0.9929089898744504,-0.992865074690472,-0.9930795847750865,-0.992619926199262,64,0.9928870322824612,0.00008790330385436844,0.000010987912981796055,0.992865074690472,0.9929089898744504,0.992619926199262,0.9930795847750865,64,281.2187499999999,3.4662488301304712,0.4332811037663089,280.3529068040355,282.08459319596426,271,289,64,1,0,0,1,1,1,1,64,280.2187499999999,3.4662488301304712,0.4332811037663089,279.3529068040355,281.08459319596426,270,288,64,4474.15625,1118.2170363027824,139.7771295378478,4194.833945127346,4753.478554872654,2801,7253,64,4192.937500000001,1117.5762304882746,139.69702881103433,3913.775263657224,4472.099736342778,2521,6973,64,0.11923125000001634,0.028094714381733152,0.003511839297716644,0.11221339915257163,0.12624910084746105,0.09500000000002728,0.2474000000001979,64,5.062500000000003,2.724812502650994,0.34060156283137427,4.381862088148145,5.743137911851861,0,14,64,0,0,0,0,0,0,0,64,1,0,0,1,1,1,1,64,4473.15625,1118.2170363027824,139.7771295378478,4193.833945127346,4752.478554872654,2800,7252,64,0.9334292250973152,0.015758189726467697,0.001969773715808462,0.9294929464214234,0.9373655037732069,0.900035701535166,0.9619257828666022,64,15.903314181995974,3.9416122606599635,0.49270153258249544,14.918728734074273,16.887899629917676,10.003571428571428,26.264492753623188,64,0.0002368527987341572,0.000056553195195446265,0.000007069149399430783,0.00022272623088813857,0.00025097936658017585,0.00013787398317937404,0.0003570153516601214,64,0.17611694335937508,0.010155025869522893,0.0012693782336903616,0.17358029337119826,0.1786535933475519,0.1533203125,0.2060546875,63,0.984375,0.9166589839990573,0.9972364580766624,1,0,0.992905375528805,0
atlas,47,32,4,periodic,64,64,0.8017578125000001,0.01391985634960543,0.0017399820437006787,0.798280735838815,0.8052348891611852,0.77734375,0.8359375,64,-0.9902529081804327,0.0001684024303621655,0.000021050303795270688,-0.9902949738559391,-0.9902108425049262,-0.9906542056074766,-0.9899497487437185,64,0.9902529081804327,0.0001684024303621655,0.000021050303795270688,0.9902108425049262,0.9902949738559391,0.9899497487437185,0.9906542056074766,64,205.25000000000003,3.56348322549899,0.44543540318737374,204.35986837473664,206.14013162526342,199,214,64,1,0,0,1,1,1,1,64,204.25000000000003,3.56348322549899,0.44543540318737374,203.35986837473664,205.14013162526342,198,213,64,3694.90625,1046.881775268291,130.86022190853637,3433.402963156912,3956.409536843088,1593,6913,64,3489.656250000001,1046.7581582510254,130.84476978137818,3228.183841769081,3751.128658230921,1392,6713,64,0.10344687500001726,0.020573028797176904,0.002571628599647113,0.09830788530903661,0.1085858646909979,0.08500000000003638,0.2058999999999287,64,2.031250000000001,1.7454589608830635,0.21818237011038294,1.5952473241451588,2.467252675854843,0,9,64,0,0,0,0,0,0,0,64,1,0,0,1,1,1,1,64,3693.90625,1046.881775268291,130.86022190853637,3432.402963156912,3955.409536843088,1592,6912,64,0.9400522941629511,0.01700725887439886,0.0021259073592998575,0.935804007297219,0.9443005810286832,0.8738229755178908,0.971069000433965,64,18.003932476288,5.1344614952540795,0.6418076869067599,16.721382155040768,19.286482797535232,7.925373134328358,34.565,64,0.00029228889937699186,0.00008425758037161056,0.00001053219754645132,0.00027124198201808076,0.00031333581673590296,0.00014465499783017504,0.0006277463904582549,64,0.1982421875,0.013919856349605438,0.0017399820437006797,0.19476511083881484,0.20171926416118516,0.1640625,0.22265625,51,0.796875,0.6828636426898583,0.8772658218081634,13,0,0.9902880496043561,0
atlas,47,32,8,periodic,64,64,0.7623291015624998,0.014586301748008854,0.0018232877185011067,0.7586855517939389,0.7659726513310606,0.734375,0.796875,64,-0.9794962465632208,0.0003906584498375427,0.00004883230622969284,-0.9795938301405444,-0.9793986629858972,-0.9803921568627451,-0.9787234042553191,64,0.9794962465632208,0.0003906584498375427,0.00004883230622969284,0.9793986629858972,0.9795938301405444,0.9787234042553191,0.9803921568627451,64,97.57812499999997,1.8670466237451333,0.23338082796814166,97.11175062962418,98.04449937037576,94,102,64,1,0,0,1,1,1,1,64,96.57812499999997,1.8670466237451333,0.23338082796814166,96.11175062962418,97.04449937037576,93,101,64,2582.734375000001,1190.243262346613,148.78040779332662,2285.4204541738286,2880.048295826173,825,6570,64,2485.15625,1189.4121960127238,148.67652450159048,2188.0499233673945,2782.2625766326055,729,6473,64,0.07305781250003208,0.012688525058322686,0.0015860656322903358,0.06988831324392752,0.07622731175613665,0.06619999999975335,0.15610000000015134,64,0.671875,1.0087661408791073,0.12609576760988842,0.4198927153448872,0.9238572846551127,0,4,64,0,0,0,0,0,0,0,64,1,0,0,1,1,1,1,64,2581.734375000001,1190.243262346613,148.78040779332662,2284.4204541738286,2879.048295826173,824,6569,64,0.9538770317992323,0.02171724870606943,0.0027146560882586788,0.9484522244790643,0.9593018391194004,0.8836363636363637,0.9852359208523592,64,26.376309388809634,11.949658064964805,1.4937072581206006,23.391373616249755,29.361245161369514,8.59375,67.73195876288659,64,0.0004746880511758272,0.00022848763173551845,0.000028560953966939807,0.000417613538930623,0.0005317625634210314,0.00015220700152207003,0.0012121212121212121,64,0.23767089843749997,0.014586301748008838,0.0018232877185011048,0.2340273486689391,0.24131444820606085,0.203125,0.265625,25,0.390625,0.2805556918824008,0.5130808211972754,39,0,0.9795777673237317,0
atlas,48,16,2,periodic,64,64,0.8677978515625001,0.017624137172774137,0.002203017146596767,0.8633954730825875,0.8722002300424128,0.828125,0.9140625,64,-1,0,0,-1,-1,-1,-1,64,1,0,0,1,1,1,1,64,111.07812500000001,2.2558895581150895,0.2819861947643862,110.5146205545712,111.64162944542883,106,117,64,0,0,0,0,0,0,0,64,111.07812500000001,2.2558895581150895,0.2819861947643862,110.5146205545712,111.64162944542883,106,117,64,1066.6874999999993,302.653339070947,37.83166738386838,991.0869452756558,1142.2880547243428,525,1870,64,955.6093749999998,302.6376961794573,37.82971202243216,880.0127277536895,1031.2060222463099,415,1753,64,0.04109531249999909,0.013468180368574023,0.001683522546071753,0.03773106114193618,0.044459563858062004,0.03370000000001028,0.08539999999999281,64,5.031249999999999,2.3160499350375203,0.28950624187969004,4.452717939539,5.609782060460998,2,11,64,0,0,0,0,0,0,0,64,0,0,0,0,0,0,0,64,1066.6874999999993,302.653339070947,37.83166738386838,991.0869452756558,1142.2880547243428,525,1870,64,0.8873291153783605,0.03216301562597548,0.004020376953246935,0.8792950331164712,0.8953631976402497,0.7904761904761904,0.9374331550802139,64,9.60677064071394,2.7445586751597943,0.3430698343949743,8.921200281726588,10.292340999701292,4.7727272727272725,15.982905982905983,64,0,0,0,0,0,0,0,64,0.13220214843749997,0.017624137172774144,0.002203017146596768,0.1277997699575873,0.13660452691741265,0.0859375,0.171875,64,1,0.9433759402071946,1,0,0,1,0
atlas,48,16,3,periodic,64,64,0.8221435546875004,0.024987680942215918,0.0031234601177769898,0.8159018177012001,0.8283852916738008,0.7734375,0.87890625,64,-1,0,0,-1,-1,-1,-1,64,1,0,0,1,1,1,1,64,70.15624999999999,2.132282107069087,0.26653526338363587,69.62362177716902,70.68887822283095,66,75,64,0,0,0,0,0,0,0,64,70.15624999999999,2.132282107069087,0.26653526338363587,69.62362177716902,70.68887822283095,66,75,64,958.265625,406.225179644715,50.77814745558938,856.7935942653997,1059.7376557346004,286,2289,64,888.1093749999995,405.89095091871457,50.73636886483932,786.7208321171045,989.4979178828946,218,2220,64,0.03688437499999877,0.02777553004794997,0.0034719412559937463,0.02994625402689611,0.04382249597310143,0.025199999999983902,0.21750000000002956,64,1.6093749999999998,1.5997736695079063,0.1999717086884883,1.2097634271706479,2.0089865728293517,0,6,64,0,0,0,0,0,0,0,64,0,0,0,0,0,0,0,64,958.265625,406.225179644715,50.77814745558938,856.7935942653997,1059.7376557346004,286,2289,64,0.9132712065657275,0.03889852605135541,0.004862315756419426,0.9035546438591372,0.9229877692723177,0.7622377622377622,0.9698558322411533,64,13.64286336573253,5.772732874159066,0.7215916092698833,12.200877597785743,15.084849133679318,4.205882352941177,33.17391304347826,64,0,0,0,0,0,0,0,64,0.17785644531250003,0.024987680942215856,0.003123460117776982,0.1716147083261997,0.18409818229880034,0.12109375,0.2265625,46,0.71875,0.5986606971779259,0.8140662766627217,18,0,1,0
atlas,48,16,4,periodic,64,64,0.802001953125,0.028398511273539036,0.0035498139091923796,0.7949082160718568,0.8090956901781432,0.75,0.859375,64,-1,0,0,-1,-1,-1,-1,64,1,0,0,1,1,1,1,64,51.328125,1.8175047215064983,0.2271880901883123,50.874125828598835,51.782124171401165,48,55,64,0,0,0,0,0,0,0,64,51.328125,1.8175047215064983,0.2271880901883123,50.874125828598835,51.782124171401165,48,55,64,652.9843749999999,352.39081353842045,44.048851692302556,564.9597688117886,741.0089811882111,246,2115,64,601.65625,351.8951511752257,43.98689389690321,513.7554565862605,689.5570434137395,197,2066,64,0.02853437500000133,0.01943320851670557,0.0024291510645881964,0.023680103943727333,0.033388646056275326,0.02109999999993306,0.13029999999992015,64,0.46875,1.0230478894592296,0.1278809861824037,0.21320024069416893,0.7242997593058311,0,5,64,0,0,0,0,0,0,0,64,0,0,0,0,0,0,0,64,652.9843749999999,352.39081353842045,44.048851692302556,564.9597688117886,741.0089811882111,246,2115,64,0.9011344878429778,0.04462237386173932,0.005577796732717415,0.8899881504940489,0.9122808251919067,0.8008130081300813,0.9768321513002364,64,12.673504155084547,6.789724611042129,0.8487155763802662,10.97748140973501,14.369526900434085,5.020408163265306,43.16326530612245,64,0,0,0,0,0,0,0,64,0.19799804687500003,0.02839851127353903,0.0035498139091923787,0.19090430982185688,0.20509178392814317,0.140625,0.25,17,0.265625,0.17296379074222612,0.38482873728565137,47,0,1,0
atlas,48,16,8,periodic,64,64,1,0,0,1,1,1,1,64,-1,0,0,-1,-1,-1,-1,64,1,0,0,1,1,1,1,64,32,0,0,32,32,32,32,64,0,0,0,0,0,0,0,64,32,0,0,32,32,32,32,64,865.2499999999998,300.19676087209075,37.524595109011344,790.2630802519872,940.2369197480124,412,1859,64,833.2499999999998,300.19676087209075,37.524595109011344,758.2630802519872,908.2369197480124,380,1827,64,0.025368749999998386,0.00925943319942774,0.0011574291499284674,0.02305581240460102,0.02768168759539575,0.021999999999934516,0.09510000000000218,64,0,0,0,0,0,0,0,64,0,0,0,0,0,0,0,64,0,0,0,0,0,0,0,64,865.2499999999998,300.19676087209075,37.524595109011344,790.2630802519872,940.2369197480124,412,1859,64,0.9588260816862341,0.013414051037803656,0.001676756379725457,0.9554753514326983,0.9621768119397698,0.9223300970873787,0.9827864443249059,64,27.039062499999993,9.381148777252836,1.1726435971566045,24.6957212578746,29.382403742125387,12.875,58.09375,64,0,0,0,0,0,0,0,64,0,0,0,0,0,0,0,0,0,0,0.05662405979280534,64,0,1,0
atlas,48,32,2,periodic,64,64,0.8656005859374999,0.007339961173819138,0.0009174951467273922,0.8637671181882285,0.8674340536867713,0.8515625,0.8828125,64,-1,0,0,-1,-1,-1,-1,64,1,0,0,1,1,1,1,64,443.18749999999994,3.7580601209953985,0.4697575151244248,442.248764512373,444.1262354876269,436,452,64,0,0,0,0,0,0,0,64,443.18749999999994,3.7580601209953985,0.4697575151244248,442.248764512373,444.1262354876269,436,452,64,5859.1875,1323.4890981255353,165.4361372656919,5528.589759703943,6189.785240296057,3390,9382,64,5416,1323.6851157712263,165.46063947140328,5085.353295952888,5746.646704047112,2947,8935,64,0.17934687500000734,0.03747005987323744,0.00468375748415468,0.16998713252808614,0.18870661747192854,0.13540000000011787,0.29980000000000473,64,18.781249999999996,4.935999118880323,0.6169998898600404,17.548274105361852,20.01422589463814,8,30,64,0,0,0,0,0,0,0,64,0,0,0,0,0,0,0,64,5859.1875,1323.4890981255353,165.4361372656919,5528.589759703943,6189.785240296057,3390,9382,64,0.9206327495273285,0.01737556420924185,0.002171945526155231,0.916292462726266,0.9249730363283911,0.8693215339233038,0.95235557450437,64,13.222818488258532,2.9897832739109993,0.3737229092388749,12.475992847057693,13.969644129459372,7.652370203160271,20.988814317673377,64,0,0,0,0,0,0,0,64,0.13439941406249994,0.007339961173819116,0.0009174951467273895,0.1325659463132286,0.1362328818117713,0.1171875,0.1484375,64,1,0.9433759402071946,1,0,0,1,0
atlas,48,32,3,periodic,64,64,0.8238830566406252,0.011152482402933133,0.0013940603003666416,0.8210972494236839,0.8266688638575665,0.802734375,0.849609375,64,-1,0,0,-1,-1,-1,-1,64,1,0,0,1,1,1,1,64,281.21874999999994,3.80671399353451,0.47583924919181375,280.26786113661734,282.16963886338254,274,290,64,0,0,0,0,0,0,0,64,281.21874999999994,3.80671399353451,0.47583924919181375,280.26786113661734,282.16963886338254,274,290,64,4578.531250000002,1182.0187462423153,147.7523432802894,4283.271752170558,4873.7907478294455,2340,8397,64,4297.312499999999,1181.9561117063522,147.74451396329403,4002.068647812128,4592.55635218787,2054,8112,64,0.16835468750001684,0.04997780755012187,0.006247225943765234,0.1558706026183034,0.18083877238173027,0.10950000000002547,0.37979999999993197,64,5.125000000000002,3.1547394428670255,0.3943424303583782,4.336969533778696,5.913030466221308,0,15,64,0,0,0,0,0,0,0,64,0,0,0,0,0,0,0,64,4578.531250000002,1182.0187462423153,147.7523432802894,4283.271752170558,4873.7907478294455,2340,8397,64,0.9345397051280211,0.01713840348150465,0.002142300435188081,0.930258659314125,0.9388207509419172,0.8777777777777778,0.9660593068953197,64,16.28298623166756,4.17845449938654,0.5223068124233174,15.239239352767274,17.326733110567847,8.181818181818182,29.46315789473684,64,0,0,0,0,0,0,0,64,0.17611694335937497,0.011152482402933124,0.0013940603003666405,0.17333113614243367,0.17890275057631627,0.150390625,0.197265625,63,0.984375,0.9166589839990573,0.9972364580766624,1,0,1,0
atlas,48,32,4,periodic,64,64,0.80316162109375,0.0134889295377134,0.001686116192214175,0.7997921867474478,0.8065310554400522,0.7734375,0.83984375,64,-1,0,0,-1,-1,-1,-1,64,1,0,0,1,1,1,1,64,205.609375,3.4531659616546304,0.4316457452068288,204.74679980734663,206.47195019265337,198,215,64,0,0,0,0,0,0,0,64,205.609375,3.4531659616546304,0.4316457452068288,204.74679980734663,206.47195019265337,198,215,64,3787.71875,1196.9925205472389,149.62406506840486,3488.718914637046,4086.718585362954,1497,7620,64,3582.1093749999995,1196.1232234285064,149.5154029285633,3283.3266835965283,3880.892066403471,1296,7413,64,0.1311218749999767,0.02496014263256163,0.0031200178290702037,0.1248870168787582,0.13735673312119523,0.10889999999972133,0.23540000000002692,64,1.7031249999999996,1.7966431441167128,0.2245803930145891,1.254336895583706,2.1519131044162934,0,8,64,0,0,0,0,0,0,0,64,0,0,0,0,0,0,0,64,3787.71875,1196.9925205472389,149.62406506840486,3488.718914637046,4086.718585362954,1497,7620,64,0.94039475524201,0.018845173210667105,0.002355646651333388,0.9356873710347973,0.9451021394492227,0.8657314629258517,0.9728346456692913,64,18.402399854359718,5.760411663973707,0.7200514579967133,16.96349183314372,19.841307875575716,7.447761194029851,36.81159420289855,64,0,0,0,0,0,0,0,64,0.19683837890625006,0.013488929537713404,0.0016861161922141754,0.1934689445599478,0.20020781325255232,0.16015625,0.2265625,45,0.703125,0.5822979889645707,0.8009484867446022,19,0,1,0
atlas,48,32,8,periodic,64,64,0.77099609375,0.011037577157103271,0.001379697144637909,0.76823898900947,0.77375319849053,0.75,0.796875,64,-1,0,0,-1,-1,-1,-1,64,1,0,0,1,1,1,1,64,98.6875,1.4128098761092187,0.17660123451365234,98.33459059321216,99.04040940678784,96,102,64,0,0,0,0,0,0,0,64,98.6875,1.4128098761092187,0.17660123451365234,98.33459059321216,99.04040940678784,96,102,64,2556.0468750000005,1400.5952751426744,175.0744093928343,2206.188584752427,2905.905165247574,980,9820,64,2457.3593749999995,1400.2297472165342,175.02871840206677,2107.5923909117046,2807.1263590882945,883,9721,64,0.07760000000000385,0.018668851912951926,0.0023336064891189908,0.0729366595425079,0.08226334045749979,0.06610000000000582,0.1908000000003085,64,0,0,0,0,0,0,0,64,0,0,0,0,0,0,0,64,0,0,0,0,0,0,0,64,2556.0468750000005,1400.5952751426744,175.0744093928343,2206.188584752427,2905.905165247574,980,9820,64,0.9524816669598664,0.020470624996421518,0.0025588281245526897,0.9473682569772304,0.9575950769425023,0.9010204081632653,0.989918533604888,64,25.853284658374363,14.103403231807032,1.762925403975879,22.330359350169623,29.376209966579104,10.103092783505154,99.1919191919192,64,0,0,0,0,0,0,0,64,0.22900390625,0.011037577157103273,0.0013796971446379091,0.22624680150946996,0.23176101099053004,0.203125,0.25,0,0,0,0.05662405979280534,64,0,1,0
atlas,49,16,2,periodic,64,64,0.8677978515625001,0.017624137172774137,0.002203017146596767,0.8633954730825875,0.8722002300424128,0.828125,0.9140625,64,-1,0,0,-1,-1,-1,-1,64,1,0,0,1,1,1,1,64,111.07812500000001,2.2558895581150895,0.2819861947643862,110.5146205545712,111.64162944542883,106,117,64,0,0,0,0,0,0,0,64,111.07812500000001,2.2558895581150895,0.2819861947643862,110.5146205545712,111.64162944542883,106,117,64,1067.8906250000002,302.61978434822834,37.82747304352854,992.298451996007,1143.4827980039936,528,1874,64,956.8125000000003,302.6017276149553,37.82521595186941,881.2248374337777,1032.400162566223,418,1757,64,0.046940625000000395,0.01474326016314378,0.0018429075203929726,0.04325786818588276,0.05062338181411803,0.03860000000000241,0.0969000000000051,64,5.031249999999999,2.3160499350375203,0.28950624187969004,4.452717939539,5.609782060460998,2,11,64,0,0,0,0,0,0,0,64,0,0,0,0,0,0,0,64,1067.8906250000002,302.61978434822834,37.82747304352854,992.298451996007,1143.4827980039936,528,1874,64,0.8874839490366234,0.0320486956585372,0.00400608695731715,0.879478423052953,0.8954894750202939,0.7916666666666666,0.9375667022411953,64,9.61754472478932,2.7436692830019616,0.3429586603752452,8.932196529352868,10.302892920225773,4.8,16.017094017094017,64,0,0,0,0,0,0,0,64,0.13220214843749997,0.017624137172774144,0.002203017146596768,0.1277997699575873,0.13660452691741265,0.0859375,0.171875,64,1,0.9433759402071946,1,0,0,1,0
atlas,49,16,3,periodic,64,64,0.8221435546875004,0.024987680942215918,0.0031234601177769898,0.8159018177012001,0.8283852916738008,0.7734375,0.87890625,64,-1,0,0,-1,-1,-1,-1,64,1,0,0,1,1,1,1,64,70.15624999999999,2.132282107069087,0.26653526338363587,69.62362177716902,70.68887822283095,66,75,64,0,0,0,0,0,0,0,64,70.15624999999999,2.132282107069087,0.26653526338363587,69.62362177716902,70.68887822283095,66,75,64,958.109375,407.2375040103982,50.904688001299775,856.3844731626339,1059.8342768373661,279,2298,64,887.9531249999998,406.9047090072829,50.863088625910365,786.3113528810179,989.5948971189816,211,2229,64,0.04066406250000388,0.021767198033242376,0.002720899754155297,0.03522677820914065,0.04610134679086711,0.02949999999998454,0.14289999999999736,64,1.6093749999999998,1.5997736695079063,0.1999717086884883,1.2097634271706479,2.0089865728293517,0,6,64,0,0,0,0,0,0,0,64,0,0,0,0,0,0,0,64,958.109375,407.2375040103982,50.904688001299775,856.3844731626339,1059.8342768373661,279,2298,64,0.9130866459746917,0.03947779980785342,0.004934724975981677,0.9032253849889978,0.9229479069603855,0.7562724014336918,0.9699738903394256,64,13.640698757940173,5.787326675114121,0.7234158343892652,12.19506756697864,15.086329948901707,4.102941176470588,33.30434782608695,64,0,0,0,0,0,0,0,64,0.17785644531250003,0.024987680942215856,0.003123460117776982,0.1716147083261997,0.18409818229880034,0.12109375,0.2265625,46,0.71875,0.5986606971779259,0.8140662766627217,18,0,1,0
atlas,49,16,4,periodic,64,64,0.802001953125,0.028398511273539036,0.0035498139091923796,0.7949082160718568,0.8090956901781432,0.75,0.859375,64,-1,0,0,-1,-1,-1,-1,64,1,0,0,1,1,1,1,64,51.328125,1.8175047215064983,0.2271880901883123,50.874125828598835,51.782124171401165,48,55,64,0,0,0,0,0,0,0,64,51.328125,1.8175047215064983,0.2271880901883123,50.874125828598835,51.782124171401165,48,55,64,652.671875,352.6369622330258,44.07962027912823,564.585782697299,740.757967302701,246,2115,64,601.3437499999999,352.14053916781126,44.01756739597641,513.3816604894814,689.3058395105184,197,2066,64,0.02881093750000652,0.009976386679080386,0.0012470483348850482,0.026318910253922755,0.03130296474609029,0.024199999999950705,0.10429999999996653,64,0.46875,1.0230478894592296,0.1278809861824037,0.21320024069416893,0.7242997593058311,0,5,64,0,0,0,0,0,0,0,64,0,0,0,0,0,0,0,64,652.671875,352.6369622330258,44.07962027912823,564.585782697299,740.757967302701,246,2115,64,0.9010139132747838,0.0447075823585835,0.005588447794822937,0.8898462914766285,0.912181535072939,0.8008130081300813,0.9768321513002364,64,12.66727182183361,6.79424665121704,0.84928083140213,10.970119504457019,14.364424139210202,5.020408163265306,43.16326530612245,64,0,0,0,0,0,0,0,64,0.19799804687500003,0.02839851127353903,0.0035498139091923787,0.19090430982185688,0.20509178392814317,0.140625,0.25,17,0.265625,0.17296379074222612,0.38482873728565137,47,0,1,0
atlas,49,16,8,periodic,64,64,1,0,0,1,1,1,1,64,-1,0,0,-1,-1,-1,-1,64,1,0,0,1,1,1,1,64,32,0,0,32,32,32,32,64,0,0,0,0,0,0,0,64,32,0,0,32,32,32,32,64,865.890625,300.5825094546909,37.572813681836365,790.8073481230086,940.9739018769914,410,1857,64,833.890625,300.5825094546909,37.572813681836365,758.8073481230086,908.9739018769914,378,1825,64,0.026170312500005004,0.0029249164789352865,0.0003656145598669108,0.025439690102087083,0.026900934897922925,0.02329999999994925,0.03809999999998581,64,0,0,0,0,0,0,0,64,0,0,0,0,0,0,0,64,0,0,0,0,0,0,0,64,865.890625,300.5825094546909,37.572813681836365,790.8073481230086,940.9739018769914,410,1857,64,0.9588422543810878,0.013449803400244058,0.0016812254250305073,0.9554825934531327,0.962201915309043,0.9219512195121952,0.9827679052234787,64,27.05908203125,9.393203420459091,1.1741504275573864,24.71272962884402,29.40543443365598,12.8125,58.03125,64,0,0,0,0,0,0,0,64,0,0,0,0,0,0,0,0,0,0,0.05662405979280534,64,0,1,0
atlas,49,32,2,periodic,64,64,0.8656005859374999,0.007339961173819138,0.0009174951467273922,0.8637671181882285,0.8674340536867713,0.8515625,0.8828125,64,-1,0,0,-1,-1,-1,-1,64,1,0,0,1,1,1,1,64,443.18749999999994,3.7580601209953985,0.4697575151244248,442.248764512373,444.1262354876269,436,452,64,0,0,0,0,0,0,0,64,443.18749999999994,3.7580601209953985,0.4697575151244248,442.248764512373,444.1262354876269,436,452,64,5856.953125000001,1321.8561075988675,165.23201344985844,5526.763293600818,6187.142956399184,3414,9384,64,5413.765624999999,1322.052285571085,165.2565356963856,5083.526789801387,5744.004460198611,2971,8937,64,0.20227343750001125,0.04858448783137192,0.00607306097892149,0.1901373935286318,0.21440948147139072,0.14580000000000837,0.3455999999998767,64,18.781249999999996,4.935999118880323,0.6169998898600404,17.548274105361852,20.01422589463814,8,30,64,0,0,0,0,0,0,0,64,0,0,0,0,0,0,0,64,5856.953125000001,1321.8561075988675,165.23201344985844,5526.763293600818,6187.142956399184,3414,9384,64,0.9206153559717444,0.017327715088225917,0.0021659643860282396,0.9162870215254881,0.9249436904180006,0.870240187463386,0.9523657289002557,64,13.217775686298287,2.986079960330611,0.3732599950413264,12.471875105306117,13.963676267290458,7.706546275395034,20.993288590604028,64,0,0,0,0,0,0,0,64,0.13439941406249994,0.007339961173819116,0.0009174951467273895,0.1325659463132286,0.1362328818117713,0.1171875,0.1484375,64,1,0.9433759402071946,1,0,0,1,0
atlas,49,32,3,periodic,64,64,0.8238830566406252,0.011152482402933133,0.0013940603003666416,0.8210972494236839,0.8266688638575665,0.802734375,0.849609375,64,-1,0,0,-1,-1,-1,-1,64,1,0,0,1,1,1,1,64,281.21874999999994,3.80671399353451,0.47583924919181375,280.26786113661734,282.16963886338254,274,290,64,0,0,0,0,0,0,0,64,281.21874999999994,3.80671399353451,0.47583924919181375,280.26786113661734,282.16963886338254,274,290,64,4578.093750000003,1181.6259139826097,147.70323924782622,4282.932378749432,4873.255121250573,2327,8392,64,4296.874999999999,1181.564465994804,147.6955582493505,4001.7289780000892,4592.021021999909,2041,8107,64,0.1461281250000113,0.03983812271964871,0.004979765339956089,0.1361768580289375,0.15607939197108509,0.11400000000003274,0.35550000000012005,64,5.125000000000002,3.1547394428670255,0.3943424303583782,4.336969533778696,5.913030466221308,0,15,64,0,0,0,0,0,0,0,64,0,0,0,0,0,0,0,64,4578.093750000003,1181.6259139826097,147.70323924782622,4282.932378749432,4873.255121250573,2327,8392,64,0.9345356890509471,0.01714448754302039,0.0021430609428775486,0.9302531234837021,0.938818254618192,0.8770949720670391,0.9660390848427073,64,16.28144621572975,4.176952904164182,0.5221191130205227,15.238074424155876,17.324818007303627,8.136363636363637,29.44561403508772,64,0,0,0,0,0,0,0,64,0.17611694335937497,0.011152482402933124,0.0013940603003666405,0.17333113614243367,0.17890275057631627,0.150390625,0.197265625,63,0.984375,0.9166589839990573,0.9972364580766624,1,0,1,0
atlas,49,32,4,periodic,64,64,0.80316162109375,0.0134889295377134,0.001686116192214175,0.7997921867474478,0.8065310554400522,0.7734375,0.83984375,64,-1,0,0,-1,-1,-1,-1,64,1,0,0,1,1,1,1,64,205.609375,3.4531659616546304,0.4316457452068288,204.74679980734663,206.47195019265337,198,215,64,0,0,0,0,0,0,0,64,205.609375,3.4531659616546304,0.4316457452068288,204.74679980734663,206.47195019265337,198,215,64,3788.8437500000005,1197.6958728199081,149.71198410248851,3489.668222466778,4088.019277533223,1498,7638,64,3583.234375,1196.8320451075951,149.6040056384494,3284.274625209186,3882.194124790814,1297,7431,64,0.11173906250000701,0.02361344530364254,0.0029516806629553173,0.10584059936264892,0.1176375256373651,0.09009999999989304,0.21390000000019427,64,1.7031249999999996,1.7966431441167128,0.2245803930145891,1.254336895583706,2.1519131044162934,0,8,64,0,0,0,0,0,0,0,64,0,0,0,0,0,0,0,64,3788.8437500000005,1197.6958728199081,149.71198410248851,3489.668222466778,4088.019277533223,1498,7638,64,0.9404202671676012,0.018809712719403664,0.002351214089925458,0.9357217407275572,0.9451187936076452,0.8658210947930574,0.9728986645718775,64,18.40801183086635,5.764230423380951,0.7205288029226189,16.968149911932148,19.847873749800552,7.45273631840796,36.89855072463768,64,0,0,0,0,0,0,0,64,0.19683837890625006,0.013488929537713404,0.0016861161922141754,0.1934689445599478,0.20020781325255232,0.16015625,0.2265625,45,0.703125,0.5822979889645707,0.8009484867446022,19,0,1,0
atlas,49,32,8,periodic,64,64,0.77099609375,0.011037577157103271,0.001379697144637909,0.76823898900947,0.77375319849053,0.75,0.796875,64,-1,0,0,-1,-1,-1,-1,64,1,0,0,1,1,1,1,64,98.6875,1.4128098761092187,0.17660123451365234,98.33459059321216,99.04040940678784,96,102,64,0,0,0,0,0,0,0,64,98.6875,1.4128098761092187,0.17660123451365234,98.33459059321216,99.04040940678784,96,102,64,2556.78125,1399.7517860320806,174.96897325401008,2207.1336570632857,2906.4288429367143,978,9818,64,2458.093749999999,1399.386880696357,174.9233600870446,2108.5373077041045,2807.6501922958937,881,9719,64,0.08148906250000465,0.02962450249900569,0.0037030628123757114,0.07408908195053342,0.08888904304947588,0.07090000000016516,0.30780000000004293,64,0,0,0,0,0,0,0,64,0,0,0,0,0,0,0,64,0,0,0,0,0,0,0,64,2556.78125,1399.7517860320806,174.96897325401008,2207.1336570632857,2906.4288429367143,978,9818,64,0.9525295569322056,0.020402294022018125,0.0025502867527522656,0.9474332155191273,0.957625898345284,0.9008179959100204,0.9899164799348136,64,25.860847850536512,14.094804290814785,1.7618505363518482,22.340070493882713,29.38162520719031,10.082474226804123,99.17171717171718,64,0,0,0,0,0,0,0,64,0.22900390625,0.011037577157103273,0.0013796971446379091,0.22624680150946996,0.23176101099053004,0.203125,0.25,0,0,0,0.05662405979280534,64,0,1,0
atlas,5,16,2,periodic,64,64,0.8656005859375,0.016421872728684166,0.0020527340910855207,0.8614985241802694,0.8697026476947306,0.828125,0.8984375,64,1,0,0,1,1,1,1,64,1,0,0,1,1,1,1,64,110.796875,2.101999709271573,0.26274996365894665,110.27181109507448,111.32193890492552,106,115,64,110.796875,2.101999709271573,0.26274996365894665,110.27181109507448,111.32193890492552,106,115,64,0,0,0,0,0,0,0,64,1062.046875,283.1789736212604,35.39737170265755,991.3108720279032,1132.7828779720967,512,1826,64,951.2499999999998,282.8275597805641,35.353444972570514,880.6017775935363,1021.8982224064632,402,1713,64,0.05167968750000019,0.01923552582772443,0.002404440728465554,0.046874796110219386,0.05648457888978099,0.04070000000000107,0.13179999999999836,64,0,0,0,0,0,0,0,64,4.296875,2.0211554726058174,0.2526444340757272,3.7920053845442676,4.801744615455732,1,9,64,1062.046875,283.1789736212604,35.39737170265755,991.3108720279032,1132.7828779720967,512,1826,64,0,0,0,0,0,0,0,64,0.8879053795346823,0.031756139082967975,0.003969517385370997,0.8799729320092545,0.8958378270601101,0.78515625,0.9381161007667032,64,9.580755589676608,2.519041856094767,0.3148802320118459,8.951517656009,10.209993523344215,4.654545454545454,16.15929203539823,64,1,0,0,1,1,1,1,64,0.13439941406250003,0.016421872728684162,0.0020527340910855203,0.13029735230526937,0.13850147581973069,0.1015625,0.171875,64,1,0.9433759402071946,1,0,0,1,0
atlas,5,16,3,periodic,64,64,0.82415771484375,0.02353538779894988,0.002941923474868735,0.8182787498909263,0.8300366797965737,0.78515625,0.87890625,64,1,0,0,1,1,1,1,64,1,0,0,1,1,1,1,64,70.32812500000001,2.008353092177057,0.25104413652213214,69.82645332402572,70.82979667597431,67,75,64,70.32812500000001,2.008353092177057,0.25104413652213214,69.82645332402572,70.82979667597431,67,75,64,0,0,0,0,0,0,0,64,854.3593750000001,315.3109006008171,39.41386257510214,775.5970554788329,933.1216945211673,389,1947,64,784.03125,315.0374615542407,39.379682694280085,705.337233520418,862.725266479582,319,1874,64,0.03717343750000079,0.017538793665304996,0.0021923492081631244,0.03279237719396519,0.041554497806036386,0.029100000000028103,0.13470000000000937,64,0,0,0,0,0,0,0,64,1.609375,1.3406606698736379,0.16758258373420473,1.274487928703563,1.944262071296437,0,6,64,854.3593750000001,315.3109006008171,39.41386257510214,775.5970554788329,933.1216945211673,389,1947,64,0,0,0,0,0,0,0,64,0.9076268487834364,0.030636708663609805,0.0038295885829512256,0.8999740266569504,0.9152796709099223,0.8200514138817481,0.9630225080385852,64,12.139799151534005,4.441097112097037,0.5551371390121296,11.030446099987097,13.249152203080913,5.557142857142857,27.043478260869566,64,1,0,0,1,1,1,1,64,0.17584228515625006,0.02353538779894988,0.002941923474868735,0.1699633202034264,0.18172125010907372,0.12109375,0.21484375,50,0.78125,0.6656721604337418,0.8649768059328052,14,0,1,0
atlas,5,16,4,periodic,64,64,0.8022460937499998,0.025850301347123645,0.0032312876683904556,0.7957888805977078,0.8087033069022918,0.75,0.875,64,1,0,0,1,1,1,1,64,1,0,0,1,1,1,1,64,51.343749999999986,1.6544192862159133,0.20680241077698916,50.9304883582533,51.75701164174667,48,56,64,51.343749999999986,1.6544192862159133,0.20680241077698916,50.9304883582533,51.75701164174667,48,56,64,0,0,0,0,0,0,0,64,677.9375,334.71641040861044,41.839551301076305,594.3278283541831,761.5471716458169,186,1791,64,626.59375,333.9165715949334,41.73957144936667,543.1838721452897,710.0036278547103,137,1735,64,0.0255234375000013,0.012373881122255393,0.0015467351402819241,0.022432533960634438,0.028614341039368163,0.020899999999983265,0.11869999999998981,64,0,0,0,0,0,0,0,64,0.359375,0.8795234550235188,0.10994043187793985,0.1396765777160739,0.5790734222839261,0,6,64,677.9375,334.71641040861044,41.839551301076305,594.3278283541831,761.5471716458169,186,1791,64,0,0,0,0,0,0,0,64,0.9040643450794174,0.049139630144512975,0.006142453768064122,0.8917896306841355,0.9163390594746992,0.7365591397849462,0.9687325516471245,64,13.118046352060347,6.289827772063433,0.7862284715079291,11.546894121761945,14.689198582358749,3.795918367346939,31.982142857142858,64,1,0,0,1,1,1,1,64,0.19775390625000003,0.02585030134712366,0.0032312876683904574,0.19129669309770808,0.20421111940229197,0.125,0.25,16,0.25,0.16014926530970577,0.36816276458669694,48,0,1,0
atlas,5,16,8,periodic,64,64,1,0,0,1,1,1,1,64,1,0,0,1,1,1,1,64,1,0,0,1,1,1,1,64,32,0,0,32,32,32,32,64,32,0,0,32,32,32,32,64,0,0,0,0,0,0,0,64,857.2343750000001,290.49715143195357,36.312143928994196,784.6703456008429,929.7984043991573,330,2097,64,825.2343750000001,290.49715143195357,36.312143928994196,752.6703456008429,897.7984043991573,298,2065,64,0.036467187499999554,0.016395005576012395,0.0020493756970015493,0.03237183695782467,0.04056253804217444,0.022299999999972897,0.15240000000005693,64,0,0,0,0,0,0,0,64,0,0,0,0,0,0,0,64,857.2343750000001,290.49715143195357,36.312143928994196,784.6703456008429,929.7984043991573,330,2097,64,0,0,0,0,0,0,0,64,0.9584726294361647,0.014437196567722648,0.001804649570965331,0.954866325033462,0.9620789338388674,0.9030303030303031,0.9847401049117788,64,26.788574218750004,9.078035982248549,1.1347544977810686,24.52094830002634,29.056200137473667,10.3125,65.53125,64,1,0,0,1,1,1,1,64,0,0,0,0,0,0,0,0,0,0,0.05662405979280534,64,0,1,0
atlas,5,32,2,periodic,64,64,0.8639831542968754,0.008303687177360153,0.0010379608971700191,0.8619089549545094,0.8660573536392415,0.845703125,0.8828125,64,1,0,0,1,1,1,1,64,1,0,0,1,1,1,1,64,442.3593750000002,4.251487834808398,0.5314359793510498,441.2973849367088,443.42136506329166,433,452,64,442.3593750000002,4.251487834808398,0.5314359793510498,441.2973849367088,443.42136506329166,433,452,64,0,0,0,0,0,0,0,64,5618.921874999999,1126.2628792447538,140.78285990559422,5337.589778358633,5900.253971641365,3823,8446,64,5176.562500000001,1126.3693447504913,140.79616809381142,4895.203809066574,5457.921190933428,3382,8003,64,0.14077343750000187,0.020841916267703445,0.0026052395334629306,0.1355672817173051,0.14597959328269866,0.1248000000000502,0.1994999999999436,64,0,0,0,0,0,0,0,64,18.687499999999993,4.52813076820538,0.5660163460256725,17.556406588007448,19.818593411992538,11,34,64,5618.921874999999,1126.2628792447538,140.78285990559422,5337.589778358633,5900.253971641365,3823,8446,64,0,0,0,0,0,0,0,64,0.9181244271940248,0.016330197197296677,0.0020412746496620846,0.9140452653031852,0.9222035890848643,0.8846455663091812,0.9475491356855316,64,12.703842466944394,2.5569537996121627,0.31961922495152034,12.065134411554716,13.342550522334072,8.668934240362812,19.06546275395034,64,1,0,0,1,1,1,1,64,0.13601684570312494,0.008303687177360151,0.001037960897170019,0.1339426463607589,0.138091045045491,0.1171875,0.154296875,64,1,0.9433759402071946,1,0,0,1,0
atlas,5,32,3,periodic,64,64,0.8215484619140624,0.011445911081211277,0.0014307388851514096,0.8186893583941034,0.8244075654340214,0.796875,0.849609375,64,1,0,0,1,1,1,1,64,1,0,0,1,1,1,1,64,280.4218749999999,3.906870982386774,0.4883588727983468,279.4459676651872,281.3977823348126,272,290,64,280.4218749999999,3.906870982386774,0.4883588727983468,279.4459676651872,281.3977823348126,272,290,64,0,0,0,0,0,0,0,64,4645.640625000001,1390.5485085080236,173.81856356350295,4298.291942388336,4992.989307611666,2619,11104,64,4365.218750000003,1389.8740661091772,173.73425826364715,4018.038538086989,4712.398961913017,2343,10830,64,0.10715781250000946,0.028403916590483514,0.0035504895738104393,0.10006272523886689,0.11425289976115202,0.09249999999997272,0.26120000000014443,64,0,0,0,0,0,0,0,64,6.031250000000001,3.427103687159127,0.4283879608948909,5.1751849698159536,6.887315030184048,0,17,64,4645.640625000001,1390.5485085080236,173.81856356350295,4298.291942388336,4992.989307611666,2619,11104,64,0,0,0,0,0,0,0,64,0.935233268499432,0.016195905044527205,0.0020244881305659006,0.9311876517902702,0.9392788852085938,0.8946162657502864,0.9753242074927954,64,16.55825973911728,4.961793621968115,0.6202242027460144,15.318840569317318,17.797678908917238,9.48913043478261,40.52554744525548,64,1,0,0,1,1,1,1,64,0.17845153808593747,0.011445911081211279,0.0014307388851514098,0.1755924345659785,0.18131064160589644,0.150390625,0.203125,62,0.96875,0.8930270822904169,0.9913878616538281,2,0,1,0
atlas,5,32,4,periodic,64,64,0.8045043945312498,0.011445425450357484,0.0014306781812946855,0.8016454123182688,0.8073633767442308,0.77734375,0.828125,64,1,0,0,1,1,1,1,64,1,0,0,1,1,1,1,64,205.95312499999994,2.930028915291516,0.3662536144114395,205.2212255534768,206.68502444652307,199,212,64,205.95312499999994,2.930028915291516,0.3662536144114395,205.2212255534768,206.68502444652307,199,212,64,0,0,0,0,0,0,0,64,4018.640624999999,1379.130072795344,172.391259099418,3674.1441827654357,4363.137067234562,1763,7764,64,3812.6875000000005,1378.9719874107277,172.37149842634096,3468.2305463195944,4157.1444536804065,1557,7560,64,0.14917031249997587,0.04191482171341807,0.005239352714177259,0.1387003015546694,0.15964032344528234,0.1251999999999498,0.44399999999996,64,0,0,0,0,0,0,0,64,1.6874999999999998,1.9013362051671359,0.23766702564589198,1.212560347031499,2.1624396529685006,0,8,64,4018.640624999999,1379.130072795344,172.391259099418,3674.1441827654357,4363.137067234562,1763,7764,64,0,0,0,0,0,0,0,64,0.9430042016037791,0.018797710991358456,0.002349713873919807,0.9383086731062017,0.9476997301013564,0.8831537152580828,0.973724884080371,64,19.510987029096587,6.68702624030523,0.8358782800381538,17.840617573483843,21.18135648470933,8.558252427184467,38.05882352941177,64,1,0,0,1,1,1,1,64,0.19549560546875003,0.011445425450357528,0.001430678181294691,0.19263662325576902,0.19835458768173103,0.171875,0.22265625,42,0.65625,0.5340364020991819,0.7607685792155665,22,0,1,0
atlas,5,32,8,periodic,64,64,0.7707519531249998,0.011241415203060913,0.0014051769003826141,0.7679439311555516,0.773559975094448,0.75,0.8046875,64,1,0,0,1,1,1,1,64,1,0,0,1,1,1,1,64,98.65624999999997,1.4389011459917969,0.1798626432489746,98.2968231879106,99.01567681208934,96,103,64,98.65624999999997,1.4389011459917969,0.1798626432489746,98.2968231879106,99.01567681208934,96,103,64,0,0,0,0,0,0,0,64,2441.5781250000014,1199.0589670645961,149.88237088307451,2142.0621066552244,2741.0941433447783,788,5329,64,2342.9218749999986,1198.6273274000052,149.82841592500066,2043.5136770354106,2642.3300729645866,691,5231,64,0.09287968750003726,0.04472874924946985,0.005591093656183732,0.08170677836985483,0.1040525966302197,0.07210000000031869,0.3152999999997519,64,0,0,0,0,0,0,0,64,0,0,0,0,0,0,0,64,2441.5781250000014,1199.0589670645961,149.88237088307451,2142.0621066552244,2741.0941433447783,788,5329,64,0,0,0,0,0,0,0,64,0.9486078268833512,0.02557929758534699,0.003197412198168374,0.942218308456601,0.9549973453101014,0.8769035532994924,0.981610058172265,64,24.701108933893373,12.09542092190409,1.5119276152380112,21.679762683006565,27.72245518478018,8.123711340206185,54.37755102040816,64,1,0,0,1,1,1,1,64,0.229248046875,0.011241415203060918,0.0014051769003826148,0.2264400249055518,0.2320560688444482,0.1953125,0.25,0,0,0,0.05662405979280534,64,0,1,0
atlas,50,16,2,periodic,64,64,0.8641357421875,0.016269995156629993,0.002033749394578749,0.8600716183189863,0.8681998660560137,0.8125,0.90625,64,-1,0,0,-1,-1,-1,-1,64,1,0,0,1,1,1,1,64,110.609375,2.082559380048639,0.2603199225060799,110.08916714483024,111.12958285516976,104,116,64,0,0,0,0,0,0,0,64,110.609375,2.082559380048639,0.2603199225060799,110.08916714483024,111.12958285516976,104,116,64,1046.3906250000005,292.69419640492873,36.58677455061609,973.2777900954385,1119.5034599045623,588,1988,64,935.78125,292.53741959803943,36.56717744975493,862.7075767766048,1008.8549232233952,479,1876,64,0.0456718750000009,0.025496669366990722,0.0031870836708738403,0.0393029964880879,0.0520407535119139,0.03490000000002169,0.21160000000000423,64,4.75,2.462415899780551,0.30780198747256887,4.1349068093651065,5.3650931906348935,1,12,64,0,0,0,0,0,0,0,64,0,0,0,0,0,0,0,64,1046.3906250000005,292.69419640492873,36.58677455061609,973.2777900954385,1119.5034599045623,588,1988,64,0.886671799077833,0.029141934356921976,0.003642741794615247,0.8793923604637186,0.8939512376919474,0.814625850340136,0.9436619718309859,64,9.459766878271774,2.638906950069174,0.32986336875864675,8.800587534988903,10.118946221554644,5.394495412844036,17.75,64,0,0,0,0,0,0,0,64,0.1358642578125,0.016269995156629993,0.002033749394578749,0.1318001339439863,0.1399283816810137,0.09375,0.1875,64,1,0.9433759402071946,1,0,0,1,0
atlas,50,16,3,periodic,64,64,0.8292846679687502,0.021672993808587955,0.0027091242260734944,0.8238709151930624,0.834698420744438,0.7734375,0.87890625,64,-1,0,0,-1,-1,-1,-1,64,1,0,0,1,1,1,1,64,70.76562499999997,1.8494288049995034,0.23117860062493792,70.30365142980794,71.227598570192,66,75,64,0,0,0,0,0,0,0,64,70.76562499999997,1.8494288049995034,0.23117860062493792,70.30365142980794,71.227598570192,66,75,64,841.4999999999998,291.23998722484896,36.40499840310612,768.7504157406702,914.2495842593294,415,2061,64,770.7343750000001,290.93425004152095,36.36678125519012,698.0611616167706,843.4075883832296,346,1992,64,0.03375312500000761,0.012188206227000693,0.0015235257783750866,0.030708601669505214,0.036797648330510004,0.026499999999998636,0.08800000000002228,64,0.96875,1.194813527325233,0.14935169091565412,0.6702944609492227,1.2672055390507773,0,4,64,0,0,0,0,0,0,0,64,0,0,0,0,0,0,0,64,841.4999999999998,291.23998722484896,36.40499840310612,768.7504157406702,914.2495842593294,415,2061,64,0.9074656424894427,0.027591636164658376,0.003448954520582297,0.9005734568416529,0.9143578281372325,0.8337349397590361,0.9665211062590975,64,11.881602457253235,4.087455981198307,0.5109319976497884,10.860586331878554,12.902618582627916,6.0144927536231885,29.869565217391305,64,0,0,0,0,0,0,0,64,0.17071533203125,0.021672993808587976,0.002709124226073497,0.16530157925556221,0.17612908480693779,0.12109375,0.2265625,33,0.515625,0.39581601478580125,0.6336644833456737,31,0,1,0
atlas,50,16,4,periodic,64,64,0.8024902343750002,0.025112468294317167,0.003139058536789646,0.7962173264355876,0.8087631423144128,0.75,0.859375,64,-1,0,0,-1,-1,-1,-1,64,1,0,0,1,1,1,1,64,51.359375000000014,1.6071979708362987,0.20089974635453733,50.95790889187761,51.76084110812242,48,55,64,0,0,0,0,0,0,0,64,51.359375000000014,1.6071979708362987,0.20089974635453733,50.95790889187761,51.76084110812242,48,55,64,687.609375,296.2156345180593,37.02695431475741,613.6169110267573,761.6018389732427,274,1439,64,636.2499999999999,295.6650292540691,36.95812865675864,562.3950731295017,710.104926870498,224,1385,64,0.0276140625000103,0.011004932042772211,0.0013756165053465264,0.024865112266415645,0.030363012733604953,0.023300000000062937,0.10940000000005057,64,0.21875000000000008,0.6291528696058958,0.07864410870073697,0.06159228915290979,0.3759077108470904,0,3,64,0,0,0,0,0,0,0,64,0,0,0,0,0,0,0,64,687.609375,296.2156345180593,37.02695431475741,613.6169110267573,761.6018389732427,274,1439,64,0.9102948194096712,0.03886589187516802,0.004858236484396003,0.9005864084777492,0.9200032303415931,0.8175182481751825,0.9624739402362752,64,13.33915510948285,5.637657616301237,0.7047072020376546,11.930910137044654,14.747400081921045,5.48,26.64814814814815,64,0,0,0,0,0,0,0,64,0.197509765625,0.025112468294317174,0.0031390585367896467,0.19123685768558743,0.20378267356441257,0.140625,0.25,9,0.140625,0.0757857255603086,0.24616281741577023,55,0,1,0
atlas,50,16,8,periodic,64,64,1,0,0,1,1,1,1,64,-1,0,0,-1,-1,-1,-1,64,1,0,0,1,1,1,1,64,32,0,0,32,32,32,32,64,0,0,0,0,0,0,0,64,32,0,0,32,32,32,32,64,913.03125,279.007991508123,34.87599893851537,843.3371273602546,982.7253726397454,442,1608,64,881.03125,279.007991508123,34.87599893851537,811.3371273602546,950.7253726397454,410,1576,64,0.025496874999991096,0.01138379478601796,0.001422974348252245,0.022653287668911618,0.028340462331070574,0.022299999999972897,0.11459999999999582,64,0,0,0,0,0,0,0,64,0,0,0,0,0,0,0,64,0,0,0,0,0,0,0,64,913.03125,279.007991508123,34.87599893851537,843.3371273602546,982.7253726397454,442,1608,64,0.9614810416468594,0.012281118862611797,0.0015351398578264746,0.9584133094305253,0.9645487738631936,0.9276018099547512,0.9800995024875622,64,28.5322265625,8.718999734628843,1.0898749668286054,26.354285230007957,30.710167894992043,13.8125,50.25,64,0,0,0,0,0,0,0,64,0,0,0,0,0,0,0,0,0,0,0.05662405979280534,64,0,1,0
atlas,50,32,2,periodic,64,64,0.866851806640625,0.008045829649789846,0.0010057287062237308,0.8648420181922012,0.8688615950890488,0.849609375,0.8828125,64,-1,0,0,-1,-1,-1,-1,64,1,0,0,1,1,1,1,64,443.828125,4.119464780692401,0.5149330975865501,442.799113314407,444.857136685593,435,452,64,0,0,0,0,0,0,0,64,443.828125,4.119464780692401,0.5149330975865501,442.799113314407,444.857136685593,435,452,64,6038.640625000002,1354.7866623736875,169.34833279671093,5700.224985764041,6377.056264235963,3606,10189,64,5594.812499999999,1355.5433734490339,169.44292168112923,5256.207839961433,5933.417160038565,3160,9749,64,0.16894062499999055,0.03193960430896682,0.003992450538620853,0.16096234922465574,0.17691890077532535,0.14019999999982247,0.2699999999999818,64,18.21875,3.9819782512779747,0.49774728140974683,17.224081427629425,19.213418572370575,9,27,64,0,0,0,0,0,0,0,64,0,0,0,0,0,0,0,64,6038.640625000002,1354.7866623736875,169.34833279671093,5700.224985764041,6377.056264235963,3606,10189,64,0.9229167133393125,0.01708571895357496,0.00213571486919687,0.918648827728932,0.927184598949693,0.8763172490293955,0.9568161743056237,64,13.612090799190955,3.0801800533199533,0.38502250666499416,12.842684714339338,14.381496884042573,8.085201793721973,23.15681818181818,64,0,0,0,0,0,0,0,64,0.13314819335937492,0.008045829649789832,0.001005728706223729,0.1311384049109511,0.13515798180779873,0.1171875,0.150390625,64,1,0.9433759402071946,1,0,0,1,0
atlas,50,32,3,periodic,64,64,0.8227844238281249,0.010839639512031849,0.0013549549390039811,0.8200767624402245,0.8254920852160252,0.7998046875,0.8525390625,64,-1,0,0,-1,-1,-1,-1,64,1,0,0,1,1,1,1,64,280.8437500000001,3.6999302867735393,0.4624912858466924,279.91953491293015,281.7679650870701,273,291,64,0,0,0,0,0,0,0,64,280.8437500000001,3.6999302867735393,0.4624912858466924,279.91953491293015,281.7679650870701,273,291,64,4785.265625000002,1087.5338088842434,135.94172611053042,4513.60776229308,5056.923487706924,3234,8655,64,4504.421875,1087.1822295037796,135.89777868797245,4232.851834209315,4775.991915790685,2950,8372,64,0.127656249999994,0.03524173605709173,0.004405217007136466,0.11885312625603135,0.13645937374395664,0.10329999999999018,0.27700000000004366,64,5.671874999999999,2.3708192107705575,0.2963524013463197,5.0796619815162725,6.264088018483726,0,11,64,0,0,0,0,0,0,0,64,0,0,0,0,0,0,0,64,4785.265625000002,1087.5338088842434,135.94172611053042,4513.60776229308,5056.923487706924,3234,8655,64,0.9386343266222227,0.01248406469887777,0.0015605080873597212,0.9355159000443203,0.9417527532001251,0.9121830550401979,0.9673021374927787,64,17.036898169298624,3.8536421517390913,0.4817052689673864,16.07428700077524,17.99950933782201,11.387323943661972,30.58303886925795,64,0,0,0,0,0,0,0,64,0.17721557617187503,0.010839639512031854,0.0013549549390039818,0.17450791478397465,0.1799232375597754,0.1474609375,0.2001953125,63,0.984375,0.9166589839990573,0.9972364580766624,1,0,1,0
atlas,50,32,4,periodic,64,64,0.8036499023437499,0.012743364066967872,0.001592920508370984,0.8004667047108595,0.8068330999766403,0.76953125,0.828125,64,-1,0,0,-1,-1,-1,-1,64,1,0,0,1,1,1,1,64,205.73437499999997,3.2623012011437753,0.4077876501429719,204.91947640598002,206.54927359401992,197,212,64,0,0,0,0,0,0,0,64,205.73437499999997,3.2623012011437753,0.4077876501429719,204.91947640598002,206.54927359401992,197,212,64,3924.0468749999995,1165.452271767427,145.68153397092837,3632.925559369282,4215.168190630718,2073,8521,64,3718.3125000000005,1165.0802394194636,145.63502992743295,3427.284115284791,4009.34088471521,1869,8313,64,0.11883125000004212,0.023353616184422835,0.0029192020230528544,0.11299769024556705,0.12466480975451719,0.09250000000020009,0.2290000000002692,64,1.8281249999999998,2.0590850757572765,0.25738563446965956,1.313780851576857,2.3424691484231426,0,9,64,0,0,0,0,0,0,0,64,0,0,0,0,0,0,0,64,3924.0468749999995,1165.452271767427,145.68153397092837,3632.925559369282,4215.168190630718,2073,8521,64,0.9432789088201226,0.0158601998376295,0.0019825249797036874,0.9393171487766205,0.9472406688636246,0.9015918958031838,0.9755897195164887,64,19.06791506303103,5.652177343940423,0.7065221679925529,17.656043170541867,20.479786955520193,10.161764705882353,40.96634615384615,64,0,0,0,0,0,0,0,64,0.19635009765625003,0.012743364066967881,0.0015929205083709851,0.19316690002335954,0.19953329528914052,0.171875,0.23046875,43,0.671875,0.549991058490915,0.7742944209553081,21,0,1,0
atlas,50,32,8,periodic,64,64,0.7691650390624999,0.013052764975680625,0.001631595621960078,0.7659045553821378,0.772425522742862,0.75,0.8125,64,-1,0,0,-1,-1,-1,-1,64,1,0,0,1,1,1,1,64,98.45312499999999,1.67075391688712,0.20884423961089,98.03578308891363,98.87046691108634,96,104,64,0,0,0,0,0,0,0,64,98.45312499999999,1.67075391688712,0.20884423961089,98.03578308891363,98.87046691108634,96,104,64,2170.984375,978.4011332422718,122.30014165528398,1926.5870435742172,2415.381706425783,690,6199,64,2072.5312499999995,977.9608030699746,122.24510038374683,1828.2439097786414,2316.8185902213577,593,6099,64,0.08146874999997065,0.014044711765364187,0.0017555889706705233,0.07796048538387751,0.0849770146160638,0.07190000000036889,0.1673000000000684,64,0,0,0,0,0,0,0,64,0,0,0,0,0,0,0,64,0,0,0,0,0,0,0,64,2170.984375,978.4011332422718,122.30014165528398,1926.5870435742172,2415.381706425783,690,6199,64,0.9457243328418791,0.023976104536285483,0.0029970130670356854,0.9397352801235572,0.9517133855602009,0.8594202898550725,0.9838683658654622,64,22.01347393191086,9.830502516879195,1.2288128146098993,19.557887465306884,24.469060398514834,7.11340206185567,61.99,64,0,0,0,0,0,0,0,64,0.2308349609375,0.01305276497568062,0.0016315956219600774,0.22757447725713784,0.23409544461786216,0.1875,0.25,0,0,0,0.05662405979280534,64,0,1,0
atlas,51,16,2,periodic,64,64,0.8677978515625001,0.017624137172774137,0.002203017146596767,0.8633954730825875,0.8722002300424128,0.828125,0.9140625,64,-1,0,0,-1,-1,-1,-1,64,1,0,0,1,1,1,1,64,111.07812500000001,2.2558895581150895,0.2819861947643862,110.5146205545712,111.64162944542883,106,117,64,0,0,0,0,0,0,0,64,111.07812500000001,2.2558895581150895,0.2819861947643862,110.5146205545712,111.64162944542883,106,117,64,1067.8906250000002,302.61978434822834,37.82747304352854,992.298451996007,1143.4827980039936,528,1874,64,956.8125000000003,302.6017276149553,37.82521595186941,881.2248374337777,1032.400162566223,418,1757,64,0.04714843749999931,0.015316284436782663,0.001914535554597833,0.04332254348114904,0.05097433151884957,0.038000000000010914,0.10089999999999577,64,5.031249999999999,2.3160499350375203,0.28950624187969004,4.452717939539,5.609782060460998,2,11,64,0,0,0,0,0,0,0,64,0,0,0,0,0,0,0,64,1067.8906250000002,302.61978434822834,37.82747304352854,992.298451996007,1143.4827980039936,528,1874,64,0.8874839490366234,0.0320486956585372,0.00400608695731715,0.879478423052953,0.8954894750202939,0.7916666666666666,0.9375667022411953,64,9.61754472478932,2.7436692830019616,0.3429586603752452,8.932196529352868,10.302892920225773,4.8,16.017094017094017,64,0,0,0,0,0,0,0,64,0.13220214843749997,0.017624137172774144,0.002203017146596768,0.1277997699575873,0.13660452691741265,0.0859375,0.171875,64,1,0.9433759402071946,1,0,0,1,0
atlas,51,16,3,periodic,64,64,0.8221435546875004,0.024987680942215918,0.0031234601177769898,0.8159018177012001,0.8283852916738008,0.7734375,0.87890625,64,-1,0,0,-1,-1,-1,-1,64,1,0,0,1,1,1,1,64,70.15624999999999,2.132282107069087,0.26653526338363587,69.62362177716902,70.68887822283095,66,75,64,0,0,0,0,0,0,0,64,70.15624999999999,2.132282107069087,0.26653526338363587,69.62362177716902,70.68887822283095,66,75,64,958.109375,407.2375040103982,50.904688001299775,856.3844731626339,1059.8342768373661,279,2298,64,887.9531249999998,406.9047090072829,50.863088625910365,786.3113528810179,989.5948971189816,211,2229,64,0.037667187500005646,0.02180684365192037,0.0027258554564900464,0.03222000002825022,0.04311437497176107,0.028400000000033288,0.192799999999977,64,1.6093749999999998,1.5997736695079063,0.1999717086884883,1.2097634271706479,2.0089865728293517,0,6,64,0,0,0,0,0,0,0,64,0,0,0,0,0,0,0,64,958.109375,407.2375040103982,50.904688001299775,856.3844731626339,1059.8342768373661,279,2298,64,0.9130866459746917,0.03947779980785342,0.004934724975981677,0.9032253849889978,0.9229479069603855,0.7562724014336918,0.9699738903394256,64,13.640698757940173,5.787326675114121,0.7234158343892652,12.19506756697864,15.086329948901707,4.102941176470588,33.30434782608695,64,0,0,0,0,0,0,0,64,0.17785644531250003,0.024987680942215856,0.003123460117776982,0.1716147083261997,0.18409818229880034,0.12109375,0.2265625,46,0.71875,0.5986606971779259,0.8140662766627217,18,0,1,0
atlas,51,16,4,periodic,64,64,0.802001953125,0.028398511273539036,0.0035498139091923796,0.7949082160718568,0.8090956901781432,0.75,0.859375,64,-1,0,0,-1,-1,-1,-1,64,1,0,0,1,1,1,1,64,51.328125,1.8175047215064983,0.2271880901883123,50.874125828598835,51.782124171401165,48,55,64,0,0,0,0,0,0,0,64,51.328125,1.8175047215064983,0.2271880901883123,50.874125828598835,51.782124171401165,48,55,64,652.671875,352.6369622330258,44.07962027912823,564.585782697299,740.757967302701,246,2115,64,601.3437499999999,352.14053916781126,44.01756739597641,513.3816604894814,689.3058395105184,197,2066,64,0.028418749999998383,0.008403001636789488,0.001050375204598686,0.026319742643790316,0.03051775735620645,0.02470000000005257,0.09209999999995944,64,0.46875,1.0230478894592296,0.1278809861824037,0.21320024069416893,0.7242997593058311,0,5,64,0,0,0,0,0,0,0,64,0,0,0,0,0,0,0,64,652.671875,352.6369622330258,44.07962027912823,564.585782697299,740.757967302701,246,2115,64,0.9010139132747838,0.0447075823585835,0.005588447794822937,0.8898462914766285,0.912181535072939,0.8008130081300813,0.9768321513002364,64,12.66727182183361,6.79424665121704,0.84928083140213,10.970119504457019,14.364424139210202,5.020408163265306,43.16326530612245,64,0,0,0,0,0,0,0,64,0.19799804687500003,0.02839851127353903,0.0035498139091923787,0.19090430982185688,0.20509178392814317,0.140625,0.25,17,0.265625,0.17296379074222612,0.38482873728565137,47,0,1,0
atlas,51,16,8,periodic,64,64,1,0,0,1,1,1,1,64,-1,0,0,-1,-1,-1,-1,64,1,0,0,1,1,1,1,64,32,0,0,32,32,32,32,64,0,0,0,0,0,0,0,64,32,0,0,32,32,32,32,64,865.890625,300.5825094546909,37.572813681836365,790.8073481230086,940.9739018769914,410,1857,64,833.890625,300.5825094546909,37.572813681836365,758.8073481230086,908.9739018769914,378,1825,64,0.02805468750000451,0.009627373831149134,0.0012034217288936417,0.02564984106940595,0.030459533930603067,0.02369999999996253,0.09639999999990323,64,0,0,0,0,0,0,0,64,0,0,0,0,0,0,0,64,0,0,0,0,0,0,0,64,865.890625,300.5825094546909,37.572813681836365,790.8073481230086,940.9739018769914,410,1857,64,0.9588422543810878,0.013449803400244058,0.0016812254250305073,0.9554825934531327,0.962201915309043,0.9219512195121952,0.9827679052234787,64,27.05908203125,9.393203420459091,1.1741504275573864,24.71272962884402,29.40543443365598,12.8125,58.03125,64,0,0,0,0,0,0,0,64,0,0,0,0,0,0,0,0,0,0,0.05662405979280534,64,0,1,0
atlas,51,32,2,periodic,64,64,0.8656005859374999,0.007339961173819138,0.0009174951467273922,0.8637671181882285,0.8674340536867713,0.8515625,0.8828125,64,-1,0,0,-1,-1,-1,-1,64,1,0,0,1,1,1,1,64,443.18749999999994,3.7580601209953985,0.4697575151244248,442.248764512373,444.1262354876269,436,452,64,0,0,0,0,0,0,0,64,443.18749999999994,3.7580601209953985,0.4697575151244248,442.248764512373,444.1262354876269,436,452,64,5856.953125000001,1321.8561075988675,165.23201344985844,5526.763293600818,6187.142956399184,3414,9384,64,5413.765624999999,1322.052285571085,165.2565356963856,5083.526789801387,5744.004460198611,2971,8937,64,0.2152375000000255,0.03986516759405692,0.004983145949257115,0.20527947742032704,0.22519552257972397,0.17160000000012587,0.33120000000008076,64,18.781249999999996,4.935999118880323,0.6169998898600404,17.548274105361852,20.01422589463814,8,30,64,0,0,0,0,0,0,0,64,0,0,0,0,0,0,0,64,5856.953125000001,1321.8561075988675,165.23201344985844,5526.763293600818,6187.142956399184,3414,9384,64,0.9206153559717444,0.017327715088225917,0.0021659643860282396,0.9162870215254881,0.9249436904180006,0.870240187463386,0.9523657289002557,64,13.217775686298287,2.986079960330611,0.3732599950413264,12.471875105306117,13.963676267290458,7.706546275395034,20.993288590604028,64,0,0,0,0,0,0,0,64,0.13439941406249994,0.007339961173819116,0.0009174951467273895,0.1325659463132286,0.1362328818117713,0.1171875,0.1484375,64,1,0.9433759402071946,1,0,0,1,0
atlas,51,32,3,periodic,64,64,0.8238830566406252,0.011152482402933133,0.0013940603003666416,0.8210972494236839,0.8266688638575665,0.802734375,0.849609375,64,-1,0,0,-1,-1,-1,-1,64,1,0,0,1,1,1,1,64,281.21874999999994,3.80671399353451,0.47583924919181375,280.26786113661734,282.16963886338254,274,290,64,0,0,0,0,0,0,0,64,281.21874999999994,3.80671399353451,0.47583924919181375,280.26786113661734,282.16963886338254,274,290,64,4578.093750000003,1181.6259139826097,147.70323924782622,4282.932378749432,4873.255121250573,2327,8392,64,4296.874999999999,1181.564465994804,147.6955582493505,4001.7289780000892,4592.021021999909,2041,8107,64,0.1264531249999834,0.02673818367557784,0.00334227295944723,0.11977412544094924,0.13313212455901755,0.11069999999995161,0.25479999999993197,64,5.125000000000002,3.1547394428670255,0.3943424303583782,4.336969533778696,5.913030466221308,0,15,64,0,0,0,0,0,0,0,64,0,0,0,0,0,0,0,64,4578.093750000003,1181.6259139826097,147.70323924782622,4282.932378749432,4873.255121250573,2327,8392,64,0.9345356890509471,0.01714448754302039,0.0021430609428775486,0.9302531234837021,0.938818254618192,0.8770949720670391,0.9660390848427073,64,16.28144621572975,4.176952904164182,0.5221191130205227,15.238074424155876,17.324818007303627,8.136363636363637,29.44561403508772,64,0,0,0,0,0,0,0,64,0.17611694335937497,0.011152482402933124,0.0013940603003666405,0.17333113614243367,0.17890275057631627,0.150390625,0.197265625,63,0.984375,0.9166589839990573,0.9972364580766624,1,0,1,0
atlas,51,32,4,periodic,64,64,0.80316162109375,0.0134889295377134,0.001686116192214175,0.7997921867474478,0.8065310554400522,0.7734375,0.83984375,64,-1,0,0,-1,-1,-1,-1,64,1,0,0,1,1,1,1,64,205.609375,3.4531659616546304,0.4316457452068288,204.74679980734663,206.47195019265337,198,215,64,0,0,0,0,0,0,0,64,205.609375,3.4531659616546304,0.4316457452068288,204.74679980734663,206.47195019265337,198,215,64,3788.8437500000005,1197.6958728199081,149.71198410248851,3489.668222466778,4088.019277533223,1498,7638,64,3583.234375,1196.8320451075951,149.6040056384494,3284.274625209186,3882.194124790814,1297,7431,64,0.09811406250000233,0.017964602471648623,0.002245575308956078,0.09362663831883188,0.10260148668117279,0.08690000000024156,0.18899999999985084,64,1.7031249999999996,1.7966431441167128,0.2245803930145891,1.254336895583706,2.1519131044162934,0,8,64,0,0,0,0,0,0,0,64,0,0,0,0,0,0,0,64,3788.8437500000005,1197.6958728199081,149.71198410248851,3489.668222466778,4088.019277533223,1498,7638,64,0.9404202671676012,0.018809712719403664,0.002351214089925458,0.9357217407275572,0.9451187936076452,0.8658210947930574,0.9728986645718775,64,18.40801183086635,5.764230423380951,0.7205288029226189,16.968149911932148,19.847873749800552,7.45273631840796,36.89855072463768,64,0,0,0,0,0,0,0,64,0.19683837890625006,0.013488929537713404,0.0016861161922141754,0.1934689445599478,0.20020781325255232,0.16015625,0.2265625,45,0.703125,0.5822979889645707,0.8009484867446022,19,0,1,0
atlas,51,32,8,periodic,64,64,0.77099609375,0.011037577157103271,0.001379697144637909,0.76823898900947,0.77375319849053,0.75,0.796875,64,-1,0,0,-1,-1,-1,-1,64,1,0,0,1,1,1,1,64,98.6875,1.4128098761092187,0.17660123451365234,98.33459059321216,99.04040940678784,96,102,64,0,0,0,0,0,0,0,64,98.6875,1.4128098761092187,0.17660123451365234,98.33459059321216,99.04040940678784,96,102,64,2556.78125,1399.7517860320806,174.96897325401008,2207.1336570632857,2906.4288429367143,978,9818,64,2458.093749999999,1399.386880696357,174.9233600870446,2108.5373077041045,2807.6501922958937,881,9719,64,0.08445000000002527,0.01448685227676118,0.0018108565345951475,0.08083129197025518,0.08806870802979536,0.07560000000012224,0.15979999999990468,64,0,0,0,0,0,0,0,64,0,0,0,0,0,0,0,64,0,0,0,0,0,0,0,64,2556.78125,1399.7517860320806,174.96897325401008,2207.1336570632857,2906.4288429367143,978,9818,64,0.9525295569322056,0.020402294022018125,0.0025502867527522656,0.9474332155191273,0.957625898345284,0.9008179959100204,0.9899164799348136,64,25.860847850536512,14.094804290814785,1.7618505363518482,22.340070493882713,29.38162520719031,10.082474226804123,99.17171717171718,64,0,0,0,0,0,0,0,64,0.22900390625,0.011037577157103273,0.0013796971446379091,0.22624680150946996,0.23176101099053004,0.203125,0.25,0,0,0,0.05662405979280534,64,0,1,0
atlas,52,16,2,periodic,64,64,0.8677978515625001,0.017624137172774137,0.002203017146596767,0.8633954730825875,0.8722002300424128,0.828125,0.9140625,64,-1,0,0,-1,-1,-1,-1,64,1,0,0,1,1,1,1,64,111.07812500000001,2.2558895581150895,0.2819861947643862,110.5146205545712,111.64162944542883,106,117,64,0,0,0,0,0,0,0,64,111.07812500000001,2.2558895581150895,0.2819861947643862,110.5146205545712,111.64162944542883,106,117,64,1066.6874999999993,302.653339070947,37.83166738386838,991.0869452756558,1142.2880547243428,525,1870,64,955.6093749999998,302.6376961794573,37.82971202243216,880.0127277536895,1031.2060222463099,415,1753,64,0.04525000000000067,0.02557940019401765,0.0031974250242522064,0.038860455942367145,0.0516395440576342,0.03550000000001319,0.21120000000001937,64,5.031249999999999,2.3160499350375203,0.28950624187969004,4.452717939539,5.609782060460998,2,11,64,0,0,0,0,0,0,0,64,0,0,0,0,0,0,0,64,1066.6874999999993,302.653339070947,37.83166738386838,991.0869452756558,1142.2880547243428,525,1870,64,0.8873291153783605,0.03216301562597548,0.004020376953246935,0.8792950331164712,0.8953631976402497,0.7904761904761904,0.9374331550802139,64,9.60677064071394,2.7445586751597943,0.3430698343949743,8.921200281726588,10.292340999701292,4.7727272727272725,15.982905982905983,64,0,0,0,0,0,0,0,64,0.13220214843749997,0.017624137172774144,0.002203017146596768,0.1277997699575873,0.13660452691741265,0.0859375,0.171875,64,1,0.9433759402071946,1,0,0,1,0
atlas,52,16,3,periodic,64,64,0.8221435546875004,0.024987680942215918,0.0031234601177769898,0.8159018177012001,0.8283852916738008,0.7734375,0.87890625,64,-1,0,0,-1,-1,-1,-1,64,1,0,0,1,1,1,1,64,70.15624999999999,2.132282107069087,0.26653526338363587,69.62362177716902,70.68887822283095,66,75,64,0,0,0,0,0,0,0,64,70.15624999999999,2.132282107069087,0.26653526338363587,69.62362177716902,70.68887822283095,66,75,64,958.265625,406.225179644715,50.77814745558938,856.7935942653997,1059.7376557346004,286,2289,64,888.1093749999995,405.89095091871457,50.73636886483932,786.7208321171045,989.4979178828946,218,2220,64,0.03717187499999676,0.013856514928090922,0.0017320643660113653,0.03371062055514078,0.04063312944485274,0.025200000000040745,0.105700000000013,64,1.6093749999999998,1.5997736695079063,0.1999717086884883,1.2097634271706479,2.0089865728293517,0,6,64,0,0,0,0,0,0,0,64,0,0,0,0,0,0,0,64,958.265625,406.225179644715,50.77814745558938,856.7935942653997,1059.7376557346004,286,2289,64,0.9132712065657275,0.03889852605135541,0.004862315756419426,0.9035546438591372,0.9229877692723177,0.7622377622377622,0.9698558322411533,64,13.64286336573253,5.772732874159066,0.7215916092698833,12.200877597785743,15.084849133679318,4.205882352941177,33.17391304347826,64,0,0,0,0,0,0,0,64,0.17785644531250003,0.024987680942215856,0.003123460117776982,0.1716147083261997,0.18409818229880034,0.12109375,0.2265625,46,0.71875,0.5986606971779259,0.8140662766627217,18,0,1,0
atlas,52,16,4,periodic,64,64,0.802001953125,0.028398511273539036,0.0035498139091923796,0.7949082160718568,0.8090956901781432,0.75,0.859375,64,-1,0,0,-1,-1,-1,-1,64,1,0,0,1,1,1,1,64,51.328125,1.8175047215064983,0.2271880901883123,50.874125828598835,51.782124171401165,48,55,64,0,0,0,0,0,0,0,64,51.328125,1.8175047215064983,0.2271880901883123,50.874125828598835,51.782124171401165,48,55,64,652.9843749999999,352.39081353842045,44.048851692302556,564.9597688117886,741.0089811882111,246,2115,64,601.65625,351.8951511752257,43.98689389690321,513.7554565862605,689.5570434137395,197,2066,64,0.031354687500000374,0.01689203747507948,0.002111504684384935,0.02713518208347151,0.03557419291652924,0.02470000000005257,0.1272000000000162,64,0.46875,1.0230478894592296,0.1278809861824037,0.21320024069416893,0.7242997593058311,0,5,64,0,0,0,0,0,0,0,64,0,0,0,0,0,0,0,64,652.9843749999999,352.39081353842045,44.048851692302556,564.9597688117886,741.0089811882111,246,2115,64,0.9011344878429778,0.04462237386173932,0.005577796732717415,0.8899881504940489,0.9122808251919067,0.8008130081300813,0.9768321513002364,64,12.673504155084547,6.789724611042129,0.8487155763802662,10.97748140973501,14.369526900434085,5.020408163265306,43.16326530612245,64,0,0,0,0,0,0,0,64,0.19799804687500003,0.02839851127353903,0.0035498139091923787,0.19090430982185688,0.20509178392814317,0.140625,0.25,17,0.265625,0.17296379074222612,0.38482873728565137,47,0,1,0
atlas,52,16,8,periodic,64,64,1,0,0,1,1,1,1,64,-1,0,0,-1,-1,-1,-1,64,1,0,0,1,1,1,1,64,32,0,0,32,32,32,32,64,0,0,0,0,0,0,0,64,32,0,0,32,32,32,32,64,865.2499999999998,300.19676087209075,37.524595109011344,790.2630802519872,940.2369197480124,412,1859,64,833.2499999999998,300.19676087209075,37.524595109011344,758.2630802519872,908.2369197480124,380,1827,64,0.0270218749999902,0.010946239025777084,0.0013682798782221354,0.024287585845823575,0.029756164154156824,0.02250000000003638,0.10929999999996198,64,0,0,0,0,0,0,0,64,0,0,0,0,0,0,0,64,0,0,0,0,0,0,0,64,865.2499999999998,300.19676087209075,37.524595109011344,790.2630802519872,940.2369197480124,412,1859,64,0.9588260816862341,0.013414051037803656,0.001676756379725457,0.9554753514326983,0.9621768119397698,0.9223300970873787,0.9827864443249059,64,27.039062499999993,9.381148777252836,1.1726435971566045,24.6957212578746,29.382403742125387,12.875,58.09375,64,0,0,0,0,0,0,0,64,0,0,0,0,0,0,0,0,0,0,0.05662405979280534,64,0,1,0
atlas,52,32,2,periodic,64,64,0.8656005859374999,0.007339961173819138,0.0009174951467273922,0.8637671181882285,0.8674340536867713,0.8515625,0.8828125,64,-1,0,0,-1,-1,-1,-1,64,1,0,0,1,1,1,1,64,443.18749999999994,3.7580601209953985,0.4697575151244248,442.248764512373,444.1262354876269,436,452,64,0,0,0,0,0,0,0,64,443.18749999999994,3.7580601209953985,0.4697575151244248,442.248764512373,444.1262354876269,436,452,64,5859.1875,1323.4890981255353,165.4361372656919,5528.589759703943,6189.785240296057,3390,9382,64,5416,1323.6851157712263,165.46063947140328,5085.353295952888,5746.646704047112,2947,8935,64,0.20902968750001705,0.08695843685107577,0.01086980460638447,0.18730811626580032,0.23075125873423377,0.14480000000003201,0.6975999999999658,64,18.781249999999996,4.935999118880323,0.6169998898600404,17.548274105361852,20.01422589463814,8,30,64,0,0,0,0,0,0,0,64,0,0,0,0,0,0,0,64,5859.1875,1323.4890981255353,165.4361372656919,5528.589759703943,6189.785240296057,3390,9382,64,0.9206327495273285,0.01737556420924185,0.002171945526155231,0.916292462726266,0.9249730363283911,0.8693215339233038,0.95235557450437,64,13.222818488258532,2.9897832739109993,0.3737229092388749,12.475992847057693,13.969644129459372,7.652370203160271,20.988814317673377,64,0,0,0,0,0,0,0,64,0.13439941406249994,0.007339961173819116,0.0009174951467273895,0.1325659463132286,0.1362328818117713,0.1171875,0.1484375,64,1,0.9433759402071946,1,0,0,1,0
atlas,52,32,3,periodic,64,64,0.8238830566406252,0.011152482402933133,0.0013940603003666416,0.8210972494236839,0.8266688638575665,0.802734375,0.849609375,64,-1,0,0,-1,-1,-1,-1,64,1,0,0,1,1,1,1,64,281.21874999999994,3.80671399353451,0.47583924919181375,280.26786113661734,282.16963886338254,274,290,64,0,0,0,0,0,0,0,64,281.21874999999994,3.80671399353451,0.47583924919181375,280.26786113661734,282.16963886338254,274,290,64,4578.531250000002,1182.0187462423153,147.7523432802894,4283.271752170558,4873.7907478294455,2340,8397,64,4297.312499999999,1181.9561117063522,147.74451396329403,4002.068647812128,4592.55635218787,2054,8112,64,0.11119062499998832,0.01857306223735027,0.0023216327796687837,0.10655121209153108,0.11583003790844555,0.09820000000013351,0.1796999999999116,64,5.125000000000002,3.1547394428670255,0.3943424303583782,4.336969533778696,5.913030466221308,0,15,64,0,0,0,0,0,0,0,64,0,0,0,0,0,0,0,64,4578.531250000002,1182.0187462423153,147.7523432802894,4283.271752170558,4873.7907478294455,2340,8397,64,0.9345397051280211,0.01713840348150465,0.002142300435188081,0.930258659314125,0.9388207509419172,0.8777777777777778,0.9660593068953197,64,16.28298623166756,4.17845449938654,0.5223068124233174,15.239239352767274,17.326733110567847,8.181818181818182,29.46315789473684,64,0,0,0,0,0,0,0,64,0.17611694335937497,0.011152482402933124,0.0013940603003666405,0.17333113614243367,0.17890275057631627,0.150390625,0.197265625,63,0.984375,0.9166589839990573,0.9972364580766624,1,0,1,0
atlas,52,32,4,periodic,64,64,0.80316162109375,0.0134889295377134,0.001686116192214175,0.7997921867474478,0.8065310554400522,0.7734375,0.83984375,64,-1,0,0,-1,-1,-1,-1,64,1,0,0,1,1,1,1,64,205.609375,3.4531659616546304,0.4316457452068288,204.74679980734663,206.47195019265337,198,215,64,0,0,0,0,0,0,0,64,205.609375,3.4531659616546304,0.4316457452068288,204.74679980734663,206.47195019265337,198,215,64,3787.71875,1196.9925205472389,149.62406506840486,3488.718914637046,4086.718585362954,1497,7620,64,3582.1093749999995,1196.1232234285064,149.5154029285633,3283.3266835965283,3880.892066403471,1296,7413,64,0.10067656249998434,0.02645448767512856,0.00330681095939107,0.09406842809338128,0.1072846969065874,0.0806999999999789,0.2163999999997941,64,1.7031249999999996,1.7966431441167128,0.2245803930145891,1.254336895583706,2.1519131044162934,0,8,64,0,0,0,0,0,0,0,64,0,0,0,0,0,0,0,64,3787.71875,1196.9925205472389,149.62406506840486,3488.718914637046,4086.718585362954,1497,7620,64,0.94039475524201,0.018845173210667105,0.002355646651333388,0.9356873710347973,0.9451021394492227,0.8657314629258517,0.9728346456692913,64,18.402399854359718,5.760411663973707,0.7200514579967133,16.96349183314372,19.841307875575716,7.447761194029851,36.81159420289855,64,0,0,0,0,0,0,0,64,0.19683837890625006,0.013488929537713404,0.0016861161922141754,0.1934689445599478,0.20020781325255232,0.16015625,0.2265625,45,0.703125,0.5822979889645707,0.8009484867446022,19,0,1,0
atlas,52,32,8,periodic,64,64,0.77099609375,0.011037577157103271,0.001379697144637909,0.76823898900947,0.77375319849053,0.75,0.796875,64,-1,0,0,-1,-1,-1,-1,64,1,0,0,1,1,1,1,64,98.6875,1.4128098761092187,0.17660123451365234,98.33459059321216,99.04040940678784,96,102,64,0,0,0,0,0,0,0,64,98.6875,1.4128098761092187,0.17660123451365234,98.33459059321216,99.04040940678784,96,102,64,2556.0468750000005,1400.5952751426744,175.0744093928343,2206.188584752427,2905.905165247574,980,9820,64,2457.3593749999995,1400.2297472165342,175.02871840206677,2107.5923909117046,2807.1263590882945,883,9721,64,0.07973593750003263,0.019322693025887076,0.0024153366282358845,0.07490927239199353,0.08456260260807173,0.0702000000001135,0.20159999999987122,64,0,0,0,0,0,0,0,64,0,0,0,0,0,0,0,64,0,0,0,0,0,0,0,64,2556.0468750000005,1400.5952751426744,175.0744093928343,2206.188584752427,2905.905165247574,980,9820,64,0.9524816669598664,0.020470624996421518,0.0025588281245526897,0.9473682569772304,0.9575950769425023,0.9010204081632653,0.989918533604888,64,25.853284658374363,14.103403231807032,1.762925403975879,22.330359350169623,29.376209966579104,10.103092783505154,99.1919191919192,64,0,0,0,0,0,0,0,64,0.22900390625,0.011037577157103273,0.0013796971446379091,0.22624680150946996,0.23176101099053004,0.203125,0.25,0,0,0,0.05662405979280534,64,0,1,0
atlas,53,16,2,periodic,64,64,0.8629150390625001,0.016407117294488918,0.0020508896618111148,0.8588166631030664,0.8670134150219339,0.8359375,0.8984375,64,-1,0,0,-1,-1,-1,-1,64,1,0,0,1,1,1,1,64,110.45312500000001,2.1001110136945815,0.2625138767118227,109.9285328771925,110.97771712280753,107,115,64,0,0,0,0,0,0,0,64,110.45312500000001,2.1001110136945815,0.2625138767118227,109.9285328771925,110.97771712280753,107,115,64,1000.4687499999999,289.12786037125016,36.14098254640627,928.2467593309821,1072.6907406690177,562,1789,64,890.015625,288.91309684706556,36.114137105883195,817.8472806631612,962.1839693368388,450,1681,64,0.04411718750000216,0.01683615303764875,0.002104519129706094,0.03991164160060002,0.0483227333994043,0.0332000000000221,0.0969000000000051,64,4.609374999999998,2.1647771064557477,0.27059713830696847,4.0686297678310925,5.150120232168904,1,10,64,0,0,0,0,0,0,0,64,0,0,0,0,0,0,0,64,1000.4687499999999,289.12786037125016,36.14098254640627,928.2467593309821,1072.6907406690177,562,1789,64,0.8812668212112496,0.03116018301679292,0.003895022877099115,0.8734832390818966,0.8890504033406025,0.800711743772242,0.9396310788149804,64,9.055850659848977,2.603358408488525,0.3254198010610656,8.405551078049617,9.706150241648336,5.017857142857143,16.564814814814813,64,0,0,0,0,0,0,0,64,0.13708496093750006,0.01640711729448889,0.0020508896618111113,0.13298658497806629,0.14118333689693383,0.1015625,0.1640625,64,1,0.9433759402071946,1,0,0,1,0
atlas,53,16,3,periodic,64,64,0.8263549804687504,0.01936223607279647,0.002420279509099559,0.8215184378014846,0.8311915231360163,0.78515625,0.8671875,64,-1,0,0,-1,-1,-1,-1,64,1,0,0,1,1,1,1,64,70.51562499999997,1.6522441448786291,0.20653051810982864,70.10290669239329,70.92834330760665,67,74,64,0,0,0,0,0,0,0,64,70.51562499999997,1.6522441448786291,0.20653051810982864,70.10290669239329,70.92834330760665,67,74,64,837.8281250000001,312.07231328690165,39.009039160862706,759.8747805200692,915.781469479931,388,2137,64,767.3125,311.98462899662013,38.998078624577516,689.3810584040955,845.2439415959045,321,2067,64,0.0487343750000022,0.033508791638366286,0.004188598954795786,0.04036412789227381,0.057104622107730596,0.029200000000003,0.265199999999993,64,0.7500000000000002,0.9085135251589959,0.11356419064487448,0.5230600736557937,0.9769399263442068,0,4,64,0,0,0,0,0,0,0,64,0,0,0,0,0,0,0,64,837.8281250000001,312.07231328690165,39.009039160862706,759.8747805200692,915.781469479931,388,2137,64,0.9056402353293851,0.030843326440390197,0.0038554158050487747,0.8979358016178809,0.9133446690408893,0.8273195876288659,0.9672437997192326,64,11.882091494948831,4.432980639144264,0.554122579893033,10.774765878022398,12.989417111875264,5.791044776119403,30.52857142857143,64,0,0,0,0,0,0,0,64,0.17364501953124997,0.019362236072796444,0.0024202795090995555,0.16880847686398415,0.1784815621985158,0.1328125,0.21484375,33,0.515625,0.39581601478580125,0.6336644833456737,31,0,1,0
atlas,53,16,4,periodic,64,64,0.7988281250000001,0.024349803827311868,0.0030437254784139835,0.7927457249761821,0.8049105250238181,0.765625,0.875,64,-1,0,0,-1,-1,-1,-1,64,1,0,0,1,1,1,1,64,51.12500000000001,1.5583874449479596,0.19479843061849494,50.735726398475656,51.51427360152436,49,56,64,0,0,0,0,0,0,0,64,51.12500000000001,1.5583874449479596,0.19479843061849494,50.735726398475656,51.51427360152436,49,56,64,632.7656250000001,249.36323618670806,31.170404523338508,570.4765419142411,695.0547080857591,289,1203,64,581.6406249999999,248.82800633391557,31.103500791739446,519.4852383535413,643.7960116464585,239,1152,64,0.03679062500000719,0.017061324673166522,0.0021326655841458152,0.03252883289956994,0.04105241710044444,0.030300000000011096,0.14409999999998035,64,0.29687500000000006,0.6089201344665243,0.07611501680831553,0.144771276017296,0.4489787239827041,0,3,64,0,0,0,0,0,0,0,64,0,0,0,0,0,0,0,64,632.7656250000001,249.36323618670806,31.170404523338508,570.4765419142411,695.0547080857591,289,1203,64,0.905989738006664,0.036078002098735594,0.004509750262341949,0.8969777212207826,0.9150017547925455,0.8269896193771626,0.9576059850374065,64,12.337304609830479,4.782524179102691,0.5978155223878364,11.142665614494653,13.531943605166305,5.78,23.58823529411765,64,0,0,0,0,0,0,0,64,0.20117187499999992,0.024349803827311868,0.0030437254784139835,0.19508947497618193,0.2072542750238179,0.125,0.234375,15,0.234375,0.1474989559392414,0.35133257582568644,49,0,1,0
atlas,53,16,8,periodic,64,64,1,0,0,1,1,1,1,64,-1,0,0,-1,-1,-1,-1,64,1,0,0,1,1,1,1,64,32,0,0,32,32,32,32,64,0,0,0,0,0,0,0,64,32,0,0,32,32,32,32,64,848.0625,290.54977307669793,36.31872163458724,775.4853261050794,920.6396738949206,346,2088,64,816.0625,290.54977307669793,36.31872163458724,743.4853261050794,888.6396738949206,314,2056,64,0.025279687500002975,0.002051107303538876,0.0002563884129423595,0.02476733613978771,0.02579203886021824,0.022400000000061482,0.030600000000049477,64,0,0,0,0,0,0,0,64,0,0,0,0,0,0,0,64,0,0,0,0,0,0,0,64,848.0625,290.54977307669793,36.31872163458724,775.4853261050794,920.6396738949206,346,2088,64,0.9578644488617304,0.014928747553642567,0.0018660934442053208,0.9541353586760427,0.9615935390474181,0.9075144508670521,0.9846743295019157,64,26.501953125,9.07968040864681,1.1349600510808513,24.23391644078373,28.76998980921627,10.8125,65.25,64,0,0,0,0,0,0,0,64,0,0,0,0,0,0,0,0,0,0,0.05662405979280534,64,0,1,0
atlas,53,32,2,periodic,64,64,0.865386962890625,0.007159806758792712,0.000894975844849089,0.8635984963752863,0.8671754294059637,0.84765625,0.8828125,64,-1,0,0,-1,-1,-1,-1,64,1,0,0,1,1,1,1,64,443.078125,3.6658210605018686,0.4582276325627336,442.1624301441466,443.9938198558534,434,452,64,0,0,0,0,0,0,0,64,443.078125,3.6658210605018686,0.4582276325627336,442.1624301441466,443.9938198558534,434,452,64,5753.984375000001,1142.3831327423418,142.79789159279272,5468.6255588436425,6039.343191156359,4045,9737,64,5310.906250000001,1141.620606908901,142.70257586361262,5025.737907129603,5596.074592870399,3605,9290,64,0.17335312499999844,0.05923406883471055,0.007404258604338819,0.1585568948436402,0.1881493551563567,0.1333999999999378,0.4699000000000524,64,18.953124999999996,4.808820227886148,0.6011025284857685,17.75191744711516,20.15433255288483,9,31,64,0,0,0,0,0,0,0,64,0,0,0,0,0,0,0,64,5753.984375000001,1142.3831327423418,142.79789159279272,5468.6255588436425,6039.343191156359,4045,9737,64,0.9203199999924383,0.014190672758277604,0.0017738340947847004,0.9167752754051245,0.9238647245797521,0.8912237330037083,0.954092636335627,64,12.982861191040248,2.55616155432857,0.31952019429107126,12.344351032634298,13.621371349446198,9.193181818181818,21.782997762863534,64,0,0,0,0,0,0,0,64,0.134613037109375,0.007159806758792714,0.0008949758448490892,0.13282457059403632,0.13640150362471368,0.1171875,0.15234375,64,1,0.9433759402071946,1,0,0,1,0
atlas,53,32,3,periodic,64,64,0.8230590820312499,0.010746942433836691,0.0013433678042295864,0.8203745756845409,0.8257435883779589,0.796875,0.84375,64,-1,0,0,-1,-1,-1,-1,64,1,0,0,1,1,1,1,64,280.9375,3.6682896840829247,0.4585362105103656,280.0211885003233,281.8538114996767,272,288,64,0,0,0,0,0,0,0,64,280.9375,3.6682896840829247,0.4585362105103656,280.0211885003233,281.8538114996767,272,288,64,4940.593750000001,1396.802763215121,174.60034540189014,4591.68280104528,5289.504698954722,2880,8260,64,4659.656249999998,1397.1066271331497,174.6383283916437,4310.669398096927,5008.64310190307,2599,7983,64,0.11414843749997772,0.02312210508477975,0.0028902631355974687,0.1083727074975602,0.11992416750239523,0.10019999999985885,0.24099999999998545,64,5.875000000000003,3.0420335721303697,0.3802541965162962,5.115122622637841,6.634877377362164,1,16,64,0,0,0,0,0,0,0,64,0,0,0,0,0,0,0,64,4940.593750000001,1396.802763215121,174.60034540189014,4591.68280104528,5289.504698954722,2880,8260,64,0.9389590699018344,0.015742035360177684,0.0019677544200222105,0.9350268264665796,0.9428913133370892,0.9024305555555555,0.9664648910411622,64,17.59404482270518,5.020341976747964,0.6275427470934954,16.34000070902341,18.848088936386947,10.249110320284698,29.819494584837546,64,0,0,0,0,0,0,0,64,0.17694091796874992,0.010746942433836696,0.001343367804229587,0.17425641162204086,0.17962542431545897,0.15625,0.203125,64,1,0.9433759402071946,1,0,0,1,0
atlas,53,32,4,periodic,64,64,0.8034667968750002,0.011327269740566125,0.0014159087175707656,0.80063732908017,0.8062962646698304,0.77734375,0.8359375,64,-1,0,0,-1,-1,-1,-1,64,1,0,0,1,1,1,1,64,205.68750000000006,2.899781053584928,0.362472631698116,204.96315624452353,206.41184375547658,199,214,64,0,0,0,0,0,0,0,64,205.68750000000006,2.899781053584928,0.362472631698116,204.96315624452353,206.41184375547658,199,214,64,3810.374999999999,1211.8639912685471,151.4829989085684,3507.6603817783825,4113.089618221616,1440,8191,64,3604.6875,1211.1562477026678,151.39453096283347,3302.1496708610593,3907.2253291389407,1239,7981,64,0.09953593750002199,0.02589256415404308,0.003236570519255385,0.09306816741266657,0.1060037075873774,0.08399999999983265,0.21829999999999927,64,1.7187500000000007,1.9717750443183992,0.2464718805397999,1.2262152485259914,2.21128475147401,0,10,64,0,0,0,0,0,0,0,64,0,0,0,0,0,0,0,64,3810.374999999999,1211.8639912685471,151.4829989085684,3507.6603817783825,4113.089618221616,1440,8191,64,0.941183332892551,0.017668590875180256,0.002208573859397532,0.9367698502081654,0.9455968155769365,0.8604166666666667,0.9743621047491149,64,18.50844511129165,5.789273720226804,0.7236592150283505,17.062327562931767,19.954562659651533,7.164179104477612,39.00476190476191,64,0,0,0,0,0,0,0,64,0.196533203125,0.011327269740566154,0.0014159087175707693,0.1937037353301698,0.1993626709198302,0.1640625,0.22265625,43,0.671875,0.549991058490915,0.7742944209553081,21,0,1,0
atlas,53,32,8,periodic,64,64,0.7735595703124999,0.012488538543453631,0.001561067317931704,0.7704400262014729,0.7766791144235269,0.75,0.8046875,64,-1,0,0,-1,-1,-1,-1,64,1,0,0,1,1,1,1,64,99.01562499999999,1.5985329335620648,0.1998166166952581,98.61632335378853,99.41492664621144,96,103,64,0,0,0,0,0,0,0,64,99.01562499999999,1.5985329335620648,0.1998166166952581,98.61632335378853,99.41492664621144,96,103,64,2387.781249999999,1199.1294920443231,149.8911865055404,2088.247615039441,2687.3148849605573,974,7508,64,2288.7656249999995,1198.8695302432345,149.85869128040432,1989.2969265652691,2588.23432343473,876,7411,64,0.10079687500000033,0.02143778720478706,0.0026797234005983823,0.09544187508584305,0.1061518749141576,0.0773999999996704,0.2092000000002372,64,0,0,0,0,0,0,0,64,0,0,0,0,0,0,0,64,0,0,0,0,0,0,0,64,2387.781249999999,1199.1294920443231,149.8911865055404,2088.247615039441,2687.3148849605573,974,7508,64,0.9504980659225065,0.01919162588721753,0.002398953235902191,0.9457041404115919,0.9552919914334211,0.8993839835728953,0.9870804475226426,64,24.08993975282208,12.119746683227616,1.514968335403452,21.062517107550214,27.117362398093945,9.938775510204081,77.4020618556701,64,0,0,0,0,0,0,0,64,0.22644042968750003,0.012488538543453631,0.001561067317931704,0.223320885576473,0.22955997379852705,0.1953125,0.25,0,0,0,0.05662405979280534,64,0,1,0
atlas,54,16,2,periodic,64,64,0.8677978515625001,0.017624137172774137,0.002203017146596767,0.8633954730825875,0.8722002300424128,0.828125,0.9140625,64,-1,0,0,-1,-1,-1,-1,64,1,0,0,1,1,1,1,64,111.07812500000001,2.2558895581150895,0.2819861947643862,110.5146205545712,111.64162944542883,106,117,64,0,0,0,0,0,0,0,64,111.07812500000001,2.2558895581150895,0.2819861947643862,110.5146205545712,111.64162944542883,106,117,64,1066.6874999999993,302.653339070947,37.83166738386838,991.0869452756558,1142.2880547243428,525,1870,64,955.6093749999998,302.6376961794573,37.82971202243216,880.0127277536895,1031.2060222463099,415,1753,64,0.0405328125000004,0.013011936579602288,0.001626492072450286,0.03728252744953442,0.043783097550466374,0.03300000000001546,0.08850000000001046,64,5.031249999999999,2.3160499350375203,0.28950624187969004,4.452717939539,5.609782060460998,2,11,64,0,0,0,0,0,0,0,64,0,0,0,0,0,0,0,64,1066.6874999999993,302.653339070947,37.83166738386838,991.0869452756558,1142.2880547243428,525,1870,64,0.8873291153783605,0.03216301562597548,0.004020376953246935,0.8792950331164712,0.8953631976402497,0.7904761904761904,0.9374331550802139,64,9.60677064071394,2.7445586751597943,0.3430698343949743,8.921200281726588,10.292340999701292,4.7727272727272725,15.982905982905983,64,0,0,0,0,0,0,0,64,0.13220214843749997,0.017624137172774144,0.002203017146596768,0.1277997699575873,0.13660452691741265,0.0859375,0.171875,64,1,0.9433759402071946,1,0,0,1,0
atlas,54,16,3,periodic,64,64,0.8221435546875004,0.024987680942215918,0.0031234601177769898,0.8159018177012001,0.8283852916738008,0.7734375,0.87890625,64,-1,0,0,-1,-1,-1,-1,64,1,0,0,1,1,1,1,64,70.15624999999999,2.132282107069087,0.26653526338363587,69.62362177716902,70.68887822283095,66,75,64,0,0,0,0,0,0,0,64,70.15624999999999,2.132282107069087,0.26653526338363587,69.62362177716902,70.68887822283095,66,75,64,958.265625,406.225179644715,50.77814745558938,856.7935942653997,1059.7376557346004,286,2289,64,888.1093749999995,405.89095091871457,50.73636886483932,786.7208321171045,989.4979178828946,218,2220,64,0.033298437500000055,0.011695793466947256,0.001461974183368407,0.030376915217256325,0.03621995978274378,0.026599999999973534,0.11180000000001655,64,1.6093749999999998,1.5997736695079063,0.1999717086884883,1.2097634271706479,2.0089865728293517,0,6,64,0,0,0,0,0,0,0,64,0,0,0,0,0,0,0,64,958.265625,406.225179644715,50.77814745558938,856.7935942653997,1059.7376557346004,286,2289,64,0.9132712065657275,0.03889852605135541,0.004862315756419426,0.9035546438591372,0.9229877692723177,0.7622377622377622,0.9698558322411533,64,13.64286336573253,5.772732874159066,0.7215916092698833,12.200877597785743,15.084849133679318,4.205882352941177,33.17391304347826,64,0,0,0,0,0,0,0,64,0.17785644531250003,0.024987680942215856,0.003123460117776982,0.1716147083261997,0.18409818229880034,0.12109375,0.2265625,46,0.71875,0.5986606971779259,0.8140662766627217,18,0,1,0
atlas,54,16,4,periodic,64,64,0.802001953125,0.028398511273539036,0.0035498139091923796,0.7949082160718568,0.8090956901781432,0.75,0.859375,64,-1,0,0,-1,-1,-1,-1,64,1,0,0,1,1,1,1,64,51.328125,1.8175047215064983,0.2271880901883123,50.874125828598835,51.782124171401165,48,55,64,0,0,0,0,0,0,0,64,51.328125,1.8175047215064983,0.2271880901883123,50.874125828598835,51.782124171401165,48,55,64,652.9843749999999,352.39081353842045,44.048851692302556,564.9597688117886,741.0089811882111,246,2115,64,601.65625,351.8951511752257,43.98689389690321,513.7554565862605,689.5570434137395,197,2066,64,0.031709374999996605,0.010027117497935696,0.001253389687241962,0.02920467557240361,0.0342140744275896,0.026099999999928514,0.10789999999997235,64,0.46875,1.0230478894592296,0.1278809861824037,0.21320024069416893,0.7242997593058311,0,5,64,0,0,0,0,0,0,0,64,0,0,0,0,0,0,0,64,652.9843749999999,352.39081353842045,44.048851692302556,564.9597688117886,741.0089811882111,246,2115,64,0.9011344878429778,0.04462237386173932,0.005577796732717415,0.8899881504940489,0.9122808251919067,0.8008130081300813,0.9768321513002364,64,12.673504155084547,6.789724611042129,0.8487155763802662,10.97748140973501,14.369526900434085,5.020408163265306,43.16326530612245,64,0,0,0,0,0,0,0,64,0.19799804687500003,0.02839851127353903,0.0035498139091923787,0.19090430982185688,0.20509178392814317,0.140625,0.25,17,0.265625,0.17296379074222612,0.38482873728565137,47,0,1,0
atlas,54,16,8,periodic,64,64,1,0,0,1,1,1,1,64,-1,0,0,-1,-1,-1,-1,64,1,0,0,1,1,1,1,64,32,0,0,32,32,32,32,64,0,0,0,0,0,0,0,64,32,0,0,32,32,32,32,64,865.2499999999998,300.19676087209075,37.524595109011344,790.2630802519872,940.2369197480124,412,1859,64,833.2499999999998,300.19676087209075,37.524595109011344,758.2630802519872,908.2369197480124,380,1827,64,0.025393750000002775,0.010198208292686568,0.001274776036585821,0.022846313363459436,0.027941186636546114,0.022199999999998,0.10040000000003602,64,0,0,0,0,0,0,0,64,0,0,0,0,0,0,0,64,0,0,0,0,0,0,0,64,865.2499999999998,300.19676087209075,37.524595109011344,790.2630802519872,940.2369197480124,412,1859,64,0.9588260816862341,0.013414051037803656,0.001676756379725457,0.9554753514326983,0.9621768119397698,0.9223300970873787,0.9827864443249059,64,27.039062499999993,9.381148777252836,1.1726435971566045,24.6957212578746,29.382403742125387,12.875,58.09375,64,0,0,0,0,0,0,0,64,0,0,0,0,0,0,0,0,0,0,0.05662405979280534,64,0,1,0
atlas,54,32,2,periodic,64,64,0.8656005859374999,0.007339961173819138,0.0009174951467273922,0.8637671181882285,0.8674340536867713,0.8515625,0.8828125,64,-1,0,0,-1,-1,-1,-1,64,1,0,0,1,1,1,1,64,443.18749999999994,3.7580601209953985,0.4697575151244248,442.248764512373,444.1262354876269,436,452,64,0,0,0,0,0,0,0,64,443.18749999999994,3.7580601209953985,0.4697575151244248,442.248764512373,444.1262354876269,436,452,64,5859.1875,1323.4890981255353,165.4361372656919,5528.589759703943,6189.785240296057,3390,9382,64,5416,1323.6851157712263,165.46063947140328,5085.353295952888,5746.646704047112,2947,8935,64,0.21938906249998527,0.03895691603608908,0.004869614504511135,0.20965791440917367,0.22912021059079687,0.16640000000006694,0.33310000000005857,64,18.781249999999996,4.935999118880323,0.6169998898600404,17.548274105361852,20.01422589463814,8,30,64,0,0,0,0,0,0,0,64,0,0,0,0,0,0,0,64,5859.1875,1323.4890981255353,165.4361372656919,5528.589759703943,6189.785240296057,3390,9382,64,0.9206327495273285,0.01737556420924185,0.002171945526155231,0.916292462726266,0.9249730363283911,0.8693215339233038,0.95235557450437,64,13.222818488258532,2.9897832739109993,0.3737229092388749,12.475992847057693,13.969644129459372,7.652370203160271,20.988814317673377,64,0,0,0,0,0,0,0,64,0.13439941406249994,0.007339961173819116,0.0009174951467273895,0.1325659463132286,0.1362328818117713,0.1171875,0.1484375,64,1,0.9433759402071946,1,0,0,1,0
atlas,54,32,3,periodic,64,64,0.8238830566406252,0.011152482402933133,0.0013940603003666416,0.8210972494236839,0.8266688638575665,0.802734375,0.849609375,64,-1,0,0,-1,-1,-1,-1,64,1,0,0,1,1,1,1,64,281.21874999999994,3.80671399353451,0.47583924919181375,280.26786113661734,282.16963886338254,274,290,64,0,0,0,0,0,0,0,64,281.21874999999994,3.80671399353451,0.47583924919181375,280.26786113661734,282.16963886338254,274,290,64,4578.531250000002,1182.0187462423153,147.7523432802894,4283.271752170558,4873.7907478294455,2340,8397,64,4297.312499999999,1181.9561117063522,147.74451396329403,4002.068647812128,4592.55635218787,2054,8112,64,0.113692187500007,0.01694387846277366,0.0021179848078467073,0.10945973259004393,0.11792464240997005,0.09879999999975553,0.18960000000015498,64,5.125000000000002,3.1547394428670255,0.3943424303583782,4.336969533778696,5.913030466221308,0,15,64,0,0,0,0,0,0,0,64,0,0,0,0,0,0,0,64,4578.531250000002,1182.0187462423153,147.7523432802894,4283.271752170558,4873.7907478294455,2340,8397,64,0.9345397051280211,0.01713840348150465,0.002142300435188081,0.930258659314125,0.9388207509419172,0.8777777777777778,0.9660593068953197,64,16.28298623166756,4.17845449938654,0.5223068124233174,15.239239352767274,17.326733110567847,8.181818181818182,29.46315789473684,64,0,0,0,0,0,0,0,64,0.17611694335937497,0.011152482402933124,0.0013940603003666405,0.17333113614243367,0.17890275057631627,0.150390625,0.197265625,63,0.984375,0.9166589839990573,0.9972364580766624,1,0,1,0
atlas,54,32,4,periodic,64,64,0.80316162109375,0.0134889295377134,0.001686116192214175,0.7997921867474478,0.8065310554400522,0.7734375,0.83984375,64,-1,0,0,-1,-1,-1,-1,64,1,0,0,1,1,1,1,64,205.609375,3.4531659616546304,0.4316457452068288,204.74679980734663,206.47195019265337,198,215,64,0,0,0,0,0,0,0,64,205.609375,3.4531659616546304,0.4316457452068288,204.74679980734663,206.47195019265337,198,215,64,3787.71875,1196.9925205472389,149.62406506840486,3488.718914637046,4086.718585362954,1497,7620,64,3582.1093749999995,1196.1232234285064,149.5154029285633,3283.3266835965283,3880.892066403471,1296,7413,64,0.09768437499999291,0.027536827973495763,0.0034421034966869704,0.09080588003101096,0.10456286996897486,0.08149999999977808,0.25250000000005457,64,1.7031249999999996,1.7966431441167128,0.2245803930145891,1.254336895583706,2.1519131044162934,0,8,64,0,0,0,0,0,0,0,64,0,0,0,0,0,0,0,64,3787.71875,1196.9925205472389,149.62406506840486,3488.718914637046,4086.718585362954,1497,7620,64,0.94039475524201,0.018845173210667105,0.002355646651333388,0.9356873710347973,0.9451021394492227,0.8657314629258517,0.9728346456692913,64,18.402399854359718,5.760411663973707,0.7200514579967133,16.96349183314372,19.841307875575716,7.447761194029851,36.81159420289855,64,0,0,0,0,0,0,0,64,0.19683837890625006,0.013488929537713404,0.0016861161922141754,0.1934689445599478,0.20020781325255232,0.16015625,0.2265625,45,0.703125,0.5822979889645707,0.8009484867446022,19,0,1,0
atlas,54,32,8,periodic,64,64,0.77099609375,0.011037577157103271,0.001379697144637909,0.76823898900947,0.77375319849053,0.75,0.796875,64,-1,0,0,-1,-1,-1,-1,64,1,0,0,1,1,1,1,64,98.6875,1.4128098761092187,0.17660123451365234,98.33459059321216,99.04040940678784,96,102,64,0,0,0,0,0,0,0,64,98.6875,1.4128098761092187,0.17660123451365234,98.33459059321216,99.04040940678784,96,102,64,2556.0468750000005,1400.5952751426744,175.0744093928343,2206.188584752427,2905.905165247574,980,9820,64,2457.3593749999995,1400.2297472165342,175.02871840206677,2107.5923909117046,2807.1263590882945,883,9721,64,0.13384218750005766,0.040323099074214865,0.005040387384276858,0.12376977704004719,0.14391459796006814,0.09499999999979991,0.29670000000032815,64,0,0,0,0,0,0,0,64,0,0,0,0,0,0,0,64,0,0,0,0,0,0,0,64,2556.0468750000005,1400.5952751426744,175.0744093928343,2206.188584752427,2905.905165247574,980,9820,64,0.9524816669598664,0.020470624996421518,0.0025588281245526897,0.9473682569772304,0.9575950769425023,0.9010204081632653,0.989918533604888,64,25.853284658374363,14.103403231807032,1.762925403975879,22.330359350169623,29.376209966579104,10.103092783505154,99.1919191919192,64,0,0,0,0,0,0,0,64,0.22900390625,0.011037577157103273,0.0013796971446379091,0.22624680150946996,0.23176101099053004,0.203125,0.25,0,0,0,0.05662405979280534,64,0,1,0
atlas,55,16,2,periodic,64,64,0.8646240234375001,0.01581326850580687,0.001976658563225859,0.8606739864918851,0.8685740603831151,0.828125,0.8984375,64,-1,0,0,-1,-1,-1,-1,64,1,0,0,1,1,1,1,64,110.67187500000001,2.0240983687432794,0.2530122960929099,110.16627027096129,111.17747972903874,106,115,64,0,0,0,0,0,0,0,64,110.67187500000001,2.0240983687432794,0.2530122960929099,110.16627027096129,111.17747972903874,106,115,64,1134.0781249999995,368.83933374446866,46.10491671805858,1041.9448007127612,1226.2114492872379,609,2366,64,1023.4062499999999,368.94090027648787,46.11761253456098,931.2475551479242,1115.5649448520755,498,2257,64,0.0460265625000016,0.024563602200726436,0.0030704502750908045,0.039890757231493705,0.0521623677685095,0.03560000000001651,0.19920000000001892,64,5.109374999999999,2.07874494721107,0.25984311840138374,4.590119961803499,5.6286300381964995,1,10,64,0,0,0,0,0,0,0,64,0,0,0,0,0,0,0,64,1134.0781249999995,368.83933374446866,46.10491671805858,1041.9448007127612,1226.2114492872379,609,2366,64,0.893330896321715,0.030389314631118058,0.003798664328889757,0.8857398713858673,0.9009219212575628,0.8177339901477833,0.9539306846999155,64,10.253379594988452,3.3600719457715185,0.4200089932214398,9.414058595610733,11.092700594366171,5.486486486486487,21.706422018348626,64,0,0,0,0,0,0,0,64,0.13537597656250003,0.015813268505806877,0.0019766585632258597,0.131425939616885,0.13932601350811505,0.1015625,0.171875,64,1,0.9433759402071946,1,0,0,1,0
atlas,55,16,3,periodic,64,64,0.8256225585937501,0.019242246577380898,0.002405280822172612,0.820815988410655,0.8304291287768453,0.78515625,0.8671875,64,-1,0,0,-1,-1,-1,-1,64,1,0,0,1,1,1,1,64,70.45312500000001,1.642005041269836,0.2052506301587295,70.04296434437589,70.86328565562414,67,74,64,0,0,0,0,0,0,0,64,70.45312500000001,1.642005041269836,0.2052506301587295,70.04296434437589,70.86328565562414,67,74,64,840.6718750000001,349.90897023425515,43.738621279281894,753.267214823651,928.0765351763492,394,2196,64,770.2187499999998,349.8720613672901,43.73400767091126,682.823309384305,857.6141906156945,323,2126,64,0.033714062500001425,0.013102136832720001,0.0016377671040900001,0.030441246096691604,0.036986878903311246,0.027699999999981628,0.10910000000001219,64,1.609375,1.5997736695079068,0.19997170868848835,1.209763427170648,2.008986572829352,0,6,64,0,0,0,0,0,0,0,64,0,0,0,0,0,0,0,64,840.6718750000001,349.90897023425515,43.738621279281894,753.267214823651,928.0765351763492,394,2196,64,0.9040377897132177,0.033483639225714484,0.0041854549032143105,0.8956738254912323,0.9124017539352031,0.8197969543147208,0.9681238615664846,64,11.936069462714933,4.949374517808709,0.6186718147260887,10.699752492832914,13.172386432596952,5.549295774647887,31.37142857142857,64,0,0,0,0,0,0,0,64,0.17437744140625,0.019242246577380884,0.0024052808221726105,0.16957087122315487,0.17918401158934513,0.1328125,0.21484375,44,0.6875,0.5660766429725185,0.7876893346051795,20,0,1,0
atlas,55,16,4,periodic,64,64,0.8005371093749999,0.023415529964017103,0.002926941245502138,0.7946880840185369,0.8063861347314629,0.75,0.890625,64,-1,0,0,-1,-1,-1,-1,64,1,0,0,1,1,1,1,64,51.23437499999999,1.4985939176970946,0.18732423971213683,50.86003737718636,51.60871262281363,48,57,64,0,0,0,0,0,0,0,64,51.23437499999999,1.4985939176970946,0.18732423971213683,50.86003737718636,51.60871262281363,48,57,64,649.21875,288.9466622252472,36.1183327781559,577.0420212811555,721.3954787188445,199,1789,64,597.984375,288.67241235827515,36.084051544784394,525.8761518596494,670.0925981403506,150,1738,64,0.028048437499993632,0.009267591460998236,0.0011584489326247796,0.025733462031489664,0.0303634129684976,0.02290000000004966,0.09939999999994598,64,0.4375,0.8140629046323218,0.10175786307904022,0.23415313668888021,0.6408468633111197,0,4,64,0,0,0,0,0,0,0,64,0,0,0,0,0,0,0,64,649.21875,288.9466622252472,36.1183327781559,577.0420212811555,721.3954787188445,199,1789,64,0.9067070590099198,0.03897759360328995,0.004872199200411244,0.8969707458165008,0.9164433722033387,0.7537688442211056,0.9714924538848518,64,12.650696489056289,5.626287043793158,0.7032858804741448,11.245291801122415,14.056101176990163,4.061224489795919,35.07843137254902,64,0,0,0,0,0,0,0,64,0.19946289062500003,0.02341552996401712,0.00292694124550214,0.19361386526853697,0.2053119159814631,0.109375,0.25,19,0.296875,0.19905151325539794,0.41770201103542925,45,0,1,0
atlas,55,16,8,periodic,64,64,1,0,0,1,1,1,1,64,-1,0,0,-1,-1,-1,-1,64,1,0,0,1,1,1,1,64,32,0,0,32,32,32,32,64,0,0,0,0,0,0,0,64,32,0,0,32,32,32,32,64,860.8593749999999,308.7905679118927,38.59882098898659,783.7257861242077,937.992963875792,437,2082,64,828.8593749999999,308.7905679118927,38.59882098898659,751.7257861242077,905.992963875792,405,2050,64,0.02605312499998824,0.009379697235953572,0.0011724621544941965,0.023710146342091277,0.0283961036578852,0.02289999999993597,0.098700000000008,64,0,0,0,0,0,0,0,64,0,0,0,0,0,0,0,64,0,0,0,0,0,0,0,64,860.8593749999999,308.7905679118927,38.59882098898659,783.7257861242077,937.992963875792,437,2082,64,0.9584624940727549,0.013512948927551704,0.001689118615943963,0.9550870598613875,0.9618379282841222,0.9267734553775744,0.9846301633045149,64,26.901855468749996,9.649705247246647,1.206213155905831,24.49143081638149,29.3122801211185,13.65625,65.0625,64,0,0,0,0,0,0,0,64,0,0,0,0,0,0,0,0,0,0,0.05662405979280534,64,0,1,0
atlas,55,32,2,periodic,64,64,0.8643798828125002,0.007694380810370492,0.0009617976012963115,0.8624578836721306,0.8663018819528698,0.84765625,0.880859375,64,-1,0,0,-1,-1,-1,-1,64,1,0,0,1,1,1,1,64,442.5625000000001,3.939522974909692,0.4924403718637115,441.5784364401309,443.54656355986936,434,451,64,0,0,0,0,0,0,0,64,442.5625000000001,3.939522974909692,0.4924403718637115,441.5784364401309,443.54656355986936,434,451,64,5685.078124999999,1303.0482370523807,162.8810296315476,5359.586359879757,6010.569890120241,3405,10501,64,5242.515625,1303.2013572467467,162.90016965584334,4916.9856115932225,5568.0456384067775,2963,10064,64,0.15690937500000857,0.02202883909752253,0.002753604887190316,0.15140673471585292,0.1624120152841642,0.14020000000004984,0.21729999999979555,64,18.984374999999996,4.752583883681441,0.5940729854601802,17.79721486793859,20.171535132061404,10,30,64,0,0,0,0,0,0,0,64,0,0,0,0,0,0,0,64,5685.078124999999,1303.0482370523807,162.8810296315476,5359.586359879757,6010.569890120241,3405,10501,64,0.9184586793320851,0.01719600284592756,0.002149500355740945,0.9141632456250453,0.922754113039125,0.8701908957415565,0.9583849157223122,64,12.847814280521325,2.9566352399541187,0.36957940499426484,12.109268771840595,13.586359789202055,7.703619909502263,24.02974828375286,64,0,0,0,0,0,0,0,64,0.1356201171875,0.007694380810370486,0.0009617976012963107,0.1336981180471304,0.1375421163278696,0.119140625,0.15234375,64,1,0.9433759402071946,1,0,0,1,0
atlas,55,32,3,periodic,64,64,0.8242034912109372,0.011858066589334302,0.0014822583236667878,0.821241434308265,0.8271655481136093,0.791015625,0.849609375,64,-1,0,0,-1,-1,-1,-1,64,1,0,0,1,1,1,1,64,281.32812499999983,4.047553395826105,0.5059441744782631,280.31707624388775,282.3391737561119,270,290,64,0,0,0,0,0,0,0,64,281.32812499999983,4.047553395826105,0.5059441744782631,280.31707624388775,282.3391737561119,270,290,64,5164.484375,1253.124045243669,156.6405056554586,4851.463301947749,5477.505448052251,3113,8816,64,4883.156249999999,1252.845576553821,156.60569706922763,4570.204736356841,5196.107763643157,2829,8535,64,0.11773437500000482,0.022857274336194302,0.0028571592920242877,0.11202479775031285,0.12344395224969679,0.10050000000001091,0.2367999999996755,64,5.453125,2.449034066145846,0.30612925826823073,4.841374491950794,6.064875508049206,1,12,64,0,0,0,0,0,0,0,64,0,0,0,0,0,0,0,64,5164.484375,1253.124045243669,156.6405056554586,4851.463301947749,5477.505448052251,3113,8816,64,0.9425184376089538,0.01321493072451868,0.001651866340564835,0.9392174461297778,0.9458194290881299,0.9087696755541278,0.9681261343012704,64,18.356638703056642,4.437895194806328,0.554736899350791,17.248085466651712,19.465191939461572,10.961267605633802,31.373665480427047,64,0,0,0,0,0,0,0,64,0.17579650878906247,0.011858066589334316,0.0014822583236667895,0.1728344518863903,0.17875856569173465,0.150390625,0.208984375,64,1,0.9433759402071946,1,0,0,1,0
atlas,55,32,4,periodic,64,64,0.8040771484375002,0.012059343448470641,0.0015074179310588301,0.8010648140713427,0.8070894828036578,0.77734375,0.83203125,64,-1,0,0,-1,-1,-1,-1,64,1,0,0,1,1,1,1,64,205.84375000000006,3.087191922808484,0.3858989903510605,205.07259240226372,206.6149075977364,199,213,64,0,0,0,0,0,0,0,64,205.84375000000006,3.087191922808484,0.3858989903510605,205.07259240226372,206.6149075977364,199,213,64,4009.906250000001,1279.8370893197357,159.97963616496696,3690.212457073831,4329.60004292617,1954,7966,64,3804.0625,1279.573972690638,159.94674658632974,3484.4344316522474,4123.690568347753,1749,7767,64,0.10213750000001906,0.03244570800975718,0.004055713501219647,0.09403280328168312,0.110242196718355,0.08629999999993743,0.2658999999998741,64,1.5312500000000007,1.671124989388505,0.20889062367356312,1.113815397760678,1.9486846022393234,0,8,64,0,0,0,0,0,0,0,64,0,0,0,0,0,0,0,64,4009.906250000001,1279.8370893197357,159.97963616496696,3690.212457073831,4329.60004292617,1954,7966,64,0.9436031740688433,0.017390180556900826,0.002173772569612603,0.939259236212767,0.9479471119249196,0.8950870010235414,0.9750188300276174,64,19.477081296245085,6.226803234189858,0.7783504042737323,17.921672127097484,21.032490465392687,9.53170731707317,40.030150753768844,64,0,0,0,0,0,0,0,64,0.19592285156249994,0.012059343448470657,0.001507417931058832,0.19291051719634236,0.19893518592865753,0.16796875,0.22265625,41,0.640625,0.518208506097791,0.7471159770854825,23,0,1,0
atlas,55,32,8,periodic,64,64,0.77001953125,0.011635784354935568,0.001454473044366946,0.767112998797438,0.772926063702562,0.75,0.796875,64,-1,0,0,-1,-1,-1,-1,64,1,0,0,1,1,1,1,64,98.5625,1.4893803974317528,0.1861725496789691,98.19046384607206,98.93453615392794,96,102,64,0,0,0,0,0,0,0,64,98.5625,1.4893803974317528,0.1861725496789691,98.19046384607206,98.93453615392794,96,102,64,2332.6874999999995,1147.00068328677,143.37508541084625,2046.1752540361324,2619.1997459638665,703,5270,64,2234.125000000001,1146.2857825333504,143.2857228166688,1947.7913309310634,2520.4586690689384,606,5171,64,0.1307578124999864,0.030459485475887234,0.0038074356844859042,0.12314925940863802,0.13836636559133475,0.09940000000005966,0.31399999999985084,64,0,0,0,0,0,0,0,64,0,0,0,0,0,0,0,64,0,0,0,0,0,0,0,64,2332.6874999999995,1147.00068328677,143.37508541084625,2046.1752540361324,2619.1997459638665,703,5270,64,0.9467591525893386,0.026891625068849973,0.0033614531336062466,0.9400418245106699,0.9534764806680074,0.8620199146514936,0.9812144212523719,64,23.589364803708797,11.456508039131997,1.4320635048914996,20.727614242419776,26.45111536499782,7.247422680412371,53.23232323232323,64,0,0,0,0,0,0,0,64,0.22998046875000006,0.011635784354935565,0.0014544730443669456,0.22707393629743802,0.2328870012025621,0.203125,0.25,0,0,0,0.05662405979280534,64,0,1,0
atlas,56,16,2,periodic,64,64,0.8677978515625001,0.017624137172774137,0.002203017146596767,0.8633954730825875,0.8722002300424128,0.828125,0.9140625,64,-1,0,0,-1,-1,-1,-1,64,1,0,0,1,1,1,1,64,111.07812500000001,2.2558895581150895,0.2819861947643862,110.5146205545712,111.64162944542883,106,117,64,0,0,0,0,0,0,0,64,111.07812500000001,2.2558895581150895,0.2819861947643862,110.5146205545712,111.64162944542883,106,117,64,1066.6874999999993,302.653339070947,37.83166738386838,991.0869452756558,1142.2880547243428,525,1870,64,955.6093749999998,302.6376961794573,37.82971202243216,880.0127277536895,1031.2060222463099,415,1753,64,0.04103437500000329,0.013804234670609565,0.0017255293338261956,0.037586179774909606,0.04448257022509697,0.03370000000001028,0.0922999999999945,64,5.031249999999999,2.3160499350375203,0.28950624187969004,4.452717939539,5.609782060460998,2,11,64,0,0,0,0,0,0,0,64,0,0,0,0,0,0,0,64,1066.6874999999993,302.653339070947,37.83166738386838,991.0869452756558,1142.2880547243428,525,1870,64,0.8873291153783605,0.03216301562597548,0.004020376953246935,0.8792950331164712,0.8953631976402497,0.7904761904761904,0.9374331550802139,64,9.60677064071394,2.7445586751597943,0.3430698343949743,8.921200281726588,10.292340999701292,4.7727272727272725,15.982905982905983,64,0,0,0,0,0,0,0,64,0.13220214843749997,0.017624137172774144,0.002203017146596768,0.1277997699575873,0.13660452691741265,0.0859375,0.171875,64,1,0.9433759402071946,1,0,0,1,0
atlas,56,16,3,periodic,64,64,0.8221435546875004,0.024987680942215918,0.0031234601177769898,0.8159018177012001,0.8283852916738008,0.7734375,0.87890625,64,-1,0,0,-1,-1,-1,-1,64,1,0,0,1,1,1,1,64,70.15624999999999,2.132282107069087,0.26653526338363587,69.62362177716902,70.68887822283095,66,75,64,0,0,0,0,0,0,0,64,70.15624999999999,2.132282107069087,0.26653526338363587,69.62362177716902,70.68887822283095,66,75,64,958.265625,406.225179644715,50.77814745558938,856.7935942653997,1059.7376557346004,286,2289,64,888.1093749999995,405.89095091871457,50.73636886483932,786.7208321171045,989.4979178828946,218,2220,64,0.03684218750000579,0.015646286690536828,0.0019557858363171035,0.032933861370805506,0.04075051362920608,0.02600000000001046,0.10250000000002046,64,1.6093749999999998,1.5997736695079063,0.1999717086884883,1.2097634271706479,2.0089865728293517,0,6,64,0,0,0,0,0,0,0,64,0,0,0,0,0,0,0,64,958.265625,406.225179644715,50.77814745558938,856.7935942653997,1059.7376557346004,286,2289,64,0.9132712065657275,0.03889852605135541,0.004862315756419426,0.9035546438591372,0.9229877692723177,0.7622377622377622,0.9698558322411533,64,13.64286336573253,5.772732874159066,0.7215916092698833,12.200877597785743,15.084849133679318,4.205882352941177,33.17391304347826,64,0,0,0,0,0,0,0,64,0.17785644531250003,0.024987680942215856,0.003123460117776982,0.1716147083261997,0.18409818229880034,0.12109375,0.2265625,46,0.71875,0.5986606971779259,0.8140662766627217,18,0,1,0
atlas,56,16,4,periodic,64,64,0.802001953125,0.028398511273539036,0.0035498139091923796,0.7949082160718568,0.8090956901781432,0.75,0.859375,64,-1,0,0,-1,-1,-1,-1,64,1,0,0,1,1,1,1,64,51.328125,1.8175047215064983,0.2271880901883123,50.874125828598835,51.782124171401165,48,55,64,0,0,0,0,0,0,0,64,51.328125,1.8175047215064983,0.2271880901883123,50.874125828598835,51.782124171401165,48,55,64,652.9843749999999,352.39081353842045,44.048851692302556,564.9597688117886,741.0089811882111,246,2115,64,601.65625,351.8951511752257,43.98689389690321,513.7554565862605,689.5570434137395,197,2066,64,0.025606249999995608,0.008790920189474496,0.001098865023684312,0.02341034347240924,0.027802156527581976,0.021900000000073305,0.09259999999994761,64,0.46875,1.0230478894592296,0.1278809861824037,0.21320024069416893,0.7242997593058311,0,5,64,0,0,0,0,0,0,0,64,0,0,0,0,0,0,0,64,652.9843749999999,352.39081353842045,44.048851692302556,564.9597688117886,741.0089811882111,246,2115,64,0.9011344878429778,0.04462237386173932,0.005577796732717415,0.8899881504940489,0.9122808251919067,0.8008130081300813,0.9768321513002364,64,12.673504155084547,6.789724611042129,0.8487155763802662,10.97748140973501,14.369526900434085,5.020408163265306,43.16326530612245,64,0,0,0,0,0,0,0,64,0.19799804687500003,0.02839851127353903,0.0035498139091923787,0.19090430982185688,0.20509178392814317,0.140625,0.25,17,0.265625,0.17296379074222612,0.38482873728565137,47,0,1,0
atlas,56,16,8,periodic,64,64,1,0,0,1,1,1,1,64,-1,0,0,-1,-1,-1,-1,64,1,0,0,1,1,1,1,64,32,0,0,32,32,32,32,64,0,0,0,0,0,0,0,64,32,0,0,32,32,32,32,64,865.2499999999998,300.19676087209075,37.524595109011344,790.2630802519872,940.2369197480124,412,1859,64,833.2499999999998,300.19676087209075,37.524595109011344,758.2630802519872,908.2369197480124,380,1827,64,0.024526562499996626,0.007925230800053213,0.0009906538500066516,0.02254689874792408,0.026506226252069172,0.022000000000048203,0.08559999999999945,64,0,0,0,0,0,0,0,64,0,0,0,0,0,0,0,64,0,0,0,0,0,0,0,64,865.2499999999998,300.19676087209075,37.524595109011344,790.2630802519872,940.2369197480124,412,1859,64,0.9588260816862341,0.013414051037803656,0.001676756379725457,0.9554753514326983,0.9621768119397698,0.9223300970873787,0.9827864443249059,64,27.039062499999993,9.381148777252836,1.1726435971566045,24.6957212578746,29.382403742125387,12.875,58.09375,64,0,0,0,0,0,0,0,64,0,0,0,0,0,0,0,0,0,0,0.05662405979280534,64,0,1,0
atlas,56,32,2,periodic,64,64,0.8656005859374999,0.007339961173819138,0.0009174951467273922,0.8637671181882285,0.8674340536867713,0.8515625,0.8828125,64,-1,0,0,-1,-1,-1,-1,64,1,0,0,1,1,1,1,64,443.18749999999994,3.7580601209953985,0.4697575151244248,442.248764512373,444.1262354876269,436,452,64,0,0,0,0,0,0,0,64,443.18749999999994,3.7580601209953985,0.4697575151244248,442.248764512373,444.1262354876269,436,452,64,5859.1875,1323.4890981255353,165.4361372656919,5528.589759703943,6189.785240296057,3390,9382,64,5416,1323.6851157712263,165.46063947140328,5085.353295952888,5746.646704047112,2947,8935,64,0.14837187499999518,0.02572160767118934,0.0032152009588986676,0.14194680857147643,0.15479694142851394,0.13019999999983156,0.2595000000001164,64,18.781249999999996,4.935999118880323,0.6169998898600404,17.548274105361852,20.01422589463814,8,30,64,0,0,0,0,0,0,0,64,0,0,0,0,0,0,0,64,5859.1875,1323.4890981255353,165.4361372656919,5528.589759703943,6189.785240296057,3390,9382,64,0.9206327495273285,0.01737556420924185,0.002171945526155231,0.916292462726266,0.9249730363283911,0.8693215339233038,0.95235557450437,64,13.222818488258532,2.9897832739109993,0.3737229092388749,12.475992847057693,13.969644129459372,7.652370203160271,20.988814317673377,64,0,0,0,0,0,0,0,64,0.13439941406249994,0.007339961173819116,0.0009174951467273895,0.1325659463132286,0.1362328818117713,0.1171875,0.1484375,64,1,0.9433759402071946,1,0,0,1,0
atlas,56,32,3,periodic,64,64,0.8238830566406252,0.011152482402933133,0.0013940603003666416,0.8210972494236839,0.8266688638575665,0.802734375,0.849609375,64,-1,0,0,-1,-1,-1,-1,64,1,0,0,1,1,1,1,64,281.21874999999994,3.80671399353451,0.47583924919181375,280.26786113661734,282.16963886338254,274,290,64,0,0,0,0,0,0,0,64,281.21874999999994,3.80671399353451,0.47583924919181375,280.26786113661734,282.16963886338254,274,290,64,4578.531250000002,1182.0187462423153,147.7523432802894,4283.271752170558,4873.7907478294455,2340,8397,64,4297.312499999999,1181.9561117063522,147.74451396329403,4002.068647812128,4592.55635218787,2054,8112,64,0.15700937499997294,0.042035580993277116,0.0052544476241596395,0.146509199284063,0.1675095507158829,0.1068000000000211,0.36249999999972715,64,5.125000000000002,3.1547394428670255,0.3943424303583782,4.336969533778696,5.913030466221308,0,15,64,0,0,0,0,0,0,0,64,0,0,0,0,0,0,0,64,4578.531250000002,1182.0187462423153,147.7523432802894,4283.271752170558,4873.7907478294455,2340,8397,64,0.9345397051280211,0.01713840348150465,0.002142300435188081,0.930258659314125,0.9388207509419172,0.8777777777777778,0.9660593068953197,64,16.28298623166756,4.17845449938654,0.5223068124233174,15.239239352767274,17.326733110567847,8.181818181818182,29.46315789473684,64,0,0,0,0,0,0,0,64,0.17611694335937497,0.011152482402933124,0.0013940603003666405,0.17333113614243367,0.17890275057631627,0.150390625,0.197265625,63,0.984375,0.9166589839990573,0.9972364580766624,1,0,1,0
atlas,56,32,4,periodic,64,64,0.80316162109375,0.0134889295377134,0.001686116192214175,0.7997921867474478,0.8065310554400522,0.7734375,0.83984375,64,-1,0,0,-1,-1,-1,-1,64,1,0,0,1,1,1,1,64,205.609375,3.4531659616546304,0.4316457452068288,204.74679980734663,206.47195019265337,198,215,64,0,0,0,0,0,0,0,64,205.609375,3.4531659616546304,0.4316457452068288,204.74679980734663,206.47195019265337,198,215,64,3787.71875,1196.9925205472389,149.62406506840486,3488.718914637046,4086.718585362954,1497,7620,64,3582.1093749999995,1196.1232234285064,149.5154029285633,3283.3266835965283,3880.892066403471,1296,7413,64,0.10426406250001462,0.04597596116945235,0.005746995146181544,0.09277960910173016,0.11574851589829907,0.08100000000013097,0.3020000000001346,64,1.7031249999999996,1.7966431441167128,0.2245803930145891,1.254336895583706,2.1519131044162934,0,8,64,0,0,0,0,0,0,0,64,0,0,0,0,0,0,0,64,3787.71875,1196.9925205472389,149.62406506840486,3488.718914637046,4086.718585362954,1497,7620,64,0.94039475524201,0.018845173210667105,0.002355646651333388,0.9356873710347973,0.9451021394492227,0.8657314629258517,0.9728346456692913,64,18.402399854359718,5.760411663973707,0.7200514579967133,16.96349183314372,19.841307875575716,7.447761194029851,36.81159420289855,64,0,0,0,0,0,0,0,64,0.19683837890625006,0.013488929537713404,0.0016861161922141754,0.1934689445599478,0.20020781325255232,0.16015625,0.2265625,45,0.703125,0.5822979889645707,0.8009484867446022,19,0,1,0
atlas,56,32,8,periodic,64,64,0.77099609375,0.011037577157103271,0.001379697144637909,0.76823898900947,0.77375319849053,0.75,0.796875,64,-1,0,0,-1,-1,-1,-1,64,1,0,0,1,1,1,1,64,98.6875,1.4128098761092187,0.17660123451365234,98.33459059321216,99.04040940678784,96,102,64,0,0,0,0,0,0,0,64,98.6875,1.4128098761092187,0.17660123451365234,98.33459059321216,99.04040940678784,96,102,64,2556.0468750000005,1400.5952751426744,175.0744093928343,2206.188584752427,2905.905165247574,980,9820,64,2457.3593749999995,1400.2297472165342,175.02871840206677,2107.5923909117046,2807.1263590882945,883,9721,64,0.11842187500000277,0.030308218115162506,0.0037885272643953132,0.11085110737111645,0.1259926426288891,0.08449999999993452,0.29700000000002547,64,0,0,0,0,0,0,0,64,0,0,0,0,0,0,0,64,0,0,0,0,0,0,0,64,2556.0468750000005,1400.5952751426744,175.0744093928343,2206.188584752427,2905.905165247574,980,9820,64,0.9524816669598664,0.020470624996421518,0.0025588281245526897,0.9473682569772304,0.9575950769425023,0.9010204081632653,0.989918533604888,64,25.853284658374363,14.103403231807032,1.762925403975879,22.330359350169623,29.376209966579104,10.103092783505154,99.1919191919192,64,0,0,0,0,0,0,0,64,0.22900390625,0.011037577157103273,0.0013796971446379091,0.22624680150946996,0.23176101099053004,0.203125,0.25,0,0,0,0.05662405979280534,64,0,1,0
atlas,57,16,2,periodic,64,64,0.8677978515625001,0.017624137172774137,0.002203017146596767,0.8633954730825875,0.8722002300424128,0.828125,0.9140625,64,-1,0,0,-1,-1,-1,-1,64,1,0,0,1,1,1,1,64,111.07812500000001,2.2558895581150895,0.2819861947643862,110.5146205545712,111.64162944542883,106,117,64,0,0,0,0,0,0,0,64,111.07812500000001,2.2558895581150895,0.2819861947643862,110.5146205545712,111.64162944542883,106,117,64,1067.8906250000002,302.61978434822834,37.82747304352854,992.298451996007,1143.4827980039936,528,1874,64,956.8125000000003,302.6017276149553,37.82521595186941,881.2248374337777,1032.400162566223,418,1757,64,0.04720781250000085,0.01442871150774621,0.0018035889384682762,0.04360362760221776,0.050811997397783935,0.03909999999999059,0.09569999999999368,64,5.031249999999999,2.3160499350375203,0.28950624187969004,4.452717939539,5.609782060460998,2,11,64,0,0,0,0,0,0,0,64,0,0,0,0,0,0,0,64,1067.8906250000002,302.61978434822834,37.82747304352854,992.298451996007,1143.4827980039936,528,1874,64,0.8874839490366234,0.0320486956585372,0.00400608695731715,0.879478423052953,0.8954894750202939,0.7916666666666666,0.9375667022411953,64,9.61754472478932,2.7436692830019616,0.3429586603752452,8.932196529352868,10.302892920225773,4.8,16.017094017094017,64,0,0,0,0,0,0,0,64,0.13220214843749997,0.017624137172774144,0.002203017146596768,0.1277997699575873,0.13660452691741265,0.0859375,0.171875,64,1,0.9433759402071946,1,0,0,1,0
atlas,57,16,3,periodic,64,64,0.8221435546875004,0.024987680942215918,0.0031234601177769898,0.8159018177012001,0.8283852916738008,0.7734375,0.87890625,64,-1,0,0,-1,-1,-1,-1,64,1,0,0,1,1,1,1,64,70.15624999999999,2.132282107069087,0.26653526338363587,69.62362177716902,70.68887822283095,66,75,64,0,0,0,0,0,0,0,64,70.15624999999999,2.132282107069087,0.26653526338363587,69.62362177716902,70.68887822283095,66,75,64,958.109375,407.2375040103982,50.904688001299775,856.3844731626339,1059.8342768373661,279,2298,64,887.9531249999998,406.9047090072829,50.863088625910365,786.3113528810179,989.5948971189816,211,2229,64,0.07080312500000034,0.03362909723075279,0.004203637153844099,0.06240282644942721,0.07920342355057347,0.047300000000007,0.2563999999999851,64,1.6093749999999998,1.5997736695079063,0.1999717086884883,1.2097634271706479,2.0089865728293517,0,6,64,0,0,0,0,0,0,0,64,0,0,0,0,0,0,0,64,958.109375,407.2375040103982,50.904688001299775,856.3844731626339,1059.8342768373661,279,2298,64,0.9130866459746917,0.03947779980785342,0.004934724975981677,0.9032253849889978,0.9229479069603855,0.7562724014336918,0.9699738903394256,64,13.640698757940173,5.787326675114121,0.7234158343892652,12.19506756697864,15.086329948901707,4.102941176470588,33.30434782608695,64,0,0,0,0,0,0,0,64,0.17785644531250003,0.024987680942215856,0.003123460117776982,0.1716147083261997,0.18409818229880034,0.12109375,0.2265625,46,0.71875,0.5986606971779259,0.8140662766627217,18,0,1,0
atlas,57,16,4,periodic,64,64,0.802001953125,0.028398511273539036,0.0035498139091923796,0.7949082160718568,0.8090956901781432,0.75,0.859375,64,-1,0,0,-1,-1,-1,-1,64,1,0,0,1,1,1,1,64,51.328125,1.8175047215064983,0.2271880901883123,50.874125828598835,51.782124171401165,48,55,64,0,0,0,0,0,0,0,64,51.328125,1.8175047215064983,0.2271880901883123,50.874125828598835,51.782124171401165,48,55,64,652.671875,352.6369622330258,44.07962027912823,564.585782697299,740.757967302701,246,2115,64,601.3437499999999,352.14053916781126,44.01756739597641,513.3816604894814,689.3058395105184,197,2066,64,0.028292187500003493,0.011041858376596176,0.001380232297074522,0.025534013342662955,0.031050361657344032,0.023700000000076216,0.08980000000008204,64,0.46875,1.0230478894592296,0.1278809861824037,0.21320024069416893,0.7242997593058311,0,5,64,0,0,0,0,0,0,0,64,0,0,0,0,0,0,0,64,652.671875,352.6369622330258,44.07962027912823,564.585782697299,740.757967302701,246,2115,64,0.9010139132747838,0.0447075823585835,0.005588447794822937,0.8898462914766285,0.912181535072939,0.8008130081300813,0.9768321513002364,64,12.66727182183361,6.79424665121704,0.84928083140213,10.970119504457019,14.364424139210202,5.020408163265306,43.16326530612245,64,0,0,0,0,0,0,0,64,0.19799804687500003,0.02839851127353903,0.0035498139091923787,0.19090430982185688,0.20509178392814317,0.140625,0.25,17,0.265625,0.17296379074222612,0.38482873728565137,47,0,1,0
atlas,57,16,8,periodic,64,64,1,0,0,1,1,1,1,64,-1,0,0,-1,-1,-1,-1,64,1,0,0,1,1,1,1,64,32,0,0,32,32,32,32,64,0,0,0,0,0,0,0,64,32,0,0,32,32,32,32,64,865.890625,300.5825094546909,37.572813681836365,790.8073481230086,940.9739018769914,410,1857,64,833.890625,300.5825094546909,37.572813681836365,758.8073481230086,908.9739018769914,378,1825,64,0.02617187500000284,0.008341072002019686,0.0010426340002524608,0.024088337206287773,0.028255412793717904,0.023199999999974352,0.09010000000000673,64,0,0,0,0,0,0,0,64,0,0,0,0,0,0,0,64,0,0,0,0,0,0,0,64,865.890625,300.5825094546909,37.572813681836365,790.8073481230086,940.9739018769914,410,1857,64,0.9588422543810878,0.013449803400244058,0.0016812254250305073,0.9554825934531327,0.962201915309043,0.9219512195121952,0.9827679052234787,64,27.05908203125,9.393203420459091,1.1741504275573864,24.71272962884402,29.40543443365598,12.8125,58.03125,64,0,0,0,0,0,0,0,64,0,0,0,0,0,0,0,0,0,0,0.05662405979280534,64,0,1,0
atlas,57,32,2,periodic,64,64,0.8656005859374999,0.007339961173819138,0.0009174951467273922,0.8637671181882285,0.8674340536867713,0.8515625,0.8828125,64,-1,0,0,-1,-1,-1,-1,64,1,0,0,1,1,1,1,64,443.18749999999994,3.7580601209953985,0.4697575151244248,442.248764512373,444.1262354876269,436,452,64,0,0,0,0,0,0,0,64,443.18749999999994,3.7580601209953985,0.4697575151244248,442.248764512373,444.1262354876269,436,452,64,5856.953125000001,1321.8561075988675,165.23201344985844,5526.763293600818,6187.142956399184,3414,9384,64,5413.765624999999,1322.052285571085,165.2565356963856,5083.526789801387,5744.004460198611,2971,8937,64,0.18817343749999796,0.033458504232204866,0.004182313029025608,0.17981575181258339,0.19653112318741253,0.14660000000003492,0.30359999999996035,64,18.781249999999996,4.935999118880323,0.6169998898600404,17.548274105361852,20.01422589463814,8,30,64,0,0,0,0,0,0,0,64,0,0,0,0,0,0,0,64,5856.953125000001,1321.8561075988675,165.23201344985844,5526.763293600818,6187.142956399184,3414,9384,64,0.9206153559717444,0.017327715088225917,0.0021659643860282396,0.9162870215254881,0.9249436904180006,0.870240187463386,0.9523657289002557,64,13.217775686298287,2.986079960330611,0.3732599950413264,12.471875105306117,13.963676267290458,7.706546275395034,20.993288590604028,64,0,0,0,0,0,0,0,64,0.13439941406249994,0.007339961173819116,0.0009174951467273895,0.1325659463132286,0.1362328818117713,0.1171875,0.1484375,64,1,0.9433759402071946,1,0,0,1,0
atlas,57,32,3,periodic,64,64,0.8238830566406252,0.011152482402933133,0.0013940603003666416,0.8210972494236839,0.8266688638575665,0.802734375,0.849609375,64,-1,0,0,-1,-1,-1,-1,64,1,0,0,1,1,1,1,64,281.21874999999994,3.80671399353451,0.47583924919181375,280.26786113661734,282.16963886338254,274,290,64,0,0,0,0,0,0,0,64,281.21874999999994,3.80671399353451,0.47583924919181375,280.26786113661734,282.16963886338254,274,290,64,4578.093750000003,1181.6259139826097,147.70323924782622,4282.932378749432,4873.255121250573,2327,8392,64,4296.874999999999,1181.564465994804,147.6955582493505,4001.7289780000892,4592.021021999909,2041,8107,64,0.2573781250000167,0.04845176121341301,0.0060564701516766265,0.24527523515135463,0.2694810148486788,0.20139999999992142,0.46370000000024447,64,5.125000000000002,3.1547394428670255,0.3943424303583782,4.336969533778696,5.913030466221308,0,15,64,0,0,0,0,0,0,0,64,0,0,0,0,0,0,0,64,4578.093750000003,1181.6259139826097,147.70323924782622,4282.932378749432,4873.255121250573,2327,8392,64,0.9345356890509471,0.01714448754302039,0.0021430609428775486,0.9302531234837021,0.938818254618192,0.8770949720670391,0.9660390848427073,64,16.28144621572975,4.176952904164182,0.5221191130205227,15.238074424155876,17.324818007303627,8.136363636363637,29.44561403508772,64,0,0,0,0,0,0,0,64,0.17611694335937497,0.011152482402933124,0.0013940603003666405,0.17333113614243367,0.17890275057631627,0.150390625,0.197265625,63,0.984375,0.9166589839990573,0.9972364580766624,1,0,1,0
atlas,57,32,4,periodic,64,64,0.80316162109375,0.0134889295377134,0.001686116192214175,0.7997921867474478,0.8065310554400522,0.7734375,0.83984375,64,-1,0,0,-1,-1,-1,-1,64,1,0,0,1,1,1,1,64,205.609375,3.4531659616546304,0.4316457452068288,204.74679980734663,206.47195019265337,198,215,64,0,0,0,0,0,0,0,64,205.609375,3.4531659616546304,0.4316457452068288,204.74679980734663,206.47195019265337,198,215,64,3788.8437500000005,1197.6958728199081,149.71198410248851,3489.668222466778,4088.019277533223,1498,7638,64,3583.234375,1196.8320451075951,149.6040056384494,3284.274625209186,3882.194124790814,1297,7431,64,0.11370468749997542,0.025642669237338163,0.0032053336546672704,0.10729933930554766,0.12011003569440318,0.10070000000041546,0.25680000000011205,64,1.7031249999999996,1.7966431441167128,0.2245803930145891,1.254336895583706,2.1519131044162934,0,8,64,0,0,0,0,0,0,0,64,0,0,0,0,0,0,0,64,3788.8437500000005,1197.6958728199081,149.71198410248851,3489.668222466778,4088.019277533223,1498,7638,64,0.9404202671676012,0.018809712719403664,0.002351214089925458,0.9357217407275572,0.9451187936076452,0.8658210947930574,0.9728986645718775,64,18.40801183086635,5.764230423380951,0.7205288029226189,16.968149911932148,19.847873749800552,7.45273631840796,36.89855072463768,64,0,0,0,0,0,0,0,64,0.19683837890625006,0.013488929537713404,0.0016861161922141754,0.1934689445599478,0.20020781325255232,0.16015625,0.2265625,45,0.703125,0.5822979889645707,0.8009484867446022,19,0,1,0
atlas,57,32,8,periodic,64,64,0.77099609375,0.011037577157103271,0.001379697144637909,0.76823898900947,0.77375319849053,0.75,0.796875,64,-1,0,0,-1,-1,-1,-1,64,1,0,0,1,1,1,1,64,98.6875,1.4128098761092187,0.17660123451365234,98.33459059321216,99.04040940678784,96,102,64,0,0,0,0,0,0,0,64,98.6875,1.4128098761092187,0.17660123451365234,98.33459059321216,99.04040940678784,96,102,64,2556.78125,1399.7517860320806,174.96897325401008,2207.1336570632857,2906.4288429367143,978,9818,64,2458.093749999999,1399.386880696357,174.9233600870446,2108.5373077041045,2807.6501922958937,881,9719,64,0.08900937500003178,0.02289786653095031,0.002862233316368789,0.08328965812177845,0.09472909187828511,0.07600000000002183,0.2450000000003456,64,0,0,0,0,0,0,0,64,0,0,0,0,0,0,0,64,0,0,0,0,0,0,0,64,2556.78125,1399.7517860320806,174.96897325401008,2207.1336570632857,2906.4288429367143,978,9818,64,0.9525295569322056,0.020402294022018125,0.0025502867527522656,0.9474332155191273,0.957625898345284,0.9008179959100204,0.9899164799348136,64,25.860847850536512,14.094804290814785,1.7618505363518482,22.340070493882713,29.38162520719031,10.082474226804123,99.17171717171718,64,0,0,0,0,0,0,0,64,0.22900390625,0.011037577157103273,0.0013796971446379091,0.22624680150946996,0.23176101099053004,0.203125,0.25,0,0,0,0.05662405979280534,64,0,1,0
atlas,58,16,2,periodic,64,64,0.8629150390625001,0.016407117294488918,0.0020508896618111148,0.8588166631030664,0.8670134150219339,0.8359375,0.8984375,64,-1,0,0,-1,-1,-1,-1,64,1,0,0,1,1,1,1,64,110.45312500000001,2.1001110136945815,0.2625138767118227,109.9285328771925,110.97771712280753,107,115,64,0,0,0,0,0,0,0,64,110.45312500000001,2.1001110136945815,0.2625138767118227,109.9285328771925,110.97771712280753,107,115,64,1000.4687499999999,289.12786037125016,36.14098254640627,928.2467593309821,1072.6907406690177,562,1789,64,890.015625,288.91309684706556,36.114137105883195,817.8472806631612,962.1839693368388,450,1681,64,0.040107812499996495,0.012636534393893542,0.0015795667992366928,0.036951300125462105,0.043264324874530885,0.0333999999999719,0.09510000000000218,64,4.609374999999998,2.1647771064557477,0.27059713830696847,4.0686297678310925,5.150120232168904,1,10,64,0,0,0,0,0,0,0,64,0,0,0,0,0,0,0,64,1000.4687499999999,289.12786037125016,36.14098254640627,928.2467593309821,1072.6907406690177,562,1789,64,0.8812668212112496,0.03116018301679292,0.003895022877099115,0.8734832390818966,0.8890504033406025,0.800711743772242,0.9396310788149804,64,9.055850659848977,2.603358408488525,0.3254198010610656,8.405551078049617,9.706150241648336,5.017857142857143,16.564814814814813,64,0,0,0,0,0,0,0,64,0.13708496093750006,0.01640711729448889,0.0020508896618111113,0.13298658497806629,0.14118333689693383,0.1015625,0.1640625,64,1,0.9433759402071946,1,0,0,1,0
atlas,58,16,3,periodic,64,64,0.8263549804687504,0.01936223607279647,0.002420279509099559,0.8215184378014846,0.8311915231360163,0.78515625,0.8671875,64,-1,0,0,-1,-1,-1,-1,64,1,0,0,1,1,1,1,64,70.51562499999997,1.6522441448786291,0.20653051810982864,70.10290669239329,70.92834330760665,67,74,64,0,0,0,0,0,0,0,64,70.51562499999997,1.6522441448786291,0.20653051810982864,70.10290669239329,70.92834330760665,67,74,64,837.8281250000001,312.07231328690165,39.009039160862706,759.8747805200692,915.781469479931,388,2137,64,767.3125,311.98462899662013,38.998078624577516,689.3810584040955,845.2439415959045,321,2067,64,0.06951874999999762,0.03904234524490248,0.00488029315561281,0.05976626232775009,0.07927123767224514,0.05279999999999063,0.27080000000000837,64,0.7500000000000002,0.9085135251589959,0.11356419064487448,0.5230600736557937,0.9769399263442068,0,4,64,0,0,0,0,0,0,0,64,0,0,0,0,0,0,0,64,837.8281250000001,312.07231328690165,39.009039160862706,759.8747805200692,915.781469479931,388,2137,64,0.9056402353293851,0.030843326440390197,0.0038554158050487747,0.8979358016178809,0.9133446690408893,0.8273195876288659,0.9672437997192326,64,11.882091494948831,4.432980639144264,0.554122579893033,10.774765878022398,12.989417111875264,5.791044776119403,30.52857142857143,64,0,0,0,0,0,0,0,64,0.17364501953124997,0.019362236072796444,0.0024202795090995555,0.16880847686398415,0.1784815621985158,0.1328125,0.21484375,33,0.515625,0.39581601478580125,0.6336644833456737,31,0,1,0
atlas,58,16,4,periodic,64,64,0.7988281250000001,0.024349803827311868,0.0030437254784139835,0.7927457249761821,0.8049105250238181,0.765625,0.875,64,-1,0,0,-1,-1,-1,-1,64,1,0,0,1,1,1,1,64,51.12500000000001,1.5583874449479596,0.19479843061849494,50.735726398475656,51.51427360152436,49,56,64,0,0,0,0,0,0,0,64,51.12500000000001,1.5583874449479596,0.19479843061849494,50.735726398475656,51.51427360152436,49,56,64,632.7656250000001,249.36323618670806,31.170404523338508,570.4765419142411,695.0547080857591,289,1203,64,581.6406249999999,248.82800633391557,31.103500791739446,519.4852383535413,643.7960116464585,239,1152,64,0.025571875000006017,0.007964673365901192,0.000995584170737649,0.023582358788129087,0.027561391211882946,0.021900000000073305,0.08630000000005111,64,0.29687500000000006,0.6089201344665243,0.07611501680831553,0.144771276017296,0.4489787239827041,0,3,64,0,0,0,0,0,0,0,64,0,0,0,0,0,0,0,64,632.7656250000001,249.36323618670806,31.170404523338508,570.4765419142411,695.0547080857591,289,1203,64,0.905989738006664,0.036078002098735594,0.004509750262341949,0.8969777212207826,0.9150017547925455,0.8269896193771626,0.9576059850374065,64,12.337304609830479,4.782524179102691,0.5978155223878364,11.142665614494653,13.531943605166305,5.78,23.58823529411765,64,0,0,0,0,0,0,0,64,0.20117187499999992,0.024349803827311868,0.0030437254784139835,0.19508947497618193,0.2072542750238179,0.125,0.234375,15,0.234375,0.1474989559392414,0.35133257582568644,49,0,1,0
atlas,58,16,8,periodic,64,64,1,0,0,1,1,1,1,64,-1,0,0,-1,-1,-1,-1,64,1,0,0,1,1,1,1,64,32,0,0,32,32,32,32,64,0,0,0,0,0,0,0,64,32,0,0,32,32,32,32,64,848.0625,290.54977307669793,36.31872163458724,775.4853261050794,920.6396738949206,346,2088,64,816.0625,290.54977307669793,36.31872163458724,743.4853261050794,888.6396738949206,314,2056,64,0.025285937500003183,0.004842499262479527,0.0006053124078099409,0.024076317174585735,0.02649555782542063,0.022300000000086584,0.0544999999999618,64,0,0,0,0,0,0,0,64,0,0,0,0,0,0,0,64,0,0,0,0,0,0,0,64,848.0625,290.54977307669793,36.31872163458724,775.4853261050794,920.6396738949206,346,2088,64,0.9578644488617304,0.014928747553642567,0.0018660934442053208,0.9541353586760427,0.9615935390474181,0.9075144508670521,0.9846743295019157,64,26.501953125,9.07968040864681,1.1349600510808513,24.23391644078373,28.76998980921627,10.8125,65.25,64,0,0,0,0,0,0,0,64,0,0,0,0,0,0,0,0,0,0,0.05662405979280534,64,0,1,0
atlas,58,32,2,periodic,64,64,0.865386962890625,0.007159806758792712,0.000894975844849089,0.8635984963752863,0.8671754294059637,0.84765625,0.8828125,64,-1,0,0,-1,-1,-1,-1,64,1,0,0,1,1,1,1,64,443.078125,3.6658210605018686,0.4582276325627336,442.1624301441466,443.9938198558534,434,452,64,0,0,0,0,0,0,0,64,443.078125,3.6658210605018686,0.4582276325627336,442.1624301441466,443.9938198558534,434,452,64,5753.984375000001,1142.3831327423418,142.79789159279272,5468.6255588436425,6039.343191156359,4045,9737,64,5310.906250000001,1141.620606908901,142.70257586361262,5025.737907129603,5596.074592870399,3605,9290,64,0.1432890625000063,0.026452611820449733,0.0033065764775562167,0.1366813966679603,0.1498967283320523,0.12599999999997635,0.26510000000007494,64,18.953124999999996,4.808820227886148,0.6011025284857685,17.75191744711516,20.15433255288483,9,31,64,0,0,0,0,0,0,0,64,0,0,0,0,0,0,0,64,5753.984375000001,1142.3831327423418,142.79789159279272,5468.6255588436425,6039.343191156359,4045,9737,64,0.9203199999924383,0.014190672758277604,0.0017738340947847004,0.9167752754051245,0.9238647245797521,0.8912237330037083,0.954092636335627,64,12.982861191040248,2.55616155432857,0.31952019429107126,12.344351032634298,13.621371349446198,9.193181818181818,21.782997762863534,64,0,0,0,0,0,0,0,64,0.134613037109375,0.007159806758792714,0.0008949758448490892,0.13282457059403632,0.13640150362471368,0.1171875,0.15234375,64,1,0.9433759402071946,1,0,0,1,0
atlas,58,32,3,periodic,64,64,0.8230590820312499,0.010746942433836691,0.0013433678042295864,0.8203745756845409,0.8257435883779589,0.796875,0.84375,64,-1,0,0,-1,-1,-1,-1,64,1,0,0,1,1,1,1,64,280.9375,3.6682896840829247,0.4585362105103656,280.0211885003233,281.8538114996767,272,288,64,0,0,0,0,0,0,0,64,280.9375,3.6682896840829247,0.4585362105103656,280.0211885003233,281.8538114996767,272,288,64,4940.593750000001,1396.802763215121,174.60034540189014,4591.68280104528,5289.504698954722,2880,8260,64,4659.656249999998,1397.1066271331497,174.6383283916437,4310.669398096927,5008.64310190307,2599,7983,64,0.23509374999998306,0.06183923826249875,0.007729904782812344,0.2196467678826642,0.2505407321173019,0.1777999999999338,0.4654000000000451,64,5.875000000000003,3.0420335721303697,0.3802541965162962,5.115122622637841,6.634877377362164,1,16,64,0,0,0,0,0,0,0,64,0,0,0,0,0,0,0,64,4940.593750000001,1396.802763215121,174.60034540189014,4591.68280104528,5289.504698954722,2880,8260,64,0.9389590699018344,0.015742035360177684,0.0019677544200222105,0.9350268264665796,0.9428913133370892,0.9024305555555555,0.9664648910411622,64,17.59404482270518,5.020341976747964,0.6275427470934954,16.34000070902341,18.848088936386947,10.249110320284698,29.819494584837546,64,0,0,0,0,0,0,0,64,0.17694091796874992,0.010746942433836696,0.001343367804229587,0.17425641162204086,0.17962542431545897,0.15625,0.203125,64,1,0.9433759402071946,1,0,0,1,0
atlas,58,32,4,periodic,64,64,0.8034667968750002,0.011327269740566125,0.0014159087175707656,0.80063732908017,0.8062962646698304,0.77734375,0.8359375,64,-1,0,0,-1,-1,-1,-1,64,1,0,0,1,1,1,1,64,205.68750000000006,2.899781053584928,0.362472631698116,204.96315624452353,206.41184375547658,199,214,64,0,0,0,0,0,0,0,64,205.68750000000006,2.899781053584928,0.362472631698116,204.96315624452353,206.41184375547658,199,214,64,3810.374999999999,1211.8639912685471,151.4829989085684,3507.6603817783825,4113.089618221616,1440,8191,64,3604.6875,1211.1562477026678,151.39453096283347,3302.1496708610593,3907.2253291389407,1239,7981,64,0.10657968749999469,0.041758767465278006,0.005219845933159751,0.09614865774604958,0.1170107172539398,0.08210000000008222,0.27880000000004657,64,1.7187500000000007,1.9717750443183992,0.2464718805397999,1.2262152485259914,2.21128475147401,0,10,64,0,0,0,0,0,0,0,64,0,0,0,0,0,0,0,64,3810.374999999999,1211.8639912685471,151.4829989085684,3507.6603817783825,4113.089618221616,1440,8191,64,0.941183332892551,0.017668590875180256,0.002208573859397532,0.9367698502081654,0.9455968155769365,0.8604166666666667,0.9743621047491149,64,18.50844511129165,5.789273720226804,0.7236592150283505,17.062327562931767,19.954562659651533,7.164179104477612,39.00476190476191,64,0,0,0,0,0,0,0,64,0.196533203125,0.011327269740566154,0.0014159087175707693,0.1937037353301698,0.1993626709198302,0.1640625,0.22265625,43,0.671875,0.549991058490915,0.7742944209553081,21,0,1,0
atlas,58,32,8,periodic,64,64,0.7735595703124999,0.012488538543453631,0.001561067317931704,0.7704400262014729,0.7766791144235269,0.75,0.8046875,64,-1,0,0,-1,-1,-1,-1,64,1,0,0,1,1,1,1,64,99.01562499999999,1.5985329335620648,0.1998166166952581,98.61632335378853,99.41492664621144,96,103,64,0,0,0,0,0,0,0,64,99.01562499999999,1.5985329335620648,0.1998166166952581,98.61632335378853,99.41492664621144,96,103,64,2387.781249999999,1199.1294920443231,149.8911865055404,2088.247615039441,2687.3148849605573,974,7508,64,2288.7656249999995,1198.8695302432345,149.85869128040432,1989.2969265652691,2588.23432343473,876,7411,64,0.07834531250002642,0.013308631042232328,0.001663578880279041,0.07502091537788357,0.08166970962216928,0.07160000000021682,0.16919999999981883,64,0,0,0,0,0,0,0,64,0,0,0,0,0,0,0,64,0,0,0,0,0,0,0,64,2387.781249999999,1199.1294920443231,149.8911865055404,2088.247615039441,2687.3148849605573,974,7508,64,0.9504980659225065,0.01919162588721753,0.002398953235902191,0.9457041404115919,0.9552919914334211,0.8993839835728953,0.9870804475226426,64,24.08993975282208,12.119746683227616,1.514968335403452,21.062517107550214,27.117362398093945,9.938775510204081,77.4020618556701,64,0,0,0,0,0,0,0,64,0.22644042968750003,0.012488538543453631,0.001561067317931704,0.223320885576473,0.22955997379852705,0.1953125,0.25,0,0,0,0.05662405979280534,64,0,1,0
atlas,59,16,2,periodic,64,64,0.8677978515625001,0.017624137172774137,0.002203017146596767,0.8633954730825875,0.8722002300424128,0.828125,0.9140625,64,-1,0,0,-1,-1,-1,-1,64,1,0,0,1,1,1,1,64,111.07812500000001,2.2558895581150895,0.2819861947643862,110.5146205545712,111.64162944542883,106,117,64,0,0,0,0,0,0,0,64,111.07812500000001,2.2558895581150895,0.2819861947643862,110.5146205545712,111.64162944542883,106,117,64,1067.8906250000002,302.61978434822834,37.82747304352854,992.298451996007,1143.4827980039936,528,1874,64,956.8125000000003,302.6017276149553,37.82521595186941,881.2248374337777,1032.400162566223,418,1757,64,0.047140624999999936,0.017021086070860884,0.0021276357588576105,0.0428888842033579,0.05139236579664197,0.038000000000010914,0.11439999999998918,64,5.031249999999999,2.3160499350375203,0.28950624187969004,4.452717939539,5.609782060460998,2,11,64,0,0,0,0,0,0,0,64,0,0,0,0,0,0,0,64,1067.8906250000002,302.61978434822834,37.82747304352854,992.298451996007,1143.4827980039936,528,1874,64,0.8874839490366234,0.0320486956585372,0.00400608695731715,0.879478423052953,0.8954894750202939,0.7916666666666666,0.9375667022411953,64,9.61754472478932,2.7436692830019616,0.3429586603752452,8.932196529352868,10.302892920225773,4.8,16.017094017094017,64,0,0,0,0,0,0,0,64,0.13220214843749997,0.017624137172774144,0.002203017146596768,0.1277997699575873,0.13660452691741265,0.0859375,0.171875,64,1,0.9433759402071946,1,0,0,1,0
atlas,59,16,3,periodic,64,64,0.8221435546875004,0.024987680942215918,0.0031234601177769898,0.8159018177012001,0.8283852916738008,0.7734375,0.87890625,64,-1,0,0,-1,-1,-1,-1,64,1,0,0,1,1,1,1,64,70.15624999999999,2.132282107069087,0.26653526338363587,69.62362177716902,70.68887822283095,66,75,64,0,0,0,0,0,0,0,64,70.15624999999999,2.132282107069087,0.26653526338363587,69.62362177716902,70.68887822283095,66,75,64,958.109375,407.2375040103982,50.904688001299775,856.3844731626339,1059.8342768373661,279,2298,64,887.9531249999998,406.9047090072829,50.863088625910365,786.3113528810179,989.5948971189816,211,2229,64,0.05935156249999805,0.02422350945297104,0.00302793868162138,0.05330070987224727,0.06540241512774883,0.043400000000019645,0.23349999999999227,64,1.6093749999999998,1.5997736695079063,0.1999717086884883,1.2097634271706479,2.0089865728293517,0,6,64,0,0,0,0,0,0,0,64,0,0,0,0,0,0,0,64,958.109375,407.2375040103982,50.904688001299775,856.3844731626339,1059.8342768373661,279,2298,64,0.9130866459746917,0.03947779980785342,0.004934724975981677,0.9032253849889978,0.9229479069603855,0.7562724014336918,0.9699738903394256,64,13.640698757940173,5.787326675114121,0.7234158343892652,12.19506756697864,15.086329948901707,4.102941176470588,33.30434782608695,64,0,0,0,0,0,0,0,64,0.17785644531250003,0.024987680942215856,0.003123460117776982,0.1716147083261997,0.18409818229880034,0.12109375,0.2265625,46,0.71875,0.5986606971779259,0.8140662766627217,18,0,1,0
atlas,59,16,4,periodic,64,64,0.802001953125,0.028398511273539036,0.0035498139091923796,0.7949082160718568,0.8090956901781432,0.75,0.859375,64,-1,0,0,-1,-1,-1,-1,64,1,0,0,1,1,1,1,64,51.328125,1.8175047215064983,0.2271880901883123,50.874125828598835,51.782124171401165,48,55,64,0,0,0,0,0,0,0,64,51.328125,1.8175047215064983,0.2271880901883123,50.874125828598835,51.782124171401165,48,55,64,652.671875,352.6369622330258,44.07962027912823,564.585782697299,740.757967302701,246,2115,64,601.3437499999999,352.14053916781126,44.01756739597641,513.3816604894814,689.3058395105184,197,2066,64,0.028167187500004694,0.010180046694112587,0.0012725058367640733,0.025624287495804775,0.030710087504204613,0.02400000000000091,0.09519999999997708,64,0.46875,1.0230478894592296,0.1278809861824037,0.21320024069416893,0.7242997593058311,0,5,64,0,0,0,0,0,0,0,64,0,0,0,0,0,0,0,64,652.671875,352.6369622330258,44.07962027912823,564.585782697299,740.757967302701,246,2115,64,0.9010139132747838,0.0447075823585835,0.005588447794822937,0.8898462914766285,0.912181535072939,0.8008130081300813,0.9768321513002364,64,12.66727182183361,6.79424665121704,0.84928083140213,10.970119504457019,14.364424139210202,5.020408163265306,43.16326530612245,64,0,0,0,0,0,0,0,64,0.19799804687500003,0.02839851127353903,0.0035498139091923787,0.19090430982185688,0.20509178392814317,0.140625,0.25,17,0.265625,0.17296379074222612,0.38482873728565137,47,0,1,0
atlas,59,16,8,periodic,64,64,1,0,0,1,1,1,1,64,-1,0,0,-1,-1,-1,-1,64,1,0,0,1,1,1,1,64,32,0,0,32,32,32,32,64,0,0,0,0,0,0,0,64,32,0,0,32,32,32,32,64,865.890625,300.5825094546909,37.572813681836365,790.8073481230086,940.9739018769914,410,1857,64,833.890625,300.5825094546909,37.572813681836365,758.8073481230086,908.9739018769914,378,1825,64,0.028023437499992806,0.013749248085496223,0.001718656010687028,0.024588977515189972,0.03145789748479564,0.023400000000037835,0.12879999999995562,64,0,0,0,0,0,0,0,64,0,0,0,0,0,0,0,64,0,0,0,0,0,0,0,64,865.890625,300.5825094546909,37.572813681836365,790.8073481230086,940.9739018769914,410,1857,64,0.9588422543810878,0.013449803400244058,0.0016812254250305073,0.9554825934531327,0.962201915309043,0.9219512195121952,0.9827679052234787,64,27.05908203125,9.393203420459091,1.1741504275573864,24.71272962884402,29.40543443365598,12.8125,58.03125,64,0,0,0,0,0,0,0,64,0,0,0,0,0,0,0,0,0,0,0.05662405979280534,64,0,1,0
atlas,59,32,2,periodic,64,64,0.8656005859374999,0.007339961173819138,0.0009174951467273922,0.8637671181882285,0.8674340536867713,0.8515625,0.8828125,64,-1,0,0,-1,-1,-1,-1,64,1,0,0,1,1,1,1,64,443.18749999999994,3.7580601209953985,0.4697575151244248,442.248764512373,444.1262354876269,436,452,64,0,0,0,0,0,0,0,64,443.18749999999994,3.7580601209953985,0.4697575151244248,442.248764512373,444.1262354876269,436,452,64,5856.953125000001,1321.8561075988675,165.23201344985844,5526.763293600818,6187.142956399184,3414,9384,64,5413.765624999999,1322.052285571085,165.2565356963856,5083.526789801387,5744.004460198611,2971,8937,64,0.1784218750000121,0.04026737017970637,0.0050334212724632964,0.1683633852036624,0.18848036479636182,0.14540000000010878,0.3444999999999254,64,18.781249999999996,4.935999118880323,0.6169998898600404,17.548274105361852,20.01422589463814,8,30,64,0,0,0,0,0,0,0,64,0,0,0,0,0,0,0,64,5856.953125000001,1321.8561075988675,165.23201344985844,5526.763293600818,6187.142956399184,3414,9384,64,0.9206153559717444,0.017327715088225917,0.0021659643860282396,0.9162870215254881,0.9249436904180006,0.870240187463386,0.9523657289002557,64,13.217775686298287,2.986079960330611,0.3732599950413264,12.471875105306117,13.963676267290458,7.706546275395034,20.993288590604028,64,0,0,0,0,0,0,0,64,0.13439941406249994,0.007339961173819116,0.0009174951467273895,0.1325659463132286,0.1362328818117713,0.1171875,0.1484375,64,1,0.9433759402071946,1,0,0,1,0
atlas,59,32,3,periodic,64,64,0.8238830566406252,0.011152482402933133,0.0013940603003666416,0.8210972494236839,0.8266688638575665,0.802734375,0.849609375,64,-1,0,0,-1,-1,-1,-1,64,1,0,0,1,1,1,1,64,281.21874999999994,3.80671399353451,0.47583924919181375,280.26786113661734,282.16963886338254,274,290,64,0,0,0,0,0,0,0,64,281.21874999999994,3.80671399353451,0.47583924919181375,280.26786113661734,282.16963886338254,274,290,64,4578.093750000003,1181.6259139826097,147.70323924782622,4282.932378749432,4873.255121250573,2327,8392,64,4296.874999999999,1181.564465994804,147.6955582493505,4001.7289780000892,4592.021021999909,2041,8107,64,0.17964531249997157,0.053803428018734806,0.006725428502341851,0.16620561605791734,0.1930850089420258,0.11809999999968568,0.4057999999999993,64,5.125000000000002,3.1547394428670255,0.3943424303583782,4.336969533778696,5.913030466221308,0,15,64,0,0,0,0,0,0,0,64,0,0,0,0,0,0,0,64,4578.093750000003,1181.6259139826097,147.70323924782622,4282.932378749432,4873.255121250573,2327,8392,64,0.9345356890509471,0.01714448754302039,0.0021430609428775486,0.9302531234837021,0.938818254618192,0.8770949720670391,0.9660390848427073,64,16.28144621572975,4.176952904164182,0.5221191130205227,15.238074424155876,17.324818007303627,8.136363636363637,29.44561403508772,64,0,0,0,0,0,0,0,64,0.17611694335937497,0.011152482402933124,0.0013940603003666405,0.17333113614243367,0.17890275057631627,0.150390625,0.197265625,63,0.984375,0.9166589839990573,0.9972364580766624,1,0,1,0
atlas,59,32,4,periodic,64,64,0.80316162109375,0.0134889295377134,0.001686116192214175,0.7997921867474478,0.8065310554400522,0.7734375,0.83984375,64,-1,0,0,-1,-1,-1,-1,64,1,0,0,1,1,1,1,64,205.609375,3.4531659616546304,0.4316457452068288,204.74679980734663,206.47195019265337,198,215,64,0,0,0,0,0,0,0,64,205.609375,3.4531659616546304,0.4316457452068288,204.74679980734663,206.47195019265337,198,215,64,3788.8437500000005,1197.6958728199081,149.71198410248851,3489.668222466778,4088.019277533223,1498,7638,64,3583.234375,1196.8320451075951,149.6040056384494,3284.274625209186,3882.194124790814,1297,7431,64,0.12098750000003378,0.03367184542914314,0.004208980678642892,0.11257652326721525,0.1293984767328523,0.098700000000008,0.3020000000001346,64,1.7031249999999996,1.7966431441167128,0.2245803930145891,1.254336895583706,2.1519131044162934,0,8,64,0,0,0,0,0,0,0,64,0,0,0,0,0,0,0,64,3788.8437500000005,1197.6958728199081,149.71198410248851,3489.668222466778,4088.019277533223,1498,7638,64,0.9404202671676012,0.018809712719403664,0.002351214089925458,0.9357217407275572,0.9451187936076452,0.8658210947930574,0.9728986645718775,64,18.40801183086635,5.764230423380951,0.7205288029226189,16.968149911932148,19.847873749800552,7.45273631840796,36.89855072463768,64,0,0,0,0,0,0,0,64,0.19683837890625006,0.013488929537713404,0.0016861161922141754,0.1934689445599478,0.20020781325255232,0.16015625,0.2265625,45,0.703125,0.5822979889645707,0.8009484867446022,19,0,1,0
atlas,59,32,8,periodic,64,64,0.77099609375,0.011037577157103271,0.001379697144637909,0.76823898900947,0.77375319849053,0.75,0.796875,64,-1,0,0,-1,-1,-1,-1,64,1,0,0,1,1,1,1,64,98.6875,1.4128098761092187,0.17660123451365234,98.33459059321216,99.04040940678784,96,102,64,0,0,0,0,0,0,0,64,98.6875,1.4128098761092187,0.17660123451365234,98.33459059321216,99.04040940678784,96,102,64,2556.78125,1399.7517860320806,174.96897325401008,2207.1336570632857,2906.4288429367143,978,9818,64,2458.093749999999,1399.386880696357,174.9233600870446,2108.5373077041045,2807.6501922958937,881,9719,64,0.08457187500000174,0.0156061492636858,0.001950768657960725,0.08067357490172006,0.08847017509828342,0.07580000000007203,0.19129999999995562,64,0,0,0,0,0,0,0,64,0,0,0,0,0,0,0,64,0,0,0,0,0,0,0,64,2556.78125,1399.7517860320806,174.96897325401008,2207.1336570632857,2906.4288429367143,978,9818,64,0.9525295569322056,0.020402294022018125,0.0025502867527522656,0.9474332155191273,0.957625898345284,0.9008179959100204,0.9899164799348136,64,25.860847850536512,14.094804290814785,1.7618505363518482,22.340070493882713,29.38162520719031,10.082474226804123,99.17171717171718,64,0,0,0,0,0,0,0,64,0.22900390625,0.011037577157103273,0.0013796971446379091,0.22624680150946996,0.23176101099053004,0.203125,0.25,0,0,0,0.05662405979280534,64,0,1,0
atlas,6,16,2,periodic,64,64,0.8671874999999999,0.017607380306844094,0.0022009225383555118,0.8627893072606564,0.8715856927393434,0.8359375,0.9140625,64,1,0,0,1,1,1,1,64,1,0,0,1,1,1,1,64,110.99999999999999,2.253744679276044,0.2817180849095055,110.43703132936402,111.56296867063595,107,117,64,110.99999999999999,2.253744679276044,0.2817180849095055,110.43703132936402,111.56296867063595,107,117,64,0,0,0,0,0,0,0,64,1019.9374999999999,274.4322783435385,34.30403479294231,951.3863565012214,1088.4886434987784,612,1862,64,908.9375,274.45888320735503,34.30736040091938,840.3797108039724,977.4952891960276,505,1752,64,0.07152187499999998,0.1023592994336885,0.012794912429211063,0.04595328275470507,0.09709046724529491,0.03699999999999193,0.8436999999999983,64,0,0,0,0,0,0,0,64,4.390624999999998,2.1793925722840717,0.27242407153550896,3.8462289330920223,4.935021066907974,0,9,64,1019.9374999999999,274.4322783435385,34.30403479294231,951.3863565012214,1088.4886434987784,612,1862,64,0,0,0,0,0,0,0,64,0.883610020086232,0.029795068038128036,0.0037243835047660045,0.8761674335327626,0.8910526066397014,0.8206349206349206,0.9409237379162191,64,9.192561694054643,2.4920816208694228,0.31151020260867784,8.570058226772874,9.815065161336411,5.575221238938053,16.927272727272726,64,1,0,0,1,1,1,1,64,0.1328125,0.017607380306844094,0.0022009225383555118,0.12841430726065653,0.13721069273934347,0.0859375,0.1640625,62,0.96875,0.8930270822904169,0.9913878616538281,2,0,1,0
atlas,6,16,3,periodic,64,64,0.8239746093749998,0.02178663193782362,0.0027233289922279527,0.8185324706392085,0.829416748110791,0.7734375,0.87890625,64,1,0,0,1,1,1,1,64,1,0,0,1,1,1,1,64,70.31249999999997,1.859125925360948,0.2323907406701185,69.84810416121245,70.7768958387875,66,75,64,70.31249999999997,1.859125925360948,0.2323907406701185,69.84810416121245,70.7768958387875,66,75,64,0,0,0,0,0,0,0,64,902.2656249999998,386.02492896667985,48.25311612083498,805.8394667527745,998.6917832472251,281,2647,64,831.953125,385.80023738287474,48.22502967285934,735.5830930404597,928.3231569595403,211,2577,64,0.039234374999996824,0.024660998182337853,0.0030826247727922316,0.03307424093914734,0.04539450906084631,0.028700000000014825,0.17099999999999227,64,0,0,0,0,0,0,0,64,1.2343749999999996,1.3886408508676433,0.17358010635845542,0.8875028360888371,1.581247163911162,0,7,64,902.2656249999998,386.02492896667985,48.25311612083498,805.8394667527745,998.6917832472251,281,2647,64,0,0,0,0,0,0,0,64,0.9098507701647495,0.0352430238203424,0.0044053779775428,0.9010473247470977,0.9186542155824012,0.7508896797153025,0.9735549678881753,64,12.823242534708154,5.474170408091931,0.6842713010114914,11.455835451813481,14.190649617602826,4.014285714285714,37.81428571428572,64,1,0,0,1,1,1,1,64,0.17602539062499994,0.02178663193782362,0.0027233289922279527,0.1705832518892087,0.1814675293607912,0.12109375,0.2265625,40,0.625,0.502503786840045,0.7333401982117536,24,0,1,0
atlas,6,16,4,periodic,64,64,0.8037109375000001,0.028373980603673132,0.0035467475754591415,0.796623328025873,0.8107985469741272,0.75,0.890625,64,1,0,0,1,1,1,1,64,1,0,0,1,1,1,1,64,51.43750000000001,1.8159347586350805,0.22699184482938506,50.98389299365587,51.89110700634414,48,57,64,51.43750000000001,1.8159347586350805,0.22699184482938506,50.98389299365587,51.89110700634414,48,57,64,0,0,0,0,0,0,0,64,625.984375,321.86956306087717,40.233695382609646,545.5837503415019,706.3849996584981,213,1598,64,574.5468750000002,321.16750955915296,40.14593869489412,494.32161808844137,654.7721319115591,163,1546,64,0.028621875000006902,0.01596354446806676,0.001995443058508345,0.024634300235898104,0.0326094497641157,0.021600000000034925,0.1297999999999888,64,0,0,0,0,0,0,0,64,0.37500000000000006,0.9511897312113418,0.11889871640141772,0.1373998745613721,0.612600125438628,0,5,64,625.984375,321.86956306087717,40.233695382609646,545.5837503415019,706.3849996584981,213,1598,64,0,0,0,0,0,0,0,64,0.8966088348841584,0.04823974775726881,0.006029968469658601,0.884558904421118,0.9086587653471989,0.7652582159624414,0.967459324155194,64,12.098770650267697,6.076537479816761,0.7595671849770951,10.580896749759622,13.616644550775773,4.26,30.73076923076923,64,1,0,0,1,1,1,1,64,0.1962890625,0.02837398060367313,0.003546747575459141,0.18920145302587288,0.20337667197412712,0.109375,0.25,13,0.203125,0.12273417819183653,0.3171363573101416,51,0,1,0
atlas,6,16,8,periodic,64,64,1,0,0,1,1,1,1,64,1,0,0,1,1,1,1,64,1,0,0,1,1,1,1,64,32,0,0,32,32,32,32,64,32,0,0,32,32,32,32,64,0,0,0,0,0,0,0,64,857.5624999999999,304.1362411397286,38.017030142466076,781.5915273600772,933.5334726399226,410,1855,64,825.5624999999999,304.1362411397286,38.017030142466076,749.5915273600772,901.5334726399226,378,1823,64,0.024068749999996083,0.001850428950691444,0.0002313036188364305,0.023606526600843482,0.024530973399148684,0.0221000000000231,0.030699999999910688,64,0,0,0,0,0,0,0,64,0,0,0,0,0,0,0,64,857.5624999999999,304.1362411397286,38.017030142466076,781.5915273600772,933.5334726399226,410,1855,64,0,0,0,0,0,0,0,64,0.9582952494268604,0.013821648101093613,0.0017277060126367017,0.9548427044562516,0.9617477943974692,0.9219512195121952,0.9827493261455525,64,26.798828124999996,9.504257535616519,1.1880321919520649,24.424735230002412,29.17292101999758,12.8125,57.96875,64,1,0,0,1,1,1,1,64,0,0,0,0,0,0,0,0,0,0,0.05662405979280534,64,0,1,0
atlas,6,32,2,periodic,64,64,0.8641052246093751,0.009866202600899383,0.001233275325112423,0.8616407205271125,0.8665697286916377,0.841796875,0.892578125,64,1,0,0,1,1,1,1,64,1,0,0,1,1,1,1,64,442.42187500000006,5.051495731660484,0.6314369664575605,441.1600489098816,443.6837010901185,431,457,64,442.42187500000006,5.051495731660484,0.6314369664575605,441.1600489098816,443.6837010901185,431,457,64,0,0,0,0,0,0,0,64,5729.078125000001,1305.6916588863226,163.21145736079032,5402.926052752039,6055.230197247963,3867,9845,64,5286.65625,1306.4000726429815,163.3000090803727,4960.327221260687,5612.985278739313,3431,9403,64,0.155270312499999,0.02812754216905085,0.0035159427711313565,0.1482442615152645,0.1622963634847335,0.1333999999999378,0.25940000000002783,64,0,0,0,0,0,0,0,64,19.656249999999996,4.765013865966933,0.5956267332458667,18.4659849507456,20.846515049254393,9,29,64,5729.078125000001,1305.6916588863226,163.21145736079032,5402.926052752039,6055.230197247963,3867,9845,64,0,0,0,0,0,0,0,64,0.9189758389147019,0.017434619500804063,0.002179327437600508,0.914620800540717,0.9233308772886868,0.8872510990431859,0.9551041137633316,64,12.95556316302954,2.982922426962059,0.37286530337025736,12.210451310405462,13.700675015653617,8.869266055045872,22.273755656108598,64,1,0,0,1,1,1,1,64,0.135894775390625,0.00986620260089939,0.0012332753251124238,0.1334302713083624,0.1383592794728876,0.107421875,0.158203125,64,1,0.9433759402071946,1,0,0,1,0
atlas,6,32,3,periodic,64,64,0.8231048583984376,0.01072860453522355,0.0013410755669029438,0.8204249327225115,0.8257847840743637,0.802734375,0.84375,64,1,0,0,1,1,1,1,64,1,0,0,1,1,1,1,64,280.953125,3.6620303480229723,0.45775379350287154,280.03837703595053,281.86787296404947,274,288,64,280.953125,3.6620303480229723,0.45775379350287154,280.03837703595053,281.86787296404947,274,288,64,0,0,0,0,0,0,0,64,4692.796875,1110.5044353546998,138.81305441933748,4415.401120522701,4970.192629477299,3021,8660,64,4411.843749999999,1110.704941585255,138.83811769815688,4134.397910556507,4689.289589443491,2734,8382,64,0.10870468749998352,0.02035470718686177,0.002544338398357721,0.10362023292465301,0.11378914207531403,0.09329999999999927,0.17319999999995161,64,0,0,0,0,0,0,0,64,5.218749999999999,2.7340809082209714,0.3417601135276214,4.535796909321265,5.901703090678733,0,13,64,4692.796875,1110.5044353546998,138.81305441933748,4415.401120522701,4970.192629477299,3021,8660,64,0,0,0,0,0,0,0,64,0.9370415305304018,0.01388693509512154,0.0017358668868901926,0.9335726773539099,0.9405103837068938,0.9049983449189011,0.9678983833718244,64,16.708632348432634,3.989334511530151,0.4986668139412689,15.712126236924153,17.705138459941114,10.526132404181185,31.151079136690647,64,1,0,0,1,1,1,1,64,0.17689514160156253,0.010728604535223561,0.0013410755669029451,0.1742152159256364,0.17957506727748865,0.15625,0.197265625,63,0.984375,0.9166589839990573,0.9972364580766624,1,0,1,0
atlas,6,32,4,periodic,64,64,0.8037109375000001,0.012927492822837843,0.0016159366028547304,0.8004817458723723,0.8069401291276279,0.77734375,0.828125,64,1,0,0,1,1,1,1,64,1,0,0,1,1,1,1,64,205.75000000000003,3.309438162646488,0.413679770330811,204.9233269433273,206.57667305667275,199,212,64,205.75000000000003,3.309438162646488,0.413679770330811,204.9233269433273,206.57667305667275,199,212,64,0,0,0,0,0,0,0,64,3707.078124999999,1131.3176655856967,141.41470819821208,3424.4833802987728,3989.6728697012254,1844,7085,64,3501.328125,1130.8507831715037,141.35634789643797,3218.8500040558824,3783.8062459441176,1636,6877,64,0.14759843750007207,0.04342356719563944,0.00542794589945493,0.1367515531465821,0.15844532185356203,0.1000000000003638,0.3319000000001324,64,0,0,0,0,0,0,0,64,1.59375,1.64961515473463,0.20620189434182876,1.1816883945921468,2.005811605407853,0,7,64,3707.078124999999,1131.3176655856967,141.41470819821208,3424.4833802987728,3989.6728697012254,1844,7085,64,0,0,0,0,0,0,0,64,0.9396525214406479,0.01725577422007858,0.0021569717775098223,0.9353421572885771,0.9439628855927188,0.8872017353579176,0.9706422018348624,64,18.00958732479858,5.466969110014899,0.6833711387518624,16.64397907264217,19.37519557695499,8.865384615384615,34.0625,64,1,0,0,1,1,1,1,64,0.19628906249999994,0.012927492822837843,0.0016159366028547304,0.1930598708723721,0.19951825412762778,0.171875,0.22265625,43,0.671875,0.549991058490915,0.7742944209553081,21,0,1,0
atlas,6,32,8,periodic,64,64,0.7708740234374999,0.013993069306428858,0.0017491336633036073,0.7673786587238325,0.7743693881511673,0.75,0.8125,64,1,0,0,1,1,1,1,64,1,0,0,1,1,1,1,64,98.67187499999999,1.7911128712228939,0.22388910890286173,98.22446831665056,99.11928168334941,96,104,64,98.67187499999999,1.7911128712228939,0.22388910890286173,98.22446831665056,99.11928168334941,96,104,64,0,0,0,0,0,0,0,64,2390.0156250000005,1024.7743923945113,128.09679904931392,2134.034598092625,2645.996651907376,894,5481,64,2291.343750000001,1023.9705665839027,127.99632082298784,2035.5635128059334,2547.1239871940684,798,5380,64,0.09480468750000881,0.04206097021911646,0.005257621277389557,0.08429816974418161,0.10531120525583601,0.07110000000011496,0.32979999999997744,64,0,0,0,0,0,0,0,64,0,0,0,0,0,0,0,64,2390.0156250000005,1024.7743923945113,128.09679904931392,2134.034598092625,2645.996651907376,894,5481,64,0,0,0,0,0,0,0,64,0.950629463350797,0.021580374211019646,0.0026975467763774557,0.9452388462622159,0.9560200804393781,0.8926174496644296,0.9815727057106367,64,24.146251682345905,10.204319528489904,1.275539941061238,21.597288504518726,26.695214860173085,9.3125,54.26732673267327,64,1,0,0,1,1,1,1,64,0.22912597656249997,0.01399306930642886,0.0017491336633036075,0.22563061184883257,0.23262134127616738,0.1875,0.25,0,0,0,0.05662405979280534,64,0,1,0
atlas,60,16,2,periodic,64,64,0.8677978515625001,0.017624137172774137,0.002203017146596767,0.8633954730825875,0.8722002300424128,0.828125,0.9140625,64,-1,0,0,-1,-1,-1,-1,64,1,0,0,1,1,1,1,64,111.07812500000001,2.2558895581150895,0.2819861947643862,110.5146205545712,111.64162944542883,106,117,64,0,0,0,0,0,0,0,64,111.07812500000001,2.2558895581150895,0.2819861947643862,110.5146205545712,111.64162944542883,106,117,64,1066.6874999999993,302.653339070947,37.83166738386838,991.0869452756558,1142.2880547243428,525,1870,64,955.6093749999998,302.6376961794573,37.82971202243216,880.0127277536895,1031.2060222463099,415,1753,64,0.0399593750000058,0.013424683718310564,0.0016780854647888204,0.03660598878190355,0.04331276121810805,0.032700000000033924,0.08590000000003783,64,5.031249999999999,2.3160499350375203,0.28950624187969004,4.452717939539,5.609782060460998,2,11,64,0,0,0,0,0,0,0,64,0,0,0,0,0,0,0,64,1066.6874999999993,302.653339070947,37.83166738386838,991.0869452756558,1142.2880547243428,525,1870,64,0.8873291153783605,0.03216301562597548,0.004020376953246935,0.8792950331164712,0.8953631976402497,0.7904761904761904,0.9374331550802139,64,9.60677064071394,2.7445586751597943,0.3430698343949743,8.921200281726588,10.292340999701292,4.7727272727272725,15.982905982905983,64,0,0,0,0,0,0,0,64,0.13220214843749997,0.017624137172774144,0.002203017146596768,0.1277997699575873,0.13660452691741265,0.0859375,0.171875,64,1,0.9433759402071946,1,0,0,1,0
atlas,60,16,3,periodic,64,64,0.8221435546875004,0.024987680942215918,0.0031234601177769898,0.8159018177012001,0.8283852916738008,0.7734375,0.87890625,64,-1,0,0,-1,-1,-1,-1,64,1,0,0,1,1,1,1,64,70.15624999999999,2.132282107069087,0.26653526338363587,69.62362177716902,70.68887822283095,66,75,64,0,0,0,0,0,0,0,64,70.15624999999999,2.132282107069087,0.26653526338363587,69.62362177716902,70.68887822283095,66,75,64,958.265625,406.225179644715,50.77814745558938,856.7935942653997,1059.7376557346004,286,2289,64,888.1093749999995,405.89095091871457,50.73636886483932,786.7208321171045,989.4979178828946,218,2220,64,0.04300625000000213,0.02940146241369411,0.0036751828017117637,0.03566198320616658,0.05035051679383769,0.0261000000000422,0.22400000000004638,64,1.6093749999999998,1.5997736695079063,0.1999717086884883,1.2097634271706479,2.0089865728293517,0,6,64,0,0,0,0,0,0,0,64,0,0,0,0,0,0,0,64,958.265625,406.225179644715,50.77814745558938,856.7935942653997,1059.7376557346004,286,2289,64,0.9132712065657275,0.03889852605135541,0.004862315756419426,0.9035546438591372,0.9229877692723177,0.7622377622377622,0.9698558322411533,64,13.64286336573253,5.772732874159066,0.7215916092698833,12.200877597785743,15.084849133679318,4.205882352941177,33.17391304347826,64,0,0,0,0,0,0,0,64,0.17785644531250003,0.024987680942215856,0.003123460117776982,0.1716147083261997,0.18409818229880034,0.12109375,0.2265625,46,0.71875,0.5986606971779259,0.8140662766627217,18,0,1,0
atlas,60,16,4,periodic,64,64,0.802001953125,0.028398511273539036,0.0035498139091923796,0.7949082160718568,0.8090956901781432,0.75,0.859375,64,-1,0,0,-1,-1,-1,-1,64,1,0,0,1,1,1,1,64,51.328125,1.8175047215064983,0.2271880901883123,50.874125828598835,51.782124171401165,48,55,64,0,0,0,0,0,0,0,64,51.328125,1.8175047215064983,0.2271880901883123,50.874125828598835,51.782124171401165,48,55,64,652.9843749999999,352.39081353842045,44.048851692302556,564.9597688117886,741.0089811882111,246,2115,64,601.65625,351.8951511752257,43.98689389690321,513.7554565862605,689.5570434137395,197,2066,64,0.02479843750000477,0.010160919408905476,0.0012701149261131845,0.022260315349492067,0.027336559650517473,0.020899999999983265,0.10290000000009059,64,0.46875,1.0230478894592296,0.1278809861824037,0.21320024069416893,0.7242997593058311,0,5,64,0,0,0,0,0,0,0,64,0,0,0,0,0,0,0,64,652.9843749999999,352.39081353842045,44.048851692302556,564.9597688117886,741.0089811882111,246,2115,64,0.9011344878429778,0.04462237386173932,0.005577796732717415,0.8899881504940489,0.9122808251919067,0.8008130081300813,0.9768321513002364,64,12.673504155084547,6.789724611042129,0.8487155763802662,10.97748140973501,14.369526900434085,5.020408163265306,43.16326530612245,64,0,0,0,0,0,0,0,64,0.19799804687500003,0.02839851127353903,0.0035498139091923787,0.19090430982185688,0.20509178392814317,0.140625,0.25,17,0.265625,0.17296379074222612,0.38482873728565137,47,0,1,0
atlas,60,16,8,periodic,64,64,1,0,0,1,1,1,1,64,-1,0,0,-1,-1,-1,-1,64,1,0,0,1,1,1,1,64,32,0,0,32,32,32,32,64,0,0,0,0,0,0,0,64,32,0,0,32,32,32,32,64,865.2499999999998,300.19676087209075,37.524595109011344,790.2630802519872,940.2369197480124,412,1859,64,833.2499999999998,300.19676087209075,37.524595109011344,758.2630802519872,908.2369197480124,380,1827,64,0.024199999999996894,0.007905533525171097,0.0009881916906463871,0.02222525648079611,0.026174743519197678,0.021999999999934516,0.08580000000006294,64,0,0,0,0,0,0,0,64,0,0,0,0,0,0,0,64,0,0,0,0,0,0,0,64,865.2499999999998,300.19676087209075,37.524595109011344,790.2630802519872,940.2369197480124,412,1859,64,0.9588260816862341,0.013414051037803656,0.001676756379725457,0.9554753514326983,0.9621768119397698,0.9223300970873787,0.9827864443249059,64,27.039062499999993,9.381148777252836,1.1726435971566045,24.6957212578746,29.382403742125387,12.875,58.09375,64,0,0,0,0,0,0,0,64,0,0,0,0,0,0,0,0,0,0,0.05662405979280534,64,0,1,0
atlas,60,32,2,periodic,64,64,0.8656005859374999,0.007339961173819138,0.0009174951467273922,0.8637671181882285,0.8674340536867713,0.8515625,0.8828125,64,-1,0,0,-1,-1,-1,-1,64,1,0,0,1,1,1,1,64,443.18749999999994,3.7580601209953985,0.4697575151244248,442.248764512373,444.1262354876269,436,452,64,0,0,0,0,0,0,0,64,443.18749999999994,3.7580601209953985,0.4697575151244248,442.248764512373,444.1262354876269,436,452,64,5859.1875,1323.4890981255353,165.4361372656919,5528.589759703943,6189.785240296057,3390,9382,64,5416,1323.6851157712263,165.46063947140328,5085.353295952888,5746.646704047112,2947,8935,64,0.1775984374999986,0.043058194257983,0.005382274282247875,0.16684282059081598,0.1883540544091812,0.13089999999988322,0.35019999999985885,64,18.781249999999996,4.935999118880323,0.6169998898600404,17.548274105361852,20.01422589463814,8,30,64,0,0,0,0,0,0,0,64,0,0,0,0,0,0,0,64,5859.1875,1323.4890981255353,165.4361372656919,5528.589759703943,6189.785240296057,3390,9382,64,0.9206327495273285,0.01737556420924185,0.002171945526155231,0.916292462726266,0.9249730363283911,0.8693215339233038,0.95235557450437,64,13.222818488258532,2.9897832739109993,0.3737229092388749,12.475992847057693,13.969644129459372,7.652370203160271,20.988814317673377,64,0,0,0,0,0,0,0,64,0.13439941406249994,0.007339961173819116,0.0009174951467273895,0.1325659463132286,0.1362328818117713,0.1171875,0.1484375,64,1,0.9433759402071946,1,0,0,1,0
atlas,60,32,3,periodic,64,64,0.8238830566406252,0.011152482402933133,0.0013940603003666416,0.8210972494236839,0.8266688638575665,0.802734375,0.849609375,64,-1,0,0,-1,-1,-1,-1,64,1,0,0,1,1,1,1,64,281.21874999999994,3.80671399353451,0.47583924919181375,280.26786113661734,282.16963886338254,274,290,64,0,0,0,0,0,0,0,64,281.21874999999994,3.80671399353451,0.47583924919181375,280.26786113661734,282.16963886338254,274,290,64,4578.531250000002,1182.0187462423153,147.7523432802894,4283.271752170558,4873.7907478294455,2340,8397,64,4297.312499999999,1181.9561117063522,147.74451396329403,4002.068647812128,4592.55635218787,2054,8112,64,0.15732499999997882,0.03825148612116062,0.004781435765145077,0.14777006305903076,0.16687993694092687,0.10889999999972133,0.34920000000010987,64,5.125000000000002,3.1547394428670255,0.3943424303583782,4.336969533778696,5.913030466221308,0,15,64,0,0,0,0,0,0,0,64,0,0,0,0,0,0,0,64,4578.531250000002,1182.0187462423153,147.7523432802894,4283.271752170558,4873.7907478294455,2340,8397,64,0.9345397051280211,0.01713840348150465,0.002142300435188081,0.930258659314125,0.9388207509419172,0.8777777777777778,0.9660593068953197,64,16.28298623166756,4.17845449938654,0.5223068124233174,15.239239352767274,17.326733110567847,8.181818181818182,29.46315789473684,64,0,0,0,0,0,0,0,64,0.17611694335937497,0.011152482402933124,0.0013940603003666405,0.17333113614243367,0.17890275057631627,0.150390625,0.197265625,63,0.984375,0.9166589839990573,0.9972364580766624,1,0,1,0
atlas,60,32,4,periodic,64,64,0.80316162109375,0.0134889295377134,0.001686116192214175,0.7997921867474478,0.8065310554400522,0.7734375,0.83984375,64,-1,0,0,-1,-1,-1,-1,64,1,0,0,1,1,1,1,64,205.609375,3.4531659616546304,0.4316457452068288,204.74679980734663,206.47195019265337,198,215,64,0,0,0,0,0,0,0,64,205.609375,3.4531659616546304,0.4316457452068288,204.74679980734663,206.47195019265337,198,215,64,3787.71875,1196.9925205472389,149.62406506840486,3488.718914637046,4086.718585362954,1497,7620,64,3582.1093749999995,1196.1232234285064,149.5154029285633,3283.3266835965283,3880.892066403471,1296,7413,64,0.11944531249998393,0.04547978420496537,0.005684973025620672,0.10808480041974938,0.13080582458021847,0.09049999999979264,0.3039000000003398,64,1.7031249999999996,1.7966431441167128,0.2245803930145891,1.254336895583706,2.1519131044162934,0,8,64,0,0,0,0,0,0,0,64,0,0,0,0,0,0,0,64,3787.71875,1196.9925205472389,149.62406506840486,3488.718914637046,4086.718585362954,1497,7620,64,0.94039475524201,0.018845173210667105,0.002355646651333388,0.9356873710347973,0.9451021394492227,0.8657314629258517,0.9728346456692913,64,18.402399854359718,5.760411663973707,0.7200514579967133,16.96349183314372,19.841307875575716,7.447761194029851,36.81159420289855,64,0,0,0,0,0,0,0,64,0.19683837890625006,0.013488929537713404,0.0016861161922141754,0.1934689445599478,0.20020781325255232,0.16015625,0.2265625,45,0.703125,0.5822979889645707,0.8009484867446022,19,0,1,0
atlas,60,32,8,periodic,64,64,0.77099609375,0.011037577157103271,0.001379697144637909,0.76823898900947,0.77375319849053,0.75,0.796875,64,-1,0,0,-1,-1,-1,-1,64,1,0,0,1,1,1,1,64,98.6875,1.4128098761092187,0.17660123451365234,98.33459059321216,99.04040940678784,96,102,64,0,0,0,0,0,0,0,64,98.6875,1.4128098761092187,0.17660123451365234,98.33459059321216,99.04040940678784,96,102,64,2556.0468750000005,1400.5952751426744,175.0744093928343,2206.188584752427,2905.905165247574,980,9820,64,2457.3593749999995,1400.2297472165342,175.02871840206677,2107.5923909117046,2807.1263590882945,883,9721,64,0.0801937499999852,0.014886009997716013,0.0018607512497145016,0.0764753353381346,0.0839121646618358,0.07240000000001601,0.18160000000034415,64,0,0,0,0,0,0,0,64,0,0,0,0,0,0,0,64,0,0,0,0,0,0,0,64,2556.0468750000005,1400.5952751426744,175.0744093928343,2206.188584752427,2905.905165247574,980,9820,64,0.9524816669598664,0.020470624996421518,0.0025588281245526897,0.9473682569772304,0.9575950769425023,0.9010204081632653,0.989918533604888,64,25.853284658374363,14.103403231807032,1.762925403975879,22.330359350169623,29.376209966579104,10.103092783505154,99.1919191919192,64,0,0,0,0,0,0,0,64,0.22900390625,0.011037577157103273,0.0013796971446379091,0.22624680150946996,0.23176101099053004,0.203125,0.25,0,0,0,0.05662405979280534,64,0,1,0
atlas,61,16,2,periodic,64,64,0.8666992187499999,0.018035482536720254,0.0022544353170900317,0.8621940892553683,0.8712043482446314,0.828125,0.8984375,64,-1,0,0,-1,-1,-1,-1,64,1,0,0,1,1,1,1,64,110.93749999999999,2.3085417647001925,0.28856772058752406,110.36084342468715,111.51415657531282,106,115,64,0,0,0,0,0,0,0,64,110.93749999999999,2.3085417647001925,0.28856772058752406,110.36084342468715,111.51415657531282,106,115,64,1063.2968749999998,356.16019579599913,44.52002447449989,974.3307051385913,1152.2630448614082,571,2155,64,952.359375,356.0114750775665,44.50143438469581,863.4303544687361,1041.2883955312639,464,2045,64,0.043185937500001444,0.027981001872234228,0.0034976252340292785,0.03619649119229717,0.05017538380770572,0.03190000000000737,0.2366000000000099,64,4.656250000000001,2.444421897442913,0.30555273718036413,4.045651577414297,5.266848422585705,1,13,64,0,0,0,0,0,0,0,64,0,0,0,0,0,0,0,64,1063.2968749999998,356.16019579599913,44.52002447449989,974.3307051385913,1152.2630448614082,571,2155,64,0.8851015657928332,0.03404760080942095,0.004255950101177619,0.8765967281587047,0.8936064034269616,0.8126094570928196,0.9489559164733179,64,9.584320747878461,3.2209669525756364,0.40262086907195455,8.779747141947043,10.38889435380988,5.336448598130841,19.59090909090909,64,0,0,0,0,0,0,0,64,0.13330078125,0.01803548253672025,0.0022544353170900313,0.1287956517553684,0.1378059107446316,0.1015625,0.171875,64,1,0.9433759402071946,1,0,0,1,0
atlas,61,16,3,periodic,64,64,0.8195800781249998,0.019008059520369557,0.0023760074400461947,0.8148320061282246,0.824328150121775,0.7734375,0.8671875,64,-1,0,0,-1,-1,-1,-1,64,1,0,0,1,1,1,1,64,69.93750000000001,1.6220210790715317,0.20275263488394146,69.53233118960853,70.3426688103915,66,74,64,0,0,0,0,0,0,0,64,69.93750000000001,1.6220210790715317,0.20275263488394146,69.53233118960853,70.3426688103915,66,74,64,781.3593749999999,301.6521894546396,37.70652368182995,706.0089000090809,856.7098499909189,325,1749,64,711.421875,301.48525482843814,37.68565685355477,636.1130990380171,786.7306509619829,255,1676,64,0.03984843749999811,0.019551007705017207,0.002443875963127151,0.03496474108198922,0.044732133918007004,0.0261000000000422,0.13599999999996726,64,1.546875,1.5728821740147396,0.19661027175184245,1.1539807228822743,1.9397692771177257,0,6,64,0,0,0,0,0,0,0,64,0,0,0,0,0,0,0,64,781.3593749999999,301.6521894546396,37.70652368182995,706.0089000090809,856.7098499909189,325,1749,64,0.897243009883688,0.0384775853182039,0.004809698164775488,0.8876315950437296,0.9068544247236464,0.7846153846153846,0.9582618639222413,64,11.168144545877556,4.283297314464632,0.535412164308079,10.09820871098195,12.238080380773162,4.642857142857143,23.958904109589042,64,0,0,0,0,0,0,0,64,0.180419921875,0.019008059520369526,0.0023760074400461908,0.1756718498782248,0.1851679938717752,0.1328125,0.2265625,43,0.671875,0.549991058490915,0.7742944209553081,21,0,1,0
atlas,61,16,4,periodic,64,64,0.798583984375,0.021941718602287615,0.002742714825285952,0.7931031061430585,0.8040648626069415,0.765625,0.859375,64,-1,0,0,-1,-1,-1,-1,64,1,0,0,1,1,1,1,64,51.109375,1.4042699905464073,0.17553374881830092,50.75859879315574,51.46015120684426,49,55,64,0,0,0,0,0,0,0,64,51.109375,1.4042699905464073,0.17553374881830092,50.75859879315574,51.46015120684426,49,55,64,709.765625,369.0385940236715,46.12982425295894,617.582526975956,801.948723024044,215,2176,64,658.6562499999998,368.97163906797493,46.12145488349687,566.489876826267,750.8226231737325,166,2127,64,0.025393750000004548,0.014460519595920268,0.0018075649494900335,0.021781619678199172,0.029005880321809924,0.020899999999983265,0.13649999999995543,64,0.4843750000000001,0.9426775021267204,0.11783468776584005,0.24890116612225002,0.7198488338777502,0,5,64,0,0,0,0,0,0,0,64,0,0,0,0,0,0,0,64,709.765625,369.0385940236715,46.12982425295894,617.582526975956,801.948723024044,215,2176,64,0.9103464524968998,0.04180662879836406,0.005225828599795508,0.8999034673376641,0.9207894376561355,0.772093023255814,0.9774816176470589,64,13.88761011654592,7.337193547704355,0.9171491934630444,12.054833699708526,15.720386533383314,4.387755102040816,44.40816326530612,64,0,0,0,0,0,0,0,64,0.20141601562500003,0.02194171860228761,0.0027427148252859514,0.19593513739305843,0.20689689385694163,0.140625,0.234375,19,0.296875,0.19905151325539794,0.41770201103542925,45,0,1,0
atlas,61,16,8,periodic,64,64,1,0,0,1,1,1,1,64,-1,0,0,-1,-1,-1,-1,64,1,0,0,1,1,1,1,64,32,0,0,32,32,32,32,64,0,0,0,0,0,0,0,64,32,0,0,32,32,32,32,64,810.9687499999999,250.89136134672452,31.361420168340565,748.2979526065775,873.6395473934223,340,1488,64,778.9687499999999,250.89136134672452,31.361420168340565,716.2979526065775,841.6395473934223,308,1456,64,0.024490624999993212,0.008994331879155555,0.0011242914848944444,0.022243907744117806,0.02673734225586862,0.021700000000009823,0.09379999999998745,64,0,0,0,0,0,0,0,64,0,0,0,0,0,0,0,64,0,0,0,0,0,0,0,64,810.9687499999999,250.89136134672452,31.361420168340565,748.2979526065775,873.6395473934223,340,1488,64,0.9564942200119745,0.014666585814676406,0.0018333232268345507,0.9528306158802461,0.9601578241437029,0.9058823529411765,0.978494623655914,64,25.342773437499996,7.840355042085141,0.9800443802606427,23.384311018955547,27.301235856044446,10.625,46.5,64,0,0,0,0,0,0,0,64,0,0,0,0,0,0,0,0,0,0,0.05662405979280534,64,0,1,0
atlas,61,32,2,periodic,64,64,0.8635559082031248,0.008182484095998662,0.0010228105119998328,0.8615119844896791,0.8655998319165704,0.84765625,0.880859375,64,-1,0,0,-1,-1,-1,-1,64,1,0,0,1,1,1,1,64,442.1406249999999,4.189431857151315,0.5236789821439144,441.0941360587157,443.18711394128405,434,451,64,0,0,0,0,0,0,0,64,442.1406249999999,4.189431857151315,0.5236789821439144,441.0941360587157,443.18711394128405,434,451,64,5772.578124999999,1425.3325850223825,178.16657312779782,5416.540638596735,6128.615611403263,3407,9550,64,5330.4375,1425.6469639686452,178.20587049608065,4974.321484072482,5686.553515927518,2969,9108,64,0.15033906249998802,0.03858937520189164,0.004823671900236455,0.1406997233779275,0.15997840162204854,0.12599999999997635,0.3442999999999756,64,19.21875,5.125314547064327,0.6406643183830408,17.93848451842876,20.49901548157124,10,33,64,0,0,0,0,0,0,0,64,0,0,0,0,0,0,0,64,5772.578124999999,1425.3325850223825,178.16657312779782,5416.540638596735,6128.615611403263,3407,9550,64,0.9187747040774951,0.01997299598724431,0.002496624498405539,0.9137855981228807,0.9237638100321094,0.8685897435897436,0.953810623556582,64,13.059324695868415,3.234075897563021,0.40425948719537763,12.25147657290725,13.86717281882958,7.609756097560975,21.65,64,0,0,0,0,0,0,0,64,0.13644409179687497,0.008182484095998655,0.001022810511999832,0.1344001680834293,0.13848801551032064,0.119140625,0.15234375,64,1,0.9433759402071946,1,0,0,1,0
atlas,61,32,3,periodic,64,64,0.8230590820312498,0.01127888921167287,0.0014098611514591088,0.8202416993329641,0.8258764647295355,0.791015625,0.8466796875,64,-1,0,0,-1,-1,-1,-1,64,1,0,0,1,1,1,1,64,280.93749999999994,3.8498608509176693,0.48123260636470866,279.97583337231845,281.89916662768144,270,289,64,0,0,0,0,0,0,0,64,280.93749999999994,3.8498608509176693,0.48123260636470866,279.97583337231845,281.89916662768144,270,289,64,4469.062499999998,1089.3492578395392,136.1686572299424,4196.951151636796,4741.173848363201,1865,7041,64,4188.125000000002,1088.7568343962046,136.09460429952557,3916.161634609943,4460.08836539006,1587,6756,64,0.17047968749999146,0.04218430528762634,0.005273038160953292,0.15994236156069952,0.1810170134392834,0.11799999999993815,0.378400000000056,64,5.6875,3.0230595245361753,0.3778824405670219,4.932362198708239,6.442637801291761,0,16,64,0,0,0,0,0,0,0,64,0,0,0,0,0,0,0,64,4469.062499999998,1089.3492578395392,136.1686572299424,4196.951151636796,4741.173848363201,1865,7041,64,0.9330254834664035,0.01854366866801078,0.0023179585835013477,0.9283934128531088,0.9376575540796981,0.8509383378016085,0.9595227950575203,64,15.90257480748165,3.8495967675550697,0.4811995959443837,14.940974145861393,16.86417546910191,6.7086330935251794,24.705263157894738,64,0,0,0,0,0,0,0,64,0.17694091796874997,0.011278889211672876,0.0014098611514591095,0.17412353527046426,0.1797583006670357,0.1533203125,0.208984375,63,0.984375,0.9166589839990573,0.9972364580766624,1,0,1,0
atlas,61,32,4,periodic,64,64,0.79925537109375,0.012520467561965181,0.0015650584452456477,0.7961278513512011,0.8023828908362989,0.76953125,0.83203125,64,-1,0,0,-1,-1,-1,-1,64,1,0,0,1,1,1,1,64,204.609375,3.2052396958630864,0.4006549619828858,203.8087299459075,205.4100200540925,197,213,64,0,0,0,0,0,0,0,64,204.609375,3.2052396958630864,0.4006549619828858,203.8087299459075,205.4100200540925,197,213,64,3891.28125,1224.9756650482152,153.1219581310269,3585.2914331166066,4197.271066883393,1756,7224,64,3686.671875,1224.695518423752,153.086939802969,3380.752036661296,3992.591713338704,1554,7024,64,0.11403750000000912,0.04028803241107393,0.005036004051384242,0.10397384893182932,0.12410115106818892,0.09020000000009532,0.30110000000013315,64,1.7187500000000004,1.838466838825307,0.22980835485316337,1.2595146474869328,2.177985352513068,0,10,64,0,0,0,0,0,0,0,64,0,0,0,0,0,0,0,64,3891.28125,1224.9756650482152,153.1219581310269,3585.2914331166066,4197.271066883393,1756,7224,64,0.9423067311652422,0.01788342241882002,0.0022354278023525025,0.9378395851579232,0.9467738771725612,0.8849658314350797,0.9723145071982281,64,19.014376044462026,5.9967211238147256,0.7495901404768407,17.516439676473343,20.512312412450708,8.693069306930694,36.12,64,0,0,0,0,0,0,0,64,0.20074462890625,0.012520467561965199,0.0015650584452456498,0.19761710916370115,0.20387214864879885,0.16796875,0.23046875,48,0.75,0.631837235413303,0.8398507346902941,16,0,1,0
atlas,61,32,8,periodic,64,64,0.7712402343750001,0.012793305980878694,0.0015991632476098367,0.7680445616231922,0.774435907126808,0.75,0.8046875,64,-1,0,0,-1,-1,-1,-1,64,1,0,0,1,1,1,1,64,98.71875000000001,1.6375431655524728,0.2046928956940591,98.3097038877686,99.12779611223142,96,103,64,0,0,0,0,0,0,0,64,98.71875000000001,1.6375431655524728,0.2046928956940591,98.3097038877686,99.12779611223142,96,103,64,2437.734374999999,1363.9182729575625,170.48978411969532,2097.0377273080044,2778.431022691994,703,7565,64,2339.0156250000005,1363.3377982484517,170.41722478105646,1998.4639755761464,2679.5672744238545,607,7464,64,0.08275624999999563,0.021737524245367904,0.002717190530670988,0.07732637800080237,0.08818612199918889,0.06869999999980791,0.1777999999999338,64,0,0,0,0,0,0,0,64,0,0,0,0,0,0,0,64,0,0,0,0,0,0,0,64,2437.734374999999,1363.9182729575625,170.48978411969532,2097.0377273080044,2778.431022691994,703,7565,64,0.9481221271147152,0.025207754735725233,0.003150969341965654,0.9418254173304254,0.9544188368990051,0.8634423897581792,0.9866490416391276,64,24.62084341948176,13.642634476041735,1.7053293095052169,21.213014721948596,28.02867211701492,7.322916666666667,74.9009900990099,64,0,0,0,0,0,0,0,64,0.22875976562500006,0.01279330598087871,0.0015991632476098387,0.22556409287319218,0.23195543837680793,0.1953125,0.25,0,0,0,0.05662405979280534,64,0,1,0
atlas,62,16,2,periodic,64,64,0.8677978515625001,0.017624137172774137,0.002203017146596767,0.8633954730825875,0.8722002300424128,0.828125,0.9140625,64,-1,0,0,-1,-1,-1,-1,64,1,0,0,1,1,1,1,64,111.07812500000001,2.2558895581150895,0.2819861947643862,110.5146205545712,111.64162944542883,106,117,64,0,0,0,0,0,0,0,64,111.07812500000001,2.2558895581150895,0.2819861947643862,110.5146205545712,111.64162944542883,106,117,64,1066.6874999999993,302.653339070947,37.83166738386838,991.0869452756558,1142.2880547243428,525,1870,64,955.6093749999998,302.6376961794573,37.82971202243216,880.0127277536895,1031.2060222463099,415,1753,64,0.045395312499997516,0.027871647024122724,0.0034839558780153405,0.038433182220606044,0.05235744277938899,0.0332000000000221,0.21739999999999782,64,5.031249999999999,2.3160499350375203,0.28950624187969004,4.452717939539,5.609782060460998,2,11,64,0,0,0,0,0,0,0,64,0,0,0,0,0,0,0,64,1066.6874999999993,302.653339070947,37.83166738386838,991.0869452756558,1142.2880547243428,525,1870,64,0.8873291153783605,0.03216301562597548,0.004020376953246935,0.8792950331164712,0.8953631976402497,0.7904761904761904,0.9374331550802139,64,9.60677064071394,2.7445586751597943,0.3430698343949743,8.921200281726588,10.292340999701292,4.7727272727272725,15.982905982905983,64,0,0,0,0,0,0,0,64,0.13220214843749997,0.017624137172774144,0.002203017146596768,0.1277997699575873,0.13660452691741265,0.0859375,0.171875,64,1,0.9433759402071946,1,0,0,1,0
atlas,62,16,3,periodic,64,64,0.8221435546875004,0.024987680942215918,0.0031234601177769898,0.8159018177012001,0.8283852916738008,0.7734375,0.87890625,64,-1,0,0,-1,-1,-1,-1,64,1,0,0,1,1,1,1,64,70.15624999999999,2.132282107069087,0.26653526338363587,69.62362177716902,70.68887822283095,66,75,64,0,0,0,0,0,0,0,64,70.15624999999999,2.132282107069087,0.26653526338363587,69.62362177716902,70.68887822283095,66,75,64,958.265625,406.225179644715,50.77814745558938,856.7935942653997,1059.7376557346004,286,2289,64,888.1093749999995,405.89095091871457,50.73636886483932,786.7208321171045,989.4979178828946,218,2220,64,0.02947656250000641,0.009294387147119745,0.001161798393389968,0.027154893668259784,0.03179823133175304,0.025199999999983902,0.10090000000002419,64,1.6093749999999998,1.5997736695079063,0.1999717086884883,1.2097634271706479,2.0089865728293517,0,6,64,0,0,0,0,0,0,0,64,0,0,0,0,0,0,0,64,958.265625,406.225179644715,50.77814745558938,856.7935942653997,1059.7376557346004,286,2289,64,0.9132712065657275,0.03889852605135541,0.004862315756419426,0.9035546438591372,0.9229877692723177,0.7622377622377622,0.9698558322411533,64,13.64286336573253,5.772732874159066,0.7215916092698833,12.200877597785743,15.084849133679318,4.205882352941177,33.17391304347826,64,0,0,0,0,0,0,0,64,0.17785644531250003,0.024987680942215856,0.003123460117776982,0.1716147083261997,0.18409818229880034,0.12109375,0.2265625,46,0.71875,0.5986606971779259,0.8140662766627217,18,0,1,0
atlas,62,16,4,periodic,64,64,0.802001953125,0.028398511273539036,0.0035498139091923796,0.7949082160718568,0.8090956901781432,0.75,0.859375,64,-1,0,0,-1,-1,-1,-1,64,1,0,0,1,1,1,1,64,51.328125,1.8175047215064983,0.2271880901883123,50.874125828598835,51.782124171401165,48,55,64,0,0,0,0,0,0,0,64,51.328125,1.8175047215064983,0.2271880901883123,50.874125828598835,51.782124171401165,48,55,64,652.9843749999999,352.39081353842045,44.048851692302556,564.9597688117886,741.0089811882111,246,2115,64,601.65625,351.8951511752257,43.98689389690321,513.7554565862605,689.5570434137395,197,2066,64,0.026476562500000966,0.012242273134030592,0.001530284141753824,0.023418533657957753,0.02953459134204418,0.021600000000034925,0.09550000000001546,64,0.46875,1.0230478894592296,0.1278809861824037,0.21320024069416893,0.7242997593058311,0,5,64,0,0,0,0,0,0,0,64,0,0,0,0,0,0,0,64,652.9843749999999,352.39081353842045,44.048851692302556,564.9597688117886,741.0089811882111,246,2115,64,0.9011344878429778,0.04462237386173932,0.005577796732717415,0.8899881504940489,0.9122808251919067,0.8008130081300813,0.9768321513002364,64,12.673504155084547,6.789724611042129,0.8487155763802662,10.97748140973501,14.369526900434085,5.020408163265306,43.16326530612245,64,0,0,0,0,0,0,0,64,0.19799804687500003,0.02839851127353903,0.0035498139091923787,0.19090430982185688,0.20509178392814317,0.140625,0.25,17,0.265625,0.17296379074222612,0.38482873728565137,47,0,1,0
atlas,62,16,8,periodic,64,64,1,0,0,1,1,1,1,64,-1,0,0,-1,-1,-1,-1,64,1,0,0,1,1,1,1,64,32,0,0,32,32,32,32,64,0,0,0,0,0,0,0,64,32,0,0,32,32,32,32,64,865.2499999999998,300.19676087209075,37.524595109011344,790.2630802519872,940.2369197480124,412,1859,64,833.2499999999998,300.19676087209075,37.524595109011344,758.2630802519872,908.2369197480124,380,1827,64,0.024234375000009578,0.0035987748686870645,0.00044984685858588306,0.023335427784571816,0.02513332221544734,0.022000000000048203,0.04800000000000182,64,0,0,0,0,0,0,0,64,0,0,0,0,0,0,0,64,0,0,0,0,0,0,0,64,865.2499999999998,300.19676087209075,37.524595109011344,790.2630802519872,940.2369197480124,412,1859,64,0.9588260816862341,0.013414051037803656,0.001676756379725457,0.9554753514326983,0.9621768119397698,0.9223300970873787,0.9827864443249059,64,27.039062499999993,9.381148777252836,1.1726435971566045,24.6957212578746,29.382403742125387,12.875,58.09375,64,0,0,0,0,0,0,0,64,0,0,0,0,0,0,0,0,0,0,0.05662405979280534,64,0,1,0
atlas,62,32,2,periodic,64,64,0.8656005859374999,0.007339961173819138,0.0009174951467273922,0.8637671181882285,0.8674340536867713,0.8515625,0.8828125,64,-1,0,0,-1,-1,-1,-1,64,1,0,0,1,1,1,1,64,443.18749999999994,3.7580601209953985,0.4697575151244248,442.248764512373,444.1262354876269,436,452,64,0,0,0,0,0,0,0,64,443.18749999999994,3.7580601209953985,0.4697575151244248,442.248764512373,444.1262354876269,436,452,64,5859.1875,1323.4890981255353,165.4361372656919,5528.589759703943,6189.785240296057,3390,9382,64,5416,1323.6851157712263,165.46063947140328,5085.353295952888,5746.646704047112,2947,8935,64,0.15209843749999055,0.024400068255101173,0.0030500085318876467,0.1460034817956853,0.1581933932042958,0.1290999999998803,0.23659999999995307,64,18.781249999999996,4.935999118880323,0.6169998898600404,17.548274105361852,20.01422589463814,8,30,64,0,0,0,0,0,0,0,64,0,0,0,0,0,0,0,64,5859.1875,1323.4890981255353,165.4361372656919,5528.589759703943,6189.785240296057,3390,9382,64,0.9206327495273285,0.01737556420924185,0.002171945526155231,0.916292462726266,0.9249730363283911,0.8693215339233038,0.95235557450437,64,13.222818488258532,2.9897832739109993,0.3737229092388749,12.475992847057693,13.969644129459372,7.652370203160271,20.988814317673377,64,0,0,0,0,0,0,0,64,0.13439941406249994,0.007339961173819116,0.0009174951467273895,0.1325659463132286,0.1362328818117713,0.1171875,0.1484375,64,1,0.9433759402071946,1,0,0,1,0
atlas,62,32,3,periodic,64,64,0.8238830566406252,0.011152482402933133,0.0013940603003666416,0.8210972494236839,0.8266688638575665,0.802734375,0.849609375,64,-1,0,0,-1,-1,-1,-1,64,1,0,0,1,1,1,1,64,281.21874999999994,3.80671399353451,0.47583924919181375,280.26786113661734,282.16963886338254,274,290,64,0,0,0,0,0,0,0,64,281.21874999999994,3.80671399353451,0.47583924919181375,280.26786113661734,282.16963886338254,274,290,64,4578.531250000002,1182.0187462423153,147.7523432802894,4283.271752170558,4873.7907478294455,2340,8397,64,4297.312499999999,1181.9561117063522,147.74451396329403,4002.068647812128,4592.55635218787,2054,8112,64,0.11962031249999683,0.025894138453544532,0.0032367673066930665,0.11315214916432643,0.12608847583566724,0.10280000000011569,0.2399000000000342,64,5.125000000000002,3.1547394428670255,0.3943424303583782,4.336969533778696,5.913030466221308,0,15,64,0,0,0,0,0,0,0,64,0,0,0,0,0,0,0,64,4578.531250000002,1182.0187462423153,147.7523432802894,4283.271752170558,4873.7907478294455,2340,8397,64,0.9345397051280211,0.01713840348150465,0.002142300435188081,0.930258659314125,0.9388207509419172,0.8777777777777778,0.9660593068953197,64,16.28298623166756,4.17845449938654,0.5223068124233174,15.239239352767274,17.326733110567847,8.181818181818182,29.46315789473684,64,0,0,0,0,0,0,0,64,0.17611694335937497,0.011152482402933124,0.0013940603003666405,0.17333113614243367,0.17890275057631627,0.150390625,0.197265625,63,0.984375,0.9166589839990573,0.9972364580766624,1,0,1,0
atlas,62,32,4,periodic,64,64,0.80316162109375,0.0134889295377134,0.001686116192214175,0.7997921867474478,0.8065310554400522,0.7734375,0.83984375,64,-1,0,0,-1,-1,-1,-1,64,1,0,0,1,1,1,1,64,205.609375,3.4531659616546304,0.4316457452068288,204.74679980734663,206.47195019265337,198,215,64,0,0,0,0,0,0,0,64,205.609375,3.4531659616546304,0.4316457452068288,204.74679980734663,206.47195019265337,198,215,64,3787.71875,1196.9925205472389,149.62406506840486,3488.718914637046,4086.718585362954,1497,7620,64,3582.1093749999995,1196.1232234285064,149.5154029285633,3283.3266835965283,3880.892066403471,1296,7413,64,0.10280312500002962,0.027396222475939654,0.0034245278094924567,0.09595975223933113,0.10964649776072811,0.08399999999983265,0.23009999999976571,64,1.7031249999999996,1.7966431441167128,0.2245803930145891,1.254336895583706,2.1519131044162934,0,8,64,0,0,0,0,0,0,0,64,0,0,0,0,0,0,0,64,3787.71875,1196.9925205472389,149.62406506840486,3488.718914637046,4086.718585362954,1497,7620,64,0.94039475524201,0.018845173210667105,0.002355646651333388,0.9356873710347973,0.9451021394492227,0.8657314629258517,0.9728346456692913,64,18.402399854359718,5.760411663973707,0.7200514579967133,16.96349183314372,19.841307875575716,7.447761194029851,36.81159420289855,64,0,0,0,0,0,0,0,64,0.19683837890625006,0.013488929537713404,0.0016861161922141754,0.1934689445599478,0.20020781325255232,0.16015625,0.2265625,45,0.703125,0.5822979889645707,0.8009484867446022,19,0,1,0
atlas,62,32,8,periodic,64,64,0.77099609375,0.011037577157103271,0.001379697144637909,0.76823898900947,0.77375319849053,0.75,0.796875,64,-1,0,0,-1,-1,-1,-1,64,1,0,0,1,1,1,1,64,98.6875,1.4128098761092187,0.17660123451365234,98.33459059321216,99.04040940678784,96,102,64,0,0,0,0,0,0,0,64,98.6875,1.4128098761092187,0.17660123451365234,98.33459059321216,99.04040940678784,96,102,64,2556.0468750000005,1400.5952751426744,175.0744093928343,2206.188584752427,2905.905165247574,980,9820,64,2457.3593749999995,1400.2297472165342,175.02871840206677,2107.5923909117046,2807.1263590882945,883,9721,64,0.09880781250001291,0.04109670092457076,0.005137087615571345,0.08854216204733553,0.1090734629526903,0.06919999999990978,0.2464999999997417,64,0,0,0,0,0,0,0,64,0,0,0,0,0,0,0,64,0,0,0,0,0,0,0,64,2556.0468750000005,1400.5952751426744,175.0744093928343,2206.188584752427,2905.905165247574,980,9820,64,0.9524816669598664,0.020470624996421518,0.0025588281245526897,0.9473682569772304,0.9575950769425023,0.9010204081632653,0.989918533604888,64,25.853284658374363,14.103403231807032,1.762925403975879,22.330359350169623,29.376209966579104,10.103092783505154,99.1919191919192,64,0,0,0,0,0,0,0,64,0.22900390625,0.011037577157103273,0.0013796971446379091,0.22624680150946996,0.23176101099053004,0.203125,0.25,0,0,0,0.05662405979280534,64,0,1,0
atlas,63,16,2,periodic,64,64,0.8677978515625001,0.017624137172774137,0.002203017146596767,0.8633954730825875,0.8722002300424128,0.828125,0.9140625,64,-1,0,0,-1,-1,-1,-1,64,1,0,0,1,1,1,1,64,111.07812500000001,2.2558895581150895,0.2819861947643862,110.5146205545712,111.64162944542883,106,117,64,0,0,0,0,0,0,0,64,111.07812500000001,2.2558895581150895,0.2819861947643862,110.5146205545712,111.64162944542883,106,117,64,1066.6874999999993,302.653339070947,37.83166738386838,991.0869452756558,1142.2880547243428,525,1870,64,955.6093749999998,302.6376961794573,37.82971202243216,880.0127277536895,1031.2060222463099,415,1753,64,0.04347031250000111,0.015423180654071429,0.0019278975817589286,0.039617716600544556,0.04732290839945766,0.035299999999949705,0.0957000000000221,64,5.031249999999999,2.3160499350375203,0.28950624187969004,4.452717939539,5.609782060460998,2,11,64,0,0,0,0,0,0,0,64,0,0,0,0,0,0,0,64,1066.6874999999993,302.653339070947,37.83166738386838,991.0869452756558,1142.2880547243428,525,1870,64,0.8873291153783605,0.03216301562597548,0.004020376953246935,0.8792950331164712,0.8953631976402497,0.7904761904761904,0.9374331550802139,64,9.60677064071394,2.7445586751597943,0.3430698343949743,8.921200281726588,10.292340999701292,4.7727272727272725,15.982905982905983,64,0,0,0,0,0,0,0,64,0.13220214843749997,0.017624137172774144,0.002203017146596768,0.1277997699575873,0.13660452691741265,0.0859375,0.171875,64,1,0.9433759402071946,1,0,0,1,0
atlas,63,16,3,periodic,64,64,0.8221435546875004,0.024987680942215918,0.0031234601177769898,0.8159018177012001,0.8283852916738008,0.7734375,0.87890625,64,-1,0,0,-1,-1,-1,-1,64,1,0,0,1,1,1,1,64,70.15624999999999,2.132282107069087,0.26653526338363587,69.62362177716902,70.68887822283095,66,75,64,0,0,0,0,0,0,0,64,70.15624999999999,2.132282107069087,0.26653526338363587,69.62362177716902,70.68887822283095,66,75,64,958.265625,406.225179644715,50.77814745558938,856.7935942653997,1059.7376557346004,286,2289,64,888.1093749999995,405.89095091871457,50.73636886483932,786.7208321171045,989.4979178828946,218,2220,64,0.030501562499996023,0.012075917161759722,0.0015094896452199653,0.027485088143437728,0.03351803685655432,0.02539999999999054,0.095799999999997,64,1.6093749999999998,1.5997736695079063,0.1999717086884883,1.2097634271706479,2.0089865728293517,0,6,64,0,0,0,0,0,0,0,64,0,0,0,0,0,0,0,64,958.265625,406.225179644715,50.77814745558938,856.7935942653997,1059.7376557346004,286,2289,64,0.9132712065657275,0.03889852605135541,0.004862315756419426,0.9035546438591372,0.9229877692723177,0.7622377622377622,0.9698558322411533,64,13.64286336573253,5.772732874159066,0.7215916092698833,12.200877597785743,15.084849133679318,4.205882352941177,33.17391304347826,64,0,0,0,0,0,0,0,64,0.17785644531250003,0.024987680942215856,0.003123460117776982,0.1716147083261997,0.18409818229880034,0.12109375,0.2265625,46,0.71875,0.5986606971779259,0.8140662766627217,18,0,1,0
atlas,63,16,4,periodic,64,64,0.802001953125,0.028398511273539036,0.0035498139091923796,0.7949082160718568,0.8090956901781432,0.75,0.859375,64,-1,0,0,-1,-1,-1,-1,64,1,0,0,1,1,1,1,64,51.328125,1.8175047215064983,0.2271880901883123,50.874125828598835,51.782124171401165,48,55,64,0,0,0,0,0,0,0,64,51.328125,1.8175047215064983,0.2271880901883123,50.874125828598835,51.782124171401165,48,55,64,652.9843749999999,352.39081353842045,44.048851692302556,564.9597688117886,741.0089811882111,246,2115,64,601.65625,351.8951511752257,43.98689389690321,513.7554565862605,689.5570434137395,197,2066,64,0.027354687500000807,0.009754899943964338,0.0012193624929955423,0.024917985994218662,0.029791389005782952,0.023199999999974352,0.09850000000005821,64,0.46875,1.0230478894592296,0.1278809861824037,0.21320024069416893,0.7242997593058311,0,5,64,0,0,0,0,0,0,0,64,0,0,0,0,0,0,0,64,652.9843749999999,352.39081353842045,44.048851692302556,564.9597688117886,741.0089811882111,246,2115,64,0.9011344878429778,0.04462237386173932,0.005577796732717415,0.8899881504940489,0.9122808251919067,0.8008130081300813,0.9768321513002364,64,12.673504155084547,6.789724611042129,0.8487155763802662,10.97748140973501,14.369526900434085,5.020408163265306,43.16326530612245,64,0,0,0,0,0,0,0,64,0.19799804687500003,0.02839851127353903,0.0035498139091923787,0.19090430982185688,0.20509178392814317,0.140625,0.25,17,0.265625,0.17296379074222612,0.38482873728565137,47,0,1,0
atlas,63,16,8,periodic,64,64,1,0,0,1,1,1,1,64,-1,0,0,-1,-1,-1,-1,64,1,0,0,1,1,1,1,64,32,0,0,32,32,32,32,64,0,0,0,0,0,0,0,64,32,0,0,32,32,32,32,64,865.2499999999998,300.19676087209075,37.524595109011344,790.2630802519872,940.2369197480124,412,1859,64,833.2499999999998,300.19676087209075,37.524595109011344,758.2630802519872,908.2369197480124,380,1827,64,0.02590312500000637,0.012670475226310526,0.0015838094032888158,0.02273813445778876,0.02906811554222398,0.022700000000099863,0.12380000000007385,64,0,0,0,0,0,0,0,64,0,0,0,0,0,0,0,64,0,0,0,0,0,0,0,64,865.2499999999998,300.19676087209075,37.524595109011344,790.2630802519872,940.2369197480124,412,1859,64,0.9588260816862341,0.013414051037803656,0.001676756379725457,0.9554753514326983,0.9621768119397698,0.9223300970873787,0.9827864443249059,64,27.039062499999993,9.381148777252836,1.1726435971566045,24.6957212578746,29.382403742125387,12.875,58.09375,64,0,0,0,0,0,0,0,64,0,0,0,0,0,0,0,0,0,0,0.05662405979280534,64,0,1,0
atlas,63,32,2,periodic,64,64,0.8656005859374999,0.007339961173819138,0.0009174951467273922,0.8637671181882285,0.8674340536867713,0.8515625,0.8828125,64,-1,0,0,-1,-1,-1,-1,64,1,0,0,1,1,1,1,64,443.18749999999994,3.7580601209953985,0.4697575151244248,442.248764512373,444.1262354876269,436,452,64,0,0,0,0,0,0,0,64,443.18749999999994,3.7580601209953985,0.4697575151244248,442.248764512373,444.1262354876269,436,452,64,5859.1875,1323.4890981255353,165.4361372656919,5528.589759703943,6189.785240296057,3390,9382,64,5416,1323.6851157712263,165.46063947140328,5085.353295952888,5746.646704047112,2947,8935,64,0.14762968750000027,0.021214600241167184,0.002651825030145898,0.14233043803058845,0.1529289369694121,0.12930000000005748,0.2157999999999447,64,18.781249999999996,4.935999118880323,0.6169998898600404,17.548274105361852,20.01422589463814,8,30,64,0,0,0,0,0,0,0,64,0,0,0,0,0,0,0,64,5859.1875,1323.4890981255353,165.4361372656919,5528.589759703943,6189.785240296057,3390,9382,64,0.9206327495273285,0.01737556420924185,0.002171945526155231,0.916292462726266,0.9249730363283911,0.8693215339233038,0.95235557450437,64,13.222818488258532,2.9897832739109993,0.3737229092388749,12.475992847057693,13.969644129459372,7.652370203160271,20.988814317673377,64,0,0,0,0,0,0,0,64,0.13439941406249994,0.007339961173819116,0.0009174951467273895,0.1325659463132286,0.1362328818117713,0.1171875,0.1484375,64,1,0.9433759402071946,1,0,0,1,0
atlas,63,32,3,periodic,64,64,0.8238830566406252,0.011152482402933133,0.0013940603003666416,0.8210972494236839,0.8266688638575665,0.802734375,0.849609375,64,-1,0,0,-1,-1,-1,-1,64,1,0,0,1,1,1,1,64,281.21874999999994,3.80671399353451,0.47583924919181375,280.26786113661734,282.16963886338254,274,290,64,0,0,0,0,0,0,0,64,281.21874999999994,3.80671399353451,0.47583924919181375,280.26786113661734,282.16963886338254,274,290,64,4578.531250000002,1182.0187462423153,147.7523432802894,4283.271752170558,4873.7907478294455,2340,8397,64,4297.312499999999,1181.9561117063522,147.74451396329403,4002.068647812128,4592.55635218787,2054,8112,64,0.12025312499999077,0.022469167366486537,0.002808645920810817,0.11464049398684904,0.12586575601313252,0.10330000000021755,0.22029999999995198,64,5.125000000000002,3.1547394428670255,0.3943424303583782,4.336969533778696,5.913030466221308,0,15,64,0,0,0,0,0,0,0,64,0,0,0,0,0,0,0,64,4578.531250000002,1182.0187462423153,147.7523432802894,4283.271752170558,4873.7907478294455,2340,8397,64,0.9345397051280211,0.01713840348150465,0.002142300435188081,0.930258659314125,0.9388207509419172,0.8777777777777778,0.9660593068953197,64,16.28298623166756,4.17845449938654,0.5223068124233174,15.239239352767274,17.326733110567847,8.181818181818182,29.46315789473684,64,0,0,0,0,0,0,0,64,0.17611694335937497,0.011152482402933124,0.0013940603003666405,0.17333113614243367,0.17890275057631627,0.150390625,0.197265625,63,0.984375,0.9166589839990573,0.9972364580766624,1,0,1,0
atlas,63,32,4,periodic,64,64,0.80316162109375,0.0134889295377134,0.001686116192214175,0.7997921867474478,0.8065310554400522,0.7734375,0.83984375,64,-1,0,0,-1,-1,-1,-1,64,1,0,0,1,1,1,1,64,205.609375,3.4531659616546304,0.4316457452068288,204.74679980734663,206.47195019265337,198,215,64,0,0,0,0,0,0,0,64,205.609375,3.4531659616546304,0.4316457452068288,204.74679980734663,206.47195019265337,198,215,64,3787.71875,1196.9925205472389,149.62406506840486,3488.718914637046,4086.718585362954,1497,7620,64,3582.1093749999995,1196.1232234285064,149.5154029285633,3283.3266835965283,3880.892066403471,1296,7413,64,0.09396562500001696,0.019857925679704482,0.0024822407099630603,0.08900526275300233,0.09892598724703158,0.08129999999982829,0.2120999999997366,64,1.7031249999999996,1.7966431441167128,0.2245803930145891,1.254336895583706,2.1519131044162934,0,8,64,0,0,0,0,0,0,0,64,0,0,0,0,0,0,0,64,3787.71875,1196.9925205472389,149.62406506840486,3488.718914637046,4086.718585362954,1497,7620,64,0.94039475524201,0.018845173210667105,0.002355646651333388,0.9356873710347973,0.9451021394492227,0.8657314629258517,0.9728346456692913,64,18.402399854359718,5.760411663973707,0.7200514579967133,16.96349183314372,19.841307875575716,7.447761194029851,36.81159420289855,64,0,0,0,0,0,0,0,64,0.19683837890625006,0.013488929537713404,0.0016861161922141754,0.1934689445599478,0.20020781325255232,0.16015625,0.2265625,45,0.703125,0.5822979889645707,0.8009484867446022,19,0,1,0
atlas,63,32,8,periodic,64,64,0.77099609375,0.011037577157103271,0.001379697144637909,0.76823898900947,0.77375319849053,0.75,0.796875,64,-1,0,0,-1,-1,-1,-1,64,1,0,0,1,1,1,1,64,98.6875,1.4128098761092187,0.17660123451365234,98.33459059321216,99.04040940678784,96,102,64,0,0,0,0,0,0,0,64,98.6875,1.4128098761092187,0.17660123451365234,98.33459059321216,99.04040940678784,96,102,64,2556.0468750000005,1400.5952751426744,175.0744093928343,2206.188584752427,2905.905165247574,980,9820,64,2457.3593749999995,1400.2297472165342,175.02871840206677,2107.5923909117046,2807.1263590882945,883,9721,64,0.08480000000001553,0.015333426500780427,0.0019166783125975533,0.08096982402098162,0.08863017597904944,0.07069999999976062,0.1772000000000844,64,0,0,0,0,0,0,0,64,0,0,0,0,0,0,0,64,0,0,0,0,0,0,0,64,2556.0468750000005,1400.5952751426744,175.0744093928343,2206.188584752427,2905.905165247574,980,9820,64,0.9524816669598664,0.020470624996421518,0.0025588281245526897,0.9473682569772304,0.9575950769425023,0.9010204081632653,0.989918533604888,64,25.853284658374363,14.103403231807032,1.762925403975879,22.330359350169623,29.376209966579104,10.103092783505154,99.1919191919192,64,0,0,0,0,0,0,0,64,0.22900390625,0.011037577157103273,0.0013796971446379091,0.22624680150946996,0.23176101099053004,0.203125,0.25,0,0,0,0.05662405979280534,64,0,1,0
atlas,7,16,2,periodic,64,64,0.8645019531249998,0.018893032385301545,0.002361629048162693,0.8597826140516616,0.869221292198338,0.828125,0.9140625,64,1,0,0,1,1,1,1,64,1,0,0,1,1,1,1,64,110.65624999999997,2.4183081453185977,0.3022885181648247,110.05217459861268,111.26032540138726,106,117,64,110.65624999999997,2.4183081453185977,0.3022885181648247,110.05217459861268,111.26032540138726,106,117,64,0,0,0,0,0,0,0,64,1027.8437500000002,313.3016305516925,39.16270381896156,949.5833312038378,1106.1041687961626,466,1902,64,917.1875000000002,312.69950457065033,39.08743807133129,839.0774877987905,995.29751220121,360,1789,64,0.04820156249999985,0.018177890741380855,0.002272236342672607,0.043660860494248145,0.052742264505751556,0.037700000000000955,0.12409999999999854,64,0,0,0,0,0,0,0,64,4.921874999999998,2.7849065271709503,0.3481133158963688,4.226226047452957,5.61752395254704,1,16,64,1027.8437500000002,313.3016305516925,39.16270381896156,949.5833312038378,1106.1041687961626,466,1902,64,0,0,0,0,0,0,0,64,0.8827012747609033,0.034522988235517874,0.004315373529439734,0.8740776888809031,0.8913248606409035,0.7725321888412017,0.9405888538380652,64,9.277612252795704,2.7895472594619606,0.3486934074327451,8.580804079813149,9.97442042577826,4.39622641509434,16.831858407079647,64,1,0,0,1,1,1,1,64,0.13549804687500006,0.018893032385301562,0.0023616290481626953,0.1307787078016619,0.1402173859483382,0.0859375,0.171875,64,1,0.9433759402071946,1,0,0,1,0
atlas,7,16,3,periodic,64,64,0.8228759765625,0.02029411406047186,0.0025367642575589823,0.8178066576998024,0.8279452954251976,0.78515625,0.87890625,64,1,0,0,1,1,1,1,64,1,0,0,1,1,1,1,64,70.21875000000003,1.7317643998269334,0.21647054997836668,69.7861681237165,70.65133187628356,67,75,64,70.21875000000003,1.7317643998269334,0.21647054997836668,69.7861681237165,70.65133187628356,67,75,64,0,0,0,0,0,0,0,64,861.625,330.16145641426294,41.27018205178287,779.1531220087107,944.0968779912893,362,2212,64,791.4062499999999,329.98055347944853,41.247569184931066,708.9795602173233,873.8329397826765,292,2141,64,0.03706249999999667,0.016145159970594833,0.002018144996324354,0.03302955903315635,0.04109544096683698,0.028500000000008185,0.11069999999995161,64,0,0,0,0,0,0,0,64,1.265625,1.2246436151497233,0.1530804518937154,0.9597181267133936,1.5715318732866064,0,6,64,861.625,330.16145641426294,41.27018205178287,779.1531220087107,944.0968779912893,362,2212,64,0,0,0,0,0,0,0,64,0.907125417176548,0.03372652223743479,0.004215815279679349,0.8987007825833864,0.9155500517697097,0.8066298342541437,0.9679023508137432,64,12.265678145600036,4.67369613814022,0.5842120172675275,11.098223586066513,13.43313270513356,5.171428571428572,31.154929577464788,64,1,0,0,1,1,1,1,64,0.17712402343750003,0.020294114060471866,0.002536764257558983,0.1720547045748024,0.18219334230019765,0.12109375,0.21484375,45,0.703125,0.5822979889645707,0.8009484867446022,19,0,1,0
atlas,7,16,4,periodic,64,64,0.8002929687499999,0.02402435745996315,0.003003044682495394,0.794291862809968,0.8062940746900318,0.75,0.859375,64,1,0,0,1,1,1,1,64,1,0,0,1,1,1,1,64,51.21874999999999,1.5375588774376416,0.1921948596797052,50.83467921983795,51.602820780162034,48,55,64,51.21874999999999,1.5375588774376416,0.1921948596797052,50.83467921983795,51.602820780162034,48,55,64,0,0,0,0,0,0,0,64,656.7031249999997,307.8794692881079,38.484933661013486,579.7971217889756,733.6091282110237,234,1811,64,605.4843750000001,307.1656908848155,38.395711360601936,528.7566683291853,682.2120816708149,185,1760,64,0.027335937499998405,0.00991752284719974,0.0012396903558999676,0.024858614001631543,0.029813260998365267,0.022999999999967713,0.10400000000004184,64,0,0,0,0,0,0,0,64,0.46875000000000006,0.9422827735859473,0.1177853466982434,0.23337476637803958,0.7041252336219606,0,4,64,656.7031249999997,307.8794692881079,38.484933661013486,579.7971217889756,733.6091282110237,234,1811,64,0,0,0,0,0,0,0,64,0.906096299890998,0.040567434993105674,0.005070929374138209,0.8959628561343984,0.9162297436475977,0.7905982905982906,0.9718387631143015,64,12.749878123784917,5.815895063406588,0.7269868829258235,11.29711076175347,14.202645485816365,4.775510204081633,35.509803921568626,64,1,0,0,1,1,1,1,64,0.19970703124999994,0.024024357459963157,0.0030030446824953947,0.19370592530996808,0.2057081371900318,0.140625,0.25,17,0.265625,0.17296379074222612,0.38482873728565137,47,0,1,0
atlas,7,16,8,periodic,64,64,1,0,0,1,1,1,1,64,1,0,0,1,1,1,1,64,1,0,0,1,1,1,1,64,32,0,0,32,32,32,32,64,32,0,0,32,32,32,32,64,0,0,0,0,0,0,0,64,883.7968749999999,323.18151466111243,40.397689332639054,803.06853458243,964.5252154175698,367,2076,64,851.7968749999999,323.18151466111243,40.397689332639054,771.06853458243,932.5252154175698,335,2044,64,0.027715625000004355,0.011163449696528807,0.001395431212066101,0.024927078234633818,0.030504171765374892,0.022799999999961074,0.10050000000001091,64,0,0,0,0,0,0,0,64,0,0,0,0,0,0,0,64,883.7968749999999,323.18151466111243,40.397689332639054,803.06853458243,964.5252154175698,367,2076,64,0,0,0,0,0,0,0,64,0.9591163033811301,0.014303823228073574,0.0017879779035091968,0.9555433146474164,0.9626892921148438,0.9128065395095368,0.9845857418111753,64,27.618652343749996,10.099422333159763,1.2624277916449704,25.095891705700936,30.141412981799057,11.46875,64.875,64,1,0,0,1,1,1,1,64,0,0,0,0,0,0,0,0,0,0,0.05662405979280534,64,0,1,0
atlas,7,32,2,periodic,64,64,0.8636779785156249,0.008324170752068967,0.0010405213440086208,0.8615986625285343,0.8657572945027154,0.83984375,0.880859375,64,1,0,0,1,1,1,1,64,1,0,0,1,1,1,1,64,442.20312499999994,4.261975425059311,0.5327469281324139,441.1385152146096,443.2677347853903,430,451,64,442.20312499999994,4.261975425059311,0.5327469281324139,441.1385152146096,443.2677347853903,430,451,64,0,0,0,0,0,0,0,64,5719.468749999999,1291.157853317146,161.39473166464325,5396.947114365287,6041.990385634711,3752,9541,64,5277.265625000002,1291.1713181324376,161.3964147665547,4954.740625954503,5599.7906240455,3311,9100,64,0.2091890624999948,0.04257962146599109,0.005322452683248886,0.1985529895174103,0.21982513548257931,0.16590000000007876,0.3506999999999607,64,0,0,0,0,0,0,0,64,19.343749999999996,4.550313960910516,0.5687892451138145,18.207115391339297,20.480384608660696,11,32,64,5719.468749999999,1291.157853317146,161.39473166464325,5396.947114365287,6041.990385634711,3752,9541,64,0,0,0,0,0,0,0,64,0.9190787254275966,0.01674148459295044,0.002092685574118805,0.9148968270020867,0.9232606238531065,0.8824626865671642,0.9537784299339692,64,12.935222370060947,2.9258583384976427,0.36573229231220533,12.204364702624423,13.666080037497471,8.507936507936508,21.634920634920636,64,1,0,0,1,1,1,1,64,0.136322021484375,0.008324170752068974,0.0010405213440086217,0.1342427054972844,0.1384013374714656,0.119140625,0.16015625,64,1,0.9433759402071946,1,0,0,1,0
atlas,7,32,3,periodic,64,64,0.8263549804687499,0.011047001978047477,0.0013808752472559346,0.823595521477995,0.8291144394595048,0.796875,0.8583984375,64,1,0,0,1,1,1,1,64,1,0,0,1,1,1,1,64,282.06249999999994,3.770710008506877,0.47133875106335965,281.12060466448895,283.00439533551094,272,293,64,282.06249999999994,3.770710008506877,0.47133875106335965,281.12060466448895,283.00439533551094,272,293,64,0,0,0,0,0,0,0,64,4850.281250000001,1436.2353619379212,179.52942024224015,4491.52033095469,5209.042169045312,3140,11289,64,4568.21875,1435.5220660730156,179.44025825912695,4209.636006960396,4926.801493039604,2857,11006,64,0.10856406250000461,0.019574565349721802,0.0024468206687152253,0.10367448155743328,0.11345364344257594,0.09659999999985303,0.1897999999998774,64,0,0,0,0,0,0,0,64,5.421875000000002,2.369144829304916,0.2961431036631145,4.830080229562079,6.013669770437924,1,11,64,4850.281250000001,1436.2353619379212,179.52942024224015,4491.52033095469,5209.042169045312,3140,11289,64,0,0,0,0,0,0,0,64,0.9379158842134254,0.014400795632533723,0.0018000994540667153,0.9343186724937944,0.9415130959330564,0.9098726114649681,0.9749313491008946,64,17.185899718989667,5.030664646930433,0.6288330808663041,15.929277079016313,18.44252235896302,11.095406360424029,39.890459363957596,64,1,0,0,1,1,1,1,64,0.17364501953125003,0.011047001978047503,0.0013808752472559379,0.17088556054049514,0.17640447852200491,0.1416015625,0.203125,64,1,0.9433759402071946,1,0,0,1,0
atlas,7,32,4,periodic,64,64,0.8041992187500001,0.011468052560861846,0.0014335065701077307,0.801334584452984,0.8070638530470162,0.78515625,0.8359375,64,1,0,0,1,1,1,1,64,1,0,0,1,1,1,1,64,205.87500000000003,2.9358214555806326,0.36697768194757907,205.1416536199639,206.60834638003615,201,214,64,205.87500000000003,2.9358214555806326,0.36697768194757907,205.1416536199639,206.60834638003615,201,214,64,0,0,0,0,0,0,0,64,3799.46875,1369.8383054707301,171.22978818384126,3457.293322184992,4141.644177815007,1840,9318,64,3593.59375,1369.0665655521277,171.13332069401596,3251.6110970809455,3935.5764029190545,1636,9104,64,0.1376640624999937,0.030816736162001306,0.003852092020250163,0.1299662708424072,0.14536185415758018,0.10399999999981446,0.2615000000000691,64,0,0,0,0,0,0,0,64,1.2656250000000002,1.3362134072973786,0.16702667591217232,0.9318488218422349,1.5994011781577655,0,5,64,3799.46875,1369.8383054707301,171.22978818384126,3457.293322184992,4141.644177815007,1840,9318,64,0,0,0,0,0,0,0,64,0.939909719691588,0.0183389595694078,0.002292369946175975,0.9353287838896884,0.9444906554934875,0.8891304347826087,0.9770336982185018,64,18.434818982136054,6.549135945934443,0.8186419932418054,16.79889349723097,20.070744467041138,9.019607843137255,43.54205607476636,64,1,0,0,1,1,1,1,64,0.19580078124999992,0.01146805256086186,0.0014335065701077325,0.1929361469529838,0.19866541554701603,0.1640625,0.21484375,40,0.625,0.502503786840045,0.7333401982117536,24,0,1,0
atlas,7,32,8,periodic,64,64,0.7723388671875002,0.011551567679716273,0.0014439459599645342,0.7694533714344941,0.7752243629405063,0.75,0.8125,64,1,0,0,1,1,1,1,64,1,0,0,1,1,1,1,64,98.85937500000003,1.478600663003683,0.18482508287546037,98.49003154361525,99.22871845638481,96,104,64,98.85937500000003,1.478600663003683,0.18482508287546037,98.49003154361525,99.22871845638481,96,104,64,0,0,0,0,0,0,0,64,2311.65625,984.6608830269904,123.0826103783738,2065.6952796016126,2557.6172203983874,781,5065,64,2212.7968750000005,983.9267165201599,122.99083956501998,1967.019293938558,2458.574456061443,684,4964,64,0.09564062500003698,0.03855248625483412,0.004819060781854265,0.08601050046278594,0.10527074953728802,0.07340000000021973,0.27280000000018845,64,0,0,0,0,0,0,0,64,0.015625,0.12499999999999999,0.015624999999999998,-0.015599070976886464,0.04684907097688647,0,1,64,2311.65625,984.6608830269904,123.0826103783738,2065.6952796016126,2557.6172203983874,781,5065,64,0,0,0,0,0,0,0,64,0.9491291135382871,0.022088563202379237,0.0027610704002974046,0.9436115546166188,0.9546466724599554,0.8758002560819462,0.9800592300098717,64,23.315548312572925,9.748757243027608,1.218594655378451,20.880381207831086,25.750715417314765,8.051546391752577,50.148514851485146,64,1,0,0,1,1,1,1,64,0.22766113281250003,0.011551567679716233,0.0014439459599645292,0.22477563705949388,0.23054662856550617,0.1875,0.25,1,0.015625,0.002763541923337505,0.08334101600094265,63,0,1,0
atlas,8,16,2,periodic,64,64,0.8671874999999999,0.017607380306844094,0.0022009225383555118,0.8627893072606564,0.8715856927393434,0.8359375,0.9140625,64,1,0,0,1,1,1,1,64,1,0,0,1,1,1,1,64,110.99999999999999,2.253744679276044,0.2817180849095055,110.43703132936402,111.56296867063595,107,117,64,110.99999999999999,2.253744679276044,0.2817180849095055,110.43703132936402,111.56296867063595,107,117,64,0,0,0,0,0,0,0,64,1019.9374999999999,274.4322783435385,34.30403479294231,951.3863565012214,1088.4886434987784,612,1862,64,908.9375,274.45888320735503,34.30736040091938,840.3797108039724,977.4952891960276,505,1752,64,0.04921093750000116,0.018277318038013475,0.0022846647547516844,0.04464539929451268,0.05377647570548964,0.03830000000000666,0.11320000000000618,64,0,0,0,0,0,0,0,64,4.390624999999998,2.1793925722840717,0.27242407153550896,3.8462289330920223,4.935021066907974,0,9,64,1019.9374999999999,274.4322783435385,34.30403479294231,951.3863565012214,1088.4886434987784,612,1862,64,0,0,0,0,0,0,0,64,0.883610020086232,0.029795068038128036,0.0037243835047660045,0.8761674335327626,0.8910526066397014,0.8206349206349206,0.9409237379162191,64,9.192561694054643,2.4920816208694228,0.31151020260867784,8.570058226772874,9.815065161336411,5.575221238938053,16.927272727272726,64,1,0,0,1,1,1,1,64,0.1328125,0.017607380306844094,0.0022009225383555118,0.12841430726065653,0.13721069273934347,0.0859375,0.1640625,62,0.96875,0.8930270822904169,0.9913878616538281,2,0,1,0
atlas,8,16,3,periodic,64,64,0.8239746093749998,0.02178663193782362,0.0027233289922279527,0.8185324706392085,0.829416748110791,0.7734375,0.87890625,64,1,0,0,1,1,1,1,64,1,0,0,1,1,1,1,64,70.31249999999997,1.859125925360948,0.2323907406701185,69.84810416121245,70.7768958387875,66,75,64,70.31249999999997,1.859125925360948,0.2323907406701185,69.84810416121245,70.7768958387875,66,75,64,0,0,0,0,0,0,0,64,902.2656249999998,386.02492896667985,48.25311612083498,805.8394667527745,998.6917832472251,281,2647,64,831.953125,385.80023738287474,48.22502967285934,735.5830930404597,928.3231569595403,211,2577,64,0.04056874999999405,0.027228036874946546,0.0034035046093683183,0.03376738875243714,0.04737011124755095,0.028099999999994907,0.17390000000000327,64,0,0,0,0,0,0,0,64,1.2343749999999996,1.3886408508676433,0.17358010635845542,0.8875028360888371,1.581247163911162,0,7,64,902.2656249999998,386.02492896667985,48.25311612083498,805.8394667527745,998.6917832472251,281,2647,64,0,0,0,0,0,0,0,64,0.9098507701647495,0.0352430238203424,0.0044053779775428,0.9010473247470977,0.9186542155824012,0.7508896797153025,0.9735549678881753,64,12.823242534708154,5.474170408091931,0.6842713010114914,11.455835451813481,14.190649617602826,4.014285714285714,37.81428571428572,64,1,0,0,1,1,1,1,64,0.17602539062499994,0.02178663193782362,0.0027233289922279527,0.1705832518892087,0.1814675293607912,0.12109375,0.2265625,40,0.625,0.502503786840045,0.7333401982117536,24,0,1,0
atlas,8,16,4,periodic,64,64,0.8037109375000001,0.028373980603673132,0.0035467475754591415,0.796623328025873,0.8107985469741272,0.75,0.890625,64,1,0,0,1,1,1,1,64,1,0,0,1,1,1,1,64,51.43750000000001,1.8159347586350805,0.22699184482938506,50.98389299365587,51.89110700634414,48,57,64,51.43750000000001,1.8159347586350805,0.22699184482938506,50.98389299365587,51.89110700634414,48,57,64,0,0,0,0,0,0,0,64,625.984375,321.86956306087717,40.233695382609646,545.5837503415019,706.3849996584981,213,1598,64,574.5468750000002,321.16750955915296,40.14593869489412,494.32161808844137,654.7721319115591,163,1546,64,0.02800000000000402,0.012308146740694097,0.0015385183425867621,0.02492551642060109,0.031074483579406953,0.02159999999997808,0.11439999999998918,64,0,0,0,0,0,0,0,64,0.37500000000000006,0.9511897312113418,0.11889871640141772,0.1373998745613721,0.612600125438628,0,5,64,625.984375,321.86956306087717,40.233695382609646,545.5837503415019,706.3849996584981,213,1598,64,0,0,0,0,0,0,0,64,0.8966088348841584,0.04823974775726881,0.006029968469658601,0.884558904421118,0.9086587653471989,0.7652582159624414,0.967459324155194,64,12.098770650267697,6.076537479816761,0.7595671849770951,10.580896749759622,13.616644550775773,4.26,30.73076923076923,64,1,0,0,1,1,1,1,64,0.1962890625,0.02837398060367313,0.003546747575459141,0.18920145302587288,0.20337667197412712,0.109375,0.25,13,0.203125,0.12273417819183653,0.3171363573101416,51,0,1,0
atlas,8,16,8,periodic,64,64,1,0,0,1,1,1,1,64,1,0,0,1,1,1,1,64,1,0,0,1,1,1,1,64,32,0,0,32,32,32,32,64,32,0,0,32,32,32,32,64,0,0,0,0,0,0,0,64,857.5624999999999,304.1362411397286,38.017030142466076,781.5915273600772,933.5334726399226,410,1855,64,825.5624999999999,304.1362411397286,38.017030142466076,749.5915273600772,901.5334726399226,378,1823,64,0.025746875000006497,0.00935706114408329,0.0011696326430104113,0.02340955066962311,0.028084199330389883,0.02189999999995962,0.08940000000006876,64,0,0,0,0,0,0,0,64,0,0,0,0,0,0,0,64,857.5624999999999,304.1362411397286,38.017030142466076,781.5915273600772,933.5334726399226,410,1855,64,0,0,0,0,0,0,0,64,0.9582952494268604,0.013821648101093613,0.0017277060126367017,0.9548427044562516,0.9617477943974692,0.9219512195121952,0.9827493261455525,64,26.798828124999996,9.504257535616519,1.1880321919520649,24.424735230002412,29.17292101999758,12.8125,57.96875,64,1,0,0,1,1,1,1,64,0,0,0,0,0,0,0,0,0,0,0.05662405979280534,64,0,1,0
atlas,8,32,2,periodic,64,64,0.8641052246093751,0.009866202600899383,0.001233275325112423,0.8616407205271125,0.8665697286916377,0.841796875,0.892578125,64,1,0,0,1,1,1,1,64,1,0,0,1,1,1,1,64,442.42187500000006,5.051495731660484,0.6314369664575605,441.1600489098816,443.6837010901185,431,457,64,442.42187500000006,5.051495731660484,0.6314369664575605,441.1600489098816,443.6837010901185,431,457,64,0,0,0,0,0,0,0,64,5729.078125000001,1305.6916588863226,163.21145736079032,5402.926052752039,6055.230197247963,3867,9845,64,5286.65625,1306.4000726429815,163.3000090803727,4960.327221260687,5612.985278739313,3431,9403,64,0.3184265624999886,0.0713010724605806,0.008912634057572574,0.3006160845220902,0.33623704047788694,0.22820000000001528,0.5348999999999933,64,0,0,0,0,0,0,0,64,19.656249999999996,4.765013865966933,0.5956267332458667,18.4659849507456,20.846515049254393,9,29,64,5729.078125000001,1305.6916588863226,163.21145736079032,5402.926052752039,6055.230197247963,3867,9845,64,0,0,0,0,0,0,0,64,0.9189758389147019,0.017434619500804063,0.002179327437600508,0.914620800540717,0.9233308772886868,0.8872510990431859,0.9551041137633316,64,12.95556316302954,2.982922426962059,0.37286530337025736,12.210451310405462,13.700675015653617,8.869266055045872,22.273755656108598,64,1,0,0,1,1,1,1,64,0.135894775390625,0.00986620260089939,0.0012332753251124238,0.1334302713083624,0.1383592794728876,0.107421875,0.158203125,64,1,0.9433759402071946,1,0,0,1,0
atlas,8,32,3,periodic,64,64,0.8231048583984376,0.01072860453522355,0.0013410755669029438,0.8204249327225115,0.8257847840743637,0.802734375,0.84375,64,1,0,0,1,1,1,1,64,1,0,0,1,1,1,1,64,280.953125,3.6620303480229723,0.45775379350287154,280.03837703595053,281.86787296404947,274,288,64,280.953125,3.6620303480229723,0.45775379350287154,280.03837703595053,281.86787296404947,274,288,64,0,0,0,0,0,0,0,64,4692.796875,1110.5044353546998,138.81305441933748,4415.401120522701,4970.192629477299,3021,8660,64,4411.843749999999,1110.704941585255,138.83811769815688,4134.397910556507,4689.289589443491,2734,8382,64,0.1061390624999987,0.02777468081446447,0.003471835101808059,0.09920115365910906,0.11307697134088834,0.09290000000009968,0.2618999999999687,64,0,0,0,0,0,0,0,64,5.218749999999999,2.7340809082209714,0.3417601135276214,4.535796909321265,5.901703090678733,0,13,64,4692.796875,1110.5044353546998,138.81305441933748,4415.401120522701,4970.192629477299,3021,8660,64,0,0,0,0,0,0,0,64,0.9370415305304018,0.01388693509512154,0.0017358668868901926,0.9335726773539099,0.9405103837068938,0.9049983449189011,0.9678983833718244,64,16.708632348432634,3.989334511530151,0.4986668139412689,15.712126236924153,17.705138459941114,10.526132404181185,31.151079136690647,64,1,0,0,1,1,1,1,64,0.17689514160156253,0.010728604535223561,0.0013410755669029451,0.1742152159256364,0.17957506727748865,0.15625,0.197265625,63,0.984375,0.9166589839990573,0.9972364580766624,1,0,1,0
atlas,8,32,4,periodic,64,64,0.8037109375000001,0.012927492822837843,0.0016159366028547304,0.8004817458723723,0.8069401291276279,0.77734375,0.828125,64,1,0,0,1,1,1,1,64,1,0,0,1,1,1,1,64,205.75000000000003,3.309438162646488,0.413679770330811,204.9233269433273,206.57667305667275,199,212,64,205.75000000000003,3.309438162646488,0.413679770330811,204.9233269433273,206.57667305667275,199,212,64,0,0,0,0,0,0,0,64,3707.078124999999,1131.3176655856967,141.41470819821208,3424.4833802987728,3989.6728697012254,1844,7085,64,3501.328125,1130.8507831715037,141.35634789643797,3218.8500040558824,3783.8062459441176,1636,6877,64,0.18033750000001444,0.05080031089766222,0.006350038862207777,0.1676479598950824,0.19302704010494648,0.13940000000002328,0.427599999999984,64,0,0,0,0,0,0,0,64,1.59375,1.64961515473463,0.20620189434182876,1.1816883945921468,2.005811605407853,0,7,64,3707.078124999999,1131.3176655856967,141.41470819821208,3424.4833802987728,3989.6728697012254,1844,7085,64,0,0,0,0,0,0,0,64,0.9396525214406479,0.01725577422007858,0.0021569717775098223,0.9353421572885771,0.9439628855927188,0.8872017353579176,0.9706422018348624,64,18.00958732479858,5.466969110014899,0.6833711387518624,16.64397907264217,19.37519557695499,8.865384615384615,34.0625,64,1,0,0,1,1,1,1,64,0.19628906249999994,0.012927492822837843,0.0016159366028547304,0.1930598708723721,0.19951825412762778,0.171875,0.22265625,43,0.671875,0.549991058490915,0.7742944209553081,21,0,1,0
atlas,8,32,8,periodic,64,64,0.7708740234374999,0.013993069306428858,0.0017491336633036073,0.7673786587238325,0.7743693881511673,0.75,0.8125,64,1,0,0,1,1,1,1,64,1,0,0,1,1,1,1,64,98.67187499999999,1.7911128712228939,0.22388910890286173,98.22446831665056,99.11928168334941,96,104,64,98.67187499999999,1.7911128712228939,0.22388910890286173,98.22446831665056,99.11928168334941,96,104,64,0,0,0,0,0,0,0,64,2390.0156250000005,1024.7743923945113,128.09679904931392,2134.034598092625,2645.996651907376,894,5481,64,2291.343750000001,1023.9705665839027,127.99632082298784,2035.5635128059334,2547.1239871940684,798,5380,64,0.09452812500004627,0.028402975859884563,0.0035503719824855704,0.08743327272641564,0.1016229772736769,0.07749999999987267,0.28909999999996217,64,0,0,0,0,0,0,0,64,0,0,0,0,0,0,0,64,2390.0156250000005,1024.7743923945113,128.09679904931392,2134.034598092625,2645.996651907376,894,5481,64,0,0,0,0,0,0,0,64,0.950629463350797,0.021580374211019646,0.0026975467763774557,0.9452388462622159,0.9560200804393781,0.8926174496644296,0.9815727057106367,64,24.146251682345905,10.204319528489904,1.275539941061238,21.597288504518726,26.695214860173085,9.3125,54.26732673267327,64,1,0,0,1,1,1,1,64,0.22912597656249997,0.01399306930642886,0.0017491336633036075,0.22563061184883257,0.23262134127616738,0.1875,0.25,0,0,0,0.05662405979280534,64,0,1,0
atlas,9,16,2,periodic,64,64,0.8671874999999999,0.017607380306844094,0.0022009225383555118,0.8627893072606564,0.8715856927393434,0.8359375,0.9140625,64,1,0,0,1,1,1,1,64,1,0,0,1,1,1,1,64,110.99999999999999,2.253744679276044,0.2817180849095055,110.43703132936402,111.56296867063595,107,117,64,110.99999999999999,2.253744679276044,0.2817180849095055,110.43703132936402,111.56296867063595,107,117,64,0,0,0,0,0,0,0,64,1019.4375000000002,273.39261116802305,34.17407639600288,951.1460576346668,1087.7289423653338,609,1863,64,908.4375,273.406545073246,34.17581813415575,840.1425770487012,976.7324229512988,501,1753,64,0.06508749999999952,0.024757121790810663,0.003094640223851333,0.05890335497616196,0.07127164502383708,0.043299999999987904,0.1443000000000012,64,0,0,0,0,0,0,0,64,4.390624999999998,2.1793925722840717,0.27242407153550896,3.8462289330920223,4.935021066907974,0,9,64,1019.4375000000002,273.39261116802305,34.17407639600288,951.1460576346668,1087.7289423653338,609,1863,64,0,0,0,0,0,0,0,64,0.8835930525075657,0.029756767536696156,0.0037195959420870195,0.8761600331346976,0.8910260718804338,0.8186195826645265,0.940955448201825,64,9.187775193596673,2.4818601171426815,0.3102325146428352,8.567824981977738,9.807725405215608,5.513274336283186,16.936363636363637,64,1,0,0,1,1,1,1,64,0.1328125,0.017607380306844094,0.0022009225383555118,0.12841430726065653,0.13721069273934347,0.0859375,0.1640625,62,0.96875,0.8930270822904169,0.9913878616538281,2,0,1,0
atlas,9,16,3,periodic,64,64,0.8239746093749998,0.02178663193782362,0.0027233289922279527,0.8185324706392085,0.829416748110791,0.7734375,0.87890625,64,1,0,0,1,1,1,1,64,1,0,0,1,1,1,1,64,70.31249999999997,1.859125925360948,0.2323907406701185,69.84810416121245,70.7768958387875,66,75,64,70.31249999999997,1.859125925360948,0.2323907406701185,69.84810416121245,70.7768958387875,66,75,64,0,0,0,0,0,0,0,64,901.671875,386.5600450160075,48.32000562700094,805.112048740734,998.231701259266,278,2643,64,831.359375,386.3375186587664,48.2921898323458,734.8551341709158,927.8636158290842,208,2573,64,0.040110937500002386,0.026668822039016882,0.0033336027548771102,0.03344926396227265,0.04677261103773212,0.028599999999983083,0.1937000000000353,64,0,0,0,0,0,0,0,64,1.2343749999999996,1.3886408508676433,0.17358010635845542,0.8875028360888371,1.581247163911162,0,7,64,901.671875,386.5600450160075,48.32000562700094,805.112048740734,998.231701259266,278,2643,64,0,0,0,0,0,0,0,64,0.9096488858064055,0.03566141750120854,0.004457677187651068,0.9007409287568525,0.9185568428559584,0.7482014388489209,0.9735149451381007,64,12.814925671383946,5.482466935840495,0.6853083669800619,11.445446177519011,14.184405165248881,3.9714285714285715,37.75714285714286,64,1,0,0,1,1,1,1,64,0.17602539062499994,0.02178663193782362,0.0027233289922279527,0.1705832518892087,0.1814675293607912,0.12109375,0.2265625,40,0.625,0.502503786840045,0.7333401982117536,24,0,1,0
atlas,9,16,4,periodic,64,64,0.8037109375000001,0.028373980603673132,0.0035467475754591415,0.796623328025873,0.8107985469741272,0.75,0.890625,64,1,0,0,1,1,1,1,64,1,0,0,1,1,1,1,64,51.43750000000001,1.8159347586350805,0.22699184482938506,50.98389299365587,51.89110700634414,48,57,64,51.43750000000001,1.8159347586350805,0.22699184482938506,50.98389299365587,51.89110700634414,48,57,64,0,0,0,0,0,0,0,64,626.0468750000002,321.8922441058128,40.2365305132266,545.6405847850469,706.4531652149535,210,1600,64,574.609375,321.190227825189,40.14877847814863,494.3784432344317,654.8403067655684,160,1548,64,0.02910468750000028,0.011687918462922834,0.0014609898078653543,0.026185132334733366,0.0320242426652672,0.024099999999975807,0.1169999999999618,64,0,0,0,0,0,0,0,64,0.37500000000000006,0.9511897312113418,0.11889871640141772,0.1373998745613721,0.612600125438628,0,5,64,626.0468750000002,321.8922441058128,40.2365305132266,545.6405847850469,706.4531652149535,210,1600,64,0,0,0,0,0,0,0,64,0.8967352486529432,0.04801247758361706,0.006001559697952133,0.8847420885901669,0.9087284087157195,0.7619047619047619,0.9675,64,12.100017775989096,6.076076345757041,0.7595095432196302,10.582259063341906,13.617776488636286,4.2,30.76923076923077,64,1,0,0,1,1,1,1,64,0.1962890625,0.02837398060367313,0.003546747575459141,0.18920145302587288,0.20337667197412712,0.109375,0.25,13,0.203125,0.12273417819183653,0.3171363573101416,51,0,1,0
atlas,9,16,8,periodic,64,64,1,0,0,1,1,1,1,64,1,0,0,1,1,1,1,64,1,0,0,1,1,1,1,64,32,0,0,32,32,32,32,64,32,0,0,32,32,32,32,64,0,0,0,0,0,0,0,64,857.9375,304.71224390775893,38.08903048846987,781.8226461495824,934.0523538504176,405,1855,64,825.9375,304.71224390775893,38.08903048846987,749.8226461495824,902.0523538504176,373,1823,64,0.02717812499999716,0.011158731633423987,0.0013948414541779983,0.02439075677172469,0.029965493228269628,0.022699999999986176,0.09739999999999327,64,0,0,0,0,0,0,0,64,0,0,0,0,0,0,0,64,857.9375,304.71224390775893,38.08903048846987,781.8226461495824,934.0523538504176,405,1855,64,0,0,0,0,0,0,0,64,0.9582827145023044,0.013909725909425184,0.001738715738678148,0.954808168349785,0.9617572606548238,0.9209876543209876,0.9827493261455525,64,26.810546875,9.522257622117467,1.1902822027646833,24.43195769217445,29.18913605782555,12.65625,57.96875,64,1,0,0,1,1,1,1,64,0,0,0,0,0,0,0,0,0,0,0.05662405979280534,64,0,1,0
atlas,9,32,2,periodic,64,64,0.8641052246093751,0.009866202600899383,0.001233275325112423,0.8616407205271125,0.8665697286916377,0.841796875,0.892578125,64,1,0,0,1,1,1,1,64,1,0,0,1,1,1,1,64,442.42187500000006,5.051495731660484,0.6314369664575605,441.1600489098816,443.6837010901185,431,457,64,442.42187500000006,5.051495731660484,0.6314369664575605,441.1600489098816,443.6837010901185,431,457,64,0,0,0,0,0,0,0,64,5726.265625,1303.6218562897864,162.9527320362233,5400.630574057498,6051.900675942502,3885,9827,64,5283.843749999997,1304.3293991732376,163.0411748966547,4958.031960103798,5609.655539896196,3449,9385,64,0.3092718750000056,0.08160790007811415,0.010200987509764269,0.28888682808549604,0.3296569219145151,0.17430000000001655,0.5438000000000329,64,0,0,0,0,0,0,0,64,19.656249999999996,4.765013865966933,0.5956267332458667,18.4659849507456,20.846515049254393,9,29,64,5726.265625,1303.6218562897864,162.9527320362233,5400.630574057498,6051.900675942502,3885,9827,64,0,0,0,0,0,0,0,64,0.9189491250386237,0.017399853601580827,0.0021749817001976033,0.9146027709278781,0.9232954791493693,0.8877734877734877,0.9550218784980157,64,12.949193009730207,2.9783095326075073,0.3722886915759384,12.205233423832013,13.693152595628401,8.910550458715596,22.233031674208146,64,1,0,0,1,1,1,1,64,0.135894775390625,0.00986620260089939,0.0012332753251124238,0.1334302713083624,0.1383592794728876,0.107421875,0.158203125,64,1,0.9433759402071946,1,0,0,1,0
atlas,9,32,3,periodic,64,64,0.8231048583984376,0.01072860453522355,0.0013410755669029438,0.8204249327225115,0.8257847840743637,0.802734375,0.84375,64,1,0,0,1,1,1,1,64,1,0,0,1,1,1,1,64,280.953125,3.6620303480229723,0.45775379350287154,280.03837703595053,281.86787296404947,274,288,64,280.953125,3.6620303480229723,0.45775379350287154,280.03837703595053,281.86787296404947,274,288,64,0,0,0,0,0,0,0,64,4693.015625000001,1110.200603811926,138.77507547649074,4415.6957653839545,4970.335484616047,3021,8675,64,4412.062499999998,1110.4037857735889,138.8004732216986,4134.691887040014,4689.433112959982,2734,8397,64,0.11647968749998937,0.019638868002220405,0.0024548585002775506,0.1115740442327331,0.12138533076724564,0.10339999999996508,0.1916999999998552,64,0,0,0,0,0,0,0,64,5.218749999999999,2.7340809082209714,0.3417601135276214,4.535796909321265,5.901703090678733,0,13,64,4693.015625000001,1110.200603811926,138.77507547649074,4415.6957653839545,4970.335484616047,3021,8675,64,0,0,0,0,0,0,0,64,0.9370478620853343,0.01387658725086941,0.0017345734063586762,0.9335815937234294,0.9405141304472392,0.9049983449189011,0.9679538904899135,64,16.709447839055347,3.9884186066399225,0.4985523258299903,15.71317051378127,17.705725164329422,10.526132404181185,31.205035971223023,64,1,0,0,1,1,1,1,64,0.17689514160156253,0.010728604535223561,0.0013410755669029451,0.1742152159256364,0.17957506727748865,0.15625,0.197265625,63,0.984375,0.9166589839990573,0.9972364580766624,1,0,1,0
atlas,9,32,4,periodic,64,64,0.8037109375000001,0.012927492822837843,0.0016159366028547304,0.8004817458723723,0.8069401291276279,0.77734375,0.828125,64,1,0,0,1,1,1,1,64,1,0,0,1,1,1,1,64,205.75000000000003,3.309438162646488,0.413679770330811,204.9233269433273,206.57667305667275,199,212,64,205.75000000000003,3.309438162646488,0.413679770330811,204.9233269433273,206.57667305667275,199,212,64,0,0,0,0,0,0,0,64,3707.7968749999995,1132.2823583531178,141.53529479413973,3424.961157215246,3990.632592784753,1854,7082,64,3502.0468749999995,1131.8134546737617,141.47668183422022,3219.3282858693706,3784.7654641306285,1646,6874,64,0.19155312499998442,0.047540712606730894,0.005942589075841362,0.1796778083221898,0.20342844167777904,0.1347000000000662,0.37869999999975335,64,0,0,0,0,0,0,0,64,1.59375,1.64961515473463,0.20620189434182876,1.1816883945921468,2.005811605407853,0,7,64,3707.7968749999995,1132.2823583531178,141.53529479413973,3424.961157215246,3990.632592784753,1854,7082,64,0,0,0,0,0,0,0,64,0.9396540817918188,0.017273896058858203,0.0021592370073572754,0.9353391909391056,0.943968972644532,0.8878101402373247,0.970629765602937,64,18.013018341818867,5.471309450418467,0.6839136813023083,16.64632590488786,19.379710778749875,8.913461538461538,34.04807692307692,64,1,0,0,1,1,1,1,64,0.19628906249999994,0.012927492822837843,0.0016159366028547304,0.1930598708723721,0.19951825412762778,0.171875,0.22265625,43,0.671875,0.549991058490915,0.7742944209553081,21,0,1,0
atlas,9,32,8,periodic,64,64,0.7708740234374999,0.013993069306428858,0.0017491336633036073,0.7673786587238325,0.7743693881511673,0.75,0.8125,64,1,0,0,1,1,1,1,64,1,0,0,1,1,1,1,64,98.67187499999999,1.7911128712228939,0.22388910890286173,98.22446831665056,99.11928168334941,96,104,64,98.67187499999999,1.7911128712228939,0.22388910890286173,98.22446831665056,99.11928168334941,96,104,64,0,0,0,0,0,0,0,64,2391.4687500000005,1025.0453024251221,128.13066280314027,2135.420051780432,2647.517448219569,895,5483,64,2292.796875,1024.2405189334193,128.0300648666774,2036.949205715359,2548.6445442846407,799,5382,64,0.09427656249997797,0.024291057484370066,0.0030363821855462583,0.08820883687601316,0.10034428812394278,0.07510000000002037,0.2507999999997992,64,0,0,0,0,0,0,0,64,0,0,0,0,0,0,0,64,2391.4687500000005,1025.0453024251221,128.13066280314027,2135.420051780432,2647.517448219569,895,5483,64,0,0,0,0,0,0,0,64,0.950647088654033,0.02163702379433049,0.002704627974291311,0.9452423209205709,0.9560518563874951,0.8927374301675978,0.9815794273208098,64,24.16086376785655,10.206819904469372,1.2758524880586715,21.611276014692958,26.710451521020143,9.322916666666666,54.28712871287129,64,1,0,0,1,1,1,1,64,0.22912597656249997,0.01399306930642886,0.0017491336633036075,0.22563061184883257,0.23262134127616738,0.1875,0.25,0,0,0,0.05662405979280534,64,0,1,0
atlas,random-0.5,16,2,periodic,64,64,0.9083251953125001,0.014482149742754514,0.0018102687178443142,0.9047076619407748,0.9119427286842254,0.875,0.9375,64,-0.015276221267506624,0.10348979689606311,0.012936224612007888,-0.041127203376836535,0.01057476084182329,-0.25663716814159293,0.25,64,0.08408997594899759,0.06135015119723184,0.00766876889965398,0.06876516414559691,0.09941478775239826,0.008403361344537815,0.25663716814159293,64,116.26562500000001,1.8537151670725778,0.23171439588407222,115.80258072841917,116.72866927158086,112,120,64,57.26562499999999,6.279829609203975,0.7849787011504968,55.696970236475686,58.8342797635243,42,75,64,59.00000000000001,5.874345623806665,0.7342932029758331,57.532632122395995,60.46736787760402,45,71,64,1923.109375,695.8245791793212,86.97807239741515,1749.2975666179418,2096.921183382058,970,3829,64,1806.84375,695.8275926481186,86.97844908101483,1633.0311888758329,1980.6563111241671,856,3715,64,0.05111249999999946,0.03234020300119442,0.004042525375149302,0.04303415764866977,0.05919084235132915,0.020600000000001728,0.22049999999995862,64,0,0,0,0,0,0,0,64,0,0,0,0,0,0,0,0,,,,,,,,0,,,,,,,,64,0.9320955833569206,0.022287973355090182,0.0027859966693862728,0.9265282132611582,0.9376629534526829,0.8824742268041237,0.9702272133716375,64,16.544893920816698,6.028387199100757,0.7535483998875946,15.03904760256969,18.050740239063703,8.508771929824562,33.58771929824562,0,,,,,,,,64,0.09167480468750003,0.014482149742754526,0.0018102687178443158,0.0880572713157747,0.09529233805922535,0.0625,0.125,0,0,0,0.05662405979280534,64,1,0.09689223578783597,0
atlas,random-0.5,16,3,periodic,64,64,0.8470458984375,0.02320088429386473,0.002900110536733091,0.8412504899741547,0.8528413069008453,0.796875,0.9140625,64,-0.0031350676157490954,0.17542449541215985,0.02192806192651998,-0.046954802782419286,0.040684667550921094,-0.4647887323943662,0.3150684931506849,64,0.14235535210996422,0.10098031775715008,0.01262253971964376,0.1171312192386218,0.16757948498130665,0,0.4647887323943662,64,72.28124999999997,1.979808793076456,0.247476099134557,71.7867084777945,72.77579152220544,68,78,64,36.078125,6.688783996303539,0.8360979995379424,34.40731647000285,37.74893352999715,19,48,64,36.20312500000001,6.126133681930954,0.7657667102413692,34.67286233681195,37.73338766318806,25,52,64,1785.9375000000002,582.65154374512,72.83144296814,1640.3954747464795,1931.479525253521,868,3122,64,1713.6562499999998,582.5255418815937,72.8156927351992,1568.1456990755187,1859.1668009244809,794,3051,64,0.017221874999998835,0.00250570579038473,0.00031321322379809124,0.01659596831642949,0.01784778168356818,0.014999999999986358,0.03220000000004575,64,0,0,0,0,0,0,0,64,0,0,0,0,0,0,0,0,,,,,,,,0,,,,,,,,64,0.9549600332658048,0.015090836067748673,0.001886354508468584,0.9511904545739652,0.9587296119576444,0.9147465437788018,0.9772581678411275,64,24.710660001376063,8.058043922182723,1.0072554902728403,22.697820518487248,26.723499484264877,11.72972972972973,43.971830985915496,0,,,,,,,,64,0.1529541015625,0.02320088429386473,0.002900110536733091,0.1471586930991547,0.1587495100258453,0.0859375,0.203125,0,0,0,0.05662405979280534,64,0,0.16342744796151987,1
atlas,random-0.5,16,4,periodic,64,64,0.8066406249999999,0.027489513693320176,0.003436189211665022,0.7997739487865573,0.8135073012134425,0.734375,0.859375,64,-0.03516737880950781,0.23490099507273088,0.02936262438409136,-0.09384390155104547,0.023509143932029852,-0.6666666666666666,0.39622641509433965,64,0.1964353888387252,0.13128404710029717,0.016410505887537147,0.1636416096003845,0.22922916807706586,0,0.6666666666666666,64,51.62499999999999,1.7593288763724912,0.2199161095465614,51.185532722339666,52.06446727766032,47,55,64,24.859374999999993,5.9917064042658685,0.7489633005332336,23.36269127168429,26.356058728315695,9,37,64,26.765625,6.378889258687846,0.7973611573359808,25.172225872264256,28.359024127735744,16,45,64,1337.6562499999998,450.63106434287636,56.328883042859545,1225.0919593005449,1450.2205406994547,495,2533,64,1286.0312500000005,450.2426142718493,56.28032678398116,1173.5639912412553,1398.4985087587456,448,2482,64,0.01897499999999575,0.008983088166993235,0.0011228860208741544,0.016731091339853142,0.021218908660138355,0.015399999999999636,0.08280000000002019,64,0,0,0,0,0,0,0,64,0,0,0,0,0,0,0,0,,,,,,,,0,,,,,,,,64,0.9564639138587452,0.016292353242849954,0.0020365441553562443,0.9523942051064631,0.9605336226110273,0.9050505050505051,0.9798657718120806,64,25.87631134792355,8.627590032433455,1.0784487540541818,23.72120347966611,28.031419216180993,10.53191489361702,49.666666666666664,0,,,,,,,,64,0.19335937499999997,0.02748951369332019,0.0034361892116650237,0.1864926987865574,0.20022605121344256,0.140625,0.265625,0,0,0,0.05662405979280534,64,0,0.22383112382671225,1
atlas,random-0.5,16,8,periodic,64,64,0.7792968749999999,0.0775274768879979,0.009690934610999737,0.7599310874719217,0.798662662528078,0.625,1,64,-0.010332333000998678,0.5463232604149519,0.06829040755186899,-0.14679982307716258,0.12613515707516523,-1,0.92,64,0.4866663768584683,0.24077782916975715,0.030097228646219644,0.4265218646372112,0.5468108890797254,0,1,64,24.937499999999996,2.4808792604159327,0.3101099075519916,24.317794799101495,25.557205200898498,20,32,64,12.234374999999998,6.837669210929646,0.8547086513662058,10.52637604993169,13.942373950068307,0,24,64,12.703124999999998,7.2979224865058425,0.9122403108132303,10.880158202380205,14.526091797619792,1,32,64,1105.140625,851.5441970874172,106.44302463592715,892.4312134014936,1317.8500365985064,221,5022,64,1080.2031249999995,850.4506775296932,106.30633469121165,867.7668664597729,1292.6393835402262,198,4993,64,0.01625312500000575,0.001773881829778927,0.00022173522872236587,0.015810022502744738,0.01669622749726676,0.013599999999996726,0.02359999999998763,64,0,0,0,0,0,0,0,64,0,0,0,0,0,0,0,0,,,,,,,,0,,,,,,,,64,0.9667134092333286,0.020703807562764173,0.0025879759453455217,0.9615417519786762,0.971885066487981,0.8959276018099548,0.9942254082039028,64,43.33321122718405,30.78631300232892,3.848289125291115,35.64301904877316,51.02340340559494,9.608695652173912,173.17241379310346,0,,,,,,,,64,0.22070312500000003,0.0775274768879979,0.009690934610999737,0.20133733747192187,0.2400689125280782,0,0.375,0,0,0,0.05662405979280534,64,0,0.536910757227685,1
atlas,random-0.5,32,2,periodic,64,64,0.9064331054687501,0.008393271918130355,0.0010491589897662944,0.9043365285239501,0.9085296824135501,0.88671875,0.9296875,64,-0.0013283584760293526,0.057235345618461685,0.007154418202307711,-0.015625322427849156,0.012968605475790452,-0.12688172043010754,0.12742980561555076,64,0.04618912286452978,0.0333223380493744,0.0041652922561718,0.03786545047757402,0.054512795251485544,0,0.12742980561555076,64,464.09375000000006,4.297355222082742,0.5371694027603428,463.02030260426244,465.1671973957377,454,476,64,231.734375,13.375222517063126,1.6719028146328907,228.39334382236456,235.07540617763544,203,261,64,232.35937499999997,13.526419988245696,1.690802498530712,228.9805758177907,235.73817418220924,202,262,64,9996.906250000002,2717.3499679309407,339.6687459913676,9318.132423858275,10675.680076141729,6447,20173,64,9532.8125,2717.433101788968,339.679137723621,8854.017907638405,10211.607092361595,5987,19712,64,0.06806093749998611,0.013488873924144308,0.0016861092405180385,0.06469151704554008,0.07143035795443214,0.05870000000004438,0.14199999999982538,64,0,0,0,0,0,0,0,64,0,0,0,0,0,0,0,0,,,,,,,,0,,,,,,,,64,0.9508009371602665,0.010996655282324727,0.0013745819102905909,0.9480540543999172,0.9535478199206158,0.9282518129918222,0.9771476726317355,64,21.543428182521115,5.875237970536116,0.7344047463170145,20.07583740333617,23.01101896170606,13.93763440860215,43.759219088937094,0,,,,,,,,64,0.09356689453125003,0.008393271918130373,0.0010491589897662966,0.09147031758644994,0.09566347147605012,0.0703125,0.11328125,0,0,0,0.05662405979280534,64,1,0.05314267101104112,0
atlas,random-0.5,32,3,periodic,64,64,0.8480529785156251,0.009958594979061876,0.0012448243723827345,0.8455653955039748,0.8505405615272754,0.8291015625,0.873046875,64,-0.01528933147700819,0.09777735185355912,0.01222216898169489,-0.03971338727066844,0.009134724316652063,-0.20141342756183744,0.18055555555555555,64,0.0803589222877375,0.05690191069200629,0.007112738836500787,0.06614524790239623,0.09457259667307877,0,0.20141342756183744,64,289.46875,3.3992004195197874,0.4249000524399734,288.61965499869,290.31784500131,283,298,64,142.50000000000003,13.996598226167738,1.7495747782709672,139.00375378840943,145.99624621159063,113,170,64,146.96875,14.448560921365583,1.806070115170698,143.3596068662193,150.5778931337807,118,171,64,9661.328124999996,2539.206913145886,317.40086414323576,9027.053109951452,10295.60314004854,5145,15357,64,9371.859375,2538.7533552825353,317.3441694103169,8737.697655334796,10006.021094665204,4854,15070,64,0.09597343750000675,0.021408500330654234,0.002676062541331779,0.0906257532293424,0.10132112177067111,0.07589999999981956,0.20859999999993306,64,0,0,0,0,0,0,0,64,0,0,0,0,0,0,0,0,,,,,,,,0,,,,,,,,64,0.967963881927942,0.008416400166303628,0.0010520500207879535,0.9658615277186416,0.9700662361372424,0.9434402332361516,0.9813114540600377,64,33.36715413256361,8.72467577908119,1.0905844723851488,31.187794966352786,35.54651329877444,17.68041237113402,53.508710801393725,0,,,,,,,,64,0.15194702148437494,0.009958594979061874,0.0012448243723827343,0.1494594384727246,0.15443460449602528,0.126953125,0.1708984375,0,0,0,0.05662405979280534,64,1,0.09223294430381217,0
atlas,random-0.5,32,4,periodic,64,64,0.8082885742187497,0.013732498943220595,0.0017165623679025743,0.8048582980452046,0.8117188503922947,0.7734375,0.83203125,64,-0.011595309184133703,0.12485041185385713,0.015606301481732142,-0.04278201415388044,0.019591395785613037,-0.263681592039801,0.2912621359223301,64,0.0993264841942563,0.07551066815375412,0.009438833519219265,0.08046448049869678,0.11818848788981581,0,0.2912621359223301,64,206.92187499999991,3.515519729464472,0.439439966183059,206.04372429957238,207.80002570042745,198,213,64,102.26562500000003,13.072741769841258,1.6340927212301573,99.00015126492778,105.53109873507228,74,133,64,104.65625,13.016739832731389,1.6270924790914236,101.40476513260104,107.90773486739896,73,130,64,7990.562499999999,2575.6293166882783,321.9536645860348,7347.189439244604,8633.935560755393,4253,18676,64,7783.640625000002,2575.404079049908,321.9255098812385,7140.323826932664,8426.95742306734,4049,18469,64,0.06029531250008802,0.024494880771866727,0.003061860096483341,0.05417667333375892,0.06641395166641713,0.050900000000183354,0.2417000000000371,64,0,0,0,0,0,0,0,64,0,0,0,0,0,0,0,0,,,,,,,,0,,,,,,,,64,0.9717393088620204,0.008162373169606097,0.0010202966462007621,0.9697004087085195,0.9737782090155214,0.9520338584528568,0.9889162561576355,64,38.613092814429386,12.416573992328905,1.5520717490411131,35.511524913419464,41.71466071543931,20.848039215686274,90.22222222222223,0,,,,,,,,64,0.19171142578125003,0.0137324989432206,0.001716562367902575,0.18828114960770492,0.19514170195479513,0.16796875,0.2265625,0,0,0,0.05662405979280534,64,1,0.11508369384156157,0
atlas,random-0.5,32,8,periodic,64,64,0.7479248046875,0.02427976455254705,0.003034970569068381,0.7418598999539734,0.7539897094210266,0.6953125,0.8046875,64,-0.009949042388296973,0.2800716008394053,0.03500895010492566,-0.07990884673405542,0.06001076195746148,-0.8279569892473119,0.68,64,0.2077099696863416,0.186312662819108,0.0232890828523885,0.16117045122428925,0.25424948814839393,0.010101010101010102,0.8279569892473119,64,95.734375,3.107809862726022,0.3884762328407528,94.9580671941086,96.5106828058914,89,103,64,47.40625000000001,13.57485858910824,1.69685732363853,44.01535121529991,50.797148784700106,8,84,64,48.32812500000001,13.438932647881144,1.679866580985143,44.97117950519171,51.68507049480831,16,86,64,5223.031249999999,1892.205817597756,236.5257271997195,4750.372299987601,5695.690200012397,2467,10139,64,5127.296875,1892.1738877749528,236.5217359718691,4654.645900820029,5599.947849179971,2370,10040,64,0.06101249999996128,0.01085120869575956,0.001356401086969945,0.05830194871595004,0.06372305128397251,0.05029999999987922,0.09429999999974825,64,0,0,0,0,0,0,0,64,0,0,0,0,0,0,0,0,,,,,,,,0,,,,,,,,64,0.9791713735354718,0.007544270402205793,0.0009430338002757241,0.9772868708594135,0.9810558762115301,0.960680989055533,0.9902357234441267,64,54.60759453436138,19.927985033419553,2.490998129177444,49.6297319814828,59.585457087239966,25.432989690721648,102.41414141414141,0,,,,,,,,64,0.25207519531250006,0.02427976455254706,0.0030349705690683824,0.24601029057897347,0.2581401000460266,0.1953125,0.3046875,0,0,0,0.05662405979280534,64,0,0.2465888163416327,1
