experiment,controller,L,k,boundary,alpha,beta,initial_mode,engine,kinetic_kind,n,temporal_null,coverage_n,coverage_mean,coverage_sd,coverage_se,coverage_ciLow,coverage_ciHigh,order_n,order_mean,order_sd,order_se,order_ciLow,order_ciHigh,abs_order_n,abs_order_mean,abs_order_sd,abs_order_se,abs_order_ciLow,abs_order_ciHigh,order2_n,order2_mean,order2_sd,order2_se,order2_ciLow,order2_ciHigh,order4_n,order4_mean,order4_sd,order4_se,order4_ciLow,order4_ciHigh,particles_n,particles_mean,particles_sd,particles_se,particles_ciLow,particles_ciHigh,expected_attempts_n,expected_attempts_mean,expected_attempts_sd,expected_attempts_se,expected_attempts_ciLow,expected_attempts_ciHigh,expected_failures_n,expected_failures_mean,expected_failures_sd,expected_failures_se,expected_failures_ciLow,expected_failures_ciHigh,expected_switches_n,expected_switches_mean,expected_switches_sd,expected_switches_se,expected_switches_ciLow,expected_switches_ciHigh,expected_attempts_per_particle_n,expected_attempts_per_particle_mean,expected_attempts_per_particle_sd,expected_attempts_per_particle_se,expected_attempts_per_particle_ciLow,expected_attempts_per_particle_ciHigh,expected_failures_per_particle_n,expected_failures_per_particle_mean,expected_failures_per_particle_sd,expected_failures_per_particle_se,expected_failures_per_particle_ciLow,expected_failures_per_particle_ciHigh,expected_switch_fraction_n,expected_switch_fraction_mean,expected_switch_fraction_sd,expected_switch_fraction_se,expected_switch_fraction_ciLow,expected_switch_fraction_ciHigh,actual_attempts_n,actual_attempts_mean,actual_attempts_sd,actual_attempts_se,actual_attempts_ciLow,actual_attempts_ciHigh,actual_failures_n,actual_failures_mean,actual_failures_sd,actual_failures_se,actual_failures_ciLow,actual_failures_ciHigh,actual_switches_n,actual_switches_mean,actual_switches_sd,actual_switches_se,actual_switches_ciLow,actual_switches_ciHigh,actual_attempts_per_particle_n,actual_attempts_per_particle_mean,actual_attempts_per_particle_sd,actual_attempts_per_particle_se,actual_attempts_per_particle_ciLow,actual_attempts_per_particle_ciHigh,actual_failures_per_particle_n,actual_failures_per_particle_mean,actual_failures_per_particle_sd,actual_failures_per_particle_se,actual_failures_per_particle_ciLow,actual_failures_per_particle_ciHigh,actual_switch_fraction_n,actual_switch_fraction_mean,actual_switch_fraction_sd,actual_switch_fraction_se,actual_switch_fraction_ciLow,actual_switch_fraction_ciHigh,accepted_pairs_n,accepted_pairs_mean,accepted_pairs_sd,accepted_pairs_se,accepted_pairs_ciLow,accepted_pairs_ciHigh,accepted_switches_n,accepted_switches_mean,accepted_switches_sd,accepted_switches_se,accepted_switches_ciLow,accepted_switches_ciHigh,accepted_switch_fraction_n,accepted_switch_fraction_mean,accepted_switch_fraction_sd,accepted_switch_fraction_se,accepted_switch_fraction_ciLow,accepted_switch_fraction_ciHigh,accepted_lag1_n,accepted_lag1_mean,accepted_lag1_sd,accepted_lag1_se,accepted_lag1_ciLow,accepted_lag1_ciHigh,trial_switch_fraction_n,trial_switch_fraction_mean,trial_switch_fraction_sd,trial_switch_fraction_se,trial_switch_fraction_ciLow,trial_switch_fraction_ciHigh,trial_lag1_n,trial_lag1_mean,trial_lag1_sd,trial_lag1_se,trial_lag1_ciLow,trial_lag1_ciHigh,success_flips_n,success_flips_mean,success_flips_sd,success_flips_se,success_flips_ciLow,success_flips_ciHigh,failure_flips_n,failure_flips_mean,failure_flips_sd,failure_flips_se,failure_flips_ciLow,failure_flips_ciHigh,controller_flips_n,controller_flips_mean,controller_flips_sd,controller_flips_se,controller_flips_ciLow,controller_flips_ciHigh,accepted_run_count_n,accepted_run_count_mean,accepted_run_count_sd,accepted_run_count_se,accepted_run_count_ciLow,accepted_run_count_ciHigh,accepted_mean_run_length_n,accepted_mean_run_length_mean,accepted_mean_run_length_sd,accepted_mean_run_length_se,accepted_mean_run_length_ciLow,accepted_mean_run_length_ciHigh,accepted_max_run_length_n,accepted_max_run_length_mean,accepted_max_run_length_sd,accepted_max_run_length_se,accepted_max_run_length_ciLow,accepted_max_run_length_ciHigh,trial_run_count_n,trial_run_count_mean,trial_run_count_sd,trial_run_count_se,trial_run_count_ciLow,trial_run_count_ciHigh,trial_mean_run_length_n,trial_mean_run_length_mean,trial_mean_run_length_sd,trial_mean_run_length_se,trial_mean_run_length_ciLow,trial_mean_run_length_ciHigh,trial_max_run_length_n,trial_max_run_length_mean,trial_max_run_length_sd,trial_max_run_length_se,trial_max_run_length_ciLow,trial_max_run_length_ciHigh,conditional_mean_attempts_sum_n,conditional_mean_attempts_sum_mean,conditional_mean_attempts_sum_sd,conditional_mean_attempts_sum_se,conditional_mean_attempts_sum_ciLow,conditional_mean_attempts_sum_ciHigh,conditional_mean_attempts_per_particle_n,conditional_mean_attempts_per_particle_mean,conditional_mean_attempts_per_particle_sd,conditional_mean_attempts_per_particle_se,conditional_mean_attempts_per_particle_ciLow,conditional_mean_attempts_per_particle_ciHigh,elapsed_ms_n,elapsed_ms_mean,elapsed_ms_sd,elapsed_ms_se,elapsed_ms_ciLow,elapsed_ms_ciHigh,deadlock_count,deadlock_rate,deadlock_ciLow,deadlock_ciHigh,S_quantile_0,S_quantile_1,S_quantile_0.025,S_quantile_0.05,S_quantile_0.1,S_quantile_0.25,S_quantile_0.5,S_quantile_0.75,S_quantile_0.9,S_quantile_0.95,S_quantile_0.975,binder_moment_ratio,dkw_epsilon
large_size,alternating,1024,4,periodic,1,1,fair,event,sampled-actual,64,1,64,0.8103801608085631,0.0004085177590415213,0.000051064719880190165,0.8102781161085341,0.8104822055085922,64,0.0008325165564052934,0.0026301884305640105,0.0003287735538205013,0.00017551503449716316,0.0014895180783134237,64,0.00221365866112093,0.0016260102592274344,0.0002032512824034293,0.0018074933831748261,0.0026198239390670336,64,0.000007502882947269938,0.000008891154336191136,0.000001111394292023892,0.000005281938674792467,0.00000972382721974741,64,1.341106806780611e-10,2.488574773904414e-10,3.110718467380518e-11,7.194793238071659e-11,1.962734289754056e-10,64,212436.29687499997,107.09047942618056,13.38630992827257,212409.54646915555,212463.0472808444,0,,,,,,0,,,,,,0,,,,,,0,,,,,,0,,,,,,0,,,,,,64,22656224.140624996,2259714.4380632807,282464.3047579101,22091764.268612333,23220684.01263766,64,22443787.843750007,2259711.5156783415,282463.9394597927,21879328.701727383,23008246.985772632,64,22656223.140624996,2259714.4380632807,282464.3047579101,22091763.268612333,23220683.01263766,64,106.64937903794895,10.635341086647875,1.3294176358309844,103.99274987832582,109.30600819757207,64,105.64937903794895,10.635341086647875,1.3294176358309844,102.99274987832582,108.30600819757207,64,0.9999999554480603,4.246416283533819e-9,5.308020354417274e-10,0.9999999543873371,0.9999999565087835,64,212435.29687499997,107.09047942618056,13.38630992827257,212408.54646915555,212462.0472808444,64,130240.921875,218.40455433703602,27.300569292129502,130186.36604054963,130295.47770945037,64,0.6130852286073297,0.0010404425678211824,0.0001300553209776478,0.6128253337866495,0.61334512342801,64,-0.22617045721465923,0.002080885135642372,0.0002601106419552965,-0.2266902468560196,-0.22565066757329885,64,1,0,0,1,1,64,-1,0,0,-1,-1,64,212436.29687499997,107.09047942618056,13.38630992827257,212409.54646915555,212463.0472808444,64,22443787.843750007,2259711.5156783415,282463.9394597927,21879328.701727383,23008246.985772632,64,22656224.140624996,2259714.4380632807,282464.3047579101,22091764.268612333,23220684.01263766,64,130241.921875,218.40455433703602,27.300569292129502,130187.36604054963,130296.47770945037,64,1.6310943684077102,0.00276756642449262,0.0003459458030615775,1.6304030508839373,1.631785685931483,64,16.281250000000007,1.5883379553223123,0.19854224441528903,15.884494983581874,16.67800501641814,64,22656224.140624996,2259714.4380632807,282464.3047579101,22091764.268612333,23220684.01263766,64,1,0,0,1,1,0,,,,,,64,22988608.678919893,49822.27775992533,6227.784719990666,22976163.444223844,23001053.913615942,64,108.21414519821343,0.2360956727628456,0.0295119590953557,108.15517025386397,108.27312014256289,64,133.48625781250166,16.428743454919704,2.053592931864963,129.38247979892188,137.59003582608145,0,0,0,0.05662405979280534,-0.005421431596781025,0.005883653226602954,-0.003639854078346484,-0.002676836685286744,-0.002217522504092507,-0.001108140623336808,0.0004637058919199273,0.003183039207783844,0.004358691191190067,0.004756807351637595,0.0051441477622936604,0.20588066554169526,0.16976268946757744
large_size,alternating,1024,8,periodic,1,1,fair,event,sampled-actual,64,1,64,0.7475552558898925,0.000768677312673323,0.00009608466408416538,0.7473632460101386,0.7477472657696463,64,-0.000827136133493638,0.005148836762875277,0.0006436045953594097,-0.002113277289752998,0.000459005022765722,64,0.004109044731154522,0.003170690971314637,0.00039633637141432964,0.003317029691681712,0.004901059770627333,64,0.00002678044731889901,0.00003558443025675006,0.000004448053782093757,0.00001789172111082837,0.00003566917352696965,64,1.9636588528494357e-9,4.4976346041185705e-9,5.622043255148213e-10,8.401831559926444e-10,3.087134549706227e-9,64,97983.56249999999,100.7520727267178,12.594009090839725,97958.39538104089,98008.72961895909,0,,,,,,0,,,,,,0,,,,,,0,,,,,,0,,,,,,0,,,,,,64,20614512.921874996,2719634.667003099,339954.33337538736,19935168.39488535,21293857.448864643,64,20516529.359375004,2719654.7761451844,339956.84701814805,19837179.80927112,21195878.909478888,64,20614511.921874996,2719634.667003099,339954.33337538736,19935167.39488535,21293856.448864643,64,210.39328578761098,27.803329044662032,3.475416130582754,203.44822083173693,217.33835074348502,64,209.39328578761098,27.803329044662032,3.475416130582754,202.44822083173693,216.33835074348502,64,0.9999999506916353,6.2413609549251446e-9,7.801701193656431e-10,0.9999999491325897,0.9999999522506808,64,97982.56249999999,100.7520727267178,12.594009090839725,97957.39538104089,98007.72961895909,64,57299.015625,146.6981018463348,18.33726273079185,57262.3715294462,57335.6597205538,64,0.5847880442296912,0.0014381497480203467,0.00017976871850254334,0.5844288051112306,0.5851472833481518,64,-0.16957608845938255,0.0028762994960406904,0.0003595374370050863,-0.1702945666963038,-0.1688576102224613,64,1,0,0,1,1,64,-1,0,0,-1,-1,64,97983.56249999999,100.7520727267178,12.594009090839725,97958.39538104089,98008.72961895909,64,20516529.359375004,2719654.7761451844,339956.84701814805,19837179.80927112,21195878.909478888,64,20614512.921874996,2719634.667003099,339954.33337538736,19935168.39488535,21293857.448864643,64,57300.015625,146.6981018463348,18.33726273079185,57263.3715294462,57336.6597205538,64,1.7100190715147556,0.004206345828479127,0.0005257932285598908,1.7089683575891415,1.7110697854403698,64,15.593749999999998,1.7881332822025982,0.22351666027532477,15.147087595842983,16.040412404157014,64,20614512.921874996,2719634.667003099,339954.33337538736,19935168.39488535,21293857.448864643,64,1,0,0,1,1,0,,,,,,64,20313685.931911975,72287.53157414893,9035.941446768617,20295629.043779053,20331742.820044897,64,207.3173135828481,0.7153582698216937,0.08941978372771171,207.13862240372157,207.49600476197463,64,123.41935781249954,26.401000119108364,3.3001250148885455,116.82458419986092,130.01413142513817,0,0,0,0.05662405979280534,-0.012054839302862514,0.011511817440912795,-0.011304208396640123,-0.009538624740245869,-0.007476482762422347,-0.0038811720639675656,-0.0004849184163325987,0.002129688651677808,0.00548138019322497,0.007246428038072075,0.00837285806979614,0.08733975885181022,0.16976268946757744
large_size,alternating,128,4,periodic,1,1,fair,event,sampled-actual,128,1,128,0.8096485137939452,0.0031730048892807936,0.00028045665924356496,0.8090935406779965,0.8102034869098939,128,-0.0010242265194042952,0.021488350174153705,0.0018993197655819017,-0.004782637574184981,0.0027341845353763905,128,0.017365449196951373,0.012604490809707165,0.0011140901156184316,0.015160865912746275,0.01957003248115647,128,0.00045919081759817276,0.0005617021399068551,0.000049647924016891506,0.00036094653569610554,0.00055743509950024,128,5.239005845832313e-7,0.0000011009122316356748,9.73078130601001e-8,3.313459832206931e-7,7.164551859457695e-7,128,3316.3203124999995,12.99662802649413,1.148750476261642,3314.047142617074,3318.5934823829252,0,,,,,,0,,,,,,0,,,,,,0,,,,,,0,,,,,,0,,,,,,128,222174.5703124999,41566.36920791706,3673.9826920277314,214904.42159135532,229444.7190336445,128,218858.2500000001,41566.70375745282,3674.0122623084044,211588.04276460645,226128.45723539373,128,222173.5703124999,41566.36920791706,3673.9826920277314,214903.42159135532,229443.7190336445,128,66.9965667449596,12.541740510746383,1.1085437203788502,64.80295877600176,69.19017471391743,128,65.99656674495958,12.541740510746386,1.1085437203788504,63.802958776001745,68.19017471391741,128,0.9999953474950443,8.39120585514009e-7,7.416848203127274e-8,0.9999952007290032,0.9999954942610854,128,3315.3203124999995,12.99662802649413,1.148750476261642,3313.047142617074,3317.5934823829252,128,2030.7890625000007,28.749707932443226,2.54113917952041,2025.7606066511669,2035.8175183488345,128,0.6125481996943316,0.008434093826331899,0.0007454756172203601,0.6110730379803313,0.6140233614083319,128,-0.22509639938866366,0.016868187652663836,0.0014909512344407237,-0.22804672281666427,-0.22214607596066305,128,1,0,0,1,1,128,-1,0,0,-1,-1,128,3316.3203124999995,12.99662802649413,1.148750476261642,3314.047142617074,3318.5934823829252,128,218858.2500000001,41566.70375745282,3674.0122623084044,211588.04276460645,226128.45723539373,128,222174.5703124999,41566.36920791706,3673.9826920277314,214904.42159135532,229444.7190336445,128,2031.7890625000007,28.749707932443226,2.54113917952041,2026.7606066511669,2036.8175183488345,128,1.6325218441816696,0.02260313815206943,0.0019978540329280824,1.6285684515938266,1.6364752367695126,128,10.429687500000002,1.560756901730443,0.13795272362466277,10.156703955626057,10.702671044373947,128,222174.5703124999,41566.36920791706,3673.9826920277314,214904.42159135532,229444.7190336445,128,1,0,0,1,1,0,,,,,,128,222231.90373907748,4314.523591299567,381.35361112465745,221477.27376375452,222986.53371440043,128,67.01179290995924,1.2822687809537914,0.1133376187895292,66.78751821588182,67.23606760403666,128,1.9541992187499975,0.785171953532194,0.06940005159251289,1.816869040949348,2.091529396550647,0,0,0,0.029136956273508416,-0.05183388905729009,0.0430563978168587,-0.04276948610289947,-0.040346814860553665,-0.03271774029668766,-0.015359133705829375,0.0015010529000603395,0.01444801245560259,0.02624151776799778,0.030819905420829685,0.033633784926416305,0.1717885344386687,0.12004034891499009
large_size,alternating,128,8,periodic,1,1,fair,event,sampled-actual,128,1,128,0.748058319091797,0.006003217443903735,0.0005306144704402129,0.7470083288122938,0.7491083093713001,128,-0.004911226676636841,0.04719191014910011,0.004171214960446867,-0.013165308323813834,0.0033428549705401536,128,0.03973188652402599,0.02569695596393421,0.002271311477243747,0.0352373710034613,0.04422640204459068,128,0.0022337974967437915,0.0024708771111064346,0.00021839674509274828,0.0018016297512387447,0.0026659652422488384,128,0.000011047387816381408,0.000021191311226471045,0.000001873064983809036,0.000007340930236652229,0.000014753845396110588,128,1532.0234375000002,12.294589325114849,1.086698435461556,1529.8730574075778,1534.1738175924227,0,,,,,,0,,,,,,0,,,,,,0,,,,,,0,,,,,,0,,,,,,128,176820.67187499994,38894.04720096654,3437.780565449137,170017.9245360674,183623.41921393247,128,175288.64843750003,38894.33187670502,3437.805727467277,168485.85130747448,182091.44556752557,128,176819.67187499994,38894.04720096654,3437.780565449137,170016.9245360674,183622.41921393247,128,115.42813937664745,25.452020223116467,2.2496620118328496,110.97646424115372,119.87981451214118,128,114.42813937664745,25.452020223116467,2.2496620118328496,109.97646424115372,118.87981451214118,128,0.9999940930766094,0.0000012063761491521125,1.0662959446589657e-7,0.9999938820758848,0.9999943040773339,128,1531.0234375000002,12.294589325114849,1.086698435461556,1528.8730574075778,1533.1738175924227,128,895.4687500000001,20.377514819923956,1.8011348641121996,891.9046291462605,899.0328708537397,128,0.5848911295598732,0.01285278657723725,0.0011360365682384869,0.5826431182065062,0.5871391409132403,128,-0.1697822591197467,0.02570557315447451,0.0022720731364769746,-0.1742782818264809,-0.16528623641301252,128,1,0,0,1,1,128,-1,0,0,-1,-1,128,1532.0234375000002,12.294589325114849,1.086698435461556,1529.8730574075778,1534.1738175924227,128,175288.64843750003,38894.33187670502,3437.805727467277,168485.85130747448,182091.44556752557,128,176820.67187499994,38894.04720096654,3437.780565449137,170017.9245360674,183623.41921393247,128,896.4687500000001,20.377514819923956,1.8011348641121996,892.9046291462605,900.0328708537397,128,1.709743954830159,0.0374789653337075,0.0033127038174150135,1.7031887118035736,1.7162991978567443,128,10.140625000000009,2.3164403012578028,0.20474633065415015,9.73546896124285,10.545781038757168,128,176820.67187499994,38894.04720096654,3437.780565449137,170017.9245360674,183623.41921393247,128,1,0,0,1,1,0,,,,,,128,182016.71226671888,6758.334534253131,597.358022337202,180834.64854290657,183198.7759905312,128,118.80908147283975,4.335240443840875,0.3831847394892576,118.05082802493838,119.56733492074112,128,2.1454078125000025,0.8418607966186513,0.07441068476301965,1.9981624959003241,2.2926531290996808,0,0,0,0.029136956273508416,-0.1036745406824147,0.09278350515463918,-0.09199523319040889,-0.07772083687319299,-0.06701665217107321,-0.04088373381851643,-0.004228191899424776,0.03293571057261676,0.05448891454046093,0.07566376578298702,0.08451760104302478,0.26200954373260843,0.12004034891499009
large_size,alternating,2048,4,periodic,1,1,fair,event,sampled-actual,64,1,64,0.8103789687156677,0.0001909283666880509,0.000023866045836006362,0.810331276228684,0.8104266612026515,64,-0.000011833143611996135,0.0014745126243325302,0.00018431407804156628,-0.0003801554383197886,0.0003564891510957963,64,0.001163098712461506,0.0008944596784529928,0.0001118074598066241,0.0009396693325736717,0.0013865280923493404,64,0.0000021403558232394353,0.0000030337451403737322,3.7921814254671653e-7,0.0000013825488345289249,0.0000028981628119499457,64,1.3640926227179616e-11,4.081107235056679e-11,5.101384043820849e-12,3.4466236694440445e-12,2.383522878491519e-11,64,849743.9375,200.20290302828965,25.025362878536207,849693.9283027685,849793.9466972315,0,,,,,,0,,,,,,0,,,,,,0,,,,,,0,,,,,,0,,,,,,64,105733012.76562499,15264527.275698114,1908065.9094622643,101920047.30094485,109545978.23030512,64,104883268.82812499,15264500.193591792,1908062.524198974,101070310.12835373,108696227.52789624,64,105733011.76562499,15264527.275698114,1908065.9094622643,101920046.30094485,109545977.23030512,64,124.42870714977568,17.959351096163918,2.2449188870204897,119.9425947231721,128.91481957637924,64,123.42870714977568,17.959351096163918,2.2449188870204897,118.9425947231721,127.91481957637924,64,0.9999999903719072,1.212925115472758e-9,1.5161563943409476e-10,0.9999999900689276,0.9999999906748869,64,849742.9375,200.20290302828965,25.025362878536207,849692.9283027685,849792.9466972315,64,520999.578125,428.69968785971884,53.587460982464854,520892.492129148,521106.664120852,64,0.6131261266615057,0.000509658306913042,0.00006370728836413025,0.6129988178043135,0.6132534355186978,64,-0.22625225332301138,0.0010193166138260943,0.00012741457672826178,-0.22650687103739559,-0.22599763560862718,64,1,0,0,1,1,64,-1,0,0,-1,-1,64,849743.9375,200.20290302828965,25.025362878536207,849693.9283027685,849793.9466972315,64,104883268.82812499,15264500.193591792,1908062.524198974,101070310.12835373,108696227.52789624,64,105733012.76562499,15264527.275698114,1908065.9094622643,101920047.30094485,109545978.23030512,64,521000.578125,428.69968785971884,53.587460982464854,520893.492129148,521107.664120852,64,1.6309856882957907,0.0013559360053492123,0.00016949200066865153,1.6306469855592216,1.6313243910323598,64,18.296875,1.8316415354227238,0.22895519192784047,17.839344557549982,18.754405442450018,64,105733012.76562499,15264527.275698114,1908065.9094622643,101920047.30094485,109545978.23030512,64,1,0,0,1,1,0,,,,,,64,103619748.76144189,58061.172239621774,7257.646529952722,103605245.5121378,103634252.01074597,64,121.94232505708746,0.06800700315264019,0.008500875394080024,121.92533741314055,121.95931270103436,64,822.7970312499999,61.041110791017076,7.6301388488771344,807.5494154432263,838.0446470567736,0,0,0,0.05662405979280534,-0.003116525585745631,0.00412762566778204,-0.002547280934533112,-0.0018091509744840425,-0.001572831385388353,-0.001196191890690066,-0.0002406372994853492,0.0009474230977533169,0.0018609814460904474,0.002619936266625848,0.0029390079004346934,0.007453989041951159,0.16976268946757744
large_size,alternating,2048,8,periodic,1,1,fair,event,sampled-actual,64,1,64,0.7477752864360809,0.0003085241506993495,0.00003856551883741869,0.7476982193962448,0.747852353475917,64,0.000052054373594775165,0.003223907634671691,0.00040298845433396136,-0.0007532537928685452,0.0008573625400580955,64,0.0026273991336730517,0.0018394379245714261,0.00022992974057142827,0.002167921211157892,0.0030868770561882112,64,0.000010233890400378286,0.000013538229871643382,0.0000016922787339554228,0.000006852141197069505,0.000013615639603687067,64,2.851523734710143e-10,7.426342647992323e-10,9.282928309990404e-11,9.964785351934127e-11,4.706568934226874e-10,64,392049.609375,161.75550992186055,20.21943874023257,392009.2040508184,392090.0146991816,0,,,,,,0,,,,,,0,,,,,,0,,,,,,0,,,,,,0,,,,,,64,93012286.65625001,9585204.755510151,1198150.594438769,90617973.7473377,95406599.56516233,64,92620237.046875,9585244.085790755,1198155.5107238444,90225914.3135509,95014559.7801991,64,93012285.65625001,9585204.755510151,1198150.594438769,90617972.7473377,95406598.56516233,64,237.24867079466023,24.474250120849582,3.059281265106198,231.1351850116244,243.36215657769606,64,236.24867079466023,24.474250120849582,3.059281265106198,230.1351850116244,242.36215657769606,64,0.9999999891430696,1.050400083648674e-9,1.3130001045608425e-10,0.9999999888806875,0.9999999894054518,64,392048.609375,161.75550992186055,20.21943874023257,392008.2040508184,392089.0146991816,64,229302.9375,299.4854250898887,37.435678136236085,229228.12826664362,229377.74673335638,64,0.5848839902735797,0.0007606350273388528,0.0000950793784173566,0.5846939892969306,0.5850739912502289,64,-0.16976798054715947,0.0015212700546776996,0.00019015875683471245,-0.17014798250045762,-0.16938797859386132,64,1,0,0,1,1,64,-1,0,0,-1,-1,64,392049.609375,161.75550992186055,20.21943874023257,392009.2040508184,392090.0146991816,64,92620237.046875,9585244.085790755,1198155.5107238444,90225914.3135509,95014559.7801991,64,93012286.65625001,9585204.755510151,1198150.594438769,90617973.7473377,95406599.56516233,64,229303.9375,299.4854250898887,37.435678136236085,229229.12826664362,229378.74673335638,64,1.7097405146015092,0.002223509001745784,0.000277938625218223,1.7091850985784032,1.7102959306246153,64,17.5,1.532712089469627,0.19158901118370336,17.11713991145015,17.88286008854985,64,93012286.65625001,9585204.755510151,1198150.594438769,90617973.7473377,95406599.56516233,64,1,0,0,1,1,0,,,,,,64,92913132.90428825,140867.3281613017,17608.416020162713,92877945.29266559,92948320.51591091,64,236.99329457905733,0.33801409383241166,0.04225176172905146,236.90886117060126,237.0777279875134,64,2110.615881249989,59.66560690293092,7.458200862866365,2095.71185609146,2125.5199064085177,0,0,0,0.05662405979280534,-0.006629106831195076,0.008305444453514,-0.005196955518664408,-0.004406412433635134,-0.0034764482874745906,-0.00248294849508935,0.0001784406552538813,0.0020833545148051637,0.004125707713924205,0.005610652041946754,0.006622853460247261,0.09244236882954393,0.16976268946757744
large_size,alternating,256,4,periodic,1,1,fair,event,sampled-actual,128,1,128,0.8105201721191404,0.0018104130662008556,0.00016001941948241935,0.8102035225659368,0.810836821672344,128,-0.0019173484358711572,0.010294506309132274,0.0009099144025193909,-0.0037179048304839908,-0.00011679204125832347,128,0.008147019834025052,0.006541060331767943,0.0005781535145929301,0.007002958365291459,0.009291081302758646,128,0.00010882514095338963,0.0001589221165236386,0.00001404686328429794,0.00008102893348512077,0.0001366213484216585,128,3.690183605575032e-8,1.0628403433372336e-7,9.394270176154954e-9,1.831227071689861e-8,5.5491401394602034e-8,128,13279.562499999996,29.66180767663482,2.6217581687999587,13274.374513720308,13284.750486279685,0,,,,,,0,,,,,,0,,,,,,0,,,,,,0,,,,,,0,,,,,,128,1086739.3749999993,170335.30456715147,15055.656116863587,1056946.9485681814,1116531.8014318172,128,1073459.8125000002,170336.64150446226,15055.774286543397,1043667.1522317114,1103252.472768289,128,1086738.3749999993,170335.30456715147,15055.656116863587,1056945.9485681814,1116530.8014318172,128,81.83716382714235,12.838650195639698,1.1347870768273531,79.59162499178805,84.08270266249664,128,80.83716382714235,12.838650195639698,1.1347870768273531,78.59162499178805,83.08270266249664,128,0.9999990591584199,1.3534286229181217e-7,1.1962731963967182e-8,0.9999990354863322,0.9999990828305076,128,13278.562499999996,29.66180767663482,2.6217581687999587,13273.374513720308,13283.750486279685,128,8141.734374999999,56.463002223391804,4.990671469788931,8131.858736804296,8151.610013195702,128,0.6131494169926107,0.004122421513212171,0.00036437402586270433,0.6124283865522953,0.6138704474329262,128,-0.22629883398522146,0.008244843026424345,0.0007287480517254089,-0.22774089486585233,-0.2248567731045906,128,1,0,0,1,1,128,-1,0,0,-1,-1,128,13279.562499999996,29.66180767663482,2.6217581687999587,13274.374513720308,13284.750486279685,128,1073459.8125000002,170336.64150446226,15055.774286543397,1043667.1522317114,1103252.472768289,128,1086739.3749999993,170335.30456715147,15055.656116863587,1056946.9485681814,1116531.8014318172,128,8142.734374999999,56.463002223391804,4.990671469788931,8132.858736804296,8152.610013195702,128,1.6309195577978177,0.010975404536155087,0.0009700978717226069,1.6289999091786793,1.6328392064169561,128,12.578125000000004,1.5953148678424127,0.14100724514738636,12.299097108767723,12.857152891232284,128,1086739.3749999993,170335.30456715147,15055.656116863587,1056946.9485681814,1116531.8014318172,128,1,0,0,1,1,0,,,,,,128,1073274.8907729185,9726.211135607806,859.6837311550488,1071573.7318120426,1074976.0497337943,128,80.82165396071512,0.7209220700930274,0.0637211105587279,80.69556138236855,80.9477465390617,128,6.699615624999991,1.5517743580612848,0.137158771432067,6.428203168734375,6.971028081265607,0,0,0,0.029136956273508416,-0.02995096190116937,0.024162589386526157,-0.022035066313772434,-0.018270057364987793,-0.015506514774724062,-0.008047327832048128,-0.001953422892969292,0.00484055747011896,0.010417105811469032,0.01596159439464395,0.01886661898390511,-0.0386476520281025,0.12004034891499009
large_size,alternating,256,8,periodic,1,1,fair,event,sampled-actual,128,1,128,0.7479743957519532,0.002983084734582561,0.00026366993058467514,0.7474526405425985,0.748496150961308,128,0.0008985894913590714,0.023596608272632262,0.002085665215322607,-0.003228565579571508,0.005025744562289651,128,0.019284114288126986,0.013520669853529897,0.0011950696674519392,0.016919287084842263,0.021648941491411708,128,0.0005532573856556319,0.0007684969134617024,0.00006792617235371264,0.00041884374888451334,0.0006876710224267505,128,8.920672758920417e-7,0.0000029359053952904,2.5949982674150166e-7,3.785639494839558e-7,0.0000014055706023001275,128,6127.406250000001,24.43743014570034,2.1599840713496588,6123.132031324967,6131.680468675035,0,,,,,,0,,,,,,0,,,,,,0,,,,,,0,,,,,,0,,,,,,128,886132.5859374998,145916.44698669476,12897.313643867403,860611.1297538255,911654.042121174,128,880005.1796875001,145912.20380619855,12896.93859615457,854484.4656555664,905525.8937194338,128,886131.5859374998,145916.44698669476,12897.313643867403,860610.1297538255,911653.042121174,128,144.60379676350178,23.696762761868037,2.0945177051357184,140.45912421279826,148.7484693142053,128,143.60379676350178,23.696762761868037,2.0945177051357184,139.45912421279826,147.7484693142053,128,0.999998844426549,1.6995961263504767e-7,1.5022449327760128e-8,0.9999988146998328,0.9999988741532652,128,6126.406250000001,24.43743014570034,2.1599840713496588,6122.132031324967,6130.680468675035,128,3578.9140625,42.010689930129885,3.713255466490031,3571.5662000455673,3586.2619249544327,128,0.5841791150671751,0.006518898332732535,0.0005761946521176067,0.5830389298337735,0.5853193003005768,128,-0.16835823013434978,0.013037796665465111,0.001152389304235217,-0.17063860060115305,-0.1660778596675465,128,1,0,0,1,1,128,-1,0,0,-1,-1,128,6127.406250000001,24.43743014570034,2.1599840713496588,6123.132031324967,6131.680468675035,128,880005.1796875001,145912.20380619855,12896.93859615457,854484.4656555664,905525.8937194338,128,886132.5859374998,145916.44698669476,12897.313643867403,860611.1297538255,911654.042121174,128,3579.9140625,42.010689930129885,3.713255466490031,3572.5662000455673,3587.2619249544327,128,1.711816143136532,0.01908552823404072,0.0016869383046021881,1.7084779966655466,1.7151542896075174,128,11.609375000000002,1.603315339769491,0.14171439364142757,11.328947789513776,11.889802210486227,128,886132.5859374998,145916.44698669476,12897.313643867403,860611.1297538255,911654.042121174,128,1,0,0,1,1,0,,,,,,128,908041.2514385559,15740.026485185836,1391.2349329663452,905288.2485758411,910794.2543012707,128,148.19450837371778,2.563720219134655,0.22660299400189698,147.74610194256468,148.64291480487088,128,5.7838078125000285,1.9633622106413773,0.17353834163374107,5.440406752055247,6.12720887294481,0,0,0,0.029136956273508416,-0.06044226044226044,0.07274206672091131,-0.04620843650512911,-0.040365836107803546,-0.02846704987046632,-0.016667646261544766,0.004162892065016025,0.017030564648817248,0.030751429722755207,0.03602746576810854,0.03932920334982191,0.028546733104592437,0.12004034891499009
large_size,alternating,512,4,periodic,1,1,fair,event,sampled-actual,128,1,128,0.810323119163513,0.0007002654392763222,0.00006189530509285799,0.8102006395246888,0.8104455988023371,128,-0.00015840474048637825,0.00559498196699276,0.0004945312111846286,-0.0011369927616987768,0.0008201832807260204,128,0.00459944340474411,0.003163488479392181,0.00027961551949796633,0.004046134752555451,0.005152752056932768,128,0.00003108435415394701,0.00003921978240966817,0.000003466571762317154,0.000024224634232224577,0.00003794407407566944,128,2.4924112856464238e-9,7.261878508678998e-9,6.418654422049716e-10,1.2222754099605493e-9,3.762547161332298e-9,128,53105.335937499985,45.89259582841305,4.056370714565541,53097.309111890005,53113.362763109966,0,,,,,,0,,,,,,0,,,,,,0,,,,,,0,,,,,,0,,,,,,128,5133600.187499997,573476.2043962147,50688.61412221075,5033296.567687952,5233903.807312042,128,5080494.8515625,573470.1333089246,50688.077508836745,4980192.293611482,5180797.409513518,128,5133599.187499997,573476.2043962147,50688.61412221075,5033295.567687952,5233902.807312042,128,96.66710255729656,10.787462103035791,0.9534859506061878,94.78032593217233,98.55387918242079,128,95.66710255729656,10.78746210303579,0.9534859506061877,93.78032593217233,97.55387918242079,128,0.9999998028921565,2.109777778437403e-8,1.864797717412221e-9,0.9999997992020584,0.9999998065822546,128,53104.335937499985,45.89259582841305,4.056370714565541,53096.309111890005,53112.362763109966,128,32574.265625000007,122.03378158700687,10.786364311751324,32552.92135659149,32595.609893408524,128,0.6134009881570824,0.0021646464332009973,0.00019132952147346227,0.6130223815624254,0.6137795947517395,128,-0.22680197631416518,0.004329292866402009,0.00038265904294692584,-0.22755918950347925,-0.2260447631248511,128,1,0,0,1,1,128,-1,0,0,-1,-1,128,53105.335937499985,45.89259582841305,4.056370714565541,53097.309111890005,53113.362763109966,128,5080494.8515625,573470.1333089246,50688.077508836745,4980192.293611482,5180797.409513518,128,5133600.187499997,573476.2043962147,50688.61412221075,5033296.567687952,5233903.807312042,128,32575.265625000007,122.03378158700687,10.786364311751324,32553.92135659149,32596.609893408524,128,1.6302557622112246,0.005756708662557104,0.0005088259665761835,1.6292488874487996,1.6312626369736496,128,14.5859375,1.7230596470360782,0.15229839510101373,14.284566460670224,14.887308539329776,128,5133600.187499997,573476.2043962147,50688.61412221075,5033296.567687952,5233903.807312042,128,1,0,0,1,1,0,,,,,,128,5022202.157909343,15678.438236821852,1385.7912494588986,5019459.927113893,5024944.388704793,128,94.57061199053616,0.29585642238155113,0.02615026031544828,94.51886534458639,94.62235863648594,128,113.88714453124943,8.332943754881436,0.7365351295403444,112.42967442892011,115.34461463357876,0,0,0,0.029136956273508416,-0.012834506379615342,0.016293394111774568,-0.010014702416666653,-0.009258935179284136,-0.006569747800377693,-0.004877365742915174,-0.00025393679981847546,0.003807222210625733,0.007152585437401639,0.009186987134096094,0.009925253491122239,0.14016571610300155,0.12004034891499009
large_size,alternating,512,8,periodic,1,1,fair,event,sampled-actual,128,1,128,0.7478342056274413,0.0016219837725488107,0.00014336446556797533,0.7475505132223932,0.7481178980324894,128,0.0005216762222994254,0.013292039053093495,0.0011748613687798531,-0.0018031624048098654,0.002846514849408716,128,0.01032159139443524,0.008341371710399661,0.0007372800626026538,0.008862647204010175,0.011780535584860304,128,0.00017557014903402395,0.0002703486736559853,0.000023895672553367013,0.00012828492539055883,0.00022285537267748907,128,1.0334227941260209e-7,3.301529569785918e-7,2.918167433854409e-8,4.5597012176154476e-8,1.610875466490497e-7,128,24505.031249999996,53.14916425887943,4.697766807731416,24495.73521727138,24514.327282728613,0,,,,,,0,,,,,,0,,,,,,0,,,,,,0,,,,,,0,,,,,,128,4434074.687499999,883555.1548153894,78095.98019028646,4279536.836317694,4588612.538682304,128,4409569.65625,883551.6478826513,78095.67021829642,4255032.418446324,4564106.894053676,128,4434073.687499999,883555.1548153894,78095.98019028646,4279535.836317694,4588611.538682304,128,180.94118853512367,36.03619519925368,3.1851797491942984,174.6382926258781,187.24408444436924,128,179.94118853512367,36.03619519925368,3.1851797491942984,173.6382926258781,186.24408444436924,128,0.9999997676194263,3.71734362696769e-8,3.2856986082868115e-9,0.9999997611176218,0.9999997741212309,128,24504.031249999996,53.14916425887943,4.697766807731416,24494.73521727138,24513.327282728613,128,14319.984374999996,79.05843392332906,6.987844342146821,14306.156692110293,14333.8120578897,128,0.5843930005694644,0.0029676104902257466,0.00026230218769486996,0.5838739518764585,0.5849120492624703,128,-0.16878600113892897,0.005935220980451482,0.000524604375389739,-0.16982409852494076,-0.16774790375291718,128,1,0,0,1,1,128,-1,0,0,-1,-1,128,24505.031249999996,53.14916425887943,4.697766807731416,24495.73521727138,24514.327282728613,128,4409569.65625,883551.6478826513,78095.67021829642,4255032.418446324,4564106.894053676,128,4434074.687499999,883555.1548153894,78095.98019028646,4279536.836317694,4588612.538682304,128,14320.984374999996,79.05843392332906,6.987844342146821,14307.156692110293,14334.8120578897,128,1.7111713470534713,0.008688196555458669,0.0007679353375808036,1.7096517416060777,1.712690952500865,128,13.656249999999998,1.6431077717564055,0.14523158095365904,13.368862910553121,13.943637089446876,128,4434074.687499999,883555.1548153894,78095.98019028646,4279536.836317694,4588612.538682304,128,1,0,0,1,1,0,,,,,,128,4360223.04885116,35188.288403817925,3110.234668585951,4354068.455731452,4366377.641970868,128,177.9315766899993,1.3605222106848942,0.12025431014127516,177.69361511195953,178.16953826803908,128,22.600535156250196,5.440691035451735,0.48089369068859755,21.648933327000254,23.552136985500137,0,0,0,0.029136956273508416,-0.03305785123966942,0.04020794411501909,-0.020848110280473262,-0.018246386984033355,-0.015258344096327545,-0.008474748925743347,-0.0006934119309963965,0.008627619224559416,0.017044190923964996,0.0248904931214635,0.030846169462957235,-0.1175203136023324,0.12004034891499009
large_size,fair,1024,4,periodic,0.5,0.5,fair,event,sampled-actual,64,1,64,0.8103514909744263,0.0004536735982432705,0.00005670919978040881,0.8102381666813712,0.8104648152674814,64,-0.0008011275753095242,0.004189520760886396,0.0005236900951107995,-0.001847638724085974,0.0002453835734669257,64,0.003307550527909445,0.0026628063081733416,0.0003328507885216677,0.0026424013025966014,0.003972699753222289,64,0.00001791963828210228,0.000024089603653214362,0.0000030112004566517953,0.00001190223432791805,0.00002393704223628651,64,8.923551121402042e-10,1.9753475148210056e-9,2.469184393526257e-10,3.9892798408590525e-10,1.3857822401945032e-9,64,212428.78125,118.9278117378839,14.865976467235487,212399.07396652136,212458.48853347864,0,,,,,,0,,,,,,0,,,,,,0,,,,,,0,,,,,,0,,,,,,64,23277545.906250004,2533758.6106998646,316719.8263374831,22644631.836659685,23910459.975840323,64,23065117.124999996,2533778.1653801035,316722.27067251294,22432198.170795888,23698036.079204105,64,11638696.546875,1266917.2695938142,158364.65869922677,11322230.028893877,11955163.064856123,64,109.57923179217488,11.939167271965635,1.4923959089957044,106.59691654173668,112.56154704261309,64,108.57923179217488,11.939167271965635,1.4923959089957044,105.59691654173668,111.56154704261309,64,0.4999966656158289,0.00008936750887086773,0.000011170938608858466,0.4999743422763088,0.500018988955349,64,212427.78125,118.9278117378839,14.865976467235487,212398.07396652136,212457.48853347864,64,106204.640625,246.47498132396868,30.809372665496085,106143.0730065129,106266.2082434871,64,0.49995660311251977,0.0011904997490337485,0.00014881246862921856,0.4996592251232254,0.5002539811018142,64,0.00008679377496049326,0.0023809994980674935,0.0002976249372584367,-0.0005079622036282304,0.000681549753549217,64,0.49999668734264285,0.00008936753746239803,0.000011170942182799754,0.49997436399598083,0.5000190106893049,64,0.000006625314714698434,0.00017873507492467363,0.000022341884365584204,-0.00003802137860935861,0.00005127200803875547,64,106257.46875000001,211.5842710832766,26.448033885409576,106204.61657161683,106310.3209283832,64,11532439.640624998,1266985.3252179106,158373.16565223882,11215956.122854777,11848923.15839522,64,11638697.109375,1266917.2835085571,158364.66043856964,11322230.587918077,11955163.630831923,64,106205.640625,246.47498132396868,30.809372665496085,106144.0730065129,106267.2082434871,64,2.0001753439550805,0.004760584580007279,0.0005950730725009099,1.9989861853085396,2.0013645026016214,64,17.656250000000004,1.8363071119842156,0.22953838899802695,17.197554131200352,18.114945868799655,64,11638697.546875,1266917.2695938142,158364.65869922677,11322231.028893877,11955164.064856123,64,2.0000132267009705,0.00035746280952383275,0.000044682851190479093,1.999923935147881,2.0001025182540597,0,,,,,,64,22991840.401688393,38337.12894311958,4792.141117889947,22982264.071807034,23001416.731569752,64,108.23319944495499,0.18800945924293194,0.023501182405366493,108.18623607935717,108.28016281055281,64,176.94368125000008,31.88855852831213,3.9860698160390164,168.97815633129116,184.909206168709,0,0,0,0.05662405979280534,-0.00989455540432987,0.009900524200758539,-0.008352463969065615,-0.007648553145309974,-0.006231821934591701,-0.0028051863032633605,-0.000875817816286478,0.0013774682060745949,0.0046775983186495085,0.0063249489514770425,0.007673452858239267,0.07368652149067634,0.16976268946757744
large_size,fair,1024,8,periodic,0.5,0.5,fair,event,sampled-actual,64,1,64,0.7477034330368043,0.000818269244755945,0.00010228365559449313,0.7474990354609926,0.747907830612616,64,0.0011069199351935754,0.009964102054148783,0.001245512756768598,-0.0013820387028838795,0.0035958785732710303,64,0.00777579621120592,0.006253424123044318,0.0007816780153805398,0.006213737341873841,0.009337855080537999,64,0.00009895729946114771,0.00013465369269037184,0.00001683171158629648,0.00006532180779823548,0.00013259279112405993,64,2.764085755687208e-8,6.40435592022871e-8,8.005444900285888e-9,1.1643252451714936e-8,4.3638462662029224e-8,64,98002.98437500001,107.25218644865123,13.406523306081404,97976.19357594322,98029.7751740568,0,,,,,,0,,,,,,0,,,,,,0,,,,,,0,,,,,,0,,,,,,64,20244844.375000004,3181397.6369733633,397674.7046216704,19450154.890019562,21039533.859980445,64,20146841.390625,3181405.9865845605,397675.74832307006,19352149.819973737,20941532.961276263,64,10122417.921875,1590947.781640043,198868.47270500538,9725010.99023941,10519824.85351059,64,206.57672074426702,32.48436113145516,4.060545141431895,198.46236876340808,214.69107272512596,64,205.57672074426702,32.48436113145516,4.060545141431895,197.46236876340808,213.69107272512596,64,0.4999985947352375,0.00012179080910762839,0.000015223851138453548,0.49996817229629426,0.5000290171741808,64,98001.98437500001,107.25218644865123,13.406523306081404,97975.19357594322,98028.7751740568,64,48975.26562500003,183.26910062541407,22.90863757817676,48929.48636575365,49021.04488424641,64,0.4997373448654734,0.0017466094431889988,0.00021832618039862485,0.4993010548076891,0.5001736349232576,64,0.0005253102690531437,0.003493218886377991,0.0004366523607972489,-0.0003472698465153899,0.0013978903846216771,64,0.4999986199365616,0.00012179065408025225,0.000015223831760031531,0.499968197536343,0.5000290423367801,64,0.0000027601268772874153,0.00024358130816049027,0.000030447663520061284,-0.00005808467355988061,0.00006360492731445544,64,48955.95312499999,167.78136091188563,20.972670113985703,48914.0425880263,48997.863661973686,64,10073462.484374998,1590947.251142768,198868.406392846,9676055.685253685,10470869.283496311,64,10122418.4375,1590947.7846744384,198868.4730843048,9725011.50510644,10519825.36989356,64,48976.26562500003,183.26910062541407,22.90863757817676,48930.48636575365,49022.04488424641,64,2.0010547844040176,0.006990949037191713,0.0008738686296489641,1.999308497292553,2.0028010715154823,64,17.281249999999996,2.2780439256046248,0.2847554907005781,16.712211558227644,17.85028844177235,64,10122418.921875,1590947.781640043,198868.47270500538,9725011.99023941,10519825.85351059,64,2.00000553626607,0.00048713781764200435,0.000060892227205250544,1.9998838528597214,2.0001272196724185,0,,,,,,64,20317432.062731396,74284.32017057229,9285.540021321536,20298876.391647592,20335987.7338152,64,207.31459011652643,0.7705167654061431,0.09631459567576789,207.12212075515106,207.5070594779018,64,140.11549687500022,29.79137357325006,3.7239216966562574,132.67383317139942,147.557160578601,0,0,0,0.05662405979280534,-0.02398841868099379,0.023669786573851978,-0.016069372476660335,-0.014913022717325279,-0.012232602656374058,-0.0042147764381473204,0.0002707973078192396,0.008266301103270063,0.0145210307502107,0.01790232297114811,0.020150431238243435,0.05911923875610492,0.16976268946757744
large_size,fair,128,4,periodic,0.5,0.5,fair,event,sampled-actual,128,1,128,0.8105678558349609,0.0033470707964836735,0.000295842057163133,0.8099824377930599,0.811153273876862,128,0.0016815328717746838,0.027687837143569045,0.002447282175075805,-0.003161196903195374,0.006524262646744742,128,0.021995064732369264,0.016789102303115592,0.0014839610110709647,0.019058573694924662,0.024931555769813867,128,0.000763454688443217,0.0009631347148923402,0.00008512988601206823,0.0005949980070155104,0.0009319113698709237,128,0.000001503244442844251,0.0000031506630283472283,2.784818990722586e-7,9.521790208989211e-7,0.000002054309864789581,128,3320.0859375,13.709601982397126,1.2117690661401928,3317.6880652003733,3322.4838097996267,0,,,,,,0,,,,,,0,,,,,,0,,,,,,0,,,,,,0,,,,,,128,220863.10937499997,36913.36494372002,3262.7113335147756,214406.79245214458,227319.42629785536,128,217543.0234374999,36915.00221917867,3262.8560495872107,211086.4201476534,223999.62672734642,128,110427.06249999994,18502.046599181074,1635.3653270138045,107190.96964452932,113663.15535547056,128,66.52984983432171,11.149386565662857,0.9854758558312997,64.57977095982473,68.47992870881869,128,65.52984983432171,11.149386565662857,0.9854758558312997,63.579770959824735,67.47992870881869,128,0.49995660781511503,0.0011275496323834523,0.00009966224889784223,0.49975939421012355,0.5001538214201064,128,3319.0859375,13.709601982397126,1.2117690661401928,3316.6880652003733,3321.4838097996267,128,1664.8906250000002,28.926797203573937,2.5567918075818987,1659.831195424989,1669.9500545750116,128,0.5016141455845912,0.008643025862519868,0.0007639427746698134,0.5001024406986795,0.5031258504705028,128,-0.0032282911691818867,0.017286051725039737,0.0015278855493396268,-0.0062517009410053195,-0.0002048813973584535,128,0.49995893425159066,0.0011275230328705902,0.0000996598978108521,0.49976172529897606,0.5001561432042053,128,0.00008213149681786208,0.0022550460657412463,0.00019931979562171003,-0.0003122864084113553,0.00047654940204707943,128,1663.1406250000005,26.99715189848592,2.3862336475178334,1658.418699243927,1667.862550756074,128,108764.36718750003,18502.317748351474,1635.3892934409423,105528.22690679521,112000.50746820484,128,110427.50781249997,18501.989697214838,1635.360297543031,107191.42490944437,113663.59071555558,128,1665.8906250000002,28.926797203573937,2.5567918075818987,1660.831195424989,1670.9500545750116,128,1.9935542868639176,0.0343377394220194,0.0030350560494908194,1.987548458664267,1.999560115063568,128,11.601562499999996,1.5539628981981446,0.13735221287852606,11.329767258021306,11.873357741978687,128,110428.06249999994,18502.046599181074,1635.3653270138045,107191.96964452932,113664.15535547056,128,2.0001650606055854,0.0045110033050682645,0.00039872012837108723,1.9993760654266854,2.000954055784485,0,,,,,,128,223213.84891296376,4362.6448553926275,385.60697014459146,222450.80230772408,223976.89551820344,128,67.23186821592033,1.3088077253889394,0.11568335223648246,67.00295173867487,67.46078469316579,128,2.0937609375000004,0.4091273604206687,0.03616209136530094,2.022202684690634,2.1653191903093667,0,0,0,0.029136956273508416,-0.06115107913669065,0.06566265060240964,-0.05658645531992891,-0.05243008228845296,-0.040914321066285134,-0.01542162434749424,0.002562743018734535,0.021763515522385573,0.03730811076250736,0.04180298197527411,0.04850738273336451,0.1403101101905665,0.12004034891499009
large_size,fair,128,8,periodic,0.5,0.5,fair,event,sampled-actual,128,1,128,0.7479209899902344,0.00658021578700022,0.0005816144005823287,0.7467700800526976,0.7490718999277711,128,0.003522401963008491,0.0790563189041972,0.006987657399100511,-0.010304911000142438,0.017349714926159422,128,0.06272072515925949,0.04793267881476051,0.00423669027879424,0.054337079673095826,0.07110437064542315,128,0.006213481518343928,0.007727570209477053,0.0006830271621520467,0.0048618940271448145,0.007565069009543042,128,0.00009785616781696132,0.0002052378308535708,0.00001814063274407219,0.00006195912937112129,0.00013375320626280135,128,1531.7421875,13.47628193177645,1.1911462923926093,1529.3851239479247,1534.0992510520753,0,,,,,,0,,,,,,0,,,,,,0,,,,,,0,,,,,,0,,,,,,128,179185.12499999985,43103.39933650483,3809.838245379287,171646.14265598534,186724.10734401437,128,177653.38281250006,43101.91733063288,3809.70725332906,170114.6596781134,185192.1059468867,128,89596.85156249999,21545.865068377316,1904.4034120474944,85828.38088878566,93365.32223621431,128,116.96321294657757,28.03456871392015,2.477929205656646,112.0598382288135,121.86658766434164,128,115.96321294657757,28.03456871392015,2.477929205656646,111.0598382288135,120.86658766434164,128,0.5000226519912799,0.001155940769429334,0.00010217169458918468,0.49982047264613316,0.5002248313364267,128,1530.7421875,13.47628193177645,1.1911462923926093,1528.3851239479247,1533.0992510520753,128,761.8828125000006,20.112917889836535,1.777747578668955,758.3649708635597,765.4006541364414,128,0.49774663202724484,0.013368026483555622,0.001181577772200442,0.49540850284984395,0.5000847612046457,128,0.004506735945510501,0.02673605296711125,0.0023631555444008846,-0.00016952240929129364,0.009182994300312296,128,0.5000255950365766,0.0011559163277452536,0.00010216953422911506,0.49982341996639257,0.5002277701067607,128,-0.000051190073153351855,0.0023118326554905006,0.00020433906845822956,-0.00045554021352147746,0.0003531600672147737,128,763.4218750000002,20.374682983862918,1.8008845628019536,759.858249447383,766.9855005526175,128,88833.92187499997,21547.79534390525,1904.5740259119145,85065.11358723784,92602.7301627621,128,89597.34375000001,21545.886352881826,1904.4052933496785,85828.86935352818,93365.81814647185,128,762.8828125000006,20.112917889836535,1.777747578668955,759.3649708635597,766.4006541364414,128,2.0091580696947022,0.05362446763706173,0.004739778087960614,1.9997789042240892,2.018537235165315,128,11.3359375,1.9971528701164,0.17652504219068532,10.98662629814883,11.68524870185117,128,89597.85156249999,21545.865068377316,1904.4034120474944,85829.38088878566,93366.32223621431,128,1.9998964650100566,0.004626105878145866,0.00040889385461548625,1.9990873378629235,2.0007055921571895,0,,,,,,128,181388.49123112712,6423.453008504672,567.7583976183479,180264.99982292834,182511.9826393259,128,118.41726456167385,4.006214163911685,0.3541026502734434,117.71655932002271,119.11796980332498,128,2.3016875000000074,0.9878922847654987,0.0873181667049445,2.1289006059898243,2.4744743940101905,0,0,0,0.029136956273508416,-0.1921311475409836,0.1716514954486346,-0.14874838361029086,-0.13121680091520507,-0.11093251365096024,-0.04394773224263453,0.004232458189292722,0.060534802041374146,0.10404105814273903,0.13163020533486852,0.1376791155814528,0.15511630746823124,0.12004034891499009
large_size,fair,2048,4,periodic,0.5,0.5,fair,event,sampled-actual,64,1,64,0.8103725016117097,0.0002004922226015469,0.000025061527825193363,0.8103224201445991,0.8104225830788203,64,0.00007866734610154017,0.0021183212853824298,0.0002647901606728037,-0.0004504735672315027,0.000607808259434583,64,0.0016937801382611462,0.0012566394625282706,0.00015707993281603383,0.0013798809400984327,0.0020076793364238598,64,0.000004423359790257799,0.000006014790734801882,7.518488418502352e-7,0.0000029209097677412138,0.0000059258098127743835,64,5.517854273653656e-11,1.511225283492088e-10,1.88903160436511e-11,1.74292583254787e-11,9.292782714759442e-11,64,849737.1562500001,210.23133280663964,26.278916600829955,849684.6420255431,849789.6704744571,0,,,,,,0,,,,,,0,,,,,,0,,,,,,0,,,,,,0,,,,,,64,105070679.64062503,10668113.332496334,1333514.1665620417,102405864.21755835,107735495.0636917,64,104220942.48437499,10668126.15648708,1333515.769560885,101556123.85797073,106885761.11077924,64,52535228.453125,5334699.886896731,666837.4858620914,51202660.069854185,53867796.836395815,64,123.650994529048,12.557929558228633,1.569741194778579,120.51411705825703,126.78787199983898,64,122.650994529048,12.557929558228633,1.569741194778579,119.51411705825703,125.78787199983898,64,0.4999983995631374,0.00004498302689022744,0.00000562287836127843,0.4999871631373424,0.5000096359889324,64,849736.1562500001,210.23133280663964,26.278916600829955,849683.6420255431,849788.6704744571,64,424850.265625,509.36045309835504,63.67005663729438,424723.0311694771,424977.5000805229,64,0.4999790331762054,0.0005826653962707623,0.00007283317453384529,0.4998334876906939,0.5001245786617169,64,0.00004193364758921758,0.0011653307925415049,0.0001456663490676881,-0.0002491573234337209,0.00033302461861215604,64,0.49999840436700016,0.00004498297652712305,0.000005622872065890381,0.4999871679537855,0.5000096407802148,64,0.0000031912659998779846,0.00008996595305423832,0.00001124574413177979,-0.000019281560429472202,0.00002566409242922817,64,424766.734375,483.5913020010075,60.448912750125935,424645.93686190015,424887.53188809985,64,52110462.328125,5334751.339447328,666843.917430916,50777881.09238945,53443043.56386055,64,52535229.062499985,5334699.839273534,666837.4799091917,51202660.691125095,53867797.433874875,64,424851.265625,509.36045309835504,63.67005663729438,424724.0311694771,424978.5000805229,64,2.0000841906999307,0.002330829151430984,0.000291353643928873,1.9995019669010565,2.000666414498805,64,19.9375,1.6414763002993507,0.20518453753741883,19.527471419940607,20.347528580059393,64,52535229.453125,5334699.886896731,666837.4858620914,51202661.069854185,53867797.836395815,64,2.0000063792716447,0.0001799337600332187,0.000022491720004152337,1.9999614331556894,2.0000513253876,0,,,,,,64,103622522.75789414,78750.28538100426,9843.785672625532,103602851.52189265,103642193.99389564,64,121.9465620012388,0.09097546074730586,0.011371932593413233,121.92383700729057,121.96928699518703,64,943.3418453124982,74.41738949879293,9.302173687349116,924.7529344994989,961.9307561254975,0,0,0,0.05662405979280534,-0.004917203149458025,0.005557053078626239,-0.004194085657958077,-0.00267162160587064,-0.0022658533043125846,-0.0014964071042111648,0.00022238368501850952,0.0018078377071382835,0.0025764710669492832,0.002864912089437595,0.0039646793183209066,0.0599640983949119,0.16976268946757744
large_size,fair,2048,8,periodic,0.5,0.5,fair,event,sampled-actual,64,1,64,0.7477619946002959,0.0003462107137499232,0.0000432763392187404,0.7476755137371032,0.7478484754634886,64,0.0005249075137725689,0.003330655418111641,0.0004163319272639551,-0.00030706545562478587,0.0013568804831699238,64,0.0027375232330063785,0.0019391184872863442,0.00024238981091079302,0.002253145846769406,0.003221900619243351,64,0.000011195461138552011,0.000015193077511805219,0.0000018991346889756524,0.000007400343293864461,0.000014990578983239562,64,3.525612418176791e-10,9.196838871866365e-10,1.1496048589832956e-10,1.2283104205916404e-10,5.822914415761942e-10,64,392042.64062499994,181.51412269051974,22.689265336314968,391997.29974619835,392087.98150380154,0,,,,,,0,,,,,,0,,,,,,0,,,,,,0,,,,,,0,,,,,,64,92222964.046875,10227644.296327453,1278455.5370409316,89668174.51539598,94777753.57835402,64,91830921.40625,10227616.989466816,1278452.123683352,89276138.69582182,94385704.11667818,64,46111553.703124985,5113605.003582456,639200.625447807,44834213.17848802,47388894.22776195,64,235.23533476681945,26.067562136258957,3.2584452670323696,228.72385148412386,241.74681804951504,64,234.23533476681945,26.067562136258957,3.2584452670323696,227.72385148412386,240.74681804951504,64,0.5000012013673727,0.00005439110657194998,0.000006798888321493748,0.49998761487319576,0.5000147878615496,64,392041.64062499994,181.51412269051974,22.689265336314968,391996.29974619835,392086.98150380154,64,195996.484375,366.5353441104129,45.81691801380161,195904.92657019966,196088.04217980034,64,0.4999378612515191,0.0008693452655628322,0.00010866815819535403,0.4997207052653163,0.5001550172377219,64,0.0001242774969621285,0.0017386905311256202,0.00021733631639070253,-0.00031003447544352585,0.0005585894693677829,64,0.5000012068510105,0.00005439116544120785,0.000006798895680150981,0.49998762034212846,0.5000147933598925,64,-0.000002413702021187429,0.00010878233088242419,0.000013597791360303024,-0.000029586719785219123,0.000024759315742844262,64,196027.34374999994,286.99461964702994,35.87432745587874,195955.6546270092,196099.03287299068,64,45915526.921874985,5113599.00084862,639199.8751060775,44638187.896676324,47192865.947073646,64,46111554.265625,5113605.040256213,639200.6300320267,44834213.73182721,47388894.79942279,64,195997.484375,366.5353441104129,45.81691801380161,195905.92657019966,196089.04217980034,64,2.000249435760455,0.0034779277078035194,0.0004347409634754399,1.9993806752676475,2.0011181962532625,64,18.859374999999996,1.7170220390372635,0.21462775487965793,18.430475655873774,19.28827434412622,64,46111554.703124985,5113605.003582456,639200.625447807,44834214.17848802,47388895.22776195,64,1.9999951739707957,0.00021756575169359297,0.00002719571896169912,1.9999408276630115,2.00004952027858,0,,,,,,64,92977298.95578414,138834.198409995,17354.274801249376,92942619.20486276,93011978.70670553,64,237.16120264010013,0.3460699134647717,0.04325873918309646,237.07475694777222,237.24764833242804,64,1439.3576250000033,797.6043374743423,99.70054218429279,1240.1219894418323,1638.5932605581743,0,0,0,0.05662405979280534,-0.007107578014980509,0.008174776361292957,-0.0045643523210298406,-0.004181161391139015,-0.0032980443715274364,-0.001993069587312328,-0.00014408582018727342,0.002791585537105227,0.004548225693967831,0.0067788543349179145,0.007583639045174137,0.06237465356024963,0.16976268946757744
large_size,fair,256,4,periodic,0.5,0.5,fair,event,sampled-actual,128,1,128,0.8103966712951659,0.0017549309652863377,0.00015511544825852787,0.8100897258160178,0.810703616774314,128,-0.000013813673011907703,0.01368352430914427,0.00120946410369086,-0.0024071248679172425,0.0023794975218934273,128,0.011042433853233134,0.008021443985095864,0.0007090021795961661,0.00963944649010135,0.012445421216364919,128,0.0001857762249183876,0.0002418816547622833,0.000021379519790879233,0.00014347001351362978,0.0002280824363231454,128,9.256245678897911e-8,2.4165779155858074e-7,2.1359732892204706e-8,5.029540008584965e-8,1.3482951349210857e-7,128,13277.539062499998,28.752788935251356,2.5414115042677206,13272.510067769635,13282.56805723036,0,,,,,,0,,,,,,0,,,,,,0,,,,,,0,,,,,,0,,,,,,128,1076987.3281250005,189214.65169946474,16724.370414567777,1043892.8172430475,1110081.8390069534,128,1063709.7890625005,189216.67909675397,16724.549612864197,1030614.9235794579,1096804.654545543,128,538483.078125,94601.85149680616,8361.701338274297,521936.78017347195,555029.3760765281,128,81.11600254422432,14.270823918762433,1.261374545759512,78.61996995249847,83.61203513595017,128,80.11600254422432,14.270823918762433,1.261374545759512,77.61996995249847,82.61203513595017,128,0.49999222070933647,0.0004970856486554487,0.00004393657912434767,0.4999052781482772,0.5000791632703957,128,13276.539062499998,28.752788935251356,2.5414115042677206,13271.510067769635,13281.56805723036,128,6639.703125000003,62.9221940959035,5.5615887665436885,6628.697744504782,6650.708505495223,128,0.5001082712112944,0.004646883946590469,0.00041073039375262837,0.49929550988464055,0.5009210325379483,128,-0.00021654242258884848,0.009293767893180968,0.0008214607875052593,-0.0018420650758966344,0.0014089802307189372,128,0.4999926968479939,0.0004970893347966889,0.00004393690493628109,0.4999057536422116,0.5000796400537763,128,0.00001460630401208669,0.0009941786695933966,0.00008787380987256385,-0.00015928010755250592,0.00018849271557667927,128,6640.718749999999,62.09960724893865,5.488881674343225,6629.857243719136,6651.580256280862,128,531842.8046875003,94599.9643113131,8361.534533066859,515296.83681337524,548388.7725616255,128,538483.5234374999,94601.85911408912,8361.70201155335,521937.2241536741,555029.8227213257,128,6640.703125000003,62.9221940959035,5.5615887665436885,6629.697744504782,6651.708505495223,128,1.9995877043668637,0.018576524398519586,0.0016419482966338187,1.9963385850025126,2.0028368237312146,128,13.632812500000002,1.71547424057569,0.15162793355773915,13.332768183069323,13.93285681693068,128,538484.078125,94601.85149680616,8361.701338274297,521937.78017347195,555030.3760765281,128,2.000029270003557,0.0019885935031161706,0.00017576849388461948,1.9996814558742728,2.000377084132841,0,,,,,,128,1074213.2713733295,6843.413858720016,604.8780432458651,1073016.3268852418,1075410.2158614171,128,80.90465465632164,0.5027105298297835,0.044433753077065256,80.81672827773258,80.9925810349107,128,10.180861718750018,3.5237875810996377,0.31146176175706186,9.564535100272183,10.797188337227853,0,0,0,0.029136956273508416,-0.03497242994183851,0.03592364346911168,-0.026097603457991742,-0.0220643431903856,-0.01584250285491362,-0.010193097256298106,-0.00007524428819699001,0.010223402489344453,0.017383020066215425,0.021093074623471417,0.025575473744194197,0.10600857864104674,0.12004034891499009
large_size,fair,256,8,periodic,0.5,0.5,fair,event,sampled-actual,128,1,128,0.7476844787597655,0.0030910076503061178,0.00027320905877886904,0.7471438473371961,0.748225110182335,128,-0.00004017823130315586,0.038298062740232425,0.0033851024837407745,-0.006738685153100502,0.006658328690494191,128,0.030674186056844747,0.022769032482378947,0.0020125171586683655,0.02669177778934713,0.034656594324342364,128,0.0014552843051196212,0.0019629781294182446,0.0001735043933290656,0.001111950422243301,0.0017986181879959414,128,0.000005941031770797366,0.00001359375779803631,0.0000012015297900998731,0.000003563421150620334,0.000008318642390974398,128,6125.031249999999,25.321534671307717,2.238128609516495,6120.60239738631,6129.460102613688,0,,,,,,0,,,,,,0,,,,,,0,,,,,,0,,,,,,0,,,,,,128,918109.9921875,173625.3515507627,15346.457933430316,887742.1214403327,948477.8629346673,128,911984.9609375,173624.97583972447,15346.424724952456,881617.1559039174,942352.7659710826,128,459082.8906249998,86734.70539281546,7666.337293434653,443912.59262913046,474253.1886208692,128,149.89561099279067,28.353645091271115,2.5061318394243086,144.9364283523971,154.85479363318424,128,148.89561099279067,28.353645091271115,2.5061318394243086,143.9364283523971,153.85479363318424,128,0.5000405440516591,0.0005362068857702781,0.00004739444063088551,0.4999467590067024,0.5001343290966158,128,6124.031249999999,25.321534671307717,2.238128609516495,6119.60239738631,6128.460102613688,128,3061,46.460549686431314,4.106571217616263,3052.8738366539324,3069.1261633460676,128,0.49983065584585407,0.007052551763616174,0.0006233633970902677,0.4985971321784731,0.501064179513235,128,0.00033868830829189345,0.014105103527232328,0.0012467267941805337,-0.0021283590264699935,0.0028057356430537805,128,0.5000411053061069,0.0005362139051765702,0.00004739506106460914,0.4999473190334238,0.50013489157879,128,-0.00008221061221328538,0.0010724278103531391,0.00009479012212921818,-0.00026978315757945025,0.0001053619331528795,128,3059.039062500001,41.52437901591639,3.6702712483393567,3051.776258056129,3066.301866943873,128,456024.35156249994,86736.15347187067,7666.465286749607,440853.8002909586,471194.9028340413,128,459083.39062500006,86734.64105332633,7666.33160657352,443913.1038824026,474253.6773675975,128,3062,46.460549686431314,4.106571217616263,3053.8738366539324,3070.1261633460676,128,2.0007458046163245,0.02823133924956738,0.002495321428168379,1.9958080138289023,2.0056835954037466,128,13.000000000000002,2.0466988977259835,0.18090433370363437,12.642022970554848,13.357977029445156,128,459083.8906249998,86734.70539281546,7666.337293434653,443913.59262913046,474254.1886208692,128,1.99983562995845,0.0021446905438346447,0.0001895656533865177,1.9994605137404202,2.00021074617648,0,,,,,,128,909794.7905827853,11776.197015834292,1040.8785958106514,907735.0796841411,911854.5014814294,128,148.53698371879744,1.8099635220082657,0.15997968501404145,148.22041279293606,148.85355464465883,128,7.075731249999983,2.318892511107631,0.2049630774308634,6.67014630848698,7.4813161915129855,0,0,0,0.029136956273508416,-0.0822692742847907,0.09647979139504563,-0.07755758480751829,-0.07230961174795134,-0.05022037349909046,-0.02294189875351959,0.0016345210853220007,0.023974530161710084,0.045915812222090645,0.06580794196494395,0.07692627004497937,0.06492826627659021,0.12004034891499009
large_size,fair,512,4,periodic,0.5,0.5,fair,event,sampled-actual,128,1,128,0.8103997707366943,0.0008398344349353371,0.00007423157800209364,0.810252879840052,0.8105466616333367,128,-0.0004802742313575203,0.007564971704136047,0.0006686553489348689,-0.0018034224978133828,0.0008428740350983422,128,0.006046184626784018,0.0045406037773816485,0.000401336465208477,0.005252012189440897,0.006840357064127139,128,0.00005701236024602588,0.00007582097487938844,0.0000067016906866738046,0.000043750923799699666,0.00007027379669235209,128,8.954316794423633e-9,2.4630513275548438e-8,2.1770503701556976e-9,4.646326993927491e-9,1.3262306594919776e-8,128,53110.359375,55.03938952792225,4.864840695945209,53100.73273319765,53119.98601680235,0,,,,,,0,,,,,,0,,,,,,0,,,,,,0,,,,,,0,,,,,,128,5030095.289062502,752133.7421147452,66479.85867606878,4898543.646050013,5161646.932074991,128,4976984.929687504,752134.5331195609,66479.92859167742,4845433.148324642,5108536.711050365,128,2515096.1093749986,376203.48703512753,33252.00459857051,2449296.393107319,2580895.8256426784,128,94.71055792024485,14.16556975457133,1.2520713041035556,92.23293476484388,97.18818107564583,128,93.71055792024485,14.16556975457133,1.2520713041035556,91.23293476484388,96.18818107564583,128,0.5000062850670172,0.0002347365447916827,0.00002074797532681232,0.4999652285681349,0.5000473415658994,128,53109.359375,55.03938952792225,4.864840695945209,53099.73273319765,53118.98601680235,128,26548.953125000007,115.81160776923251,10.23639664921762,26528.69714334557,26569.209106654445,128,0.4998919855558907,0.0020725116026172503,0.0001831858760373071,0.49952949376590644,0.500254477345875,128,0.00021602888821920736,0.004145023205234458,0.0003663717520746105,-0.0005089546917493375,0.0009410124681877522,128,0.5000063865130622,0.00023473527602434864,0.000020747863182564115,0.4999653302360932,0.5000474427900312,128,-0.000012773026124361974,0.0004694705520487006,0.00004149572636512852,-0.00009488558006236196,0.00006933952781363802,128,26573.187499999993,118.74512837085565,10.49568568798739,26552.418432130504,26593.95656786948,128,2488523.4296875005,376204.0678676929,33252.05593740122,2422723.6118295393,2554323.2475454616,128,2515096.6171874995,376203.4677739999,33252.00289611126,2449296.9042886794,2580896.3300863197,128,26549.953125000007,115.81160776923251,10.23639664921762,26529.69714334557,26570.209106654445,128,2.0004285803176467,0.008292669380888141,0.0007329753441705066,1.9989781543881466,2.001879006247147,128,15.828125000000004,1.646324347832989,0.14551588879815336,15.54017531663657,16.116074683363436,128,2515097.1093749986,376203.48703512753,33252.00459857051,2449297.393107319,2580896.8256426784,128,1.9999744858634099,0.0009389509969305422,0.00008299232714143194,1.999810259025232,2.0001387127015877,0,,,,,,128,5017983.189140704,24282.715566536328,2146.309105340247,5013736.030755547,5022230.347525862,128,94.48211524005411,0.43026429135968813,0.03803034976535749,94.40686004102685,94.55737043908138,128,145.52635234374995,7.508587042426606,0.6636716018536619,144.2130660133744,146.8396386741255,0,0,0,0.029136956273508416,-0.021599532983070636,0.016795792569134195,-0.014411380809184046,-0.012022012627290041,-0.010424088046551662,-0.005878753974971293,-0.00014131057462243613,0.0043101708909746685,0.00980212845018133,0.011935929913205169,0.013512678665063008,0.08172415778082409,0.12004034891499009
large_size,fair,512,8,periodic,0.5,0.5,fair,event,sampled-actual,128,1,128,0.7475731372833251,0.0016510699540058392,0.00014593534508636124,0.7472843575716646,0.7478619169949856,128,0.0007303896538203382,0.017284440562927154,0.001527743141382702,-0.002292738318356035,0.0037535176259967116,128,0.013646746910304172,0.010563590622189756,0.0009336983203286246,0.01179912643451866,0.015494367386089683,128,0.00029695135551372734,0.0004255151407706457,0.00003761058019205899,0.00022252680471817333,0.0003713759063092814,128,2.6782868682411936e-7,8.257427989875826e-7,7.298604158500998e-8,1.2340248197506778e-7,4.12254891673171e-7,128,24496.476562499996,54.10226025286334,4.782009387789885,24487.013828908304,24505.93929609169,0,,,,,,0,,,,,,0,,,,,,0,,,,,,0,,,,,,0,,,,,,128,4281662.132812496,592617.3701404064,52380.47013440244,4178010.635273622,4385313.63035137,128,4257165.656250001,592613.7195094642,52380.147461165594,4153514.7972232313,4360816.515276771,128,2140715.6328124995,296184.2946701293,26179.240405275377,2088911.6404948588,2192519.62513014,128,174.7841283095491,24.16918106884638,2.1362739786883505,170.55682762904323,179.01142899005495,128,173.7841283095491,24.16918106884638,2.1362739786883505,169.55682762904323,178.01142899005495,128,0.4999759105160335,0.00023236736661734258,0.00002053856758269794,0.4999352683972861,0.500016552634781,128,24495.476562499996,54.10226025286334,4.782009387789885,24486.013828908304,24504.93929609169,128,12236.351562500002,80.48275502122853,7.113737730510794,12222.274759314114,12250.42836568589,128,0.4995348038584963,0.003038011909155115,0.00026852485278613394,0.4990034416342499,0.5000661660827427,128,0.0009303922830075222,0.006076023818310216,0.0005370497055722666,-0.00013233216548528745,0.0019931167315003317,128,0.4999760294379519,0.0002323686114871289,0.000020538677614681392,0.499935387101471,0.5000166717744328,128,0.000047941124096364384,0.0004647372229742488,0.000041077355229361985,-0.00003334354886542497,0.00012922579705815373,128,12243.0703125,78.68697914214106,6.955012067811545,12229.30759875612,12256.83302624388,128,2128473.156250001,296184.1883483683,26179.2310076706,2076669.182528524,2180277.1299714777,128,2140716.2265625005,296184.26023150736,26179.23736130249,2088912.2402683327,2192520.212856668,128,12237.351562500002,80.48275502122853,7.113737730510794,12223.274759314114,12251.42836568589,128,2.0018539724189357,0.012153021432430302,0.0010741854833471144,1.9997283532005943,2.003979591637277,128,15.054687500000005,1.6710060798505906,0.14769746630828776,14.762420868443051,15.34695413155696,128,2140716.6328124995,296184.2946701293,26179.240405275377,2088912.6404948588,2192520.62513014,128,2.000095839728421,0.0009295798569487202,0.0000821640275628576,1.9999332519456297,2.0002584275112123,0,,,,,,128,4355012.055839786,33588.12863089903,2968.7991902843414,4349137.338007442,4360886.773672131,128,177.78157174909197,1.368525496212597,0.12096170732482651,177.5422103596866,178.02093313849733,128,25.827022656249532,4.223573594246872,0.37331469116655036,25.088300252777604,26.56574505972146,0,0,0,0.029136956273508416,-0.05168264327962472,0.03733355118045911,-0.03950368937292742,-0.027313569351329885,-0.02006779550291766,-0.008947542237371394,-0.00018366778703916928,0.013550351797033025,0.022318026613268156,0.025575412026913415,0.028738168420758534,-0.012430483818790083,0.12004034891499009
large_size,policy41,1024,4,periodic,0,1,fair,event,sampled-actual,64,0,64,0.8104102015495299,0.00040948453786455026,0.00005118556723306878,0.8103079153553362,0.8105124877437236,64,-0.0010688367476527209,0.045447388935823806,0.005680923616977976,-0.012421256730423338,0.010283583235117896,64,0.03748832605936445,0.025277333377581732,0.0031596666721977165,0.031174236047460186,0.043802416071268724,64,0.002034334679935235,0.0021907644556604204,0.00027384555695755255,0.0014870980010777868,0.002581571358792683,64,0.000008862975101106902,0.00001635779481650789,0.0000020447243520634863,0.000004776919530098999,0.000012949030672114805,64,212444.17187499997,107.34391469396466,13.417989336745583,212417.35816290925,212470.9855870907,0,,,,,,0,,,,,,0,,,,,,0,,,,,,0,,,,,,0,,,,,,64,22792087.859375,2132060.7263285443,266507.59079106804,22259514.935807683,23324660.782942317,64,22579643.687500004,2132079.2688337285,266509.90860421606,22047066.132152703,23112221.242847305,64,22579643.687500004,2132079.2688337285,266509.90860421606,22047066.132152703,23112221.242847305,64,107.28595903554242,10.047181258009338,1.2558976572511673,104.7762478298006,109.79567024128424,64,106.28595903554242,10.047181258009338,1.2558976572511673,103.7762478298006,108.79567024128424,64,0.9906029795565316,0.0008332369282738663,0.00010415461603423329,0.9903948431646198,0.9908111159484435,64,212443.17187499997,107.34391469396466,13.417989336745583,212416.35816290925,212469.9855870907,64,82077.875,281.69450411890267,35.211813014862834,82007.50980647674,82148.24019352326,64,0.38635206479028833,0.0012872649629830618,0.00016090812037288272,0.3860305155697264,0.38667361401085026,64,0.2272958704194235,0.0025745299259661205,0.00032181624074576506,0.22665277197829964,0.22793896886054738,64,0.9906030233702617,0.000833233081735093,0.00010415413521688663,0.9903948879391866,0.9908111588013369,64,-0.9812060467405235,0.0016664661634702045,0.00020830827043377556,-0.9816223176026737,-0.9807897758783732,64,0,0,0,0,0,64,22579643.687500004,2132079.2688337285,266509.90860421606,22047066.132152703,23112221.242847305,64,22579643.687500004,2132079.2688337285,266509.90860421606,22047066.132152703,23112221.242847305,64,82078.875,281.69450411890267,35.211813014862834,82008.50980647674,82149.24019352326,64,2.588321804847237,0.008641671492985448,0.001080208936623181,2.5861631795347897,2.590480430159684,64,627.5312499999998,215.15073850158583,26.89384231269823,573.7881945623753,681.2743054376242,64,22579644.687500004,2132079.2688337285,266509.90860421606,22047067.132152703,23112222.242847305,64,1.0094868199091145,0.000848897962423813,0.00010611224530297662,1.0092747715072676,1.0096988683109613,0,,,,,,64,22998333.615027882,41329.50796960824,5166.18849620103,22988009.81110562,23008657.418950144,64,108.25589764197443,0.18919151638064843,0.023648939547581054,108.20863900728888,108.30315627665998,64,131.28315000000023,20.086251492959313,2.510781436619914,126.26575366179421,136.30054633820626,0,0,0,0.05662405979280534,-0.07676818051366979,0.0994705757782536,-0.07059926073361213,-0.06440892803701939,-0.05389333399794947,-0.037641871369199414,-0.007320174419142943,0.03094926444845173,0.06627905005447468,0.07339772909537531,0.08361727938551075,0.2861393072606363,0.16976268946757744
large_size,policy41,1024,8,periodic,0,1,fair,event,sampled-actual,64,0,64,0.7479799985885619,0.0006663389235561497,0.00008329236544451871,0.7478135520778116,0.7481464450993122,64,-0.015928215707170013,0.21298776178349352,0.02662347022293669,-0.06913097563625792,0.037274544221917894,64,0.18972097449808054,0.0951637513699392,0.0118954689212424,0.16594977668046648,0.2134921723156946,64,0.044908685558444704,0.038630258457295785,0.004828782307161973,0.035259134103036126,0.05455823701385328,64,0.003485769768494772,0.005033877649624733,0.0006292347062030917,0.0022283445443280108,0.004743194992661533,64,98039.23437499999,87.33837538835165,10.917296923543956,98017.41789794293,98061.05085205704,0,,,,,,0,,,,,,0,,,,,,0,,,,,,0,,,,,,0,,,,,,64,20342751.187499996,2579492.137253722,322436.5171567153,19698413.22287655,20987089.152123444,64,20244711.953124996,2579481.290868782,322435.16135859775,19600376.697847895,20889047.208402097,64,20244711.953124996,2579481.290868782,322435.16135859775,19600376.697847895,20889047.208402097,64,207.49332083946106,26.281460712488524,3.2851825890610655,200.9284072821571,214.05823439676502,64,206.49332083946106,26.281460712488524,3.2851825890610655,199.9284072821571,213.05823439676502,64,0.9951135441891454,0.0005453147722547755,0.00006816434653184694,0.9949773286119165,0.9952497597663744,64,98038.23437499999,87.33837538835165,10.917296923543956,98016.41789794293,98060.05085205704,64,39059.421875000015,1450.3835596110712,181.2979449513839,38697.12684132797,39421.71690867206,64,0.39841257144129544,0.014852735809643776,0.001856591976205472,0.3947024684243253,0.40212267445826555,64,0.20317485711740924,0.029705471619287542,0.0037131839524109428,0.19575465108346907,0.2105950631513494,64,0.9951135937849828,0.0005453092587077037,0.00006816365733846296,0.9949773795849968,0.9952498079849688,64,-0.9902271875699655,0.0010906185174153857,0.00013632731467692322,-0.9904996159699374,-0.9899547591699936,64,0,0,0,0,0,64,20244711.953124996,2579481.290868782,322435.16135859775,19600376.697847895,20889047.208402097,64,20244711.953124996,2579481.290868782,322435.16135859775,19600376.697847895,20889047.208402097,64,39060.421875000015,1450.3835596110712,181.2979449513839,38698.12684132797,39422.71690867206,64,2.513484848136363,0.09715711217085796,0.012144639021357245,2.4892157236057053,2.5377539726670206,64,403.12499999999994,200.84784575109873,25.10598071888734,352.9547008697035,453.29529913029637,64,20244712.953124996,2579481.290868782,322435.16135859775,19600377.697847895,20889048.208402097,64,1.0049106971074808,0.0005504575531747309,0.00006880719414684137,1.0047731969018001,1.0050481973131615,0,,,,,,64,20292936.668174732,84867.55429775245,10608.444287219056,20271737.38386251,20314135.952486955,64,206.98795080136594,0.8546759315376017,0.10683449144220021,206.7744591057774,207.20144249695448,64,106.20784374999991,14.052930574364254,1.7566163217955317,102.69752613650225,109.71816136349757,0,0,0,0.05662405979280534,-0.37970541766474697,0.35472101910828024,-0.35514669706679125,-0.35200135837220115,-0.2721045660381489,-0.2004876356810577,-0.032446793525213985,0.15726320359097118,0.26586886207926985,0.291901616409461,0.33019247902696985,0.42387495280428944,0.16976268946757744
large_size,policy41,128,4,periodic,0,1,fair,event,sampled-actual,128,0,128,0.8104572296142577,0.0031066281038925163,0.00027458972486088805,0.8099138661026744,0.811000593125841,128,0.0036337503283435635,0.1414352846302445,0.012501231107636918,-0.021103929995283193,0.028371430651970318,128,0.11817703739842218,0.07708092277788102,0.006813055399544535,0.10469523028279079,0.13165884451405357,128,0.019860863100680474,0.021299946804667364,0.0018826671030616284,0.016135404659799717,0.02358632154156123,128,0.0008445971815646802,0.0015040488924804233,0.00013294039638862796,0.0005815321282397242,0.001107662234889636,128,3319.6328124999995,12.724748713543747,1.1247195130301975,3317.407195556554,3321.858429443445,0,,,,,,0,,,,,,0,,,,,,0,,,,,,0,,,,,,0,,,,,,128,225500.42968750006,44563.41895425726,3938.8869669265537,217706.08321235937,233294.77616264074,128,222180.79687499997,44565.25943695184,3939.049644150803,214386.1284909901,229975.46525900986,128,222180.79687499997,44565.25943695184,3939.049644150803,214386.1284909901,229975.46525900986,128,67.9377062630955,13.466934273274273,1.190320068303221,65.58227765938827,70.29313486680275,128,66.9377062630955,13.466934273274273,1.190320068303221,64.58227765938827,69.29313486680275,128,0.9847811234502747,0.002637195228744536,0.0002330973286947587,0.9843198659027664,0.9852423809977829,128,3318.6328124999995,12.724748713543747,1.1247195130301975,3316.407195556554,3320.858429443445,128,1267.1406250000005,34.26132420987509,3.0283018351541884,1261.148162171621,1273.13308782838,128,0.3818237326870807,0.010126054996520552,0.0008950252693384506,0.3800526392000611,0.3835948261741003,128,0.2363525346258387,0.020252109993041084,0.0017900505386768992,0.2328103476517995,0.23989472159987787,128,0.9847856356532122,0.0026364279570994355,0.00023302951082185088,0.9843245123050357,0.9852467590013887,128,-0.9695712713064244,0.005272855914198898,0.0004660590216437041,-0.9704935180027775,-0.9686490246100713,128,0,0,0,0,0,128,222180.79687499997,44565.25943695184,3939.049644150803,214386.1284909901,229975.46525900986,128,222180.79687499997,44565.25943695184,3939.049644150803,214386.1284909901,229975.46525900986,128,1268.1406250000005,34.26132420987509,3.0283018351541884,1262.148162171621,1274.13308782838,128,2.6195529352089606,0.06927893483512432,0.006123450576912166,2.6074357315875796,2.6316701388303416,128,70.45312499999997,28.348466990450493,2.505674155648818,65.49484803320205,75.4114019667979,128,222181.79687499997,44565.25943695184,3939.049644150803,214387.1284909901,229976.46525900986,128,1.0154565615011388,0.002717466541024246,0.00024019237735072447,1.0149812641327505,1.0159318588695272,0,,,,,,128,223165.2209577637,3225.7822634478466,285.1215641394078,222601.0168368796,223729.4250786478,128,67.22576500535283,0.9295967981211509,0.08216552496509598,67.06317425947277,67.38835575123288,128,1.9951546874999992,1.7091678357278177,0.15107052085363437,1.6962133897170948,2.2940959852829037,0,0,0,0.029136956273508416,-0.28468033775633295,0.3048963652748573,-0.25944812089575536,-0.22502517025540686,-0.18833814679614097,-0.09488988410731908,0.013309643900918147,0.10740561763817577,0.20006349356246816,0.21908260262116663,0.24784411725667843,0.2862729816740419,0.12004034891499009
large_size,policy41,128,8,periodic,0,1,fair,event,sampled-actual,128,0,128,0.749828338623047,0.006190771728314751,0.0005471920837336653,0.74874554423852,0.750911133007574,128,0.008848067792253372,0.42720231055948527,0.03775970634189668,-0.0658715767417345,0.08356771232624124,128,0.3795779371991794,0.19330500495188466,0.0170859099798471,0.3457680047628838,0.4133878696354751,128,0.18115430702799287,0.14195953458466762,0.012547568694863086,0.156324932981572,0.20598368107441375,128,0.05281195093413548,0.06574858070541896,0.005811408408774092,0.04131222245071696,0.064311679417554,128,1535.6484375000002,12.67870049958861,1.1206493874865466,1533.430874600489,1537.8660003995114,0,,,,,,0,,,,,,0,,,,,,0,,,,,,0,,,,,,0,,,,,,128,183580.765625,45389.4473161017,4011.898248940631,175641.94299875616,191519.58825124384,128,182045.1171875,45390.29006411249,4011.9727380447885,174106.14716076173,189984.08721423827,128,182045.1171875,45390.29006411249,4011.9727380447885,174106.14716076173,189984.08721423827,128,119.5703306180009,29.67921662981414,2.623296917405766,114.37929943251262,124.76136180348917,128,118.5703306180009,29.67921662981414,2.623296917405766,113.37929943251262,123.76136180348917,128,0.9911834112615417,0.001943511009897889,0.00017178372680118906,0.9908434822672035,0.99152334025588,128,1534.6484375000002,12.67870049958861,1.1206493874865466,1532.430874600489,1536.8660003995114,128,530.3828125000002,84.65354321839774,7.482386807649689,515.5765193188201,545.1891056811803,128,0.34565280197850096,0.055227957833645466,0.004881507936906927,0.3359931787141426,0.35531242524285933,128,0.3086943960429979,0.1104559156672909,0.009763015873813851,0.28937514951428117,0.32801364257171467,128,0.9911890991031043,0.0019422703595247323,0.00017167406776469647,0.9908493871042096,0.991528811101999,128,-0.9823781982062083,0.003884540719049483,0.00034334813552939456,-0.9830576222039977,-0.9816987742084189,128,0,0,0,0,0,128,182045.1171875,45390.29006411249,4011.9727380447885,174106.14716076173,189984.08721423827,128,182045.1171875,45390.29006411249,4011.9727380447885,174106.14716076173,189984.08721423827,128,531.3828125000002,84.65354321839774,7.482386807649689,516.5765193188201,546.1891056811803,128,2.973526477961392,0.5443292070808777,0.048112359190598135,2.8783208017343966,3.068732154188387,128,50.429687499999986,20.008928555742784,1.7685561332553592,46.930034075295765,53.929340924704206,128,182046.1171875,45390.29006411249,4011.9727380447885,174107.14716076173,189985.08721423827,128,1.0088930137205374,0.0019775382500721267,0.0001747913383352224,1.0085471332057427,1.009238894235332,0,,,,,,128,178590.59472407532,8362.528952245566,739.1501162502092,177127.95003496154,180053.2394131891,128,116.29553644804952,5.351168899313276,0.47298097699737135,115.35959245122429,117.23148044487475,128,1.360525000000004,0.24272629347333488,0.02145417601090889,1.3180710574086645,1.4029789425913435,0,0,0,0.029136956273508416,-0.7303514376996805,0.7491919844861021,-0.5938781537586599,-0.5851633750025055,-0.5407885420722391,-0.4332536274040107,0.05752335183006653,0.39560687007185064,0.5579200106144472,0.6502874100031992,0.6864962551411846,0.46356929544580383,0.12004034891499009
large_size,policy41,2048,4,periodic,0,1,fair,event,sampled-actual,64,0,64,0.8103448301553727,0.00019339223069440937,0.00002417402883680117,0.810296522213472,0.8103931380972734,64,-0.0018331995260192056,0.02715450536566592,0.00339431317070824,-0.008616193149057583,0.004949794097019172,64,0.022913489688374797,0.014402060189700588,0.0018002575237125735,0.01931596209176198,0.026511017284987615,64,0.0007292064202553326,0.000704324904359969,0.00008804061304499612,0.0005532712938191371,0.0009051415466915281,64,0.0000010200644246979377,0.0000015352060246732694,1.9190075308415868e-7,6.365813696696027e-7,0.0000014035474797262727,64,849708.1406250001,202.786451692621,25.348306461577625,849657.4860765137,849758.7951734866,0,,,,,,0,,,,,,0,,,,,,0,,,,,,0,,,,,,0,,,,,,64,106555595.85937501,12632526.15836588,1579065.769795735,103400084.71228549,109711107.00646454,64,105705887.71875,12632530.750931153,1579066.3438663941,102550375.4244718,108861400.0130282,64,105705887.71875,12632530.750931153,1579066.3438663941,102550375.4244718,108861400.0130282,64,125.4026694053484,14.866764891220704,1.858345611402588,121.68906202806713,129.11627678262968,64,124.4026694053484,14.866764891220704,1.858345611402588,120.68906202806713,128.11627678262968,64,0.9919230603616487,0.0008875062886248439,0.00011093828607810549,0.991701367886861,0.9921447528364363,64,849707.1406250001,202.786451692621,25.348306461577625,849656.4860765137,849757.7951734866,64,328531.25000000006,470.1906401612485,58.77383002015606,328413.79987263156,328648.70012736856,64,0.38664057444772304,0.0005514830276657056,0.0000689353784582132,0.38650281808613596,0.3867783308093101,64,0.22671885110455428,0.001102966055331414,0.00013787075691642676,0.22644333838138017,0.2269943638277284,64,0.9919230697894938,0.0008875052607928981,0.00011093815759911227,0.9917013775714509,0.9921447620075368,64,-0.9838461395789876,0.001775010521585791,0.0002218763151982239,-0.9842895240150733,-0.9834027551429019,64,0,0,0,0,0,64,105705887.71875,12632530.750931153,1579066.3438663941,102550375.4244718,108861400.0130282,64,105705887.71875,12632530.750931153,1579066.3438663941,102550375.4244718,108861400.0130282,64,328532.25000000006,470.1906401612485,58.77383002015606,328414.79987263156,328649.70012736856,64,2.586381773225769,0.003686946927369904,0.000460868365921238,2.5854608012853832,2.5873027451661548,64,1127.0000000000005,442.87211956242436,55.359014945303045,1016.3738360407901,1237.6261639592108,64,105705888.71875,12632530.750931153,1579066.3438663941,102550376.4244718,108861401.0130282,64,1.0081434922910861,0.0009016783722583674,0.00011270979653229593,1.0079182597351364,1.0083687248470359,0,,,,,,64,103597819.51579152,113602.81873268941,14200.352341586176,103569442.37598924,103626196.6555938,64,121.92165440108359,0.1335221406735323,0.016690267584191537,121.88830156270458,121.95500723946259,64,886.1635171875017,292.44517185663716,36.555646482079645,813.1128867643065,959.214147610697,0,0,0,0.05662405979280534,-0.04606108832711024,0.05205376892171393,-0.043179563956307385,-0.03871403543966314,-0.03556464804420609,-0.026136354274256066,-0.0026990734255836627,0.019922039264674368,0.035824871693347554,0.042433464435784156,0.046487716810857505,0.36055178495861806,0.16976268946757744
large_size,policy41,2048,8,periodic,0,1,fair,event,sampled-actual,64,0,64,0.7478595972061156,0.0003808020053629352,0.0000476002506703669,0.7477644756953669,0.7479547187168644,64,0.009890935674005431,0.16920519583098242,0.021150649478872803,-0.032375264680271125,0.05215713602828199,64,0.14845736266279203,0.07962636814627505,0.009953296018284381,0.12856728769774414,0.1683474376278399,64,0.028280878931330283,0.023186976906451627,0.0028983721133064534,0.0224889444299985,0.034072813432662066,64,0.0013290434502816896,0.001526846749333543,0.00019085584366669288,0.0009476484801055382,0.001710438420457841,64,392093.81249999994,199.64992178772258,24.956240223465322,392043.9414333725,392143.6835666274,0,,,,,,0,,,,,,0,,,,,,0,,,,,,0,,,,,,0,,,,,,64,92339251.359375,12298501.501066413,1537312.6876333016,89267177.08914585,95411325.62960415,64,91947157.54687501,12298483.485450465,1537310.4356813082,88875087.77681285,95019227.31693718,64,91947157.54687501,12298483.485450465,1537310.4356813082,88875087.77681285,95019227.31693718,64,235.50159590758295,31.35725321834955,3.9196566522936935,227.66878710654336,243.33440470862254,64,234.50159590758295,31.357253218349545,3.919656652293693,226.66878710654336,242.33440470862254,64,0.9956908849776773,0.0004906197638746208,0.0000613274704843276,0.9955683318070383,0.9958134381483164,64,392092.81249999994,199.64992178772258,24.956240223465322,392042.9414333725,392142.6835666274,64,158561.17187500006,3452.654081729783,431.58176021622285,157698.7245461475,159423.6192038526,64,0.4043974773487734,0.008823919336218792,0.001102989917027349,0.40219332787958606,0.40660162681796075,64,0.19120504530245344,0.017647838672437587,0.0022059798340546984,0.18679674636407878,0.1956133442408281,64,0.9956908959197942,0.0004906185223628505,0.00006132731529535632,0.9955683430592756,0.9958134487803129,64,-0.9913817918395887,0.0009812370447256902,0.00012265463059071128,-0.991626897560626,-0.9911366861185514,64,0,0,0,0,0,64,91947157.54687501,12298483.485450465,1537310.4356813082,88875087.77681285,95019227.31693718,64,91947157.54687501,12298483.485450465,1537310.4356813082,88875087.77681285,95019227.31693718,64,158562.17187500006,3452.654081729783,431.58176021622285,157699.7245461475,159424.6192038526,64,2.4739730938419195,0.05437422679092029,0.0067967783488650365,2.4603908161088555,2.4875553715749836,64,737.4531249999999,336.8460120932044,42.10575151165055,653.3114946809649,821.5947553190349,64,91947158.54687501,12298483.485450465,1537310.4356813082,88875088.77681285,95019228.31693718,64,1.0043279927164428,0.0004946932991680153,0.00006183666239600191,1.0042044220069628,1.0044515634259228,0,,,,,,64,92855608.2509017,152170.65816473053,19021.332270591316,92817597.15145262,92893619.35035078,64,236.81989872808865,0.3830765343141328,0.0478845667892666,236.7242090569126,236.9155883992647,64,654.5974984375008,55.52142462156154,6.940178077695193,640.7286592125289,668.4663376624727,0,0,0,0.05662405979280534,-0.25860071551420566,0.26795415244770227,-0.2514075619604133,-0.23746320117742634,-0.2182103138210936,-0.13640881301320684,0.012011449762185123,0.18870528297984301,0.2380019875635171,0.24677181727847539,0.25749737984702603,0.4460990378125612,0.16976268946757744
large_size,policy41,256,4,periodic,0,1,fair,event,sampled-actual,128,0,128,0.8102736473083498,0.0017554166665566218,0.00015515837859125898,0.8099666168778207,0.810580677738879,128,0.017244158683877745,0.09332115539015633,0.008248502725567883,0.0009218603584743995,0.03356645700928109,128,0.08117708305881662,0.048651147095211116,0.004300194502940997,0.0726677741733752,0.08968639194425804,128,0.00893816125485475,0.009314145281529193,0.0008232619111907471,0.007309074502813705,0.010567248006895794,128,0.00016596626876880192,0.0002980158924531875,0.000026341132306876217,0.00011384192159376319,0.00021809061594384066,128,13275.523437500004,28.760746664863692,2.542114874839187,13270.493050926214,13280.553824073793,0,,,,,,0,,,,,,0,,,,,,0,,,,,,0,,,,,,0,,,,,,128,1084101.6875000005,177773.0641795196,15713.067399206204,1053008.3627803489,1115195.012219652,128,1070826.1640624993,177770.77421239743,15712.864992796105,1039733.239868606,1101919.0882563926,128,1070826.1640624993,177770.77421239743,15712.864992796105,1039733.239868606,1101919.0882563926,128,81.65978304314272,13.373608759155024,1.1820711803167907,79.32067750012261,83.99888858616283,128,80.65978304314272,13.373608759155024,1.1820711803167907,78.32067750012261,82.99888858616283,128,0.9874532855286375,0.0018893006224679225,0.00016699216023087916,0.9871228381798305,0.9877837328774446,128,13274.523437500004,28.760746664863692,2.542114874839187,13269.493050926214,13279.553824073793,128,5105.1015625,62.805892677516226,5.551309076343282,5094.1165236565585,5116.0866013434415,128,0.38457921795954464,0.0046839188579274466,0.0004140038483710058,0.3837599790569459,0.38539845686214336,128,0.23084156408091094,0.009367837715854883,0.0008280076967420106,0.22920308627571354,0.23248004188610835,128,0.987454218526774,0.0018891617447176867,0.0001669798850560107,0.9871237954683226,0.9877846415852253,128,-0.9749084370535475,0.0037783234894353526,0.00033395977011201956,-0.97556928317045,-0.9742475909366449,128,0,0,0,0,0,128,1070826.1640624993,177770.77421239743,15712.864992796105,1039733.239868606,1101919.0882563926,128,1070826.1640624993,177770.77421239743,15712.864992796105,1039733.239868606,1101919.0882563926,128,5106.1015625,62.805892677516226,5.551309076343282,5095.1165236565585,5117.0866013434415,128,2.6003150196661005,0.03178055921715567,0.002809031116543926,2.594756454019095,2.605873585313106,128,136.97656249999997,53.217051444706186,4.703767243913137,127.66865599104932,146.28446900895062,128,1070827.1640624993,177770.77421239743,15712.864992796105,1039734.239868606,1101920.0882563926,128,1.01270884206598,0.0019369012187522672,0.00017119949828352707,1.0123700691544453,1.0130476149775147,0,,,,,,128,1074243.4263191968,8900.998054025653,786.7445104162252,1072686.600913165,1075800.2517252287,128,80.91914536572973,0.6536812120564844,0.05777780222242271,80.8048135220198,81.03347720943967,128,8.125692968750004,2.765173956686555,0.24440915699168747,7.642051354434599,8.609334583065408,0,0,0,0.029136956273508416,-0.16806152454195883,0.20090225563909775,-0.15847626464051703,-0.1329021157366084,-0.10676661993033025,-0.05280846324619749,0.02709184812980072,0.09294174123031804,0.1359533782310079,0.16711906920519792,0.17942987458229598,0.3075280206891511,0.12004034891499009
large_size,policy41,256,8,periodic,0,1,fair,event,sampled-actual,128,0,128,0.7483358383178709,0.0031198711469122204,0.0002757602555512353,0.7477901585372915,0.7488815180984503,128,0.0025247338376029774,0.353404870508838,0.031236872555144134,-0.05928739977753925,0.06433686745274521,128,0.32658473570106467,0.13192427312087757,0.011660568515859837,0.3035105749361403,0.349658896465989,128,0.12392563457329293,0.08033969911933567,0.007101093255721143,0.10987385252112535,0.1379774166254605,128,0.021761604633552284,0.022679420006870277,0.0020045964600294785,0.017794869999249792,0.025728339267854776,128,6130.367187499998,25.55798443550491,2.2590280134757195,6125.896978737492,6134.837396262505,0,,,,,,0,,,,,,0,,,,,,0,,,,,,0,,,,,,0,,,,,,128,881378.8046875,144742.58186461776,12793.557645365026,856062.6629005048,906694.9464744952,128,875248.4375000001,144741.3484443073,12793.448625381829,849932.5114438774,900564.3635561229,128,875248.4375000001,144741.3484443073,12793.448625381829,849932.5114438774,900564.3635561229,128,143.7703856668428,23.588742854705867,2.0849700040285297,139.6446062936017,147.8961650400839,128,142.7703856668428,23.588742854705863,2.0849700040285293,138.6446062936017,146.8961650400839,128,0.9928700756430159,0.0010990869080039747,0.0000971464757203707,0.9926778402991329,0.9930623109868989,128,6129.367187499998,25.55798443550491,2.2590280134757195,6124.896978737492,6133.837396262505,128,2261.7031249999986,184.3297438785896,16.292601483866274,2229.4630069125956,2293.9432430874017,128,0.369022592752957,0.03034948574269864,0.002682540896773331,0.36371432842378265,0.3743308570821314,128,0.26195481449408603,0.06069897148539726,0.0053650817935466605,0.25133828583573736,0.2725713431524347,128,0.9928712302405983,0.00109891013000304,0.00009713085060496751,0.9926790258159989,0.9930634346651978,128,-0.9857424604811967,0.002197820260006108,0.00019426170120993746,-0.9861268693303956,-0.9853580516319979,128,0,0,0,0,0,128,875248.4375000001,144741.3484443073,12793.448625381829,849932.5114438774,900564.3635561229,128,875248.4375000001,144741.3484443073,12793.448625381829,849932.5114438774,900564.3635561229,128,2262.7031249999986,184.3297438785896,16.292601483866274,2230.4630069125956,2294.9432430874017,128,2.7279121987080877,0.2314831474122487,0.020460412908200783,2.6874247339572537,2.7683996634589216,128,97.82031250000003,39.88989444259952,3.525801857647212,90.84338690859616,104.7972380914039,128,875249.4375000001,144741.3484443073,12793.448625381829,849933.5114438774,900565.3635561229,128,1.0071811696424162,0.0011148329475774057,0.00009853824214027129,1.0069861802439537,1.0073761590408787,0,,,,,,128,899006.9970219446,18149.96541707935,1604.2454530897667,895832.4847809124,902181.5092629768,128,146.6495640707021,2.969320824034298,0.2624533612741349,146.13021623246442,147.16891190893978,128,6.008903906250007,2.3967411016648597,0.21184398571696733,5.589702889003962,6.4281049234960514,0,0,0,0.029136956273508416,-0.5184459680052237,0.5526272978688791,-0.5001691015486531,-0.47436933858331976,-0.44415411856150633,-0.32284166820377913,-0.04844915828871406,0.3421189263760723,0.4509317908619853,0.49364328165559246,0.5146414715292802,0.5276680124091185,0.12004034891499009
large_size,policy41,512,4,periodic,0,1,fair,event,sampled-actual,128,0,128,0.8102483749389651,0.0009008838480939965,0.00007962763475608706,0.8100908062198076,0.8104059436581226,128,0.0012348893348115187,0.06021921003579887,0.005322676471751297,-0.009297726844393136,0.011767505514016173,128,0.05113045572219594,0.03151160880867368,0.002785259034338863,0.04561893073583863,0.05664198070855325,128,0.003599547324181954,0.0037671481007164383,0.00033297199596882704,0.002940655834049844,0.004258438814314064,128,0.000027037275401657458,0.00005179259804530462,0.000004577862161638002,0.00001797851232903121,0.00003609603847428371,128,53100.437500000015,59.040323868688155,5.218476671374922,53090.11107642131,53110.76392357872,0,,,,,,0,,,,,,0,,,,,,0,,,,,,0,,,,,,0,,,,,,128,5083045.476562499,786530.4425159964,69520.12618908963,4945477.692804522,5220613.260320476,128,5029945.039062497,786525.8752020714,69519.7224917586,4892378.054148685,5167512.023976309,128,5029945.039062497,786525.8752020714,69519.7224917586,4892378.054148685,5167512.023976309,128,95.72396610322872,14.802756831229159,1.3083912169522034,93.13489600409008,98.31303620236736,128,94.72396610322872,14.802756831229159,1.3083912169522034,92.13489600409008,97.31303620236736,128,0.989328541578411,0.0014939622659070446,0.0001320488561324614,0.989067240722361,0.989589842434461,128,53099.437500000015,59.040323868688155,5.218476671374922,53089.11107642131,53109.76392357872,128,20470.8359375,131.1984598373057,11.59641507902372,20447.888724809105,20493.783150190895,128,0.3855188538417551,0.002428389009577292,0.00021464129200387337,0.38509411746018396,0.38594359022332625,128,0.22896229231648962,0.0048567780191545755,0.000429282584007746,0.2281128195533474,0.22981176507963186,128,0.9893287403618539,0.0014939347058828033,0.00013204642014745757,0.9890674443261785,0.9895900363975293,128,-0.9786574807237085,0.0029878694117655884,0.0002640928402949135,-0.9791800727950593,-0.9781348886523578,128,0,0,0,0,0,128,5029945.039062497,786525.8752020714,69519.7224917586,4892378.054148685,5167512.023976309,128,5029945.039062497,786525.8752020714,69519.7224917586,4892378.054148685,5167512.023976309,128,20471.8359375,131.1984598373057,11.59641507902372,20448.888724809105,20494.783150190895,128,2.593931132171766,0.016342734089353654,0.0014445072622138156,2.5910727129832773,2.5967895513602546,128,282.8515624999999,101.74826817336756,8.993361299921947,265.0553234770738,300.647801522926,128,5029946.039062497,786525.8752020714,69519.7224917586,4892379.054148685,5167513.023976309,128,1.0107886473361338,0.0015256778176486652,0.000134852141345658,1.0105217992845426,1.011055495387725,0,,,,,,128,5018440.210219767,26004.33948798552,2298.480599028959,5013891.931910273,5022988.488529261,128,94.50852011454617,0.49114465683413494,0.043411464673869575,94.42261666021946,94.59442356887288,128,105.92343593750017,23.81739547614074,2.1051802314226142,101.75766417149086,110.08920770350949,0,0,0,0.029136956273508416,-0.134019064843073,0.1259627516336177,-0.10232277627434139,-0.08968430033743241,-0.08202421656018176,-0.0482677036188637,-0.0019154182296556364,0.049616615694047336,0.08054130823103053,0.08991574111850092,0.1058633320681704,0.30442190854178763,0.12004034891499009
large_size,policy41,512,8,periodic,0,1,fair,event,sampled-actual,128,0,128,0.7479801177978518,0.0014792346182436562,0.0001307471036907479,0.7477213928749628,0.7482388427207408,128,0.0036005586392412556,0.287519769396443,0.025413397333177153,-0.046687968446814755,0.05388908572529726,128,0.2557237720741765,0.1295033505601332,0.011446587170931107,0.23307304177465912,0.2783745023736939,128,0.08203474105228448,0.06735904787395347,0.005953754940742724,0.07025333447070922,0.09381614763385973,128,0.0112314928721065,0.015407700119654527,0.0013618611546370619,0.008536615415757717,0.013926370328455284,128,24509.812500000007,48.471559970608126,4.284321093738427,24501.33460172678,24518.290398273235,0,,,,,,0,,,,,,0,,,,,,0,,,,,,0,,,,,,0,,,,,,128,4171442.0468750014,570499.016690422,50425.465420256834,4071659.1508549144,4271224.942895088,128,4146932.2343749995,570488.6813483322,50424.55189644714,4047151.146053673,4246713.322696326,128,4146932.2343749995,570488.6813483322,50424.55189644714,4047151.146053673,4246713.322696326,128,170.1856923779369,23.208795399516625,2.051387076271169,166.12636755817456,174.24501719769924,128,169.1856923779369,23.208795399516625,2.051387076271169,165.12636755817456,173.24501719769924,128,0.9940166666489938,0.0008073559176719436,0.00007136085552711491,0.9938754563940636,0.994157876903924,128,24508.812500000007,48.471559970608126,4.284321093738427,24500.33460172678,24517.290398273235,128,9426.562500000002,633.0368220808616,55.9530787042699,9315.841454833228,9537.283545166776,128,0.3846289828611939,0.025952384219920868,0.0022938883587330992,0.3800897917665054,0.3891681739558824,128,0.2307420342776122,0.051904768439841736,0.0045877767174661984,0.2216636520882352,0.23982041646698918,128,0.9940169092965453,0.0008073232673847823,0.00007135796962218247,0.9938757047523001,0.9941581138407904,128,-0.9880338185930907,0.0016146465347695788,0.00014271593924436622,-0.9883162276815809,-0.9877514095046005,128,0,0,0,0,0,128,4146932.2343749995,570488.6813483322,50424.55189644714,4047151.146053673,4246713.322696326,128,4146932.2343749995,570488.6813483322,50424.55189644714,4047151.146053673,4246713.322696326,128,9427.562500000002,633.0368220808616,55.9530787042699,9316.841454833228,9538.283545166776,128,2.6122689309204206,0.18787644307844564,0.016606088365747163,2.5794084788672786,2.6451293829735625,128,188.96875000000003,83.53234438859667,7.383285895698344,174.3585596392962,203.57894036070385,128,4146933.2343749995,570488.6813483322,50424.55189644714,4047152.146053673,4246714.322696326,128,1.0060197606274,0.0008172706829566602,0.00007223720524795191,1.005876816234523,1.0061627050202768,0,,,,,,128,4340592.467078635,36583.259430981976,3233.5338526942587,4334193.8871248,4346991.047032469,128,177.09642862084135,1.4894182574384138,0.13164721873221916,176.83592253272474,177.35693470895797,128,66.39566171874952,25.978864339714324,2.2962288927671723,61.85183912959277,70.93948430790627,0,0,0,0.029136956273508416,-0.4734053393111881,0.5278298427186049,-0.4301616753511835,-0.4140138562012619,-0.3619060817997228,-0.28116008798729075,0.015129501885126396,0.26312468346280815,0.3614620696907248,0.44304465010157035,0.46738536716100587,0.443685207573134,0.12004034891499009
