id,experiment,L,k,boundary,controller,baseline,metric,alternative,nullDifference,seedBlock,expectedRepetitions,armParameters,n,mean,sd,se,ciLow,ciHigh,min,max,missingA,missingB,method,pRaw,simultaneousCiLow,simultaneousCiHigh,onlyA,onlyB,degenerateNonzeroDifference,complete,unexpectedSeeds,parameterMatch,simultaneousLowerOneSided,simultaneousUpperOneSided,familySize,familyAlpha,inference,pHolm,rejectAtAlpha,correctDirection
confirmation/L64/k4/a1-b0.001/a0-b0/coverage,confirmation,64,4,periodic,a1-b0.001,a0-b0,coverage,two-sided,0,[object Object],1024,[object Object],1024,0.006764411926269534,0.009282354424710742,0.0002900735757722107,0.006195204719892001,0.0073336191326470665,-0.0205078125,0.037109375,0,0,paired Student-t two-sided; difference minus locked null 0,8.453359652727355e-97,0.005647370365410097,0.007881453487128971,,,false,true,,true,0.005698333713092578,0.00783049013944649,400,0.05,Independent locked holdout; approximate t inference; ordinary CIs are pointwise,2.527554536165479e-94,true,true
confirmation/L64/k4/a1-b0.001/a0-b0/abs_order,confirmation,64,4,periodic,a1-b0.001,a0-b0,abs_order,less,0.01,[object Object],1024,[object Object],1024,-0.9871683586394625,0.009366165831996306,0.00029269268224988457,-0.9877427052808175,-0.9865940119981075,-1,-0.9463647199046484,0,0,paired Student-t less; difference minus locked null 0.01,0,-0.9882954860924273,-0.9860412311864977,,,false,true,,true,-0.9882440625910281,-0.9860926546878969,400,0.05,Independent locked holdout; approximate t inference; ordinary CIs are pointwise,0,true,true
confirmation/L64/k4/a1-b0.001/a0.05-b0.05/coverage,confirmation,64,4,periodic,a1-b0.001,a0.05-b0.05,coverage,two-sided,0,[object Object],1024,[object Object],1024,0.0006389617919921873,0.00952523761786701,0.00029766367555834406,0.000054860641952635364,0.001223062942031739,-0.0322265625,0.029296875,0,0,paired Student-t two-sided; difference minus locked null 0,0.03206056493997922,-0.000507308411599049,0.0017852319955834236,,,false,true,,true,-0.00045501155088175965,0.0017329351348661342,400,0.05,Independent locked holdout; approximate t inference; ordinary CIs are pointwise,1,false,true
confirmation/L64/k4/a1-b0.001/a0.05-b0.05/abs_order,confirmation,64,4,periodic,a1-b0.001,a0.05-b0.05,abs_order,less,0.01,[object Object],1024,[object Object],1024,-0.1289577877146325,0.1049660767341853,0.0032801898979432907,-0.13539445718107956,-0.12252111824818546,-0.5018610448529739,0.036602662574175174,0,0,paired Student-t less; difference minus locked null 0.01,1.3540610149445596e-227,-0.14158943964555948,-0.11632613578370556,,,false,true,,true,-0.1410131394507264,-0.11690243597853861,400,0.05,Independent locked holdout; approximate t inference; ordinary CIs are pointwise,5.226675517686e-225,true,true
confirmation/L64/k4/a1-b0.001/a0.1-b0.1/coverage,confirmation,64,4,periodic,a1-b0.001,a0.1-b0.1,coverage,two-sided,0,[object Object],1024,[object Object],1024,0.000514030456542969,0.009678427994905307,0.00030245087484079085,-0.00007946454580691497,0.0011075254588928528,-0.0361328125,0.0302734375,0,0,paired Student-t two-sided; difference minus locked null 0,0.08951955982479132,-0.0006506747270162766,0.0016787356401022145,,,false,true,,true,-0.000597536797956905,0.001625597711042843,400,0.05,Independent locked holdout; approximate t inference; ordinary CIs are pointwise,1,false,true
confirmation/L64/k4/a1-b0.001/a0.1-b0.1/abs_order,confirmation,64,4,periodic,a1-b0.001,a0.1-b0.1,abs_order,less,0.01,[object Object],1024,[object Object],1024,-0.08930071237323552,0.07673873013501387,0.0023980853167191833,-0.09400644070492134,-0.08459498404154969,-0.3901328647400989,0.03465477803517054,0,0,paired Student-t less; difference minus locked null 0.01,3.386868388337435e-221,-0.09853547620213965,-0.08006594854433138,,,false,true,,true,-0.09811415393780426,-0.08048727080866677,400,0.05,Independent locked holdout; approximate t inference; ordinary CIs are pointwise,1.300557461121575e-218,true,true
confirmation/L64/k4/a1-b0.001/a0.15-b0.15/coverage,confirmation,64,4,periodic,a1-b0.001,a0.15-b0.15,coverage,two-sided,0,[object Object],1024,[object Object],1024,0.0002689361572265628,0.009628455514307521,0.00030088923482211004,-0.0003214944613715978,0.0008593667758247234,-0.0322265625,0.0361328125,0,0,paired Student-t two-sided; difference minus locked null 0,0.37163671339380466,-0.0008897553217085235,0.0014276276361616493,,,false,true,,true,-0.0008368917589130041,0.0013747640733661297,400,0.05,Independent locked holdout; approximate t inference; ordinary CIs are pointwise,1,false,true
confirmation/L64/k4/a1-b0.001/a0.15-b0.15/abs_order,confirmation,64,4,periodic,a1-b0.001,a0.15-b0.15,abs_order,less,0.01,[object Object],1024,[object Object],1024,-0.06772493288759043,0.06092855994561602,0.0019040174983005007,-0.07146115904406268,-0.06398870673111819,-0.3058838703625534,0.02882836587872559,0,0,paired Student-t less; difference minus locked null 0.01,3.036167320877331e-217,-0.07505709567609434,-0.06039277009908652,,,false,true,,true,-0.07472257673378428,-0.060727289041396584,400,0.05,Independent locked holdout; approximate t inference; ordinary CIs are pointwise,1.1598159165751404e-214,true,true
confirmation/L64/k4/a1-b0.001/a0.2-b0.2/coverage,confirmation,64,4,periodic,a1-b0.001,a0.2-b0.2,coverage,two-sided,0,[object Object],1024,[object Object],1024,0.00017166137695312478,0.009762204970642768,0.0003050689053325865,-0.00042697094898260836,0.0007702937028888579,-0.02734375,0.03125,0,0,paired Student-t two-sided; difference minus locked null 0,0.5737644717897323,-0.0010031255552078256,0.0013464483091140751,,,false,true,,true,-0.000949527661472797,0.0012928504153790466,400,0.05,Independent locked holdout; approximate t inference; ordinary CIs are pointwise,1,false,true
confirmation/L64/k4/a1-b0.001/a0.2-b0.2/abs_order,confirmation,64,4,periodic,a1-b0.001,a0.2-b0.2,abs_order,less,0.01,[object Object],1024,[object Object],1024,-0.06103504918278775,0.05622726019385915,0.0017571018810580985,-0.06448298493624359,-0.057587113429331906,-0.3156102319658389,0.03527542697417658,0,0,paired Student-t less; difference minus locked null 0.01,1.3963033119542394e-214,-0.06780145602484877,-0.05426864234072673,,,false,true,,true,-0.06749274884998971,-0.0545773495155858,400,0.05,Independent locked holdout; approximate t inference; ordinary CIs are pointwise,5.30595258542611e-212,true,true
confirmation/L64/k4/a1-b0.001/a0.25-b0.25/coverage,confirmation,64,4,periodic,a1-b0.001,a0.25-b0.25,coverage,two-sided,0,[object Object],1024,[object Object],1024,0.0000028610229492185908,0.009488631023091346,0.00029651971947160455,-0.0005789953585118162,0.0005847174044102534,-0.029296875,0.0302734375,0,0,paired Student-t two-sided; difference minus locked null 0,0.9923034703862545,-0.0011390039310797838,0.0011447259769782208,,,false,true,,true,-0.0010869080532739052,0.0010926300991723422,400,0.05,Independent locked holdout; approximate t inference; ordinary CIs are pointwise,1,false,true
confirmation/L64/k4/a1-b0.001/a0.25-b0.25/abs_order,confirmation,64,4,periodic,a1-b0.001,a0.25-b0.25,abs_order,less,0.01,[object Object],1024,[object Object],1024,-0.053621092395892314,0.05086564275870207,0.0015895513362094397,-0.05674024612462754,-0.05050193866715709,-0.24489362190975092,0.045280539981555026,0,0,paired Student-t less; difference minus locked null 0.01,7.456011305878653e-212,-0.05974228044598874,-0.04749990434579589,,,false,true,,true,-0.05946301041185778,-0.04777917437992685,400,0.05,Independent locked holdout; approximate t inference; ordinary CIs are pointwise,2.810916262316252e-209,true,true
confirmation/L64/k4/a1-b0.001/a0.3-b0.3/coverage,confirmation,64,4,periodic,a1-b0.001,a0.3-b0.3,coverage,two-sided,0,[object Object],1024,[object Object],1024,0.0002765655517578127,0.009886299212346744,0.00030894685038583574,-0.00032967640998969453,0.00088280751350532,-0.0361328125,0.037109375,0,0,paired Student-t two-sided; difference minus locked null 0,0.37089710728807734,-0.0009131549219491984,0.0014662860254648238,,,false,true,,true,-0.0008588757077542962,0.0014120068112699216,400,0.05,Independent locked holdout; approximate t inference; ordinary CIs are pointwise,1,false,true
confirmation/L64/k4/a1-b0.001/a0.3-b0.3/abs_order,confirmation,64,4,periodic,a1-b0.001,a0.3-b0.3,abs_order,less,0.01,[object Object],1024,[object Object],1024,-0.049277815993098564,0.04889240087950516,0.0015278875274845362,-0.05227596771672022,-0.04627966426947691,-0.28151774785801714,0.041641294403864854,0,0,paired Student-t less; difference minus locked null 0.01,1.6568058884078687e-203,-0.055161543471465097,-0.04339408851473203,,,false,true,,true,-0.05489310722016012,-0.043662524766037006,400,0.05,Independent locked holdout; approximate t inference; ordinary CIs are pointwise,6.1467498459931925e-201,true,true
confirmation/L64/k4/a1-b0.001/a0.35-b0.35/coverage,confirmation,64,4,periodic,a1-b0.001,a0.35-b0.35,coverage,two-sided,0,[object Object],1024,[object Object],1024,0.00035285949707031234,0.009805651177097589,0.00030642659928429964,-0.0002484370121827499,0.0009541560063233746,-0.0341796875,0.029296875,0,0,paired Student-t two-sided; difference minus locked null 0,0.2497832127551255,-0.0008271557657545177,0.0015328747598951423,,,false,true,,true,-0.0007733193372659413,0.0014790383314065658,400,0.05,Independent locked holdout; approximate t inference; ordinary CIs are pointwise,1,false,true
confirmation/L64/k4/a1-b0.001/a0.35-b0.35/abs_order,confirmation,64,4,periodic,a1-b0.001,a0.35-b0.35,abs_order,less,0.01,[object Object],1024,[object Object],1024,-0.04217250077101991,0.04318089431314682,0.001349402947285838,-0.04482041476958884,-0.03952458677245098,-0.20452396642122453,0.04276325673836802,0,0,paired Student-t less; difference minus locked null 0.01,1.3573282961284435e-202,-0.047368903685183254,-0.036976097856856564,,,false,true,,true,-0.04713182558738266,-0.03721317595465716,400,0.05,Independent locked holdout; approximate t inference; ordinary CIs are pointwise,5.008541412713957e-200,true,true
confirmation/L64/k4/a1-b0.001/a0.4-b0.4/coverage,confirmation,64,4,periodic,a1-b0.001,a0.4-b0.4,coverage,two-sided,0,[object Object],1024,[object Object],1024,-0.0005617141723632809,0.009782040457430547,0.0003056887642947046,-0.001161562838626588,0.000038134493900026235,-0.0322265625,0.029296875,0,0,paired Student-t two-sided; difference minus locked null 0,0.06642066331495171,-0.0017388881134777832,0.0006154597687512215,,,false,true,,true,-0.001685181316035423,0.0005617529713088614,400,0.05,Independent locked holdout; approximate t inference; ordinary CIs are pointwise,1,false,true
confirmation/L64/k4/a1-b0.001/a0.4-b0.4/abs_order,confirmation,64,4,periodic,a1-b0.001,a0.4-b0.4,abs_order,less,0.01,[object Object],1024,[object Object],1024,-0.04013331427756423,0.04143118929421409,0.0012947246654441903,-0.04267393386996826,-0.0375926946851602,-0.22323667591275242,0.03961584633853541,0,0,paired Student-t less; difference minus locked null 0.01,5.470299339719617e-203,-0.04511915711871538,-0.035147471436413086,,,false,true,,true,-0.044891685508788616,-0.03537494304633985,400,0.05,Independent locked holdout; approximate t inference; ordinary CIs are pointwise,2.0240107556962583e-200,true,true
confirmation/L64/k4/a1-b0.001/a0.45-b0.45/coverage,confirmation,64,4,periodic,a1-b0.001,a0.45-b0.45,coverage,two-sided,0,[object Object],1024,[object Object],1024,0.0001411437988281251,0.009596464614866936,0.00029988951921459175,-0.0004473250922096652,0.0007296126898659154,-0.033203125,0.037109375,0,0,paired Student-t two-sided; difference minus locked null 0,0.6379891300631266,-0.0010136978848277294,0.0012959854824839794,,,false,true,,true,-0.0009610099631741303,0.0012432975608303804,400,0.05,Independent locked holdout; approximate t inference; ordinary CIs are pointwise,1,false,true
confirmation/L64/k4/a1-b0.001/a0.45-b0.45/abs_order,confirmation,64,4,periodic,a1-b0.001,a0.45-b0.45,abs_order,less,0.01,[object Object],1024,[object Object],1024,-0.03792913021219269,0.03871402426017097,0.0012098132581303427,-0.04030312937108073,-0.035555131053304656,-0.20972196967729087,0.03900638541320636,0,0,paired Student-t less; difference minus locked null 0.01,4.3497840880291117e-209,-0.042587988526372945,-0.03327027189801244,,,false,true,,true,-0.04237543509560685,-0.03348282532877853,400,0.05,Independent locked holdout; approximate t inference; ordinary CIs are pointwise,1.631169033010917e-206,true,true
confirmation/L64/k4/a1-b0.001/a0.5-b0.5/coverage,confirmation,64,4,periodic,a1-b0.001,a0.5-b0.5,coverage,two-sided,0,[object Object],1024,[object Object],1024,0.000033378601074218655,0.009376099906277514,0.0002930031220711723,-0.0005415772118778581,0.0006083344140262954,-0.0341796875,0.02734375,0,0,paired Student-t two-sided; difference minus locked null 0,0.9093244148268826,-0.001094944321631745,0.0011617015237801824,,,false,true,,true,-0.0010434662787165505,0.001110223480864988,400,0.05,Independent locked holdout; approximate t inference; ordinary CIs are pointwise,1,false,true
confirmation/L64/k4/a1-b0.001/a0.5-b0.5/abs_order,confirmation,64,4,periodic,a1-b0.001,a0.5-b0.5,abs_order,less,0.01,[object Object],1024,[object Object],1024,-0.03394451972803177,0.03662476306500714,0.0011445238457814732,-0.03619040241195239,-0.031698637044111154,-0.16509863258411456,0.044050819391640496,0,0,paired Student-t less; difference minus locked null 0.01,9.183748378181296e-201,-0.0383519556681346,-0.029537083787928943,,,false,true,,true,-0.038150873006509274,-0.029738166449554272,400,0.05,Independent locked holdout; approximate t inference; ordinary CIs are pointwise,3.379619403170717e-198,true,true
confirmation/L64/k4/a1-b0.001/a0.55-b0.55/coverage,confirmation,64,4,periodic,a1-b0.001,a0.55-b0.55,coverage,two-sided,0,[object Object],1024,[object Object],1024,0.00011539459228515621,0.009755438911368894,0.0003048574659802779,-0.0004828228292501143,0.0007136120138204268,-0.0361328125,0.03515625,0,0,paired Student-t two-sided; difference minus locked null 0,0.7051230117269635,-0.0010585781100946046,0.001289367294664917,,,false,true,,true,-0.0010050173643734782,0.0012358065489437907,400,0.05,Independent locked holdout; approximate t inference; ordinary CIs are pointwise,1,false,true
confirmation/L64/k4/a1-b0.001/a0.55-b0.55/abs_order,confirmation,64,4,periodic,a1-b0.001,a0.55-b0.55,abs_order,less,0.01,[object Object],1024,[object Object],1024,-0.0318703202766982,0.03437236782324361,0.001074136494476363,-0.03397808287334772,-0.029762557680048676,-0.1600217836218785,0.0463713575771918,0,0,paired Student-t less; difference minus locked null 0.01,9.331101320472369e-205,-0.03600670223831536,-0.027733938315081037,,,false,true,,true,-0.03581798600837021,-0.02792265454502619,400,0.05,Independent locked holdout; approximate t inference; ordinary CIs are pointwise,3.489831893856666e-202,true,true
confirmation/L64/k4/a1-b0.001/a0.6-b0.6/coverage,confirmation,64,4,periodic,a1-b0.001,a0.6-b0.6,coverage,two-sided,0,[object Object],1024,[object Object],1024,0.00020885467529296924,0.009620019868835252,0.00030062562090110164,-0.0003810586574988577,0.0007987680080847961,-0.025390625,0.0341796875,0,0,paired Student-t two-sided; difference minus locked null 0,0.48738011227007627,-0.0009488216553129264,0.0013665310058988648,,,false,true,,true,-0.0008960044071390494,0.0013137137577249878,400,0.05,Independent locked holdout; approximate t inference; ordinary CIs are pointwise,1,false,true
confirmation/L64/k4/a1-b0.001/a0.6-b0.6/abs_order,confirmation,64,4,periodic,a1-b0.001,a0.6-b0.6,abs_order,less,0.01,[object Object],1024,[object Object],1024,-0.030987299326147348,0.034783187104500825,0.0010869745970156508,-0.03312025394679328,-0.02885434470550142,-0.20205424927817278,0.03825729069673507,0,0,paired Student-t less; difference minus locked null 0.01,4.697222741447604e-196,-0.035173119414146005,-0.02680147923814869,,,false,true,,true,-0.034982147643752015,-0.026992451008542678,400,0.05,Independent locked holdout; approximate t inference; ordinary CIs are pointwise,1.7050918551454803e-193,true,true
confirmation/L64/k4/a1-b0.001/a0.65-b0.65/coverage,confirmation,64,4,periodic,a1-b0.001,a0.65-b0.65,coverage,two-sided,0,[object Object],1024,[object Object],1024,-0.0001573562622070313,0.010052676372234762,0.0003141461366323363,-0.0007738007085884777,0.000459088184174415,-0.0361328125,0.0302734375,0,0,paired Student-t two-sided; difference minus locked null 0,0.616548220180377,-0.0013670986176338262,0.0010523860932197637,,,false,true,,true,-0.0013119059350818847,0.0009971934106678222,400,0.05,Independent locked holdout; approximate t inference; ordinary CIs are pointwise,1,false,true
confirmation/L64/k4/a1-b0.001/a0.65-b0.65/abs_order,confirmation,64,4,periodic,a1-b0.001,a0.65-b0.65,abs_order,less,0.01,[object Object],1024,[object Object],1024,-0.02967518866876831,0.033546706696165635,0.001048334584255176,-0.031732320548031365,-0.027618056789505258,-0.20024125452352232,0.03472192306035411,0,0,paired Student-t less; difference minus locked null 0.01,5.299716014627064e-197,-0.03371221030089009,-0.02563816703664653,,,false,true,,true,-0.03352802723711829,-0.025822350100418327,400,0.05,Independent locked holdout; approximate t inference; ordinary CIs are pointwise,1.9343963453388784e-194,true,true
confirmation/L64/k4/a1-b0.001/a0.7-b0.7/coverage,confirmation,64,4,periodic,a1-b0.001,a0.7-b0.7,coverage,two-sided,0,[object Object],1024,[object Object],1024,-0.00047016143798828087,0.009887137292028473,0.0003089730403758898,-0.00107645479197665,0.00013613191600008817,-0.0361328125,0.0380859375,0,0,paired Student-t two-sided; difference minus locked null 0,0.12839559394657418,-0.001659982766477707,0.0007196598905011454,,,false,true,,true,-0.0016056989509344558,0.0006653760749578941,400,0.05,Independent locked holdout; approximate t inference; ordinary CIs are pointwise,1,false,true
confirmation/L64/k4/a1-b0.001/a0.7-b0.7/abs_order,confirmation,64,4,periodic,a1-b0.001,a0.7-b0.7,abs_order,less,0.01,[object Object],1024,[object Object],1024,-0.027394013753074997,0.03265212057942311,0.0010203787681069723,-0.02939628833632492,-0.025391739169825074,-0.1529399774076559,0.05363528009535161,0,0,paired Student-t less; difference minus locked null 0.01,9.116168603839683e-189,-0.0313233805999508,-0.023464646906199187,,,false,true,,true,-0.031144109124469375,-0.023643918381680618,400,0.05,Independent locked holdout; approximate t inference; ordinary CIs are pointwise,3.2727045287784465e-186,true,true
confirmation/L64/k4/a1-b0.001/a0.75-b0.75/coverage,confirmation,64,4,periodic,a1-b0.001,a0.75-b0.75,coverage,two-sided,0,[object Object],1024,[object Object],1024,-0.00012683868408203103,0.009621549037422902,0.0003006734074194657,-0.0007168457876716568,0.0004631684195075947,-0.0341796875,0.03515625,0,0,paired Student-t two-sided; difference minus locked null 0,0.6732240922813062,-0.0012846990353348239,0.0010310216671707618,,,false,true,,true,-0.0012318733914946287,0.0009781960233305666,400,0.05,Independent locked holdout; approximate t inference; ordinary CIs are pointwise,1,false,true
confirmation/L64/k4/a1-b0.001/a0.75-b0.75/abs_order,confirmation,64,4,periodic,a1-b0.001,a0.75-b0.75,abs_order,less,0.01,[object Object],1024,[object Object],1024,-0.025691946115524028,0.03068884100096234,0.0009590262812800731,-0.027573829596143917,-0.02381006263490414,-0.13752103712298316,0.04049310566285459,0,0,paired Student-t less; difference minus locked null 0.01,1.0990531910059774e-192,-0.029385051257191826,-0.02199884097385623,,,false,true,,true,-0.029216558868047443,-0.022167333363000613,400,0.05,Independent locked holdout; approximate t inference; ordinary CIs are pointwise,3.9565914876215185e-190,true,true
confirmation/L64/k4/a1-b0.001/a0.8-b0.8/coverage,confirmation,64,4,periodic,a1-b0.001,a0.8-b0.8,coverage,two-sided,0,[object Object],1024,[object Object],1024,0.00016784667968749995,0.010287127291392452,0.0003214727278560141,-0.0004629746312932047,0.0007986679906682047,-0.0302734375,0.0322265625,0,0,paired Student-t two-sided; difference minus locked null 0,0.6017012463819809,-0.0010701095758661476,0.0014058029352411476,,,false,true,,true,-0.00101362967639048,0.00134932303576548,400,0.05,Independent locked holdout; approximate t inference; ordinary CIs are pointwise,1,false,true
confirmation/L64/k4/a1-b0.001/a0.8-b0.8/abs_order,confirmation,64,4,periodic,a1-b0.001,a0.8-b0.8,abs_order,less,0.01,[object Object],1024,[object Object],1024,-0.026469250715035118,0.030026839555496197,0.0009383387361092562,-0.028310539323260504,-0.02462796210680973,-0.1338933468529105,0.041916167664670656,0,0,paired Student-t less; difference minus locked null 0.01,5.6474531707604566e-204,-0.030082690386704688,-0.022855811043365547,,,false,true,,true,-0.02991783261527559,-0.023020668814794646,400,0.05,Independent locked holdout; approximate t inference; ordinary CIs are pointwise,2.10085257952289e-201,true,true
confirmation/L64/k4/a1-b0.001/a0.85-b0.85/coverage,confirmation,64,4,periodic,a1-b0.001,a0.85-b0.85,coverage,two-sided,0,[object Object],1024,[object Object],1024,0.0004959106445312499,0.009529069252131374,0.00029778341412910544,-0.00008842546678382421,0.0010802467558463239,-0.033203125,0.029296875,0,0,paired Student-t two-sided; difference minus locked null 0,0.0961511132971723,-0.0006508206591778523,0.001642641948240352,,,false,true,,true,-0.0005985027614584974,0.0015903240505209973,400,0.05,Independent locked holdout; approximate t inference; ordinary CIs are pointwise,1,false,true
confirmation/L64/k4/a1-b0.001/a0.85-b0.85/abs_order,confirmation,64,4,periodic,a1-b0.001,a0.85-b0.85,abs_order,less,0.01,[object Object],1024,[object Object],1024,-0.02465515971662502,0.027661054143273956,0.0008644079419773111,-0.02635137499067617,-0.02295894444257387,-0.1237097709897356,0.04394027501728622,0,0,paired Student-t less; difference minus locked null 0.01,2.635157575868872e-212,-0.027983899999689896,-0.021326419433560142,,,false,true,,true,-0.027832031211334343,-0.021478288221915696,400,0.05,Independent locked holdout; approximate t inference; ordinary CIs are pointwise,9.960895636784335e-210,true,true
confirmation/L64/k4/a1-b0.001/a0.9-b0.9/coverage,confirmation,64,4,periodic,a1-b0.001,a0.9-b0.9,coverage,two-sided,0,[object Object],1024,[object Object],1024,-0.0001897811889648438,0.009885189106651303,0.0003089121595828532,-0.0007959550774485245,0.0004163926995188368,-0.0361328125,0.0302734375,0,0,paired Student-t two-sided; difference minus locked null 0,0.5391185251466813,-0.0013793680721901713,0.0009998056942604838,,,false,true,,true,-0.0013250949528608531,0.0009455325749311656,400,0.05,Independent locked holdout; approximate t inference; ordinary CIs are pointwise,1,false,true
confirmation/L64/k4/a1-b0.001/a0.9-b0.9/abs_order,confirmation,64,4,periodic,a1-b0.001,a0.9-b0.9,abs_order,less,0.01,[object Object],1024,[object Object],1024,-0.021972744122147864,0.02904939093784241,0.0009077934668075753,-0.023754094187674303,-0.020191394056621424,-0.16892173100607297,0.03267730386374454,0,0,paired Student-t less; difference minus locked null 0.01,6.462058955862413e-179,-0.02546855730816879,-0.01847693093612694,,,false,true,,true,-0.025309066068921506,-0.018636422175374222,400,0.05,Independent locked holdout; approximate t inference; ordinary CIs are pointwise,2.2811068114194318e-176,true,true
confirmation/L64/k4/a1-b0.001/a0.95-b0.95/coverage,confirmation,64,4,periodic,a1-b0.001,a0.95-b0.95,coverage,two-sided,0,[object Object],1024,[object Object],1024,0.0005664825439453133,0.009779811298774812,0.00030561910308671286,-0.000033229427131304464,0.001166194515021931,-0.033203125,0.037109375,0,0,paired Student-t two-sided; difference minus locked null 0,0.0640902481280656,-0.0006104231394890497,0.001743388227379676,,,false,true,,true,-0.0005567285809014469,0.0016896936687920733,400,0.05,Independent locked holdout; approximate t inference; ordinary CIs are pointwise,1,false,true
confirmation/L64/k4/a1-b0.001/a0.95-b0.95/abs_order,confirmation,64,4,periodic,a1-b0.001,a0.95-b0.95,abs_order,less,0.01,[object Object],1024,[object Object],1024,-0.02448673191485364,0.02882690839000811,0.0009008408871877535,-0.026254439033372646,-0.02271902479633463,-0.15623128890083154,0.04285633988755543,0,0,paired Student-t less; difference minus locked null 0.01,5.409688425996539e-200,-0.027955771478458766,-0.02101769235124851,,,false,true,,true,-0.02779750174562244,-0.021175962084084836,400,0.05,Independent locked holdout; approximate t inference; ordinary CIs are pointwise,1.9853556523407295e-197,true,true
confirmation/L64/k4/a1-b0.001/a1-b1/coverage,confirmation,64,4,periodic,a1-b0.001,a1-b1,coverage,two-sided,0,[object Object],1024,[object Object],1024,-0.00037288665771484364,0.009691346288731908,0.00030285457152287213,-0.0009671738282586751,0.00022140051282898779,-0.0361328125,0.0302734375,0,0,paired Student-t two-sided; difference minus locked null 0,0.21851609784513892,-0.0015391464329691977,0.0007933731175395103,,,false,true,,true,-0.0014859375779927983,0.0007401642625631109,400,0.05,Independent locked holdout; approximate t inference; ordinary CIs are pointwise,1,false,true
confirmation/L64/k4/a1-b0.001/a1-b1/abs_order,confirmation,64,4,periodic,a1-b0.001,a1-b1,abs_order,less,0.01,[object Object],1024,[object Object],1024,-0.021990131413623857,0.028333260635342472,0.0008854143948544523,-0.023727567348075625,-0.02025269547917209,-0.16417471693140465,0.04150718499295532,0,0,paired Student-t less; difference minus locked null 0.01,3.341753384348972e-185,-0.025399765245325612,-0.018580497581922102,,,false,true,,true,-0.025244205810006772,-0.01873605701724094,400,0.05,Independent locked holdout; approximate t inference; ordinary CIs are pointwise,1.1930059582125832e-182,true,true
confirmation/L64/k4/a1-b0.001/proposal-k4-a1-b0.001/coverage,confirmation,64,4,periodic,a1-b0.001,proposal-k4-a1-b0.001,coverage,two-sided,0,[object Object],1024,[object Object],1024,0.0011262893676757826,0.00965043720851529,0.0003015761627661028,0.000534510800251391,0.0017180679351001741,-0.02734375,0.029296875,0,0,paired Student-t two-sided; difference minus locked null 0,0.00019833233858934028,-0.000035047395514213684,0.002287626130865779,,,false,true,,true,0.00001793685441231832,0.0022346418809392468,400,0.05,Independent locked holdout; approximate t inference; ordinary CIs are pointwise,0.04363311448965486,true,true
confirmation/L64/k4/a1-b0.001/proposal-k4-a1-b0.001/abs_order,confirmation,64,4,periodic,a1-b0.001,proposal-k4-a1-b0.001,abs_order,less,0.01,[object Object],1024,[object Object],1024,-0.22843097719238947,0.16591201768802333,0.005184750552750729,-0.23860493864351157,-0.21825701574126738,-0.7521058965102286,0.025428109948974376,0,0,paired Student-t less; difference minus locked null 0.01,1.6173163149577524e-251,-0.24839688354802225,-0.2084650708367567,,,false,true,,true,-0.24748596898311107,-0.20937598540166788,400,0.05,Independent locked holdout; approximate t inference; ordinary CIs are pointwise,6.259014138886502e-249,true,true
confirmation/L64/k4/a1-b0.05/a0-b0/coverage,confirmation,64,4,periodic,a1-b0.05,a0-b0,coverage,two-sided,0,[object Object],1024,[object Object],1024,0.006759643554687505,0.009339137140351093,0.00029184803563597165,0.006186954351236672,0.007332332758138338,-0.021484375,0.0341796875,0,0,paired Student-t two-sided; difference minus locked null 0,9.407097738695984e-96,0.005635768743296297,0.007883518366078713,,,false,true,,true,0.005687043847796837,0.007832243261578173,400,0.05,Independent locked holdout; approximate t inference; ordinary CIs are pointwise,2.7939080283927073e-93,true,true
confirmation/L64/k4/a1-b0.05/a0-b0/abs_order,confirmation,64,4,periodic,a1-b0.05,a0-b0,abs_order,less,0.01,[object Object],1024,[object Object],1024,-0.9803307002428266,0.01481715725012059,0.00046303616406626844,-0.9812393094489507,-0.9794220910367026,-1,-0.9191797346200241,0,0,paired Student-t less; difference minus locked null 0.01,0,-0.9821138017820344,-0.9785475987036188,,,false,true,,true,-0.9820324504457191,-0.9786289500399342,400,0.05,Independent locked holdout; approximate t inference; ordinary CIs are pointwise,0,true,true
confirmation/L64/k4/a1-b0.05/a0.05-b0.05/coverage,confirmation,64,4,periodic,a1-b0.05,a0.05-b0.05,coverage,two-sided,0,[object Object],1024,[object Object],1024,0.0006341934204101572,0.009572368562452041,0.0002991365175766263,0.000047202133658117546,0.001221184707162197,-0.037109375,0.0361328125,0,0,paired Student-t two-sided; difference minus locked null 0,0.03423950604514457,-0.0005177485364340997,0.0017861353772544142,,,false,true,,true,-0.00046519291047196086,0.0017335797512922752,400,0.05,Independent locked holdout; approximate t inference; ordinary CIs are pointwise,1,false,true
confirmation/L64/k4/a1-b0.05/a0.05-b0.05/abs_order,confirmation,64,4,periodic,a1-b0.05,a0.05-b0.05,abs_order,less,0.01,[object Object],1024,[object Object],1024,-0.1221201293179977,0.1057450491166742,0.003304532784896069,-0.1286045664814529,-0.1156356921545425,-0.5018006572508362,0.059343627009238974,0,0,paired Student-t less; difference minus locked null 0.01,1.4605630050865814e-211,-0.13484552303965885,-0.10939473559633656,,,false,true,,true,-0.1342649460160658,-0.1099753126199296,400,0.05,Independent locked holdout; approximate t inference; ordinary CIs are pointwise,5.491716899125547e-209,true,true
confirmation/L64/k4/a1-b0.05/a0.1-b0.1/coverage,confirmation,64,4,periodic,a1-b0.05,a0.1-b0.1,coverage,two-sided,0,[object Object],1024,[object Object],1024,0.0005092620849609373,0.009799717843544237,0.0003062411826107574,-0.00009167058381999015,0.0011101947537418646,-0.03515625,0.033203125,0,0,paired Student-t two-sided; difference minus locked null 0,0.0966298605272311,-0.0006700391585676795,0.001688563328489554,,,false,true,,true,-0.0006162353061397617,0.0016347594760616362,400,0.05,Independent locked holdout; approximate t inference; ordinary CIs are pointwise,1,false,true
confirmation/L64/k4/a1-b0.05/a0.1-b0.1/abs_order,confirmation,64,4,periodic,a1-b0.05,a0.1-b0.1,abs_order,less,0.01,[object Object],1024,[object Object],1024,-0.08246305397660056,0.07739425784816223,0.0024185705577550697,-0.08720898020218612,-0.077717127751015,-0.38947339313080975,0.054932429048712615,0,0,paired Student-t less; difference minus locked null 0.01,1.2341512013026043e-199,-0.09177670422444303,-0.07314940372875808,,,false,true,,true,-0.0913517828854298,-0.07357432506777131,400,0.05,Independent locked holdout; approximate t inference; ordinary CIs are pointwise,4.516993396767532e-197,true,true
confirmation/L64/k4/a1-b0.05/a0.15-b0.15/coverage,confirmation,64,4,periodic,a1-b0.05,a0.15-b0.15,coverage,two-sided,0,[object Object],1024,[object Object],1024,0.00026416778564453125,0.009848991465466984,0.00030778098329584325,-0.00033978641187786354,0.000868121983166926,-0.0341796875,0.0322265625,0,0,paired Student-t two-sided; difference minus locked null 0,0.3909290114874959,-0.0009210630616272111,0.0014493986329162736,,,false,true,,true,-0.0008669886799121398,0.0013953242512012023,400,0.05,Independent locked holdout; approximate t inference; ordinary CIs are pointwise,1,false,true
confirmation/L64/k4/a1-b0.05/a0.15-b0.15/abs_order,confirmation,64,4,periodic,a1-b0.05,a0.15-b0.15,abs_order,less,0.01,[object Object],1024,[object Object],1024,-0.060887274490955566,0.062394249102625525,0.0019498202844570477,-0.0647133787960426,-0.05706117018586854,-0.3083457804331591,0.05760252819076348,0,0,paired Student-t less; difference minus locked null 0.01,9.2805437848092e-187,-0.0683958187909564,-0.05337873019095473,,,false,true,,true,-0.06805325270643592,-0.05372129627547521,400,0.05,Independent locked holdout; approximate t inference; ordinary CIs are pointwise,3.322434674961694e-184,true,true
confirmation/L64/k4/a1-b0.05/a0.2-b0.2/coverage,confirmation,64,4,periodic,a1-b0.05,a0.2-b0.2,coverage,two-sided,0,[object Object],1024,[object Object],1024,0.00016689300537109361,0.009797699266055273,0.0003061781020642273,-0.00043391588136049825,0.0007677018921026855,-0.0341796875,0.0302734375,0,0,paired Student-t two-sided; difference minus locked null 0,0.5858140626709014,-0.0010121653218837182,0.0013459513326259053,,,false,true,,true,-0.0009583725521468599,0.001292158562889047,400,0.05,Independent locked holdout; approximate t inference; ordinary CIs are pointwise,1,false,true
confirmation/L64/k4/a1-b0.05/a0.2-b0.2/abs_order,confirmation,64,4,periodic,a1-b0.05,a0.2-b0.2,abs_order,less,0.01,[object Object],1024,[object Object],1024,-0.05419739078615277,0.05825978382659589,0.0018206182445811216,-0.05776996378636215,-0.050624817785943396,-0.30872360435765717,0.06522478122861951,0,0,paired Student-t less; difference minus locked null 0.01,3.3613780474186254e-179,-0.06120839218551187,-0.047186389386793676,,,false,true,,true,-0.06088852575042328,-0.04750625582188227,400,0.05,Independent locked holdout; approximate t inference; ordinary CIs are pointwise,1.193289206833612e-176,true,true
confirmation/L64/k4/a1-b0.05/a0.25-b0.25/coverage,confirmation,64,4,periodic,a1-b0.05,a0.25-b0.25,coverage,two-sided,0,[object Object],1024,[object Object],1024,-0.000001907348632812573,0.00956968302799518,0.00029905259462484937,-0.0005887339545834221,0.0005849192573177969,-0.03125,0.0322265625,0,0,paired Student-t two-sided; difference minus locked null 0,0.9949123937851068,-0.0011535261273840794,0.0011497114301184544,,,false,true,,true,-0.0011009852459382536,0.0010971705486726286,400,0.05,Independent locked holdout; approximate t inference; ordinary CIs are pointwise,1,false,true
confirmation/L64/k4/a1-b0.05/a0.25-b0.25/abs_order,confirmation,64,4,periodic,a1-b0.05,a0.25-b0.25,abs_order,less,0.01,[object Object],1024,[object Object],1024,-0.04678343399925743,0.0525023404897764,0.0016406981403055125,-0.050002952366161306,-0.04356391563235356,-0.23795322555328835,0.07961107553717055,0,0,paired Student-t less; difference minus locked null 0.01,1.0988091391191229e-174,-0.053101582788464115,-0.04046528521005075,,,false,true,,true,-0.05281332671569432,-0.04075354128282055,400,0.05,Independent locked holdout; approximate t inference; ordinary CIs are pointwise,3.8678081696993126e-172,true,true
confirmation/L64/k4/a1-b0.05/a0.3-b0.3/coverage,confirmation,64,4,periodic,a1-b0.05,a0.3-b0.3,coverage,two-sided,0,[object Object],1024,[object Object],1024,0.000271797180175781,0.010027572579582337,0.00031336164311194804,-0.0003431078658519008,0.0008867022262034627,-0.03515625,0.029296875,0,0,paired Student-t two-sided; difference minus locked null 0,0.3859484993017558,-0.000934924176650346,0.001478518537001908,,,false,true,,true,-0.0008798693226335537,0.0014234636829851158,400,0.05,Independent locked holdout; approximate t inference; ordinary CIs are pointwise,1,false,true
confirmation/L64/k4/a1-b0.05/a0.3-b0.3/abs_order,confirmation,64,4,periodic,a1-b0.05,a0.3-b0.3,abs_order,less,0.01,[object Object],1024,[object Object],1024,-0.04244015759646366,0.04973751489254077,0.001554297340391899,-0.04549013291617101,-0.039390182276756315,-0.2529178133921867,0.06924031748621778,0,0,paired Student-t less; difference minus locked null 0.01,1.1982139941349472e-168,-0.04842558637097036,-0.036454728821956967,,,false,true,,true,-0.04815251015039606,-0.036727805042531265,400,0.05,Independent locked holdout; approximate t inference; ordinary CIs are pointwise,4.1578025596482664e-166,true,true
confirmation/L64/k4/a1-b0.05/a0.35-b0.35/coverage,confirmation,64,4,periodic,a1-b0.05,a0.35-b0.35,coverage,two-sided,0,[object Object],1024,[object Object],1024,0.00034809112548828125,0.01003850041141439,0.00031370313785669966,-0.00026748403076621175,0.0009636662817427743,-0.0361328125,0.0283203125,0,0,paired Student-t two-sided; difference minus locked null 0,0.267423782292572,-0.0008599452901869226,0.0015561275411634851,,,false,true,,true,-0.000804830438580339,0.0015010126895569015,400,0.05,Independent locked holdout; approximate t inference; ordinary CIs are pointwise,1,false,true
confirmation/L64/k4/a1-b0.05/a0.35-b0.35/abs_order,confirmation,64,4,periodic,a1-b0.05,a0.35-b0.35,abs_order,less,0.01,[object Object],1024,[object Object],1024,-0.035334842374385084,0.044937460041917184,0.001404295626309912,-0.03809047148762688,-0.03257921326114329,-0.20706692321226877,0.07163261014335284,0,0,paired Student-t less; difference minus locked null 0.01,1.5604059503901315e-158,-0.04074263098162155,-0.029927053767148614,,,false,true,,true,-0.04049590872826876,-0.030173776020501406,400,0.05,Independent locked holdout; approximate t inference; ordinary CIs are pointwise,5.336588350334249e-156,true,true
confirmation/L64/k4/a1-b0.05/a0.4-b0.4/coverage,confirmation,64,4,periodic,a1-b0.05,a0.4-b0.4,coverage,two-sided,0,[object Object],1024,[object Object],1024,-0.0005664825439453132,0.009919415117173843,0.0003099817224116826,-0.001174755220187315,0.000041790132296688786,-0.0322265625,0.0283203125,0,0,paired Student-t two-sided; difference minus locked null 0,0.06792019974836376,-0.001760188196446926,0.0006272231085562997,,,false,true,,true,-0.0017057271644400438,0.0005727620765494175,400,0.05,Independent locked holdout; approximate t inference; ordinary CIs are pointwise,1,false,true
confirmation/L64/k4/a1-b0.05/a0.4-b0.4/abs_order,confirmation,64,4,periodic,a1-b0.05,a0.4-b0.4,abs_order,less,0.01,[object Object],1024,[object Object],1024,-0.03329565588092928,0.042715464219180155,0.0013348582568493798,-0.035915029042612526,-0.03067628271924604,-0.20892668444623358,0.05723551556544948,0,0,paired Student-t less; difference minus locked null 0.01,1.376920282926585e-159,-0.038436048785686884,-0.02815526297617168,,,false,true,,true,-0.038201526060652226,-0.028389785701206337,400,0.05,Independent locked holdout; approximate t inference; ordinary CIs are pointwise,4.7228365704381865e-157,true,true
confirmation/L64/k4/a1-b0.05/a0.45-b0.45/coverage,confirmation,64,4,periodic,a1-b0.05,a0.45-b0.45,coverage,two-sided,0,[object Object],1024,[object Object],1024,0.00013637542724609383,0.009642904368181899,0.00030134076150568434,-0.00045494121567013176,0.0007276920701623195,-0.033203125,0.0361328125,0,0,paired Student-t two-sided; difference minus locked null 0,0.6509600028678335,-0.0010240548314797639,0.0012968056859719514,,,false,true,,true,-0.0009711119394612994,0.001243862793953487,400,0.05,Independent locked holdout; approximate t inference; ordinary CIs are pointwise,1,false,true
confirmation/L64/k4/a1-b0.05/a0.45-b0.45/abs_order,confirmation,64,4,periodic,a1-b0.05,a0.45-b0.45,abs_order,less,0.01,[object Object],1024,[object Object],1024,-0.031091471815557707,0.04001764058951216,0.001250551268422255,-0.033545410586214616,-0.028637533044900798,-0.2026274066976914,0.05733031274824208,0,0,paired Student-t less; difference minus locked null 0.01,1.5549094296463745e-162,-0.035907207744259186,-0.02627573588685623,,,false,true,,true,-0.0356874970073618,-0.026495446623753617,400,0.05,Independent locked holdout; approximate t inference; ordinary CIs are pointwise,5.379986626576456e-160,true,true
confirmation/L64/k4/a1-b0.05/a0.5-b0.5/coverage,confirmation,64,4,periodic,a1-b0.05,a0.5-b0.5,coverage,two-sided,0,[object Object],1024,[object Object],1024,0.00002861022949218767,0.009825159945727243,0.00030703624830397634,-0.0005738825852652183,0.0006311030442495937,-0.03125,0.0283203125,0,0,paired Student-t two-sided; difference minus locked null 0,0.925777276853715,-0.001153752724916418,0.0012109731839007934,,,false,true,,true,-0.0010998091865166014,0.0011570296455009768,400,0.05,Independent locked holdout; approximate t inference; ordinary CIs are pointwise,1,false,true
confirmation/L64/k4/a1-b0.05/a0.5-b0.5/abs_order,confirmation,64,4,periodic,a1-b0.05,a0.5-b0.5,abs_order,less,0.01,[object Object],1024,[object Object],1024,-0.0271068613313969,0.038906491374704734,0.001215827855459523,-0.029492662848131956,-0.02472105981466184,-0.16675355367879607,0.07480341820789405,0,0,paired Student-t less; difference minus locked null 0.01,2.8022395725630785e-146,-0.031788881200953724,-0.022424841461840074,,,false,true,,true,-0.0315752710589238,-0.022638451603869996,400,0.05,Independent locked holdout; approximate t inference; ordinary CIs are pointwise,9.331457776635051e-144,true,true
confirmation/L64/k4/a1-b0.05/a0.55-b0.55/coverage,confirmation,64,4,periodic,a1-b0.05,a0.55-b0.55,coverage,two-sided,0,[object Object],1024,[object Object],1024,0.00011062622070312508,0.00999233105487922,0.0003122603454649756,-0.000502117764788951,0.0007233702061952012,-0.0283203125,0.03125,0,0,paired Student-t two-sided; difference minus locked null 0,0.7232053631556206,-0.0010918541595388027,0.0013131066009450527,,,false,true,,true,-0.0010369927937249092,0.0012582452351311592,400,0.05,Independent locked holdout; approximate t inference; ordinary CIs are pointwise,1,false,true
confirmation/L64/k4/a1-b0.05/a0.55-b0.55/abs_order,confirmation,64,4,periodic,a1-b0.05,a0.55-b0.55,abs_order,less,0.01,[object Object],1024,[object Object],1024,-0.02503266188006327,0.03631840413767746,0.0011349501293024206,-0.027259758197810458,-0.022805565562316082,-0.16331080179971502,0.0702468806839904,0,0,paired Student-t less; difference minus locked null 0.01,1.0835892871789769e-148,-0.029403230486867927,-0.020662093273258613,,,false,true,,true,-0.02920382984209035,-0.02086149391803619,400,0.05,Independent locked holdout; approximate t inference; ordinary CIs are pointwise,3.651695897793152e-146,true,true
confirmation/L64/k4/a1-b0.05/a0.6-b0.6/coverage,confirmation,64,4,periodic,a1-b0.05,a0.6-b0.6,coverage,two-sided,0,[object Object],1024,[object Object],1024,0.00020408630371093745,0.009748009859862338,0.00030462530812069806,-0.00039367555779499136,0.0008018481652168662,-0.029296875,0.03125,0,0,paired Student-t two-sided; difference minus locked null 0,0.503035460974925,-0.0009689923841859787,0.0013771649916078537,,,false,true,,true,-0.0009154724265362357,0.0013236450339581107,400,0.05,Independent locked holdout; approximate t inference; ordinary CIs are pointwise,1,false,true
confirmation/L64/k4/a1-b0.05/a0.6-b0.6/abs_order,confirmation,64,4,periodic,a1-b0.05,a0.6-b0.6,abs_order,less,0.01,[object Object],1024,[object Object],1024,-0.024149640929512443,0.0361263606463629,0.0011289487701988405,-0.026364960866592336,-0.02193432099243255,-0.1660688056435416,0.06904641081034057,0,0,paired Student-t less; difference minus locked null 0.01,2.1263485550036578e-144,-0.02849709895989698,-0.019802182899127906,,,false,true,,true,-0.028298752700544716,-0.02000052915848017,400,0.05,Independent locked holdout; approximate t inference; ordinary CIs are pointwise,7.059477202612144e-142,true,true
confirmation/L64/k4/a1-b0.05/a0.65-b0.65/coverage,confirmation,64,4,periodic,a1-b0.05,a0.65-b0.65,coverage,two-sided,0,[object Object],1024,[object Object],1024,-0.00016212463378906223,0.009893741331095619,0.0003091794165967381,-0.000768822956867839,0.00044457368928971463,-0.0380859375,0.03125,0,0,paired Student-t two-sided; difference minus locked null 0,0.6001343132149721,-0.0013527406944951234,0.0010284914269169988,,,false,true,,true,-0.0012984206204851418,0.0009741713529070172,400,0.05,Independent locked holdout; approximate t inference; ordinary CIs are pointwise,1,false,true
confirmation/L64/k4/a1-b0.05/a0.65-b0.65/abs_order,confirmation,64,4,periodic,a1-b0.05,a0.65-b0.65,abs_order,less,0.01,[object Object],1024,[object Object],1024,-0.022837530272133418,0.03490288197475013,0.0010907150617109416,-0.024977824752861713,-0.020697235791405123,-0.18922044265215618,0.06415437669674957,0,0,paired Student-t less; difference minus locked null 0.01,2.0782870145071566e-143,-0.027037754479881503,-0.018637306064385333,,,false,true,,true,-0.026846125543103942,-0.018828935001162894,400,0.05,Independent locked holdout; approximate t inference; ordinary CIs are pointwise,6.858347147873617e-141,true,true
confirmation/L64/k4/a1-b0.05/a0.7-b0.7/coverage,confirmation,64,4,periodic,a1-b0.05,a0.7-b0.7,coverage,two-sided,0,[object Object],1024,[object Object],1024,-0.0004749298095703125,0.009982761382197017,0.0003119612931936568,-0.0010870869690908567,0.00013722734995023174,-0.033203125,0.029296875,0,0,paired Student-t two-sided; difference minus locked null 0,0.1282179713606082,-0.0016762585722785049,0.0007263989531378799,,,false,true,,true,-0.0016214497472892553,0.0006715901281486303,400,0.05,Independent locked holdout; approximate t inference; ordinary CIs are pointwise,1,false,true
confirmation/L64/k4/a1-b0.05/a0.7-b0.7/abs_order,confirmation,64,4,periodic,a1-b0.05,a0.7-b0.7,abs_order,less,0.01,[object Object],1024,[object Object],1024,-0.020556355356440157,0.03445877836512608,0.00107683682391019,-0.02266941677070599,-0.018443293942174324,-0.17375455650060753,0.06274649839816868,0,0,paired Student-t less; difference minus locked null 0.01,1.9941356707852454e-131,-0.024703135990868402,-0.016409574722011912,,,false,true,,true,-0.02451394533705535,-0.016598765375824963,400,0.05,Independent locked holdout; approximate t inference; ordinary CIs are pointwise,6.401175503220638e-129,true,true
confirmation/L64/k4/a1-b0.05/a0.75-b0.75/coverage,confirmation,64,4,periodic,a1-b0.05,a0.75-b0.75,coverage,two-sided,0,[object Object],1024,[object Object],1024,-0.00013160705566406207,0.009579001433917109,0.00029934379480990966,-0.0007190050795502541,0.00045579096822212994,-0.029296875,0.03125,0,0,paired Student-t two-sided; difference minus locked null 0,0.6602821343581526,-0.0012843472144251295,0.0010211331030970053,,,false,true,,true,-0.001231755171696388,0.0009685410603682638,400,0.05,Independent locked holdout; approximate t inference; ordinary CIs are pointwise,1,false,true
confirmation/L64/k4/a1-b0.05/a0.75-b0.75/abs_order,confirmation,64,4,periodic,a1-b0.05,a0.75-b0.75,abs_order,less,0.01,[object Object],1024,[object Object],1024,-0.018854287718889143,0.03292950866657875,0.0010290471458305858,-0.020873572135091785,-0.016835003302686502,-0.13996215694008562,0.06794344837360923,0,0,paired Student-t less; difference minus locked null 0.01,4.1637239234794684e-129,-0.022817035538701652,-0.014891539899076635,,,false,true,,true,-0.022636241106340767,-0.015072334331437521,400,0.05,Independent locked holdout; approximate t inference; ordinary CIs are pointwise,1.3199004837429915e-126,true,true
confirmation/L64/k4/a1-b0.05/a0.8-b0.8/coverage,confirmation,64,4,periodic,a1-b0.05,a0.8-b0.8,coverage,two-sided,0,[object Object],1024,[object Object],1024,0.00016307830810546878,0.009959885708385722,0.0003112464283870538,-0.0004476760824850864,0.0007738326986960239,-0.0380859375,0.03125,0,0,paired Student-t two-sided; difference minus locked null 0,0.6004251508121181,-0.0010354975885505662,0.0013616542047615037,,,false,true,,true,-0.0009808143589506513,0.0013069709751615888,400,0.05,Independent locked holdout; approximate t inference; ordinary CIs are pointwise,1,false,true
confirmation/L64/k4/a1-b0.05/a0.8-b0.8/abs_order,confirmation,64,4,periodic,a1-b0.05,a0.8-b0.8,abs_order,less,0.01,[object Object],1024,[object Object],1024,-0.019631592318400184,0.032142050504810456,0.0010044390782753267,-0.02160258867751183,-0.01766059595928854,-0.13317191283292978,0.06521402288297708,0,0,paired Student-t less; difference minus locked null 0.01,3.3056062671859904e-139,-0.023499577166030607,-0.015763607470769762,,,false,true,,true,-0.023323106152303333,-0.015940078484497036,400,0.05,Independent locked holdout; approximate t inference; ordinary CIs are pointwise,1.077627643102633e-136,true,true
confirmation/L64/k4/a1-b0.05/a0.85-b0.85/coverage,confirmation,64,4,periodic,a1-b0.05,a0.85-b0.85,coverage,two-sided,0,[object Object],1024,[object Object],1024,0.0004911422729492191,0.009961268387850903,0.0003112896371203407,-0.00011969690551730824,0.0011019814514157465,-0.0322265625,0.02734375,0,0,paired Student-t two-sided; difference minus locked null 0,0.1149284802520334,-0.000707600015804907,0.0016898845617033453,,,false,true,,true,-0.0006529091948148025,0.0016351937407132408,400,0.05,Independent locked holdout; approximate t inference; ordinary CIs are pointwise,1,false,true
confirmation/L64/k4/a1-b0.05/a0.85-b0.85/abs_order,confirmation,64,4,periodic,a1-b0.05,a0.85-b0.85,abs_order,less,0.01,[object Object],1024,[object Object],1024,-0.017817501319990114,0.031221516629259972,0.0009756723946643741,-0.019732049229527038,-0.01590295341045319,-0.13086385633390046,0.07280962842227104,0,0,paired Student-t less; difference minus locked null 0.01,2.327426453700347e-132,-0.0215747088206113,-0.014060293819368928,,,false,true,,true,-0.021403291857376678,-0.01423171078260355,400,0.05,Independent locked holdout; approximate t inference; ordinary CIs are pointwise,7.517587445452122e-130,true,true
confirmation/L64/k4/a1-b0.05/a0.9-b0.9/coverage,confirmation,64,4,periodic,a1-b0.05,a0.9-b0.9,coverage,two-sided,0,[object Object],1024,[object Object],1024,-0.00019454956054687538,0.01004399943302302,0.00031387498228196937,-0.0008104619246458917,0.000421362803552141,-0.03515625,0.033203125,0,0,paired Student-t two-sided; difference minus locked null 0,0.5355068429258221,-0.001403247730277123,0.0010141486091833722,,,false,true,,true,-0.0013481026871332061,0.0009590035660394553,400,0.05,Independent locked holdout; approximate t inference; ordinary CIs are pointwise,1,false,true
confirmation/L64/k4/a1-b0.05/a0.9-b0.9/abs_order,confirmation,64,4,periodic,a1-b0.05,a0.9-b0.9,abs_order,less,0.01,[object Object],1024,[object Object],1024,-0.015135085725512955,0.03179286724550455,0.0009935271014220172,-0.017084669669363423,-0.013185501781662487,-0.16513951441735258,0.0645132673720659,0,0,paired Student-t less; difference minus locked null 0.01,2.3085708160706718e-110,-0.01896104974575903,-0.011309121705266876,,,false,true,,true,-0.018786495869326316,-0.011483675581699592,400,0.05,Independent locked holdout; approximate t inference; ordinary CIs are pointwise,7.041140989015549e-108,true,true
confirmation/L64/k4/a1-b0.05/a0.95-b0.95/coverage,confirmation,64,4,periodic,a1-b0.05,a0.95-b0.95,coverage,two-sided,0,[object Object],1024,[object Object],1024,0.0005617141723632792,0.009815908790181535,0.00030674714969317296,-0.000040211348347487315,0.0011636396930740458,-0.0283203125,0.033203125,0,0,paired Student-t two-sided; difference minus locked null 0,0.06736199413515068,-0.0006195354949677482,0.0017429638396943064,,,false,true,,true,-0.0005656427486229392,0.0016890710933494977,400,0.05,Independent locked holdout; approximate t inference; ordinary CIs are pointwise,1,false,true
confirmation/L64/k4/a1-b0.05/a0.95-b0.95/abs_order,confirmation,64,4,periodic,a1-b0.05,a0.95-b0.95,abs_order,less,0.01,[object Object],1024,[object Object],1024,-0.017649073518218768,0.03165421569332139,0.0009891942404162935,-0.019590155151225773,-0.015707991885211763,-0.17191283292978207,0.05729002281397317,0,0,paired Student-t less; difference minus locked null 0.01,1.7018236877866626e-128,-0.021458352165424795,-0.01383979487101274,,,false,true,,true,-0.021284559534139304,-0.014013587502298232,400,0.05,Independent locked holdout; approximate t inference; ordinary CIs are pointwise,5.377762853405854e-126,true,true
confirmation/L64/k4/a1-b0.05/a1-b1/coverage,confirmation,64,4,periodic,a1-b0.05,a1-b1,coverage,two-sided,0,[object Object],1024,[object Object],1024,-0.00037765502929687527,0.009714460536379475,0.0003035768917618586,-0.0009733595984584501,0.00021804953986469966,-0.0322265625,0.0283203125,0,0,paired Student-t two-sided; difference minus locked null 0,0.21377801099110572,-0.0015466963806567045,0.000791386322062954,,,false,true,,true,-0.0014933606204378005,0.0007380505618440501,400,0.05,Independent locked holdout; approximate t inference; ordinary CIs are pointwise,1,false,true
confirmation/L64/k4/a1-b0.05/a1-b1/abs_order,confirmation,64,4,periodic,a1-b0.05,a1-b1,abs_order,less,0.01,[object Object],1024,[object Object],1024,-0.015152473016988976,0.03059581199494607,0.0009561191248420647,-0.017028651826336495,-0.013276294207641457,-0.1761158021712907,0.07478890229191797,0,0,paired Student-t less; difference minus locked null 0.01,3.244464639345045e-117,-0.018834383017711825,-0.011470563016266127,,,false,true,,true,-0.018666401390100694,-0.011638544643877258,400,0.05,Independent locked holdout; approximate t inference; ordinary CIs are pointwise,1.005784038196964e-114,true,true
confirmation/L64/k4/a1-b0.05/proposal-k4-a1-b0.05/coverage,confirmation,64,4,periodic,a1-b0.05,proposal-k4-a1-b0.05,coverage,two-sided,0,[object Object],1024,[object Object],1024,0.0005254745483398445,0.010074357644500776,0.00031482367639064926,-0.0000922994245660787,0.0011432485212457678,-0.033203125,0.0302734375,0,0,paired Student-t two-sided; difference minus locked null 0,0.09540205169541238,-0.000686876938467344,0.001737826035147033,,,false,true,,true,-0.0006315652182051261,0.0016825143148848152,400,0.05,Independent locked holdout; approximate t inference; ordinary CIs are pointwise,1,false,true
confirmation/L64/k4/a1-b0.05/proposal-k4-a1-b0.05/abs_order,confirmation,64,4,periodic,a1-b0.05,proposal-k4-a1-b0.05,abs_order,less,0.01,[object Object],1024,[object Object],1024,-0.09854142084428175,0.08615112003041099,0.0026922225009503435,-0.10382433034278798,-0.09325851134577551,-0.457662210057199,0.04807692307692308,0,0,paired Student-t less; difference minus locked null 0.01,7.83641596553736e-214,-0.10890887474502611,-0.08817396694353738,,,false,true,,true,-0.10843587519313905,-0.08864696649542445,400,0.05,Independent locked holdout; approximate t inference; ordinary CIs are pointwise,2.9700016509386593e-211,true,true
confirmation/L64/k4/a0.02-b1/a0-b0/coverage,confirmation,64,4,periodic,a0.02-b1,a0-b0,coverage,two-sided,0,[object Object],1024,[object Object],1024,0.006552696228027345,0.009424052721877416,0.00029450164755866925,0.005974799880060477,0.007130592575994212,-0.0244140625,0.033203125,0,0,paired Student-t two-sided; difference minus locked null 0,9.12648107095634e-90,0.005418602647842205,0.007686789808212484,,,false,true,,true,0.005470343968359391,0.007635048487695298,400,0.05,Independent locked holdout; approximate t inference; ordinary CIs are pointwise,2.674058953790208e-87,true,true
confirmation/L64/k4/a0.02-b1/a0-b0/abs_order,confirmation,64,4,periodic,a0.02-b1,a0-b0,abs_order,less,0.01,[object Object],1024,[object Object],1024,-0.8492237345515944,0.10315918760597259,0.0032237246126866435,-0.855549603000773,-0.8428978661024158,-1,-0.5344619105199516,0,0,paired Student-t less; difference minus locked null 0.01,0,-0.8616379448551358,-0.836809524248053,,,false,true,,true,-0.861071565108785,-0.8373759039944038,400,0.05,Independent locked holdout; approximate t inference; ordinary CIs are pointwise,0,true,true
confirmation/L64/k4/a0.02-b1/a0.05-b0.05/coverage,confirmation,64,4,periodic,a0.02-b1,a0.05-b0.05,coverage,two-sided,0,[object Object],1024,[object Object],1024,0.00042724609375000005,0.009603329740513014,0.0003001040543910317,-0.00016164377657942696,0.001016135964079427,-0.02734375,0.029296875,0,0,paired Student-t two-sided; difference minus locked null 0,0.15484987737023048,-0.0007284217413666063,0.0015829139288666063,,,false,true,,true,-0.000675696127790336,0.001530188315290336,400,0.05,Independent locked holdout; approximate t inference; ordinary CIs are pointwise,1,false,true
confirmation/L64/k4/a0.02-b1/a0.05-b0.05/abs_order,confirmation,64,4,periodic,a0.02-b1,a0.05-b0.05,abs_order,less,0.01,[object Object],1024,[object Object],1024,0.00898683637323482,0.15112943841063503,0.004722794950332345,-0.00028063624234607974,0.01825430898881572,-0.4903261276436459,0.42229547079649105,0,0,paired Student-t less; difference minus locked null 0.01,0.4150897151890236,-0.009200129567713586,0.027173802314183225,,,false,true,,true,-0.008370376494045595,0.026344049240515234,400,0.05,Independent locked holdout; approximate t inference; ordinary CIs are pointwise,1,false,true
confirmation/L64/k4/a0.02-b1/a0.1-b0.1/coverage,confirmation,64,4,periodic,a0.02-b1,a0.1-b0.1,coverage,two-sided,0,[object Object],1024,[object Object],1024,0.0003023147583007811,0.009519228725546561,0.00029747589767333004,-0.00028141791789532,0.0008860474344968821,-0.03125,0.03125,0,0,paired Student-t two-sided; difference minus locked null 0,0.30974283308167583,-0.0008432323332275499,0.001447861849829112,,,false,true,,true,-0.0007909684634147772,0.0013955979800163393,400,0.05,Independent locked holdout; approximate t inference; ordinary CIs are pointwise,1,false,true
confirmation/L64/k4/a0.02-b1/a0.1-b0.1/abs_order,confirmation,64,4,periodic,a0.02-b1,a0.1-b0.1,abs_order,less,0.01,[object Object],1024,[object Object],1024,0.04864391171463175,0.13032425107892223,0.00407263284621632,0.04065224284639747,0.056635580582866024,-0.3093656208365665,0.4314479248134254,0,0,paired Student-t less; difference minus locked null 0.01,1,0.032960648807163845,0.06432717462209965,,,false,true,,true,0.03367617418093249,0.063611649248331,400,0.05,Independent locked holdout; approximate t inference; ordinary CIs are pointwise,1,false,false
confirmation/L64/k4/a0.02-b1/a0.15-b0.15/coverage,confirmation,64,4,periodic,a0.02-b1,a0.15-b0.15,coverage,two-sided,0,[object Object],1024,[object Object],1024,0.00005722045898437521,0.009849389710210548,0.00030779342844407964,-0.0005467581594734382,0.0006611990774421886,-0.0361328125,0.02734375,0,0,paired Student-t two-sided; difference minus locked null 0,0.852555805854871,-0.0011280583131897787,0.0012424992311585292,,,false,true,,true,-0.0010739817449728353,0.0011884226629415857,400,0.05,Independent locked holdout; approximate t inference; ordinary CIs are pointwise,1,false,true
confirmation/L64/k4/a0.02-b1/a0.15-b0.15/abs_order,confirmation,64,4,periodic,a0.02-b1,a0.15-b0.15,abs_order,less,0.01,[object Object],1024,[object Object],1024,0.07021969120027674,0.11832610659465602,0.0036976908310830006,0.06296376565654023,0.07747561674401325,-0.2879491602466229,0.4368990808434613,0,0,paired Student-t less; difference minus locked null 0.01,1,0.05598028891576059,0.08445909348479289,,,false,true,,true,0.05662994031177328,0.0838094420887802,400,0.05,Independent locked holdout; approximate t inference; ordinary CIs are pointwise,1,false,false
confirmation/L64/k4/a0.02-b1/a0.2-b0.2/coverage,confirmation,64,4,periodic,a0.02-b1,a0.2-b0.2,coverage,two-sided,0,[object Object],1024,[object Object],1024,-0.000040054321289062324,0.009555463537839306,0.0002986082355574783,-0.0006260089678318095,0.000545900325253685,-0.033203125,0.03125,0,0,paired Student-t two-sided; difference minus locked null 0,0.8933208685217112,-0.0011899619219542976,0.001109853279376173,,,false,true,,true,-0.0011374991104449908,0.0010573904678668662,400,0.05,Independent locked holdout; approximate t inference; ordinary CIs are pointwise,1,false,true
confirmation/L64/k4/a0.02-b1/a0.2-b0.2/abs_order,confirmation,64,4,periodic,a0.02-b1,a0.2-b0.2,abs_order,less,0.01,[object Object],1024,[object Object],1024,0.07690957490507938,0.11742993161360941,0.003669685362925294,0.06970860408878023,0.08411054572137854,-0.2653200293453266,0.43567813705481956,0,0,paired Student-t less; difference minus locked null 0.01,1,0.0627780186102581,0.09104113119990066,,,false,true,,true,0.06342274969456389,0.09039640011559487,400,0.05,Independent locked holdout; approximate t inference; ordinary CIs are pointwise,1,false,false
confirmation/L64/k4/a0.02-b1/a0.25-b0.25/coverage,confirmation,64,4,periodic,a0.02-b1,a0.25-b0.25,coverage,two-sided,0,[object Object],1024,[object Object],1024,-0.0002088546752929689,0.009782133523843606,0.0003056916726201127,-0.0008087090485214016,0.00039099969793546376,-0.0361328125,0.03515625,0,0,paired Student-t two-sided; difference minus locked null 0,0.4946225149361936,-0.001386039816049992,0.0009683304654640541,,,false,true,,true,-0.001332332507640721,0.0009146231570547831,400,0.05,Independent locked holdout; approximate t inference; ordinary CIs are pointwise,1,false,true
confirmation/L64/k4/a0.02-b1/a0.25-b0.25/abs_order,confirmation,64,4,periodic,a0.02-b1,a0.25-b0.25,abs_order,less,0.01,[object Object],1024,[object Object],1024,0.08432353169197486,0.11558452200138011,0.0036120163125431285,0.07723572402393936,0.09141133936001036,-0.21285829168820725,0.46321158834604204,0,0,paired Student-t less; difference minus locked null 0.01,1,0.07041405259215724,0.09823301079179247,,,false,true,,true,0.07104865173715308,0.09759841164679664,400,0.05,Independent locked holdout; approximate t inference; ordinary CIs are pointwise,1,false,false
confirmation/L64/k4/a0.02-b1/a0.3-b0.3/coverage,confirmation,64,4,periodic,a0.02-b1,a0.3-b0.3,coverage,two-sided,0,[object Object],1024,[object Object],1024,0.00006484985351562507,0.010024030175911795,0.0003132509429972436,-0.0005498379672688788,0.000679537674300129,-0.03125,0.03125,0,0,paired Student-t two-sided; difference minus locked null 0,0.8360338341179646,-0.0011414452092966898,0.0012711449163279398,,,false,true,,true,-0.0010864098043056117,0.0012161095113368617,400,0.05,Independent locked holdout; approximate t inference; ordinary CIs are pointwise,1,false,true
confirmation/L64/k4/a0.02-b1/a0.3-b0.3/abs_order,confirmation,64,4,periodic,a0.02-b1,a0.3-b0.3,abs_order,less,0.01,[object Object],1024,[object Object],1024,0.08866680809476864,0.11688710692564365,0.003652722091426364,0.081499124062194,0.09583449212734327,-0.2516682751153375,0.45957234276835185,0,0,paired Student-t less; difference minus locked null 0.01,1,0.07460057550005346,0.10273304068948381,,,false,true,,true,0.07524232628840871,0.10209128990112856,400,0.05,Independent locked holdout; approximate t inference; ordinary CIs are pointwise,1,false,false
confirmation/L64/k4/a0.02-b1/a0.35-b0.35/coverage,confirmation,64,4,periodic,a0.02-b1,a0.35-b0.35,coverage,two-sided,0,[object Object],1024,[object Object],1024,0.00014114379882812514,0.009700812146127731,0.0003031503795664916,-0.00045372383158587693,0.0007360114292421272,-0.0302734375,0.0283203125,0,0,paired Student-t two-sided; difference minus locked null 0,0.6416080720856219,-0.0010262551007945199,0.0013085426984507703,,,false,true,,true,-0.000972994274975433,0.0012552818726316833,400,0.05,Independent locked holdout; approximate t inference; ordinary CIs are pointwise,1,false,true
confirmation/L64/k4/a0.02-b1/a0.35-b0.35/abs_order,confirmation,64,4,periodic,a0.02-b1,a0.35-b0.35,abs_order,less,0.01,[object Object],1024,[object Object],1024,0.09577212331684734,0.11288119217979538,0.0035275372556186056,0.0888500876873762,0.10269415894631848,-0.1756564359901972,0.4547531220316661,0,0,paired Student-t less; difference minus locked null 0.01,1,0.08218796381001811,0.10935628282367657,,,false,true,,true,0.08280772073597187,0.10873652589772281,400,0.05,Independent locked holdout; approximate t inference; ordinary CIs are pointwise,1,false,false
confirmation/L64/k4/a0.02-b1/a0.4-b0.4/coverage,confirmation,64,4,periodic,a0.02-b1,a0.4-b0.4,coverage,two-sided,0,[object Object],1024,[object Object],1024,-0.0007734298706054691,0.00971368487911189,0.00030355265247224654,-0.0013690868753576078,-0.0001777728658533303,-0.0361328125,0.03125,0,0,paired Student-t two-sided; difference minus locked null 0,0.010981817121579661,-0.0019423778791165737,0.00039551813790563546,,,false,true,,true,-0.001889046377525298,0.0003421866363143598,400,0.05,Independent locked holdout; approximate t inference; ordinary CIs are pointwise,1,false,true
confirmation/L64/k4/a0.02-b1/a0.4-b0.4/abs_order,confirmation,64,4,periodic,a0.02-b1,a0.4-b0.4,abs_order,less,0.01,[object Object],1024,[object Object],1024,0.09781130981030296,0.11184644502279638,0.003495201406962387,0.09095272635164903,0.1046698932689569,-0.18032212885154061,0.4475880347035353,0,0,paired Student-t less; difference minus locked null 0.01,1,0.08435167211404714,0.11127094750655879,,,false,true,,true,0.08496574791894984,0.11065687170165608,400,0.05,Independent locked holdout; approximate t inference; ordinary CIs are pointwise,1,false,false
confirmation/L64/k4/a0.02-b1/a0.45-b0.45/coverage,confirmation,64,4,periodic,a0.02-b1,a0.45-b0.45,coverage,two-sided,0,[object Object],1024,[object Object],1024,-0.00007057189941406255,0.009791872543291651,0.0003059960169778641,-0.0006710234831991317,0.0005298796843710065,-0.033203125,0.0302734375,0,0,paired Student-t two-sided; difference minus locked null 0,0.8176482755128012,-0.0012489290369498904,0.0011077852381217654,,,false,true,,true,-0.0011951682579434508,0.0010540244591153258,400,0.05,Independent locked holdout; approximate t inference; ordinary CIs are pointwise,1,false,true
confirmation/L64/k4/a0.02-b1/a0.45-b0.45/abs_order,confirmation,64,4,periodic,a0.02-b1,a0.45-b0.45,abs_order,less,0.01,[object Object],1024,[object Object],1024,0.1000154938756746,0.11048435467179336,0.0034526360834935426,0.09324043573915922,0.10679055201218998,-0.18745354886659235,0.4183006535947712,0,0,paired Student-t less; difference minus locked null 0.01,1,0.08671977057679037,0.11331121717455883,,,false,true,,true,0.08732636803288661,0.11270461971846259,400,0.05,Independent locked holdout; approximate t inference; ordinary CIs are pointwise,1,false,false
confirmation/L64/k4/a0.02-b1/a0.5-b0.5/coverage,confirmation,64,4,periodic,a0.02-b1,a0.5-b0.5,coverage,two-sided,0,[object Object],1024,[object Object],1024,-0.00017833709716796864,0.009416630367488172,0.0002942696989840054,-0.0007557782957822753,0.00039910410144633804,-0.0302734375,0.0263671875,0,0,paired Student-t two-sided; difference minus locked null 0,0.5446273965652397,-0.001311537468803547,0.0009548632744676096,,,false,true,,true,-0.0012598368995882453,0.0009031627052523082,400,0.05,Independent locked holdout; approximate t inference; ordinary CIs are pointwise,1,false,true
confirmation/L64/k4/a0.02-b1/a0.5-b0.5/abs_order,confirmation,64,4,periodic,a0.02-b1,a0.5-b0.5,abs_order,less,0.01,[object Object],1024,[object Object],1024,0.10400010435983549,0.10842424298691458,0.0033882575933410807,0.0973513752087609,0.11064883351091008,-0.1556380950727958,0.4619818677561275,0,0,paired Student-t less; difference minus locked null 0.01,1,0.09095229557344775,0.11704791314622323,,,false,true,,true,0.09154758230133243,0.11645262641833855,400,0.05,Independent locked holdout; approximate t inference; ordinary CIs are pointwise,1,false,false
confirmation/L64/k4/a0.02-b1/a0.55-b0.55/coverage,confirmation,64,4,periodic,a0.02-b1,a0.55-b0.55,coverage,two-sided,0,[object Object],1024,[object Object],1024,-0.00009632110595703125,0.009855376969144335,0.00030798053028576047,-0.0007006668716681845,0.000508024659754122,-0.029296875,0.03125,0,0,paired Student-t two-sided; difference minus locked null 0,0.7545338670325712,-0.0012823203868252793,0.0010896781749112168,,,false,true,,true,-0.001228210946478621,0.0010355687345645584,400,0.05,Independent locked holdout; approximate t inference; ordinary CIs are pointwise,1,false,true
confirmation/L64/k4/a0.02-b1/a0.55-b0.55/abs_order,confirmation,64,4,periodic,a0.02-b1,a0.55-b0.55,abs_order,less,0.01,[object Object],1024,[object Object],1024,0.1060743038111691,0.109070380743545,0.003408449398235781,0.09938595257171491,0.11276265505062329,-0.12101878055055312,0.4603174603174603,0,0,paired Student-t less; difference minus locked null 0.01,1,0.0929487385962749,0.1191998690260633,,,false,true,,true,0.09354757284471689,0.11860103477762131,400,0.05,Independent locked holdout; approximate t inference; ordinary CIs are pointwise,1,false,false
confirmation/L64/k4/a0.02-b1/a0.6-b0.6/coverage,confirmation,64,4,periodic,a0.02-b1,a0.6-b0.6,coverage,two-sided,0,[object Object],1024,[object Object],1024,-0.0000028610229492188178,0.009630036047265181,0.0003009386264770369,-0.000593388562081573,0.0005876665161831353,-0.03125,0.03125,0,0,paired Student-t two-sided; difference minus locked null 0,0.9924164808572876,-0.0011617427037362525,0.001156020657837815,,,false,true,,true,-0.0011088704632661952,0.0011031484173677577,400,0.05,Independent locked holdout; approximate t inference; ordinary CIs are pointwise,1,false,true
confirmation/L64/k4/a0.02-b1/a0.6-b0.6/abs_order,confirmation,64,4,periodic,a0.02-b1,a0.6-b0.6,abs_order,less,0.01,[object Object],1024,[object Object],1024,0.10695732476171992,0.10681118687246448,0.003337849589764515,0.10040751051117877,0.11350713901226106,-0.2020102782228528,0.4520079541786954,0,0,paired Student-t less; difference minus locked null 0.01,1,0.09410363167458219,0.11981101784885764,,,false,true,,true,0.09469006216450927,0.11922458735893056,400,0.05,Independent locked holdout; approximate t inference; ordinary CIs are pointwise,1,false,false
confirmation/L64/k4/a0.02-b1/a0.65-b0.65/coverage,confirmation,64,4,periodic,a0.02-b1,a0.65-b0.65,coverage,two-sided,0,[object Object],1024,[object Object],1024,-0.00036907196044921913,0.009878416276456596,0.00030870050863926864,-0.000974830529329919,0.00023668660843148066,-0.0390625,0.03125,0,0,paired Student-t two-sided; difference minus locked null 0,0.23214286386634708,-0.0015578437990785344,0.000819699878180096,,,false,true,,true,-0.001503607864937824,0.0007654639440393856,400,0.05,Independent locked holdout; approximate t inference; ordinary CIs are pointwise,1,false,true
confirmation/L64/k4/a0.02-b1/a0.65-b0.65/abs_order,confirmation,64,4,periodic,a0.02-b1,a0.65-b0.65,abs_order,less,0.01,[object Object],1024,[object Object],1024,0.10826943541909893,0.10810663235984912,0.003378332261245285,0.10164018260446615,0.11489868823373171,-0.10988136956228245,0.437726723095526,0,0,paired Student-t less; difference minus locked null 0.01,1,0.09525984799922767,0.1212790228389702,,,false,true,,true,0.0958533909345276,0.12068547990367026,400,0.05,Independent locked holdout; approximate t inference; ordinary CIs are pointwise,1,false,false
confirmation/L64/k4/a0.02-b1/a0.7-b0.7/coverage,confirmation,64,4,periodic,a0.02-b1,a0.7-b0.7,coverage,two-sided,0,[object Object],1024,[object Object],1024,-0.0006818771362304689,0.009887048160522082,0.0003089702550163151,-0.0012881650245477989,-0.00007558924791313884,-0.029296875,0.0400390625,0,0,paired Student-t two-sided; difference minus locked null 0,0.027540095860993735,-0.001871687738605327,0.0005079334661443892,,,false,true,,true,-0.0018174044124249834,0.00045365013996404556,400,0.05,Independent locked holdout; approximate t inference; ordinary CIs are pointwise,1,false,true
confirmation/L64/k4/a0.02-b1/a0.7-b0.7/abs_order,confirmation,64,4,periodic,a0.02-b1,a0.7-b0.7,abs_order,less,0.01,[object Object],1024,[object Object],1024,0.11055061033479227,0.1069151389109856,0.0033410980909683,0.10399442159705352,0.11710679907253102,-0.11391758264090908,0.45595062888082116,0,0,paired Student-t less; difference minus locked null 0.01,1,0.09768440762541311,0.12341681304417143,,,false,true,,true,0.09827140884811328,0.12282981182147126,400,0.05,Independent locked holdout; approximate t inference; ordinary CIs are pointwise,1,false,false
confirmation/L64/k4/a0.02-b1/a0.75-b0.75/coverage,confirmation,64,4,periodic,a0.02-b1,a0.75-b0.75,coverage,two-sided,0,[object Object],1024,[object Object],1024,-0.00033855438232421875,0.009497711488832923,0.00029680348402602884,-0.0009209675908897659,0.0002438588262413284,-0.02734375,0.029296875,0,0,paired Student-t two-sided; difference minus locked null 0,0.2542748687838341,-0.0014815120825640638,0.0008044033179156263,,,false,true,,true,-0.0014293663498494485,0.000752257585201011,400,0.05,Independent locked holdout; approximate t inference; ordinary CIs are pointwise,1,false,true
confirmation/L64/k4/a0.02-b1/a0.75-b0.75/abs_order,confirmation,64,4,periodic,a0.02-b1,a0.75-b0.75,abs_order,less,0.01,[object Object],1024,[object Object],1024,0.11225267797234328,0.10593857926492133,0.0033105806020287914,0.10575637326429829,0.11874898268038828,-0.11025868440502586,0.43428461004681723,0,0,paired Student-t less; difference minus locked null 0.01,1,0.09950399476948157,0.125001361175205,,,false,true,,true,0.1000856343407625,0.12441972160392407,400,0.05,Independent locked holdout; approximate t inference; ordinary CIs are pointwise,1,false,false
confirmation/L64/k4/a0.02-b1/a0.8-b0.8/coverage,confirmation,64,4,periodic,a0.02-b1,a0.8-b0.8,coverage,two-sided,0,[object Object],1024,[object Object],1024,-0.00004386901855468738,0.010163693827059474,0.0003176154320956086,-0.0006671212135340211,0.0005793831764246463,-0.037109375,0.0390625,0,0,paired Student-t two-sided; difference minus locked null 0,0.890172822951935,-0.0012669712507267514,0.0011792332136173768,,,false,true,,true,-0.0012111690438138358,0.0011234310067044612,400,0.05,Independent locked holdout; approximate t inference; ordinary CIs are pointwise,1,false,true
confirmation/L64/k4/a0.02-b1/a0.8-b0.8/abs_order,confirmation,64,4,periodic,a0.02-b1,a0.8-b0.8,abs_order,less,0.01,[object Object],1024,[object Object],1024,0.1114753733728321,0.10701106401833455,0.0033440957505729545,0.10491330237075855,0.11803744437490565,-0.11266133102602927,0.44279597977870316,0,0,paired Student-t less; difference minus locked null 0.01,1,0.09859762700472845,0.12435311974093576,,,false,true,,true,0.0991851548895634,0.1237655918561008,400,0.05,Independent locked holdout; approximate t inference; ordinary CIs are pointwise,1,false,false
confirmation/L64/k4/a0.02-b1/a0.85-b0.85/coverage,confirmation,64,4,periodic,a0.02-b1,a0.85-b0.85,coverage,two-sided,0,[object Object],1024,[object Object],1024,0.00028419494628906266,0.009913673294218281,0.0003098022904443213,-0.0003237256331836812,0.0008921155257618065,-0.03125,0.0283203125,0,0,paired Student-t two-sided; difference minus locked null 0,0.3591791705124908,-0.0009088197333641762,0.0014772096259423016,,,false,true,,true,-0.0008543902259582979,0.0014227801185364233,400,0.05,Independent locked holdout; approximate t inference; ordinary CIs are pointwise,1,false,true
confirmation/L64/k4/a0.02-b1/a0.85-b0.85/abs_order,confirmation,64,4,periodic,a0.02-b1,a0.85-b0.85,abs_order,less,0.01,[object Object],1024,[object Object],1024,0.1132894643712422,0.10602665494550663,0.003313332967047082,0.10678775873690179,0.1197911700055826,-0.09543242819023702,0.4570941811567673,0,0,paired Student-t less; difference minus locked null 0.01,1,0.10053018211223447,0.12604874663024992,,,false,true,,true,0.10111230524957274,0.12546662349291166,400,0.05,Independent locked holdout; approximate t inference; ordinary CIs are pointwise,1,false,false
confirmation/L64/k4/a0.02-b1/a0.9-b0.9/coverage,confirmation,64,4,periodic,a0.02-b1,a0.9-b0.9,coverage,two-sided,0,[object Object],1024,[object Object],1024,-0.00040149688720703163,0.009508991667857984,0.000297155989620562,-0.0009846018124315765,0.00018160803801751333,-0.025390625,0.0302734375,0,0,paired Student-t two-sided; difference minus locked null 0,0.17695197135326202,-0.0015458120478721526,0.0007428182734580892,,,false,true,,true,-0.001493604383059357,0.0006906106086452936,400,0.05,Independent locked holdout; approximate t inference; ordinary CIs are pointwise,1,false,true
confirmation/L64/k4/a0.02-b1/a0.9-b0.9/abs_order,confirmation,64,4,periodic,a0.02-b1,a0.9-b0.9,abs_order,less,0.01,[object Object],1024,[object Object],1024,0.11597187996571943,0.10697966451962714,0.003343114516238348,0.10941173442567018,0.1225320255057687,-0.12658032685784767,0.4487334137515078,0,0,paired Student-t less; difference minus locked null 0.01,1,0.10309791222353777,0.12884584770790108,,,false,true,,true,0.1036852677142261,0.12825849221721275,400,0.05,Independent locked holdout; approximate t inference; ordinary CIs are pointwise,1,false,false
confirmation/L64/k4/a0.02-b1/a0.95-b0.95/coverage,confirmation,64,4,periodic,a0.02-b1,a0.95-b0.95,coverage,two-sided,0,[object Object],1024,[object Object],1024,0.00035476684570312636,0.009959062709108154,0.0003112207096596298,-0.00025593707739844906,0.0009654707688047017,-0.03125,0.0341796875,0,0,paired Student-t two-sided; difference minus locked null 0,0.254586272090665,-0.000843710010951252,0.0015532437023575046,,,false,true,,true,-0.0007890312999030327,0.0014985649913092853,400,0.05,Independent locked holdout; approximate t inference; ordinary CIs are pointwise,1,false,true
confirmation/L64/k4/a0.02-b1/a0.95-b0.95/abs_order,confirmation,64,4,periodic,a0.02-b1,a0.95-b0.95,abs_order,less,0.01,[object Object],1024,[object Object],1024,0.1134578921730135,0.10665392723295701,0.0033329352260299066,0.10691772130775848,0.11999806303826852,-0.15017370249499945,0.4607873882520424,0,0,paired Student-t less; difference minus locked null 0.01,1,0.10062312376221737,0.12629266058380964,,,false,true,,true,0.10120869084213897,0.12570709350388803,400,0.05,Independent locked holdout; approximate t inference; ordinary CIs are pointwise,1,false,false
confirmation/L64/k4/a0.02-b1/a1-b1/coverage,confirmation,64,4,periodic,a0.02-b1,a1-b1,coverage,two-sided,0,[object Object],1024,[object Object],1024,-0.0005846023559570315,0.009550963037662147,0.0002984675949269421,-0.0011702810254129393,0.0000010763134988764095,-0.03125,0.0283203125,0,0,paired Student-t two-sided; difference minus locked null 0,0.05042171801779402,-0.001733968364962164,0.0005647636530481011,,,false,true,,true,-0.0016815302627609461,0.0005123255508468832,400,0.05,Independent locked holdout; approximate t inference; ordinary CIs are pointwise,1,false,true
confirmation/L64/k4/a0.02-b1/a1-b1/abs_order,confirmation,64,4,periodic,a0.02-b1,a1-b1,abs_order,less,0.01,[object Object],1024,[object Object],1024,0.11595449267424335,0.1059481504295251,0.0033108797009226594,0.10945760104874006,0.12245138429974664,-0.12928864711886423,0.4326399633258839,0,0,paired Student-t less; difference minus locked null 0.01,1,0.10320465767430957,0.12870432767417714,,,false,true,,true,0.1037863497946063,0.1281226355538804,400,0.05,Independent locked holdout; approximate t inference; ordinary CIs are pointwise,1,false,false
confirmation/L64/k4/a0.02-b1/proposal-k4-a0.02-b1/coverage,confirmation,64,4,periodic,a0.02-b1,proposal-k4-a0.02-b1,coverage,two-sided,0,[object Object],1024,[object Object],1024,0.00013446807861328114,0.010055605061298075,0.00031423765816556483,-0.00048215595915670757,0.0007510921163832699,-0.033203125,0.03515625,0,0,paired Student-t two-sided; difference minus locked null 0,0.6688005915259814,-0.0010756267162112003,0.0013445628734377623,,,false,true,,true,-0.0010204179541397577,0.0012893541113663197,400,0.05,Independent locked holdout; approximate t inference; ordinary CIs are pointwise,1,false,true
confirmation/L64/k4/a0.02-b1/proposal-k4-a0.02-b1/abs_order,confirmation,64,4,periodic,a0.02-b1,proposal-k4-a0.02-b1,abs_order,less,0.01,[object Object],1024,[object Object],1024,0.11563657456758791,0.1059837120328182,0.0033119910010255688,0.10913750225387357,0.12213564688130225,-0.09680734684477199,0.4403894541078657,0,0,paired Student-t less; difference minus locked null 0.01,1,0.10288246007270796,0.12839068906246787,,,false,true,,true,0.10346434743855015,0.12780880169662567,400,0.05,Independent locked holdout; approximate t inference; ordinary CIs are pointwise,1,false,false
confirmation/L64/k4/a0.85-b0.5/a0-b0/coverage,confirmation,64,4,periodic,a0.85-b0.5,a0-b0,coverage,two-sided,0,[object Object],1024,[object Object],1024,0.00665760040283203,0.009180122677848034,0.00028687883368275105,0.006094662192915126,0.007220538612748934,-0.0244140625,0.033203125,0,0,paired Student-t two-sided; difference minus locked null 0,4.705587283393533e-96,0.00555286144375441,0.007762339361909651,,,false,true,,true,0.005603263503662135,0.0077119373020019255,400,0.05,Independent locked holdout; approximate t inference; ordinary CIs are pointwise,1.4022650104512728e-93,true,true
confirmation/L64/k4/a0.85-b0.5/a0-b0/abs_order,confirmation,64,4,periodic,a0.85-b0.5,a0-b0,abs_order,less,0.01,[object Object],1024,[object Object],1024,-0.9655001204245034,0.025940986183942066,0.0008106558182481896,-0.9670908586791354,-0.9639093821698714,-1,-0.8481927710843373,0,0,paired Student-t less; difference minus locked null 0.01,0,-0.9686218671679808,-0.962378373681026,,,false,true,,true,-0.9684794421497549,-0.9625207986992519,400,0.05,Independent locked holdout; approximate t inference; ordinary CIs are pointwise,0,true,true
confirmation/L64/k4/a0.85-b0.5/a0.05-b0.05/coverage,confirmation,64,4,periodic,a0.85-b0.5,a0.05-b0.05,coverage,two-sided,0,[object Object],1024,[object Object],1024,0.0005321502685546878,0.009252298427663447,0.0002891343258644827,-0.00003521386123565536,0.001099514398345031,-0.029296875,0.0283203125,0,0,paired Student-t two-sided; difference minus locked null 0,0.06598510142086016,-0.0005812743438110012,0.001645574880920377,,,false,true,,true,-0.0005304760139846989,0.0015947765510940745,400,0.05,Independent locked holdout; approximate t inference; ordinary CIs are pointwise,1,false,true
confirmation/L64/k4/a0.85-b0.5/a0.05-b0.05/abs_order,confirmation,64,4,periodic,a0.85-b0.5,a0.05-b0.05,abs_order,less,0.01,[object Object],1024,[object Object],1024,-0.10728954949967368,0.10863241313537904,0.003394762910480595,-0.11395104394102237,-0.10062805505832498,-0.4861511183455172,0.1174553197206588,0,0,paired Student-t less; difference minus locked null 0.01,2.8245744244164343e-174,-0.12036240954966605,-0.0942166894496813,,,false,true,,true,-0.11976597989541077,-0.09481311910393658,400,0.05,Independent locked holdout; approximate t inference; ordinary CIs are pointwise,9.88601048545752e-172,true,true
confirmation/L64/k4/a0.85-b0.5/a0.1-b0.1/coverage,confirmation,64,4,periodic,a0.85-b0.5,a0.1-b0.1,coverage,two-sided,0,[object Object],1024,[object Object],1024,0.0004072189331054688,0.009508650064071348,0.0002971453145022296,-0.00017586504448788444,0.000990302910698822,-0.0322265625,0.0322265625,0,0,paired Student-t two-sided; difference minus locked null 0,0.17085116408328516,-0.0007370551188484824,0.00155149298505942,,,false,true,,true,-0.0006848493295590456,0.001499287195769983,400,0.05,Independent locked holdout; approximate t inference; ordinary CIs are pointwise,1,false,true
confirmation/L64/k4/a0.85-b0.5/a0.1-b0.1/abs_order,confirmation,64,4,periodic,a0.85-b0.5,a0.1-b0.1,abs_order,less,0.01,[object Object],1024,[object Object],1024,-0.06763247415827679,0.08079047219560814,0.0025247022561127545,-0.07258666108933841,-0.06267828722721518,-0.3772405902977685,0.11291039895356442,0,0,paired Student-t less; difference minus locked null 0.01,7.153844309629361e-148,-0.07735482594907962,-0.057910122367473955,,,false,true,,true,-0.07691125821447818,-0.0583536901020754,400,0.05,Independent locked holdout; approximate t inference; ordinary CIs are pointwise,2.3965378437258358e-145,true,true
confirmation/L64/k4/a0.85-b0.5/a0.15-b0.15/coverage,confirmation,64,4,periodic,a0.85-b0.5,a0.15-b0.15,coverage,two-sided,0,[object Object],1024,[object Object],1024,0.00016212463378906245,0.009443367896550156,0.0002951052467671924,-0.00041695614822472043,0.0007412054158028453,-0.03125,0.0302734375,0,0,paired Student-t two-sided; difference minus locked null 0,0.5828652628954027,-0.0009742933408198964,0.0012985426083980214,,,false,true,,true,-0.00092244597328949,0.001246695240867615,400,0.05,Independent locked holdout; approximate t inference; ordinary CIs are pointwise,1,false,true
confirmation/L64/k4/a0.85-b0.5/a0.15-b0.15/abs_order,confirmation,64,4,periodic,a0.85-b0.5,a0.15-b0.15,abs_order,less,0.01,[object Object],1024,[object Object],1024,-0.04605669467263177,0.06575533568835183,0.0020548542402609947,-0.05008890559876757,-0.04202448374649597,-0.31078413155572077,0.12363636363636364,0,0,paired Student-t less; difference minus locked null 0.01,7.032811181034053e-124,-0.05396971322928333,-0.03814367611598021,,,false,true,,true,-0.05360869361277928,-0.038504695732484266,400,0.05,Independent locked holdout; approximate t inference; ordinary CIs are pointwise,2.2012698996636586e-121,true,true
confirmation/L64/k4/a0.85-b0.5/a0.2-b0.2/coverage,confirmation,64,4,periodic,a0.85-b0.5,a0.2-b0.2,coverage,two-sided,0,[object Object],1024,[object Object],1024,0.00006484985351562512,0.009419235342148967,0.0002943511044421552,-0.0005127510858585698,0.00064245079288982,-0.02734375,0.0263671875,0,0,paired Student-t two-sided; difference minus locked null 0,0.8256700879378007,-0.0010686640016207927,0.0011983637086520431,,,false,true,,true,-0.001016949130190421,0.0011466488372216714,400,0.05,Independent locked holdout; approximate t inference; ordinary CIs are pointwise,1,false,true
confirmation/L64/k4/a0.85-b0.5/a0.2-b0.2/abs_order,confirmation,64,4,periodic,a0.85-b0.5,a0.2-b0.2,abs_order,less,0.01,[object Object],1024,[object Object],1024,-0.039366810967829,0.06106819169164848,0.001908380990364015,-0.04311159954202892,-0.03562202239362908,-0.26154657751855276,0.12542833203316864,0,0,paired Student-t less; difference minus locked null 0.01,3.1495355533620707e-114,-0.04671577708622068,-0.032017844849437316,,,false,true,,true,-0.04638049151715894,-0.03235313041849906,400,0.05,Independent locked holdout; approximate t inference; ordinary CIs are pointwise,9.669074148821558e-112,true,true
confirmation/L64/k4/a0.85-b0.5/a0.25-b0.25/coverage,confirmation,64,4,periodic,a0.85-b0.5,a0.25-b0.25,coverage,two-sided,0,[object Object],1024,[object Object],1024,-0.00010395050048828094,0.00919040114754674,0.0002872000358608356,-0.0006675190008202395,0.00045961799984367763,-0.0263671875,0.0263671875,0,0,paired Student-t two-sided; difference minus locked null 0,0.7174681832895707,-0.0012099263739639254,0.0010020253729873634,,,false,true,,true,-0.0011594678816899137,0.0009515668807133518,400,0.05,Independent locked holdout; approximate t inference; ordinary CIs are pointwise,1,false,true
confirmation/L64/k4/a0.85-b0.5/a0.25-b0.25/abs_order,confirmation,64,4,periodic,a0.85-b0.5,a0.25-b0.25,abs_order,less,0.01,[object Object],1024,[object Object],1024,-0.03195285418093368,0.05816449703670132,0.0018176405323969162,-0.03551958405934454,-0.02838612430252282,-0.2379734502496651,0.14570222281065653,0,0,paired Student-t less; difference minus locked null 0.01,1.60258748485802e-95,-0.03895238873689906,-0.0249533196249683,,,false,true,,true,-0.03863304545936089,-0.025272662902506474,400,0.05,Independent locked holdout; approximate t inference; ordinary CIs are pointwise,4.743658955179739e-93,true,true
confirmation/L64/k4/a0.85-b0.5/a0.3-b0.3/coverage,confirmation,64,4,periodic,a0.85-b0.5,a0.3-b0.3,coverage,two-sided,0,[object Object],1024,[object Object],1024,0.00016975402832031242,0.010073272330382917,0.00031478976032446614,-0.0004479533915766647,0.0007874614482172895,-0.0302734375,0.0390625,0,0,paired Student-t two-sided; difference minus locked null 0,0.589823705115659,-0.0010424668514317295,0.0013819749080723545,,,false,true,,true,-0.0009871610899207296,0.0013266691465613546,400,0.05,Independent locked holdout; approximate t inference; ordinary CIs are pointwise,1,false,true
confirmation/L64/k4/a0.85-b0.5/a0.3-b0.3/abs_order,confirmation,64,4,periodic,a0.85-b0.5,a0.3-b0.3,abs_order,less,0.01,[object Object],1024,[object Object],1024,-0.02760957777813999,0.05521469532587479,0.001725459228933587,-0.0309954216103644,-0.02422373394591558,-0.2840281919299931,0.14216867469879518,0,0,paired Student-t less; difference minus locked null 0.01,4.038298043713631e-87,-0.03425413223352704,-0.02096502332275294,,,false,true,,true,-0.0339509843912529,-0.021268171165027078,400,0.05,Independent locked holdout; approximate t inference; ordinary CIs are pointwise,1.1751447307206666e-84,true,true
confirmation/L64/k4/a0.85-b0.5/a0.35-b0.35/coverage,confirmation,64,4,periodic,a0.85-b0.5,a0.35-b0.35,coverage,two-sided,0,[object Object],1024,[object Object],1024,0.0002460479736328127,0.009480276559329289,0.0002962586424790403,-0.0003352961002000924,0.0008273920474657178,-0.0322265625,0.029296875,0,0,paired Student-t two-sided; difference minus locked null 0,0.40644006236305275,-0.0008948116015005004,0.0013869075487661258,,,false,true,,true,-0.0008427615926004969,0.0013348575398661224,400,0.05,Independent locked holdout; approximate t inference; ordinary CIs are pointwise,1,false,true
confirmation/L64/k4/a0.85-b0.5/a0.35-b0.35/abs_order,confirmation,64,4,periodic,a0.85-b0.5,a0.35-b0.35,abs_order,less,0.01,[object Object],1024,[object Object],1024,-0.02050426255606131,0.05021548321453065,0.0015692338504540828,-0.023583547574671404,-0.017424977537451217,-0.18902340833565123,0.14352891695411785,0,0,paired Student-t less; difference minus locked null 0.01,3.529313606388907e-72,-0.026547210194426043,-0.014461314917696578,,,false,true,,true,-0.02627150976186195,-0.01473701535026067,400,0.05,Independent locked holdout; approximate t inference; ordinary CIs are pointwise,1.0129130050336163e-69,true,true
confirmation/L64/k4/a0.85-b0.5/a0.4-b0.4/coverage,confirmation,64,4,periodic,a0.85-b0.5,a0.4-b0.4,coverage,two-sided,0,[object Object],1024,[object Object],1024,-0.0006685256958007816,0.00979256103365032,0.0003060175323015725,-0.001269019498796166,-0.00006803189280539729,-0.033203125,0.0263671875,0,0,paired Student-t two-sided; difference minus locked null 0,0.02914461589241666,-0.0018469656864910674,0.0005099142948895042,,,false,true,,true,-0.0017932011274335849,0.0004561497358320218,400,0.05,Independent locked holdout; approximate t inference; ordinary CIs are pointwise,1,false,true
confirmation/L64/k4/a0.85-b0.5/a0.4-b0.4/abs_order,confirmation,64,4,periodic,a0.85-b0.5,a0.4-b0.4,abs_order,less,0.01,[object Object],1024,[object Object],1024,-0.018465076062605522,0.04852027166716944,0.001516258489599045,-0.021440408292414136,-0.015489743832796906,-0.19931432133395668,0.12699385975719826,0,0,paired Student-t less; difference minus locked null 0.01,4.263083983447638e-68,-0.024304021390111466,-0.01262613073509958,,,false,true,,true,-0.024037628257347683,-0.01289252386786336,400,0.05,Independent locked holdout; approximate t inference; ordinary CIs are pointwise,1.2107158512991294e-65,true,true
confirmation/L64/k4/a0.85-b0.5/a0.45-b0.45/coverage,confirmation,64,4,periodic,a0.85-b0.5,a0.45-b0.45,coverage,two-sided,0,[object Object],1024,[object Object],1024,0.000034332275390625095,0.009600064316057063,0.0003000020098767832,-0.0005543573544559282,0.0006230219052371784,-0.033203125,0.0322265625,0,0,paired Student-t two-sided; difference minus locked null 0,0.9089113431397261,-0.0011209425974812478,0.0011896071482624978,,,false,true,,true,-0.0010682349122186645,0.0011368994629999145,400,0.05,Independent locked holdout; approximate t inference; ordinary CIs are pointwise,1,false,true
confirmation/L64/k4/a0.85-b0.5/a0.45-b0.45/abs_order,confirmation,64,4,periodic,a0.85-b0.5,a0.45-b0.45,abs_order,less,0.01,[object Object],1024,[object Object],1024,-0.016260891997234007,0.04417217211226989,0.001380380378508434,-0.018969592563624654,-0.01355219143084336,-0.18391010250253947,0.1248892773892774,0,0,paired Student-t less; difference minus locked null 0.01,1.2518754071973356e-69,-0.021576585605257305,-0.010945198389210709,,,false,true,,true,-0.021334065048268534,-0.01118771894619948,400,0.05,Independent locked holdout; approximate t inference; ordinary CIs are pointwise,3.58036366458438e-67,true,true
confirmation/L64/k4/a0.85-b0.5/a0.5-b0.5/coverage,confirmation,64,4,periodic,a0.85-b0.5,a0.5-b0.5,coverage,two-sided,0,[object Object],1024,[object Object],1024,-0.00007343292236328148,0.00966068495983536,0.000301896404994855,-0.0006658398965079574,0.0005189740517813944,-0.0263671875,0.033203125,0,0,paired Student-t two-sided; difference minus locked null 0,0.8078691671197868,-0.0012360029032915916,0.0010891370585650287,,,false,true,,true,-0.0011829623896533338,0.0010360965449267708,400,0.05,Independent locked holdout; approximate t inference; ordinary CIs are pointwise,1,false,true
confirmation/L64/k4/a0.85-b0.5/a0.5-b0.5/abs_order,confirmation,64,4,periodic,a0.85-b0.5,a0.5-b0.5,abs_order,less,0.01,[object Object],1024,[object Object],1024,-0.012276281513073172,0.04488611900303023,0.0014026912188446947,-0.015028762320617915,-0.00952380070552843,-0.15791011847628325,0.12107267027973752,0,0,paired Student-t less; difference minus locked null 0.01,3.108307535027454e-51,-0.01767789172293432,-0.006874671303212025,,,false,true,,true,-0.017431451349705418,-0.007121111676440928,400,0.05,Independent locked holdout; approximate t inference; ordinary CIs are pointwise,8.610011872026048e-49,true,true
confirmation/L64/k4/a0.85-b0.5/a0.55-b0.55/coverage,confirmation,64,4,periodic,a0.85-b0.5,a0.55-b0.55,coverage,two-sided,0,[object Object],1024,[object Object],1024,0.000008583068847656379,0.009682454942667182,0.00030257671695834944,-0.0005851588716798588,0.0006023250093751716,-0.03125,0.0302734375,0,0,paired Student-t two-sided; difference minus locked null 0,0.9773753056137698,-0.001156606718919488,0.001173772856614801,,,false,true,,true,-0.0011034466805191563,0.0011206128182144693,400,0.05,Independent locked holdout; approximate t inference; ordinary CIs are pointwise,1,false,true
confirmation/L64/k4/a0.85-b0.5/a0.55-b0.55/abs_order,confirmation,64,4,periodic,a0.85-b0.5,a0.55-b0.55,abs_order,less,0.01,[object Object],1024,[object Object],1024,-0.010202082061739502,0.04222118936849811,0.001319412167765566,-0.012791145584933782,-0.0076130185385452215,-0.15180722891566265,0.10799379589407233,0,0,paired Student-t less; difference minus locked null 0.01,4.1922952461120443e-48,-0.01528299376965446,-0.005121170353824544,,,false,true,,true,-0.015051184785112078,-0.0053529793383669255,400,0.05,Independent locked holdout; approximate t inference; ordinary CIs are pointwise,1.1486888974347002e-45,true,true
confirmation/L64/k4/a0.85-b0.5/a0.6-b0.6/coverage,confirmation,64,4,periodic,a0.85-b0.5,a0.6-b0.6,coverage,two-sided,0,[object Object],1024,[object Object],1024,0.00010204315185546875,0.00920440996670162,0.0002876378114594256,-0.00046238438923823554,0.000666470692949173,-0.03515625,0.033203125,0,0,paired Student-t two-sided; difference minus locked null 0,0.7228405328072257,-0.001005618547489193,0.0012097048512001306,,,false,true,,true,-0.0009550831419355818,0.0011591694456465193,400,0.05,Independent locked holdout; approximate t inference; ordinary CIs are pointwise,1,false,true
confirmation/L64/k4/a0.85-b0.5/a0.6-b0.6/abs_order,confirmation,64,4,periodic,a0.85-b0.5,a0.6-b0.6,abs_order,less,0.01,[object Object],1024,[object Object],1024,-0.009319061111188682,0.04290578535883257,0.0013408057924635178,-0.011950105036479888,-0.0066880171858974755,-0.1654546744855973,0.13857016513708262,0,0,paired Student-t less; difference minus locked null 0.01,2.727177184989226e-43,-0.014482357324005275,-0.004155764898372087,,,false,true,,true,-0.014246789669853753,-0.00439133255252361,400,0.05,Independent locked holdout; approximate t inference; ordinary CIs are pointwise,7.336106627621018e-41,true,true
confirmation/L64/k4/a0.85-b0.5/a0.65-b0.65/coverage,confirmation,64,4,periodic,a0.85-b0.5,a0.65-b0.65,coverage,two-sided,0,[object Object],1024,[object Object],1024,-0.000264167785644531,0.009498798015825614,0.00029683743799455045,-0.0008466476215942382,0.00031831205030517616,-0.03515625,0.025390625,0,0,paired Student-t two-sided; difference minus locked null 0,0.37370683554658846,-0.0014072562388972756,0.0008789206676082136,,,false,true,,true,-0.0013551045407723386,0.0008267689694832765,400,0.05,Independent locked holdout; approximate t inference; ordinary CIs are pointwise,1,false,true
confirmation/L64/k4/a0.85-b0.5/a0.65-b0.65/abs_order,confirmation,64,4,periodic,a0.85-b0.5,a0.65-b0.65,abs_order,less,0.01,[object Object],1024,[object Object],1024,-0.008006950453809664,0.04230918083954923,0.0013221619012359135,-0.01060140973945067,-0.005412491168168658,-0.18120607085158236,0.1253544892099109,0,0,paired Student-t less; difference minus locked null 0.01,3.0572229077271336e-39,-0.013098451084067816,-0.002915449823551513,,,false,true,,true,-0.012866158995807661,-0.0031477419118116677,400,0.05,Independent locked holdout; approximate t inference; ordinary CIs are pointwise,8.040496247322361e-37,true,true
confirmation/L64/k4/a0.85-b0.5/a0.7-b0.7/coverage,confirmation,64,4,periodic,a0.85-b0.5,a0.7-b0.7,coverage,two-sided,0,[object Object],1024,[object Object],1024,-0.0005769729614257822,0.009465837891107672,0.00029580743409711474,-0.0011574316355393703,0.0000034857126878059174,-0.0283203125,0.0302734375,0,0,paired Student-t two-sided; difference minus locked null 0,0.051389112902537476,-0.0017160949825131013,0.000562149059661537,,,false,true,,true,-0.001664124246913274,0.0005101783240617095,400,0.05,Independent locked holdout; approximate t inference; ordinary CIs are pointwise,1,false,true
confirmation/L64/k4/a0.85-b0.5/a0.7-b0.7/abs_order,confirmation,64,4,periodic,a0.85-b0.5,a0.7-b0.7,abs_order,less,0.01,[object Object],1024,[object Object],1024,-0.005725775538116365,0.040868582392675594,0.0012771431997711123,-0.008231895273257787,-0.003219655802974941,-0.15161598382945557,0.1351978792716136,0,0,paired Student-t less; difference minus locked null 0.01,6.874815499126567e-33,-0.010643914081123947,-0.0008076369951087823,,,false,true,,true,-0.010419531378366615,-0.001032019697866115,400,0.05,Independent locked holdout; approximate t inference; ordinary CIs are pointwise,1.7530779522772746e-30,true,true
confirmation/L64/k4/a0.85-b0.5/a0.75-b0.75/coverage,confirmation,64,4,periodic,a0.85-b0.5,a0.75-b0.75,coverage,two-sided,0,[object Object],1024,[object Object],1024,-0.0002336502075195313,0.00920302041143673,0.0002875943878573978,-0.0007979925391034231,0.00033069212406436045,-0.0361328125,0.0390625,0,0,paired Student-t two-sided; difference minus locked null 0,0.41673415266793723,-0.0013411446873301208,0.0008738442722910583,,,false,true,,true,-0.0012906169109172263,0.0008233164958781638,400,0.05,Independent locked holdout; approximate t inference; ordinary CIs are pointwise,1,false,true
confirmation/L64/k4/a0.85-b0.5/a0.75-b0.75/abs_order,confirmation,64,4,periodic,a0.85-b0.5,a0.75-b0.75,abs_order,less,0.01,[object Object],1024,[object Object],1024,-0.0040237079005653875,0.0390565394863143,0.001220516858947322,-0.00641871058141503,-0.0016287052197157446,-0.14054390054390054,0.13371313965148895,0,0,paired Student-t less; difference minus locked null 0.01,3.9862606161099185e-29,-0.00872378460884302,0.0006763688077122453,,,false,true,,true,-0.008509350650598893,0.00046193484946811716,400,0.05,Independent locked holdout; approximate t inference; ordinary CIs are pointwise,9.885926327952598e-27,true,true
confirmation/L64/k4/a0.85-b0.5/a0.8-b0.8/coverage,confirmation,64,4,periodic,a0.85-b0.5,a0.8-b0.8,coverage,two-sided,0,[object Object],1024,[object Object],1024,0.00006103515625000014,0.0095235922311457,0.00029761225722330315,-0.0005229650963301148,0.000645035408830115,-0.02734375,0.0322265625,0,0,paired Student-t two-sided; difference minus locked null 0,0.8375482291615868,-0.001085037040966205,0.0012071073534662055,,,false,true,,true,-0.0010327492139931272,0.0011548195264931276,400,0.05,Independent locked holdout; approximate t inference; ordinary CIs are pointwise,1,false,true
confirmation/L64/k4/a0.85-b0.5/a0.8-b0.8/abs_order,confirmation,64,4,periodic,a0.85-b0.5,a0.8-b0.8,abs_order,less,0.01,[object Object],1024,[object Object],1024,-0.004801012500076428,0.03888919301098383,0.0012152872815932446,-0.00718575325648733,-0.002416271743665525,-0.1305588348244129,0.1103438142815163,0,0,paired Student-t less; difference minus locked null 0.01,2.910198106522879e-32,-0.009480950678897586,-0.00012107432125527031,,,false,true,,true,-0.009267435510888725,-0.00033458948926413153,400,0.05,Independent locked holdout; approximate t inference; ordinary CIs are pointwise,7.333699228437654e-30,true,true
confirmation/L64/k4/a0.85-b0.5/a0.85-b0.85/coverage,confirmation,64,4,periodic,a0.85-b0.5,a0.85-b0.85,coverage,two-sided,0,[object Object],1024,[object Object],1024,0.00038909912109374995,0.009342015880690346,0.0002919379962715733,-0.00018376661081865821,0.0009619648530061582,-0.037109375,0.0283203125,0,0,paired Student-t two-sided; difference minus locked null 0,0.18288952965524308,-0.0007351221188493893,0.0015133203610368893,,,false,true,,true,-0.0006838312090651807,0.0014620294512526807,400,0.05,Independent locked holdout; approximate t inference; ordinary CIs are pointwise,1,false,true
confirmation/L64/k4/a0.85-b0.5/a0.85-b0.85/abs_order,confirmation,64,4,periodic,a0.85-b0.5,a0.85-b0.85,abs_order,less,0.01,[object Object],1024,[object Object],1024,-0.002986921501666375,0.03772976813011675,0.0011790552540661484,-0.005300564671490185,-0.000673278331842565,-0.11885041786498772,0.10972418897105529,0,0,paired Student-t less; difference minus locked null 0.01,4.823667360484915e-27,-0.007527334111934014,0.001553491108601264,,,false,true,,true,-0.007320184588955691,0.0013463415856229408,400,0.05,Independent locked holdout; approximate t inference; ordinary CIs are pointwise,1.191445838039774e-24,true,true
confirmation/L64/k4/a0.85-b0.5/a0.9-b0.9/coverage,confirmation,64,4,periodic,a0.85-b0.5,a0.9-b0.9,coverage,two-sided,0,[object Object],1024,[object Object],1024,-0.00029659271240234326,0.009668755347470808,0.00030214860460846276,-0.0008894945742220824,0.00029630914941739585,-0.03515625,0.025390625,0,0,paired Student-t two-sided; difference minus locked null 0,0.3265230929246049,-0.0014601338864125555,0.0008669484616078689,,,false,true,,true,-0.0014070490635449602,0.0008138636387402735,400,0.05,Independent locked holdout; approximate t inference; ordinary CIs are pointwise,1,false,true
confirmation/L64/k4/a0.85-b0.5/a0.9-b0.9/abs_order,confirmation,64,4,periodic,a0.85-b0.5,a0.9-b0.9,abs_order,less,0.01,[object Object],1024,[object Object],1024,-0.0003045059071892179,0.03794219560996034,0.0011856936128112605,-0.0026311754329166226,0.002022163618538187,-0.16754886697803148,0.1373825209772134,0,0,paired Student-t less; difference minus locked null 0.01,7.048553261731897e-18,-0.00487048210970908,0.004261470295330644,,,false,true,,true,-0.004662166286133166,0.0040531544717547306,400,0.05,Independent locked holdout; approximate t inference; ordinary CIs are pointwise,1.6846042295539234e-15,true,true
confirmation/L64/k4/a0.85-b0.5/a0.95-b0.95/coverage,confirmation,64,4,periodic,a0.85-b0.5,a0.95-b0.95,coverage,two-sided,0,[object Object],1024,[object Object],1024,0.00045967102050781277,0.009175971962361914,0.0002867491238238098,-0.00010301266161816405,0.0010223547026337895,-0.02734375,0.0322265625,0,0,paired Student-t two-sided; difference minus locked null 0,0.10923396728908863,-0.00064456844011358,0.0015639104811292054,,,false,true,,true,-0.0005941891690745809,0.0015135312100902063,400,0.05,Independent locked holdout; approximate t inference; ordinary CIs are pointwise,1,false,true
confirmation/L64/k4/a0.85-b0.5/a0.95-b0.95/abs_order,confirmation,64,4,periodic,a0.85-b0.5,a0.95-b0.95,abs_order,less,0.01,[object Object],1024,[object Object],1024,-0.002818493699895003,0.037369396538673216,0.001167793641833538,-0.005110038369980715,-0.0005269490298092905,-0.15291045763286995,0.11970979443772672,0,0,paired Student-t less; difference minus locked null 0.01,7.030904808747264e-27,-0.007315539075237434,0.0016785516754474275,,,false,true,,true,-0.0071103681173805555,0.0014733807175905493,400,0.05,Independent locked holdout; approximate t inference; ordinary CIs are pointwise,1.729602582951827e-24,true,true
confirmation/L64/k4/a0.85-b0.5/a1-b1/coverage,confirmation,64,4,periodic,a0.85-b0.5,a1-b1,coverage,two-sided,0,[object Object],1024,[object Object],1024,-0.00047969818115234326,0.009212210450842624,0.000287881576588832,-0.0010446040590540533,0.00008520769674936671,-0.029296875,0.0302734375,0,0,paired Student-t two-sided; difference minus locked null 0,0.09595903533759376,-0.0015882985933043,0.0006289022309996133,,,false,true,,true,-0.0015377203603852186,0.000578323998080532,400,0.05,Independent locked holdout; approximate t inference; ordinary CIs are pointwise,1,false,true
confirmation/L64/k4/a0.85-b0.5/a1-b1/abs_order,confirmation,64,4,periodic,a0.85-b0.5,a1-b1,abs_order,less,0.01,[object Object],1024,[object Object],1024,-0.0003218931986652329,0.03681109120129312,0.00115034660004041,-0.0025792017895349016,0.0019354153922044358,-0.18938480096501809,0.11707668999350695,0,0,paired Student-t less; difference minus locked null 0.01,6.760712518609156e-19,-0.004751751927498779,0.004107965530168314,,,false,true,,true,-0.004549646259731034,0.003905859862400568,400,0.05,Independent locked holdout; approximate t inference; ordinary CIs are pointwise,1.6225710044661974e-16,true,true
confirmation/L64/k4/a0.85-b0.5/proposal-k4-a0.85-b0.5/coverage,confirmation,64,4,periodic,a0.85-b0.5,proposal-k4-a0.85-b0.5,coverage,two-sided,0,[object Object],1024,[object Object],1024,0.00027751922607421864,0.009432330981457397,0.00029476034317054366,-0.00030088475657169577,0.000855923208720133,-0.037109375,0.0302734375,0,0,paired Student-t two-sided; difference minus locked null 0,0.3466668534589724,-0.0008575705625704695,0.0014126090147189066,,,false,true,,true,-0.0008057837915348183,0.0013608222436832557,400,0.05,Independent locked holdout; approximate t inference; ordinary CIs are pointwise,1,false,true
confirmation/L64/k4/a0.85-b0.5/proposal-k4-a0.85-b0.5/abs_order,confirmation,64,4,periodic,a0.85-b0.5,proposal-k4-a0.85-b0.5,abs_order,less,0.01,[object Object],1024,[object Object],1024,-0.011305541928705351,0.04331298809016969,0.0013535308778178027,-0.013961556105996057,-0.008649527751414645,-0.15616915472966852,0.1325301204819277,0,0,paired Student-t less; difference minus locked null 0.01,1.8632515690570477e-50,-0.016517841051105764,-0.00609324280630494,,,false,true,,true,-0.016280037712619762,-0.00633104614479094,400,0.05,Independent locked holdout; approximate t inference; ordinary CIs are pointwise,5.1425743305974515e-48,true,true
confirmation/L64/k8/a1-b0.001/a0-b0/coverage,confirmation,64,8,periodic,a1-b0.001,a0-b0,coverage,two-sided,0,[object Object],1024,[object Object],1024,-0.027011871337890618,0.015145645826718223,0.00047330143208494446,-0.027940623931829462,-0.026083118743951774,-0.078125,0.013671875,0,0,paired Student-t two-sided; difference minus locked null 0,3.2944e-320,-0.02883450329961177,-0.025189239376169466,,,false,true,,true,-0.028751348446992918,-0.025272394228788318,400,0.05,Independent locked holdout; approximate t inference; ordinary CIs are pointwise,1.2848276e-317,true,true
confirmation/L64/k8/a1-b0.001/a0-b0/abs_order,confirmation,64,8,periodic,a1-b0.001,a0-b0,abs_order,less,0.01,[object Object],1024,[object Object],1024,-0.9663439159622448,0.02476029182754734,0.0007737591196108544,-0.9678622523557282,-0.9648255795687614,-1,-0.8724489795918368,0,0,paired Student-t less; difference minus locked null 0.01,0,-0.9693235775615422,-0.9633642543629474,,,false,true,,true,-0.96918763496515,-0.9635001969593395,400,0.05,Independent locked holdout; approximate t inference; ordinary CIs are pointwise,0,true,true
confirmation/L64/k8/a1-b0.001/a0.05-b0.05/coverage,confirmation,64,8,periodic,a1-b0.001,a0.05-b0.05,coverage,two-sided,0,[object Object],1024,[object Object],1024,-0.00010871887207031169,0.018129186613002682,0.0005665370816563338,-0.0012204264404015862,0.001002988696260963,-0.0625,0.056640625,0,0,paired Student-t two-sided; difference minus locked null 0,0.847858059340958,-0.0022903911057214846,0.0020729533615808614,,,false,true,,true,-0.002190855578603553,0.0019734178344629296,400,0.05,Independent locked holdout; approximate t inference; ordinary CIs are pointwise,1,false,true
confirmation/L64/k8/a1-b0.001/a0.05-b0.05/abs_order,confirmation,64,8,periodic,a1-b0.001,a0.05-b0.05,abs_order,less,0.01,[object Object],1024,[object Object],1024,-0.280615805014096,0.2224603686249391,0.006951886519529347,-0.2942573919607896,-0.2669742180674024,-0.9511038083375295,0.08927996272006469,0,0,paired Student-t less; difference minus locked null 0.01,7.472024669755071e-224,-0.3073867583766004,-0.2538448516515916,,,false,true,,true,-0.3061653737372007,-0.2550662362909913,400,0.05,Independent locked holdout; approximate t inference; ordinary CIs are pointwise,2.8767294978557025e-221,true,true
confirmation/L64/k8/a1-b0.001/a0.1-b0.1/coverage,confirmation,64,8,periodic,a1-b0.001,a0.1-b0.1,coverage,two-sided,0,[object Object],1024,[object Object],1024,-0.0005207061767578125,0.01744538083796422,0.0005451681511863818,-0.0015904818001206533,0.0005490694466050283,-0.07421875,0.068359375,0,0,paired Student-t two-sided; difference minus locked null 0,0.3397378588129064,-0.002620089000273963,0.001578676646758338,,,false,true,,true,-0.0025243078042089164,0.0014828954506932914,400,0.05,Independent locked holdout; approximate t inference; ordinary CIs are pointwise,1,false,true
confirmation/L64/k8/a1-b0.001/a0.1-b0.1/abs_order,confirmation,64,8,periodic,a1-b0.001,a0.1-b0.1,abs_order,less,0.01,[object Object],1024,[object Object],1024,-0.19962772812327634,0.17219737370537466,0.005381167928292958,-0.21018711656587383,-0.18906833968067885,-0.7454358974358973,0.08979653229776295,0,0,paired Student-t less; difference minus locked null 0.01,1.3737352627574505e-204,-0.22035001627332634,-0.17890543997322633,,,false,true,,true,-0.21940459292224257,-0.1798508633243101,400,0.05,Independent locked holdout; approximate t inference; ordinary CIs are pointwise,5.124032530085291e-202,true,true
confirmation/L64/k8/a1-b0.001/a0.15-b0.15/coverage,confirmation,64,8,periodic,a1-b0.001,a0.15-b0.15,coverage,two-sided,0,[object Object],1024,[object Object],1024,0.0004196166992187496,0.017999853047064907,0.0005624954077207784,-0.0006841599504694804,0.0015233933489069795,-0.0703125,0.056640625,0,0,paired Student-t two-sided; difference minus locked null 0,0.4558440305613545,-0.0017464914908981613,0.0025857248893356604,,,false,true,,true,-0.0016476660499487083,0.0024868994483862074,400,0.05,Independent locked holdout; approximate t inference; ordinary CIs are pointwise,1,false,true
confirmation/L64/k8/a1-b0.001/a0.15-b0.15/abs_order,confirmation,64,8,periodic,a1-b0.001,a0.15-b0.15,abs_order,less,0.01,[object Object],1024,[object Object],1024,-0.16019244190357104,0.1442074637593344,0.0045064832424792,-0.16903544916547034,-0.15134943464167175,-0.7221504264667873,0.09707845409855721,0,0,paired Student-t less; difference minus locked null 0.01,1.86697622793199e-196,-0.17754641515592587,-0.14283846865121622,,,false,true,,true,-0.17675466612570018,-0.1436302176814419,400,0.05,Independent locked holdout; approximate t inference; ordinary CIs are pointwise,6.795793469672443e-194,true,true
confirmation/L64/k8/a1-b0.001/a0.2-b0.2/coverage,confirmation,64,8,periodic,a1-b0.001,a0.2-b0.2,coverage,two-sided,0,[object Object],1024,[object Object],1024,-0.0002307891845703126,0.017739214126485558,0.0005543504414526737,-0.0013185830840781272,0.0008570047149375019,-0.0546875,0.0546875,0,0,paired Student-t two-sided; difference minus locked null 0,0.6772605366538755,-0.0023655320019225707,0.0019039536327819457,,,false,true,,true,-0.002268137559114463,0.001806559189973838,400,0.05,Independent locked holdout; approximate t inference; ordinary CIs are pointwise,1,false,true
confirmation/L64/k8/a1-b0.001/a0.2-b0.2/abs_order,confirmation,64,8,periodic,a1-b0.001,a0.2-b0.2,abs_order,less,0.01,[object Object],1024,[object Object],1024,-0.1332675710619792,0.12254122149497775,0.0038294131717180545,-0.1407819734605302,-0.1257531686634282,-0.5993787603920596,0.1093491776186354,0,0,paired Student-t less; difference minus locked null 0.01,4.987478562640775e-194,-0.14801422164924521,-0.11852092047471319,,,false,true,,true,-0.14734142780936993,-0.11919371431458847,400,0.05,Independent locked holdout; approximate t inference; ordinary CIs are pointwise,1.8004797611133196e-191,true,true
confirmation/L64/k8/a1-b0.001/a0.25-b0.25/coverage,confirmation,64,8,periodic,a1-b0.001,a0.25-b0.25,coverage,two-sided,0,[object Object],1024,[object Object],1024,0.0006790161132812499,0.01806844918601011,0.000564639037062816,-0.00042896694943871485,0.0017869991760012145,-0.064453125,0.064453125,0,0,paired Student-t two-sided; difference minus locked null 0,0.22942229595213814,-0.0014953469585833666,0.0028533791851458666,,,false,true,,true,-0.0013961449010214907,0.0027541771275839907,400,0.05,Independent locked holdout; approximate t inference; ordinary CIs are pointwise,1,false,true
confirmation/L64/k8/a1-b0.001/a0.25-b0.25/abs_order,confirmation,64,8,periodic,a1-b0.001,a0.25-b0.25,abs_order,less,0.01,[object Object],1024,[object Object],1024,-0.11820228866155356,0.11598096846291508,0.0036244052644660964,-0.12531440699179,-0.11109017033131711,-0.5386924181130106,0.11260571888844141,0,0,paired Student-t less; difference minus locked null 0.01,5.77094127766657e-180,-0.1321594762579366,-0.10424510106517054,,,false,true,,true,-0.13152270048426096,-0.10488187683884616,400,0.05,Independent locked holdout; approximate t inference; ordinary CIs are pointwise,2.0544550948492987e-177,true,true
confirmation/L64/k8/a1-b0.001/a0.3-b0.3/coverage,confirmation,64,8,periodic,a1-b0.001,a0.3-b0.3,coverage,two-sided,0,[object Object],1024,[object Object],1024,0.0001678466796874999,0.017894689817759806,0.0005592090568049939,-0.0009294812108575711,0.0012651745702325708,-0.052734375,0.0625,0,0,paired Student-t two-sided; difference minus locked null 0,0.7641236107280738,-0.0019856061330937574,0.0023212994924687574,,,false,true,,true,-0.0018873580747751826,0.0022230514341501826,400,0.05,Independent locked holdout; approximate t inference; ordinary CIs are pointwise,1,false,true
confirmation/L64/k8/a1-b0.001/a0.3-b0.3/abs_order,confirmation,64,8,periodic,a1-b0.001,a0.3-b0.3,abs_order,less,0.01,[object Object],1024,[object Object],1024,-0.10530066741755317,0.10880507569459091,0.003400158615455966,-0.1119727497731829,-0.09862858506192344,-0.5832236842105263,0.09015883323862868,0,0,paired Student-t less; difference minus locked null 0.01,7.723725706524466e-170,-0.11839430573627127,-0.09220702909883507,,,false,true,,true,-0.117796928104635,-0.09280440673047134,400,0.05,Independent locked holdout; approximate t inference; ordinary CIs are pointwise,2.6878565458705142e-167,true,true
confirmation/L64/k8/a1-b0.001/a0.35-b0.35/coverage,confirmation,64,8,periodic,a1-b0.001,a0.35-b0.35,coverage,two-sided,0,[object Object],1024,[object Object],1024,0.0007534027099609385,0.01730162096266175,0.0005406756550831797,-0.0003075573529022663,0.0018143627728241431,-0.060546875,0.052734375,0,0,paired Student-t two-sided; difference minus locked null 0,0.16378741115734363,-0.0013286800032438315,0.002835485423165708,,,false,true,,true,-0.0012336880987930247,0.0027404935187149014,400,0.05,Independent locked holdout; approximate t inference; ordinary CIs are pointwise,1,false,true
confirmation/L64/k8/a1-b0.001/a0.35-b0.35/abs_order,confirmation,64,8,periodic,a1-b0.001,a0.35-b0.35,abs_order,less,0.01,[object Object],1024,[object Object],1024,-0.09342112141711467,0.10142136446594566,0.0031694176395608018,-0.09964042407388189,-0.08720181876034745,-0.5344670982703643,0.11084451709863685,0,0,paired Student-t less; difference minus locked null 0.01,5.9484972937188405e-161,-0.10562620151682917,-0.08121604131740018,,,false,true,,true,-0.10506936302271286,-0.08177287981151649,400,0.05,Independent locked holdout; approximate t inference; ordinary CIs are pointwise,2.052231566333e-158,true,true
confirmation/L64/k8/a1-b0.001/a0.4-b0.4/coverage,confirmation,64,8,periodic,a1-b0.001,a0.4-b0.4,coverage,two-sided,0,[object Object],1024,[object Object],1024,0.0006237030029296871,0.017523050962696025,0.0005475953425842508,-0.0004508354632093241,0.0016982414690686982,-0.048828125,0.056640625,0,0,paired Student-t two-sided; difference minus locked null 0,0.25497595599940326,-0.0014850266687451157,0.00273243267460449,,,false,true,,true,-0.0013888190367361115,0.0026362250425954856,400,0.05,Independent locked holdout; approximate t inference; ordinary CIs are pointwise,1,false,true
confirmation/L64/k8/a1-b0.001/a0.4-b0.4/abs_order,confirmation,64,8,periodic,a1-b0.001,a0.4-b0.4,abs_order,less,0.01,[object Object],1024,[object Object],1024,-0.08301243820851678,0.092924645434514,0.0029038951698285623,-0.08871070994123514,-0.07731416647579842,-0.44610507246376807,0.11133808628363479,0,0,paired Student-t less; difference minus locked null 0.01,8.91831494135586e-157,-0.09419502036699906,-0.0718298560500345,,,false,true,,true,-0.0936848318095633,-0.07234004460747026,400,0.05,Independent locked holdout; approximate t inference; ordinary CIs are pointwise,3.0322270800609924e-154,true,true
confirmation/L64/k8/a1-b0.001/a0.45-b0.45/coverage,confirmation,64,8,periodic,a1-b0.001,a0.45-b0.45,coverage,two-sided,0,[object Object],1024,[object Object],1024,0.0005798339843749999,0.01825135628695277,0.0005703548839672741,-0.0005393652025296895,0.0016990331712796892,-0.06640625,0.0546875,0,0,paired Student-t two-sided; difference minus locked null 0,0.30957476993363453,-0.0016165401877106288,0.002776208156460629,,,false,true,,true,-0.001516333906677807,0.002676001875427807,400,0.05,Independent locked holdout; approximate t inference; ordinary CIs are pointwise,1,false,true
confirmation/L64/k8/a1-b0.001/a0.45-b0.45/abs_order,confirmation,64,8,periodic,a1-b0.001,a0.45-b0.45,abs_order,less,0.01,[object Object],1024,[object Object],1024,-0.07737397150306514,0.08613342257467808,0.00269166945545869,-0.0826557957683561,-0.07209214723777418,-0.4016570410751875,0.10256410256410256,0,0,paired Student-t less; difference minus locked null 0.01,9.047414571741645e-160,-0.08773929568621086,-0.06700864731991943,,,false,true,,true,-0.08726639329949853,-0.06748154970663175,400,0.05,Independent locked holdout; approximate t inference; ordinary CIs are pointwise,3.112310612679126e-157,true,true
confirmation/L64/k8/a1-b0.001/a0.5-b0.5/coverage,confirmation,64,8,periodic,a1-b0.001,a0.5-b0.5,coverage,two-sided,0,[object Object],1024,[object Object],1024,0.0007305145263671884,0.01723025539502829,0.0005384454810946341,-0.00032606929814898164,0.0017870983508833584,-0.0546875,0.046875,0,0,paired Student-t two-sided; difference minus locked null 0,0.1751725823919681,-0.0013429800311377002,0.002804009083872077,,,false,true,,true,-0.0012483799484240793,0.002709409001158456,400,0.05,Independent locked holdout; approximate t inference; ordinary CIs are pointwise,1,false,true
confirmation/L64/k8/a1-b0.001/a0.5-b0.5/abs_order,confirmation,64,8,periodic,a1-b0.001,a0.5-b0.5,abs_order,less,0.01,[object Object],1024,[object Object],1024,-0.0736718839321839,0.08596302823598748,0.0026863446323746086,-0.07894325937370979,-0.068400508490658,-0.43854323660730077,0.11658700512779317,0,0,paired Student-t less; difference minus locked null 0.01,1.228189699337082e-150,-0.08401670280500168,-0.06332706505936611,,,false,true,,true,-0.08354473594235237,-0.06379903192201541,400,0.05,Independent locked holdout; approximate t inference; ordinary CIs are pointwise,4.1635630807527084e-148,true,true
confirmation/L64/k8/a1-b0.001/a0.55-b0.55/coverage,confirmation,64,8,periodic,a1-b0.001,a0.55-b0.55,coverage,two-sided,0,[object Object],1024,[object Object],1024,0.0009288787841796874,0.017061668047150858,0.0005331771264734643,-0.00011736702382415776,0.0019751245921835327,-0.052734375,0.0625,0,0,paired Student-t two-sided; difference minus locked null 0,0.08178133377298535,-0.001124327916861454,0.002982085485220829,,,false,true,,true,-0.0010306534372040866,0.0028884110055634616,400,0.05,Independent locked holdout; approximate t inference; ordinary CIs are pointwise,1,false,true
confirmation/L64/k8/a1-b0.001/a0.55-b0.55/abs_order,confirmation,64,8,periodic,a1-b0.001,a0.55-b0.55,abs_order,less,0.01,[object Object],1024,[object Object],1024,-0.06917762795945046,0.08512950179451839,0.0026602969310786997,-0.07439789037129851,-0.0639573655476024,-0.39162202293346937,0.12110037414874432,0,0,paired Student-t less; difference minus locked null 0.01,5.039222901056906e-141,-0.0794221399882721,-0.058933115930628804,,,false,true,,true,-0.0789547494751022,-0.059400506443798705,400,0.05,Independent locked holdout; approximate t inference; ordinary CIs are pointwise,1.652865111546665e-138,true,true
confirmation/L64/k8/a1-b0.001/a0.6-b0.6/coverage,confirmation,64,8,periodic,a1-b0.001,a0.6-b0.6,coverage,two-sided,0,[object Object],1024,[object Object],1024,0.0005435943603515625,0.017269159048645837,0.0005396612202701824,-0.0005153750916660281,0.001602563812369153,-0.05859375,0.056640625,0,0,paired Student-t two-sided; difference minus locked null 0,0.3140345049457077,-0.0015345818755262606,0.0026217705962293856,,,false,true,,true,-0.0014397681982508811,0.002526956918954006,400,0.05,Independent locked holdout; approximate t inference; ordinary CIs are pointwise,1,false,true
confirmation/L64/k8/a1-b0.001/a0.6-b0.6/abs_order,confirmation,64,8,periodic,a1-b0.001,a0.6-b0.6,abs_order,less,0.01,[object Object],1024,[object Object],1024,-0.06396995390469022,0.07690561913322054,0.002403300597913142,-0.06868591610766538,-0.05925399170171507,-0.42632123660401294,0.10822071470541103,0,0,paired Student-t less; difference minus locked null 0.01,4.475094088651678e-148,-0.07322480121010445,-0.05471510659927599,,,false,true,,true,-0.07280256266724199,-0.05513734514213846,400,0.05,Independent locked holdout; approximate t inference; ordinary CIs are pointwise,1.5036316137869638e-145,true,true
confirmation/L64/k8/a1-b0.001/a0.65-b0.65/coverage,confirmation,64,8,periodic,a1-b0.001,a0.65-b0.65,coverage,two-sided,0,[object Object],1024,[object Object],1024,0.0006275177001953134,0.017728763033422145,0.000554023844794442,-0.00045963532338662814,0.0017146707237772549,-0.048828125,0.052734375,0,0,paired Student-t two-sided; difference minus locked null 0,0.25762469459630255,-0.0015059674292068745,0.002761002829597501,,,false,true,,true,-0.0014086303665272431,0.00266366576691787,400,0.05,Independent locked holdout; approximate t inference; ordinary CIs are pointwise,1,false,true
confirmation/L64/k8/a1-b0.001/a0.65-b0.65/abs_order,confirmation,64,8,periodic,a1-b0.001,a0.65-b0.65,abs_order,less,0.01,[object Object],1024,[object Object],1024,-0.06378817076182505,0.07705709312851092,0.002408034160265966,-0.06851342156613485,-0.05906291995751525,-0.35531075751393987,0.1047042196648496,0,0,paired Student-t less; difference minus locked null 0.01,3.9403138643077917e-147,-0.07306124649726758,-0.054515095026382514,,,false,true,,true,-0.0726381763095946,-0.054938165214055514,400,0.05,Independent locked holdout; approximate t inference; ordinary CIs are pointwise,1.3160648306788023e-144,true,true
confirmation/L64/k8/a1-b0.001/a0.7-b0.7/coverage,confirmation,64,8,periodic,a1-b0.001,a0.7-b0.7,coverage,two-sided,0,[object Object],1024,[object Object],1024,0.0007381439208984373,0.018403240713711928,0.0005751012723034977,-0.0003903690355836864,0.001866656877380561,-0.06640625,0.0546875,0,0,paired Student-t two-sided; difference minus locked null 0,0.19960674137205003,-0.0014765080726723992,0.002952795914469274,,,false,true,,true,-0.0013754678934178204,0.0028517557352146948,400,0.05,Independent locked holdout; approximate t inference; ordinary CIs are pointwise,1,false,true
confirmation/L64/k8/a1-b0.001/a0.7-b0.7/abs_order,confirmation,64,8,periodic,a1-b0.001,a0.7-b0.7,abs_order,less,0.01,[object Object],1024,[object Object],1024,-0.060529528590131915,0.07632343130167683,0.002385107228177401,-0.0652097902053017,-0.05584926697496214,-0.35591013601484806,0.11571134020618556,0,0,paired Student-t less; difference minus locked null 0.01,1.0787789396104578e-139,-0.06971431522189532,-0.05134474195836851,,,false,true,,true,-0.06929527309230452,-0.05176378408795931,400,0.05,Independent locked holdout; approximate t inference; ordinary CIs are pointwise,3.527607132526197e-137,true,true
confirmation/L64/k8/a1-b0.001/a0.75-b0.75/coverage,confirmation,64,8,periodic,a1-b0.001,a0.75-b0.75,coverage,two-sided,0,[object Object],1024,[object Object],1024,0.0004253387451171875,0.017379015810704182,0.0005430942440845057,-0.000640367280163157,0.001491044770397532,-0.05859375,0.0546875,0,0,paired Student-t two-sided; difference minus locked null 0,0.4337046360688369,-0.0016660576893595962,0.002516735179593971,,,false,true,,true,-0.0015706408603294048,0.00242131835056378,400,0.05,Independent locked holdout; approximate t inference; ordinary CIs are pointwise,1,false,true
confirmation/L64/k8/a1-b0.001/a0.75-b0.75/abs_order,confirmation,64,8,periodic,a1-b0.001,a0.75-b0.75,abs_order,less,0.01,[object Object],1024,[object Object],1024,-0.05690674985289281,0.07352441688922008,0.0022976380277881276,-0.061415371913976655,-0.05239812779180897,-0.3834458575391218,0.1108313677682665,0,0,paired Student-t less; difference minus locked null 0.01,1.4364731513463961e-136,-0.06575470217677466,-0.04805879752901096,,,false,true,,true,-0.06535102760784181,-0.04846247209794381,400,0.05,Independent locked holdout; approximate t inference; ordinary CIs are pointwise,4.668537741875787e-134,true,true
confirmation/L64/k8/a1-b0.001/a0.8-b0.8/coverage,confirmation,64,8,periodic,a1-b0.001,a0.8-b0.8,coverage,two-sided,0,[object Object],1024,[object Object],1024,0.00022697448730468766,0.01820608851490765,0.0005689402660908641,-0.0008894488152838261,0.0013433977898932015,-0.0546875,0.056640625,0,0,paired Student-t two-sided; difference minus locked null 0,0.6900187870297996,-0.001963952146319439,0.002417901120928814,,,false,true,,true,-0.0018639944010675178,0.002317943375676893,400,0.05,Independent locked holdout; approximate t inference; ordinary CIs are pointwise,1,false,true
confirmation/L64/k8/a1-b0.001/a0.8-b0.8/abs_order,confirmation,64,8,periodic,a1-b0.001,a0.8-b0.8,abs_order,less,0.01,[object Object],1024,[object Object],1024,-0.057408161993042446,0.07182325822797583,0.002244476819624245,-0.061812466579823214,-0.05300385740626168,-0.3599393313987714,0.10029140861274344,0,0,paired Student-t less; difference minus locked null 0.01,6.728221340924846e-143,-0.06605139632843993,-0.04876492765764497,,,false,true,,true,-0.06565706171102684,-0.04915926227505806,400,0.05,Independent locked holdout; approximate t inference; ordinary CIs are pointwise,2.2135848211642745e-140,true,true
confirmation/L64/k8/a1-b0.001/a0.85-b0.85/coverage,confirmation,64,8,periodic,a1-b0.001,a0.85-b0.85,coverage,two-sided,0,[object Object],1024,[object Object],1024,0.0008106231689453126,0.017506660905724156,0.0005470831533038799,-0.0002629102355342891,0.0018841565734249144,-0.048828125,0.046875,0,0,paired Student-t two-sided; difference minus locked null 0,0.13872318781966064,-0.0012961341179244354,0.0029173804558150604,,,false,true,,true,-0.00120001647301717,0.002821262810907795,400,0.05,Independent locked holdout; approximate t inference; ordinary CIs are pointwise,1,false,true
confirmation/L64/k8/a1-b0.001/a0.85-b0.85/abs_order,confirmation,64,8,periodic,a1-b0.001,a0.85-b0.85,abs_order,less,0.01,[object Object],1024,[object Object],1024,-0.050339895668983996,0.06878958816110084,0.0021496746300344012,-0.05455817128242152,-0.04612162005554647,-0.3383060254649767,0.11414585882781784,0,0,paired Student-t less; difference minus locked null 0.01,2.6064893685897603e-129,-0.05861805715846499,-0.042061734179503,,,false,true,,true,-0.05824037844270122,-0.04243941289526677,400,0.05,Independent locked holdout; approximate t inference; ordinary CIs are pointwise,8.288636192115438e-127,true,true
confirmation/L64/k8/a1-b0.001/a0.9-b0.9/coverage,confirmation,64,8,periodic,a1-b0.001,a0.9-b0.9,coverage,two-sided,0,[object Object],1024,[object Object],1024,0.00032615661621093734,0.01775410557534279,0.0005548157992294622,-0.0007625504481702603,0.0014148636805921349,-0.05078125,0.052734375,0,0,paired Student-t two-sided; difference minus locked null 0,0.55675286209447,-0.0018103782429567743,0.002462691475378649,,,false,true,,true,-0.0017129020409256417,0.0023652152733475164,400,0.05,Independent locked holdout; approximate t inference; ordinary CIs are pointwise,1,false,true
confirmation/L64/k8/a1-b0.001/a0.9-b0.9/abs_order,confirmation,64,8,periodic,a1-b0.001,a0.9-b0.9,abs_order,less,0.01,[object Object],1024,[object Object],1024,-0.04785433908951401,0.06591369997074488,0.0020598031240857775,-0.05189626113921249,-0.04381241703981553,-0.30191290191290193,0.09225482421358709,0,0,paired Student-t less; difference minus locked null 0.01,1.9585798895302535e-129,-0.055786415255592525,-0.039922262923435495,,,false,true,,true,-0.05542452616421013,-0.04028415201481789,400,0.05,Independent locked holdout; approximate t inference; ordinary CIs are pointwise,6.2478698476015086e-127,true,true
confirmation/L64/k8/a1-b0.001/a0.95-b0.95/coverage,confirmation,64,8,periodic,a1-b0.001,a0.95-b0.95,coverage,two-sided,0,[object Object],1024,[object Object],1024,0.000522613525390625,0.017612212090156634,0.0005503816278173948,-0.0005573924281936208,0.0016026194789748708,-0.0546875,0.060546875,0,0,paired Student-t two-sided; difference minus locked null 0,0.34256646430273274,-0.0015968458254614184,0.0026420728762426684,,,false,true,,true,-0.0015001486679149661,0.002545375718696216,400,0.05,Independent locked holdout; approximate t inference; ordinary CIs are pointwise,1,false,true
confirmation/L64/k8/a1-b0.001/a0.95-b0.95/abs_order,confirmation,64,8,periodic,a1-b0.001,a0.95-b0.95,abs_order,less,0.01,[object Object],1024,[object Object],1024,-0.04722342091808354,0.06668526370349497,0.0020839144907342177,-0.0513126563558263,-0.043134185480340786,-0.34542748917748917,0.1051511758118701,0,0,paired Student-t less; difference minus locked null 0.01,4.112754847102538e-125,-0.05524834731556879,-0.039198494520598294,,,false,true,,true,-0.05488222207148503,-0.039564619764682056,400,0.05,Independent locked holdout; approximate t inference; ordinary CIs are pointwise,1.291405021990197e-122,true,true
confirmation/L64/k8/a1-b0.001/a1-b1/coverage,confirmation,64,8,periodic,a1-b0.001,a1-b1,coverage,two-sided,0,[object Object],1024,[object Object],1024,0.0006980895996093759,0.017597014320348745,0.0005499066975108983,-0.0003809844050640971,0.0017771636042828488,-0.05078125,0.05078125,0,0,paired Student-t two-sided; difference minus locked null 0,0.20456249335924692,-0.0014195408466640413,0.002815720045882793,,,false,true,,true,-0.0013229271301489565,0.0027191063293677082,400,0.05,Independent locked holdout; approximate t inference; ordinary CIs are pointwise,1,false,true
confirmation/L64/k8/a1-b0.001/a1-b1/abs_order,confirmation,64,8,periodic,a1-b0.001,a1-b1,abs_order,less,0.01,[object Object],1024,[object Object],1024,-0.04736261125310273,0.0644614655607728,0.00201442079877415,-0.05131548021845604,-0.04340974228774942,-0.33319407308377896,0.11847573811194473,0,0,paired Student-t less; difference minus locked null 0.01,4.0692410170315206e-132,-0.055119925056333896,-0.03960529744987157,,,false,true,,true,-0.054766009235930564,-0.0399592132702749,400,0.05,Independent locked holdout; approximate t inference; ordinary CIs are pointwise,1.3102956074841496e-129,true,true
confirmation/L64/k8/a1-b0.001/proposal-k8-a1-b0.001/coverage,confirmation,64,8,periodic,a1-b0.001,proposal-k8-a1-b0.001,coverage,two-sided,0,[object Object],1024,[object Object],1024,-0.004903793334960931,0.018454346472410194,0.0005766983272628186,-0.006035440169423517,-0.0037721465004983456,-0.06640625,0.05078125,0,0,paired Student-t two-sided; difference minus locked null 0,6.464342992008644e-17,-0.007124595412212395,-0.002682991257709467,,,false,true,,true,-0.007023274644603834,-0.0027843120253180286,400,0.05,Independent locked holdout; approximate t inference; ordinary CIs are pointwise,1.5385136320980573e-14,true,true
confirmation/L64/k8/a1-b0.001/proposal-k8-a1-b0.001/abs_order,confirmation,64,8,periodic,a1-b0.001,proposal-k8-a1-b0.001,abs_order,less,0.01,[object Object],1024,[object Object],1024,-0.5085800924846196,0.29505629413503154,0.009220509191719736,-0.5266733650773586,-0.4904868198918805,-0.9897172236503856,0.06345664513603445,0,0,paired Student-t less; difference minus locked null 0.01,1.408946137e-315,-0.5440872632154191,-0.47307292175382,,,false,true,,true,-0.5424673017470358,-0.47469288322220327,400,0.05,Independent locked holdout; approximate t inference; ordinary CIs are pointwise,5.46671101314e-313,true,true
confirmation/L64/k8/a1-b0.05/a0-b0/coverage,confirmation,64,8,periodic,a1-b0.05,a0-b0,coverage,two-sided,0,[object Object],1024,[object Object],1024,-0.027999877929687517,0.015451302958418539,0.00048285321745057935,-0.028947373854691306,-0.02705238200468373,-0.0703125,0.015625,0,0,paired Student-t two-sided; difference minus locked null 0,0,-0.029859292770391763,-0.02614046308898327,,,false,true,,true,-0.02977445975402676,-0.026225296105348274,400,0.05,Independent locked holdout; approximate t inference; ordinary CIs are pointwise,0,true,true
confirmation/L64/k8/a1-b0.05/a0-b0/abs_order,confirmation,64,8,periodic,a1-b0.05,a0-b0,abs_order,less,0.01,[object Object],1024,[object Object],1024,-0.9571202209376872,0.032289782631829696,0.001009055707244678,-0.9591002764414367,-0.9551401654339378,-1,-0.825065274151436,0,0,paired Student-t less; difference minus locked null 0.01,0,-0.961005983917697,-0.9532344579576775,,,false,true,,true,-0.9608287018033148,-0.9534117400720596,400,0.05,Independent locked holdout; approximate t inference; ordinary CIs are pointwise,0,true,true
confirmation/L64/k8/a1-b0.05/a0.05-b0.05/coverage,confirmation,64,8,periodic,a1-b0.05,a0.05-b0.05,coverage,two-sided,0,[object Object],1024,[object Object],1024,-0.0010967254638671868,0.0177113840236317,0.0005534807507384907,-0.002182812781793019,-0.000010638145941354801,-0.0703125,0.052734375,0,0,paired Student-t two-sided; difference minus locked null 0,0.04780191805982473,-0.0032281191975593784,0.0010346682698250044,,,false,true,,true,-0.003130877551675723,0.0009374266239413496,400,0.05,Independent locked holdout; approximate t inference; ordinary CIs are pointwise,1,false,true
confirmation/L64/k8/a1-b0.05/a0.05-b0.05/abs_order,confirmation,64,8,periodic,a1-b0.05,a0.05-b0.05,abs_order,less,0.01,[object Object],1024,[object Object],1024,-0.2713921099895379,0.22210044391161737,0.006940638872238043,-0.2850116258396969,-0.25777259413937886,-0.9400113645588115,0.14868691892190586,0,0,paired Student-t less; difference minus locked null 0.01,2.3202299290616469e-215,-0.2981197498945761,-0.24466447008449965,,,false,true,,true,-0.29690034136678184,-0.24588387861229394,400,0.05,Independent locked holdout; approximate t inference; ordinary CIs are pointwise,8.840076029724875e-213,true,true
confirmation/L64/k8/a1-b0.05/a0.1-b0.1/coverage,confirmation,64,8,periodic,a1-b0.05,a0.1-b0.1,coverage,two-sided,0,[object Object],1024,[object Object],1024,-0.0015087127685546868,0.0176144667880809,0.0005504520871275282,-0.0025888569834299777,-0.000428568553679396,-0.06640625,0.048828125,0,0,paired Student-t two-sided; difference minus locked null 0,0.006234594601702886,-0.0036284434504907804,0.0006110179133814065,,,false,true,,true,-0.0035317339138701215,0.0005143083767607476,400,0.05,Independent locked holdout; approximate t inference; ordinary CIs are pointwise,1,false,true
confirmation/L64/k8/a1-b0.05/a0.1-b0.1/abs_order,confirmation,64,8,periodic,a1-b0.05,a0.1-b0.1,abs_order,less,0.01,[object Object],1024,[object Object],1024,-0.1904040330987184,0.1712356084080407,0.005351112762751272,-0.2009044447221773,-0.17990362147525948,-0.7385923600209314,0.14322236727589208,0,0,paired Student-t less; difference minus locked null 0.01,2.7137844630960656e-194,-0.21101058209900544,-0.16979748409843134,,,false,true,,true,-0.2100704391732313,-0.1707376270242055,400,0.05,Independent locked holdout; approximate t inference; ordinary CIs are pointwise,9.823899756407757e-192,true,true
confirmation/L64/k8/a1-b0.05/a0.15-b0.15/coverage,confirmation,64,8,periodic,a1-b0.05,a0.15-b0.15,coverage,two-sided,0,[object Object],1024,[object Object],1024,-0.0005683898925781236,0.01785263473365249,0.0005578948354266403,-0.001663138905411418,0.0005263591202551706,-0.060546875,0.0546875,0,0,paired Student-t two-sided; difference minus locked null 0,0.30853315672695003,-0.0027167817828128065,0.001580001997656559,,,false,true,,true,-0.0026187646215032356,0.0014819848363469882,400,0.05,Independent locked holdout; approximate t inference; ordinary CIs are pointwise,1,false,true
confirmation/L64/k8/a1-b0.05/a0.15-b0.15/abs_order,confirmation,64,8,periodic,a1-b0.05,a0.15-b0.15,abs_order,less,0.01,[object Object],1024,[object Object],1024,-0.1509687468790132,0.14614609671878115,0.004567065522461911,-0.15993063387772802,-0.1420068598802984,-0.7254863623032554,0.12226139253885021,0,0,paired Student-t less; difference minus locked null 0.01,4.32070990584103e-179,-0.16855601585440022,-0.1333814779036262,,,false,true,,true,-0.16775362305633068,-0.13418387070169574,400,0.05,Independent locked holdout; approximate t inference; ordinary CIs are pointwise,1.5295313066677244e-176,true,true
confirmation/L64/k8/a1-b0.05/a0.2-b0.2/coverage,confirmation,64,8,periodic,a1-b0.05,a0.2-b0.2,coverage,two-sided,0,[object Object],1024,[object Object],1024,-0.0012187957763671873,0.01751939804340171,0.0005474811888563035,-0.0022931102402874185,-0.00014448131244695623,-0.05859375,0.064453125,0,0,paired Student-t two-sided; difference minus locked null 0,0.026218816221963093,-0.0033270858545419455,0.0008894943018075707,,,false,true,,true,-0.00323089827832779,0.0007933067255934151,400,0.05,Independent locked holdout; approximate t inference; ordinary CIs are pointwise,1,false,true
confirmation/L64/k8/a1-b0.05/a0.2-b0.2/abs_order,confirmation,64,8,periodic,a1-b0.05,a0.2-b0.2,abs_order,less,0.01,[object Object],1024,[object Object],1024,-0.12404387603742116,0.12473663816170219,0.0038980199425531934,-0.13169290451579238,-0.11639484755904993,-0.6131024298563565,0.13388425244095348,0,0,paired Student-t less; difference minus locked null 0.01,3.776502302319519e-173,-0.1390547237828571,-0.1090330282919852,,,false,true,,true,-0.1383698763434558,-0.10971787573138654,400,0.05,Independent locked holdout; approximate t inference; ordinary CIs are pointwise,1.317999303509512e-170,true,true
confirmation/L64/k8/a1-b0.05/a0.25-b0.25/coverage,confirmation,64,8,periodic,a1-b0.05,a0.25-b0.25,coverage,two-sided,0,[object Object],1024,[object Object],1024,-0.00030899047851562473,0.01772025043883184,0.000553757826213495,-0.0013956214976616147,0.0007776405406303651,-0.052734375,0.0546875,0,0,paired Student-t two-sided; difference minus locked null 0,0.5769743492583501,-0.002441451199506644,0.0018234702424753948,,,false,true,,true,-0.002344160873926022,0.0017261799168947726,400,0.05,Independent locked holdout; approximate t inference; ordinary CIs are pointwise,1,false,true
confirmation/L64/k8/a1-b0.05/a0.25-b0.25/abs_order,confirmation,64,8,periodic,a1-b0.05,a0.25-b0.25,abs_order,less,0.01,[object Object],1024,[object Object],1024,-0.10897859363699566,0.11859212487796308,0.0037060039024363464,-0.11625083180110395,-0.10170635547288738,-0.5542356377799416,0.15974705922349902,0,0,paired Student-t less; difference minus locked null 0.01,2.725789625794629e-157,-0.12325000864854273,-0.0947071786254486,,,false,true,,true,-0.12259889671982016,-0.09535829055417117,400,0.05,Independent locked holdout; approximate t inference; ordinary CIs are pointwise,9.294942623959685e-155,true,true
confirmation/L64/k8/a1-b0.05/a0.3-b0.3/coverage,confirmation,64,8,periodic,a1-b0.05,a0.3-b0.3,coverage,two-sided,0,[object Object],1024,[object Object],1024,-0.0008201599121093765,0.017928519513712486,0.0005602662348035152,-0.0019195622878383533,0.00027924246361960025,-0.0625,0.0546875,0,0,paired Student-t two-sided; difference minus locked null 0,0.143535217647365,-0.0029776838015422406,0.0013373639773234878,,,false,true,,true,-0.0028792500064506515,0.0012389301822318983,400,0.05,Independent locked holdout; approximate t inference; ordinary CIs are pointwise,1,false,true
confirmation/L64/k8/a1-b0.05/a0.3-b0.3/abs_order,confirmation,64,8,periodic,a1-b0.05,a0.3-b0.3,abs_order,less,0.01,[object Object],1024,[object Object],1024,-0.09607697239299522,0.10913180414646173,0.003410368879576929,-0.10276909020308232,-0.08938485458290811,-0.5911525974025974,0.13118221984201367,0,0,paired Student-t less; difference minus locked null 0.01,2.4386888268998837e-150,-0.10920992932024257,-0.08294401546574787,,,false,true,,true,-0.10861075783599858,-0.08354318694999185,400,0.05,Independent locked holdout; approximate t inference; ordinary CIs are pointwise,8.242768234921607e-148,true,true
confirmation/L64/k8/a1-b0.05/a0.35-b0.35/coverage,confirmation,64,8,periodic,a1-b0.05,a0.35-b0.35,coverage,two-sided,0,[object Object],1024,[object Object],1024,-0.00023460388183593682,0.01702784968329092,0.0005321203026028413,-0.0012787758995559584,0.0008095681358840847,-0.0546875,0.056640625,0,0,paired Student-t two-sided; difference minus locked null 0,0.6593893770386925,-0.00228374086993321,0.0018145331062613364,,,false,true,,true,-0.0021902520648317356,0.0017210443011598622,400,0.05,Independent locked holdout; approximate t inference; ordinary CIs are pointwise,1,false,true
confirmation/L64/k8/a1-b0.05/a0.35-b0.35/abs_order,confirmation,64,8,periodic,a1-b0.05,a0.35-b0.35,abs_order,less,0.01,[object Object],1024,[object Object],1024,-0.08419742639255684,0.10422066495517306,0.003256895779849158,-0.0905883861460454,-0.07780646663906828,-0.5441970781097404,0.161947712861551,0,0,paired Student-t less; difference minus locked null 0.01,3.334560611495625e-135,-0.09673937522672484,-0.07165547755838884,,,false,true,,true,-0.09616716760128982,-0.07222768518382386,400,0.05,Independent locked holdout; approximate t inference; ordinary CIs are pointwise,1.0803976381245825e-132,true,true
confirmation/L64/k8/a1-b0.05/a0.4-b0.4/coverage,confirmation,64,8,periodic,a1-b0.05,a0.4-b0.4,coverage,two-sided,0,[object Object],1024,[object Object],1024,-0.000364303588867188,0.017789034175312562,0.0005559073179785176,-0.0014551525247932324,0.0007265453470588566,-0.0546875,0.052734375,0,0,paired Student-t two-sided; difference minus locked null 0,0.5124016643159712,-0.002505041767154562,0.0017764345894201862,,,false,true,,true,-0.0024073737949859325,0.0016787666172515567,400,0.05,Independent locked holdout; approximate t inference; ordinary CIs are pointwise,1,false,true
confirmation/L64/k8/a1-b0.05/a0.4-b0.4/abs_order,confirmation,64,8,periodic,a1-b0.05,a0.4-b0.4,abs_order,less,0.01,[object Object],1024,[object Object],1024,-0.07378874318395878,0.09488250998761714,0.0029650784371130358,-0.07960707396223252,-0.06797041240568505,-0.4869308134394341,0.1593290555904162,0,0,paired Student-t less; difference minus locked null 0.01,1.2908148761468076e-130,-0.08520693540173029,-0.06237055096618729,,,false,true,,true,-0.08468599748832625,-0.06289148887959131,400,0.05,Independent locked holdout; approximate t inference; ordinary CIs are pointwise,4.1306076036697846e-128,true,true
confirmation/L64/k8/a1-b0.05/a0.45-b0.45/coverage,confirmation,64,8,periodic,a1-b0.05,a0.45-b0.45,coverage,two-sided,0,[object Object],1024,[object Object],1024,-0.00040817260742187527,0.017738854161475092,0.0005543391925460966,-0.0014959444333620766,0.0006795992185183262,-0.060546875,0.0546875,0,0,paired Student-t two-sided; difference minus locked null 0,0.46170305795994937,-0.002542872106467296,0.0017265268916235455,,,false,true,,true,-0.0024454796399920394,0.0016291344251482887,400,0.05,Independent locked holdout; approximate t inference; ordinary CIs are pointwise,1,false,true
confirmation/L64/k8/a1-b0.05/a0.45-b0.45/abs_order,confirmation,64,8,periodic,a1-b0.05,a0.45-b0.45,abs_order,less,0.01,[object Object],1024,[object Object],1024,-0.06815027647850731,0.08962770324443889,0.0028008657263887153,-0.07364637501596338,-0.06265417794105124,-0.39441602841014495,0.12421740069084629,0,0,paired Student-t less; difference minus locked null 0.01,3.698361508064875e-128,-0.07893610353784569,-0.057364449419168934,,,false,true,,true,-0.07844401633739698,-0.05785653661961764,400,0.05,Independent locked holdout; approximate t inference; ordinary CIs are pointwise,1.1649838750404356e-125,true,true
confirmation/L64/k8/a1-b0.05/a0.5-b0.5/coverage,confirmation,64,8,periodic,a1-b0.05,a0.5-b0.5,coverage,two-sided,0,[object Object],1024,[object Object],1024,-0.00025749206542968777,0.017259604027236693,0.0005393626258511467,-0.0013158755899126975,0.000800891459053322,-0.05859375,0.048828125,0,0,paired Student-t two-sided; difference minus locked null 0,0.6331788314625961,-0.002334518446912757,0.0018195343160533814,,,false,true,,true,-0.002239757230021447,0.0017247730991620713,400,0.05,Independent locked holdout; approximate t inference; ordinary CIs are pointwise,1,false,true
confirmation/L64/k8/a1-b0.05/a0.5-b0.5/abs_order,confirmation,64,8,periodic,a1-b0.05,a0.5-b0.5,abs_order,less,0.01,[object Object],1024,[object Object],1024,-0.06444818890762588,0.08808639854442189,0.002752699954513184,-0.06984977244357138,-0.05904660537168038,-0.4489449714874793,0.12268438574921606,0,0,paired Student-t less; difference minus locked null 0.01,2.8659304895736433e-122,-0.07504853485634393,-0.053847842958907835,,,false,true,,true,-0.07456490995368277,-0.05433146786156899,400,0.05,Independent locked holdout; approximate t inference; ordinary CIs are pointwise,8.91304382257403e-120,true,true
confirmation/L64/k8/a1-b0.05/a0.55-b0.55/coverage,confirmation,64,8,periodic,a1-b0.05,a0.55-b0.55,coverage,two-sided,0,[object Object],1024,[object Object],1024,-0.00005912780761718739,0.017636477805178775,0.0005511399314118367,-0.0011406217694401337,0.0010223661542057587,-0.068359375,0.048828125,0,0,paired Student-t two-sided; difference minus locked null 0,0.9145857042943406,-0.0021815073025343557,0.0020632516872999807,,,false,true,,true,-0.00208467691778984,0.001966421302555465,400,0.05,Independent locked holdout; approximate t inference; ordinary CIs are pointwise,1,false,true
confirmation/L64/k8/a1-b0.05/a0.55-b0.55/abs_order,confirmation,64,8,periodic,a1-b0.05,a0.55-b0.55,abs_order,less,0.01,[object Object],1024,[object Object],1024,-0.05995393293489262,0.08705591204166249,0.002720497251301953,-0.06529232556941295,-0.0546155403003723,-0.38924806563846914,0.13668640257177156,0,0,paired Student-t less; difference minus locked null 0.01,3.5506527121291485e-113,-0.07043026980155896,-0.049477596068226284,,,false,true,,true,-0.06995230262747823,-0.049955563242307016,400,0.05,Independent locked holdout; approximate t inference; ordinary CIs are pointwise,1.0864997299115194e-110,true,true
confirmation/L64/k8/a1-b0.05/a0.6-b0.6/coverage,confirmation,64,8,periodic,a1-b0.05,a0.6-b0.6,coverage,two-sided,0,[object Object],1024,[object Object],1024,-0.00044441223144531293,0.017727783646511966,0.0005539932389534989,-0.0015315051976256945,0.0006426807347350687,-0.05859375,0.048828125,0,0,paired Student-t two-sided; difference minus locked null 0,0.4226247801897538,-0.002577779501107097,0.001688955038216471,,,false,true,,true,-0.002480447815601546,0.0015916233527109203,400,0.05,Independent locked holdout; approximate t inference; ordinary CIs are pointwise,1,false,true
confirmation/L64/k8/a1-b0.05/a0.6-b0.6/abs_order,confirmation,64,8,periodic,a1-b0.05,a0.6-b0.6,abs_order,less,0.01,[object Object],1024,[object Object],1024,-0.054746258880132334,0.07889900025043314,0.0024655937578260357,-0.05958445805500696,-0.04990805970525771,-0.4254394681835315,0.16219167343281912,0,0,paired Student-t less; difference minus locked null 0.01,6.782638227835159e-117,-0.06424099031975192,-0.04525152744051276,,,false,true,,true,-0.06380780742265646,-0.045684710337608216,400,0.05,Independent locked holdout; approximate t inference; ordinary CIs are pointwise,2.095835212401064e-114,true,true
confirmation/L64/k8/a1-b0.05/a0.65-b0.65/coverage,confirmation,64,8,periodic,a1-b0.05,a0.65-b0.65,coverage,two-sided,0,[object Object],1024,[object Object],1024,-0.00036048889160156304,0.017486574894749515,0.0005464554654609224,-0.0014327905932533017,0.0007118128100501755,-0.060546875,0.052734375,0,0,paired Student-t two-sided; difference minus locked null 0,0.5096039854844149,-0.002464829021355351,0.0017438512381522252,,,false,true,,true,-0.00236882165562016,0.001647843872417034,400,0.05,Independent locked holdout; approximate t inference; ordinary CIs are pointwise,1,false,true
confirmation/L64/k8/a1-b0.05/a0.65-b0.65/abs_order,confirmation,64,8,periodic,a1-b0.05,a0.65-b0.65,abs_order,less,0.01,[object Object],1024,[object Object],1024,-0.05456447573726703,0.07872206230502807,0.002460064447032127,-0.059391824825084205,-0.04973712664944986,-0.3584007615421228,0.15626805918189732,0,0,paired Student-t less; difference minus locked null 0.01,8.567376136719318e-117,-0.06403791440679109,-0.04509103706774298,,,false,true,,true,-0.06360570296043079,-0.045523248514103276,400,0.05,Independent locked holdout; approximate t inference; ordinary CIs are pointwise,2.63875185010955e-114,true,true
confirmation/L64/k8/a1-b0.05/a0.7-b0.7/coverage,confirmation,64,8,periodic,a1-b0.05,a0.7-b0.7,coverage,two-sided,0,[object Object],1024,[object Object],1024,-0.00024986267089843723,0.01824261905176213,0.0005700818453675666,-0.0013685260780853122,0.0008688007362884376,-0.05859375,0.064453125,0,0,paired Student-t two-sided; difference minus locked null 0,0.6612667031204422,-0.00244518540124974,0.0019454600594528656,,,false,true,,true,-0.002345027090670795,0.0018453017488739207,400,0.05,Independent locked holdout; approximate t inference; ordinary CIs are pointwise,1,false,true
confirmation/L64/k8/a1-b0.05/a0.7-b0.7/abs_order,confirmation,64,8,periodic,a1-b0.05,a0.7-b0.7,abs_order,less,0.01,[object Object],1024,[object Object],1024,-0.05130583356557392,0.0791988839158694,0.002474965122370919,-0.056162422034331444,-0.0464492450968164,-0.35375907468930723,0.12886869302596216,0,0,paired Student-t less; difference minus locked null 0.01,8.54653598844642e-107,-0.06083665310336216,-0.04177501402778569,,,false,true,,true,-0.060401823740854295,-0.04220984339029355,400,0.05,Independent locked holdout; approximate t inference; ordinary CIs are pointwise,2.5896004044992652e-104,true,true
confirmation/L64/k8/a1-b0.05/a0.75-b0.75/coverage,confirmation,64,8,periodic,a1-b0.05,a0.75-b0.75,coverage,two-sided,0,[object Object],1024,[object Object],1024,-0.0005626678466796874,0.0171871631343193,0.0005370988479474781,-0.0016166091923362526,0.0004912734989768779,-0.0625,0.056640625,0,0,paired Student-t two-sided; difference minus locked null 0,0.2950677262093512,-0.0026309766674672635,0.0015056409741078885,,,false,true,,true,-0.0025366131762221914,0.0014112774828628164,400,0.05,Independent locked holdout; approximate t inference; ordinary CIs are pointwise,1,false,true
confirmation/L64/k8/a1-b0.05/a0.75-b0.75/abs_order,confirmation,64,8,periodic,a1-b0.05,a0.75-b0.75,abs_order,less,0.01,[object Object],1024,[object Object],1024,-0.04768305482833488,0.0756084926197608,0.002362765394367525,-0.05231947538430298,-0.04304663427236678,-0.38303245218138837,0.13881748071979433,0,0,paired Student-t less; difference minus locked null 0.01,2.148128853000585e-104,-0.05678180550578908,-0.03858430415088068,,,false,true,,true,-0.056366688637716114,-0.03899942101895365,400,0.05,Independent locked holdout; approximate t inference; ordinary CIs are pointwise,6.46586784753176e-102,true,true
confirmation/L64/k8/a1-b0.05/a0.8-b0.8/coverage,confirmation,64,8,periodic,a1-b0.05,a0.8-b0.8,coverage,two-sided,0,[object Object],1024,[object Object],1024,-0.0007610321044921873,0.016990284793869524,0.0005309463998084226,-0.001802900589639857,0.0002808363806554824,-0.0546875,0.052734375,0,0,paired Student-t two-sided; difference minus locked null 0,0.15206333748520862,-0.0028056485215368103,0.0012835843125524355,,,false,true,,true,-0.002712365960716974,0.0011903017517325993,400,0.05,Independent locked holdout; approximate t inference; ordinary CIs are pointwise,1,false,true
confirmation/L64/k8/a1-b0.05/a0.8-b0.8/abs_order,confirmation,64,8,periodic,a1-b0.05,a0.8-b0.8,abs_order,less,0.01,[object Object],1024,[object Object],1024,-0.04818446696848452,0.07467280856431543,0.0023335252676348573,-0.05276351004424844,-0.043605423892720596,-0.37360792881121113,0.15025906735751296,0,0,paired Student-t less; difference minus locked null 0.01,6.727797050448553e-108,-0.05717061712133652,-0.03919831681563252,,,false,true,,true,-0.05676063748350242,-0.03960829645346661,400,0.05,Independent locked holdout; approximate t inference; ordinary CIs are pointwise,2.04525030333636e-105,true,true
confirmation/L64/k8/a1-b0.05/a0.85-b0.85/coverage,confirmation,64,8,periodic,a1-b0.05,a0.85-b0.85,coverage,two-sided,0,[object Object],1024,[object Object],1024,-0.00017738342285156345,0.017430233990090232,0.0005446948121903197,-0.001246230219909213,0.0008914633742060863,-0.06640625,0.060546875,0,0,paired Student-t two-sided; difference minus locked null 0,0.7447508330019601,-0.0022749434697512325,0.0019201766240481057,,,false,true,,true,-0.002179245435138461,0.0018244785894353343,400,0.05,Independent locked holdout; approximate t inference; ordinary CIs are pointwise,1,false,true
confirmation/L64/k8/a1-b0.05/a0.85-b0.85/abs_order,confirmation,64,8,periodic,a1-b0.05,a0.85-b0.85,abs_order,less,0.01,[object Object],1024,[object Object],1024,-0.04111620064442614,0.06903087780889187,0.002157214931527871,-0.04534927248305211,-0.03688312880580018,-0.3258576119611542,0.1595392670157068,0,0,paired Student-t less; difference minus locked null 0.01,1.350227837385926e-99,-0.04942339900886961,-0.03280900227998267,,,false,true,,true,-0.049044395529188205,-0.03318800575966408,400,0.05,Independent locked holdout; approximate t inference; ordinary CIs are pointwise,4.050683512157778e-97,true,true
confirmation/L64/k8/a1-b0.05/a0.9-b0.9/coverage,confirmation,64,8,periodic,a1-b0.05,a0.9-b0.9,coverage,two-sided,0,[object Object],1024,[object Object],1024,-0.0006618499755859376,0.01788937274227232,0.00055904289819601,-0.0017588518154820188,0.00043515186431014347,-0.060546875,0.05078125,0,0,paired Student-t two-sided; difference minus locked null 0,0.2367283074751082,-0.0028146629297677497,0.0014909629785958747,,,false,true,,true,-0.00271644406403915,0.001392744112867275,400,0.05,Independent locked holdout; approximate t inference; ordinary CIs are pointwise,1,false,true
confirmation/L64/k8/a1-b0.05/a0.9-b0.9/abs_order,confirmation,64,8,periodic,a1-b0.05,a0.9-b0.9,abs_order,less,0.01,[object Object],1024,[object Object],1024,-0.03863064406495608,0.06786585004259439,0.0021208078138310747,-0.042792274740072814,-0.03446901338983935,-0.2955080007711587,0.14176607113941816,0,0,paired Student-t less; difference minus locked null 0.01,1.58108245741447e-94,-0.04679764260778478,-0.03046364552212738,,,false,true,,true,-0.046425035534919674,-0.030836252594992484,400,0.05,Independent locked holdout; approximate t inference; ordinary CIs are pointwise,4.664193249372687e-92,true,true
confirmation/L64/k8/a1-b0.05/a0.95-b0.95/coverage,confirmation,64,8,periodic,a1-b0.05,a0.95-b0.95,coverage,two-sided,0,[object Object],1024,[object Object],1024,-0.00046539306640625,0.017163481303685082,0.0005363587907401588,-0.001517882208447176,0.0005870960756346761,-0.060546875,0.05859375,0,0,paired Student-t two-sided; difference minus locked null 0,0.38576764497910265,-0.0025308520079665004,0.0016000658751540004,,,false,true,,true,-0.002436618538191537,0.0015058324053790371,400,0.05,Independent locked holdout; approximate t inference; ordinary CIs are pointwise,1,false,true
confirmation/L64/k8/a1-b0.05/a0.95-b0.95/abs_order,confirmation,64,8,periodic,a1-b0.05,a0.95-b0.95,abs_order,less,0.01,[object Object],1024,[object Object],1024,-0.037999725893525634,0.07142538344533313,0.00223204323266666,-0.0423796322314189,-0.03361981955563237,-0.3296661453729517,0.17233732325116138,0,0,paired Student-t less; difference minus locked null 0.01,3.112644520474239e-85,-0.04659507984772945,-0.02940437193932182,,,false,true,,true,-0.04620292970097479,-0.029796522086076478,400,0.05,Independent locked holdout; approximate t inference; ordinary CIs are pointwise,9.026669109375294e-83,true,true
confirmation/L64/k8/a1-b0.05/a1-b1/coverage,confirmation,64,8,periodic,a1-b0.05,a1-b1,coverage,two-sided,0,[object Object],1024,[object Object],1024,-0.00028991699218750016,0.01750930501462644,0.0005471657817070763,-0.0013636125371944688,0.0007837785528194683,-0.046875,0.0546875,0,0,paired Student-t two-sided; difference minus locked null 0,0.596329382796102,-0.0023969924719854808,0.0018171584876104806,,,false,true,,true,-0.0023008603100025758,0.0017210263256275755,400,0.05,Independent locked holdout; approximate t inference; ordinary CIs are pointwise,1,false,true
confirmation/L64/k8/a1-b0.05/a1-b1/abs_order,confirmation,64,8,periodic,a1-b0.05,a1-b1,abs_order,less,0.01,[object Object],1024,[object Object],1024,-0.038138916228544796,0.06759529285705004,0.002112352901782814,-0.04228395595133384,-0.03399387650575575,-0.29751602564102564,0.13145646497899877,0,0,paired Student-t less; difference minus locked null 0.01,1.3405776042391813e-93,-0.046273355831366034,-0.030004476625723562,,,false,true,,true,-0.04590223421135954,-0.030375598245730048,400,0.05,Independent locked holdout; approximate t inference; ordinary CIs are pointwise,3.941298156463193e-91,true,true
confirmation/L64/k8/a1-b0.05/proposal-k8-a1-b0.05/coverage,confirmation,64,8,periodic,a1-b0.05,proposal-k8-a1-b0.05,coverage,two-sided,0,[object Object],1024,[object Object],1024,-0.0013942718505859388,0.017511405353670465,0.000547231417302202,-0.0024680961913773596,-0.000320447509794518,-0.056640625,0.0703125,0,0,paired Student-t two-sided; difference minus locked null 0,0.010983738814430336,-0.003501600085869944,0.0007130563846980665,,,false,true,,true,-0.003405456392296663,0.0006169126911247853,400,0.05,Independent locked holdout; approximate t inference; ordinary CIs are pointwise,1,false,true
confirmation/L64/k8/a1-b0.05/proposal-k8-a1-b0.05/abs_order,confirmation,64,8,periodic,a1-b0.05,proposal-k8-a1-b0.05,abs_order,less,0.01,[object Object],1024,[object Object],1024,-0.2432457170977076,0.19809385773845528,0.0061904330543267275,-0.25539311485960337,-0.23109831933581182,-0.8984537554567337,0.12074861399505218,0,0,paired Student-t less; difference minus locked null 0.01,7.779336820820096e-218,-0.2670843965878766,-0.2194070376075386,,,false,true,,true,-0.26599679255082176,-0.2204946416445934,400,0.05,Independent locked holdout; approximate t inference; ordinary CIs are pointwise,2.979486002374097e-215,true,true
confirmation/L64/k8/a0.02-b1/a0-b0/coverage,confirmation,64,8,periodic,a0.02-b1,a0-b0,coverage,two-sided,0,[object Object],1024,[object Object],1024,-0.025430679321289056,0.014379029085883245,0.0004493446589338514,-0.026312421883780353,-0.024548936758797758,-0.087890625,0.021484375,0,0,paired Student-t two-sided; difference minus locked null 0,2.215488e-317,-0.02716105637422504,-0.023700302268353072,,,false,true,,true,-0.027082110513604853,-0.02377924812897326,400,0.05,Independent locked holdout; approximate t inference; ordinary CIs are pointwise,8.618249024e-315,true,true
confirmation/L64/k8/a0.02-b1/a0-b0/abs_order,confirmation,64,8,periodic,a0.02-b1,a0-b0,abs_order,less,0.01,[object Object],1024,[object Object],1024,-0.5568412088993807,0.22987431888560483,0.007183572465175151,-0.5709374298454896,-0.5427449879532719,-1,-0.05089058524173029,0,0,paired Student-t less; difference minus locked null 0.01,0,-0.5845043594558709,-0.5291780583428906,,,false,true,,true,-0.5832422696561694,-0.530440148142592,400,0.05,Independent locked holdout; approximate t inference; ordinary CIs are pointwise,0,true,true
confirmation/L64/k8/a0.02-b1/a0.05-b0.05/coverage,confirmation,64,8,periodic,a0.02-b1,a0.05-b0.05,coverage,two-sided,0,[object Object],1024,[object Object],1024,0.0014724731445312513,0.01707505970501013,0.0005335956157815666,0.00042540614097614084,0.0025195401480863616,-0.052734375,0.0625,0,0,paired Student-t two-sided; difference minus locked null 0,0.005891806808733431,-0.0005823451129871771,0.0035272914020496797,,,false,true,,true,-0.0004885971084799389,0.0034335433975424415,400,0.05,Independent locked holdout; approximate t inference; ordinary CIs are pointwise,1,false,true
confirmation/L64/k8/a0.02-b1/a0.05-b0.05/abs_order,confirmation,64,8,periodic,a0.02-b1,a0.05-b0.05,abs_order,less,0.01,[object Object],1024,[object Object],1024,0.12888690204876788,0.3161125075088963,0.00987851585965301,0.1095024324339112,0.14827137166362456,-0.8269036531776742,0.8583239074550129,0,0,paired Student-t less; difference minus locked null 0.01,1,0.09084581972865038,0.16692798436888537,,,false,true,,true,0.09258138711703515,0.1651924169805006,400,0.05,Independent locked holdout; approximate t inference; ordinary CIs are pointwise,1,false,false
confirmation/L64/k8/a0.02-b1/a0.1-b0.1/coverage,confirmation,64,8,periodic,a0.02-b1,a0.1-b0.1,coverage,two-sided,0,[object Object],1024,[object Object],1024,0.0010604858398437487,0.016982884603104688,0.0005307151438470215,0.00001907114494359408,0.002101900534743903,-0.05859375,0.05078125,0,0,paired Student-t two-sided; difference minus locked null 0,0.045957103131796545,-0.0009832400358291073,0.0031042117155166047,,,false,true,,true,-0.0008899981046251646,0.003010969784312662,400,0.05,Independent locked holdout; approximate t inference; ordinary CIs are pointwise,1,false,true
confirmation/L64/k8/a0.02-b1/a0.1-b0.1/abs_order,confirmation,64,8,periodic,a0.02-b1,a0.1-b0.1,abs_order,less,0.01,[object Object],1024,[object Object],1024,0.20987497893958762,0.28735551912825563,0.008979859972757989,0.1922539288485966,0.22749602903057864,-0.5913073593073593,0.8189599483204134,0,0,paired Student-t less; difference minus locked null 0.01,1,0.1752945219863289,0.24445543589284635,,,false,true,,true,0.17687220352699787,0.24287775435217737,400,0.05,Independent locked holdout; approximate t inference; ordinary CIs are pointwise,1,false,false
confirmation/L64/k8/a0.02-b1/a0.15-b0.15/coverage,confirmation,64,8,periodic,a0.02-b1,a0.15-b0.15,coverage,two-sided,0,[object Object],1024,[object Object],1024,0.0020008087158203095,0.017095837862328937,0.0005342449331977793,0.000952467566036778,0.003049149865603841,-0.0546875,0.056640625,0,0,paired Student-t two-sided; difference minus locked null 0,0.00019037202463737652,-0.00005650999193102489,0.004058127423571644,,,false,true,,true,0.00003735209187195974,0.003964265339768659,400,0.05,Independent locked holdout; approximate t inference; ordinary CIs are pointwise,0.04207221744486021,true,true
confirmation/L64/k8/a0.02-b1/a0.15-b0.15/abs_order,confirmation,64,8,periodic,a0.02-b1,a0.15-b0.15,abs_order,less,0.01,[object Object],1024,[object Object],1024,0.2493102651592923,0.26351986626250584,0.008234995820703308,0.2331508512824691,0.2654696790361155,-0.6832174776564051,0.858967767451058,0,0,paired Student-t less; difference minus locked null 0.01,1,0.217598198450903,0.2810223318676816,,,false,true,,true,0.2190450139840209,0.27957551633456373,400,0.05,Independent locked holdout; approximate t inference; ordinary CIs are pointwise,1,false,false
confirmation/L64/k8/a0.02-b1/a0.2-b0.2/coverage,confirmation,64,8,periodic,a0.02-b1,a0.2-b0.2,coverage,two-sided,0,[object Object],1024,[object Object],1024,0.0013504028320312493,0.017356262138929216,0.000542383191841538,0.0002860920943420983,0.0024147135697204004,-0.0703125,0.0625,0,0,paired Student-t two-sided; difference minus locked null 0,0.012940907008443681,-0.0007382554181582454,0.0034390610822207443,,,false,true,,true,-0.0006429635146838625,0.0033437691787463614,400,0.05,Independent locked holdout; approximate t inference; ordinary CIs are pointwise,1,false,true
confirmation/L64/k8/a0.02-b1/a0.2-b0.2/abs_order,confirmation,64,8,periodic,a0.02-b1,a0.2-b0.2,abs_order,less,0.01,[object Object],1024,[object Object],1024,0.2762351360008844,0.2595358059788537,0.008110493936839177,0.2603200303803868,0.292150241621382,-0.4878797524314766,0.8594619666048238,0,0,paired Student-t less; difference minus locked null 0.01,1,0.24500251240726795,0.30746775959450084,,,false,true,,true,0.24642745406656744,0.30604281793520133,400,0.05,Independent locked holdout; approximate t inference; ordinary CIs are pointwise,1,false,false
confirmation/L64/k8/a0.02-b1/a0.25-b0.25/coverage,confirmation,64,8,periodic,a0.02-b1,a0.25-b0.25,coverage,two-sided,0,[object Object],1024,[object Object],1024,0.0022602081298828134,0.017773758131975112,0.0005554299416242223,0.0011702959427119623,0.0033501203170536644,-0.048828125,0.064453125,0,0,paired Student-t two-sided; difference minus locked null 0,0.00005078573419417454,0.00012130827563615852,0.004399107984129468,,,false,true,,true,0.00021889237702457437,0.004301523882741052,400,0.05,Independent locked holdout; approximate t inference; ordinary CIs are pointwise,0.011477575927883446,true,true
confirmation/L64/k8/a0.02-b1/a0.25-b0.25/abs_order,confirmation,64,8,periodic,a0.02-b1,a0.25-b0.25,abs_order,less,0.01,[object Object],1024,[object Object],1024,0.29130041840131105,0.2588226571294829,0.00808820803529634,0.27542904408493185,0.30717179271769024,-0.4621409921671018,0.8915191381083861,0,0,paired Student-t less; difference minus locked null 0.01,1,0.26015361537297116,0.32244722142965093,,,false,true,,true,0.2615746415975548,0.3210261952050673,400,0.05,Independent locked holdout; approximate t inference; ordinary CIs are pointwise,1,false,false
confirmation/L64/k8/a0.02-b1/a0.3-b0.3/coverage,confirmation,64,8,periodic,a0.02-b1,a0.3-b0.3,coverage,two-sided,0,[object Object],1024,[object Object],1024,0.0017490386962890608,0.017985872809846065,0.0005620585253076895,0.000646119334677512,0.0028519580579006096,-0.052734375,0.06640625,0,0,paired Student-t two-sided; difference minus locked null 0,0.0019107833005786465,-0.00041538710751834376,0.003913464500096465,,,false,true,,true,-0.00031663842292374046,0.003814715815501862,400,0.05,Independent locked holdout; approximate t inference; ordinary CIs are pointwise,0.410818409624409,false,true
confirmation/L64/k8/a0.02-b1/a0.3-b0.3/abs_order,confirmation,64,8,periodic,a0.02-b1,a0.3-b0.3,abs_order,less,0.01,[object Object],1024,[object Object],1024,0.3042020396453107,0.2511296208821115,0.007847800652565984,0.2888024132789203,0.31960166601170104,-0.473741979061128,0.9287531806615776,0,0,paired Student-t less; difference minus locked null 0.01,1,0.27398101910967926,0.3344230601809421,,,false,true,,true,0.27535980789502384,0.3330442713955975,400,0.05,Independent locked holdout; approximate t inference; ordinary CIs are pointwise,1,false,false
confirmation/L64/k8/a0.02-b1/a0.35-b0.35/coverage,confirmation,64,8,periodic,a0.02-b1,a0.35-b0.35,coverage,two-sided,0,[object Object],1024,[object Object],1024,0.002334594726562499,0.01689823008342246,0.0005280696901069519,0.0012983711674939258,0.0033708182856310724,-0.052734375,0.05859375,0,0,paired Student-t two-sided; difference minus locked null 0,0.000010873928148426013,0.00030105620341605663,0.004368133249708942,,,false,true,,true,0.00039383335192349133,0.0042753561012015065,400,0.05,Independent locked holdout; approximate t inference; ordinary CIs are pointwise,0.002511877402286409,true,true
confirmation/L64/k8/a0.02-b1/a0.35-b0.35/abs_order,confirmation,64,8,periodic,a0.02-b1,a0.35-b0.35,abs_order,less,0.01,[object Object],1024,[object Object],1024,0.3160815856457495,0.24732027147500613,0.0077287584835939414,0.30091555401566467,0.33124761727583435,-0.41065915983300016,0.8600016665705184,0,0,paired Student-t less; difference minus locked null 0.01,1,0.28631898346098866,0.34584418783051035,,,false,true,,true,0.287676857595869,0.34448631369563004,400,0.05,Independent locked holdout; approximate t inference; ordinary CIs are pointwise,1,false,false
confirmation/L64/k8/a0.02-b1/a0.4-b0.4/coverage,confirmation,64,8,periodic,a0.02-b1,a0.4-b0.4,coverage,two-sided,0,[object Object],1024,[object Object],1024,0.00220489501953125,0.01739065720689849,0.0005434580377155779,0.0011384751272401333,0.0032713149118223667,-0.04296875,0.056640625,0,0,paired Student-t two-sided; difference minus locked null 0,0.00005345301183192243,0.00011209765563715635,0.004297692383425344,,,false,true,,true,0.0002075783999731652,0.004202211639089334,400,0.05,Independent locked holdout; approximate t inference; ordinary CIs are pointwise,0.012026927662182546,true,true
confirmation/L64/k8/a0.02-b1/a0.4-b0.4/abs_order,confirmation,64,8,periodic,a0.02-b1,a0.4-b0.4,abs_order,less,0.01,[object Object],1024,[object Object],1024,0.3264902688543475,0.2495619439376607,0.007798810748051897,0.3111867746730931,0.34179376303560194,-0.39909956709956707,0.8778693092173726,0,0,paired Student-t less; difference minus locked null 0.01,1,0.2964579030738384,0.3565226346348566,,,false,true,,true,0.29782808476861977,0.35515245294007525,400,0.05,Independent locked holdout; approximate t inference; ordinary CIs are pointwise,1,false,false
confirmation/L64/k8/a0.02-b1/a0.45-b0.45/coverage,confirmation,64,8,periodic,a0.02-b1,a0.45-b0.45,coverage,two-sided,0,[object Object],1024,[object Object],1024,0.002161026000976565,0.01725811271368731,0.0005393160223027284,0.001102733925966441,0.0032193180759866893,-0.048828125,0.0546875,0,0,paired Student-t two-sided; difference minus locked null 0,0.0000659588026670671,0.0000841790846527338,0.004237872917300396,,,false,true,,true,0.00017893211371502538,0.004143119888238105,400,0.05,Independent locked holdout; approximate t inference; ordinary CIs are pointwise,0.01477477179742303,true,true
confirmation/L64/k8/a0.02-b1/a0.45-b0.45/abs_order,confirmation,64,8,periodic,a0.02-b1,a0.45-b0.45,abs_order,less,0.01,[object Object],1024,[object Object],1024,0.3321287355597985,0.24518845823814595,0.007662139319942061,0.31709342975654065,0.34716404136305634,-0.33772066620921964,0.8780940917892093,0,0,paired Student-t less; difference minus locked null 0.01,1,0.30262267647570007,0.3616347946438969,,,false,true,,true,0.30396884621596093,0.36028862490363606,400,0.05,Independent locked holdout; approximate t inference; ordinary CIs are pointwise,1,false,false
confirmation/L64/k8/a0.02-b1/a0.5-b0.5/coverage,confirmation,64,8,periodic,a0.02-b1,a0.5-b0.5,coverage,two-sided,0,[object Object],1024,[object Object],1024,0.002311706542968751,0.017321314401319385,0.0005412910750412308,0.0012495388503718182,0.0033738742355656835,-0.0546875,0.05859375,0,0,paired Student-t two-sided; difference minus locked null 0,0.00002129743145012257,0.0002272539149287692,0.0043961591710087325,,,false,true,,true,0.0003223539431933685,0.004301059142744134,400,0.05,Independent locked holdout; approximate t inference; ordinary CIs are pointwise,0.004877111802078069,true,true
confirmation/L64/k8/a0.02-b1/a0.5-b0.5/abs_order,confirmation,64,8,periodic,a0.02-b1,a0.5-b0.5,abs_order,less,0.01,[object Object],1024,[object Object],1024,0.3358308231306803,0.23843205346456176,0.007451001670767555,0.32120982970016376,0.35045181656119684,-0.26150642826453385,0.8512291831879462,0,0,paired Student-t less; difference minus locked null 0.01,1,0.3071378320020557,0.3645238142593049,,,false,true,,true,0.30844690673497194,0.36321473952638866,400,0.05,Independent locked holdout; approximate t inference; ordinary CIs are pointwise,1,false,false
confirmation/L64/k8/a0.02-b1/a0.55-b0.55/coverage,confirmation,64,8,periodic,a0.02-b1,a0.55-b0.55,coverage,two-sided,0,[object Object],1024,[object Object],1024,0.002510070800781244,0.016733223596929057,0.000522913237404033,0.0014839656747000006,0.0035361759268624873,-0.048828125,0.05078125,0,0,paired Student-t two-sided; difference minus locked null 0,0.0000018213549025677843,0.0004963892120709444,0.004523752389491544,,,false,true,,true,0.0005882604176940349,0.004431881183868453,400,0.05,Independent locked holdout; approximate t inference; ordinary CIs are pointwise,0.0004243756922982937,true,true
confirmation/L64/k8/a0.02-b1/a0.55-b0.55/abs_order,confirmation,64,8,periodic,a0.02-b1,a0.55-b0.55,abs_order,less,0.01,[object Object],1024,[object Object],1024,0.3403250791034129,0.2409401793827446,0.0075293806057107684,0.32555028381597406,0.3550998743908518,-0.3299123100983021,0.9337247993736544,0,0,paired Student-t less; difference minus locked null 0.01,1,0.31133025928324204,0.3693198989235838,,,false,true,,true,0.31265310449801575,0.3679970537088101,400,0.05,Independent locked holdout; approximate t inference; ordinary CIs are pointwise,1,false,false
confirmation/L64/k8/a0.02-b1/a0.6-b0.6/coverage,confirmation,64,8,periodic,a0.02-b1,a0.6-b0.6,coverage,two-sided,0,[object Object],1024,[object Object],1024,0.0021247863769531233,0.017225746913751207,0.0005383045910547252,0.001068479018936218,0.0031810937349700287,-0.06640625,0.0625,0,0,paired Student-t two-sided; difference minus locked null 0,0.00008448194033747444,0.000051834371556507084,0.00419773838234974,,,false,true,,true,0.00014640970114303048,0.004103163052763216,400,0.05,Independent locked holdout; approximate t inference; ordinary CIs are pointwise,0.0188394726952568,true,true
confirmation/L64/k8/a0.02-b1/a0.6-b0.6/abs_order,confirmation,64,8,periodic,a0.02-b1,a0.6-b0.6,abs_order,less,0.01,[object Object],1024,[object Object],1024,0.3455327531581735,0.2408297543137242,0.007525929822303881,0.33076472929339046,0.36030077702295654,-0.4153538367637584,0.9153431809920359,0,0,paired Student-t less; difference minus locked null 0.01,1,0.31655122192684687,0.37451428438950013,,,false,true,,true,0.3178734608696633,0.3731920454466837,400,0.05,Independent locked holdout; approximate t inference; ordinary CIs are pointwise,1,false,false
confirmation/L64/k8/a0.02-b1/a0.65-b0.65/coverage,confirmation,64,8,periodic,a0.02-b1,a0.65-b0.65,coverage,two-sided,0,[object Object],1024,[object Object],1024,0.002208709716796871,0.0169078846533412,0.0005283713954169125,0.0011718941257371908,0.0032455253078565514,-0.048828125,0.05859375,0,0,paired Student-t two-sided; difference minus locked null 0,0.00003161382545249281,0.00017400935955554173,0.0042434100740382005,,,false,true,,true,0.00026683951500291645,0.0041505799185908255,400,0.05,Independent locked holdout; approximate t inference; ordinary CIs are pointwise,0.00720795220316836,true,true
confirmation/L64/k8/a0.02-b1/a0.65-b0.65/abs_order,confirmation,64,8,periodic,a0.02-b1,a0.65-b0.65,abs_order,less,0.01,[object Object],1024,[object Object],1024,0.3457145363010392,0.23968540131137742,0.007490168790980544,0.33101668579376575,0.36041238680831267,-0.31439220297769715,0.8818781806615776,0,0,paired Student-t less; difference minus locked null 0.01,1,0.3168707168834861,0.3745583557185923,,,false,true,,true,0.3181866729311165,0.3732423996709619,400,0.05,Independent locked holdout; approximate t inference; ordinary CIs are pointwise,1,false,false
confirmation/L64/k8/a0.02-b1/a0.7-b0.7/coverage,confirmation,64,8,periodic,a0.02-b1,a0.7-b0.7,coverage,two-sided,0,[object Object],1024,[object Object],1024,0.002319335937500001,0.017371886865897884,0.0005428714645593089,0.001254067069278302,0.0033846048057216997,-0.06640625,0.060546875,0,0,paired Student-t two-sided; difference minus locked null 0,0.000021145860713335418,0.00022879740256781002,0.004409874472432192,,,false,true,,true,0.0003241750912165689,0.004314496783783433,400,0.05,Independent locked holdout; approximate t inference; ordinary CIs are pointwise,0.004863547964067146,true,true
confirmation/L64/k8/a0.02-b1/a0.7-b0.7/abs_order,confirmation,64,8,periodic,a0.02-b1,a0.7-b0.7,abs_order,less,0.01,[object Object],1024,[object Object],1024,0.3489731784727321,0.2426100029896917,0.007581562593427866,0.3340959872211914,0.36385036972427287,-0.3295845515740804,0.8704663212435233,0,0,paired Student-t less; difference minus locked null 0.01,1,0.3197774115347375,0.37816894541072676,,,false,true,,true,0.3211094246607066,0.3768369322847577,400,0.05,Independent locked holdout; approximate t inference; ordinary CIs are pointwise,1,false,false
confirmation/L64/k8/a0.02-b1/a0.75-b0.75/coverage,confirmation,64,8,periodic,a0.02-b1,a0.75-b0.75,coverage,two-sided,0,[object Object],1024,[object Object],1024,0.002006530761718751,0.017341512031569976,0.0005419222509865617,0.0009431245216408278,0.003069937001796674,-0.048828125,0.0546875,0,0,paired Student-t two-sided; difference minus locked null 0,0.00022478259102750317,-0.00008035245573728656,0.004093413979174789,,,false,true,,true,0.000014858464527954269,0.003998203058909548,400,0.05,Independent locked holdout; approximate t inference; ordinary CIs are pointwise,0.049227387435023195,true,true
confirmation/L64/k8/a0.02-b1/a0.75-b0.75/abs_order,confirmation,64,8,periodic,a0.02-b1,a0.75-b0.75,abs_order,less,0.01,[object Object],1024,[object Object],1024,0.35259595720997106,0.23989207185890885,0.007496627245590901,0.3378854333700905,0.3673064810498516,-0.30484102015778036,0.8992406483540702,0,0,paired Student-t less; difference minus locked null 0.01,1,0.323727266991279,0.3814646474286631,,,false,true,,true,0.3250443577319504,0.3801475566879917,400,0.05,Independent locked holdout; approximate t inference; ordinary CIs are pointwise,1,false,false
confirmation/L64/k8/a0.02-b1/a0.8-b0.8/coverage,confirmation,64,8,periodic,a0.02-b1,a0.8-b0.8,coverage,two-sided,0,[object Object],1024,[object Object],1024,0.0018081665039062502,0.01724438279775828,0.0005388869624299462,0.0007507163669144543,0.002865616640898046,-0.05078125,0.05859375,0,0,paired Student-t two-sided; difference minus locked null 0,0.0008217036734471528,-0.0002670281498537853,0.0038833611576662855,,,false,true,,true,-0.0001723505027955766,0.003788683510608077,400,0.05,Independent locked holdout; approximate t inference; ordinary CIs are pointwise,0.177487993464585,false,true
confirmation/L64/k8/a0.02-b1/a0.8-b0.8/abs_order,confirmation,64,8,periodic,a0.02-b1,a0.8-b0.8,abs_order,less,0.01,[object Object],1024,[object Object],1024,0.352094545069821,0.23795315206442708,0.007436036002013346,0.33750291855588926,0.3666861715837528,-0.24535563715490274,0.9168513502421407,0,0,paired Student-t less; difference minus locked null 0.01,1,0.3234591850919829,0.38072990504765913,,,false,true,,true,0.3247656304899865,0.3794234596496555,400,0.05,Independent locked holdout; approximate t inference; ordinary CIs are pointwise,1,false,false
confirmation/L64/k8/a0.02-b1/a0.85-b0.85/coverage,confirmation,64,8,periodic,a0.02-b1,a0.85-b0.85,coverage,two-sided,0,[object Object],1024,[object Object],1024,0.0023918151855468737,0.017008141672926042,0.0005315044272789388,0.0013488516911184419,0.0034347786799753055,-0.048828125,0.048828125,0,0,paired Student-t two-sided; difference minus locked null 0,0.000007571411179146021,0.0003450498658488172,0.00443858050524493,,,false,true,,true,0.00043843046713276873,0.004345199903960978,400,0.05,Independent locked holdout; approximate t inference; ordinary CIs are pointwise,0.0017565673935618768,true,true
confirmation/L64/k8/a0.02-b1/a0.85-b0.85/abs_order,confirmation,64,8,periodic,a0.02-b1,a0.85-b0.85,abs_order,less,0.01,[object Object],1024,[object Object],1024,0.35916281139387984,0.23706760282236589,0.007408362588198934,0.34462548802192267,0.373700134765837,-0.2554412061460405,0.8632497868712703,0,0,paired Student-t less; difference minus locked null 0.01,1,0.33063401870083925,0.38769160408692044,,,false,true,,true,0.3319356021261312,0.3863900206616285,400,0.05,Independent locked holdout; approximate t inference; ordinary CIs are pointwise,1,false,false
confirmation/L64/k8/a0.02-b1/a0.9-b0.9/coverage,confirmation,64,8,periodic,a0.02-b1,a0.9-b0.9,coverage,two-sided,0,[object Object],1024,[object Object],1024,0.0019073486328124998,0.01697973656965731,0.0005306167678017909,0.000866126979811219,0.002948570285813781,-0.046875,0.060546875,0,0,paired Student-t two-sided; difference minus locked null 0,0.0003404000001630856,-0.00013599840748790607,0.003950695673112905,,,false,true,,true,-0.000042773760080267245,0.003857471025705267,400,0.05,Independent locked holdout; approximate t inference; ordinary CIs are pointwise,0.07420720003555266,false,true
confirmation/L64/k8/a0.02-b1/a0.9-b0.9/abs_order,confirmation,64,8,periodic,a0.02-b1,a0.9-b0.9,abs_order,less,0.01,[object Object],1024,[object Object],1024,0.36164836797335,0.23804844195889197,0.007439013811215374,0.34705089814724305,0.3762458377994569,-0.27372627372627373,0.8681694669775909,0,0,paired Student-t less; difference minus locked null 0.01,1,0.3330015407785131,0.39029519516818684,,,false,true,,true,0.33430850935111234,0.3889882265955876,400,0.05,Independent locked holdout; approximate t inference; ordinary CIs are pointwise,1,false,false
confirmation/L64/k8/a0.02-b1/a0.95-b0.95/coverage,confirmation,64,8,periodic,a0.02-b1,a0.95-b0.95,coverage,two-sided,0,[object Object],1024,[object Object],1024,0.0021038055419921897,0.0174110068684115,0.0005440939646378593,0.0010361377794463333,0.003171473304538046,-0.048828125,0.06640625,0,0,paired Student-t two-sided; difference minus locked null 0,0.0001173174817542551,0.000008559293190304063,0.004199051790794075,,,false,true,,true,0.00010415176423135509,0.004103459319753025,400,0.05,Independent locked holdout; approximate t inference; ordinary CIs are pointwise,0.026044480949444632,true,true
confirmation/L64/k8/a0.02-b1/a0.95-b0.95/abs_order,confirmation,64,8,periodic,a0.02-b1,a0.95-b0.95,abs_order,less,0.01,[object Object],1024,[object Object],1024,0.36227928614478033,0.23520377146436625,0.007350117858261445,0.34785625556879973,0.37670231672076093,-0.2107734657526853,0.8806513283670644,0,0,paired Student-t less; difference minus locked null 0.01,1,0.3339747875256415,0.39058378476391914,,,false,true,,true,0.33526613786984505,0.3892924344197156,400,0.05,Independent locked holdout; approximate t inference; ordinary CIs are pointwise,1,false,false
confirmation/L64/k8/a0.02-b1/a1-b1/coverage,confirmation,64,8,periodic,a0.02-b1,a1-b1,coverage,two-sided,0,[object Object],1024,[object Object],1024,0.002279281616210934,0.0174656993695095,0.0005458031052971719,0.0012082600315273537,0.0033503032008945144,-0.064453125,0.060546875,0,0,paired Student-t two-sided; difference minus locked null 0,0.000032193934421987914,0.00017745365397746696,0.004381109578444401,,,false,true,,true,0.0002733464058332284,0.004285216826588639,400,0.05,Independent locked holdout; approximate t inference; ordinary CIs are pointwise,0.007308023113791256,true,true
confirmation/L64/k8/a0.02-b1/a1-b1/abs_order,confirmation,64,8,periodic,a0.02-b1,a1-b1,abs_order,less,0.01,[object Object],1024,[object Object],1024,0.3621400958097611,0.23506569566513888,0.00734580298953559,0.3477255322386319,0.3765546593808903,-0.2030253606703113,0.9491094147582697,0,0,paired Student-t less; difference minus locked null 0.01,1,0.33385221327736375,0.3904279783421584,,,false,true,,true,0.33514280553750364,0.38913738608201853,400,0.05,Independent locked holdout; approximate t inference; ordinary CIs are pointwise,1,false,false
confirmation/L64/k8/a0.02-b1/proposal-k8-a0.02-b1/coverage,confirmation,64,8,periodic,a0.02-b1,proposal-k8-a0.02-b1,coverage,two-sided,0,[object Object],1024,[object Object],1024,0.0019111633300781248,0.01709007174602554,0.0005340647420632981,0.0008631757667665739,0.0029591508933896754,-0.046875,0.0625,0,0,paired Student-t two-sided; difference minus locked null 0,0.0003617404057554522,-0.00014546148135542876,0.003967788141511678,,,false,true,,true,-0.00005163105553235964,0.003873957715688609,400,0.05,Independent locked holdout; approximate t inference; ordinary CIs are pointwise,0.07849766804893313,false,true
confirmation/L64/k8/a0.02-b1/proposal-k8-a0.02-b1/abs_order,confirmation,64,8,periodic,a0.02-b1,proposal-k8-a0.02-b1,abs_order,less,0.01,[object Object],1024,[object Object],1024,0.3666964859387635,0.2364847625553047,0.007390148829853272,0.35219490316288776,0.3811980687146392,-0.18697561873701374,0.9385274041762591,0,0,paired Student-t less; difference minus locked null 0.01,1,0.33823783243367683,0.3951551394438501,,,false,true,,true,0.3395362158635996,0.39385675601392733,400,0.05,Independent locked holdout; approximate t inference; ordinary CIs are pointwise,1,false,false
confirmation/L64/k8/a0.85-b0.5/a0-b0/coverage,confirmation,64,8,periodic,a0.85-b0.5,a0-b0,coverage,two-sided,0,[object Object],1024,[object Object],1024,-0.027952194213867194,0.01516375450168028,0.00047386732817750876,-0.028882057257570693,-0.027022331170163696,-0.087890625,0.01953125,0,0,paired Student-t two-sided; difference minus locked null 0,0,-0.02977700537944323,-0.02612738304829116,,,false,true,,true,-0.02969375110391334,-0.02621063732382105,400,0.05,Independent locked holdout; approximate t inference; ordinary CIs are pointwise,0,true,true
confirmation/L64/k8/a0.85-b0.5/a0-b0/abs_order,confirmation,64,8,periodic,a0.85-b0.5,a0-b0,abs_order,less,0.01,[object Object],1024,[object Object],1024,-0.9263852157055811,0.056393678523317774,0.0017623024538536804,-0.9298433564682477,-0.9229270749429145,-1,-0.6614173228346456,0,0,paired Student-t less; difference minus locked null 0.01,0,-0.9331716493837214,-0.9195987820274407,,,false,true,,true,-0.9328620285144701,-0.9199084028966921,400,0.05,Independent locked holdout; approximate t inference; ordinary CIs are pointwise,0,true,true
confirmation/L64/k8/a0.85-b0.5/a0.05-b0.05/coverage,confirmation,64,8,periodic,a0.85-b0.5,a0.05-b0.05,coverage,two-sided,0,[object Object],1024,[object Object],1024,-0.0010490417480468752,0.018062912810152206,0.0005644660253172564,-0.0021566853123064986,0.00005860181621274792,-0.06640625,0.060546875,0,0,paired Student-t two-sided; difference minus locked null 0,0.06338971855252938,-0.0032227385706338997,0.0011246550745401495,,,false,true,,true,-0.0031235669096971513,0.001025483413603401,400,0.05,Independent locked holdout; approximate t inference; ordinary CIs are pointwise,1,false,true
confirmation/L64/k8/a0.85-b0.5/a0.05-b0.05/abs_order,confirmation,64,8,periodic,a0.85-b0.5,a0.05-b0.05,abs_order,less,0.01,[object Object],1024,[object Object],1024,-0.24065710475743204,0.2319674782054392,0.007248983693919975,-0.2548816812170703,-0.2264325282977938,-0.8994919011082694,0.3036297153921126,0,0,paired Student-t less; difference minus locked null 0.01,1.8040081006313947e-174,-0.2685721467895947,-0.21274206272526938,,,false,true,,true,-0.267298564818695,-0.21401564469616904,400,0.05,Independent locked holdout; approximate t inference; ordinary CIs are pointwise,6.332068433216196e-172,true,true
confirmation/L64/k8/a0.85-b0.5/a0.1-b0.1/coverage,confirmation,64,8,periodic,a0.85-b0.5,a0.1-b0.1,coverage,two-sided,0,[object Object],1024,[object Object],1024,-0.0014610290527343754,0.01712967899514294,0.0005353024685982168,-0.0025114453890264536,-0.0004106127164422973,-0.04296875,0.046875,0,0,paired Student-t two-sided; difference minus locked null 0,0.006454771910435002,-0.003522420213452941,0.0006003621079841903,,,false,true,,true,-0.0034283723300846027,0.0005063142246158519,400,0.05,Independent locked holdout; approximate t inference; ordinary CIs are pointwise,1,false,true
confirmation/L64/k8/a0.85-b0.5/a0.1-b0.1/abs_order,confirmation,64,8,periodic,a0.85-b0.5,a0.1-b0.1,abs_order,less,0.01,[object Object],1024,[object Object],1024,-0.15966902786661222,0.18001336773142473,0.005625417741607023,-0.17070770420547748,-0.14863035152774695,-0.7454358974358973,0.31796412046432343,0,0,paired Student-t less; difference minus locked null 0.01,8.668121891372485e-144,-0.18133189528858537,-0.13800616044463906,,,false,true,,true,-0.18034355941737917,-0.13899449631584526,400,0.05,Independent locked holdout; approximate t inference; ordinary CIs are pointwise,2.8691483460442925e-141,true,true
confirmation/L64/k8/a0.85-b0.5/a0.15-b0.15/coverage,confirmation,64,8,periodic,a0.85-b0.5,a0.15-b0.15,coverage,two-sided,0,[object Object],1024,[object Object],1024,-0.0005207061767578127,0.01698948232180021,0.0005309213225562566,-0.0015625254531741767,0.0005211130996585513,-0.05859375,0.05078125,0,0,paired Student-t two-sided; difference minus locked null 0,0.3269431928903497,-0.00256522602405172,0.0015238136705360945,,,false,true,,true,-0.002471947869082081,0.0014305355155664553,400,0.05,Independent locked holdout; approximate t inference; ordinary CIs are pointwise,1,false,true
confirmation/L64/k8/a0.85-b0.5/a0.15-b0.15/abs_order,confirmation,64,8,periodic,a0.85-b0.5,a0.15-b0.15,abs_order,less,0.01,[object Object],1024,[object Object],1024,-0.12023374164690727,0.15371575550814273,0.00480361735962946,-0.12965981091399717,-0.11080767237981738,-0.6629323899371069,0.2860922146636432,0,0,paired Student-t less; difference minus locked null 0.01,1.0092005983880856e-122,-0.13873194583144036,-0.10173553746237418,,,false,true,,true,-0.1378879929792004,-0.10257949031461415,400,0.05,Independent locked holdout; approximate t inference; ordinary CIs are pointwise,3.148705866970827e-120,true,true
confirmation/L64/k8/a0.85-b0.5/a0.2-b0.2/coverage,confirmation,64,8,periodic,a0.85-b0.5,a0.2-b0.2,coverage,two-sided,0,[object Object],1024,[object Object],1024,-0.0011711120605468757,0.01796762102231419,0.0005614881569473184,-0.0022729121965269663,-0.00006931192456678496,-0.06640625,0.052734375,0,0,paired Student-t two-sided; difference minus locked null 0,0.037250524361777504,-0.0033333414382860395,0.0009911173171922884,,,false,true,,true,-0.0032346929623401537,0.0008924688412464022,400,0.05,Independent locked holdout; approximate t inference; ordinary CIs are pointwise,1,false,true
confirmation/L64/k8/a0.85-b0.5/a0.2-b0.2/abs_order,confirmation,64,8,periodic,a0.85-b0.5,a0.2-b0.2,abs_order,less,0.01,[object Object],1024,[object Object],1024,-0.0933088708053153,0.13351288084381716,0.004172277526369286,-0.10149607099648812,-0.08512167061414248,-0.6097197087955353,0.21705426356589147,0,0,paired Student-t less; difference minus locked null 0.01,9.918030216546508e-107,-0.10937585445933207,-0.07724188715129854,,,false,true,,true,-0.1086428224013857,-0.0779749192092449,400,0.05,Independent locked holdout; approximate t inference; ordinary CIs are pointwise,2.9952451253970455e-104,true,true
confirmation/L64/k8/a0.85-b0.5/a0.25-b0.25/coverage,confirmation,64,8,periodic,a0.85-b0.5,a0.25-b0.25,coverage,two-sided,0,[object Object],1024,[object Object],1024,-0.00026130676269531266,0.018069113352474513,0.0005646597922648285,-0.0013693305530497197,0.0008467170276590943,-0.0625,0.052734375,0,0,paired Student-t two-sided; difference minus locked null 0,0.643628733550655,-0.002435749760569013,0.0019131362351783876,,,false,true,,true,-0.0023365440565027164,0.0018139305311120912,400,0.05,Independent locked holdout; approximate t inference; ordinary CIs are pointwise,1,false,true
confirmation/L64/k8/a0.85-b0.5/a0.25-b0.25/abs_order,confirmation,64,8,periodic,a0.85-b0.5,a0.25-b0.25,abs_order,less,0.01,[object Object],1024,[object Object],1024,-0.07824358840488961,0.12734459790926217,0.003979518684664443,-0.0860525406929251,-0.07043463611685412,-0.5220012055455094,0.28723311429856296,0,0,paired Student-t less; difference minus locked null 0.01,1.4216261695377095e-89,-0.09356827887748083,-0.06291889793229839,,,false,true,,true,-0.09286911283384662,-0.0636180639759326,400,0.05,Independent locked holdout; approximate t inference; ordinary CIs are pointwise,4.151148415050112e-87,true,true
confirmation/L64/k8/a0.85-b0.5/a0.3-b0.3/coverage,confirmation,64,8,periodic,a0.85-b0.5,a0.3-b0.3,coverage,two-sided,0,[object Object],1024,[object Object],1024,-0.0007724761962890629,0.017938228480549673,0.0005605696400171773,-0.001872473939705735,0.00032752154712760917,-0.05078125,0.06640625,0,0,paired Student-t two-sided; difference minus locked null 0,0.16849843336969794,-0.0029311684659597335,0.0013862160733816077,,,false,true,,true,-0.0028326813652702404,0.0012877289726921145,400,0.05,Independent locked holdout; approximate t inference; ordinary CIs are pointwise,1,false,true
confirmation/L64/k8/a0.85-b0.5/a0.3-b0.3/abs_order,confirmation,64,8,periodic,a0.85-b0.5,a0.3-b0.3,abs_order,less,0.01,[object Object],1024,[object Object],1024,-0.06534196716088937,0.11980951395723918,0.0037440473111637245,-0.07268885735886577,-0.05799507696291298,-0.5176345144356955,0.21750663129973474,0,0,paired Student-t less; difference minus locked null 0.01,1.9302808398994068e-76,-0.0797598831715437,-0.050924051150235045,,,false,true,,true,-0.07910208735422203,-0.05158184696755671,400,0.05,Independent locked holdout; approximate t inference; ordinary CIs are pointwise,5.578511627309286e-74,true,true
confirmation/L64/k8/a0.85-b0.5/a0.35-b0.35/coverage,confirmation,64,8,periodic,a0.85-b0.5,a0.35-b0.35,coverage,two-sided,0,[object Object],1024,[object Object],1024,-0.00018692016601562467,0.01714595707163128,0.0005358111584884775,-0.0012383346971642215,0.0008644943651329721,-0.05859375,0.05078125,0,0,paired Student-t two-sided; difference minus locked null 0,0.7272702863585918,-0.0022502702357713113,0.0018764299037400622,,,false,true,,true,-0.0021561329801129568,0.0017822926480817076,400,0.05,Independent locked holdout; approximate t inference; ordinary CIs are pointwise,1,false,true
confirmation/L64/k8/a0.85-b0.5/a0.35-b0.35/abs_order,confirmation,64,8,periodic,a0.85-b0.5,a0.35-b0.35,abs_order,less,0.01,[object Object],1024,[object Object],1024,-0.053462421160450926,0.11396237736426669,0.003561324292633334,-0.06045075660678655,-0.0464740857141153,-0.5336298611528522,0.25908067717143735,0,0,paired Student-t less; difference minus locked null 0.01,2.2573557463646223e-62,-0.06717669084523509,-0.03974815147566676,,,false,true,,true,-0.06655099783734089,-0.04037384448356096,400,0.05,Independent locked holdout; approximate t inference; ordinary CIs are pointwise,6.365743204748235e-60,true,true
confirmation/L64/k8/a0.85-b0.5/a0.4-b0.4/coverage,confirmation,64,8,periodic,a0.85-b0.5,a0.4-b0.4,coverage,two-sided,0,[object Object],1024,[object Object],1024,-0.00031661987304687435,0.01730145479293178,0.0005406704622791181,-0.0013775697461453436,0.0007443300000515949,-0.0546875,0.05078125,0,0,paired Student-t two-sided; difference minus locked null 0,0.5582694669866692,-0.0023986825893321084,0.0017654428432383599,,,false,true,,true,-0.0023036915972107965,0.001670451851117048,400,0.05,Independent locked holdout; approximate t inference; ordinary CIs are pointwise,1,false,true
confirmation/L64/k8/a0.85-b0.5/a0.4-b0.4/abs_order,confirmation,64,8,periodic,a0.85-b0.5,a0.4-b0.4,abs_order,less,0.01,[object Object],1024,[object Object],1024,-0.043053737951852994,0.10387606906894041,0.003246127158404388,-0.04942356659433707,-0.03668390930936892,-0.457979574258644,0.2450053640467178,0,0,paired Student-t less; difference minus locked null 0.01,7.959573602534171e-54,-0.05555421800460941,-0.030553257899096575,,,false,true,,true,-0.054983902330198516,-0.031123573573507472,400,0.05,Independent locked holdout; approximate t inference; ordinary CIs are pointwise,2.228680608709568e-51,true,true
confirmation/L64/k8/a0.85-b0.5/a0.45-b0.45/coverage,confirmation,64,8,periodic,a0.85-b0.5,a0.45-b0.45,coverage,two-sided,0,[object Object],1024,[object Object],1024,-0.00036048889160156245,0.017796028038808035,0.0005561258762127511,-0.001451766701207699,0.0007307889180045741,-0.052734375,0.0625,0,0,paired Student-t two-sided; difference minus locked null 0,0.5169916463716338,-0.0025020687137044997,0.0017810909305013747,,,false,true,,true,-0.0024043623427977205,0.0016833845595945955,400,0.05,Independent locked holdout; approximate t inference; ordinary CIs are pointwise,1,false,true
confirmation/L64/k8/a0.85-b0.5/a0.45-b0.45/abs_order,confirmation,64,8,periodic,a0.85-b0.5,a0.45-b0.45,abs_order,less,0.01,[object Object],1024,[object Object],1024,-0.03741527124640148,0.09933935906759643,0.0031043549708623885,-0.04350690236400592,-0.03132364012879704,-0.3915378006872852,0.29553706304826016,0,0,paired Student-t less; difference minus locked null 0.01,6.71049030900394e-48,-0.04936980213699522,-0.025460740355807747,,,false,true,,true,-0.048824394575176705,-0.02600614791762626,400,0.05,Independent locked holdout; approximate t inference; ordinary CIs are pointwise,1.8319638543580758e-45,true,true
confirmation/L64/k8/a0.85-b0.5/a0.5-b0.5/coverage,confirmation,64,8,periodic,a0.85-b0.5,a0.5-b0.5,coverage,two-sided,0,[object Object],1024,[object Object],1024,-0.00020980834960937522,0.017851058326282917,0.0005578455726963412,-0.001304460694895419,0.0008848439956766685,-0.060546875,0.056640625,0,0,paired Student-t two-sided; difference minus locked null 0,0.7069170321410523,-0.0023580105344667276,0.001938393835247977,,,false,true,,true,-0.0022600020281807838,0.0018403853289620335,400,0.05,Independent locked holdout; approximate t inference; ordinary CIs are pointwise,1,false,true
confirmation/L64/k8/a0.85-b0.5/a0.5-b0.5/abs_order,confirmation,64,8,periodic,a0.85-b0.5,a0.5-b0.5,abs_order,less,0.01,[object Object],1024,[object Object],1024,-0.033713183675520175,0.0959883465516112,0.00299963582973785,-0.039599325928394095,-0.02782704142264625,-0.3298429319371728,0.270874343832021,0,0,paired Student-t less; difference minus locked null 0.01,3.748598172156393e-44,-0.0452644526263036,-0.022161914724736748,,,false,true,,true,-0.044737443286329094,-0.022688924064711256,400,0.05,Independent locked holdout; approximate t inference; ordinary CIs are pointwise,1.0158701046543825e-41,true,true
confirmation/L64/k8/a0.85-b0.5/a0.55-b0.55/coverage,confirmation,64,8,periodic,a0.85-b0.5,a0.55-b0.55,coverage,two-sided,0,[object Object],1024,[object Object],1024,-0.000011444091796874641,0.017156973737746387,0.0005361554293045746,-0.0010635341806171628,0.0010406459970234137,-0.05078125,0.064453125,0,0,paired Student-t two-sided; difference minus locked null 0,0.9829748265525569,-0.002076119910748253,0.0020532317271545037,,,false,true,,true,-0.0019819221697690587,0.0019590339861753096,400,0.05,Independent locked holdout; approximate t inference; ordinary CIs are pointwise,1,false,true
confirmation/L64/k8/a0.85-b0.5/a0.55-b0.55/abs_order,confirmation,64,8,periodic,a0.85-b0.5,a0.55-b0.55,abs_order,less,0.01,[object Object],1024,[object Object],1024,-0.02921892770278681,0.09777088737136817,0.0030553402303552554,-0.03521437789994335,-0.02322347750563027,-0.39619063046280734,0.3106771288981009,0,0,paired Student-t less; difference minus locked null 0.01,2.230533350914573e-35,-0.04098470819756992,-0.0174531472080037,,,false,true,,true,-0.04044791208977779,-0.01798994331579583,400,0.05,Independent locked holdout; approximate t inference; ordinary CIs are pointwise,5.754776045359599e-33,true,true
confirmation/L64/k8/a0.85-b0.5/a0.6-b0.6/coverage,confirmation,64,8,periodic,a0.85-b0.5,a0.6-b0.6,coverage,two-sided,0,[object Object],1024,[object Object],1024,-0.0003967285156249993,0.018044856700124966,0.0005639017718789052,-0.0015032648534767093,0.0007098078222267106,-0.060546875,0.052734375,0,0,paired Student-t two-sided; difference minus locked null 0,0.4818782039175581,-0.0025682524600385524,0.001774795428788554,,,false,true,,true,-0.0024691799334131013,0.0016757229021631028,400,0.05,Independent locked holdout; approximate t inference; ordinary CIs are pointwise,1,false,true
confirmation/L64/k8/a0.85-b0.5/a0.6-b0.6/abs_order,confirmation,64,8,periodic,a0.85-b0.5,a0.6-b0.6,abs_order,less,0.01,[object Object],1024,[object Object],1024,-0.02401125364802654,0.09171605096834996,0.0028661265927609363,-0.029635412645090557,-0.01838709465096252,-0.45186624399222824,0.291005291005291,0,0,paired Student-t less; difference minus locked null 0.01,7.995648052996116e-31,-0.03504839315401367,-0.012974114142039408,,,false,true,,true,-0.03454484019969843,-0.013477667096354649,400,0.05,Independent locked holdout; approximate t inference; ordinary CIs are pointwise,1.998912013249029e-28,true,true
confirmation/L64/k8/a0.85-b0.5/a0.65-b0.65/coverage,confirmation,64,8,periodic,a0.85-b0.5,a0.65-b0.65,coverage,two-sided,0,[object Object],1024,[object Object],1024,-0.00031280517578124935,0.017422014891570213,0.0005444379653615692,-0.0013811479660003898,0.0007555376144378911,-0.05859375,0.05078125,0,0,paired Student-t two-sided; difference minus locked null 0,0.5657240525626472,-0.002409376133682634,0.001783765782120135,,,false,true,,true,-0.002313723224773573,0.0016881128732110747,400,0.05,Independent locked holdout; approximate t inference; ordinary CIs are pointwise,1,false,true
confirmation/L64/k8/a0.85-b0.5/a0.65-b0.65/abs_order,confirmation,64,8,periodic,a0.85-b0.5,a0.65-b0.65,abs_order,less,0.01,[object Object],1024,[object Object],1024,-0.02382947050516128,0.09215559619035263,0.0028798623809485197,-0.029480583041860315,-0.018178357968462244,-0.350904610206167,0.33345447203714923,0,0,paired Student-t less; difference minus locked null 0.01,2.7985406640999606e-30,-0.034919505026614214,-0.012739435983708344,,,false,true,,true,-0.034413538816464716,-0.013245402193857843,400,0.05,Independent locked holdout; approximate t inference; ordinary CIs are pointwise,6.968366253608902e-28,true,true
confirmation/L64/k8/a0.85-b0.5/a0.7-b0.7/coverage,confirmation,64,8,periodic,a0.85-b0.5,a0.7-b0.7,coverage,two-sided,0,[object Object],1024,[object Object],1024,-0.00020217895507812522,0.018142469125515013,0.0005669521601723442,-0.0013147010260123914,0.000910343115856141,-0.06640625,0.0546875,0,0,paired Student-t two-sided; difference minus locked null 0,0.7214597772479215,-0.0023854496106199136,0.0019810917004636636,,,false,true,,true,-0.00228584115789795,0.0018814832477416995,400,0.05,Independent locked holdout; approximate t inference; ordinary CIs are pointwise,1,false,true
confirmation/L64/k8/a0.85-b0.5/a0.7-b0.7/abs_order,confirmation,64,8,periodic,a0.85-b0.5,a0.7-b0.7,abs_order,less,0.01,[object Object],1024,[object Object],1024,-0.020570828333468166,0.09200547831986162,0.0028751711974956758,-0.026212735428338556,-0.014928921238597775,-0.34393292200601167,0.28374719684953237,0,0,paired Student-t less; difference minus locked null 0.01,2.0320106218111005e-25,-0.031642797621393735,-0.009498859045542594,,,false,true,,true,-0.031137655610458913,-0.010004001056477418,400,0.05,Independent locked holdout; approximate t inference; ordinary CIs are pointwise,4.958105917219085e-23,true,true
confirmation/L64/k8/a0.85-b0.5/a0.75-b0.75/coverage,confirmation,64,8,periodic,a0.85-b0.5,a0.75-b0.75,coverage,two-sided,0,[object Object],1024,[object Object],1024,-0.0005149841308593745,0.01745762337602959,0.0005455507305009247,-0.0015855104841095173,0.0005555422223907685,-0.0625,0.05078125,0,0,paired Student-t two-sided; difference minus locked null 0,0.34540729187582475,-0.002615840225401788,0.0015858719636830387,,,false,true,,true,-0.0025199918135533957,0.0014900235518346466,400,0.05,Independent locked holdout; approximate t inference; ordinary CIs are pointwise,1,false,true
confirmation/L64/k8/a0.85-b0.5/a0.75-b0.75/abs_order,confirmation,64,8,periodic,a0.85-b0.5,a0.75-b0.75,abs_order,less,0.01,[object Object],1024,[object Object],1024,-0.016948049596229052,0.08844252797232309,0.0027638289991350966,-0.022371471496396542,-0.011524627696061562,-0.37253487253487255,0.2749059219647455,0,0,paired Student-t less; difference minus locked null 0.01,7.7022810532109e-22,-0.027591252276527145,-0.006304846915930957,,,false,true,,true,-0.027105672099694847,-0.006790427092763257,400,0.05,Independent locked holdout; approximate t inference; ordinary CIs are pointwise,1.8562497338238269e-19,true,true
confirmation/L64/k8/a0.85-b0.5/a0.8-b0.8/coverage,confirmation,64,8,periodic,a0.85-b0.5,a0.8-b0.8,coverage,two-sided,0,[object Object],1024,[object Object],1024,-0.0007133483886718747,0.017839692976683925,0.0005574904055213727,-0.0018073037945179069,0.0003806070171741574,-0.0546875,0.05859375,0,0,paired Student-t two-sided; difference minus locked null 0,0.20098628168332977,-0.002860182863649288,0.001433486086305539,,,false,true,,true,-0.002762236757077538,0.001335539979733789,400,0.05,Independent locked holdout; approximate t inference; ordinary CIs are pointwise,1,false,true
confirmation/L64/k8/a0.85-b0.5/a0.8-b0.8/abs_order,confirmation,64,8,periodic,a0.85-b0.5,a0.8-b0.8,abs_order,less,0.01,[object Object],1024,[object Object],1024,-0.017449461736378735,0.08506362470429693,0.002658238272009279,-0.022665684471139112,-0.012233239001618358,-0.28883726348827804,0.23425697741980728,0,0,paired Student-t less; difference minus locked null 0.01,3.792364870683235e-24,-0.027686046094663488,-0.007212877378093983,,,false,true,,true,-0.027219017269584735,-0.007679906203172736,400,0.05,Independent locked holdout; approximate t inference; ordinary CIs are pointwise,9.215446635760261e-22,true,true
confirmation/L64/k8/a0.85-b0.5/a0.85-b0.85/coverage,confirmation,64,8,periodic,a0.85-b0.5,a0.85-b0.85,coverage,two-sided,0,[object Object],1024,[object Object],1024,-0.00012969970703125054,0.017751694247343915,0.0005547404452294973,-0.001218258905341934,0.0009588594912794331,-0.05859375,0.0546875,0,0,paired Student-t two-sided; difference minus locked null 0,0.815185080985171,-0.0022659443862006164,0.0020065449721381155,,,false,true,,true,-0.0021684814231971656,0.0019090820091346647,400,0.05,Independent locked holdout; approximate t inference; ordinary CIs are pointwise,1,false,true
confirmation/L64/k8/a0.85-b0.5/a0.85-b0.85/abs_order,confirmation,64,8,periodic,a0.85-b0.5,a0.85-b0.85,abs_order,less,0.01,[object Object],1024,[object Object],1024,-0.01038119541232028,0.08116347141427775,0.0025363584816961797,-0.015358255187223613,-0.005404135637416947,-0.26915322580645157,0.2935715006559693,0,0,paired Student-t less; difference minus locked null 0.01,1.276153986038278e-15,-0.02014843405082986,-0.0006139567738106966,,,false,true,,true,-0.01970281842105047,-0.0010595724035900884,400,0.05,Independent locked holdout; approximate t inference; ordinary CIs are pointwise,3.0244849469107186e-13,true,true
confirmation/L64/k8/a0.85-b0.5/a0.9-b0.9/coverage,confirmation,64,8,periodic,a0.85-b0.5,a0.9-b0.9,coverage,two-sided,0,[object Object],1024,[object Object],1024,-0.0006141662597656243,0.01740927636900321,0.0005440398865313504,-0.0016817279056207403,0.00045339538608949164,-0.05078125,0.05078125,0,0,paired Student-t two-sided; difference minus locked null 0,0.259204961610933,-0.002709204259703951,0.001480871740172702,,,false,true,,true,-0.002613621289705305,0.0013852887701740564,400,0.05,Independent locked holdout; approximate t inference; ordinary CIs are pointwise,1,false,true
confirmation/L64/k8/a0.85-b0.5/a0.9-b0.9/abs_order,confirmation,64,8,periodic,a0.85-b0.5,a0.9-b0.9,abs_order,less,0.01,[object Object],1024,[object Object],1024,-0.007895638832850289,0.08259324275987602,0.0025810388362461256,-0.01296037422496773,-0.002830903440732847,-0.2764447987245915,0.265164955646367,0,0,paired Student-t less; difference minus locked null 0.01,3.6313584522955764e-12,-0.01783493662170943,0.0020436589560088522,,,false,true,,true,-0.017381471050971285,0.0015901933852707096,400,0.05,Independent locked holdout; approximate t inference; ordinary CIs are pointwise,8.57000594741756e-10,true,true
confirmation/L64/k8/a0.85-b0.5/a0.95-b0.95/coverage,confirmation,64,8,periodic,a0.85-b0.5,a0.95-b0.95,coverage,two-sided,0,[object Object],1024,[object Object],1024,-0.0004177093505859375,0.017581430076612267,0.0005494196898941333,-0.0014958277072163737,0.0006604090060444987,-0.05859375,0.056640625,0,0,paired Student-t two-sided; difference minus locked null 0,0.4472661685290581,-0.002533464383882032,0.001698045682710157,,,false,true,,true,-0.0024369362302743276,0.0016015175291024526,400,0.05,Independent locked holdout; approximate t inference; ordinary CIs are pointwise,1,false,true
confirmation/L64/k8/a0.85-b0.5/a0.95-b0.95/abs_order,confirmation,64,8,periodic,a0.85-b0.5,a0.95-b0.95,abs_order,less,0.01,[object Object],1024,[object Object],1024,-0.007264720661419839,0.08420093792973807,0.0026312793103043146,-0.012428042213305937,-0.00210139910953374,-0.3195360598065084,0.3279443792930139,0,0,paired Student-t less; difference minus locked null 0.01,4.2279280705797286e-11,-0.01739748901170767,0.0028680476888679933,,,false,true,,true,-0.016935196636458486,0.002405755313618808,400,0.05,Independent locked holdout; approximate t inference; ordinary CIs are pointwise,9.893351685156564e-9,true,true
confirmation/L64/k8/a0.85-b0.5/a1-b1/coverage,confirmation,64,8,periodic,a0.85-b0.5,a1-b1,coverage,two-sided,0,[object Object],1024,[object Object],1024,-0.00024223327636718747,0.018391333513605633,0.000574729172300176,-0.0013700160663637222,0.0008855495136293472,-0.05859375,0.052734375,0,0,paired Student-t two-sided; difference minus locked null 0,0.6734976965863869,-0.002455452353591198,0.001970985800856823,,,false,true,,true,-0.0023544775489981735,0.0018700109962637985,400,0.05,Independent locked holdout; approximate t inference; ordinary CIs are pointwise,1,false,true
confirmation/L64/k8/a0.85-b0.5/a1-b1/abs_order,confirmation,64,8,periodic,a0.85-b0.5,a1-b1,abs_order,less,0.01,[object Object],1024,[object Object],1024,-0.0074039109964389675,0.08270304336648548,0.0025844701052026714,-0.012475379518286981,-0.002332442474590953,-0.2654974668094072,0.24922743179911178,0,0,paired Student-t less; difference minus locked null 0.01,1.3735527303091724e-11,-0.017356422226132026,0.0025486002332540895,,,false,true,,true,-0.016902353811951973,0.0020945318190740397,400,0.05,Independent locked holdout; approximate t inference; ordinary CIs are pointwise,3.227848916226555e-9,true,true
confirmation/L64/k8/a0.85-b0.5/proposal-k8-a0.85-b0.5/coverage,confirmation,64,8,periodic,a0.85-b0.5,proposal-k8-a0.85-b0.5,coverage,two-sided,0,[object Object],1024,[object Object],1024,0.00015830993652343734,0.017763536464771593,0.0005551105145241123,-0.0009309754434423424,0.001247595316489217,-0.056640625,0.048828125,0,0,paired Student-t two-sided; difference minus locked null 0,0.7755591107076637,-0.001979359838956002,0.002295979712002877,,,false,true,,true,-0.0018818318580684581,0.002198451731115333,400,0.05,Independent locked holdout; approximate t inference; ordinary CIs are pointwise,1,false,true
confirmation/L64/k8/a0.85-b0.5/proposal-k8-a0.85-b0.5/abs_order,confirmation,64,8,periodic,a0.85-b0.5,proposal-k8-a0.85-b0.5,abs_order,less,0.01,[object Object],1024,[object Object],1024,-0.03448459856671853,0.09840336974707847,0.0030751053045962023,-0.04051883348482935,-0.028450363648607715,-0.39287379287379287,0.30164678523146754,0,0,paired Student-t less; difference minus locked null 0.01,1.363997747699234e-43,-0.046326492197011605,-0.022642704936425458,,,false,true,,true,-0.045786223541443176,-0.023182973591993887,400,0.05,Independent locked holdout; approximate t inference; ordinary CIs are pointwise,3.682793918787932e-41,true,true
confirmation_stability/L256/k4/a1-b0.001/a0.5-b0.5/coverage,confirmation_stability,256,4,periodic,a1-b0.001,a0.5-b0.5,coverage,two-sided,0,[object Object],128,[object Object],128,0.00003051757812499995,0.0024384367898856595,0.0002155293987028633,-0.0003959762063309829,0.00045701136258098277,-0.00518798828125,0.006591796875,0,0,paired Student-t two-sided; difference minus locked null 0,0.8876254041403359,-0.000822574644926669,0.000883609801176669,,,false,true,,true,-0.0007817810260675257,0.0008428161823175257,400,0.05,Independent locked holdout; approximate t inference; ordinary CIs are pointwise,1,false,true
confirmation_stability/L256/k4/a1-b0.001/a0.5-b0.5/abs_order,confirmation_stability,256,4,periodic,a1-b0.001,a0.5-b0.5,abs_order,less,0.01,[object Object],128,[object Object],128,-0.007554384278569065,0.007802018827515546,0.0006896075524851699,-0.008918993174705334,-0.006189775382432797,-0.03657997551757235,0.004609002727846792,0,0,paired Student-t less; difference minus locked null 0.01,5.100977125633937e-52,-0.01028393692207569,-0.004824831635062439,,,false,true,,true,-0.010153413718151897,-0.004955354838986233,400,0.05,Independent locked holdout; approximate t inference; ordinary CIs are pointwise,1.4180716409262347e-49,true,true
confirmation_stability/L256/k4/a1-b0.001/a1-b1/coverage,confirmation_stability,256,4,periodic,a1-b0.001,a1-b1,coverage,two-sided,0,[object Object],128,[object Object],128,-0.00032472610473632823,0.0025834115052340784,0.00022834347424329534,-0.0007765766321908758,0.00012712442271821937,-0.00628662109375,0.00579833984375,0,0,paired Student-t two-sided; difference minus locked null 0,0.15745000503833118,-0.0012285380358878185,0.000579085826415162,,,false,true,,true,-0.0011853190749789378,0.0005358668655062813,400,0.05,Independent locked holdout; approximate t inference; ordinary CIs are pointwise,1,false,true
confirmation_stability/L256/k4/a1-b0.001/a1-b1/abs_order,confirmation_stability,256,4,periodic,a1-b0.001,a1-b1,abs_order,less,0.01,[object Object],128,[object Object],128,-0.006277630799309216,0.007208588276148531,0.0006371552066058089,-0.007538445968778415,-0.005016815629840018,-0.033740043825092485,0.007788175634160633,0,0,paired Student-t less; difference minus locked null 0.01,3.478568671414636e-52,-0.0087995705203106,-0.0037556910783078327,,,false,true,,true,-0.008678975061831039,-0.0038762865367873945,400,0.05,Independent locked holdout; approximate t inference; ordinary CIs are pointwise,9.705206593246834e-50,true,true
confirmation_stability/L256/k4/a1-b0.001/proposal-k4-a1-b0.001/coverage,confirmation_stability,256,4,periodic,a1-b0.001,proposal-k4-a1-b0.001,coverage,two-sided,0,[object Object],128,[object Object],128,0.000057220458984375115,0.0023617927290623263,0.00020875495680963165,-0.00035586792751657163,0.00047030884548532185,-0.00537109375,0.0052490234375,0,0,paired Student-t two-sided; difference minus locked null 0,0.7844504332917339,-0.0007690576787062579,0.0008834985966750082,,,false,true,,true,-0.0007295462700803316,0.0008439871880490818,400,0.05,Independent locked holdout; approximate t inference; ordinary CIs are pointwise,1,false,true
confirmation_stability/L256/k4/a1-b0.001/proposal-k4-a1-b0.001/abs_order,confirmation_stability,256,4,periodic,a1-b0.001,proposal-k4-a1-b0.001,abs_order,less,0.01,[object Object],128,[object Object],128,-0.05852178623764228,0.042652910191555336,0.0037700202542236974,-0.0659819759629255,-0.05106159651235906,-0.18532442871692673,0.003078884271640136,0,0,paired Student-t less; difference minus locked null 0.01,1.9206555077336477e-37,-0.07344399628871494,-0.04359957618656962,,,false,true,,true,-0.07273043809077241,-0.044313134384512155,400,0.05,Independent locked holdout; approximate t inference; ordinary CIs are pointwise,5.01291087518482e-35,true,true
confirmation_stability/L256/k4/a1-b0.05/a0.5-b0.5/coverage,confirmation_stability,256,4,periodic,a1-b0.05,a0.5-b0.5,coverage,two-sided,0,[object Object],128,[object Object],128,0.000102996826171875,0.0026375252866011503,0.00023312650196333318,-0.00035831844997010864,0.0005643121023138586,-0.0072021484375,0.00701904296875,0,0,paired Student-t two-sided; difference minus locked null 0,0.6593805356001756,-0.0008197469248388177,0.0010257405771825676,,,false,true,,true,-0.0007756226720719435,0.0009816163244156934,400,0.05,Independent locked holdout; approximate t inference; ordinary CIs are pointwise,1,false,true
confirmation_stability/L256/k4/a1-b0.05/a0.5-b0.5/abs_order,confirmation_stability,256,4,periodic,a1-b0.05,a0.5-b0.5,abs_order,less,0.01,[object Object],128,[object Object],128,-0.00577009855222664,0.008631628915297233,0.0007629354173365696,-0.007279810059768907,-0.0042603870446843725,-0.035599122994384495,0.013961065004879945,0,0,paired Student-t less; difference minus locked null 0.01,9.318482004218267e-43,-0.008789892024196552,-0.0027503050802567277,,,false,true,,true,-0.00864548992955759,-0.0028947071748956898,400,0.05,Independent locked holdout; approximate t inference; ordinary CIs are pointwise,2.4880346951262773e-40,true,true
confirmation_stability/L256/k4/a1-b0.05/a1-b1/coverage,confirmation_stability,256,4,periodic,a1-b0.05,a1-b1,coverage,two-sided,0,[object Object],128,[object Object],128,-0.0002522468566894531,0.002722466556049549,0.00024063432041702775,-0.00072841875065061,0.00022392503727170383,-0.00738525390625,0.00927734375,0,0,paired Student-t two-sided; difference minus locked null 0,0.29651056329282033,-0.001204707488893512,0.0007002137755146058,,,false,true,,true,-0.0011591622184543068,0.0006546685050754005,400,0.05,Independent locked holdout; approximate t inference; ordinary CIs are pointwise,1,false,true
confirmation_stability/L256/k4/a1-b0.05/a1-b1/abs_order,confirmation_stability,256,4,periodic,a1-b0.05,a1-b1,abs_order,less,0.01,[object Object],128,[object Object],128,-0.004493345072966791,0.007892450068886338,0.0006976006204857205,-0.005873770808204757,-0.003112919337728825,-0.025730418728628933,0.011684908477293952,0,0,paired Student-t less; difference minus locked null 0.01,5.645912623351088e-43,-0.007254535275853395,-0.0017321548700801864,,,false,true,,true,-0.007122499210243482,-0.0018641909356900991,400,0.05,Independent locked holdout; approximate t inference; ordinary CIs are pointwise,1.5131045830580916e-40,true,true
confirmation_stability/L256/k4/a1-b0.05/proposal-k4-a1-b0.05/coverage,confirmation_stability,256,4,periodic,a1-b0.05,proposal-k4-a1-b0.05,coverage,two-sided,0,[object Object],128,[object Object],128,-9.536743164062331e-7,0.0027186131949055304,0.0002402937281926157,-0.0004764515977305287,0.0004745442490977162,-0.00592041015625,0.0089111328125,0,0,paired Student-t two-sided; difference minus locked null 0,0.9968396028472585,-0.0009520662000457732,0.0009501588514129607,,,false,true,,true,-0.0009065853940808934,0.0009046780454480809,400,0.05,Independent locked holdout; approximate t inference; ordinary CIs are pointwise,1,false,true
confirmation_stability/L256/k4/a1-b0.05/proposal-k4-a1-b0.05/abs_order,confirmation_stability,256,4,periodic,a1-b0.05,proposal-k4-a1-b0.05,abs_order,less,0.01,[object Object],128,[object Object],128,-0.02879533224202355,0.02580399329266414,0.002280772329866875,-0.03330856908257383,-0.024282095401473268,-0.09500980467123968,0.007616574447429079,0,0,paired Student-t less; difference minus locked null 0.01,7.636252903853167e-35,-0.03782291339276621,-0.019767751091280896,,,false,true,,true,-0.037391227703069,-0.020199436780978103,400,0.05,Independent locked holdout; approximate t inference; ordinary CIs are pointwise,1.962516996290264e-32,true,true
confirmation_stability/L256/k8/a1-b0.001/a0.5-b0.5/coverage,confirmation_stability,256,8,periodic,a1-b0.001,a0.5-b0.5,coverage,two-sided,0,[object Object],128,[object Object],128,-0.00042724609374999995,0.004841159770388762,0.00042790211280617534,-0.001273987153511478,0.0004194949660114781,-0.0115966796875,0.0118408203125,0,0,paired Student-t two-sided; difference minus locked null 0,0.3199516220269081,-0.0021209359887679117,0.0012664438012679117,,,false,true,,true,-0.0020399462221565258,0.0011854540346565258,400,0.05,Independent locked holdout; approximate t inference; ordinary CIs are pointwise,1,false,true
confirmation_stability/L256/k8/a1-b0.001/a0.5-b0.5/abs_order,confirmation_stability,256,8,periodic,a1-b0.001,a0.5-b0.5,abs_order,less,0.01,[object Object],128,[object Object],128,-0.018376728121969096,0.0184763198260562,0.0016330913800469739,-0.02160832124676087,-0.015145134997177324,-0.07741215635908523,0.022909077875545237,0,0,paired Student-t less; difference minus locked null 0.01,1.143150892213262e-35,-0.024840707348169587,-0.011912748895768606,,,false,true,,true,-0.024531609342418485,-0.012221846901519708,400,0.05,Independent locked holdout; approximate t inference; ordinary CIs are pointwise,2.9607608108323485e-33,true,true
confirmation_stability/L256/k8/a1-b0.001/a1-b1/coverage,confirmation_stability,256,8,periodic,a1-b0.001,a1-b1,coverage,two-sided,0,[object Object],128,[object Object],128,0.00048255920410156245,0.0044056205139825855,0.0003894055175964561,-0.0002880040410393753,0.0012531224492425001,-0.0106201171875,0.0106201171875,0,0,paired Student-t two-sided; difference minus locked null 0,0.21754918458322836,-0.0010587563689675574,0.002023874777170682,,,false,true,,true,-0.0009850529189413396,0.0019501713271444646,400,0.05,Independent locked holdout; approximate t inference; ordinary CIs are pointwise,1,false,true
confirmation_stability/L256/k8/a1-b0.001/a1-b1/abs_order,confirmation_stability,256,8,periodic,a1-b0.001,a1-b1,abs_order,less,0.01,[object Object],128,[object Object],128,-0.011178867809956179,0.014845685652084427,0.0013121856244940912,-0.013775446356861332,-0.008582289263051025,-0.06640352636886182,0.02209403451294652,0,0,paired Student-t less; difference minus locked null 0.01,7.391512263507507e-33,-0.016372662058876133,-0.005985073561036226,,,false,true,,true,-0.01612430243573323,-0.006233433184179126,400,0.05,Independent locked holdout; approximate t inference; ordinary CIs are pointwise,1.8774441149309067e-30,true,true
confirmation_stability/L256/k8/a1-b0.001/proposal-k8-a1-b0.001/coverage,confirmation_stability,256,8,periodic,a1-b0.001,proposal-k8-a1-b0.001,coverage,two-sided,0,[object Object],128,[object Object],128,-0.00041389465332031255,0.00445873479897153,0.00039410020148315084,-0.0011937478306454966,0.00036595852400487144,-0.01025390625,0.01025390625,0,0,paired Student-t two-sided; difference minus locked null 0,0.29560813668530395,-0.0019737923703453328,0.0011460030637047078,,,false,true,,true,-0.001899200349449941,0.001071411042809316,400,0.05,Independent locked holdout; approximate t inference; ordinary CIs are pointwise,1,false,true
confirmation_stability/L256/k8/a1-b0.001/proposal-k8-a1-b0.001/abs_order,confirmation_stability,256,8,periodic,a1-b0.001,proposal-k8-a1-b0.001,abs_order,less,0.01,[object Object],128,[object Object],128,-0.1907102472796149,0.12376756883714055,0.010939610901964361,-0.21235776303447013,-0.16906273152475965,-0.6228642090849958,0.026801537884964973,0,0,paired Student-t less; difference minus locked null 0.01,8.069632007783526e-38,-0.2340105907123137,-0.14740990384691607,,,false,true,,true,-0.2319400317988297,-0.14948046276040008,400,0.05,Independent locked holdout; approximate t inference; ordinary CIs are pointwise,2.1142435860392838e-35,true,true
confirmation_stability/L256/k8/a1-b0.05/a0.5-b0.5/coverage,confirmation_stability,256,8,periodic,a1-b0.05,a0.5-b0.5,coverage,two-sided,0,[object Object],128,[object Object],128,-0.001028060913085937,0.00470835557701763,0.0004161637695933332,-0.0018515739099927966,-0.0002045479161790775,-0.011474609375,0.008544921875,0,0,paired Student-t two-sided; difference minus locked null 0,0.014825327368254773,-0.0026752889826329187,0.0006191671564610445,,,false,true,,true,-0.0025965209523690766,0.0005403991261972026,400,0.05,Independent locked holdout; approximate t inference; ordinary CIs are pointwise,1,false,true
confirmation_stability/L256/k8/a1-b0.05/a0.5-b0.5/abs_order,confirmation_stability,256,8,periodic,a1-b0.05,a0.5-b0.5,abs_order,less,0.01,[object Object],128,[object Object],128,-0.015444733666348342,0.018593088843262693,0.0016434124005343738,-0.01869675022809865,-0.012192717104598034,-0.06691858901640399,0.025420829608992054,0,0,paired Student-t less; difference minus locked null 0.01,2.4834611380562197e-31,-0.02194956477802129,-0.00893990255467539,,,false,true,,true,-0.021638513295025166,-0.009250954037671517,400,0.05,Independent locked holdout; approximate t inference; ordinary CIs are pointwise,6.233487456521112e-29,true,true
confirmation_stability/L256/k8/a1-b0.05/a1-b1/coverage,confirmation_stability,256,8,periodic,a1-b0.05,a1-b1,coverage,two-sided,0,[object Object],128,[object Object],128,-0.00011825561523437497,0.004230441102680371,0.0003739216988894482,-0.0008581791774460882,0.0006216679469773382,-0.0089111328125,0.0107421875,0,0,paired Student-t two-sided; difference minus locked null 0,0.7523261151455121,-0.001598284304000992,0.001361773073532242,,,false,true,,true,-0.0015275115028914382,0.0012910002724226882,400,0.05,Independent locked holdout; approximate t inference; ordinary CIs are pointwise,1,false,true
confirmation_stability/L256/k8/a1-b0.05/a1-b1/abs_order,confirmation_stability,256,8,periodic,a1-b0.05,a1-b1,abs_order,less,0.01,[object Object],128,[object Object],128,-0.008246873354335419,0.017032565678061804,0.0015054803364953433,-0.01122594725330341,-0.005267799455367429,-0.06410632801371352,0.032557448818247355,0,0,paired Student-t less; difference minus locked null 0.01,3.0538449408293015e-23,-0.014205752165072458,-0.0022879945435983796,,,false,true,,true,-0.01392080732034808,-0.0025729393883227574,400,0.05,Independent locked holdout; approximate t inference; ordinary CIs are pointwise,7.390304756806909e-21,true,true
confirmation_stability/L256/k8/a1-b0.05/proposal-k8-a1-b0.05/coverage,confirmation_stability,256,8,periodic,a1-b0.05,proposal-k8-a1-b0.05,coverage,two-sided,0,[object Object],128,[object Object],128,-0.0004281997680664066,0.004564137717513717,0.000403416591290405,-0.0012264883995350916,0.00037008886340227835,-0.01318359375,0.0194091796875,0,0,paired Student-t two-sided; difference minus locked null 0,0.2905073889322425,-0.0020249729171174934,0.00116857338098468,,,false,true,,true,-0.001948617567148538,0.001092218031015725,400,0.05,Independent locked holdout; approximate t inference; ordinary CIs are pointwise,1,false,true
confirmation_stability/L256/k8/a1-b0.05/proposal-k8-a1-b0.05/abs_order,confirmation_stability,256,8,periodic,a1-b0.05,proposal-k8-a1-b0.05,abs_order,less,0.01,[object Object],128,[object Object],128,-0.06004849519119485,0.05841635045773234,0.005163324692604052,-0.07026578295693328,-0.04983120742545642,-0.2499145753598086,0.02283757350324953,0,0,paired Student-t less; difference minus locked null 0.01,9.047214283780837e-27,-0.080485577866973,-0.039611412515416715,,,false,true,,true,-0.07950830654888948,-0.04058868383350023,400,0.05,Independent locked holdout; approximate t inference; ordinary CIs are pointwise,2.216567499526305e-24,true,true
confirmation_stability/L512/k4/a1-b0.001/a0.5-b0.5/coverage,confirmation_stability,512,4,periodic,a1-b0.001,a0.5-b0.5,coverage,two-sided,0,[object Object],128,[object Object],128,0.00011944770812988279,0.0011618713955053503,0.00010269589282856379,-0.0000837689307330285,0.00032266434699279405,-0.002471923828125,0.00274658203125,0,0,paired Student-t two-sided; difference minus locked null 0,0.24696134094346478,-0.0002870354354164717,0.0005259308516762372,,,false,true,,true,-0.0002675980076889279,0.0005064934239486935,400,0.05,Independent locked holdout; approximate t inference; ordinary CIs are pointwise,1,false,true
confirmation_stability/L512/k4/a1-b0.001/a0.5-b0.5/abs_order,confirmation_stability,512,4,periodic,a1-b0.001,a0.5-b0.5,abs_order,less,0.01,[object Object],128,[object Object],128,-0.005201622530443135,0.004777237123038864,0.0004222520956296117,-0.0060371832258442224,-0.004366061835042048,-0.018678355309349675,0.0030348048535655124,0,0,paired Student-t less; difference minus locked null 0.01,8.498452536465703e-69,-0.006872948953273757,-0.003530296107612513,,,false,true,,true,-0.006793028575101421,-0.003610216485784849,400,0.05,Independent locked holdout; approximate t inference; ordinary CIs are pointwise,2.4220589728927255e-66,true,true
confirmation_stability/L512/k4/a1-b0.001/a1-b1/coverage,confirmation_stability,512,4,periodic,a1-b0.001,a1-b1,coverage,two-sided,0,[object Object],128,[object Object],128,0.00009894371032714841,0.0013567092586770871,0.00011991728961364276,-0.00013835096490894585,0.00033623838556324267,-0.0033111572265625,0.003448486328125,0,0,paired Student-t two-sided; difference minus locked null 0,0.41086215502417345,-0.0003757038681216206,0.0005735912887759175,,,false,true,,true,-0.00035300691709516435,0.0005508943377494612,400,0.05,Independent locked holdout; approximate t inference; ordinary CIs are pointwise,1,false,true
confirmation_stability/L512/k4/a1-b0.001/a1-b1/abs_order,confirmation_stability,512,4,periodic,a1-b0.001,a1-b1,abs_order,less,0.01,[object Object],128,[object Object],128,-0.0030225141342144516,0.0036549150886909126,0.000323051905484297,-0.003661775555509754,-0.0023832527129191493,-0.01329042726989256,0.0040529100923524936,0,0,paired Student-t less; difference minus locked null 0.01,1.5553966595016966e-74,-0.0043011938404136935,-0.0017438344280152093,,,false,true,,true,-0.0042400492523279884,-0.0018049790161009148,400,0.05,Independent locked holdout; approximate t inference; ordinary CIs are pointwise,4.4795423793648863e-72,true,true
confirmation_stability/L512/k4/a1-b0.001/proposal-k4-a1-b0.001/coverage,confirmation_stability,512,4,periodic,a1-b0.001,proposal-k4-a1-b0.001,coverage,two-sided,0,[object Object],128,[object Object],128,0.00010216236114501949,0.001379468157904692,0.00012192891111066534,-0.0001391129500058112,0.0003434376722958502,-0.0032501220703125,0.003692626953125,0,0,paired Student-t two-sided; difference minus locked null 0,0.40366960955567643,-0.0003804474659118821,0.0005847721882019211,,,false,true,,true,-0.00035736977183537205,0.000561694494125411,400,0.05,Independent locked holdout; approximate t inference; ordinary CIs are pointwise,1,false,true
confirmation_stability/L512/k4/a1-b0.001/proposal-k4-a1-b0.001/abs_order,confirmation_stability,512,4,periodic,a1-b0.001,proposal-k4-a1-b0.001,abs_order,less,0.01,[object Object],128,[object Object],128,-0.027586126543325883,0.02191761170924418,0.0019372614833775294,-0.03141961741046074,-0.023752635676191028,-0.10595653264813595,0.0016733631494696847,0,0,paired Student-t less; difference minus locked null 0.01,4.254233320261202e-40,-0.03525404894942572,-0.019918204137226045,,,false,true,,true,-0.03488738014665904,-0.02028487293999273,400,0.05,Independent locked holdout; approximate t inference; ordinary CIs are pointwise,1.13162606318948e-37,true,true
confirmation_stability/L512/k4/a1-b0.05/a0.5-b0.5/coverage,confirmation_stability,512,4,periodic,a1-b0.05,a0.5-b0.5,coverage,two-sided,0,[object Object],128,[object Object],128,-0.00003933906555175779,0.0013528425968839634,0.00011957552176683367,-0.0002759574438962529,0.00019727931279273732,-0.0034942626953125,0.00384521484375,0,0,paired Student-t two-sided; difference minus locked null 0,0.7427056839127912,-0.0005126338842658611,0.0004339557531623455,,,false,true,,true,-0.0004900016202257972,0.0004113234891222816,400,0.05,Independent locked holdout; approximate t inference; ordinary CIs are pointwise,1,false,true
confirmation_stability/L512/k4/a1-b0.05/a0.5-b0.5/abs_order,confirmation_stability,512,4,periodic,a1-b0.05,a0.5-b0.5,abs_order,less,0.01,[object Object],128,[object Object],128,-0.004201372453689188,0.0050891787865525425,0.00044982410383025346,-0.005091493177528692,-0.0033112517298496836,-0.018068922057413717,0.004886183650852921,0,0,paired Student-t less; difference minus locked null 0.01,2.8080217102928165e-62,-0.0059818323214764855,-0.0024209125859018903,,,false,true,,true,-0.005896693342034498,-0.002506051565343878,400,0.05,Independent locked holdout; approximate t inference; ordinary CIs are pointwise,7.890541005922815e-60,true,true
confirmation_stability/L512/k4/a1-b0.05/a1-b1/coverage,confirmation_stability,512,4,periodic,a1-b0.05,a1-b1,coverage,two-sided,0,[object Object],128,[object Object],128,-0.0000598430633544922,0.0013303428590734304,0.00011758680711924027,-0.0002925261343053798,0.00017284000759639541,-0.0029449462890625,0.0032958984375,0,0,paired Student-t two-sided; difference minus locked null 0,0.6116866572033671,-0.0005252663016255498,0.0004055801749165654,,,false,true,,true,-0.0005030104450168701,0.00038332431830788563,400,0.05,Independent locked holdout; approximate t inference; ordinary CIs are pointwise,1,false,true
confirmation_stability/L512/k4/a1-b0.05/a1-b1/abs_order,confirmation_stability,512,4,periodic,a1-b0.05,a1-b1,abs_order,less,0.01,[object Object],128,[object Object],128,-0.0020222640574605057,0.003937317993727193,0.00034801303163153874,-0.002710919042784152,-0.0013336090721368596,-0.013104674106940077,0.00682131842872697,0,0,paired Student-t less; difference minus locked null 0.01,9.925474200284479e-67,-0.0033997430120359775,-0.0006447851028850338,,,false,true,,true,-0.0033338739888037266,-0.0007106541261172848,400,0.05,Independent locked holdout; approximate t inference; ordinary CIs are pointwise,2.8089091986805074e-64,true,true
confirmation_stability/L512/k4/a1-b0.05/proposal-k4-a1-b0.05/coverage,confirmation_stability,512,4,periodic,a1-b0.05,proposal-k4-a1-b0.05,coverage,two-sided,0,[object Object],128,[object Object],128,0.000006914138793945316,0.00121877301338367,0.00010772533281134449,-0.00020625485415550794,0.00022008313174339857,-0.00250244140625,0.0029754638671875,0,0,paired Student-t two-sided; difference minus locked null 0,0.9489254004343193,-0.000419476155059688,0.00043330443264757865,,,false,true,,true,-0.00039908679660266013,0.00041291507419055076,400,0.05,Independent locked holdout; approximate t inference; ordinary CIs are pointwise,1,false,true
confirmation_stability/L512/k4/a1-b0.05/proposal-k4-a1-b0.05/abs_order,confirmation_stability,512,4,periodic,a1-b0.05,proposal-k4-a1-b0.05,abs_order,less,0.01,[object Object],128,[object Object],128,-0.014996240504979164,0.011931099670867817,0.0010545701855354023,-0.017083044588831815,-0.012909436421126512,-0.06734196045839291,0.006499432424235605,0,0,paired Student-t less; difference minus locked null 0.01,9.191956546245554e-49,-0.019170360738027702,-0.010822120271930625,,,false,true,,true,-0.018970760430747788,-0.011021720579210541,400,0.05,Independent locked holdout; approximate t inference; ordinary CIs are pointwise,2.5277880502175275e-46,true,true
confirmation_stability/L512/k8/a1-b0.001/a0.5-b0.5/coverage,confirmation_stability,512,8,periodic,a1-b0.001,a0.5-b0.5,coverage,two-sided,0,[object Object],128,[object Object],128,-0.00007605552673339845,0.0020572011050779917,0.0001818326064581384,-0.00043586944043869644,0.00028375838697189957,-0.005340576171875,0.005706787109375,0,0,paired Student-t two-sided; difference minus locked null 0,0.6764545301292013,-0.0007957716462058358,0.000643660592739039,,,false,true,,true,-0.00076135587699449,0.0006092448235276931,400,0.05,Independent locked holdout; approximate t inference; ordinary CIs are pointwise,1,false,true
confirmation_stability/L512/k8/a1-b0.001/a0.5-b0.5/abs_order,confirmation_stability,512,8,periodic,a1-b0.001,a0.5-b0.5,abs_order,less,0.01,[object Object],128,[object Object],128,-0.008052932868086275,0.010725167537306842,0.0009479798368739364,-0.009928813887796832,-0.006177051848375718,-0.0403335659939441,0.013494111833026283,0,0,paired Student-t less; difference minus locked null 0.01,2.486088181783438e-39,-0.011805155216007675,-0.004300710520164876,,,false,true,,true,-0.011625729446788588,-0.004480136289383962,400,0.05,Independent locked holdout; approximate t inference; ordinary CIs are pointwise,6.563272799908276e-37,true,true
confirmation_stability/L512/k8/a1-b0.001/a1-b1/coverage,confirmation_stability,512,8,periodic,a1-b0.001,a1-b1,coverage,two-sided,0,[object Object],128,[object Object],128,-0.00009822845458984375,0.0020325712839500084,0.0001796556172657623,-0.000453734499554431,0.0002572775903747435,-0.005828857421875,0.00439453125,0,0,paired Student-t two-sided; difference minus locked null 0,0.5855032044370685,-0.000809327779504969,0.0006128708703252815,,,false,true,,true,-0.0007753240527709313,0.0005788671435912438,400,0.05,Independent locked holdout; approximate t inference; ordinary CIs are pointwise,1,false,true
confirmation_stability/L512/k8/a1-b0.001/a1-b1/abs_order,confirmation_stability,512,8,periodic,a1-b0.001,a1-b1,abs_order,less,0.01,[object Object],128,[object Object],128,-0.004503383169762334,0.0071237880461128885,0.0006296598543927612,-0.005749366389852875,-0.003257399949671793,-0.026708575310611285,0.010807341408854525,0,0,paired Student-t less; difference minus locked null 0.01,1.7660166950083428e-47,-0.00699565535250459,-0.002011110987020079,,,false,true,,true,-0.006876478552190615,-0.002130287787334053,400,0.05,Independent locked holdout; approximate t inference; ordinary CIs are pointwise,4.803565410422692e-45,true,true
confirmation_stability/L512/k8/a1-b0.001/proposal-k8-a1-b0.001/coverage,confirmation_stability,512,8,periodic,a1-b0.001,proposal-k8-a1-b0.001,coverage,two-sided,0,[object Object],128,[object Object],128,-0.00009632110595703129,0.0018784033085665556,0.0001660289646613323,-0.0004248624645553631,0.0002322202526413005,-0.005218505859375,0.00408935546875,0,0,paired Student-t two-sided; difference minus locked null 0,0.5628437833683925,-0.0007534844414756827,0.0005608422295616202,,,false,true,,true,-0.0007220598546456051,0.0005294176427315426,400,0.05,Independent locked holdout; approximate t inference; ordinary CIs are pointwise,1,false,true
confirmation_stability/L512/k8/a1-b0.001/proposal-k8-a1-b0.001/abs_order,confirmation_stability,512,8,periodic,a1-b0.001,proposal-k8-a1-b0.001,abs_order,less,0.01,[object Object],128,[object Object],128,-0.07586787475680531,0.060809160518313234,0.00537482122009507,-0.08650367598266478,-0.06523207353094584,-0.25780184725264266,0.003700530518837093,0,0,paired Student-t less; difference minus locked null 0.01,1.7702427945974242e-32,-0.09714208704873277,-0.05459366246487786,,,false,true,,true,-0.09612478542023951,-0.055610964093371115,400,0.05,Independent locked holdout; approximate t inference; ordinary CIs are pointwise,4.478714270331483e-30,true,true
confirmation_stability/L512/k8/a1-b0.05/a0.5-b0.5/coverage,confirmation_stability,512,8,periodic,a1-b0.05,a0.5-b0.5,coverage,two-sided,0,[object Object],128,[object Object],128,-0.0001757144927978516,0.0019918851477716986,0.00017605943691676704,-0.0005241043458375325,0.00017267536024182935,-0.005157470703125,0.004547119140625,0,0,paired Student-t two-sided; difference minus locked null 0,0.32015739956668976,-0.0008725796876737214,0.0005211507020780183,,,false,true,,true,-0.0008392566161606816,0.0004878276305649785,400,0.05,Independent locked holdout; approximate t inference; ordinary CIs are pointwise,1,false,true
confirmation_stability/L512/k8/a1-b0.05/a0.5-b0.5/abs_order,confirmation_stability,512,8,periodic,a1-b0.05,a0.5-b0.5,abs_order,less,0.01,[object Object],128,[object Object],128,-0.00664425912531153,0.010804345418364393,0.0009549782389509085,-0.008533988719763705,-0.004754529530859355,-0.0377116444903592,0.012979186591581721,0,0,paired Student-t less; difference minus locked null 0.01,8.703368024556824e-36,-0.010424182020914986,-0.002864336229708075,,,false,true,,true,-0.010243431652134684,-0.0030450865984883767,400,0.05,Independent locked holdout; approximate t inference; ordinary CIs are pointwise,2.2628756863847744e-33,true,true
confirmation_stability/L512/k8/a1-b0.05/a1-b1/coverage,confirmation_stability,512,8,periodic,a1-b0.05,a1-b1,coverage,two-sided,0,[object Object],128,[object Object],128,-0.00019788742065429693,0.0020261139359043626,0.00017908486294181757,-0.0005522640458131463,0.00015648920450455234,-0.0047607421875,0.0042724609375,0,0,paired Student-t two-sided; difference minus locked null 0,0.2712518810540605,-0.000906727628818015,0.0005109527875094212,,,false,true,,true,-0.0008728319297335385,0.00047705708842494464,400,0.05,Independent locked holdout; approximate t inference; ordinary CIs are pointwise,1,false,true
confirmation_stability/L512/k8/a1-b0.05/a1-b1/abs_order,confirmation_stability,512,8,periodic,a1-b0.05,a1-b1,abs_order,less,0.01,[object Object],128,[object Object],128,-0.0030947094269875887,0.007698623108907256,0.0006804685757634726,-0.004441233937459768,-0.0017481849165154096,-0.025608555385116305,0.016384747987032183,0,0,paired Student-t less; difference minus locked null 0.01,9.252640968890285e-40,-0.005788088861573058,-0.00040132999240211987,,,false,true,,true,-0.005659295407443914,-0.0005301234465312642,400,0.05,Independent locked holdout; approximate t inference; ordinary CIs are pointwise,2.4519498567559256e-37,true,true
confirmation_stability/L512/k8/a1-b0.05/proposal-k8-a1-b0.05/coverage,confirmation_stability,512,8,periodic,a1-b0.05,proposal-k8-a1-b0.05,coverage,two-sided,0,[object Object],128,[object Object],128,-0.00015592575073242182,0.0019965754148710702,0.00017647400187570977,-0.0005051359530112619,0.00019328445154641826,-0.004425048828125,0.006378173828125,0,0,paired Student-t two-sided; difference minus locked null 0,0.3786021447486996,-0.0008544318453860122,0.0005425803439211686,,,false,true,,true,-0.000821030308452342,0.0005091788069874982,400,0.05,Independent locked holdout; approximate t inference; ordinary CIs are pointwise,1,false,true
confirmation_stability/L512/k8/a1-b0.05/proposal-k8-a1-b0.05/abs_order,confirmation_stability,512,8,periodic,a1-b0.05,proposal-k8-a1-b0.05,abs_order,less,0.01,[object Object],128,[object Object],128,-0.03301658079398124,0.029908594390320127,0.002643571238644162,-0.03824773120238889,-0.027785430385573587,-0.1273405821563002,0.012385604572612598,0,0,paired Student-t less; difference minus locked null 0.01,3.671028641688453e-33,-0.043480165243912905,-0.022552996344049572,,,false,true,,true,-0.04297981198266284,-0.023053349605299638,400,0.05,Independent locked holdout; approximate t inference; ordinary CIs are pointwise,9.39783332272244e-31,true,true
