experiment,controller,L,k,boundary,alpha,beta,initial_mode,engine,kinetic_kind,n,temporal_null,coverage,abs_order,deadlock_rate,on_sample_frontier,on_null_sample_frontier,null_dominators,eligible_null_count,best_eligible_null,best_eligible_null_coverage,excess_over_eligible_null_means,match_metric,match_candidate_value,match_candidate_se,match_candidate_ci_low,match_candidate_ci_high,matched_null,matched_null_p,matched_null_value,matching_distance,matched_null_se,matched_null_ci_low,matched_null_ci_high,matching_outside_null_range,interpretation
confirmation_stability,a0.5-b0.5,256,4,periodic,0.5,0.5,fair,event,sampled-actual,128,1,0.8103599548339846,0.010448003409065843,0,0,0,a1-b1,2,a1-b1,0.8107151985168456,-0.00035524368286099506,accepted_lag1,0.001248449140154523,0.0007462315723689377,-0.0002282084726611469,0.002725106752970193,a0.5-b0.5,0.5,0.001248449140154523,0,0.0007462315723689377,-0.0002282084726611469,0.002725106752970193,0,Exploratory point-mean frontier/matching only; retain all points; no continuum dominance or post-selection p-value
confirmation_stability,a1-b0.001,256,4,periodic,1,0.001,fair,event,sampled-actual,128,0,0.8103904724121094,0.0028936191304967723,0,1,,,0,,,,accepted_lag1,-0.9536860743368947,0.00021453390375563206,-0.9541105982165023,-0.953261550457287,a1-b1,1,-0.22606501849486754,0.7276210558420271,0.0007448164748040174,-0.22753887588497823,-0.22459116110475685,1,Exploratory point-mean frontier/matching only; retain all points; no continuum dominance or post-selection p-value
confirmation_stability,a1-b0.05,256,4,periodic,1,0.05,fair,event,sampled-actual,128,0,0.8104629516601565,0.004677904856839201,0,1,,,0,,,,accepted_lag1,-0.6385824753739163,0.0005403034244435258,-0.639651638344872,-0.6375133124029606,a1-b1,1,-0.22606501849486754,0.4125174568790488,0.0007448164748040174,-0.22753887588497823,-0.22459116110475685,1,Exploratory point-mean frontier/matching only; retain all points; no continuum dominance or post-selection p-value
confirmation_stability,a1-b1,256,4,periodic,1,1,fair,event,sampled-actual,128,1,0.8107151985168456,0.009171249929805985,0,1,1,,1,a1-b1,0.8107151985168456,0,accepted_lag1,-0.22606501849486754,0.0007448164748040174,-0.22753887588497823,-0.22459116110475685,a1-b1,1,-0.22606501849486754,0,0.0007448164748040174,-0.22753887588497823,-0.22459116110475685,0,Exploratory point-mean frontier/matching only; retain all points; no continuum dominance or post-selection p-value
confirmation_stability,proposal-k4-a1-b0.001,256,4,periodic,0.017899178761415512,0.017899178761415512,fair,event,sampled-actual,128,1,0.810333251953125,0.06141540536813908,0,0,0,a0.5-b0.5;a1-b1;proposal-k4-a1-b0.05,4,a1-b1,0.8107151985168456,-0.0003819465637205921,accepted_lag1,0.737469662602758,0.0004930234455846126,0.7364940581775687,0.7384452670279473,proposal-k4-a1-b0.001,0.017899178761415512,0.737469662602758,0,0.0004930234455846126,0.7364940581775687,0.7384452670279473,0,Exploratory point-mean frontier/matching only; retain all points; no continuum dominance or post-selection p-value
confirmation_stability,proposal-k4-a1-b0.05,256,4,periodic,0.06911854941535503,0.06911854941535503,fair,event,sampled-actual,128,1,0.8104639053344729,0.033473237098862754,0,0,0,a1-b1,3,a1-b1,0.8107151985168456,-0.0002512931823727138,accepted_lag1,0.5123779936875754,0.0006246388341560919,0.5111419461604133,0.5136140412147375,proposal-k4-a1-b0.05,0.06911854941535503,0.5123779936875754,0,0.0006246388341560919,0.5111419461604133,0.5136140412147375,0,Exploratory point-mean frontier/matching only; retain all points; no continuum dominance or post-selection p-value
confirmation_stability,a0.5-b0.5,256,8,periodic,0.5,0.5,fair,event,sampled-actual,128,1,0.7482872009277344,0.026268927154015218,0,1,1,,2,a0.5-b0.5,0.7482872009277344,0,accepted_lag1,0.0011547256698174488,0.0011834622242234993,-0.0011871324980588839,0.0034965838376937817,a0.5-b0.5,0.5,0.0011547256698174488,0,0.0011834622242234993,-0.0011871324980588839,0.0034965838376937817,0,Exploratory point-mean frontier/matching only; retain all points; no continuum dominance or post-selection p-value
confirmation_stability,a1-b0.001,256,8,periodic,1,0.001,fair,event,sampled-actual,128,0,0.7478599548339843,0.007892199032046125,0,1,,,0,,,,accepted_lag1,-0.9318236109586342,0.0005255979309564664,-0.9328636744118103,-0.9307835475054581,a1-b1,1,-0.16882613456059586,0.7629974763980383,0.0010765251993564244,-0.17095638365468221,-0.1666958854665095,1,Exploratory point-mean frontier/matching only; retain all points; no continuum dominance or post-selection p-value
confirmation_stability,a1-b0.05,256,8,periodic,1,0.05,fair,event,sampled-actual,128,0,0.7472591400146484,0.010824193487666878,0,0,,,0,,,,accepted_lag1,-0.5627911309493022,0.0009153786898174777,-0.5646025001823637,-0.5609797617162408,a1-b1,1,-0.16882613456059586,0.39396499638870636,0.0010765251993564244,-0.17095638365468221,-0.1666958854665095,1,Exploratory point-mean frontier/matching only; retain all points; no continuum dominance or post-selection p-value
confirmation_stability,a1-b1,256,8,periodic,1,1,fair,event,sampled-actual,128,1,0.7473773956298831,0.01907106684200231,0,0,1,,1,a1-b1,0.7473773956298831,0,accepted_lag1,-0.16882613456059586,0.0010765251993564244,-0.17095638365468221,-0.1666958854665095,a1-b1,1,-0.16882613456059586,0,0.0010765251993564244,-0.17095638365468221,-0.1666958854665095,0,Exploratory point-mean frontier/matching only; retain all points; no continuum dominance or post-selection p-value
confirmation_stability,proposal-k8-a1-b0.001,256,8,periodic,0.01116871368486295,0.01116871368486295,fair,event,sampled-actual,128,1,0.7482738494873045,0.19860244631166107,0,0,0,a0.5-b0.5,4,a0.5-b0.5,0.7482872009277344,-0.000013351440429909545,accepted_lag1,0.7484415729895058,0.0011037282903117744,0.7462574938876326,0.7506256520913789,proposal-k8-a1-b0.001,0.01116871368486295,0.7484415729895058,0,0.0011037282903117744,0.7462574938876326,0.7506256520913789,0,Exploratory point-mean frontier/matching only; retain all points; no continuum dominance or post-selection p-value
confirmation_stability,proposal-k8-a1-b0.05,256,8,periodic,0.06146482435046821,0.06146482435046821,fair,event,sampled-actual,128,1,0.7476873397827151,0.07087268867886175,0,0,0,a0.5-b0.5,3,a0.5-b0.5,0.7482872009277344,-0.0005998611450193092,accepted_lag1,0.47053210224159775,0.0011123626086111612,0.468330937382005,0.4727332671011905,proposal-k8-a1-b0.05,0.06146482435046821,0.47053210224159775,0,0.0011123626086111612,0.468330937382005,0.4727332671011905,0,Exploratory point-mean frontier/matching only; retain all points; no continuum dominance or post-selection p-value
confirmation_stability,a0.5-b0.5,512,4,periodic,0.5,0.5,fair,event,sampled-actual,128,1,0.8103296756744386,0.006649945055450302,0,0,0,a1-b1,2,a1-b1,0.8103501796722409,-0.000020503997802290286,accepted_lag1,-0.000002460597793549986,0.00038228746347571336,-0.0007589384983912901,0.00075401730280419,a0.5-b0.5,0.5,-0.000002460597793549986,0,0.00038228746347571336,-0.0007589384983912901,0.00075401730280419,0,Exploratory point-mean frontier/matching only; retain all points; no continuum dominance or post-selection p-value
confirmation_stability,a1-b0.001,512,4,periodic,1,0.001,fair,event,sampled-actual,128,0,0.8104491233825689,0.0014483225250071692,0,1,,,0,,,,accepted_lag1,-0.9540504425549484,0.00010323344872177253,-0.9542547229199138,-0.9538461621899831,a1-b1,1,-0.22688882378430245,0.727161618770646,0.0003379915820972308,-0.22755764812952156,-0.22621999943908333,1,Exploratory point-mean frontier/matching only; retain all points; no continuum dominance or post-selection p-value
confirmation_stability,a1-b0.05,512,4,periodic,1,0.05,fair,event,sampled-actual,128,0,0.810290336608887,0.002448572601761114,0,0,,,0,,,,accepted_lag1,-0.6388621827267598,0.0002796361848046516,-0.639415532271861,-0.6383088331816585,a1-b1,1,-0.22688882378430245,0.41197335894245735,0.0003379915820972308,-0.22755764812952156,-0.22621999943908333,1,Exploratory point-mean frontier/matching only; retain all points; no continuum dominance or post-selection p-value
confirmation_stability,a1-b1,512,4,periodic,1,1,fair,event,sampled-actual,128,1,0.8103501796722409,0.00447083665922162,0,0,1,,1,a1-b1,0.8103501796722409,0,accepted_lag1,-0.22688882378430245,0.0003379915820972308,-0.22755764812952156,-0.22621999943908333,a1-b1,1,-0.22688882378430245,0,0.0003379915820972308,-0.22755764812952156,-0.22621999943908333,0,Exploratory point-mean frontier/matching only; retain all points; no continuum dominance or post-selection p-value
confirmation_stability,proposal-k4-a1-b0.001,512,4,periodic,0.017899178761415512,0.017899178761415512,fair,event,sampled-actual,128,1,0.8103469610214233,0.02903444906833306,0,0,0,a1-b1,4,a1-b1,0.8103501796722409,-0.000003218650817538027,accepted_lag1,0.7372353981873103,0.00022872870896004032,0.7367827853498728,0.7376880110247478,proposal-k4-a1-b0.001,0.017899178761415512,0.7372353981873103,0,0.00022872870896004032,0.7367827853498728,0.7376880110247478,0,Exploratory point-mean frontier/matching only; retain all points; no continuum dominance or post-selection p-value
confirmation_stability,proposal-k4-a1-b0.05,512,4,periodic,0.06911854941535503,0.06911854941535503,fair,event,sampled-actual,128,1,0.8102834224700929,0.01744481310674028,0,0,0,a0.5-b0.5;a1-b1,3,a1-b1,0.8103501796722409,-0.00006675720214799341,accepted_lag1,0.5124261406152228,0.0003161688918307637,0.5118004994358027,0.513051781794643,proposal-k4-a1-b0.05,0.06911854941535503,0.5124261406152228,0,0.0003161688918307637,0.5118004994358027,0.513051781794643,0,Exploratory point-mean frontier/matching only; retain all points; no continuum dominance or post-selection p-value
confirmation_stability,a0.5-b0.5,512,8,periodic,0.5,0.5,fair,event,sampled-actual,128,1,0.7477555274963379,0.012024262200112731,0,0,0,a1-b1,2,a1-b1,0.747777700424194,-0.000022172927856112246,accepted_lag1,0.0013112626722990882,0.0005564962927484897,0.00021005693721866652,0.00241246840737951,a0.5-b0.5,0.5,0.0013112626722990882,0,0.0005564962927484897,0.00021005693721866652,0.00241246840737951,0,Exploratory point-mean frontier/matching only; retain all points; no continuum dominance or post-selection p-value
confirmation_stability,a1-b0.001,512,8,periodic,1,0.001,fair,event,sampled-actual,128,0,0.7476794719696039,0.003971329332026454,0,1,,,0,,,,accepted_lag1,-0.9328981855417804,0.0002229982459840074,-0.933339458827138,-0.9324569122564228,a1-b1,1,-0.16934824582200364,0.7635499397197767,0.0005350728187865297,-0.17040705836830694,-0.16828943327570034,1,Exploratory point-mean frontier/matching only; retain all points; no continuum dominance or post-selection p-value
confirmation_stability,a1-b0.05,512,8,periodic,1,0.05,fair,event,sampled-actual,128,0,0.7475798130035402,0.005380003074801199,0,0,,,0,,,,accepted_lag1,-0.5626032187635692,0.00048151380312451593,-0.563556047683421,-0.5616503898437174,a1-b1,1,-0.16934824582200364,0.3932549729415656,0.0005350728187865297,-0.17040705836830694,-0.16828943327570034,1,Exploratory point-mean frontier/matching only; retain all points; no continuum dominance or post-selection p-value
confirmation_stability,a1-b1,512,8,periodic,1,1,fair,event,sampled-actual,128,1,0.747777700424194,0.008474712501788783,0,1,1,,1,a1-b1,0.747777700424194,0,accepted_lag1,-0.16934824582200364,0.0005350728187865297,-0.17040705836830694,-0.16828943327570034,a1-b1,1,-0.16934824582200364,0,0.0005350728187865297,-0.17040705836830694,-0.16828943327570034,0,Exploratory point-mean frontier/matching only; retain all points; no continuum dominance or post-selection p-value
confirmation_stability,proposal-k8-a1-b0.001,512,8,periodic,0.01116871368486295,0.01116871368486295,fair,event,sampled-actual,128,1,0.7477757930755612,0.07983920408883173,0,0,0,a1-b1,4,a1-b1,0.747777700424194,-0.0000019073486328125,accepted_lag1,0.7430906358981387,0.0004040574580442809,0.7422910791070183,0.7438901926892592,proposal-k8-a1-b0.001,0.01116871368486295,0.7430906358981387,0,0.0004040574580442809,0.7422910791070183,0.7438901926892592,0,Exploratory point-mean frontier/matching only; retain all points; no continuum dominance or post-selection p-value
confirmation_stability,proposal-k8-a1-b0.05,512,8,periodic,0.06146482435046821,0.06146482435046821,fair,event,sampled-actual,128,1,0.7477357387542727,0.03839658386878247,0,0,0,a0.5-b0.5;a1-b1,3,a1-b1,0.747777700424194,-0.00004196166992131989,accepted_lag1,0.46780262093188457,0.0005397148354680708,0.46673462267229143,0.4688706191914777,proposal-k8-a1-b0.05,0.06146482435046821,0.46780262093188457,0,0.0005397148354680708,0.46673462267229143,0.4688706191914777,0,Exploratory point-mean frontier/matching only; retain all points; no continuum dominance or post-selection p-value
confirmation,a0-b0,64,4,periodic,0,0,fair,event,sampled-actual,1024,1,0.8037252426147471,1,0.9912109375,0,0,a0.05-b0.05;a0.1-b0.1;a0.15-b0.15;a0.2-b0.2;a0.25-b0.25;a0.3-b0.3;a0.35-b0.35;a0.4-b0.4;a0.45-b0.45;a0.5-b0.5;a0.55-b0.55;a0.6-b0.6;a0.65-b0.65;a0.7-b0.7;a0.75-b0.75;a0.8-b0.8;a0.85-b0.85;a0.9-b0.9;a0.95-b0.95;a1-b1;proposal-k4-a0.02-b1;proposal-k4-a0.85-b0.5;proposal-k4-a1-b0.001;proposal-k4-a1-b0.05,25,a0.4-b0.4,0.8110513687133794,-0.007326126098632257,accepted_lag1,1,0,1,1,a0-b0,0,1,0,0,1,1,0,Exploratory point-mean frontier/matching only; retain all points; no continuum dominance or post-selection p-value
confirmation,a0.02-b1,64,4,periodic,0.02,1,fair,event,sampled-actual,1024,0,0.810277938842773,0.15077626544840486,0,0,,a0.2-b0.2;a0.25-b0.25;a0.4-b0.4;a0.45-b0.45;a0.5-b0.5;a0.55-b0.55;a0.6-b0.6;a0.65-b0.65;a0.7-b0.7;a0.75-b0.75;a0.8-b0.8;a0.9-b0.9;a1-b1,23,a0.4-b0.4,0.8110513687133794,-0.0007734298706063569,accepted_lag1,0.2351105480220067,0.0012681240384900848,0.2326221264573483,0.2375989695866651,a0.25-b0.25,0.25,0.20668686209965922,0.02842368592234748,0.0010914870248323891,0.20454505280679883,0.20882867139251962,0,Exploratory point-mean frontier/matching only; retain all points; no continuum dominance or post-selection p-value
confirmation,a0.05-b0.05,64,4,periodic,0.05,0.05,fair,event,sampled-actual,1024,1,0.8098506927490237,0.1417894290751701,0,0,0,a0.1-b0.1;a0.15-b0.15;a0.2-b0.2;a0.25-b0.25;a0.3-b0.3;a0.35-b0.35;a0.4-b0.4;a0.45-b0.45;a0.5-b0.5;a0.55-b0.55;a0.6-b0.6;a0.65-b0.65;a0.7-b0.7;a0.75-b0.75;a0.8-b0.8;a0.85-b0.85;a0.9-b0.9;a0.95-b0.95;a1-b1;proposal-k4-a0.02-b1;proposal-k4-a0.85-b0.5;proposal-k4-a1-b0.05,23,a0.4-b0.4,0.8110513687133794,-0.0012006759643556908,accepted_lag1,0.5817050829226487,0.0009273546561537946,0.5798853482165649,0.5835248176287324,a0.05-b0.05,0.05,0.5817050829226487,0,0.0009273546561537946,0.5798853482165649,0.5835248176287324,0,Exploratory point-mean frontier/matching only; retain all points; no continuum dominance or post-selection p-value
confirmation,a0.1-b0.1,64,4,periodic,0.1,0.1,fair,event,sampled-actual,1024,1,0.8099756240844725,0.10213235373377307,0,0,0,a0.15-b0.15;a0.2-b0.2;a0.25-b0.25;a0.3-b0.3;a0.35-b0.35;a0.4-b0.4;a0.45-b0.45;a0.5-b0.5;a0.55-b0.55;a0.6-b0.6;a0.65-b0.65;a0.7-b0.7;a0.75-b0.75;a0.8-b0.8;a0.85-b0.85;a0.9-b0.9;a1-b1;proposal-k4-a0.02-b1;proposal-k4-a0.85-b0.5,21,a0.4-b0.4,0.8110513687133794,-0.0010757446289068051,accepted_lag1,0.4388615584558347,0.0009979960361617382,0.4369032051856093,0.44081991172606005,a0.1-b0.1,0.1,0.4388615584558347,0,0.0009979960361617382,0.4369032051856093,0.44081991172606005,0,Exploratory point-mean frontier/matching only; retain all points; no continuum dominance or post-selection p-value
confirmation,a0.15-b0.15,64,4,periodic,0.15,0.15,fair,event,sampled-actual,1024,1,0.8102207183837896,0.0805565742481281,0,0,0,a0.2-b0.2;a0.25-b0.25;a0.4-b0.4;a0.45-b0.45;a0.5-b0.5;a0.55-b0.55;a0.6-b0.6;a0.65-b0.65;a0.7-b0.7;a0.75-b0.75;a0.8-b0.8;a0.9-b0.9;a1-b1,20,a0.4-b0.4,0.8110513687133794,-0.0008306503295897327,accepted_lag1,0.3403020042223766,0.0010309698399600805,0.3382789469311327,0.3423250615136205,a0.15-b0.15,0.15,0.3403020042223766,0,0.0010309698399600805,0.3382789469311327,0.3423250615136205,0,Exploratory point-mean frontier/matching only; retain all points; no continuum dominance or post-selection p-value
confirmation,a0.2-b0.2,64,4,periodic,0.2,0.2,fair,event,sampled-actual,1024,1,0.8103179931640626,0.07386669054332531,0,0,0,a0.25-b0.25;a0.4-b0.4;a0.45-b0.45;a0.5-b0.5;a0.55-b0.55;a0.65-b0.65;a0.7-b0.7;a0.75-b0.75;a0.8-b0.8;a0.9-b0.9;a1-b1,19,a0.4-b0.4,0.8110513687133794,-0.0007333755493167393,accepted_lag1,0.26669302372946585,0.0010478006091872824,0.2646369396617998,0.2687491077971319,a0.2-b0.2,0.2,0.26669302372946585,0,0.0010478006091872824,0.2646369396617998,0.2687491077971319,0,Exploratory point-mean frontier/matching only; retain all points; no continuum dominance or post-selection p-value
confirmation,a0.25-b0.25,64,4,periodic,0.25,0.25,fair,event,sampled-actual,1024,1,0.810486793518066,0.06645273375643,0,0,0,a0.4-b0.4;a0.65-b0.65;a0.7-b0.7;a0.75-b0.75;a0.9-b0.9;a1-b1,18,a0.4-b0.4,0.8110513687133794,-0.0005645751953133882,accepted_lag1,0.20668686209965922,0.0010914870248323891,0.20454505280679883,0.20882867139251962,a0.25-b0.25,0.25,0.20668686209965922,0,0.0010914870248323891,0.20454505280679883,0.20882867139251962,0,Exploratory point-mean frontier/matching only; retain all points; no continuum dominance or post-selection p-value
confirmation,a0.3-b0.3,64,4,periodic,0.3,0.3,fair,event,sampled-actual,1024,1,0.8102130889892585,0.06210945735363624,0,0,0,a0.4-b0.4;a0.45-b0.45;a0.5-b0.5;a0.55-b0.55;a0.6-b0.6;a0.65-b0.65;a0.7-b0.7;a0.75-b0.75;a0.8-b0.8;a0.9-b0.9;a1-b1,17,a0.4-b0.4,0.8110513687133794,-0.0008382797241208717,accepted_lag1,0.15564184896564656,0.0011099196534459898,0.1534638695907254,0.15781982834056774,a0.3-b0.3,0.3,0.15564184896564656,0,0.0011099196534459898,0.1534638695907254,0.15781982834056774,0,Exploratory point-mean frontier/matching only; retain all points; no continuum dominance or post-selection p-value
confirmation,a0.35-b0.35,64,4,periodic,0.35,0.35,fair,event,sampled-actual,1024,1,0.8101367950439458,0.05500414213155755,0,0,0,a0.4-b0.4;a0.45-b0.45;a0.5-b0.5;a0.55-b0.55;a0.6-b0.6;a0.65-b0.65;a0.7-b0.7;a0.75-b0.75;a0.8-b0.8;a0.9-b0.9;a1-b1;proposal-k4-a0.02-b1,16,a0.4-b0.4,0.8110513687133794,-0.0009145736694335938,accepted_lag1,0.1103122242658694,0.001108593194351983,0.10813684778255343,0.11248760074918536,a0.35-b0.35,0.35,0.1103122242658694,0,0.001108593194351983,0.10813684778255343,0.11248760074918536,0,Exploratory point-mean frontier/matching only; retain all points; no continuum dominance or post-selection p-value
confirmation,a0.4-b0.4,64,4,periodic,0.4,0.4,fair,event,sampled-actual,1024,1,0.8110513687133794,0.052964955638101795,0,1,1,,15,a0.4-b0.4,0.8110513687133794,0,accepted_lag1,0.07026620415912804,0.001094595996728149,0.0681182941754247,0.07241411414283139,a0.4-b0.4,0.4,0.07026620415912804,0,0.001094595996728149,0.0681182941754247,0.07241411414283139,0,Exploratory point-mean frontier/matching only; retain all points; no continuum dominance or post-selection p-value
confirmation,a0.45-b0.45,64,4,periodic,0.45,0.45,fair,event,sampled-actual,1024,1,0.8103485107421871,0.05076077157273024,0,0,0,a0.5-b0.5;a0.55-b0.55;a0.65-b0.65;a0.7-b0.7;a0.75-b0.75;a0.9-b0.9;a1-b1,14,a0.7-b0.7,0.8109598159790045,-0.0006113052368174055,accepted_lag1,0.03329940656274675,0.0010861864383994765,0.03116799853441934,0.03543081459107415,a0.45-b0.45,0.45,0.03329940656274675,0,0.0010861864383994765,0.03116799853441934,0.03543081459107415,0,Exploratory point-mean frontier/matching only; retain all points; no continuum dominance or post-selection p-value
confirmation,a0.5-b0.5,64,4,periodic,0.5,0.5,fair,event,sampled-actual,1024,1,0.810456275939942,0.04677616108856949,0,0,0,a0.65-b0.65;a0.7-b0.7;a0.75-b0.75;a0.9-b0.9;a1-b1,13,a0.7-b0.7,0.8109598159790045,-0.0005035400390625,accepted_lag1,0.0024003466151645853,0.0010630265982757817,0.0003143848080652393,0.004486308422263932,a0.5-b0.5,0.5,0.0024003466151645853,0,0.0010630265982757817,0.0003143848080652393,0.004486308422263932,0,Exploratory point-mean frontier/matching only; retain all points; no continuum dominance or post-selection p-value
confirmation,a0.55-b0.55,64,4,periodic,0.55,0.55,fair,event,sampled-actual,1024,1,0.8103742599487306,0.044701961637235735,0,0,0,a0.65-b0.65;a0.7-b0.7;a0.75-b0.75;a0.9-b0.9;a1-b1,11,a0.7-b0.7,0.8109598159790045,-0.0005855560302738816,accepted_lag1,-0.027625060949455812,0.0010847789491942607,-0.029753707081956016,-0.02549641481695561,a0.55-b0.55,0.55,-0.027625060949455812,0,0.0010847789491942607,-0.029753707081956016,-0.02549641481695561,0,Exploratory point-mean frontier/matching only; retain all points; no continuum dominance or post-selection p-value
confirmation,a0.6-b0.6,64,4,periodic,0.6,0.6,fair,event,sampled-actual,1024,1,0.810280799865723,0.04381894068668498,0,0,0,a0.65-b0.65;a0.7-b0.7;a0.75-b0.75;a0.8-b0.8;a0.9-b0.9;a1-b1,10,a0.7-b0.7,0.8109598159790045,-0.000679016113281472,accepted_lag1,-0.0542190764577953,0.0011052729401153072,-0.05638793765396906,-0.05205021526162154,a0.6-b0.6,0.6,-0.0542190764577953,0,0.0011052729401153072,-0.05638793765396906,-0.05205021526162154,0,Exploratory point-mean frontier/matching only; retain all points; no continuum dominance or post-selection p-value
confirmation,a0.65-b0.65,64,4,periodic,0.65,0.65,fair,event,sampled-actual,1024,1,0.8106470108032218,0.042506830029306025,0,0,0,a0.7-b0.7;a0.9-b0.9;a1-b1,9,a0.7-b0.7,0.8109598159790045,-0.0003128051757826933,accepted_lag1,-0.08003250643078932,0.0010808982879929351,-0.08215353759761944,-0.07791147526395921,a0.65-b0.65,0.65,-0.08003250643078932,0,0.0010808982879929351,-0.08215353759761944,-0.07791147526395921,0,Exploratory point-mean frontier/matching only; retain all points; no continuum dominance or post-selection p-value
confirmation,a0.7-b0.7,64,4,periodic,0.7,0.7,fair,event,sampled-actual,1024,1,0.8109598159790045,0.040225655113612604,0,1,1,,8,a0.7-b0.7,0.8109598159790045,0,accepted_lag1,-0.10392128568325823,0.0010698472419723138,-0.10602063154140003,-0.10182193982511643,a0.7-b0.7,0.7,-0.10392128568325823,0,0.0010698472419723138,-0.10602063154140003,-0.10182193982511643,0,Exploratory point-mean frontier/matching only; retain all points; no continuum dominance or post-selection p-value
confirmation,a0.75-b0.75,64,4,periodic,0.75,0.75,fair,event,sampled-actual,1024,1,0.8106164932250972,0.038523587476061695,0,0,0,a0.9-b0.9;a1-b1,6,a1-b1,0.8108625411987304,-0.00024604797363314557,accepted_lag1,-0.12730582177873048,0.001068514406509962,-0.12940255223301114,-0.12520909132444982,a0.75-b0.75,0.75,-0.12730582177873048,0,0.001068514406509962,-0.12940255223301114,-0.12520909132444982,0,Exploratory point-mean frontier/matching only; retain all points; no continuum dominance or post-selection p-value
confirmation,a0.8-b0.8,64,4,periodic,0.8,0.8,fair,event,sampled-actual,1024,1,0.8103218078613289,0.039300892075572705,0,0,0,a0.75-b0.75;a0.9-b0.9;a1-b1,7,a1-b1,0.8108625411987304,-0.0005407333374014556,accepted_lag1,-0.14925462325370303,0.0010996054789494663,-0.15141236327233115,-0.14709688323507492,a0.8-b0.8,0.8,-0.14925462325370303,0,0.0010996054789494663,-0.15141236327233115,-0.14709688323507492,0,Exploratory point-mean frontier/matching only; retain all points; no continuum dominance or post-selection p-value
confirmation,a0.85-b0.5,64,4,periodic,0.85,0.5,fair,event,sampled-actual,1024,0,0.810382843017578,0.03449987957549625,0,0,,,0,,,,accepted_lag1,-0.21602226816685796,0.0010882063849046316,-0.21815763990716489,-0.21388689642655104,proposal-k4-a0.02-b1,0.9798831438484163,-0.2171934470314109,0.001171178864552952,0.0010663387628050765,-0.219285908251336,-0.21510098581148582,0,Exploratory point-mean frontier/matching only; retain all points; no continuum dominance or post-selection p-value
confirmation,a0.85-b0.85,64,4,periodic,0.85,0.85,fair,event,sampled-actual,1024,1,0.8099937438964844,0.03748680107716271,0,0,0,a0.9-b0.9;a1-b1;proposal-k4-a0.02-b1,5,a1-b1,0.8108625411987304,-0.0008687973022459827,accepted_lag1,-0.16929184162020708,0.0010772539188474179,-0.17140572149387026,-0.1671779617465439,a0.85-b0.85,0.85,-0.16929184162020708,0,0.0010772539188474179,-0.17140572149387026,-0.1671779617465439,0,Exploratory point-mean frontier/matching only; retain all points; no continuum dominance or post-selection p-value
confirmation,a0.9-b0.9,64,4,periodic,0.9,0.9,fair,event,sampled-actual,1024,1,0.8106794357299801,0.034804385482685475,0,1,1,,1,a0.9-b0.9,0.8106794357299801,0,accepted_lag1,-0.18831557647034505,0.0010490827820193792,-0.19037417652732144,-0.18625697641336866,a0.9-b0.9,0.9,-0.18831557647034505,0,0.0010490827820193792,-0.19037417652732144,-0.18625697641336866,0,Exploratory point-mean frontier/matching only; retain all points; no continuum dominance or post-selection p-value
confirmation,a0.95-b0.95,64,4,periodic,0.95,0.95,fair,event,sampled-actual,1024,1,0.8099231719970695,0.03731837327539119,0,0,0,a0.9-b0.9;a1-b1;proposal-k4-a0.02-b1,4,a1-b1,0.8108625411987304,-0.0009393692016608224,accepted_lag1,-0.2059423126460105,0.0010460101749295843,-0.20799488337027977,-0.20388974192174125,a0.95-b0.95,0.95,-0.2059423126460105,0,0.0010460101749295843,-0.20799488337027977,-0.20388974192174125,0,Exploratory point-mean frontier/matching only; retain all points; no continuum dominance or post-selection p-value
confirmation,a1-b0.001,64,4,periodic,1,0.001,fair,event,sampled-actual,1024,0,0.8104896545410153,0.012831641360537634,0,1,,,0,,,,accepted_lag1,-0.9444814130112947,0.0004638257620568863,-0.945391571634201,-0.9435712543883885,a1-b1,1,-0.2241192985333359,0.7203621144779588,0.0010295185948525573,-0.22613950806717475,-0.22209908899949704,1,Exploratory point-mean frontier/matching only; retain all points; no continuum dominance or post-selection p-value
confirmation,a1-b0.05,64,4,periodic,1,0.05,fair,event,sampled-actual,1024,0,0.8104848861694329,0.019669299757172555,0,0,,,0,,,,accepted_lag1,-0.6378189356424251,0.0007850538125474506,-0.6393594354494364,-0.6362784358354138,a1-b1,1,-0.2241192985333359,0.4136996371090892,0.0010295185948525573,-0.22613950806717475,-0.22209908899949704,1,Exploratory point-mean frontier/matching only; retain all points; no continuum dominance or post-selection p-value
confirmation,a1-b1,64,4,periodic,1,1,fair,event,sampled-actual,1024,1,0.8108625411987304,0.03482177277416155,0,1,1,,2,a1-b1,0.8108625411987304,0,accepted_lag1,-0.2241192985333359,0.0010295185948525573,-0.22613950806717475,-0.22209908899949704,a1-b1,1,-0.2241192985333359,0,0.0010295185948525573,-0.22613950806717475,-0.22209908899949704,0,Exploratory point-mean frontier/matching only; retain all points; no continuum dominance or post-selection p-value
confirmation,proposal-k4-a0.02-b1,64,4,periodic,0.9798831438484163,0.9798831438484163,fair,event,sampled-actual,1024,1,0.8101434707641608,0.035139690880816934,0,0,0,a0.9-b0.9;a1-b1,3,a1-b1,0.8108625411987304,-0.0007190704345695353,accepted_lag1,-0.2171934470314109,0.0010663387628050765,-0.219285908251336,-0.21510098581148582,proposal-k4-a0.02-b1,0.9798831438484163,-0.2171934470314109,0,0.0010663387628050765,-0.219285908251336,-0.21510098581148582,0,Exploratory point-mean frontier/matching only; retain all points; no continuum dominance or post-selection p-value
confirmation,proposal-k4-a0.85-b0.5,64,4,periodic,0.5072324012942675,0.5072324012942675,fair,event,sampled-actual,1024,1,0.8101053237915037,0.04580542150420166,0,0,0,a0.55-b0.55;a0.6-b0.6;a0.65-b0.65;a0.7-b0.7;a0.75-b0.75;a0.8-b0.8;a0.9-b0.9;a1-b1;proposal-k4-a0.02-b1,12,a0.7-b0.7,0.8109598159790045,-0.0008544921875007772,accepted_lag1,-0.0034455954311729143,0.0010930909188448825,-0.005590552022189479,-0.0013006388401563497,proposal-k4-a0.85-b0.5,0.5072324012942675,-0.0034455954311729143,0,0.0010930909188448825,-0.005590552022189479,-0.0013006388401563497,0,Exploratory point-mean frontier/matching only; retain all points; no continuum dominance or post-selection p-value
confirmation,proposal-k4-a1-b0.001,64,4,periodic,0.017899178761415512,0.017899178761415512,fair,event,sampled-actual,1024,1,0.8093633651733397,0.24126261855292744,0,0,0,a0.05-b0.05;a0.1-b0.1;a0.15-b0.15;a0.2-b0.2;a0.25-b0.25;a0.3-b0.3;a0.35-b0.35;a0.4-b0.4;a0.45-b0.45;a0.5-b0.5;a0.55-b0.55;a0.6-b0.6;a0.65-b0.65;a0.7-b0.7;a0.75-b0.75;a0.8-b0.8;a0.85-b0.85;a0.9-b0.9;a0.95-b0.95;a1-b1;proposal-k4-a0.02-b1;proposal-k4-a0.85-b0.5;proposal-k4-a1-b0.05,24,a0.4-b0.4,0.8110513687133794,-0.0016880035400396176,accepted_lag1,0.7459993454352795,0.0008217375087269391,0.7443868617387797,0.7476118291317793,proposal-k4-a1-b0.001,0.017899178761415512,0.7459993454352795,0,0.0008217375087269391,0.7443868617387797,0.7476118291317793,0,Exploratory point-mean frontier/matching only; retain all points; no continuum dominance or post-selection p-value
confirmation,proposal-k4-a1-b0.05,64,4,periodic,0.06911854941535503,0.06911854941535503,fair,event,sampled-actual,1024,1,0.8099594116210949,0.11821072060145432,0,0,0,a0.1-b0.1;a0.15-b0.15;a0.2-b0.2;a0.25-b0.25;a0.3-b0.3;a0.35-b0.35;a0.4-b0.4;a0.45-b0.45;a0.5-b0.5;a0.55-b0.55;a0.6-b0.6;a0.65-b0.65;a0.7-b0.7;a0.75-b0.75;a0.8-b0.8;a0.85-b0.85;a0.9-b0.9;a1-b1;proposal-k4-a0.02-b1;proposal-k4-a0.85-b0.5,22,a0.4-b0.4,0.8110513687133794,-0.0010919570922844901,accepted_lag1,0.515878946648496,0.0009687810171965857,0.5139779215898637,0.5177799717071283,proposal-k4-a1-b0.05,0.06911854941535503,0.515878946648496,0,0.0009687810171965857,0.5139779215898637,0.5177799717071283,0,Exploratory point-mean frontier/matching only; retain all points; no continuum dominance or post-selection p-value
confirmation,a0-b0,64,8,periodic,0,0,fair,event,sampled-actual,1024,1,0.7752017974853526,1,0.025390625,1,1,,25,a0-b0,0.7752017974853526,0,accepted_lag1,1,0,1,1,a0-b0,0,1,0,0,1,1,0,Exploratory point-mean frontier/matching only; retain all points; no continuum dominance or post-selection p-value
confirmation,a0.02-b1,64,8,periodic,0.02,1,fair,event,sampled-actual,1024,0,0.7497711181640622,0.4431587911006192,0,1,,,23,a0.1-b0.1,0.7487106323242181,0.001060485839844083,accepted_lag1,0.352793138893586,0.005211330497258543,0.3425670199995852,0.36301925778758676,a0.15-b0.15,0.15,0.3106025461468924,0.04219059274669357,0.0020978705821002646,0.3064859248717556,0.31471916742202927,0,Exploratory point-mean frontier/matching only; retain all points; no continuum dominance or post-selection p-value
confirmation,a0.05-b0.05,64,8,periodic,0.05,0.05,fair,event,sampled-actual,1024,1,0.7482986450195321,0.31427188905185094,0,0,0,a0.1-b0.1;a0.2-b0.2;proposal-k8-a1-b0.05,23,a0.1-b0.1,0.7487106323242181,-0.0004119873046859457,accepted_lag1,0.5544426167826149,0.002486651642510724,0.5495630960234433,0.5593221375417864,a0.05-b0.05,0.05,0.5544426167826149,0,0.002486651642510724,0.5495630960234433,0.5593221375417864,0,Exploratory point-mean frontier/matching only; retain all points; no continuum dominance or post-selection p-value
confirmation,a0.1-b0.1,64,8,periodic,0.1,0.1,fair,event,sampled-actual,1024,1,0.7487106323242181,0.23328381216103145,0,1,1,,21,a0.1-b0.1,0.7487106323242181,0,accepted_lag1,0.40511547227340977,0.0021445349576202453,0.40090728216524024,0.4093236623815793,a0.1-b0.1,0.1,0.40511547227340977,0,0.0021445349576202453,0.40090728216524024,0.4093236623815793,0,Exploratory point-mean frontier/matching only; retain all points; no continuum dominance or post-selection p-value
confirmation,a0.15-b0.15,64,8,periodic,0.15,0.15,fair,event,sampled-actual,1024,1,0.7477703094482413,0.19384852594132626,0,0,0,a0.2-b0.2;a0.3-b0.3;a0.8-b0.8;a0.9-b0.9;proposal-k8-a0.02-b1,20,a0.2-b0.2,0.7484207153320318,-0.0006504058837905058,accepted_lag1,0.3106025461468924,0.0020978705821002646,0.3064859248717556,0.31471916742202927,a0.15-b0.15,0.15,0.3106025461468924,0,0.0020978705821002646,0.3064859248717556,0.31471916742202927,0,Exploratory point-mean frontier/matching only; retain all points; no continuum dominance or post-selection p-value
confirmation,a0.2-b0.2,64,8,periodic,0.2,0.2,fair,event,sampled-actual,1024,1,0.7484207153320318,0.16692365509973422,0,1,1,,19,a0.2-b0.2,0.7484207153320318,0,accepted_lag1,0.2383450569924671,0.0019263407460099248,0.23456502624803083,0.2421250877369034,a0.2-b0.2,0.2,0.2383450569924671,0,0.0019263407460099248,0.23456502624803083,0.2421250877369034,0,Exploratory point-mean frontier/matching only; retain all points; no continuum dominance or post-selection p-value
confirmation,a0.25-b0.25,64,8,periodic,0.25,0.25,fair,event,sampled-actual,1024,1,0.7475109100341807,0.15185837269930874,0,0,0,a0.3-b0.3;a0.4-b0.4;a0.45-b0.45;a0.6-b0.6;a0.65-b0.65;a0.75-b0.75;a0.8-b0.8;a0.9-b0.9;a0.95-b0.95;proposal-k8-a0.02-b1,18,a0.3-b0.3,0.748022079467774,-0.0005111694335933059,accepted_lag1,0.18746206027687853,0.001872361052948111,0.18378795310789045,0.19113616744586662,a0.25-b0.25,0.25,0.18746206027687853,0,0.001872361052948111,0.18378795310789045,0.19113616744586662,0,Exploratory point-mean frontier/matching only; retain all points; no continuum dominance or post-selection p-value
confirmation,a0.3-b0.3,64,8,periodic,0.3,0.3,fair,event,sampled-actual,1024,1,0.748022079467774,0.13895675145530814,0,0,1,,17,a0.3-b0.3,0.748022079467774,0,accepted_lag1,0.14275218927655006,0.0019394354613082169,0.13894646296059057,0.14655791559250955,a0.3-b0.3,0.3,0.14275218927655006,0,0.0019394354613082169,0.13894646296059057,0.14655791559250955,0,Exploratory point-mean frontier/matching only; retain all points; no continuum dominance or post-selection p-value
confirmation,a0.35-b0.35,64,8,periodic,0.35,0.35,fair,event,sampled-actual,1024,1,0.7474365234375001,0.1270772054548698,0,0,0,a0.4-b0.4;a0.45-b0.45;a0.5-b0.5;a0.6-b0.6;a0.65-b0.65;a0.7-b0.7;a0.75-b0.75;a0.8-b0.8;a0.9-b0.9;a0.95-b0.95;a1-b1;proposal-k8-a0.02-b1,16,a0.8-b0.8,0.7479629516601557,-0.0005264282226555839,accepted_lag1,0.1044071333424056,0.0018173887803069823,0.10084089747350054,0.10797336921131066,a0.35-b0.35,0.35,0.1044071333424056,0,0.0018173887803069823,0.10084089747350054,0.10797336921131066,0,Exploratory point-mean frontier/matching only; retain all points; no continuum dominance or post-selection p-value
confirmation,a0.4-b0.4,64,8,periodic,0.4,0.4,fair,event,sampled-actual,1024,1,0.747566223144532,0.11666852224627189,0,0,0,a0.45-b0.45;a0.6-b0.6;a0.75-b0.75;a0.8-b0.8;a0.9-b0.9;a0.95-b0.95;proposal-k8-a0.02-b1,15,a0.8-b0.8,0.7479629516601557,-0.00039672851562366773,accepted_lag1,0.07163217149175008,0.0017167973730616694,0.0682633246947426,0.07500101828875756,a0.4-b0.4,0.4,0.07163217149175008,0,0.0017167973730616694,0.0682633246947426,0.07500101828875756,0,Exploratory point-mean frontier/matching only; retain all points; no continuum dominance or post-selection p-value
confirmation,a0.45-b0.45,64,8,periodic,0.45,0.45,fair,event,sampled-actual,1024,1,0.7476100921630862,0.1110300555408204,0,0,0,a0.6-b0.6;a0.75-b0.75;a0.8-b0.8;a0.9-b0.9;a0.95-b0.95;proposal-k8-a0.02-b1,14,a0.8-b0.8,0.7479629516601557,-0.00035285949706953534,accepted_lag1,0.04180241016660625,0.0017935142019114903,0.038283023039561805,0.04532179729365069,a0.45-b0.45,0.45,0.04180241016660625,0,0.0017935142019114903,0.038283023039561805,0.04532179729365069,0,Exploratory point-mean frontier/matching only; retain all points; no continuum dominance or post-selection p-value
confirmation,a0.5-b0.5,64,8,periodic,0.5,0.5,fair,event,sampled-actual,1024,1,0.747459411621094,0.10732796796993907,0,0,0,a0.6-b0.6;a0.65-b0.65;a0.75-b0.75;a0.8-b0.8;a0.9-b0.9;a0.95-b0.95;a1-b1;proposal-k8-a0.02-b1,12,a0.8-b0.8,0.7479629516601557,-0.0005035400390617228,accepted_lag1,0.01683693969234264,0.0017846081173386822,0.01333502884698278,0.0203388505377025,a0.5-b0.5,0.5,0.01683693969234264,0,0.0017846081173386822,0.01333502884698278,0.0203388505377025,0,Exploratory point-mean frontier/matching only; retain all points; no continuum dominance or post-selection p-value
confirmation,a0.55-b0.55,64,8,periodic,0.55,0.55,fair,event,sampled-actual,1024,1,0.7472610473632814,0.10283371199720573,0,0,0,a0.6-b0.6;a0.65-b0.65;a0.7-b0.7;a0.75-b0.75;a0.8-b0.8;a0.85-b0.85;a0.9-b0.9;a0.95-b0.95;a1-b1;proposal-k8-a0.02-b1,11,a0.8-b0.8,0.7479629516601557,-0.0007019042968743339,accepted_lag1,-0.004453878254015038,0.0017401521615015552,-0.007868553816528021,-0.0010392026915020552,a0.55-b0.55,0.55,-0.004453878254015038,0,0.0017401521615015552,-0.007868553816528021,-0.0010392026915020552,0,Exploratory point-mean frontier/matching only; retain all points; no continuum dominance or post-selection p-value
confirmation,a0.6-b0.6,64,8,periodic,0.6,0.6,fair,event,sampled-actual,1024,1,0.747646331787109,0.0976260379424454,0,0,0,a0.75-b0.75;a0.8-b0.8;a0.9-b0.9;a0.95-b0.95;proposal-k8-a0.02-b1,10,a0.8-b0.8,0.7479629516601557,-0.00031661987304665296,accepted_lag1,-0.02924142739790983,0.0017428110095392148,-0.03266132037969194,-0.02582153441612772,a0.6-b0.6,0.6,-0.02924142739790983,0,0.0017428110095392148,-0.03266132037969194,-0.02582153441612772,0,Exploratory point-mean frontier/matching only; retain all points; no continuum dominance or post-selection p-value
confirmation,a0.65-b0.65,64,8,periodic,0.65,0.65,fair,event,sampled-actual,1024,1,0.7475624084472667,0.09744425479958015,0,0,0,a0.75-b0.75;a0.8-b0.8;a0.9-b0.9;a0.95-b0.95;proposal-k8-a0.02-b1,9,a0.8-b0.8,0.7479629516601557,-0.00040054321288895967,accepted_lag1,-0.04735717580438711,0.0017353346078223808,-0.05076239795059356,-0.04395195365818065,a0.65-b0.65,0.65,-0.04735717580438711,0,0.0017353346078223808,-0.05076239795059356,-0.04395195365818065,0,Exploratory point-mean frontier/matching only; retain all points; no continuum dominance or post-selection p-value
confirmation,a0.7-b0.7,64,8,periodic,0.7,0.7,fair,event,sampled-actual,1024,1,0.7474517822265618,0.09418561262788694,0,0,0,a0.75-b0.75;a0.8-b0.8;a0.9-b0.9;a0.95-b0.95;a1-b1;proposal-k8-a0.02-b1,8,a0.8-b0.8,0.7479629516601557,-0.000511169433593861,accepted_lag1,-0.06640743207687873,0.0017507550718741563,-0.06984291357794228,-0.06297195057581517,a0.7-b0.7,0.7,-0.06640743207687873,0,0.0017507550718741563,-0.06984291357794228,-0.06297195057581517,0,Exploratory point-mean frontier/matching only; retain all points; no continuum dominance or post-selection p-value
confirmation,a0.75-b0.75,64,8,periodic,0.75,0.75,fair,event,sampled-actual,1024,1,0.747764587402344,0.09056283389064783,0,0,0,a0.9-b0.9;proposal-k8-a0.02-b1,6,a0.9-b0.9,0.7478637695312501,-0.00009918212890613898,accepted_lag1,-0.08364708385569967,0.0017748756394275582,-0.087129896799611,-0.08016427091178835,a0.75-b0.75,0.75,-0.08364708385569967,0,0.0017748756394275582,-0.087129896799611,-0.08016427091178835,0,Exploratory point-mean frontier/matching only; retain all points; no continuum dominance or post-selection p-value
confirmation,a0.8-b0.8,64,8,periodic,0.8,0.8,fair,event,sampled-actual,1024,1,0.7479629516601557,0.09106424603079764,0,0,1,,7,a0.8-b0.8,0.7479629516601557,0,accepted_lag1,-0.09873288741276022,0.0017031851700834216,-0.10207502317961177,-0.09539075164590867,a0.8-b0.8,0.8,-0.09873288741276022,0,0.0017031851700834216,-0.10207502317961177,-0.09539075164590867,0,Exploratory point-mean frontier/matching only; retain all points; no continuum dominance or post-selection p-value
confirmation,a0.85-b0.5,64,8,periodic,0.85,0.5,fair,event,sampled-actual,1024,0,0.7472496032714847,0.073614784294419,0,0,,,0,,,,accepted_lag1,-0.15963656323563788,0.001662077469133583,-0.1628980339520588,-0.15637509251921697,a1-b1,1,-0.15603738720521537,0.0035991760304225073,0.00162423958780366,-0.15922460919122464,-0.1528501652192061,1,Exploratory point-mean frontier/matching only; retain all points; no continuum dominance or post-selection p-value
confirmation,a0.85-b0.85,64,8,periodic,0.85,0.85,fair,event,sampled-actual,1024,1,0.7473793029785152,0.08399597970673923,0,0,0,a0.9-b0.9;a0.95-b0.95;a1-b1;proposal-k8-a0.02-b1,5,a0.9-b0.9,0.7478637695312501,-0.0004844665527349301,accepted_lag1,-0.11576650670191588,0.0016800305423732432,-0.11906320647578345,-0.11246980692804831,a0.85-b0.85,0.85,-0.11576650670191588,0,0.0016800305423732432,-0.11906320647578345,-0.11246980692804831,0,Exploratory point-mean frontier/matching only; retain all points; no continuum dominance or post-selection p-value
confirmation,a0.9-b0.9,64,8,periodic,0.9,0.9,fair,event,sampled-actual,1024,1,0.7478637695312501,0.08151042312726905,0,0,1,,4,a0.9-b0.9,0.7478637695312501,0,accepted_lag1,-0.1316121405650366,0.0016244246277355245,-0.1347997256522432,-0.12842455547782997,a0.9-b0.9,0.9,-0.1316121405650366,0,0.0016244246277355245,-0.1347997256522432,-0.12842455547782997,0,Exploratory point-mean frontier/matching only; retain all points; no continuum dominance or post-selection p-value
confirmation,a0.95-b0.95,64,8,periodic,0.95,0.95,fair,event,sampled-actual,1024,1,0.7476673126220701,0.0808795049558387,0,0,0,proposal-k8-a0.02-b1,2,proposal-k8-a0.02-b1,0.7478599548339847,-0.0001926422119146176,accepted_lag1,-0.14302924070955267,0.0016655766251322875,-0.14629757776947075,-0.1397609036496346,a0.95-b0.95,0.95,-0.14302924070955267,0,0.0016655766251322875,-0.14629757776947075,-0.1397609036496346,0,Exploratory point-mean frontier/matching only; retain all points; no continuum dominance or post-selection p-value
confirmation,a1-b0.001,64,8,periodic,1,0.001,fair,event,sampled-actual,1024,0,0.7481899261474614,0.03365608403775512,0,1,,,0,,,,accepted_lag1,-0.9008597572681107,0.0012507087978713654,-0.9033140051565403,-0.8984055093796812,a1-b1,1,-0.15603738720521537,0.7448223700628953,0.00162423958780366,-0.15922460919122464,-0.1528501652192061,1,Exploratory point-mean frontier/matching only; retain all points; no continuum dominance or post-selection p-value
confirmation,a1-b0.05,64,8,periodic,1,0.05,fair,event,sampled-actual,1024,0,0.7472019195556644,0.042879779062313106,0,0,,,0,,,,accepted_lag1,-0.5539633339431074,0.001318207412412271,-0.5565500333921967,-0.5513766344940181,a1-b1,1,-0.15603738720521537,0.397925946737892,0.00162423958780366,-0.15922460919122464,-0.1528501652192061,1,Exploratory point-mean frontier/matching only; retain all points; no continuum dominance or post-selection p-value
confirmation,a1-b1,64,8,periodic,1,1,fair,event,sampled-actual,1024,1,0.7474918365478515,0.08101869529085784,0,0,0,a0.95-b0.95;proposal-k8-a0.02-b1,3,proposal-k8-a0.02-b1,0.7478599548339847,-0.0003681182861332566,accepted_lag1,-0.15603738720521537,0.00162423958780366,-0.15922460919122464,-0.1528501652192061,a1-b1,1,-0.15603738720521537,0,0.00162423958780366,-0.15922460919122464,-0.1528501652192061,0,Exploratory point-mean frontier/matching only; retain all points; no continuum dominance or post-selection p-value
confirmation,proposal-k8-a0.02-b1,64,8,periodic,0.987607659064015,0.987607659064015,fair,event,sampled-actual,1024,1,0.7478599548339847,0.0764623051618554,0,0,1,,1,proposal-k8-a0.02-b1,0.7478599548339847,0,accepted_lag1,-0.15354519092733557,0.0016148241935997447,-0.15671393722069518,-0.15037644463397595,proposal-k8-a0.02-b1,0.987607659064015,-0.15354519092733557,0,0.0016148241935997447,-0.15671393722069518,-0.15037644463397595,0,Exploratory point-mean frontier/matching only; retain all points; no continuum dominance or post-selection p-value
confirmation,proposal-k8-a0.85-b0.5,64,8,periodic,0.5051811708855898,0.5051811708855898,fair,event,sampled-actual,1024,1,0.7470912933349613,0.10809938286113727,0,0,0,a0.5-b0.5;a0.55-b0.55;a0.6-b0.6;a0.65-b0.65;a0.7-b0.7;a0.75-b0.75;a0.8-b0.8;a0.85-b0.85;a0.9-b0.9;a0.95-b0.95;a1-b1;proposal-k8-a0.02-b1,13,a0.8-b0.8,0.7479629516601557,-0.0008716583251944243,accepted_lag1,0.01503318348044289,0.001777150736823707,0.011545906145627805,0.018520460815257975,proposal-k8-a0.85-b0.5,0.5051811708855898,0.01503318348044289,0,0.001777150736823707,0.011545906145627805,0.018520460815257975,0,Exploratory point-mean frontier/matching only; retain all points; no continuum dominance or post-selection p-value
confirmation,proposal-k8-a1-b0.001,64,8,periodic,0.01116871368486295,0.01116871368486295,fair,event,sampled-actual,1024,1,0.7530937194824225,0.5422361765223744,0,1,1,,24,proposal-k8-a1-b0.001,0.7530937194824225,0,accepted_lag1,0.805944021386185,0.0024210242034596015,0.8011932804069177,0.8106947623654523,proposal-k8-a1-b0.001,0.01116871368486295,0.805944021386185,0,0.0024210242034596015,0.8011932804069177,0.8106947623654523,0,Exploratory point-mean frontier/matching only; retain all points; no continuum dominance or post-selection p-value
confirmation,proposal-k8-a1-b0.05,64,8,periodic,0.06146482435046821,0.06146482435046821,fair,event,sampled-actual,1024,1,0.7485961914062496,0.2861254961600211,0,0,0,a0.1-b0.1,22,a0.1-b0.1,0.7487106323242181,-0.00011444091796852796,accepted_lag1,0.5092070889699442,0.002274818658952643,0.5047432450281756,0.5136709329117127,proposal-k8-a1-b0.05,0.06146482435046821,0.5092070889699442,0,0.002274818658952643,0.5047432450281756,0.5136709329117127,0,Exploratory point-mean frontier/matching only; retain all points; no continuum dominance or post-selection p-value
landscape,a0-b0.05,64,4,periodic,0,0.05,fair,event,sampled-actual,64,0,0.80810546875,0.3546948180551683,0,0,,a0.05-b0.05;a0.1-b0.1;a0.15-b0.15;a0.2-b0.2;a0.25-b0.25;a0.3-b0.3;a0.35-b0.35;a0.4-b0.4;a0.45-b0.45;a0.5-b0.5;a0.55-b0.55;a0.6-b0.6;a0.65-b0.65;a0.7-b0.7;a0.75-b0.75;a0.8-b0.8;a0.85-b0.85;a0.9-b0.9;a0.95-b0.95;a1-b1,20,a0.3-b0.3,0.8116149902343752,-0.003509521484375222,accepted_lag1,0.6690486548553655,0.004843403125020147,0.6593698860268661,0.6787274236838649,a0.05-b0.05,0.05,0.5776566401572937,0.09139201469807179,0.003952251313221285,0.5697586961238528,0.5855545841907346,0,Exploratory point-mean frontier/matching only; retain all points; no continuum dominance or post-selection p-value
landscape,a0-b0.1,64,4,periodic,0,0.1,fair,event,sampled-actual,64,0,0.8078460693359376,0.35347109547539685,0,0,,a0.05-b0.05;a0.1-b0.1;a0.15-b0.15;a0.2-b0.2;a0.25-b0.25;a0.3-b0.3;a0.35-b0.35;a0.4-b0.4;a0.45-b0.45;a0.5-b0.5;a0.55-b0.55;a0.6-b0.6;a0.65-b0.65;a0.7-b0.7;a0.75-b0.75;a0.8-b0.8;a0.85-b0.85;a0.9-b0.9;a0.95-b0.95;a1-b1,20,a0.3-b0.3,0.8116149902343752,-0.003768920898437611,accepted_lag1,0.5792860624733173,0.005016311256770951,0.5692617643150087,0.5893103606316258,a0.05-b0.05,0.05,0.5776566401572937,0.0016294223160235877,0.003952251313221285,0.5697586961238528,0.5855545841907346,0,Exploratory point-mean frontier/matching only; retain all points; no continuum dominance or post-selection p-value
landscape,a0-b0.15,64,4,periodic,0,0.15,fair,event,sampled-actual,64,0,0.8077545166015625,0.29419733148475824,0,0,,a0.05-b0.05;a0.1-b0.1;a0.15-b0.15;a0.2-b0.2;a0.25-b0.25;a0.3-b0.3;a0.35-b0.35;a0.4-b0.4;a0.45-b0.45;a0.5-b0.5;a0.55-b0.55;a0.6-b0.6;a0.65-b0.65;a0.7-b0.7;a0.75-b0.75;a0.8-b0.8;a0.85-b0.85;a0.9-b0.9;a0.95-b0.95;a1-b1,20,a0.3-b0.3,0.8116149902343752,-0.003860473632812722,accepted_lag1,0.5105003686804906,0.005344101842247672,0.4998210333057674,0.521179704055214,a0.05-b0.05,0.05,0.5776566401572937,0.06715627147680303,0.003952251313221285,0.5697586961238528,0.5855545841907346,0,Exploratory point-mean frontier/matching only; retain all points; no continuum dominance or post-selection p-value
landscape,a0-b0.2,64,4,periodic,0,0.2,fair,event,sampled-actual,64,0,0.8094177246093751,0.30186591358299186,0,0,,a0.05-b0.05;a0.1-b0.1;a0.2-b0.2;a0.25-b0.25;a0.3-b0.3;a0.35-b0.35;a0.4-b0.4;a0.45-b0.45;a0.5-b0.5;a0.55-b0.55;a0.65-b0.65;a0.7-b0.7;a0.75-b0.75;a0.8-b0.8;a0.85-b0.85;a0.9-b0.9;a0.95-b0.95;a1-b1,20,a0.3-b0.3,0.8116149902343752,-0.002197265625000111,accepted_lag1,0.4758083670586831,0.005747104003288581,0.46432369612682833,0.4872930379905379,a0.1-b0.1,0.1,0.4387780607880675,0.0370303062706156,0.0042518090664556115,0.430281498351512,0.447274623224623,0,Exploratory point-mean frontier/matching only; retain all points; no continuum dominance or post-selection p-value
landscape,a0-b0.25,64,4,periodic,0,0.25,fair,event,sampled-actual,64,0,0.8085327148437497,0.2884623330063555,0,0,,a0.05-b0.05;a0.1-b0.1;a0.15-b0.15;a0.2-b0.2;a0.25-b0.25;a0.3-b0.3;a0.35-b0.35;a0.4-b0.4;a0.45-b0.45;a0.5-b0.5;a0.55-b0.55;a0.6-b0.6;a0.65-b0.65;a0.7-b0.7;a0.75-b0.75;a0.8-b0.8;a0.85-b0.85;a0.9-b0.9;a0.95-b0.95;a1-b1,20,a0.3-b0.3,0.8116149902343752,-0.003082275390625555,accepted_lag1,0.44654018101898646,0.005442964673229276,0.43566328404096427,0.45741707799700865,a0.1-b0.1,0.1,0.4387780607880675,0.007762120230918934,0.0042518090664556115,0.430281498351512,0.447274623224623,0,Exploratory point-mean frontier/matching only; retain all points; no continuum dominance or post-selection p-value
landscape,a0-b0.3,64,4,periodic,0,0.3,fair,event,sampled-actual,64,0,0.8080444335937499,0.27679900832411286,0,0,,a0.05-b0.05;a0.1-b0.1;a0.15-b0.15;a0.2-b0.2;a0.25-b0.25;a0.3-b0.3;a0.35-b0.35;a0.4-b0.4;a0.45-b0.45;a0.5-b0.5;a0.55-b0.55;a0.6-b0.6;a0.65-b0.65;a0.7-b0.7;a0.75-b0.75;a0.8-b0.8;a0.85-b0.85;a0.9-b0.9;a0.95-b0.95;a1-b1,20,a0.3-b0.3,0.8116149902343752,-0.003570556640625333,accepted_lag1,0.41751602111834324,0.0058444751788659785,0.40583676941865926,0.4291952728180272,a0.1-b0.1,0.1,0.4387780607880675,0.021262039669724286,0.0042518090664556115,0.430281498351512,0.447274623224623,0,Exploratory point-mean frontier/matching only; retain all points; no continuum dominance or post-selection p-value
landscape,a0-b0.35,64,4,periodic,0,0.35,fair,event,sampled-actual,64,0,0.809326171875,0.2680234589144637,0,0,,a0.05-b0.05;a0.1-b0.1;a0.2-b0.2;a0.25-b0.25;a0.3-b0.3;a0.35-b0.35;a0.4-b0.4;a0.45-b0.45;a0.5-b0.5;a0.55-b0.55;a0.65-b0.65;a0.7-b0.7;a0.75-b0.75;a0.8-b0.8;a0.85-b0.85;a0.9-b0.9;a0.95-b0.95;a1-b1,20,a0.3-b0.3,0.8116149902343752,-0.002288818359375222,accepted_lag1,0.3937833510603866,0.005948941684835504,0.3818953397064882,0.405671362414285,a0.15-b0.15,0.15,0.349562287049081,0.0442210640113056,0.003989387958743894,0.341590131351279,0.35753444274688295,0,Exploratory point-mean frontier/matching only; retain all points; no continuum dominance or post-selection p-value
landscape,a0-b0.4,64,4,periodic,0,0.4,fair,event,sampled-actual,64,0,0.8100585937499999,0.24037101512056577,0,0,,a0.1-b0.1;a0.2-b0.2;a0.25-b0.25;a0.3-b0.3;a0.35-b0.35;a0.4-b0.4;a0.45-b0.45;a0.5-b0.5;a0.55-b0.55;a0.65-b0.65;a0.7-b0.7;a0.8-b0.8;a0.85-b0.85;a0.9-b0.9;a0.95-b0.95;a1-b1,20,a0.3-b0.3,0.8116149902343752,-0.001556396484375333,accepted_lag1,0.36609547216791827,0.0053184060883509614,0.35546748565997743,0.3767234586758591,a0.15-b0.15,0.15,0.349562287049081,0.01653318511883728,0.003989387958743894,0.341590131351279,0.35753444274688295,0,Exploratory point-mean frontier/matching only; retain all points; no continuum dominance or post-selection p-value
landscape,a0-b0.45,64,4,periodic,0,0.45,fair,event,sampled-actual,64,0,0.8096771240234376,0.23994303818312282,0,0,,a0.1-b0.1;a0.2-b0.2;a0.25-b0.25;a0.3-b0.3;a0.35-b0.35;a0.4-b0.4;a0.45-b0.45;a0.5-b0.5;a0.55-b0.55;a0.65-b0.65;a0.7-b0.7;a0.75-b0.75;a0.8-b0.8;a0.85-b0.85;a0.9-b0.9;a0.95-b0.95;a1-b1,20,a0.3-b0.3,0.8116149902343752,-0.001937866210937611,accepted_lag1,0.35218761405498933,0.005561604768790803,0.341073633764038,0.36330159434594067,a0.15-b0.15,0.15,0.349562287049081,0.00262532700590834,0.003989387958743894,0.341590131351279,0.35753444274688295,0,Exploratory point-mean frontier/matching only; retain all points; no continuum dominance or post-selection p-value
landscape,a0-b0.5,64,4,periodic,0,0.5,fair,event,sampled-actual,64,0,0.8103637695312499,0.23945522604123143,0,0,,a0.1-b0.1;a0.2-b0.2;a0.25-b0.25;a0.3-b0.3;a0.4-b0.4;a0.45-b0.45;a0.5-b0.5;a0.55-b0.55;a0.65-b0.65;a0.7-b0.7;a0.8-b0.8;a0.85-b0.85;a0.9-b0.9;a0.95-b0.95;a1-b1,20,a0.3-b0.3,0.8116149902343752,-0.001251220703125333,accepted_lag1,0.3400459792946687,0.005701538912468484,0.3286523629311233,0.35143959565821403,a0.15-b0.15,0.15,0.349562287049081,0.009516307754412312,0.003989387958743894,0.341590131351279,0.35753444274688295,0,Exploratory point-mean frontier/matching only; retain all points; no continuum dominance or post-selection p-value
landscape,a0-b0.55,64,4,periodic,0,0.55,fair,event,sampled-actual,64,0,0.80914306640625,0.2436869390108112,0,0,,a0.05-b0.05;a0.1-b0.1;a0.15-b0.15;a0.2-b0.2;a0.25-b0.25;a0.3-b0.3;a0.35-b0.35;a0.4-b0.4;a0.45-b0.45;a0.5-b0.5;a0.55-b0.55;a0.6-b0.6;a0.65-b0.65;a0.7-b0.7;a0.75-b0.75;a0.8-b0.8;a0.85-b0.85;a0.9-b0.9;a0.95-b0.95;a1-b1,20,a0.3-b0.3,0.8116149902343752,-0.002471923828125222,accepted_lag1,0.33229314864103066,0.005606732462379429,0.32108898785039075,0.34349730943167056,a0.15-b0.15,0.15,0.349562287049081,0.017269138408050333,0.003989387958743894,0.341590131351279,0.35753444274688295,0,Exploratory point-mean frontier/matching only; retain all points; no continuum dominance or post-selection p-value
landscape,a0-b0.6,64,4,periodic,0,0.6,fair,event,sampled-actual,64,0,0.81005859375,0.2138112034519257,0,0,,a0.1-b0.1;a0.2-b0.2;a0.25-b0.25;a0.3-b0.3;a0.35-b0.35;a0.4-b0.4;a0.45-b0.45;a0.5-b0.5;a0.55-b0.55;a0.65-b0.65;a0.7-b0.7;a0.8-b0.8;a0.85-b0.85;a0.9-b0.9;a0.95-b0.95;a1-b1,20,a0.3-b0.3,0.8116149902343752,-0.001556396484375222,accepted_lag1,0.3082479592243522,0.0057573518395162854,0.2967428096258905,0.31975310882281394,a0.2-b0.2,0.2,0.2695888284416103,0.03865913078274191,0.0035036270123864773,0.2625873885368876,0.276590268346333,0,Exploratory point-mean frontier/matching only; retain all points; no continuum dominance or post-selection p-value
landscape,a0-b0.65,64,4,periodic,0,0.65,fair,event,sampled-actual,64,0,0.8094329833984375,0.22757644836416988,0,0,,a0.05-b0.05;a0.1-b0.1;a0.2-b0.2;a0.25-b0.25;a0.3-b0.3;a0.35-b0.35;a0.4-b0.4;a0.45-b0.45;a0.5-b0.5;a0.55-b0.55;a0.65-b0.65;a0.7-b0.7;a0.75-b0.75;a0.8-b0.8;a0.85-b0.85;a0.9-b0.9;a0.95-b0.95;a1-b1,20,a0.3-b0.3,0.8116149902343752,-0.002182006835937722,accepted_lag1,0.30888053523003517,0.00617005019698003,0.29655067377202193,0.3212103966880484,a0.2-b0.2,0.2,0.2695888284416103,0.03929170678842486,0.0035036270123864773,0.2625873885368876,0.276590268346333,0,Exploratory point-mean frontier/matching only; retain all points; no continuum dominance or post-selection p-value
landscape,a0-b0.7,64,4,periodic,0,0.7,fair,event,sampled-actual,64,0,0.8097076416015627,0.21748350296272884,0,0,,a0.1-b0.1;a0.2-b0.2;a0.25-b0.25;a0.3-b0.3;a0.35-b0.35;a0.4-b0.4;a0.45-b0.45;a0.5-b0.5;a0.55-b0.55;a0.65-b0.65;a0.7-b0.7;a0.75-b0.75;a0.8-b0.8;a0.85-b0.85;a0.9-b0.9;a0.95-b0.95;a1-b1,20,a0.3-b0.3,0.8116149902343752,-0.0019073486328125,accepted_lag1,0.2975809167185358,0.006175973683203285,0.2852392181178496,0.30992261531922205,a0.2-b0.2,0.2,0.2695888284416103,0.02799208827692551,0.0035036270123864773,0.2625873885368876,0.276590268346333,0,Exploratory point-mean frontier/matching only; retain all points; no continuum dominance or post-selection p-value
landscape,a0-b0.75,64,4,periodic,0,0.75,fair,event,sampled-actual,64,0,0.8094024658203123,0.2085956608660577,0,0,,a0.05-b0.05;a0.1-b0.1;a0.2-b0.2;a0.25-b0.25;a0.3-b0.3;a0.35-b0.35;a0.4-b0.4;a0.45-b0.45;a0.5-b0.5;a0.55-b0.55;a0.65-b0.65;a0.7-b0.7;a0.75-b0.75;a0.8-b0.8;a0.85-b0.85;a0.9-b0.9;a0.95-b0.95;a1-b1,20,a0.3-b0.3,0.8116149902343752,-0.002212524414062944,accepted_lag1,0.2944665166592251,0.005835892550388587,0.28280441597398887,0.3061286173444613,a0.2-b0.2,0.2,0.2695888284416103,0.02487768821761477,0.0035036270123864773,0.2625873885368876,0.276590268346333,0,Exploratory point-mean frontier/matching only; retain all points; no continuum dominance or post-selection p-value
landscape,a0-b0.8,64,4,periodic,0,0.8,fair,event,sampled-actual,64,0,0.8098449707031249,0.20549585868373849,0,0,,a0.1-b0.1;a0.2-b0.2;a0.25-b0.25;a0.3-b0.3;a0.35-b0.35;a0.4-b0.4;a0.45-b0.45;a0.5-b0.5;a0.55-b0.55;a0.65-b0.65;a0.7-b0.7;a0.75-b0.75;a0.8-b0.8;a0.85-b0.85;a0.9-b0.9;a0.95-b0.95;a1-b1,20,a0.3-b0.3,0.8116149902343752,-0.001770019531250333,accepted_lag1,0.2766261623261863,0.005693110708232995,0.2652493883848654,0.2880029362675072,a0.2-b0.2,0.2,0.2695888284416103,0.0070373338845760025,0.0035036270123864773,0.2625873885368876,0.276590268346333,0,Exploratory point-mean frontier/matching only; retain all points; no continuum dominance or post-selection p-value
landscape,a0-b0.85,64,4,periodic,0,0.85,fair,event,sampled-actual,64,0,0.8100738525390627,0.1940782186124043,0,0,,a0.1-b0.1;a0.2-b0.2;a0.25-b0.25;a0.3-b0.3;a0.35-b0.35;a0.4-b0.4;a0.45-b0.45;a0.5-b0.5;a0.55-b0.55;a0.65-b0.65;a0.7-b0.7;a0.8-b0.8;a0.85-b0.85;a0.9-b0.9;a0.95-b0.95;a1-b1,20,a0.3-b0.3,0.8116149902343752,-0.0015411376953125,accepted_lag1,0.2675386282120929,0.006468127115825812,0.2546131075623605,0.2804641488618253,a0.2-b0.2,0.2,0.2695888284416103,0.002050200229517407,0.0035036270123864773,0.2625873885368876,0.276590268346333,0,Exploratory point-mean frontier/matching only; retain all points; no continuum dominance or post-selection p-value
landscape,a0-b0.9,64,4,periodic,0,0.9,fair,event,sampled-actual,64,0,0.8100280761718749,0.18319718000868104,0,0,,a0.1-b0.1;a0.2-b0.2;a0.25-b0.25;a0.3-b0.3;a0.35-b0.35;a0.4-b0.4;a0.45-b0.45;a0.5-b0.5;a0.55-b0.55;a0.65-b0.65;a0.7-b0.7;a0.8-b0.8;a0.85-b0.85;a0.9-b0.9;a0.95-b0.95;a1-b1,20,a0.3-b0.3,0.8116149902343752,-0.001586914062500333,accepted_lag1,0.260821120059675,0.0052047405025659535,0.2504202761000977,0.2712219640192523,a0.2-b0.2,0.2,0.2695888284416103,0.008767708381935302,0.0035036270123864773,0.2625873885368876,0.276590268346333,0,Exploratory point-mean frontier/matching only; retain all points; no continuum dominance or post-selection p-value
landscape,a0-b0.95,64,4,periodic,0,0.95,fair,event,sampled-actual,64,0,0.8116607666015623,0.18354516868943482,0,0,,,20,a0.3-b0.3,0.8116149902343752,0.00004577636718705591,accepted_lag1,0.2543558665561617,0.005502209678795542,0.24336057788157459,0.2653511552307488,a0.2-b0.2,0.2,0.2695888284416103,0.015232961885448593,0.0035036270123864773,0.2625873885368876,0.276590268346333,0,Exploratory point-mean frontier/matching only; retain all points; no continuum dominance or post-selection p-value
landscape,a0-b0,64,4,periodic,0,0,fair,event,sampled-actual,64,1,0.8021850585937498,1,1,0,0,a0.05-b0.05;a0.1-b0.1;a0.15-b0.15;a0.2-b0.2;a0.25-b0.25;a0.3-b0.3;a0.35-b0.35;a0.4-b0.4;a0.45-b0.45;a0.5-b0.5;a0.55-b0.55;a0.6-b0.6;a0.65-b0.65;a0.7-b0.7;a0.75-b0.75;a0.8-b0.8;a0.85-b0.85;a0.9-b0.9;a0.95-b0.95;a1-b1,21,a0.3-b0.3,0.8116149902343752,-0.009429931640625444,accepted_lag1,1,0,1,1,a0-b0,0,1,0,0,1,1,0,Exploratory point-mean frontier/matching only; retain all points; no continuum dominance or post-selection p-value
landscape,a0-b1,64,4,periodic,0,1,fair,event,sampled-actual,64,0,0.8088836669921875,0.1731994662307916,0,0,,a0.05-b0.05;a0.1-b0.1;a0.15-b0.15;a0.2-b0.2;a0.25-b0.25;a0.3-b0.3;a0.35-b0.35;a0.4-b0.4;a0.45-b0.45;a0.5-b0.5;a0.55-b0.55;a0.6-b0.6;a0.65-b0.65;a0.7-b0.7;a0.75-b0.75;a0.8-b0.8;a0.85-b0.85;a0.9-b0.9;a0.95-b0.95;a1-b1,20,a0.3-b0.3,0.8116149902343752,-0.002731323242187722,accepted_lag1,0.2514175166656223,0.005228771829699086,0.2409686499307443,0.2618663834005003,a0.2-b0.2,0.2,0.2695888284416103,0.01817131177598802,0.0035036270123864773,0.2625873885368876,0.276590268346333,0,Exploratory point-mean frontier/matching only; retain all points; no continuum dominance or post-selection p-value
landscape,a0.05-b0.05,64,4,periodic,0.05,0.05,fair,event,sampled-actual,64,1,0.8094635009765626,0.12817755919747822,0,0,0,a0.1-b0.1;a0.2-b0.2;a0.25-b0.25;a0.3-b0.3;a0.35-b0.35;a0.4-b0.4;a0.45-b0.45;a0.5-b0.5;a0.55-b0.55;a0.65-b0.65;a0.7-b0.7;a0.75-b0.75;a0.8-b0.8;a0.85-b0.85;a0.9-b0.9;a0.95-b0.95;a1-b1,20,a0.3-b0.3,0.8116149902343752,-0.002151489257812611,accepted_lag1,0.5776566401572937,0.003952251313221285,0.5697586961238528,0.5855545841907346,a0.05-b0.05,0.05,0.5776566401572937,0,0.003952251313221285,0.5697586961238528,0.5855545841907346,0,Exploratory point-mean frontier/matching only; retain all points; no continuum dominance or post-selection p-value
landscape,a0.05-b0.1,64,4,periodic,0.05,0.1,fair,event,sampled-actual,64,0,0.8114624023437498,0.12118824427118285,0,0,,a0.2-b0.2;a0.3-b0.3;a0.85-b0.85;a1-b1,19,a0.3-b0.3,0.8116149902343752,-0.0001525878906254441,accepted_lag1,0.49622542561758004,0.003812627067203479,0.4886064983756754,0.5038443528594847,a0.1-b0.1,0.1,0.4387780607880675,0.057447364829512515,0.0042518090664556115,0.430281498351512,0.447274623224623,0,Exploratory point-mean frontier/matching only; retain all points; no continuum dominance or post-selection p-value
landscape,a0.05-b0.15,64,4,periodic,0.05,0.15,fair,event,sampled-actual,64,0,0.8097534179687501,0.13909229612103852,0,0,,a0.1-b0.1;a0.2-b0.2;a0.25-b0.25;a0.3-b0.3;a0.35-b0.35;a0.4-b0.4;a0.45-b0.45;a0.5-b0.5;a0.55-b0.55;a0.65-b0.65;a0.7-b0.7;a0.75-b0.75;a0.8-b0.8;a0.85-b0.85;a0.9-b0.9;a0.95-b0.95;a1-b1,20,a0.3-b0.3,0.8116149902343752,-0.001861572265625111,accepted_lag1,0.4416607480115171,0.003913412083862894,0.4338404179847433,0.4494810780382909,a0.1-b0.1,0.1,0.4387780607880675,0.002882687223449587,0.0042518090664556115,0.430281498351512,0.447274623224623,0,Exploratory point-mean frontier/matching only; retain all points; no continuum dominance or post-selection p-value
landscape,a0.05-b0.2,64,4,periodic,0.05,0.2,fair,event,sampled-actual,64,0,0.8097991943359375,0.13126773181760018,0,0,,a0.1-b0.1;a0.2-b0.2;a0.25-b0.25;a0.3-b0.3;a0.35-b0.35;a0.4-b0.4;a0.45-b0.45;a0.5-b0.5;a0.55-b0.55;a0.65-b0.65;a0.7-b0.7;a0.75-b0.75;a0.8-b0.8;a0.85-b0.85;a0.9-b0.9;a0.95-b0.95;a1-b1,20,a0.3-b0.3,0.8116149902343752,-0.001815795898437722,accepted_lag1,0.4018219274000663,0.003843341238398268,0.39414162278463316,0.4095022320154994,a0.1-b0.1,0.1,0.4387780607880675,0.036956133388001244,0.0042518090664556115,0.430281498351512,0.447274623224623,0,Exploratory point-mean frontier/matching only; retain all points; no continuum dominance or post-selection p-value
landscape,a0.05-b0.25,64,4,periodic,0.05,0.25,fair,event,sampled-actual,64,0,0.8110656738281249,0.11726239012288625,0,0,,a0.2-b0.2;a0.3-b0.3;a0.65-b0.65;a0.7-b0.7;a0.85-b0.85;a1-b1,19,a0.3-b0.3,0.8116149902343752,-0.0005493164062503331,accepted_lag1,0.3721198816727182,0.003955697659203303,0.3642150506663779,0.3800247126790585,a0.15-b0.15,0.15,0.349562287049081,0.02255759462363721,0.003989387958743894,0.341590131351279,0.35753444274688295,0,Exploratory point-mean frontier/matching only; retain all points; no continuum dominance or post-selection p-value
landscape,a0.05-b0.3,64,4,periodic,0.05,0.3,fair,event,sampled-actual,64,0,0.80950927734375,0.1312582111508518,0,0,,a0.1-b0.1;a0.2-b0.2;a0.25-b0.25;a0.3-b0.3;a0.35-b0.35;a0.4-b0.4;a0.45-b0.45;a0.5-b0.5;a0.55-b0.55;a0.65-b0.65;a0.7-b0.7;a0.75-b0.75;a0.8-b0.8;a0.85-b0.85;a0.9-b0.9;a0.95-b0.95;a1-b1,20,a0.3-b0.3,0.8116149902343752,-0.002105712890625222,accepted_lag1,0.34888306481290376,0.003884601965375655,0.3411203072139379,0.35664582241186965,a0.15-b0.15,0.15,0.349562287049081,0.0006792222361772238,0.003989387958743894,0.341590131351279,0.35753444274688295,0,Exploratory point-mean frontier/matching only; retain all points; no continuum dominance or post-selection p-value
landscape,a0.05-b0.35,64,4,periodic,0.05,0.35,fair,event,sampled-actual,64,0,0.8093566894531248,0.13188323460103288,0,0,,a0.05-b0.05;a0.1-b0.1;a0.2-b0.2;a0.25-b0.25;a0.3-b0.3;a0.35-b0.35;a0.4-b0.4;a0.45-b0.45;a0.5-b0.5;a0.55-b0.55;a0.65-b0.65;a0.7-b0.7;a0.75-b0.75;a0.8-b0.8;a0.85-b0.85;a0.9-b0.9;a0.95-b0.95;a1-b1,20,a0.3-b0.3,0.8116149902343752,-0.002258300781250444,accepted_lag1,0.3340639989926755,0.004575624811786476,0.3249203424239188,0.34320765556143223,a0.15-b0.15,0.15,0.349562287049081,0.015498288056405463,0.003989387958743894,0.341590131351279,0.35753444274688295,0,Exploratory point-mean frontier/matching only; retain all points; no continuum dominance or post-selection p-value
landscape,a0.05-b0.4,64,4,periodic,0.05,0.4,fair,event,sampled-actual,64,0,0.809051513671875,0.1219764209164296,0,0,,a0.1-b0.1;a0.15-b0.15;a0.2-b0.2;a0.25-b0.25;a0.3-b0.3;a0.35-b0.35;a0.4-b0.4;a0.45-b0.45;a0.5-b0.5;a0.55-b0.55;a0.6-b0.6;a0.65-b0.65;a0.7-b0.7;a0.75-b0.75;a0.8-b0.8;a0.85-b0.85;a0.9-b0.9;a0.95-b0.95;a1-b1,19,a0.3-b0.3,0.8116149902343752,-0.002563476562500222,accepted_lag1,0.3138317886208633,0.004345774056757653,0.3051474521346097,0.3225161251071169,a0.15-b0.15,0.15,0.349562287049081,0.03573049842821768,0.003989387958743894,0.341590131351279,0.35753444274688295,0,Exploratory point-mean frontier/matching only; retain all points; no continuum dominance or post-selection p-value
landscape,a0.05-b0.45,64,4,periodic,0.05,0.45,fair,event,sampled-actual,64,0,0.81097412109375,0.1313838593844925,0,0,,a0.2-b0.2;a0.3-b0.3;a0.4-b0.4;a0.65-b0.65;a0.7-b0.7;a0.85-b0.85;a1-b1,20,a0.3-b0.3,0.8116149902343752,-0.000640869140625222,accepted_lag1,0.298865883103611,0.004703474534285158,0.28946673925103517,0.30826502695618685,a0.2-b0.2,0.2,0.2695888284416103,0.0292770546620007,0.0035036270123864773,0.2625873885368876,0.276590268346333,0,Exploratory point-mean frontier/matching only; retain all points; no continuum dominance or post-selection p-value
landscape,a0.05-b0.5,64,4,periodic,0.05,0.5,fair,event,sampled-actual,64,0,0.8090972900390625,0.12229653432865233,0,0,,a0.1-b0.1;a0.15-b0.15;a0.2-b0.2;a0.25-b0.25;a0.3-b0.3;a0.35-b0.35;a0.4-b0.4;a0.45-b0.45;a0.5-b0.5;a0.55-b0.55;a0.6-b0.6;a0.65-b0.65;a0.7-b0.7;a0.75-b0.75;a0.8-b0.8;a0.85-b0.85;a0.9-b0.9;a0.95-b0.95;a1-b1,19,a0.3-b0.3,0.8116149902343752,-0.002517700195312722,accepted_lag1,0.2871453621166261,0.004743733942631968,0.27766576625613293,0.2966249579771193,a0.2-b0.2,0.2,0.2695888284416103,0.017556533675015806,0.0035036270123864773,0.2625873885368876,0.276590268346333,0,Exploratory point-mean frontier/matching only; retain all points; no continuum dominance or post-selection p-value
landscape,a0.05-b0.55,64,4,periodic,0.05,0.55,fair,event,sampled-actual,64,0,0.808868408203125,0.13901512315343673,0,0,,a0.05-b0.05;a0.1-b0.1;a0.15-b0.15;a0.2-b0.2;a0.25-b0.25;a0.3-b0.3;a0.35-b0.35;a0.4-b0.4;a0.45-b0.45;a0.5-b0.5;a0.55-b0.55;a0.6-b0.6;a0.65-b0.65;a0.7-b0.7;a0.75-b0.75;a0.8-b0.8;a0.85-b0.85;a0.9-b0.9;a0.95-b0.95;a1-b1,20,a0.3-b0.3,0.8116149902343752,-0.002746582031250222,accepted_lag1,0.2750038106880679,0.004280825407874888,0.26644926372005867,0.2835583576560771,a0.2-b0.2,0.2,0.2695888284416103,0.005414982246457589,0.0035036270123864773,0.2625873885368876,0.276590268346333,0,Exploratory point-mean frontier/matching only; retain all points; no continuum dominance or post-selection p-value
landscape,a0.05-b0.6,64,4,periodic,0.05,0.6,fair,event,sampled-actual,64,0,0.8104858398437502,0.13892590822583192,0,0,,a0.1-b0.1;a0.2-b0.2;a0.25-b0.25;a0.3-b0.3;a0.4-b0.4;a0.45-b0.45;a0.5-b0.5;a0.55-b0.55;a0.65-b0.65;a0.7-b0.7;a0.8-b0.8;a0.85-b0.85;a0.95-b0.95;a1-b1,20,a0.3-b0.3,0.8116149902343752,-0.001129150390625,accepted_lag1,0.2692488087231286,0.003975255029020706,0.2613048954317771,0.27719272201448014,a0.2-b0.2,0.2,0.2695888284416103,0.00034001971848168777,0.0035036270123864773,0.2625873885368876,0.276590268346333,0,Exploratory point-mean frontier/matching only; retain all points; no continuum dominance or post-selection p-value
landscape,a0.05-b0.65,64,4,periodic,0.05,0.65,fair,event,sampled-actual,64,0,0.8104705810546878,0.12862620969413577,0,0,,a0.1-b0.1;a0.2-b0.2;a0.25-b0.25;a0.3-b0.3;a0.4-b0.4;a0.45-b0.45;a0.5-b0.5;a0.55-b0.55;a0.65-b0.65;a0.7-b0.7;a0.8-b0.8;a0.85-b0.85;a0.95-b0.95;a1-b1,20,a0.3-b0.3,0.8116149902343752,-0.001144409179687389,accepted_lag1,0.2616205408904393,0.00453009645203635,0.2525678654888057,0.27067321629207286,a0.2-b0.2,0.2,0.2695888284416103,0.007968287551171016,0.0035036270123864773,0.2625873885368876,0.276590268346333,0,Exploratory point-mean frontier/matching only; retain all points; no continuum dominance or post-selection p-value
landscape,a0.05-b0.7,64,4,periodic,0.05,0.7,fair,event,sampled-actual,64,0,0.8096466064453126,0.13651832238731793,0,0,,a0.1-b0.1;a0.2-b0.2;a0.25-b0.25;a0.3-b0.3;a0.35-b0.35;a0.4-b0.4;a0.45-b0.45;a0.5-b0.5;a0.55-b0.55;a0.65-b0.65;a0.7-b0.7;a0.75-b0.75;a0.8-b0.8;a0.85-b0.85;a0.9-b0.9;a0.95-b0.95;a1-b1,20,a0.3-b0.3,0.8116149902343752,-0.001968383789062611,accepted_lag1,0.2567090633217176,0.004971751976246425,0.2467738097802268,0.26664431686320844,a0.2-b0.2,0.2,0.2695888284416103,0.012879765119892694,0.0035036270123864773,0.2625873885368876,0.276590268346333,0,Exploratory point-mean frontier/matching only; retain all points; no continuum dominance or post-selection p-value
landscape,a0.05-b0.75,64,4,periodic,0.05,0.75,fair,event,sampled-actual,64,0,0.8100280761718752,0.13351484721267676,0,0,,a0.1-b0.1;a0.2-b0.2;a0.25-b0.25;a0.3-b0.3;a0.35-b0.35;a0.4-b0.4;a0.45-b0.45;a0.5-b0.5;a0.55-b0.55;a0.65-b0.65;a0.7-b0.7;a0.8-b0.8;a0.85-b0.85;a0.9-b0.9;a0.95-b0.95;a1-b1,20,a0.3-b0.3,0.8116149902343752,-0.0015869140625,accepted_lag1,0.24973500447228908,0.005041223291528502,0.23966092358492785,0.2598090853596503,a0.2-b0.2,0.2,0.2695888284416103,0.019853823969321227,0.0035036270123864773,0.2625873885368876,0.276590268346333,0,Exploratory point-mean frontier/matching only; retain all points; no continuum dominance or post-selection p-value
landscape,a0.05-b0.8,64,4,periodic,0.05,0.8,fair,event,sampled-actual,64,0,0.8101501464843752,0.13038840736097618,0,0,,a0.1-b0.1;a0.2-b0.2;a0.25-b0.25;a0.3-b0.3;a0.35-b0.35;a0.4-b0.4;a0.45-b0.45;a0.5-b0.5;a0.55-b0.55;a0.65-b0.65;a0.7-b0.7;a0.8-b0.8;a0.85-b0.85;a0.9-b0.9;a0.95-b0.95;a1-b1,20,a0.3-b0.3,0.8116149902343752,-0.00146484375,accepted_lag1,0.24475225579638185,0.00442201034756106,0.23591557323940437,0.25358893835335933,a0.2-b0.2,0.2,0.2695888284416103,0.024836572645228455,0.0035036270123864773,0.2625873885368876,0.276590268346333,0,Exploratory point-mean frontier/matching only; retain all points; no continuum dominance or post-selection p-value
landscape,a0.05-b0.85,64,4,periodic,0.05,0.85,fair,event,sampled-actual,64,0,0.8099517822265628,0.11985647698234274,0,0,,a0.1-b0.1;a0.2-b0.2;a0.25-b0.25;a0.3-b0.3;a0.35-b0.35;a0.4-b0.4;a0.45-b0.45;a0.5-b0.5;a0.55-b0.55;a0.65-b0.65;a0.7-b0.7;a0.8-b0.8;a0.85-b0.85;a0.9-b0.9;a0.95-b0.95;a1-b1,19,a0.3-b0.3,0.8116149902343752,-0.001663208007812389,accepted_lag1,0.23150054952809335,0.0046006531584531505,0.22230687779948036,0.24069422125670634,a0.25-b0.25,0.25,0.20552509169781957,0.025975457830273774,0.003517287378371191,0.19849635372992397,0.21255382966571518,0,Exploratory point-mean frontier/matching only; retain all points; no continuum dominance or post-selection p-value
landscape,a0.05-b0.9,64,4,periodic,0.05,0.9,fair,event,sampled-actual,64,0,0.8106384277343751,0.13110108535657516,0,0,,a0.2-b0.2;a0.25-b0.25;a0.3-b0.3;a0.4-b0.4;a0.5-b0.5;a0.55-b0.55;a0.65-b0.65;a0.7-b0.7;a0.85-b0.85;a0.95-b0.95;a1-b1,20,a0.3-b0.3,0.8116149902343752,-0.000976562500000111,accepted_lag1,0.22803905098558125,0.004975200028454264,0.21809690706157078,0.23798119490959171,a0.25-b0.25,0.25,0.20552509169781957,0.022513959287761676,0.003517287378371191,0.19849635372992397,0.21255382966571518,0,Exploratory point-mean frontier/matching only; retain all points; no continuum dominance or post-selection p-value
landscape,a0.05-b0.95,64,4,periodic,0.05,0.95,fair,event,sampled-actual,64,0,0.8099517822265623,0.13086519369980593,0,0,,a0.1-b0.1;a0.2-b0.2;a0.25-b0.25;a0.3-b0.3;a0.35-b0.35;a0.4-b0.4;a0.45-b0.45;a0.5-b0.5;a0.55-b0.55;a0.65-b0.65;a0.7-b0.7;a0.8-b0.8;a0.85-b0.85;a0.9-b0.9;a0.95-b0.95;a1-b1,20,a0.3-b0.3,0.8116149902343752,-0.001663208007812944,accepted_lag1,0.2174399316009386,0.0038813387984726637,0.20968369492069197,0.22519616828118524,a0.25-b0.25,0.25,0.20552509169781957,0.011914839903119034,0.003517287378371191,0.19849635372992397,0.21255382966571518,0,Exploratory point-mean frontier/matching only; retain all points; no continuum dominance or post-selection p-value
landscape,a0.05-b0,64,4,periodic,0.05,0,fair,event,sampled-actual,64,0,0.770965576171875,0.1245011026075551,0.984375,0,,a0.1-b0.1;a0.15-b0.15;a0.2-b0.2;a0.25-b0.25;a0.3-b0.3;a0.35-b0.35;a0.4-b0.4;a0.45-b0.45;a0.5-b0.5;a0.55-b0.55;a0.6-b0.6;a0.65-b0.65;a0.7-b0.7;a0.75-b0.75;a0.8-b0.8;a0.85-b0.85;a0.9-b0.9;a0.95-b0.95;a1-b1,19,a0.3-b0.3,0.8116149902343752,-0.04064941406250022,accepted_lag1,0.9017031736157077,0.002073001267426162,0.8975606111383132,0.9058457360931023,a0-b0,0,1,0.09829682638429227,0,1,1,0,Exploratory point-mean frontier/matching only; retain all points; no continuum dominance or post-selection p-value
landscape,a0.05-b1,64,4,periodic,0.05,1,fair,event,sampled-actual,64,0,0.8096160888671875,0.13151177770922598,0,0,,a0.1-b0.1;a0.2-b0.2;a0.25-b0.25;a0.3-b0.3;a0.35-b0.35;a0.4-b0.4;a0.45-b0.45;a0.5-b0.5;a0.55-b0.55;a0.65-b0.65;a0.7-b0.7;a0.75-b0.75;a0.8-b0.8;a0.85-b0.85;a0.9-b0.9;a0.95-b0.95;a1-b1,20,a0.3-b0.3,0.8116149902343752,-0.001998901367187722,accepted_lag1,0.2221451395892269,0.005098727384741724,0.21195614594103682,0.232334133237417,a0.25-b0.25,0.25,0.20552509169781957,0.016620047891407336,0.003517287378371191,0.19849635372992397,0.21255382966571518,0,Exploratory point-mean frontier/matching only; retain all points; no continuum dominance or post-selection p-value
landscape,a0.1-b0.05,64,4,periodic,0.1,0.05,fair,event,sampled-actual,64,0,0.8101654052734375,0.09131103463504543,0,0,,a0.2-b0.2;a0.25-b0.25;a0.3-b0.3;a0.35-b0.35;a0.4-b0.4;a0.45-b0.45;a0.5-b0.5;a0.55-b0.55;a0.65-b0.65;a0.7-b0.7;a0.8-b0.8;a0.85-b0.85;a0.9-b0.9;a0.95-b0.95;a1-b1,17,a0.3-b0.3,0.8116149902343752,-0.001449584960937722,accepted_lag1,0.5123678957463619,0.0039684679297388725,0.5044375453906713,0.5202982461020524,a0.05-b0.05,0.05,0.5776566401572937,0.0652887444109318,0.003952251313221285,0.5697586961238528,0.5855545841907346,0,Exploratory point-mean frontier/matching only; retain all points; no continuum dominance or post-selection p-value
landscape,a0.1-b0.1,64,4,periodic,0.1,0.1,fair,event,sampled-actual,64,1,0.8105010986328125,0.09258180356422999,0,0,0,a0.2-b0.2;a0.25-b0.25;a0.3-b0.3;a0.4-b0.4;a0.45-b0.45;a0.5-b0.5;a0.55-b0.55;a0.65-b0.65;a0.7-b0.7;a0.8-b0.8;a0.85-b0.85;a0.95-b0.95;a1-b1,18,a0.3-b0.3,0.8116149902343752,-0.001113891601562722,accepted_lag1,0.4387780607880675,0.0042518090664556115,0.430281498351512,0.447274623224623,a0.1-b0.1,0.1,0.4387780607880675,0,0.0042518090664556115,0.430281498351512,0.447274623224623,0,Exploratory point-mean frontier/matching only; retain all points; no continuum dominance or post-selection p-value
landscape,a0.1-b0.15,64,4,periodic,0.1,0.15,fair,event,sampled-actual,64,0,0.8095855712890625,0.08495508020358583,0,0,,a0.2-b0.2;a0.25-b0.25;a0.3-b0.3;a0.35-b0.35;a0.4-b0.4;a0.45-b0.45;a0.5-b0.5;a0.55-b0.55;a0.65-b0.65;a0.7-b0.7;a0.75-b0.75;a0.8-b0.8;a0.85-b0.85;a0.9-b0.9;a0.95-b0.95;a1-b1,17,a0.3-b0.3,0.8116149902343752,-0.002029418945312722,accepted_lag1,0.39482924088407284,0.0037223774892449417,0.38739066303274816,0.4022678187353975,a0.1-b0.1,0.1,0.4387780607880675,0.043948819903994685,0.0042518090664556115,0.430281498351512,0.447274623224623,0,Exploratory point-mean frontier/matching only; retain all points; no continuum dominance or post-selection p-value
landscape,a0.1-b0.2,64,4,periodic,0.1,0.2,fair,event,sampled-actual,64,0,0.8112182617187502,0.10483582648659195,0,0,,a0.2-b0.2;a0.3-b0.3;a0.65-b0.65;a0.7-b0.7;a0.85-b0.85;a1-b1,19,a0.3-b0.3,0.8116149902343752,-0.000396728515625,accepted_lag1,0.35548410054651186,0.00390104473941677,0.3476884846855481,0.36327971640747564,a0.15-b0.15,0.15,0.349562287049081,0.005921813497430872,0.003989387958743894,0.341590131351279,0.35753444274688295,0,Exploratory point-mean frontier/matching only; retain all points; no continuum dominance or post-selection p-value
landscape,a0.1-b0.25,64,4,periodic,0.1,0.25,fair,event,sampled-actual,64,0,0.8107452392578127,0.11017391534621496,0,0,,a0.2-b0.2;a0.25-b0.25;a0.3-b0.3;a0.4-b0.4;a0.5-b0.5;a0.55-b0.55;a0.65-b0.65;a0.7-b0.7;a0.85-b0.85;a1-b1,19,a0.3-b0.3,0.8116149902343752,-0.0008697509765625,accepted_lag1,0.3343515640908673,0.004259105334287135,0.325840421226495,0.3428627069552396,a0.15-b0.15,0.15,0.349562287049081,0.015210722958213685,0.003989387958743894,0.341590131351279,0.35753444274688295,0,Exploratory point-mean frontier/matching only; retain all points; no continuum dominance or post-selection p-value
landscape,a0.1-b0.3,64,4,periodic,0.1,0.3,fair,event,sampled-actual,64,0,0.8086090087890626,0.11550899680934502,0,0,,a0.1-b0.1;a0.15-b0.15;a0.2-b0.2;a0.25-b0.25;a0.3-b0.3;a0.35-b0.35;a0.4-b0.4;a0.45-b0.45;a0.5-b0.5;a0.55-b0.55;a0.6-b0.6;a0.65-b0.65;a0.7-b0.7;a0.75-b0.75;a0.8-b0.8;a0.85-b0.85;a0.9-b0.9;a0.95-b0.95;a1-b1,19,a0.3-b0.3,0.8116149902343752,-0.003005981445312611,accepted_lag1,0.32173537760097887,0.0044416876400308804,0.3128593731126919,0.3306113820892658,a0.15-b0.15,0.15,0.349562287049081,0.027826909448102122,0.003989387958743894,0.341590131351279,0.35753444274688295,0,Exploratory point-mean frontier/matching only; retain all points; no continuum dominance or post-selection p-value
landscape,a0.1-b0.35,64,4,periodic,0.1,0.35,fair,event,sampled-actual,64,0,0.810211181640625,0.10516012470836067,0,0,,a0.1-b0.1;a0.2-b0.2;a0.25-b0.25;a0.3-b0.3;a0.35-b0.35;a0.4-b0.4;a0.45-b0.45;a0.5-b0.5;a0.55-b0.55;a0.65-b0.65;a0.7-b0.7;a0.8-b0.8;a0.85-b0.85;a0.9-b0.9;a0.95-b0.95;a1-b1,19,a0.3-b0.3,0.8116149902343752,-0.001403808593750222,accepted_lag1,0.2960751645514399,0.00453337877637887,0.28701592994799896,0.30513439915488083,a0.2-b0.2,0.2,0.2695888284416103,0.02648633610982959,0.0035036270123864773,0.2625873885368876,0.276590268346333,0,Exploratory point-mean frontier/matching only; retain all points; no continuum dominance or post-selection p-value
landscape,a0.1-b0.4,64,4,periodic,0.1,0.4,fair,event,sampled-actual,64,0,0.8103179931640623,0.1103506168761251,0,0,,a0.1-b0.1;a0.2-b0.2;a0.25-b0.25;a0.3-b0.3;a0.4-b0.4;a0.45-b0.45;a0.5-b0.5;a0.55-b0.55;a0.65-b0.65;a0.7-b0.7;a0.8-b0.8;a0.85-b0.85;a0.9-b0.9;a0.95-b0.95;a1-b1,19,a0.3-b0.3,0.8116149902343752,-0.001296997070312944,accepted_lag1,0.2866392607076287,0.004706373566422032,0.27723432360159966,0.2960441978136577,a0.2-b0.2,0.2,0.2695888284416103,0.017050432266018378,0.0035036270123864773,0.2625873885368876,0.276590268346333,0,Exploratory point-mean frontier/matching only; retain all points; no continuum dominance or post-selection p-value
landscape,a0.1-b0.45,64,4,periodic,0.1,0.45,fair,event,sampled-actual,64,0,0.8103790283203125,0.09933836161669157,0,0,,a0.1-b0.1;a0.2-b0.2;a0.25-b0.25;a0.3-b0.3;a0.4-b0.4;a0.45-b0.45;a0.5-b0.5;a0.55-b0.55;a0.65-b0.65;a0.7-b0.7;a0.8-b0.8;a0.85-b0.85;a0.9-b0.9;a0.95-b0.95;a1-b1,19,a0.3-b0.3,0.8116149902343752,-0.001235961914062722,accepted_lag1,0.2707502522699068,0.004232334444491364,0.26229260675997274,0.27920789777984084,a0.2-b0.2,0.2,0.2695888284416103,0.0011614238282964817,0.0035036270123864773,0.2625873885368876,0.276590268346333,0,Exploratory point-mean frontier/matching only; retain all points; no continuum dominance or post-selection p-value
landscape,a0.1-b0.5,64,4,periodic,0.1,0.5,fair,event,sampled-actual,64,0,0.8100891113281249,0.08997780376651762,0,0,,a0.2-b0.2;a0.25-b0.25;a0.3-b0.3;a0.35-b0.35;a0.4-b0.4;a0.45-b0.45;a0.5-b0.5;a0.55-b0.55;a0.65-b0.65;a0.7-b0.7;a0.8-b0.8;a0.85-b0.85;a0.9-b0.9;a0.95-b0.95;a1-b1,17,a0.3-b0.3,0.8116149902343752,-0.001525878906250333,accepted_lag1,0.2519727022669883,0.0038711795997881547,0.24423676712535244,0.25970863740862415,a0.2-b0.2,0.2,0.2695888284416103,0.017616126174621993,0.0035036270123864773,0.2625873885368876,0.276590268346333,0,Exploratory point-mean frontier/matching only; retain all points; no continuum dominance or post-selection p-value
landscape,a0.1-b0.55,64,4,periodic,0.1,0.55,fair,event,sampled-actual,64,0,0.8115692138671872,0.09117599946804879,0,0,,a0.3-b0.3;a1-b1,17,a0.3-b0.3,0.8116149902343752,-0.00004577636718805511,accepted_lag1,0.2387193084428649,0.004426154867063883,0.22987434372453566,0.24756427316119414,a0.2-b0.2,0.2,0.2695888284416103,0.030869519998745404,0.0035036270123864773,0.2625873885368876,0.276590268346333,0,Exploratory point-mean frontier/matching only; retain all points; no continuum dominance or post-selection p-value
landscape,a0.1-b0.6,64,4,periodic,0.1,0.6,fair,event,sampled-actual,64,0,0.8106384277343752,0.08372755423825713,0,0,,a0.2-b0.2;a0.25-b0.25;a0.3-b0.3;a0.4-b0.4;a0.5-b0.5;a0.55-b0.55;a0.65-b0.65;a0.7-b0.7;a0.85-b0.85;a0.95-b0.95;a1-b1,17,a0.3-b0.3,0.8116149902343752,-0.0009765625,accepted_lag1,0.23575133969796347,0.0037298298871330416,0.22829786941779998,0.24320480997812696,a0.25-b0.25,0.25,0.20552509169781957,0.030226248000143896,0.003517287378371191,0.19849635372992397,0.21255382966571518,0,Exploratory point-mean frontier/matching only; retain all points; no continuum dominance or post-selection p-value
landscape,a0.1-b0.65,64,4,periodic,0.1,0.65,fair,event,sampled-actual,64,0,0.8117523193359377,0.09603744072599653,0,0,,,19,a0.3-b0.3,0.8116149902343752,0.0001373291015625,accepted_lag1,0.23203209179588827,0.004551220706410034,0.22293720294030925,0.2411269806514673,a0.25-b0.25,0.25,0.20552509169781957,0.026507000098068695,0.003517287378371191,0.19849635372992397,0.21255382966571518,0,Exploratory point-mean frontier/matching only; retain all points; no continuum dominance or post-selection p-value
landscape,a0.1-b0.7,64,4,periodic,0.1,0.7,fair,event,sampled-actual,64,0,0.8088989257812504,0.09543990271388875,0,0,,a0.1-b0.1;a0.15-b0.15;a0.2-b0.2;a0.25-b0.25;a0.3-b0.3;a0.35-b0.35;a0.4-b0.4;a0.45-b0.45;a0.5-b0.5;a0.55-b0.55;a0.6-b0.6;a0.65-b0.65;a0.7-b0.7;a0.75-b0.75;a0.8-b0.8;a0.85-b0.85;a0.9-b0.9;a0.95-b0.95;a1-b1,19,a0.3-b0.3,0.8116149902343752,-0.002716064453124778,accepted_lag1,0.22435377059803205,0.00444034613637775,0.21548044689088308,0.23322709430518102,a0.25-b0.25,0.25,0.20552509169781957,0.018828678900212475,0.003517287378371191,0.19849635372992397,0.21255382966571518,0,Exploratory point-mean frontier/matching only; retain all points; no continuum dominance or post-selection p-value
landscape,a0.1-b0.75,64,4,periodic,0.1,0.75,fair,event,sampled-actual,64,0,0.8088684082031251,0.10148163486777458,0,0,,a0.1-b0.1;a0.15-b0.15;a0.2-b0.2;a0.25-b0.25;a0.3-b0.3;a0.35-b0.35;a0.4-b0.4;a0.45-b0.45;a0.5-b0.5;a0.55-b0.55;a0.6-b0.6;a0.65-b0.65;a0.7-b0.7;a0.75-b0.75;a0.8-b0.8;a0.85-b0.85;a0.9-b0.9;a0.95-b0.95;a1-b1,19,a0.3-b0.3,0.8116149902343752,-0.002746582031250111,accepted_lag1,0.21438643032462287,0.004383924397579826,0.2056258564655933,0.22314700418365244,a0.25-b0.25,0.25,0.20552509169781957,0.0088613386268033,0.003517287378371191,0.19849635372992397,0.21255382966571518,0,Exploratory point-mean frontier/matching only; retain all points; no continuum dominance or post-selection p-value
landscape,a0.1-b0.8,64,4,periodic,0.1,0.8,fair,event,sampled-actual,64,0,0.8092651367187501,0.10532692650920193,0,0,,a0.1-b0.1;a0.15-b0.15;a0.2-b0.2;a0.25-b0.25;a0.3-b0.3;a0.35-b0.35;a0.4-b0.4;a0.45-b0.45;a0.5-b0.5;a0.55-b0.55;a0.65-b0.65;a0.7-b0.7;a0.75-b0.75;a0.8-b0.8;a0.85-b0.85;a0.9-b0.9;a0.95-b0.95;a1-b1,19,a0.3-b0.3,0.8116149902343752,-0.002349853515625111,accepted_lag1,0.20872457324620702,0.004149014011889734,0.20043343033476116,0.2170157161576529,a0.25-b0.25,0.25,0.20552509169781957,0.0031994815483874506,0.003517287378371191,0.19849635372992397,0.21255382966571518,0,Exploratory point-mean frontier/matching only; retain all points; no continuum dominance or post-selection p-value
landscape,a0.1-b0.85,64,4,periodic,0.1,0.85,fair,event,sampled-actual,64,0,0.8104705810546875,0.09933903115897628,0,0,,a0.1-b0.1;a0.2-b0.2;a0.25-b0.25;a0.3-b0.3;a0.4-b0.4;a0.45-b0.45;a0.5-b0.5;a0.55-b0.55;a0.65-b0.65;a0.7-b0.7;a0.8-b0.8;a0.85-b0.85;a0.95-b0.95;a1-b1,19,a0.3-b0.3,0.8116149902343752,-0.001144409179687722,accepted_lag1,0.20611917566044674,0.0037019185697463514,0.19872148169741224,0.21351686962348124,a0.25-b0.25,0.25,0.20552509169781957,0.0005940839626271677,0.003517287378371191,0.19849635372992397,0.21255382966571518,0,Exploratory point-mean frontier/matching only; retain all points; no continuum dominance or post-selection p-value
landscape,a0.1-b0.9,64,4,periodic,0.1,0.9,fair,event,sampled-actual,64,0,0.8109283447265625,0.09389273805123058,0,0,,a0.2-b0.2;a0.3-b0.3;a0.4-b0.4;a0.65-b0.65;a0.7-b0.7;a0.85-b0.85;a1-b1,19,a0.3-b0.3,0.8116149902343752,-0.000686645507812722,accepted_lag1,0.1980381029754778,0.003729722788718633,0.19058484671441786,0.20549135923653775,a0.25-b0.25,0.25,0.20552509169781957,0.00748698872234177,0.003517287378371191,0.19849635372992397,0.21255382966571518,0,Exploratory point-mean frontier/matching only; retain all points; no continuum dominance or post-selection p-value
landscape,a0.1-b0.95,64,4,periodic,0.1,0.95,fair,event,sampled-actual,64,0,0.81011962890625,0.09682982896272314,0,0,,a0.1-b0.1;a0.2-b0.2;a0.25-b0.25;a0.3-b0.3;a0.35-b0.35;a0.4-b0.4;a0.45-b0.45;a0.5-b0.5;a0.55-b0.55;a0.65-b0.65;a0.7-b0.7;a0.8-b0.8;a0.85-b0.85;a0.9-b0.9;a0.95-b0.95;a1-b1,19,a0.3-b0.3,0.8116149902343752,-0.001495361328125222,accepted_lag1,0.1873471401928706,0.004086821213141808,0.17918027967261557,0.19551400071312564,a0.25-b0.25,0.25,0.20552509169781957,0.01817795150494897,0.003517287378371191,0.19849635372992397,0.21255382966571518,0,Exploratory point-mean frontier/matching only; retain all points; no continuum dominance or post-selection p-value
landscape,a0.1-b0,64,4,periodic,0.1,0,fair,event,sampled-actual,64,0,0.7842864990234375,0.07879649527323629,0.953125,0,,a0.2-b0.2;a0.25-b0.25;a0.3-b0.3;a0.35-b0.35;a0.4-b0.4;a0.45-b0.45;a0.5-b0.5;a0.55-b0.55;a0.6-b0.6;a0.65-b0.65;a0.7-b0.7;a0.75-b0.75;a0.8-b0.8;a0.85-b0.85;a0.9-b0.9;a0.95-b0.95;a1-b1,17,a0.3-b0.3,0.8116149902343752,-0.027328491210937722,accepted_lag1,0.8015381356163428,0.0025487844339846335,0.7964447963477655,0.80663147488492,a0-b0,0,1,0.1984618643836572,0,1,1,0,Exploratory point-mean frontier/matching only; retain all points; no continuum dominance or post-selection p-value
landscape,a0.1-b1,64,4,periodic,0.1,1,fair,event,sampled-actual,64,0,0.8074951171875001,0.10729320793149269,0,0,,a0.1-b0.1;a0.15-b0.15;a0.2-b0.2;a0.25-b0.25;a0.3-b0.3;a0.35-b0.35;a0.4-b0.4;a0.45-b0.45;a0.5-b0.5;a0.55-b0.55;a0.6-b0.6;a0.65-b0.65;a0.7-b0.7;a0.75-b0.75;a0.8-b0.8;a0.85-b0.85;a0.9-b0.9;a0.95-b0.95;a1-b1,19,a0.3-b0.3,0.8116149902343752,-0.004119873046875111,accepted_lag1,0.1949240995970679,0.004524583861546939,0.18588244022850364,0.20396575896563218,a0.25-b0.25,0.25,0.20552509169781957,0.01060099210075166,0.003517287378371191,0.19849635372992397,0.21255382966571518,0,Exploratory point-mean frontier/matching only; retain all points; no continuum dominance or post-selection p-value
landscape,a0.15-b0.05,64,4,periodic,0.15,0.05,fair,event,sampled-actual,64,0,0.810150146484375,0.0764988708178488,0,0,,a0.2-b0.2;a0.25-b0.25;a0.3-b0.3;a0.35-b0.35;a0.4-b0.4;a0.45-b0.45;a0.5-b0.5;a0.55-b0.55;a0.65-b0.65;a0.7-b0.7;a0.8-b0.8;a0.85-b0.85;a0.9-b0.9;a0.95-b0.95;a1-b1,17,a0.3-b0.3,0.8116149902343752,-0.001464843750000222,accepted_lag1,0.4520592865434422,0.004476420145345933,0.4431138746816409,0.4610046984052435,a0.1-b0.1,0.1,0.4387780607880675,0.01328122575537466,0.0042518090664556115,0.430281498351512,0.447274623224623,0,Exploratory point-mean frontier/matching only; retain all points; no continuum dominance or post-selection p-value
landscape,a0.15-b0.1,64,4,periodic,0.15,0.1,fair,event,sampled-actual,64,0,0.8094635009765624,0.08101360710771059,0,0,,a0.2-b0.2;a0.25-b0.25;a0.3-b0.3;a0.35-b0.35;a0.4-b0.4;a0.45-b0.45;a0.5-b0.5;a0.55-b0.55;a0.65-b0.65;a0.7-b0.7;a0.75-b0.75;a0.8-b0.8;a0.85-b0.85;a0.9-b0.9;a0.95-b0.95;a1-b1,17,a0.3-b0.3,0.8116149902343752,-0.002151489257812833,accepted_lag1,0.38245743766743245,0.004608466318291785,0.3732481525847487,0.3916667227501162,a0.15-b0.15,0.15,0.349562287049081,0.032895150618351465,0.003989387958743894,0.341590131351279,0.35753444274688295,0,Exploratory point-mean frontier/matching only; retain all points; no continuum dominance or post-selection p-value
landscape,a0.15-b0.15,64,4,periodic,0.15,0.15,fair,event,sampled-actual,64,1,0.8092803955078125,0.0934462789498596,0,0,0,a0.1-b0.1;a0.2-b0.2;a0.25-b0.25;a0.3-b0.3;a0.35-b0.35;a0.4-b0.4;a0.45-b0.45;a0.5-b0.5;a0.55-b0.55;a0.65-b0.65;a0.7-b0.7;a0.75-b0.75;a0.8-b0.8;a0.85-b0.85;a0.9-b0.9;a0.95-b0.95;a1-b1,19,a0.3-b0.3,0.8116149902343752,-0.002334594726562722,accepted_lag1,0.349562287049081,0.003989387958743894,0.341590131351279,0.35753444274688295,a0.15-b0.15,0.15,0.349562287049081,0,0.003989387958743894,0.341590131351279,0.35753444274688295,0,Exploratory point-mean frontier/matching only; retain all points; no continuum dominance or post-selection p-value
landscape,a0.15-b0.2,64,4,periodic,0.15,0.2,fair,event,sampled-actual,64,0,0.8092193603515625,0.09844999320668965,0,0,,a0.1-b0.1;a0.15-b0.15;a0.2-b0.2;a0.25-b0.25;a0.3-b0.3;a0.35-b0.35;a0.4-b0.4;a0.45-b0.45;a0.5-b0.5;a0.55-b0.55;a0.65-b0.65;a0.7-b0.7;a0.75-b0.75;a0.8-b0.8;a0.85-b0.85;a0.9-b0.9;a0.95-b0.95;a1-b1,19,a0.3-b0.3,0.8116149902343752,-0.002395629882812722,accepted_lag1,0.3134794818954754,0.0040330598143179346,0.30542005495811275,0.3215389088328381,a0.15-b0.15,0.15,0.349562287049081,0.03608280515360557,0.003989387958743894,0.341590131351279,0.35753444274688295,0,Exploratory point-mean frontier/matching only; retain all points; no continuum dominance or post-selection p-value
landscape,a0.15-b0.25,64,4,periodic,0.15,0.25,fair,event,sampled-actual,64,0,0.8111114501953126,0.08847953710107122,0,0,,a0.2-b0.2;a0.3-b0.3;a0.65-b0.65;a0.7-b0.7;a0.85-b0.85;a1-b1,17,a0.3-b0.3,0.8116149902343752,-0.000503540039062611,accepted_lag1,0.29283360000277864,0.003946480080786149,0.2849471888570932,0.3007200111484641,a0.2-b0.2,0.2,0.2695888284416103,0.02324477156116833,0.0035036270123864773,0.2625873885368876,0.276590268346333,0,Exploratory point-mean frontier/matching only; retain all points; no continuum dominance or post-selection p-value
landscape,a0.15-b0.3,64,4,periodic,0.15,0.3,fair,event,sampled-actual,64,0,0.8104095458984374,0.09929638815609777,0,0,,a0.1-b0.1;a0.2-b0.2;a0.25-b0.25;a0.3-b0.3;a0.4-b0.4;a0.45-b0.45;a0.5-b0.5;a0.55-b0.55;a0.65-b0.65;a0.7-b0.7;a0.8-b0.8;a0.85-b0.85;a0.9-b0.9;a0.95-b0.95;a1-b1,19,a0.3-b0.3,0.8116149902343752,-0.001205444335937833,accepted_lag1,0.27846561294266536,0.004363763484625406,0.2697453274533669,0.28718589843196385,a0.2-b0.2,0.2,0.2695888284416103,0.008876784501055057,0.0035036270123864773,0.2625873885368876,0.276590268346333,0,Exploratory point-mean frontier/matching only; retain all points; no continuum dominance or post-selection p-value
landscape,a0.15-b0.35,64,4,periodic,0.15,0.35,fair,event,sampled-actual,64,0,0.8112640380859373,0.08588322754690735,0,0,,a0.2-b0.2;a0.3-b0.3;a0.65-b0.65;a0.7-b0.7;a0.85-b0.85;a1-b1,17,a0.3-b0.3,0.8116149902343752,-0.0003509521484379441,accepted_lag1,0.2625893392726932,0.00414697305632741,0.254302274885493,0.27087640365989335,a0.2-b0.2,0.2,0.2695888284416103,0.006999489168917128,0.0035036270123864773,0.2625873885368876,0.276590268346333,0,Exploratory point-mean frontier/matching only; retain all points; no continuum dominance or post-selection p-value
landscape,a0.15-b0.4,64,4,periodic,0.15,0.4,fair,event,sampled-actual,64,0,0.8111114501953126,0.0813620089677469,0,0,,a0.2-b0.2;a0.3-b0.3;a0.65-b0.65;a0.7-b0.7;a0.85-b0.85;a1-b1,17,a0.3-b0.3,0.8116149902343752,-0.000503540039062611,accepted_lag1,0.24278980451138682,0.00477425841270517,0.2332492103648074,0.25233039865796625,a0.2-b0.2,0.2,0.2695888284416103,0.026799023930223487,0.0035036270123864773,0.2625873885368876,0.276590268346333,0,Exploratory point-mean frontier/matching only; retain all points; no continuum dominance or post-selection p-value
landscape,a0.15-b0.45,64,4,periodic,0.15,0.45,fair,event,sampled-actual,64,0,0.8094482421875,0.08626107457847598,0,0,,a0.2-b0.2;a0.25-b0.25;a0.3-b0.3;a0.35-b0.35;a0.4-b0.4;a0.45-b0.45;a0.5-b0.5;a0.55-b0.55;a0.65-b0.65;a0.7-b0.7;a0.75-b0.75;a0.8-b0.8;a0.85-b0.85;a0.9-b0.9;a0.95-b0.95;a1-b1,17,a0.3-b0.3,0.8116149902343752,-0.002166748046875222,accepted_lag1,0.23675275780677185,0.0044473968857126935,0.22786534430137173,0.24564017131217197,a0.25-b0.25,0.25,0.20552509169781957,0.03122766610895228,0.003517287378371191,0.19849635372992397,0.21255382966571518,0,Exploratory point-mean frontier/matching only; retain all points; no continuum dominance or post-selection p-value
landscape,a0.15-b0.5,64,4,periodic,0.15,0.5,fair,event,sampled-actual,64,0,0.8106689453125,0.08329352595265385,0,0,,a0.2-b0.2;a0.25-b0.25;a0.3-b0.3;a0.4-b0.4;a0.5-b0.5;a0.55-b0.55;a0.65-b0.65;a0.7-b0.7;a0.85-b0.85;a0.95-b0.95;a1-b1,17,a0.3-b0.3,0.8116149902343752,-0.000946044921875222,accepted_lag1,0.22614026622400454,0.004610766398046545,0.21692638479869583,0.23535414764931326,a0.25-b0.25,0.25,0.20552509169781957,0.02061517452618497,0.003517287378371191,0.19849635372992397,0.21255382966571518,0,Exploratory point-mean frontier/matching only; retain all points; no continuum dominance or post-selection p-value
landscape,a0.15-b0.55,64,4,periodic,0.15,0.55,fair,event,sampled-actual,64,0,0.8089447021484375,0.07869553503511145,0,0,,a0.2-b0.2;a0.25-b0.25;a0.3-b0.3;a0.35-b0.35;a0.4-b0.4;a0.45-b0.45;a0.5-b0.5;a0.55-b0.55;a0.6-b0.6;a0.65-b0.65;a0.7-b0.7;a0.75-b0.75;a0.8-b0.8;a0.85-b0.85;a0.9-b0.9;a0.95-b0.95;a1-b1,17,a0.3-b0.3,0.8116149902343752,-0.002670288085937722,accepted_lag1,0.21553581378148085,0.004286515152507612,0.20696989676609545,0.22410173079686624,a0.25-b0.25,0.25,0.20552509169781957,0.010010722083661272,0.003517287378371191,0.19849635372992397,0.21255382966571518,0,Exploratory point-mean frontier/matching only; retain all points; no continuum dominance or post-selection p-value
landscape,a0.15-b0.6,64,4,periodic,0.15,0.6,fair,event,sampled-actual,64,0,0.8095245361328127,0.08856314944741765,0,0,,a0.2-b0.2;a0.25-b0.25;a0.3-b0.3;a0.35-b0.35;a0.4-b0.4;a0.45-b0.45;a0.5-b0.5;a0.55-b0.55;a0.65-b0.65;a0.7-b0.7;a0.75-b0.75;a0.8-b0.8;a0.85-b0.85;a0.9-b0.9;a0.95-b0.95;a1-b1,17,a0.3-b0.3,0.8116149902343752,-0.0020904541015625,accepted_lag1,0.2112037512649377,0.004223535416976223,0.20276368920842192,0.2196438133214535,a0.25-b0.25,0.25,0.20552509169781957,0.005678659567118133,0.003517287378371191,0.19849635372992397,0.21255382966571518,0,Exploratory point-mean frontier/matching only; retain all points; no continuum dominance or post-selection p-value
landscape,a0.15-b0.65,64,4,periodic,0.15,0.65,fair,event,sampled-actual,64,0,0.8108367919921875,0.08994325564989027,0,0,,a0.2-b0.2;a0.25-b0.25;a0.3-b0.3;a0.4-b0.4;a0.5-b0.5;a0.55-b0.55;a0.65-b0.65;a0.7-b0.7;a0.85-b0.85;a1-b1,17,a0.3-b0.3,0.8116149902343752,-0.000778198242187722,accepted_lag1,0.2074696040705306,0.004102964461069955,0.19927048384345278,0.21566872429760844,a0.25-b0.25,0.25,0.20552509169781957,0.001944512372711038,0.003517287378371191,0.19849635372992397,0.21255382966571518,0,Exploratory point-mean frontier/matching only; retain all points; no continuum dominance or post-selection p-value
landscape,a0.15-b0.7,64,4,periodic,0.15,0.7,fair,event,sampled-actual,64,0,0.8114776611328124,0.08278172140936531,0,0,,a0.2-b0.2;a0.3-b0.3;a0.85-b0.85;a1-b1,17,a0.3-b0.3,0.8116149902343752,-0.00013732910156283307,accepted_lag1,0.19480452679212037,0.004392649027599584,0.18602651815120386,0.2035825354330369,a0.25-b0.25,0.25,0.20552509169781957,0.010720564905699198,0.003517287378371191,0.19849635372992397,0.21255382966571518,0,Exploratory point-mean frontier/matching only; retain all points; no continuum dominance or post-selection p-value
landscape,a0.15-b0.75,64,4,periodic,0.15,0.75,fair,event,sampled-actual,64,0,0.811187744140625,0.08015449722112823,0,0,,a0.2-b0.2;a0.3-b0.3;a0.65-b0.65;a0.7-b0.7;a0.85-b0.85;a1-b1,17,a0.3-b0.3,0.8116149902343752,-0.00042724609375022204,accepted_lag1,0.18678356190133216,0.004860981895799529,0.17706966470249666,0.19649745910016767,a0.25-b0.25,0.25,0.20552509169781957,0.01874152979648741,0.003517287378371191,0.19849635372992397,0.21255382966571518,0,Exploratory point-mean frontier/matching only; retain all points; no continuum dominance or post-selection p-value
landscape,a0.15-b0.8,64,4,periodic,0.15,0.8,fair,event,sampled-actual,64,0,0.810150146484375,0.07726315465492332,0,0,,a0.2-b0.2;a0.25-b0.25;a0.3-b0.3;a0.35-b0.35;a0.4-b0.4;a0.45-b0.45;a0.5-b0.5;a0.55-b0.55;a0.65-b0.65;a0.7-b0.7;a0.8-b0.8;a0.85-b0.85;a0.9-b0.9;a0.95-b0.95;a1-b1,17,a0.3-b0.3,0.8116149902343752,-0.001464843750000222,accepted_lag1,0.18351327370524173,0.0048032515149405595,0.17391474146701189,0.19311180594347158,a0.25-b0.25,0.25,0.20552509169781957,0.022011817992577842,0.003517287378371191,0.19849635372992397,0.21255382966571518,0,Exploratory point-mean frontier/matching only; retain all points; no continuum dominance or post-selection p-value
landscape,a0.15-b0.85,64,4,periodic,0.15,0.85,fair,event,sampled-actual,64,0,0.8105773925781249,0.09242731913772546,0,0,,a0.2-b0.2;a0.25-b0.25;a0.3-b0.3;a0.4-b0.4;a0.5-b0.5;a0.55-b0.55;a0.65-b0.65;a0.7-b0.7;a0.8-b0.8;a0.85-b0.85;a0.95-b0.95;a1-b1,17,a0.3-b0.3,0.8116149902343752,-0.001037597656250333,accepted_lag1,0.1868410609043373,0.004443979913441578,0.1779604756731592,0.1957216461355154,a0.25-b0.25,0.25,0.20552509169781957,0.01868403079348227,0.003517287378371191,0.19849635372992397,0.21255382966571518,0,Exploratory point-mean frontier/matching only; retain all points; no continuum dominance or post-selection p-value
landscape,a0.15-b0.9,64,4,periodic,0.15,0.9,fair,event,sampled-actual,64,0,0.8101501464843752,0.09848859131384251,0,0,,a0.1-b0.1;a0.2-b0.2;a0.25-b0.25;a0.3-b0.3;a0.35-b0.35;a0.4-b0.4;a0.45-b0.45;a0.5-b0.5;a0.55-b0.55;a0.65-b0.65;a0.7-b0.7;a0.8-b0.8;a0.85-b0.85;a0.9-b0.9;a0.95-b0.95;a1-b1,19,a0.3-b0.3,0.8116149902343752,-0.00146484375,accepted_lag1,0.1688154866053518,0.00413580184738949,0.16055074609788125,0.17708022711282237,a0.3-b0.3,0.3,0.16017270736370565,0.008642779241646165,0.004937793890157513,0.15030531364239272,0.17004010108501857,0,Exploratory point-mean frontier/matching only; retain all points; no continuum dominance or post-selection p-value
landscape,a0.15-b0.95,64,4,periodic,0.15,0.95,fair,event,sampled-actual,64,0,0.8108978271484375,0.07766329820971589,0,0,,a0.2-b0.2;a0.3-b0.3;a0.4-b0.4;a0.5-b0.5;a0.65-b0.65;a0.7-b0.7;a0.85-b0.85;a1-b1,17,a0.3-b0.3,0.8116149902343752,-0.000717163085937722,accepted_lag1,0.1602309084018034,0.003427036444751124,0.1533825225335611,0.1670792942700457,a0.3-b0.3,0.3,0.16017270736370565,0.0000582010380977549,0.004937793890157513,0.15030531364239272,0.17004010108501857,0,Exploratory point-mean frontier/matching only; retain all points; no continuum dominance or post-selection p-value
landscape,a0.15-b0,64,4,periodic,0.15,0,fair,event,sampled-actual,64,0,0.7915802001953124,0.06627150349500009,0.984375,0,,a0.3-b0.3;a0.35-b0.35;a0.4-b0.4;a0.45-b0.45;a0.5-b0.5;a0.55-b0.55;a0.6-b0.6;a0.65-b0.65;a0.7-b0.7;a0.75-b0.75;a0.8-b0.8;a0.85-b0.85;a0.9-b0.9;a0.95-b0.95;a1-b1,15,a0.3-b0.3,0.8116149902343752,-0.020034790039062833,accepted_lag1,0.7027287999405133,0.003017936637594653,0.6966979348028493,0.7087596650781773,a0.05-b0.05,0.05,0.5776566401572937,0.12507215978321962,0.003952251313221285,0.5697586961238528,0.5855545841907346,0,Exploratory point-mean frontier/matching only; retain all points; no continuum dominance or post-selection p-value
landscape,a0.15-b1,64,4,periodic,0.15,1,fair,event,sampled-actual,64,0,0.8119506835937499,0.0827269124216989,0,0,,,17,a0.3-b0.3,0.8116149902343752,0.00033569335937466693,accepted_lag1,0.1678557283974429,0.004327270740709195,0.15920836783782,0.1765030889570658,a0.3-b0.3,0.3,0.16017270736370565,0.007683021033737247,0.004937793890157513,0.15030531364239272,0.17004010108501857,0,Exploratory point-mean frontier/matching only; retain all points; no continuum dominance or post-selection p-value
landscape,a0.2-b0.05,64,4,periodic,0.2,0.05,fair,event,sampled-actual,64,0,0.8115692138671875,0.0638301918036222,0,0,,a0.3-b0.3,15,a0.3-b0.3,0.8116149902343752,-0.000045776367187722045,accepted_lag1,0.3888472114819967,0.004168559415820148,0.38051701019745676,0.3971774127665366,a0.15-b0.15,0.15,0.349562287049081,0.0392849244329157,0.003989387958743894,0.341590131351279,0.35753444274688295,0,Exploratory point-mean frontier/matching only; retain all points; no continuum dominance or post-selection p-value
landscape,a0.2-b0.1,64,4,periodic,0.2,0.1,fair,event,sampled-actual,64,0,0.8096771240234374,0.060149167038040935,0,0,,a0.3-b0.3;a0.4-b0.4;a0.45-b0.45;a0.5-b0.5;a0.55-b0.55;a0.65-b0.65;a0.7-b0.7;a0.75-b0.75;a0.8-b0.8;a0.85-b0.85;a0.9-b0.9;a0.95-b0.95;a1-b1,14,a0.3-b0.3,0.8116149902343752,-0.001937866210937833,accepted_lag1,0.32486285845538376,0.004441692036561477,0.31598684518133147,0.33373887172943606,a0.15-b0.15,0.15,0.349562287049081,0.024699428593697226,0.003989387958743894,0.341590131351279,0.35753444274688295,0,Exploratory point-mean frontier/matching only; retain all points; no continuum dominance or post-selection p-value
landscape,a0.2-b0.15,64,4,periodic,0.2,0.15,fair,event,sampled-actual,64,0,0.8116760253906251,0.06521405700650044,0,0,,,15,a0.3-b0.3,0.8116149902343752,0.00006103515624988898,accepted_lag1,0.2955307217208615,0.003956230873794672,0.28762482517018534,0.3034366182715376,a0.2-b0.2,0.2,0.2695888284416103,0.02594189327925117,0.0035036270123864773,0.2625873885368876,0.276590268346333,0,Exploratory point-mean frontier/matching only; retain all points; no continuum dominance or post-selection p-value
landscape,a0.2-b0.2,64,4,periodic,0.2,0.2,fair,event,sampled-actual,64,1,0.8115081787109377,0.07155548385416301,0,0,0,a0.3-b0.3;a1-b1,17,a0.3-b0.3,0.8116149902343752,-0.0001068115234375,accepted_lag1,0.2695888284416103,0.0035036270123864773,0.2625873885368876,0.276590268346333,a0.2-b0.2,0.2,0.2695888284416103,0,0.0035036270123864773,0.2625873885368876,0.276590268346333,0,Exploratory point-mean frontier/matching only; retain all points; no continuum dominance or post-selection p-value
landscape,a0.2-b0.25,64,4,periodic,0.2,0.25,fair,event,sampled-actual,64,0,0.8083648681640625,0.07602476219328638,0,0,,a0.2-b0.2;a0.25-b0.25;a0.3-b0.3;a0.35-b0.35;a0.4-b0.4;a0.45-b0.45;a0.5-b0.5;a0.55-b0.55;a0.6-b0.6;a0.65-b0.65;a0.7-b0.7;a0.75-b0.75;a0.8-b0.8;a0.85-b0.85;a0.9-b0.9;a0.95-b0.95;a1-b1,17,a0.3-b0.3,0.8116149902343752,-0.003250122070312722,accepted_lag1,0.2579412747795665,0.003592975414870657,0.25076128633975026,0.2651212632193828,a0.2-b0.2,0.2,0.2695888284416103,0.011647553662043786,0.0035036270123864773,0.2625873885368876,0.276590268346333,0,Exploratory point-mean frontier/matching only; retain all points; no continuum dominance or post-selection p-value
landscape,a0.2-b0.3,64,4,periodic,0.2,0.3,fair,event,sampled-actual,64,0,0.8106231689453125,0.07170878960107989,0,0,,a0.2-b0.2;a0.25-b0.25;a0.3-b0.3;a0.4-b0.4;a0.5-b0.5;a0.55-b0.55;a0.65-b0.65;a0.7-b0.7;a0.85-b0.85;a0.95-b0.95;a1-b1,17,a0.3-b0.3,0.8116149902343752,-0.000991821289062722,accepted_lag1,0.23853868334727307,0.004062951357063006,0.23041952292816442,0.24665784376638172,a0.2-b0.2,0.2,0.2695888284416103,0.031050145094337234,0.0035036270123864773,0.2625873885368876,0.276590268346333,0,Exploratory point-mean frontier/matching only; retain all points; no continuum dominance or post-selection p-value
landscape,a0.2-b0.35,64,4,periodic,0.2,0.35,fair,event,sampled-actual,64,0,0.8113403320312499,0.07630763934828161,0,0,,a0.2-b0.2;a0.3-b0.3;a0.65-b0.65;a0.85-b0.85;a1-b1,17,a0.3-b0.3,0.8116149902343752,-0.00027465820312533307,accepted_lag1,0.22298090613208826,0.00433346972501148,0.21432115789081166,0.23164065437336487,a0.25-b0.25,0.25,0.20552509169781957,0.01745581443426869,0.003517287378371191,0.19849635372992397,0.21255382966571518,0,Exploratory point-mean frontier/matching only; retain all points; no continuum dominance or post-selection p-value
landscape,a0.2-b0.4,64,4,periodic,0.2,0.4,fair,event,sampled-actual,64,0,0.8107147216796876,0.06493981868560163,0,0,,a0.3-b0.3;a0.4-b0.4;a0.5-b0.5;a0.55-b0.55;a0.65-b0.65;a0.7-b0.7;a0.85-b0.85;a1-b1,15,a0.3-b0.3,0.8116149902343752,-0.000900268554687611,accepted_lag1,0.20901020603722728,0.004346124528740643,0.20032516918860105,0.2176952428858535,a0.25-b0.25,0.25,0.20552509169781957,0.0034851143394077078,0.003517287378371191,0.19849635372992397,0.21255382966571518,0,Exploratory point-mean frontier/matching only; retain all points; no continuum dominance or post-selection p-value
landscape,a0.2-b0.45,64,4,periodic,0.2,0.45,fair,event,sampled-actual,64,0,0.8099060058593752,0.0708296352597809,0,0,,a0.3-b0.3;a0.35-b0.35;a0.4-b0.4;a0.45-b0.45;a0.5-b0.5;a0.55-b0.55;a0.65-b0.65;a0.7-b0.7;a0.8-b0.8;a0.85-b0.85;a0.9-b0.9;a0.95-b0.95;a1-b1,15,a0.3-b0.3,0.8116149902343752,-0.001708984375,accepted_lag1,0.20243439009774114,0.0039007510179410896,0.19463936119231043,0.21022941900317185,a0.25-b0.25,0.25,0.20552509169781957,0.0030907016000784326,0.003517287378371191,0.19849635372992397,0.21255382966571518,0,Exploratory point-mean frontier/matching only; retain all points; no continuum dominance or post-selection p-value
landscape,a0.2-b0.5,64,4,periodic,0.2,0.5,fair,event,sampled-actual,64,0,0.8108367919921876,0.07524003227454797,0,0,,a0.2-b0.2;a0.25-b0.25;a0.3-b0.3;a0.4-b0.4;a0.5-b0.5;a0.65-b0.65;a0.7-b0.7;a0.85-b0.85;a1-b1,17,a0.3-b0.3,0.8116149902343752,-0.000778198242187611,accepted_lag1,0.19351595054165535,0.004436863505799838,0.18464958631638487,0.20238231476692584,a0.25-b0.25,0.25,0.20552509169781957,0.012009141156164221,0.003517287378371191,0.19849635372992397,0.21255382966571518,0,Exploratory point-mean frontier/matching only; retain all points; no continuum dominance or post-selection p-value
landscape,a0.2-b0.55,64,4,periodic,0.2,0.55,fair,event,sampled-actual,64,0,0.8097381591796874,0.07134252348840726,0,0,,a0.25-b0.25;a0.3-b0.3;a0.35-b0.35;a0.4-b0.4;a0.45-b0.45;a0.5-b0.5;a0.55-b0.55;a0.65-b0.65;a0.7-b0.7;a0.75-b0.75;a0.8-b0.8;a0.85-b0.85;a0.9-b0.9;a0.95-b0.95;a1-b1,16,a0.3-b0.3,0.8116149902343752,-0.001876831054687833,accepted_lag1,0.19156968811758854,0.004722176094541004,0.18213317217894504,0.20100620405623204,a0.25-b0.25,0.25,0.20552509169781957,0.013955403580231035,0.003517287378371191,0.19849635372992397,0.21255382966571518,0,Exploratory point-mean frontier/matching only; retain all points; no continuum dominance or post-selection p-value
landscape,a0.2-b0.6,64,4,periodic,0.2,0.6,fair,event,sampled-actual,64,0,0.8108978271484374,0.07262657856768616,0,0,,a0.2-b0.2;a0.3-b0.3;a0.4-b0.4;a0.5-b0.5;a0.65-b0.65;a0.7-b0.7;a0.85-b0.85;a1-b1,17,a0.3-b0.3,0.8116149902343752,-0.0007171630859378331,accepted_lag1,0.17829765798187652,0.004464134671008209,0.16937679668152836,0.1872185192822247,a0.3-b0.3,0.3,0.16017270736370565,0.018124950618170876,0.004937793890157513,0.15030531364239272,0.17004010108501857,0,Exploratory point-mean frontier/matching only; retain all points; no continuum dominance or post-selection p-value
landscape,a0.2-b0.65,64,4,periodic,0.2,0.65,fair,event,sampled-actual,64,0,0.8097686767578127,0.07643353357168117,0,0,,a0.2-b0.2;a0.25-b0.25;a0.3-b0.3;a0.35-b0.35;a0.4-b0.4;a0.45-b0.45;a0.5-b0.5;a0.55-b0.55;a0.65-b0.65;a0.7-b0.7;a0.75-b0.75;a0.8-b0.8;a0.85-b0.85;a0.9-b0.9;a0.95-b0.95;a1-b1,17,a0.3-b0.3,0.8116149902343752,-0.0018463134765625,accepted_lag1,0.17886991636471092,0.0040686939818397674,0.1707392802256904,0.18700055250373143,a0.3-b0.3,0.3,0.16017270736370565,0.01869720900100527,0.004937793890157513,0.15030531364239272,0.17004010108501857,0,Exploratory point-mean frontier/matching only; retain all points; no continuum dominance or post-selection p-value
landscape,a0.2-b0.7,64,4,periodic,0.2,0.7,fair,event,sampled-actual,64,0,0.8110198974609376,0.07041714517318881,0,0,,a0.3-b0.3;a0.4-b0.4;a0.65-b0.65;a0.7-b0.7;a0.85-b0.85;a1-b1,15,a0.3-b0.3,0.8116149902343752,-0.000595092773437611,accepted_lag1,0.1659383812948386,0.004146205478704878,0.15765285078912106,0.17422391180055613,a0.3-b0.3,0.3,0.16017270736370565,0.0057656739311329475,0.004937793890157513,0.15030531364239272,0.17004010108501857,0,Exploratory point-mean frontier/matching only; retain all points; no continuum dominance or post-selection p-value
landscape,a0.2-b0.75,64,4,periodic,0.2,0.75,fair,event,sampled-actual,64,0,0.8097381591796876,0.06109047932003388,0,0,,a0.3-b0.3;a0.4-b0.4;a0.45-b0.45;a0.5-b0.5;a0.55-b0.55;a0.65-b0.65;a0.7-b0.7;a0.75-b0.75;a0.8-b0.8;a0.85-b0.85;a0.9-b0.9;a0.95-b0.95;a1-b1,14,a0.3-b0.3,0.8116149902343752,-0.001876831054687611,accepted_lag1,0.1546258767886547,0.0036423877340568413,0.14734714570810867,0.16190460786920072,a0.3-b0.3,0.3,0.16017270736370565,0.005546830575050954,0.004937793890157513,0.15030531364239272,0.17004010108501857,0,Exploratory point-mean frontier/matching only; retain all points; no continuum dominance or post-selection p-value
landscape,a0.2-b0.8,64,4,periodic,0.2,0.8,fair,event,sampled-actual,64,0,0.811126708984375,0.0662280210228961,0,0,,a0.3-b0.3;a0.65-b0.65;a0.7-b0.7;a0.85-b0.85;a1-b1,15,a0.3-b0.3,0.8116149902343752,-0.000488281250000222,accepted_lag1,0.15435281246387478,0.003993475335302551,0.1463724887957831,0.16233313613196645,a0.3-b0.3,0.3,0.16017270736370565,0.005819894899830869,0.004937793890157513,0.15030531364239272,0.17004010108501857,0,Exploratory point-mean frontier/matching only; retain all points; no continuum dominance or post-selection p-value
landscape,a0.2-b0.85,64,4,periodic,0.2,0.85,fair,event,sampled-actual,64,0,0.8107452392578125,0.07858151758722703,0,0,,a0.2-b0.2;a0.25-b0.25;a0.3-b0.3;a0.4-b0.4;a0.5-b0.5;a0.55-b0.55;a0.65-b0.65;a0.7-b0.7;a0.85-b0.85;a1-b1,17,a0.3-b0.3,0.8116149902343752,-0.000869750976562722,accepted_lag1,0.15650955758031804,0.0038566165230376715,0.1488027244253765,0.16421639073525957,a0.3-b0.3,0.3,0.16017270736370565,0.003663149783387609,0.004937793890157513,0.15030531364239272,0.17004010108501857,0,Exploratory point-mean frontier/matching only; retain all points; no continuum dominance or post-selection p-value
landscape,a0.2-b0.9,64,4,periodic,0.2,0.9,fair,event,sampled-actual,64,0,0.8099517822265625,0.07098530015038645,0,0,,a0.3-b0.3;a0.35-b0.35;a0.4-b0.4;a0.45-b0.45;a0.5-b0.5;a0.55-b0.55;a0.65-b0.65;a0.7-b0.7;a0.8-b0.8;a0.85-b0.85;a0.9-b0.9;a0.95-b0.95;a1-b1,15,a0.3-b0.3,0.8116149902343752,-0.001663208007812722,accepted_lag1,0.14487746848163194,0.0045611654187915525,0.13576270670411722,0.15399223025914666,a0.3-b0.3,0.3,0.16017270736370565,0.015295238882073708,0.004937793890157513,0.15030531364239272,0.17004010108501857,0,Exploratory point-mean frontier/matching only; retain all points; no continuum dominance or post-selection p-value
landscape,a0.2-b0.95,64,4,periodic,0.2,0.95,fair,event,sampled-actual,64,0,0.810791015625,0.06629667328673422,0,0,,a0.3-b0.3;a0.4-b0.4;a0.5-b0.5;a0.55-b0.55;a0.65-b0.65;a0.7-b0.7;a0.85-b0.85;a1-b1,15,a0.3-b0.3,0.8116149902343752,-0.000823974609375222,accepted_lag1,0.13674221114002594,0.0044104063646802005,0.127928717292494,0.14555570498755788,a0.3-b0.3,0.3,0.16017270736370565,0.02343049622367971,0.004937793890157513,0.15030531364239272,0.17004010108501857,0,Exploratory point-mean frontier/matching only; retain all points; no continuum dominance or post-selection p-value
landscape,a0.2-b0,64,4,periodic,0.2,0,fair,event,sampled-actual,64,0,0.7924957275390627,0.047452465519148584,0.96875,0,,a0.45-b0.45;a0.65-b0.65;a0.7-b0.7;a0.75-b0.75;a0.8-b0.8;a0.85-b0.85;a0.9-b0.9;a0.95-b0.95;a1-b1,9,a1-b1,0.8115692138671874,-0.019073486328124667,accepted_lag1,0.6040695727888432,0.0034773702419180113,0.5971206028530633,0.6110185427246231,a0.05-b0.05,0.05,0.5776566401572937,0.026412932631549535,0.003952251313221285,0.5697586961238528,0.5855545841907346,0,Exploratory point-mean frontier/matching only; retain all points; no continuum dominance or post-selection p-value
landscape,a0.2-b1,64,4,periodic,0.2,1,fair,event,sampled-actual,64,0,0.8100128173828124,0.0753210229685666,0,0,,a0.2-b0.2;a0.25-b0.25;a0.3-b0.3;a0.35-b0.35;a0.4-b0.4;a0.45-b0.45;a0.5-b0.5;a0.55-b0.55;a0.65-b0.65;a0.7-b0.7;a0.8-b0.8;a0.85-b0.85;a0.9-b0.9;a0.95-b0.95;a1-b1,17,a0.3-b0.3,0.8116149902343752,-0.001602172851562833,accepted_lag1,0.14370065982809313,0.004082820524595276,0.13554179404595862,0.15185952561022764,a0.3-b0.3,0.3,0.16017270736370565,0.016472047535612516,0.004937793890157513,0.15030531364239272,0.17004010108501857,0,Exploratory point-mean frontier/matching only; retain all points; no continuum dominance or post-selection p-value
landscape,a0.25-b0.05,64,4,periodic,0.25,0.05,fair,event,sampled-actual,64,0,0.8110198974609375,0.06600262896208231,0,0,,a0.3-b0.3;a0.4-b0.4;a0.65-b0.65;a0.7-b0.7;a0.85-b0.85;a1-b1,15,a0.3-b0.3,0.8116149902343752,-0.000595092773437722,accepted_lag1,0.32378960389407885,0.004392509543675635,0.31501187398954256,0.33256733379861514,a0.15-b0.15,0.15,0.349562287049081,0.02577268315500214,0.003989387958743894,0.341590131351279,0.35753444274688295,0,Exploratory point-mean frontier/matching only; retain all points; no continuum dominance or post-selection p-value
landscape,a0.25-b0.1,64,4,periodic,0.25,0.1,fair,event,sampled-actual,64,0,0.8093719482421876,0.06616786336964858,0,0,,a0.3-b0.3;a0.35-b0.35;a0.4-b0.4;a0.45-b0.45;a0.5-b0.5;a0.55-b0.55;a0.65-b0.65;a0.7-b0.7;a0.75-b0.75;a0.8-b0.8;a0.85-b0.85;a0.9-b0.9;a0.95-b0.95;a1-b1,15,a0.3-b0.3,0.8116149902343752,-0.002243041992187611,accepted_lag1,0.2725033741067057,0.004198461597065217,0.26411341808107397,0.28089333013233747,a0.2-b0.2,0.2,0.2695888284416103,0.002914545665095414,0.0035036270123864773,0.2625873885368876,0.276590268346333,0,Exploratory point-mean frontier/matching only; retain all points; no continuum dominance or post-selection p-value
landscape,a0.25-b0.15,64,4,periodic,0.25,0.15,fair,event,sampled-actual,64,0,0.8103942871093747,0.06568935104833613,0,0,,a0.3-b0.3;a0.4-b0.4;a0.45-b0.45;a0.5-b0.5;a0.55-b0.55;a0.65-b0.65;a0.7-b0.7;a0.8-b0.8;a0.85-b0.85;a0.9-b0.9;a0.95-b0.95;a1-b1,15,a0.3-b0.3,0.8116149902343752,-0.0012207031250005551,accepted_lag1,0.25167918715108184,0.00385720956288973,0.24397116890056061,0.2593872054016031,a0.2-b0.2,0.2,0.2695888284416103,0.017909641290528466,0.0035036270123864773,0.2625873885368876,0.276590268346333,0,Exploratory point-mean frontier/matching only; retain all points; no continuum dominance or post-selection p-value
landscape,a0.25-b0.2,64,4,periodic,0.25,0.2,fair,event,sampled-actual,64,0,0.8095397949218752,0.057563982340028505,0,0,,a0.4-b0.4;a0.45-b0.45;a0.5-b0.5;a0.55-b0.55;a0.65-b0.65;a0.7-b0.7;a0.75-b0.75;a0.8-b0.8;a0.85-b0.85;a0.9-b0.9;a0.95-b0.95;a1-b1,13,a1-b1,0.8115692138671874,-0.002029418945312167,accepted_lag1,0.2244647246759211,0.003601470959333763,0.21726775924517341,0.2316616901066688,a0.25-b0.25,0.25,0.20552509169781957,0.018939632978101528,0.003517287378371191,0.19849635372992397,0.21255382966571518,0,Exploratory point-mean frontier/matching only; retain all points; no continuum dominance or post-selection p-value
landscape,a0.25-b0.25,64,4,periodic,0.25,0.25,fair,event,sampled-actual,64,1,0.8108825683593749,0.07114612132701909,0,0,0,a0.3-b0.3;a0.4-b0.4;a0.5-b0.5;a0.65-b0.65;a0.7-b0.7;a0.85-b0.85;a1-b1,16,a0.3-b0.3,0.8116149902343752,-0.0007324218750003331,accepted_lag1,0.20552509169781957,0.003517287378371191,0.19849635372992397,0.21255382966571518,a0.25-b0.25,0.25,0.20552509169781957,0,0.003517287378371191,0.19849635372992397,0.21255382966571518,0,Exploratory point-mean frontier/matching only; retain all points; no continuum dominance or post-selection p-value
landscape,a0.25-b0.3,64,4,periodic,0.25,0.3,fair,event,sampled-actual,64,0,0.8094024658203124,0.06749612752642845,0,0,,a0.3-b0.3;a0.35-b0.35;a0.4-b0.4;a0.45-b0.45;a0.5-b0.5;a0.55-b0.55;a0.65-b0.65;a0.7-b0.7;a0.75-b0.75;a0.8-b0.8;a0.85-b0.85;a0.9-b0.9;a0.95-b0.95;a1-b1,15,a0.3-b0.3,0.8116149902343752,-0.002212524414062833,accepted_lag1,0.19996806211156345,0.00473154371565029,0.19051282647587028,0.20942329774725663,a0.25-b0.25,0.25,0.20552509169781957,0.005557029586256118,0.003517287378371191,0.19849635372992397,0.21255382966571518,0,Exploratory point-mean frontier/matching only; retain all points; no continuum dominance or post-selection p-value
landscape,a0.25-b0.35,64,4,periodic,0.25,0.35,fair,event,sampled-actual,64,0,0.810516357421875,0.07458506087009949,0,0,,a0.2-b0.2;a0.25-b0.25;a0.3-b0.3;a0.4-b0.4;a0.45-b0.45;a0.5-b0.5;a0.55-b0.55;a0.65-b0.65;a0.7-b0.7;a0.8-b0.8;a0.85-b0.85;a0.95-b0.95;a1-b1,17,a0.3-b0.3,0.8116149902343752,-0.001098632812500222,accepted_lag1,0.18406277032310808,0.00413407122252856,0.175801488193461,0.19232405245275516,a0.25-b0.25,0.25,0.20552509169781957,0.02146232137471149,0.003517287378371191,0.19849635372992397,0.21255382966571518,0,Exploratory point-mean frontier/matching only; retain all points; no continuum dominance or post-selection p-value
landscape,a0.25-b0.4,64,4,periodic,0.25,0.4,fair,event,sampled-actual,64,0,0.8109741210937498,0.06386386118614353,0,0,,a0.3-b0.3;a0.4-b0.4;a0.65-b0.65;a0.7-b0.7;a0.85-b0.85;a1-b1,15,a0.3-b0.3,0.8116149902343752,-0.0006408691406254441,accepted_lag1,0.17167946995842226,0.0041170511433535764,0.16345219974302747,0.17990674017381705,a0.3-b0.3,0.3,0.16017270736370565,0.011506762594716613,0.004937793890157513,0.15030531364239272,0.17004010108501857,0,Exploratory point-mean frontier/matching only; retain all points; no continuum dominance or post-selection p-value
landscape,a0.25-b0.45,64,4,periodic,0.25,0.45,fair,event,sampled-actual,64,0,0.8096923828125,0.06534160689123394,0,0,,a0.3-b0.3;a0.35-b0.35;a0.4-b0.4;a0.45-b0.45;a0.5-b0.5;a0.55-b0.55;a0.65-b0.65;a0.7-b0.7;a0.75-b0.75;a0.8-b0.8;a0.85-b0.85;a0.9-b0.9;a0.95-b0.95;a1-b1,15,a0.3-b0.3,0.8116149902343752,-0.001922607421875222,accepted_lag1,0.16838610546094476,0.0046068925236694355,0.15917996535586046,0.17759224556602907,a0.3-b0.3,0.3,0.16017270736370565,0.008213398097239116,0.004937793890157513,0.15030531364239272,0.17004010108501857,0,Exploratory point-mean frontier/matching only; retain all points; no continuum dominance or post-selection p-value
landscape,a0.25-b0.5,64,4,periodic,0.25,0.5,fair,event,sampled-actual,64,0,0.8100585937499997,0.054417027814994544,0,0,,a0.4-b0.4;a0.45-b0.45;a0.5-b0.5;a0.55-b0.55;a0.65-b0.65;a0.7-b0.7;a0.8-b0.8;a0.85-b0.85;a0.9-b0.9;a0.95-b0.95;a1-b1,13,a1-b1,0.8115692138671874,-0.001510620117187722,accepted_lag1,0.1626971095424929,0.0037405069739260906,0.15522230280691485,0.17017191627807093,a0.3-b0.3,0.3,0.16017270736370565,0.002524402178787244,0.004937793890157513,0.15030531364239272,0.17004010108501857,0,Exploratory point-mean frontier/matching only; retain all points; no continuum dominance or post-selection p-value
landscape,a0.25-b0.55,64,4,periodic,0.25,0.55,fair,event,sampled-actual,64,0,0.8112487792968746,0.06673067092638314,0,0,,a0.3-b0.3;a0.65-b0.65;a0.7-b0.7;a0.85-b0.85;a1-b1,15,a0.3-b0.3,0.8116149902343752,-0.00036621093750066613,accepted_lag1,0.15417839716671727,0.0044130032631076455,0.14535971383177299,0.16299708050166156,a0.3-b0.3,0.3,0.16017270736370565,0.005994310196988373,0.004937793890157513,0.15030531364239272,0.17004010108501857,0,Exploratory point-mean frontier/matching only; retain all points; no continuum dominance or post-selection p-value
landscape,a0.25-b0.6,64,4,periodic,0.25,0.6,fair,event,sampled-actual,64,0,0.8099822998046873,0.06890691946030507,0,0,,a0.3-b0.3;a0.35-b0.35;a0.4-b0.4;a0.45-b0.45;a0.5-b0.5;a0.55-b0.55;a0.65-b0.65;a0.7-b0.7;a0.8-b0.8;a0.85-b0.85;a0.9-b0.9;a0.95-b0.95;a1-b1,15,a0.3-b0.3,0.8116149902343752,-0.001632690429687944,accepted_lag1,0.15137623894022156,0.0035571482802316417,0.14426784531607678,0.15848463256436635,a0.3-b0.3,0.3,0.16017270736370565,0.008796468423484083,0.004937793890157513,0.15030531364239272,0.17004010108501857,0,Exploratory point-mean frontier/matching only; retain all points; no continuum dominance or post-selection p-value
landscape,a0.25-b0.65,64,4,periodic,0.25,0.65,fair,event,sampled-actual,64,0,0.81182861328125,0.06583922784396869,0,0,,,15,a0.3-b0.3,0.8116149902343752,0.00021362304687477796,accepted_lag1,0.14843274260653547,0.003501497100449135,0.14143555899118918,0.15542992622188176,a0.3-b0.3,0.3,0.16017270736370565,0.01173996475717018,0.004937793890157513,0.15030531364239272,0.17004010108501857,0,Exploratory point-mean frontier/matching only; retain all points; no continuum dominance or post-selection p-value
landscape,a0.25-b0.7,64,4,periodic,0.25,0.7,fair,event,sampled-actual,64,0,0.8115081787109376,0.07286246361524475,0,0,,a0.2-b0.2;a0.3-b0.3;a1-b1,17,a0.3-b0.3,0.8116149902343752,-0.00010681152343761102,accepted_lag1,0.13770887887788916,0.003929550863858717,0.1298562980727429,0.1455614596830354,a0.3-b0.3,0.3,0.16017270736370565,0.02246382848581649,0.004937793890157513,0.15030531364239272,0.17004010108501857,0,Exploratory point-mean frontier/matching only; retain all points; no continuum dominance or post-selection p-value
landscape,a0.25-b0.75,64,4,periodic,0.25,0.75,fair,event,sampled-actual,64,0,0.8122711181640625,0.06488571294634543,0,0,,,15,a0.3-b0.3,0.8116149902343752,0.000656127929687278,accepted_lag1,0.13208075882574,0.0038947145233438887,0.12429779289219758,0.1398637247592824,a0.35-b0.35,0.35,0.11103028902182141,0.021050469803918587,0.0043711091464383785,0.10229532439871039,0.11976525364493243,0,Exploratory point-mean frontier/matching only; retain all points; no continuum dominance or post-selection p-value
landscape,a0.25-b0.8,64,4,periodic,0.25,0.8,fair,event,sampled-actual,64,0,0.8093872070312501,0.07211755514979651,0,0,,a0.2-b0.2;a0.25-b0.25;a0.3-b0.3;a0.35-b0.35;a0.4-b0.4;a0.45-b0.45;a0.5-b0.5;a0.55-b0.55;a0.65-b0.65;a0.7-b0.7;a0.75-b0.75;a0.8-b0.8;a0.85-b0.85;a0.9-b0.9;a0.95-b0.95;a1-b1,17,a0.3-b0.3,0.8116149902343752,-0.002227783203125111,accepted_lag1,0.1346870952708982,0.004061343723958154,0.12657114745020048,0.14280304309159592,a0.35-b0.35,0.35,0.11103028902182141,0.02365680624907679,0.0043711091464383785,0.10229532439871039,0.11976525364493243,0,Exploratory point-mean frontier/matching only; retain all points; no continuum dominance or post-selection p-value
landscape,a0.25-b0.85,64,4,periodic,0.25,0.85,fair,event,sampled-actual,64,0,0.8094635009765625,0.0666180982286823,0,0,,a0.3-b0.3;a0.35-b0.35;a0.4-b0.4;a0.45-b0.45;a0.5-b0.5;a0.55-b0.55;a0.65-b0.65;a0.7-b0.7;a0.75-b0.75;a0.8-b0.8;a0.85-b0.85;a0.9-b0.9;a0.95-b0.95;a1-b1,15,a0.3-b0.3,0.8116149902343752,-0.002151489257812722,accepted_lag1,0.12522310033332304,0.004348310281043366,0.11653369560725435,0.13391250505939173,a0.35-b0.35,0.35,0.11103028902182141,0.01419281131150163,0.0043711091464383785,0.10229532439871039,0.11976525364493243,0,Exploratory point-mean frontier/matching only; retain all points; no continuum dominance or post-selection p-value
landscape,a0.25-b0.9,64,4,periodic,0.25,0.9,fair,event,sampled-actual,64,0,0.8101348876953125,0.05725406492100388,0,0,,a0.4-b0.4;a0.45-b0.45;a0.5-b0.5;a0.55-b0.55;a0.65-b0.65;a0.7-b0.7;a0.8-b0.8;a0.85-b0.85;a0.9-b0.9;a0.95-b0.95;a1-b1,13,a1-b1,0.8115692138671874,-0.001434326171874889,accepted_lag1,0.12273699932938915,0.003590915410210413,0.11556112748040322,0.1299128711783751,a0.35-b0.35,0.35,0.11103028902182141,0.011706710307567744,0.0043711091464383785,0.10229532439871039,0.11976525364493243,0,Exploratory point-mean frontier/matching only; retain all points; no continuum dominance or post-selection p-value
landscape,a0.25-b0.95,64,4,periodic,0.25,0.95,fair,event,sampled-actual,64,0,0.8110198974609374,0.06929061231743629,0,0,,a0.3-b0.3;a0.4-b0.4;a0.65-b0.65;a0.7-b0.7;a0.85-b0.85;a1-b1,15,a0.3-b0.3,0.8116149902343752,-0.0005950927734378331,accepted_lag1,0.12047189691729583,0.0046573871557712,0.11116485134170291,0.12977894249288874,a0.35-b0.35,0.35,0.11103028902182141,0.009441607895474421,0.0043711091464383785,0.10229532439871039,0.11976525364493243,0,Exploratory point-mean frontier/matching only; retain all points; no continuum dominance or post-selection p-value
landscape,a0.25-b0,64,4,periodic,0.25,0,fair,event,sampled-actual,64,0,0.7909545898437499,0.049709214999376077,0.984375,0,,a0.45-b0.45;a0.5-b0.5;a0.55-b0.55;a0.6-b0.6;a0.65-b0.65;a0.7-b0.7;a0.75-b0.75;a0.8-b0.8;a0.85-b0.85;a0.9-b0.9;a0.95-b0.95;a1-b1,12,a1-b1,0.8115692138671874,-0.0206146240234375,accepted_lag1,0.5074429630755916,0.0033472979526556613,0.5007539218689031,0.51413200428228,a0.1-b0.1,0.1,0.4387780607880675,0.06866490228752403,0.0042518090664556115,0.430281498351512,0.447274623224623,0,Exploratory point-mean frontier/matching only; retain all points; no continuum dominance or post-selection p-value
landscape,a0.25-b1,64,4,periodic,0.25,1,fair,event,sampled-actual,64,0,0.8102264404296875,0.06642203017678153,0,0,,a0.3-b0.3;a0.4-b0.4;a0.45-b0.45;a0.5-b0.5;a0.55-b0.55;a0.65-b0.65;a0.7-b0.7;a0.8-b0.8;a0.85-b0.85;a0.9-b0.9;a0.95-b0.95;a1-b1,15,a0.3-b0.3,0.8116149902343752,-0.001388549804687722,accepted_lag1,0.11758441883364652,0.004617944337017197,0.10835619344188102,0.12681264422541202,a0.35-b0.35,0.35,0.11103028902182141,0.006554129811825113,0.0043711091464383785,0.10229532439871039,0.11976525364493243,0,Exploratory point-mean frontier/matching only; retain all points; no continuum dominance or post-selection p-value
landscape,a0.3-b0.05,64,4,periodic,0.3,0.05,fair,event,sampled-actual,64,0,0.8106842041015626,0.05518308197812965,0,0,,a0.4-b0.4;a0.5-b0.5;a0.55-b0.55;a0.65-b0.65;a0.7-b0.7;a0.85-b0.85;a1-b1,13,a1-b1,0.8115692138671874,-0.000885009765624778,accepted_lag1,0.26052866309962536,0.004810011770655716,0.2509166215683221,0.2701407046309286,a0.2-b0.2,0.2,0.2695888284416103,0.00906016534198495,0.0035036270123864773,0.2625873885368876,0.276590268346333,0,Exploratory point-mean frontier/matching only; retain all points; no continuum dominance or post-selection p-value
landscape,a0.3-b0.1,64,4,periodic,0.3,0.1,fair,event,sampled-actual,64,0,0.8109588623046876,0.05477164402222204,0,0,,a0.4-b0.4;a0.65-b0.65;a0.7-b0.7;a0.85-b0.85;a1-b1,13,a1-b1,0.8115692138671874,-0.000610351562499778,accepted_lag1,0.21683934375052982,0.00463841111266354,0.20757021877121556,0.22610846872984408,a0.25-b0.25,0.25,0.20552509169781957,0.01131425205271025,0.003517287378371191,0.19849635372992397,0.21255382966571518,0,Exploratory point-mean frontier/matching only; retain all points; no continuum dominance or post-selection p-value
landscape,a0.3-b0.15,64,4,periodic,0.3,0.15,fair,event,sampled-actual,64,0,0.8107910156249999,0.06490028847065209,0,0,,a0.3-b0.3;a0.4-b0.4;a0.5-b0.5;a0.55-b0.55;a0.65-b0.65;a0.7-b0.7;a0.85-b0.85;a1-b1,15,a0.3-b0.3,0.8116149902343752,-0.0008239746093753331,accepted_lag1,0.20064278719778655,0.0034770622348628696,0.19369443276499232,0.2075911416305808,a0.25-b0.25,0.25,0.20552509169781957,0.004882304500033019,0.003517287378371191,0.19849635372992397,0.21255382966571518,0,Exploratory point-mean frontier/matching only; retain all points; no continuum dominance or post-selection p-value
landscape,a0.3-b0.2,64,4,periodic,0.3,0.2,fair,event,sampled-actual,64,0,0.8104095458984373,0.07257179661941726,0,0,,a0.2-b0.2;a0.25-b0.25;a0.3-b0.3;a0.4-b0.4;a0.45-b0.45;a0.5-b0.5;a0.55-b0.55;a0.65-b0.65;a0.7-b0.7;a0.8-b0.8;a0.85-b0.85;a0.9-b0.9;a0.95-b0.95;a1-b1,17,a0.3-b0.3,0.8116149902343752,-0.001205444335937944,accepted_lag1,0.1766410522502753,0.004130809232893603,0.16838628868676503,0.18489581581378556,a0.3-b0.3,0.3,0.16017270736370565,0.016468344886569647,0.004937793890157513,0.15030531364239272,0.17004010108501857,0,Exploratory point-mean frontier/matching only; retain all points; no continuum dominance or post-selection p-value
landscape,a0.3-b0.25,64,4,periodic,0.3,0.25,fair,event,sampled-actual,64,0,0.8093414306640625,0.05724886278905601,0,0,,a0.4-b0.4;a0.45-b0.45;a0.5-b0.5;a0.55-b0.55;a0.65-b0.65;a0.7-b0.7;a0.75-b0.75;a0.8-b0.8;a0.85-b0.85;a0.9-b0.9;a0.95-b0.95;a1-b1,13,a1-b1,0.8115692138671874,-0.002227783203124889,accepted_lag1,0.16544284463638537,0.003979383546808503,0.15749068116055798,0.17339500811221276,a0.3-b0.3,0.3,0.16017270736370565,0.00527013727267972,0.004937793890157513,0.15030531364239272,0.17004010108501857,0,Exploratory point-mean frontier/matching only; retain all points; no continuum dominance or post-selection p-value
landscape,a0.3-b0.3,64,4,periodic,0.3,0.3,fair,event,sampled-actual,64,1,0.8116149902343752,0.05829066995105111,0,0,1,,14,a0.3-b0.3,0.8116149902343752,0,accepted_lag1,0.16017270736370565,0.004937793890157513,0.15030531364239272,0.17004010108501857,a0.3-b0.3,0.3,0.16017270736370565,0,0.004937793890157513,0.15030531364239272,0.17004010108501857,0,Exploratory point-mean frontier/matching only; retain all points; no continuum dominance or post-selection p-value
landscape,a0.3-b0.35,64,4,periodic,0.3,0.35,fair,event,sampled-actual,64,0,0.8106384277343749,0.060594399547665156,0,0,,a0.3-b0.3;a0.4-b0.4;a0.5-b0.5;a0.55-b0.55;a0.65-b0.65;a0.7-b0.7;a0.85-b0.85;a0.95-b0.95;a1-b1,14,a0.3-b0.3,0.8116149902343752,-0.000976562500000333,accepted_lag1,0.14958978801315692,0.0044944432044957535,0.14060835994155624,0.1585712160847576,a0.3-b0.3,0.3,0.16017270736370565,0.010582919350548725,0.004937793890157513,0.15030531364239272,0.17004010108501857,0,Exploratory point-mean frontier/matching only; retain all points; no continuum dominance or post-selection p-value
landscape,a0.3-b0.4,64,4,periodic,0.3,0.4,fair,event,sampled-actual,64,0,0.8098144531250001,0.07301086440120427,0,0,,a0.2-b0.2;a0.25-b0.25;a0.3-b0.3;a0.35-b0.35;a0.4-b0.4;a0.45-b0.45;a0.5-b0.5;a0.55-b0.55;a0.65-b0.65;a0.7-b0.7;a0.75-b0.75;a0.8-b0.8;a0.85-b0.85;a0.9-b0.9;a0.95-b0.95;a1-b1,17,a0.3-b0.3,0.8116149902343752,-0.001800537109375111,accepted_lag1,0.14260170460021637,0.0043684468370201145,0.1338720601779526,0.15133134902248013,a0.3-b0.3,0.3,0.16017270736370565,0.017571002763489274,0.004937793890157513,0.15030531364239272,0.17004010108501857,0,Exploratory point-mean frontier/matching only; retain all points; no continuum dominance or post-selection p-value
landscape,a0.3-b0.45,64,4,periodic,0.3,0.45,fair,event,sampled-actual,64,0,0.8096160888671874,0.05068320245251523,0,0,,a0.45-b0.45;a0.5-b0.5;a0.55-b0.55;a0.65-b0.65;a0.7-b0.7;a0.75-b0.75;a0.8-b0.8;a0.85-b0.85;a0.9-b0.9;a0.95-b0.95;a1-b1,12,a1-b1,0.8115692138671874,-0.001953125,accepted_lag1,0.12787770046163643,0.004351891050857472,0.11918114013807479,0.13657426078519808,a0.35-b0.35,0.35,0.11103028902182141,0.016847411439815024,0.0043711091464383785,0.10229532439871039,0.11976525364493243,0,Exploratory point-mean frontier/matching only; retain all points; no continuum dominance or post-selection p-value
landscape,a0.3-b0.5,64,4,periodic,0.3,0.5,fair,event,sampled-actual,64,0,0.811126708984375,0.06457270046954132,0,0,,a0.3-b0.3;a0.65-b0.65;a0.7-b0.7;a0.85-b0.85;a1-b1,15,a0.3-b0.3,0.8116149902343752,-0.000488281250000222,accepted_lag1,0.12719260860615836,0.004039812445034106,0.11911968761306689,0.1352655295992498,a0.35-b0.35,0.35,0.11103028902182141,0.016162319584336948,0.0043711091464383785,0.10229532439871039,0.11976525364493243,0,Exploratory point-mean frontier/matching only; retain all points; no continuum dominance or post-selection p-value
landscape,a0.3-b0.55,64,4,periodic,0.3,0.55,fair,event,sampled-actual,64,0,0.8112792968749998,0.061626374478966024,0,0,,a0.3-b0.3;a0.65-b0.65;a0.7-b0.7;a0.85-b0.85;a1-b1,15,a0.3-b0.3,0.8116149902343752,-0.0003356933593754441,accepted_lag1,0.12498133682013952,0.00439616445607099,0.11619630315598425,0.1337663704842948,a0.35-b0.35,0.35,0.11103028902182141,0.013951047798318114,0.0043711091464383785,0.10229532439871039,0.11976525364493243,0,Exploratory point-mean frontier/matching only; retain all points; no continuum dominance or post-selection p-value
landscape,a0.3-b0.6,64,4,periodic,0.3,0.6,fair,event,sampled-actual,64,0,0.8092803955078127,0.06541299016820698,0,0,,a0.3-b0.3;a0.35-b0.35;a0.4-b0.4;a0.45-b0.45;a0.5-b0.5;a0.55-b0.55;a0.65-b0.65;a0.7-b0.7;a0.75-b0.75;a0.8-b0.8;a0.85-b0.85;a0.9-b0.9;a0.95-b0.95;a1-b1,15,a0.3-b0.3,0.8116149902343752,-0.0023345947265625,accepted_lag1,0.12503586677459425,0.0043515309079756054,0.11634002613915453,0.13373170741003396,a0.35-b0.35,0.35,0.11103028902182141,0.014005577752772835,0.0043711091464383785,0.10229532439871039,0.11976525364493243,0,Exploratory point-mean frontier/matching only; retain all points; no continuum dominance or post-selection p-value
landscape,a0.3-b0.65,64,4,periodic,0.3,0.65,fair,event,sampled-actual,64,0,0.8094024658203124,0.06895956295501651,0,0,,a0.3-b0.3;a0.35-b0.35;a0.4-b0.4;a0.45-b0.45;a0.5-b0.5;a0.55-b0.55;a0.65-b0.65;a0.7-b0.7;a0.75-b0.75;a0.8-b0.8;a0.85-b0.85;a0.9-b0.9;a0.95-b0.95;a1-b1,15,a0.3-b0.3,0.8116149902343752,-0.002212524414062833,accepted_lag1,0.12045293382345891,0.004095464615838817,0.1122688008411691,0.1286370668057487,a0.35-b0.35,0.35,0.11103028902182141,0.0094226448016375,0.0043711091464383785,0.10229532439871039,0.11976525364493243,0,Exploratory point-mean frontier/matching only; retain all points; no continuum dominance or post-selection p-value
landscape,a0.3-b0.7,64,4,periodic,0.3,0.7,fair,event,sampled-actual,64,0,0.810333251953125,0.049981957170735884,0,0,,a0.45-b0.45;a0.5-b0.5;a0.55-b0.55;a0.65-b0.65;a0.7-b0.7;a0.8-b0.8;a0.85-b0.85;a0.9-b0.9;a0.95-b0.95;a1-b1,12,a1-b1,0.8115692138671874,-0.001235961914062389,accepted_lag1,0.10784578682879736,0.004220252855992272,0.0994122844469791,0.11627928921061563,a0.35-b0.35,0.35,0.11103028902182141,0.003184502193024047,0.0043711091464383785,0.10229532439871039,0.11976525364493243,0,Exploratory point-mean frontier/matching only; retain all points; no continuum dominance or post-selection p-value
landscape,a0.3-b0.75,64,4,periodic,0.3,0.75,fair,event,sampled-actual,64,0,0.8097839355468751,0.05344448514155342,0,0,,a0.45-b0.45;a0.5-b0.5;a0.55-b0.55;a0.65-b0.65;a0.7-b0.7;a0.75-b0.75;a0.8-b0.8;a0.85-b0.85;a0.9-b0.9;a0.95-b0.95;a1-b1,12,a1-b1,0.8115692138671874,-0.001785278320312278,accepted_lag1,0.10721212448935652,0.00395894309564483,0.09930080799579692,0.11512344098291612,a0.35-b0.35,0.35,0.11103028902182141,0.0038181645324648905,0.0043711091464383785,0.10229532439871039,0.11976525364493243,0,Exploratory point-mean frontier/matching only; retain all points; no continuum dominance or post-selection p-value
landscape,a0.3-b0.8,64,4,periodic,0.3,0.8,fair,event,sampled-actual,64,0,0.8108978271484373,0.0593161656156426,0,0,,a0.3-b0.3;a0.4-b0.4;a0.5-b0.5;a0.65-b0.65;a0.7-b0.7;a0.85-b0.85;a1-b1,14,a0.3-b0.3,0.8116149902343752,-0.0007171630859379441,accepted_lag1,0.10265615047256739,0.004244809097018386,0.09417357635873472,0.11113872458640006,a0.35-b0.35,0.35,0.11103028902182141,0.00837413854925402,0.0043711091464383785,0.10229532439871039,0.11976525364493243,0,Exploratory point-mean frontier/matching only; retain all points; no continuum dominance or post-selection p-value
landscape,a0.3-b0.85,64,4,periodic,0.3,0.85,fair,event,sampled-actual,64,0,0.8115081787109375,0.06001972592189914,0,0,,a0.3-b0.3;a1-b1,14,a0.3-b0.3,0.8116149902343752,-0.00010681152343772204,accepted_lag1,0.10148405063841665,0.004476229422178152,0.09253901990645388,0.1104290813703794,a0.35-b0.35,0.35,0.11103028902182141,0.009546238383404765,0.0043711091464383785,0.10229532439871039,0.11976525364493243,0,Exploratory point-mean frontier/matching only; retain all points; no continuum dominance or post-selection p-value
landscape,a0.3-b0.9,64,4,periodic,0.3,0.9,fair,event,sampled-actual,64,0,0.8113861083984376,0.056814812665049286,0,0,,a0.85-b0.85;a1-b1,13,a1-b1,0.8115692138671874,-0.00018310546874977796,accepted_lag1,0.09333995463908507,0.004541081069359106,0.08426532823131136,0.10241458104685877,a0.35-b0.35,0.35,0.11103028902182141,0.017690334382736345,0.0043711091464383785,0.10229532439871039,0.11976525364493243,0,Exploratory point-mean frontier/matching only; retain all points; no continuum dominance or post-selection p-value
landscape,a0.3-b0.95,64,4,periodic,0.3,0.95,fair,event,sampled-actual,64,0,0.8092346191406251,0.054275727590842655,0,0,,a0.4-b0.4;a0.45-b0.45;a0.5-b0.5;a0.55-b0.55;a0.65-b0.65;a0.7-b0.7;a0.75-b0.75;a0.8-b0.8;a0.85-b0.85;a0.9-b0.9;a0.95-b0.95;a1-b1,13,a1-b1,0.8115692138671874,-0.002334594726562278,accepted_lag1,0.10092250501800898,0.0037240224780928375,0.09348063991877753,0.10836437011724043,a0.35-b0.35,0.35,0.11103028902182141,0.010107784003812431,0.0043711091464383785,0.10229532439871039,0.11976525364493243,0,Exploratory point-mean frontier/matching only; retain all points; no continuum dominance or post-selection p-value
landscape,a0.3-b0,64,4,periodic,0.3,0,fair,event,sampled-actual,64,0,0.7964172363281248,0.04543542607714128,0.9375,0,,a0.45-b0.45;a0.65-b0.65;a0.7-b0.7;a0.75-b0.75;a0.8-b0.8;a0.85-b0.85;a0.9-b0.9;a0.95-b0.95;a1-b1,9,a1-b1,0.8115692138671874,-0.015151977539062611,accepted_lag1,0.4060688085693027,0.003651880499499699,0.3987711077107116,0.4133665094278938,a0.1-b0.1,0.1,0.4387780607880675,0.032709252218764806,0.0042518090664556115,0.430281498351512,0.447274623224623,0,Exploratory point-mean frontier/matching only; retain all points; no continuum dominance or post-selection p-value
landscape,a0.3-b1,64,4,periodic,0.3,1,fair,event,sampled-actual,64,0,0.8103942871093752,0.06823189685245858,0,0,,a0.3-b0.3;a0.4-b0.4;a0.45-b0.45;a0.5-b0.5;a0.55-b0.55;a0.65-b0.65;a0.7-b0.7;a0.8-b0.8;a0.85-b0.85;a0.9-b0.9;a0.95-b0.95;a1-b1,15,a0.3-b0.3,0.8116149902343752,-0.001220703125,accepted_lag1,0.09400793007934617,0.004996131167151587,0.08402395861227573,0.10399190154641662,a0.35-b0.35,0.35,0.11103028902182141,0.017022358942475238,0.0043711091464383785,0.10229532439871039,0.11976525364493243,0,Exploratory point-mean frontier/matching only; retain all points; no continuum dominance or post-selection p-value
landscape,a0.35-b0.05,64,4,periodic,0.35,0.05,fair,event,sampled-actual,64,0,0.8103485107421875,0.050423811666354734,0,0,,a0.45-b0.45;a0.5-b0.5;a0.55-b0.55;a0.65-b0.65;a0.7-b0.7;a0.8-b0.8;a0.85-b0.85;a0.9-b0.9;a0.95-b0.95;a1-b1,12,a1-b1,0.8115692138671874,-0.001220703124999889,accepted_lag1,0.19094773037913712,0.004330444409561681,0.18229402774837775,0.1996014330098965,a0.25-b0.25,0.25,0.20552509169781957,0.014577361318682452,0.003517287378371191,0.19849635372992397,0.21255382966571518,0,Exploratory point-mean frontier/matching only; retain all points; no continuum dominance or post-selection p-value
landscape,a0.35-b0.1,64,4,periodic,0.35,0.1,fair,event,sampled-actual,64,0,0.810821533203125,0.05067329919544039,0,0,,a0.5-b0.5;a0.55-b0.55;a0.65-b0.65;a0.7-b0.7;a0.85-b0.85;a1-b1,12,a1-b1,0.8115692138671874,-0.000747680664062389,accepted_lag1,0.16145595245280944,0.004632187964295403,0.15219926344318135,0.17071264146243753,a0.3-b0.3,0.3,0.16017270736370565,0.001283245089103796,0.004937793890157513,0.15030531364239272,0.17004010108501857,0,Exploratory point-mean frontier/matching only; retain all points; no continuum dominance or post-selection p-value
landscape,a0.35-b0.15,64,4,periodic,0.35,0.15,fair,event,sampled-actual,64,0,0.8101043701171875,0.05577131455821473,0,0,,a0.4-b0.4;a0.45-b0.45;a0.5-b0.5;a0.55-b0.55;a0.65-b0.65;a0.7-b0.7;a0.8-b0.8;a0.85-b0.85;a0.9-b0.9;a0.95-b0.95;a1-b1,13,a1-b1,0.8115692138671874,-0.001464843749999889,accepted_lag1,0.14945801670285266,0.004535439352918733,0.14039466436577117,0.15852136903993416,a0.3-b0.3,0.3,0.16017270736370565,0.010714690660852982,0.004937793890157513,0.15030531364239272,0.17004010108501857,0,Exploratory point-mean frontier/matching only; retain all points; no continuum dominance or post-selection p-value
landscape,a0.35-b0.2,64,4,periodic,0.35,0.2,fair,event,sampled-actual,64,0,0.8075256347656249,0.04286321779532652,0,0,,a0.65-b0.65;a0.7-b0.7;a0.75-b0.75;a0.8-b0.8;a0.85-b0.85;a0.9-b0.9;a0.95-b0.95;a1-b1,8,a1-b1,0.8115692138671874,-0.0040435791015625,accepted_lag1,0.14177492144418885,0.004227903825093217,0.13332612982062658,0.15022371306775112,a0.3-b0.3,0.3,0.16017270736370565,0.018397785919516796,0.004937793890157513,0.15030531364239272,0.17004010108501857,0,Exploratory point-mean frontier/matching only; retain all points; no continuum dominance or post-selection p-value
landscape,a0.35-b0.25,64,4,periodic,0.35,0.25,fair,event,sampled-actual,64,0,0.8086242675781251,0.05427887740643039,0,0,,a0.4-b0.4;a0.45-b0.45;a0.5-b0.5;a0.55-b0.55;a0.6-b0.6;a0.65-b0.65;a0.7-b0.7;a0.75-b0.75;a0.8-b0.8;a0.85-b0.85;a0.9-b0.9;a0.95-b0.95;a1-b1,13,a1-b1,0.8115692138671874,-0.002944946289062278,accepted_lag1,0.12610215152610665,0.0038598896114975137,0.11838877762579657,0.13381552542641673,a0.35-b0.35,0.35,0.11103028902182141,0.015071862504285244,0.0043711091464383785,0.10229532439871039,0.11976525364493243,0,Exploratory point-mean frontier/matching only; retain all points; no continuum dominance or post-selection p-value
landscape,a0.35-b0.3,64,4,periodic,0.35,0.3,fair,event,sampled-actual,64,0,0.8101196289062503,0.06251334131104629,0,0,,a0.3-b0.3;a0.35-b0.35;a0.4-b0.4;a0.45-b0.45;a0.5-b0.5;a0.55-b0.55;a0.65-b0.65;a0.7-b0.7;a0.8-b0.8;a0.85-b0.85;a0.9-b0.9;a0.95-b0.95;a1-b1,15,a0.3-b0.3,0.8116149902343752,-0.001495361328124889,accepted_lag1,0.11833897355044096,0.0036113169276533706,0.1111223325220198,0.1255556145788621,a0.35-b0.35,0.35,0.11103028902182141,0.007308684528619547,0.0043711091464383785,0.10229532439871039,0.11976525364493243,0,Exploratory point-mean frontier/matching only; retain all points; no continuum dominance or post-selection p-value
landscape,a0.35-b0.35,64,4,periodic,0.35,0.35,fair,event,sampled-actual,64,1,0.8102264404296873,0.0610964204597444,0,0,0,a0.3-b0.3;a0.4-b0.4;a0.45-b0.45;a0.5-b0.5;a0.55-b0.55;a0.65-b0.65;a0.7-b0.7;a0.8-b0.8;a0.85-b0.85;a0.9-b0.9;a0.95-b0.95;a1-b1,15,a0.3-b0.3,0.8116149902343752,-0.001388549804687944,accepted_lag1,0.11103028902182141,0.0043711091464383785,0.10229532439871039,0.11976525364493243,a0.35-b0.35,0.35,0.11103028902182141,0,0.0043711091464383785,0.10229532439871039,0.11976525364493243,0,Exploratory point-mean frontier/matching only; retain all points; no continuum dominance or post-selection p-value
landscape,a0.35-b0.4,64,4,periodic,0.35,0.4,fair,event,sampled-actual,64,0,0.8093109130859374,0.05912662351398509,0,0,,a0.3-b0.3;a0.4-b0.4;a0.45-b0.45;a0.5-b0.5;a0.55-b0.55;a0.65-b0.65;a0.7-b0.7;a0.75-b0.75;a0.8-b0.8;a0.85-b0.85;a0.9-b0.9;a0.95-b0.95;a1-b1,14,a0.3-b0.3,0.8116149902343752,-0.002304077148437833,accepted_lag1,0.10395130192841714,0.0041326700918033555,0.09569281973510362,0.11220978412173067,a0.35-b0.35,0.35,0.11103028902182141,0.007078987093404265,0.0043711091464383785,0.10229532439871039,0.11976525364493243,0,Exploratory point-mean frontier/matching only; retain all points; no continuum dominance or post-selection p-value
landscape,a0.35-b0.45,64,4,periodic,0.35,0.45,fair,event,sampled-actual,64,0,0.8096923828125004,0.07234890759262046,0,0,,a0.2-b0.2;a0.25-b0.25;a0.3-b0.3;a0.35-b0.35;a0.4-b0.4;a0.45-b0.45;a0.5-b0.5;a0.55-b0.55;a0.65-b0.65;a0.7-b0.7;a0.75-b0.75;a0.8-b0.8;a0.85-b0.85;a0.9-b0.9;a0.95-b0.95;a1-b1,17,a0.3-b0.3,0.8116149902343752,-0.001922607421874778,accepted_lag1,0.1060930713364514,0.004196305641460712,0.097707423644312,0.11447871902859082,a0.35-b0.35,0.35,0.11103028902182141,0.0049372176853700045,0.0043711091464383785,0.10229532439871039,0.11976525364493243,0,Exploratory point-mean frontier/matching only; retain all points; no continuum dominance or post-selection p-value
landscape,a0.35-b0.5,64,4,periodic,0.35,0.5,fair,event,sampled-actual,64,0,0.8102874755859375,0.05745882615896396,0,0,,a0.4-b0.4;a0.45-b0.45;a0.5-b0.5;a0.55-b0.55;a0.65-b0.65;a0.7-b0.7;a0.8-b0.8;a0.85-b0.85;a0.9-b0.9;a0.95-b0.95;a1-b1,13,a1-b1,0.8115692138671874,-0.001281738281249889,accepted_lag1,0.08903906049711019,0.004369242678904515,0.0803078257117434,0.09777029528247698,a0.4-b0.4,0.4,0.07446800200568292,0.014571058491427272,0.004315937684029089,0.06584328875269455,0.08309271525867129,0,Exploratory point-mean frontier/matching only; retain all points; no continuum dominance or post-selection p-value
landscape,a0.35-b0.55,64,4,periodic,0.35,0.55,fair,event,sampled-actual,64,0,0.8106994628906251,0.05820184434834409,0,0,,a0.4-b0.4;a0.5-b0.5;a0.55-b0.55;a0.65-b0.65;a0.7-b0.7;a0.85-b0.85;a1-b1,13,a1-b1,0.8115692138671874,-0.000869750976562278,accepted_lag1,0.09227489124409678,0.0043058309478064775,0.08367037469185462,0.10087940779633894,a0.4-b0.4,0.4,0.07446800200568292,0.017806889238413864,0.004315937684029089,0.06584328875269455,0.08309271525867129,0,Exploratory point-mean frontier/matching only; retain all points; no continuum dominance or post-selection p-value
landscape,a0.35-b0.6,64,4,periodic,0.35,0.6,fair,event,sampled-actual,64,0,0.8096466064453125,0.05249098885538539,0,0,,a0.45-b0.45;a0.5-b0.5;a0.55-b0.55;a0.65-b0.65;a0.7-b0.7;a0.75-b0.75;a0.8-b0.8;a0.85-b0.85;a0.9-b0.9;a0.95-b0.95;a1-b1,12,a1-b1,0.8115692138671874,-0.001922607421874889,accepted_lag1,0.09519660224751775,0.004875505032826678,0.08545368287515631,0.10493952161987918,a0.35-b0.35,0.35,0.11103028902182141,0.015833686774303662,0.0043711091464383785,0.10229532439871039,0.11976525364493243,0,Exploratory point-mean frontier/matching only; retain all points; no continuum dominance or post-selection p-value
landscape,a0.35-b0.65,64,4,periodic,0.35,0.65,fair,event,sampled-actual,64,0,0.8093719482421875,0.05730840275476853,0,0,,a0.4-b0.4;a0.45-b0.45;a0.5-b0.5;a0.55-b0.55;a0.65-b0.65;a0.7-b0.7;a0.75-b0.75;a0.8-b0.8;a0.85-b0.85;a0.9-b0.9;a0.95-b0.95;a1-b1,13,a1-b1,0.8115692138671874,-0.002197265624999889,accepted_lag1,0.08808891248232228,0.004548423140804562,0.07899961411551304,0.09717821084913153,a0.4-b0.4,0.4,0.07446800200568292,0.013620910476639367,0.004315937684029089,0.06584328875269455,0.08309271525867129,0,Exploratory point-mean frontier/matching only; retain all points; no continuum dominance or post-selection p-value
landscape,a0.35-b0.7,64,4,periodic,0.35,0.7,fair,event,sampled-actual,64,0,0.8104095458984375,0.04968093030442687,0,0,,a0.45-b0.45;a0.5-b0.5;a0.65-b0.65;a0.7-b0.7;a0.8-b0.8;a0.85-b0.85;a0.9-b0.9;a0.95-b0.95;a1-b1,11,a1-b1,0.8115692138671874,-0.001159667968749889,accepted_lag1,0.08283715471546022,0.004480182653502479,0.0738842240810681,0.09179008534985234,a0.4-b0.4,0.4,0.07446800200568292,0.008369152709777297,0.004315937684029089,0.06584328875269455,0.08309271525867129,0,Exploratory point-mean frontier/matching only; retain all points; no continuum dominance or post-selection p-value
landscape,a0.35-b0.75,64,4,periodic,0.35,0.75,fair,event,sampled-actual,64,0,0.8094329833984373,0.05777080937818747,0,0,,a0.4-b0.4;a0.45-b0.45;a0.5-b0.5;a0.55-b0.55;a0.65-b0.65;a0.7-b0.7;a0.75-b0.75;a0.8-b0.8;a0.85-b0.85;a0.9-b0.9;a0.95-b0.95;a1-b1,13,a1-b1,0.8115692138671874,-0.002136230468750111,accepted_lag1,0.08220934216765485,0.003925111266937002,0.07436563318902972,0.09005305114627998,a0.4-b0.4,0.4,0.07446800200568292,0.007741340161971935,0.004315937684029089,0.06584328875269455,0.08309271525867129,0,Exploratory point-mean frontier/matching only; retain all points; no continuum dominance or post-selection p-value
landscape,a0.35-b0.8,64,4,periodic,0.35,0.8,fair,event,sampled-actual,64,0,0.8094635009765624,0.05271028240862205,0,0,,a0.45-b0.45;a0.5-b0.5;a0.55-b0.55;a0.65-b0.65;a0.7-b0.7;a0.75-b0.75;a0.8-b0.8;a0.85-b0.85;a0.9-b0.9;a0.95-b0.95;a1-b1,12,a1-b1,0.8115692138671874,-0.002105712890625,accepted_lag1,0.0819580466557235,0.004047432848414,0.07386989750160762,0.09004619580983937,a0.4-b0.4,0.4,0.07446800200568292,0.007490044650040578,0.004315937684029089,0.06584328875269455,0.08309271525867129,0,Exploratory point-mean frontier/matching only; retain all points; no continuum dominance or post-selection p-value
landscape,a0.35-b0.85,64,4,periodic,0.35,0.85,fair,event,sampled-actual,64,0,0.8096160888671872,0.05028273866002593,0,0,,a0.45-b0.45;a0.5-b0.5;a0.55-b0.55;a0.65-b0.65;a0.7-b0.7;a0.75-b0.75;a0.8-b0.8;a0.85-b0.85;a0.9-b0.9;a0.95-b0.95;a1-b1,12,a1-b1,0.8115692138671874,-0.001953125000000222,accepted_lag1,0.07217051399300745,0.003999400739036379,0.06417834935040366,0.08016267863561123,a0.4-b0.4,0.4,0.07446800200568292,0.002297488012675472,0.004315937684029089,0.06584328875269455,0.08309271525867129,0,Exploratory point-mean frontier/matching only; retain all points; no continuum dominance or post-selection p-value
landscape,a0.35-b0.9,64,4,periodic,0.35,0.9,fair,event,sampled-actual,64,0,0.809967041015625,0.047712985332853675,0,0,,a0.45-b0.45;a0.65-b0.65;a0.7-b0.7;a0.8-b0.8;a0.85-b0.85;a0.9-b0.9;a0.95-b0.95;a1-b1,9,a1-b1,0.8115692138671874,-0.001602172851562389,accepted_lag1,0.07301810201979392,0.004588068432939784,0.06384957885839078,0.08218662518119706,a0.4-b0.4,0.4,0.07446800200568292,0.001449899985889,0.004315937684029089,0.06584328875269455,0.08309271525867129,0,Exploratory point-mean frontier/matching only; retain all points; no continuum dominance or post-selection p-value
landscape,a0.35-b0.95,64,4,periodic,0.35,0.95,fair,event,sampled-actual,64,0,0.8105926513671874,0.053872146035963575,0,0,,a0.4-b0.4;a0.5-b0.5;a0.55-b0.55;a0.65-b0.65;a0.7-b0.7;a0.85-b0.85;a0.95-b0.95;a1-b1,13,a1-b1,0.8115692138671874,-0.0009765625,accepted_lag1,0.06983307183165122,0.004409325862588252,0.06102173719525591,0.07864440646804653,a0.4-b0.4,0.4,0.07446800200568292,0.004634930174031701,0.004315937684029089,0.06584328875269455,0.08309271525867129,0,Exploratory point-mean frontier/matching only; retain all points; no continuum dominance or post-selection p-value
landscape,a0.35-b0,64,4,periodic,0.35,0,fair,event,sampled-actual,64,0,0.7942047119140623,0.037399022054952824,0.984375,0,,a0.65-b0.65;a0.9-b0.9;a0.95-b0.95;a1-b1,4,a1-b1,0.8115692138671874,-0.01736450195312511,accepted_lag1,0.3040149253305896,0.004082913259371523,0.295855874232792,0.3121739764283872,a0.2-b0.2,0.2,0.2695888284416103,0.034426096888979296,0.0035036270123864773,0.2625873885368876,0.276590268346333,0,Exploratory point-mean frontier/matching only; retain all points; no continuum dominance or post-selection p-value
landscape,a0.35-b1,64,4,periodic,0.35,1,fair,event,sampled-actual,64,0,0.8110046386718749,0.06256736691899363,0,0,,a0.3-b0.3;a0.4-b0.4;a0.65-b0.65;a0.7-b0.7;a0.85-b0.85;a1-b1,15,a0.3-b0.3,0.8116149902343752,-0.0006103515625003331,accepted_lag1,0.07028590763923206,0.004264624599865385,0.061763735402689805,0.07880807987577433,a0.4-b0.4,0.4,0.07446800200568292,0.004182094366450853,0.004315937684029089,0.06584328875269455,0.08309271525867129,0,Exploratory point-mean frontier/matching only; retain all points; no continuum dominance or post-selection p-value
landscape,a0.4-b0.05,64,4,periodic,0.4,0.05,fair,event,sampled-actual,64,0,0.8103790283203124,0.04564281329361777,0,0,,a0.45-b0.45;a0.65-b0.65;a0.7-b0.7;a0.8-b0.8;a0.85-b0.85;a0.9-b0.9;a0.95-b0.95;a1-b1,9,a1-b1,0.8115692138671874,-0.001190185546875,accepted_lag1,0.13369352341365603,0.0040643699359605035,0.12557152819082376,0.1418155186364883,a0.35-b0.35,0.35,0.11103028902182141,0.022663234391834625,0.0043711091464383785,0.10229532439871039,0.11976525364493243,0,Exploratory point-mean frontier/matching only; retain all points; no continuum dominance or post-selection p-value
landscape,a0.4-b0.1,64,4,periodic,0.4,0.1,fair,event,sampled-actual,64,0,0.8110198974609376,0.04203127016661308,0,0,,a0.65-b0.65;a0.7-b0.7;a0.85-b0.85;a1-b1,8,a1-b1,0.8115692138671874,-0.000549316406249778,accepted_lag1,0.11218414716871157,0.004696018640611214,0.10279990273074507,0.12156839160667807,a0.35-b0.35,0.35,0.11103028902182141,0.0011538581468901604,0.0043711091464383785,0.10229532439871039,0.11976525364493243,0,Exploratory point-mean frontier/matching only; retain all points; no continuum dominance or post-selection p-value
landscape,a0.4-b0.15,64,4,periodic,0.4,0.15,fair,event,sampled-actual,64,0,0.8104400634765625,0.0540783705048795,0,0,,a0.4-b0.4;a0.45-b0.45;a0.5-b0.5;a0.55-b0.55;a0.65-b0.65;a0.7-b0.7;a0.8-b0.8;a0.85-b0.85;a0.95-b0.95;a1-b1,13,a1-b1,0.8115692138671874,-0.001129150390624889,accepted_lag1,0.10537010332856107,0.0037708654757842887,0.09783462996790959,0.11290557668921256,a0.35-b0.35,0.35,0.11103028902182141,0.005660185693260336,0.0043711091464383785,0.10229532439871039,0.11976525364493243,0,Exploratory point-mean frontier/matching only; retain all points; no continuum dominance or post-selection p-value
landscape,a0.4-b0.2,64,4,periodic,0.4,0.2,fair,event,sampled-actual,64,0,0.8104553222656251,0.05338187069827782,0,0,,a0.45-b0.45;a0.5-b0.5;a0.55-b0.55;a0.65-b0.65;a0.7-b0.7;a0.8-b0.8;a0.85-b0.85;a0.95-b0.95;a1-b1,12,a1-b1,0.8115692138671874,-0.001113891601562278,accepted_lag1,0.09738899456500419,0.0043541391625786085,0.08868794174864608,0.1060900473813623,a0.35-b0.35,0.35,0.11103028902182141,0.013641294456817221,0.0043711091464383785,0.10229532439871039,0.11976525364493243,0,Exploratory point-mean frontier/matching only; retain all points; no continuum dominance or post-selection p-value
landscape,a0.4-b0.25,64,4,periodic,0.4,0.25,fair,event,sampled-actual,64,0,0.8104400634765623,0.0512760963814069,0,0,,a0.45-b0.45;a0.5-b0.5;a0.55-b0.55;a0.65-b0.65;a0.7-b0.7;a0.8-b0.8;a0.85-b0.85;a0.95-b0.95;a1-b1,12,a1-b1,0.8115692138671874,-0.001129150390625111,accepted_lag1,0.08428079939548463,0.004294389245352534,0.07569914726113164,0.09286245152983763,a0.4-b0.4,0.4,0.07446800200568292,0.009812797389801717,0.004315937684029089,0.06584328875269455,0.08309271525867129,0,Exploratory point-mean frontier/matching only; retain all points; no continuum dominance or post-selection p-value
landscape,a0.4-b0.3,64,4,periodic,0.4,0.3,fair,event,sampled-actual,64,0,0.809173583984375,0.05431736617447543,0,0,,a0.4-b0.4;a0.45-b0.45;a0.5-b0.5;a0.55-b0.55;a0.65-b0.65;a0.7-b0.7;a0.75-b0.75;a0.8-b0.8;a0.85-b0.85;a0.9-b0.9;a0.95-b0.95;a1-b1,13,a1-b1,0.8115692138671874,-0.002395629882812389,accepted_lag1,0.08115412271632459,0.004616056836951724,0.07192966919246394,0.09037857624018525,a0.4-b0.4,0.4,0.07446800200568292,0.006686120710641674,0.004315937684029089,0.06584328875269455,0.08309271525867129,0,Exploratory point-mean frontier/matching only; retain all points; no continuum dominance or post-selection p-value
landscape,a0.4-b0.35,64,4,periodic,0.4,0.35,fair,event,sampled-actual,64,0,0.8101959228515626,0.05695087673621509,0,0,,a0.4-b0.4;a0.45-b0.45;a0.5-b0.5;a0.55-b0.55;a0.65-b0.65;a0.7-b0.7;a0.8-b0.8;a0.85-b0.85;a0.9-b0.9;a0.95-b0.95;a1-b1,13,a1-b1,0.8115692138671874,-0.001373291015624778,accepted_lag1,0.08163869101219415,0.0044613185720021285,0.07272345723666158,0.09055392478772671,a0.4-b0.4,0.4,0.07446800200568292,0.00717068900651123,0.004315937684029089,0.06584328875269455,0.08309271525867129,0,Exploratory point-mean frontier/matching only; retain all points; no continuum dominance or post-selection p-value
landscape,a0.4-b0.4,64,4,periodic,0.4,0.4,fair,event,sampled-actual,64,1,0.8110504150390623,0.05350790614917039,0,0,0,a0.65-b0.65;a0.7-b0.7;a0.85-b0.85;a1-b1,13,a1-b1,0.8115692138671874,-0.000518798828125111,accepted_lag1,0.07446800200568292,0.004315937684029089,0.06584328875269455,0.08309271525867129,a0.4-b0.4,0.4,0.07446800200568292,0,0.004315937684029089,0.06584328875269455,0.08309271525867129,0,Exploratory point-mean frontier/matching only; retain all points; no continuum dominance or post-selection p-value
landscape,a0.4-b0.45,64,4,periodic,0.4,0.45,fair,event,sampled-actual,64,0,0.8100891113281249,0.06491438309497255,0,0,,a0.3-b0.3;a0.35-b0.35;a0.4-b0.4;a0.45-b0.45;a0.5-b0.5;a0.55-b0.55;a0.65-b0.65;a0.7-b0.7;a0.8-b0.8;a0.85-b0.85;a0.9-b0.9;a0.95-b0.95;a1-b1,15,a0.3-b0.3,0.8116149902343752,-0.001525878906250333,accepted_lag1,0.07307343154969786,0.0040556439944238725,0.06496887372960991,0.08117798936978582,a0.4-b0.4,0.4,0.07446800200568292,0.001394570455985053,0.004315937684029089,0.06584328875269455,0.08309271525867129,0,Exploratory point-mean frontier/matching only; retain all points; no continuum dominance or post-selection p-value
landscape,a0.4-b0.5,64,4,periodic,0.4,0.5,fair,event,sampled-actual,64,0,0.8090972900390628,0.05371477252881161,0,0,,a0.4-b0.4;a0.45-b0.45;a0.5-b0.5;a0.55-b0.55;a0.6-b0.6;a0.65-b0.65;a0.7-b0.7;a0.75-b0.75;a0.8-b0.8;a0.85-b0.85;a0.9-b0.9;a0.95-b0.95;a1-b1,13,a1-b1,0.8115692138671874,-0.002471923828124556,accepted_lag1,0.07381063187999978,0.004242974368328395,0.06533172417889285,0.08228953958110671,a0.4-b0.4,0.4,0.07446800200568292,0.0006573701256831349,0.004315937684029089,0.06584328875269455,0.08309271525867129,0,Exploratory point-mean frontier/matching only; retain all points; no continuum dominance or post-selection p-value
landscape,a0.4-b0.55,64,4,periodic,0.4,0.55,fair,event,sampled-actual,64,0,0.8097839355468749,0.04953245615810432,0,0,,a0.45-b0.45;a0.5-b0.5;a0.65-b0.65;a0.7-b0.7;a0.75-b0.75;a0.8-b0.8;a0.85-b0.85;a0.9-b0.9;a0.95-b0.95;a1-b1,11,a1-b1,0.8115692138671874,-0.0017852783203125,accepted_lag1,0.06215653387816324,0.004806524327567795,0.05255146144577231,0.07176160631055417,a0.4-b0.4,0.4,0.07446800200568292,0.012311468127519674,0.004315937684029089,0.06584328875269455,0.08309271525867129,0,Exploratory point-mean frontier/matching only; retain all points; no continuum dominance or post-selection p-value
landscape,a0.4-b0.6,64,4,periodic,0.4,0.6,fair,event,sampled-actual,64,0,0.8105316162109373,0.05619994890123279,0,0,,a0.4-b0.4;a0.45-b0.45;a0.5-b0.5;a0.55-b0.55;a0.65-b0.65;a0.7-b0.7;a0.8-b0.8;a0.85-b0.85;a0.95-b0.95;a1-b1,13,a1-b1,0.8115692138671874,-0.001037597656250111,accepted_lag1,0.06697042150914573,0.004441125174130196,0.058095541019271904,0.07584530199901955,a0.4-b0.4,0.4,0.07446800200568292,0.00749758049653719,0.004315937684029089,0.06584328875269455,0.08309271525867129,0,Exploratory point-mean frontier/matching only; retain all points; no continuum dominance or post-selection p-value
landscape,a0.4-b0.65,64,4,periodic,0.4,0.65,fair,event,sampled-actual,64,0,0.8108367919921873,0.05797678033089211,0,0,,a0.4-b0.4;a0.5-b0.5;a0.55-b0.55;a0.65-b0.65;a0.7-b0.7;a0.85-b0.85;a1-b1,13,a1-b1,0.8115692138671874,-0.000732421875000111,accepted_lag1,0.06580743887228845,0.004426692719683779,0.05696139934126298,0.0746534784033139,a0.4-b0.4,0.4,0.07446800200568292,0.008660563133394472,0.004315937684029089,0.06584328875269455,0.08309271525867129,0,Exploratory point-mean frontier/matching only; retain all points; no continuum dominance or post-selection p-value
landscape,a0.4-b0.7,64,4,periodic,0.4,0.7,fair,event,sampled-actual,64,0,0.8108673095703125,0.059538375522241276,0,0,,a0.3-b0.3;a0.4-b0.4;a0.5-b0.5;a0.65-b0.65;a0.7-b0.7;a0.85-b0.85;a1-b1,14,a0.3-b0.3,0.8116149902343752,-0.000747680664062722,accepted_lag1,0.06684576980573141,0.0047636047372365455,0.057326465330767795,0.07636507428069503,a0.4-b0.4,0.4,0.07446800200568292,0.007622232199951506,0.004315937684029089,0.06584328875269455,0.08309271525867129,0,Exploratory point-mean frontier/matching only; retain all points; no continuum dominance or post-selection p-value
landscape,a0.4-b0.75,64,4,periodic,0.4,0.75,fair,event,sampled-actual,64,0,0.8105773925781249,0.057872233519818635,0,0,,a0.4-b0.4;a0.5-b0.5;a0.55-b0.55;a0.65-b0.65;a0.7-b0.7;a0.8-b0.8;a0.85-b0.85;a0.95-b0.95;a1-b1,13,a1-b1,0.8115692138671874,-0.0009918212890625,accepted_lag1,0.06100864548791316,0.004451178696419151,0.05211367463685418,0.06990361633897214,a0.4-b0.4,0.4,0.07446800200568292,0.013459356517769756,0.004315937684029089,0.06584328875269455,0.08309271525867129,0,Exploratory point-mean frontier/matching only; retain all points; no continuum dominance or post-selection p-value
landscape,a0.4-b0.8,64,4,periodic,0.4,0.8,fair,event,sampled-actual,64,0,0.8090209960937499,0.05749595701118616,0,0,,a0.4-b0.4;a0.45-b0.45;a0.5-b0.5;a0.55-b0.55;a0.6-b0.6;a0.65-b0.65;a0.7-b0.7;a0.75-b0.75;a0.8-b0.8;a0.85-b0.85;a0.9-b0.9;a0.95-b0.95;a1-b1,13,a1-b1,0.8115692138671874,-0.0025482177734375,accepted_lag1,0.055019217663769375,0.0038092071452489654,0.0474071245905587,0.06263131073698006,a0.45-b0.45,0.45,0.039994515090667655,0.01502470257310172,0.004457467933492285,0.031086976202183907,0.0489020539791514,0,Exploratory point-mean frontier/matching only; retain all points; no continuum dominance or post-selection p-value
landscape,a0.4-b0.85,64,4,periodic,0.4,0.85,fair,event,sampled-actual,64,0,0.8105468749999999,0.06256987642127071,0,0,,a0.3-b0.3;a0.4-b0.4;a0.45-b0.45;a0.5-b0.5;a0.55-b0.55;a0.65-b0.65;a0.7-b0.7;a0.8-b0.8;a0.85-b0.85;a0.95-b0.95;a1-b1,15,a0.3-b0.3,0.8116149902343752,-0.001068115234375333,accepted_lag1,0.05688519587523678,0.004122968104976831,0.04864610155554169,0.06512429019493186,a0.45-b0.45,0.45,0.039994515090667655,0.016890680784569123,0.004457467933492285,0.031086976202183907,0.0489020539791514,0,Exploratory point-mean frontier/matching only; retain all points; no continuum dominance or post-selection p-value
landscape,a0.4-b0.9,64,4,periodic,0.4,0.9,fair,event,sampled-actual,64,0,0.8090362548828124,0.052107438691487366,0,0,,a0.45-b0.45;a0.5-b0.5;a0.55-b0.55;a0.6-b0.6;a0.65-b0.65;a0.7-b0.7;a0.75-b0.75;a0.8-b0.8;a0.85-b0.85;a0.9-b0.9;a0.95-b0.95;a1-b1,12,a1-b1,0.8115692138671874,-0.002532958984375,accepted_lag1,0.04997977477632401,0.004081663111230021,0.04182322190024174,0.058136327652406276,a0.45-b0.45,0.45,0.039994515090667655,0.009985259685656354,0.004457467933492285,0.031086976202183907,0.0489020539791514,0,Exploratory point-mean frontier/matching only; retain all points; no continuum dominance or post-selection p-value
landscape,a0.4-b0.95,64,4,periodic,0.4,0.95,fair,event,sampled-actual,64,0,0.8110046386718748,0.054620113356870774,0,0,,a0.4-b0.4;a0.65-b0.65;a0.7-b0.7;a0.85-b0.85;a1-b1,13,a1-b1,0.8115692138671874,-0.000564575195312611,accepted_lag1,0.046789127751897565,0.004131378653460591,0.038533226292182546,0.055045029211612584,a0.45-b0.45,0.45,0.039994515090667655,0.00679461266122991,0.004457467933492285,0.031086976202183907,0.0489020539791514,0,Exploratory point-mean frontier/matching only; retain all points; no continuum dominance or post-selection p-value
landscape,a0.4-b0,64,4,periodic,0.4,0,fair,event,sampled-actual,64,0,0.797821044921875,0.03800816530085431,0.984375,0,,a0.65-b0.65;a0.9-b0.9;a0.95-b0.95;a1-b1,4,a1-b1,0.8115692138671874,-0.013748168945312389,accepted_lag1,0.1975563273136044,0.004457719498137358,0.18864828571329134,0.20646436891391745,a0.25-b0.25,0.25,0.20552509169781957,0.007968764384215177,0.003517287378371191,0.19849635372992397,0.21255382966571518,0,Exploratory point-mean frontier/matching only; retain all points; no continuum dominance or post-selection p-value
landscape,a0.4-b1,64,4,periodic,0.4,1,fair,event,sampled-actual,64,0,0.8103942871093747,0.05665982432390427,0,0,,a0.4-b0.4;a0.45-b0.45;a0.5-b0.5;a0.55-b0.55;a0.65-b0.65;a0.7-b0.7;a0.8-b0.8;a0.85-b0.85;a0.9-b0.9;a0.95-b0.95;a1-b1,13,a1-b1,0.8115692138671874,-0.001174926757812722,accepted_lag1,0.047725884373971926,0.004064579834834401,0.039603469701710116,0.055848299046233736,a0.45-b0.45,0.45,0.039994515090667655,0.007731369283304271,0.004457467933492285,0.031086976202183907,0.0489020539791514,0,Exploratory point-mean frontier/matching only; retain all points; no continuum dominance or post-selection p-value
landscape,a0.45-b0.05,64,4,periodic,0.45,0.05,fair,event,sampled-actual,64,0,0.8098297119140626,0.038954944085919554,0,0,,a0.65-b0.65;a0.7-b0.7;a0.9-b0.9;a0.95-b0.95;a1-b1,5,a1-b1,0.8115692138671874,-0.001739501953124778,accepted_lag1,0.062000375466532254,0.004404542460388133,0.053198599696684626,0.07080215123637988,a0.4-b0.4,0.4,0.07446800200568292,0.012467626539150664,0.004315937684029089,0.06584328875269455,0.08309271525867129,0,Exploratory point-mean frontier/matching only; retain all points; no continuum dominance or post-selection p-value
landscape,a0.45-b0.1,64,4,periodic,0.45,0.1,fair,event,sampled-actual,64,0,0.8111419677734376,0.04119975760167361,0,0,,a0.65-b0.65;a0.7-b0.7;a0.85-b0.85;a1-b1,8,a1-b1,0.8115692138671874,-0.00042724609374977796,accepted_lag1,0.054318892026578795,0.004706624699983145,0.04491345307017299,0.0637243309829846,a0.45-b0.45,0.45,0.039994515090667655,0.01432437693591114,0.004457467933492285,0.031086976202183907,0.0489020539791514,0,Exploratory point-mean frontier/matching only; retain all points; no continuum dominance or post-selection p-value
landscape,a0.45-b0.15,64,4,periodic,0.45,0.15,fair,event,sampled-actual,64,0,0.8090515136718752,0.04305906175963707,0,0,,a0.65-b0.65;a0.7-b0.7;a0.75-b0.75;a0.8-b0.8;a0.85-b0.85;a0.9-b0.9;a0.95-b0.95;a1-b1,8,a1-b1,0.8115692138671874,-0.002517700195312167,accepted_lag1,0.05217309728286544,0.003986538269492341,0.04420663623462845,0.06013955833110243,a0.45-b0.45,0.45,0.039994515090667655,0.012178582192197786,0.004457467933492285,0.031086976202183907,0.0489020539791514,0,Exploratory point-mean frontier/matching only; retain all points; no continuum dominance or post-selection p-value
landscape,a0.45-b0.2,64,4,periodic,0.45,0.2,fair,event,sampled-actual,64,0,0.8117065429687498,0.04037130383117769,0,0,,,8,a1-b1,0.8115692138671874,0.00013732910156238898,accepted_lag1,0.04736466959777312,0.004177727577362067,0.03901614720432357,0.05571319199122267,a0.45-b0.45,0.45,0.039994515090667655,0.0073701545071054655,0.004457467933492285,0.031086976202183907,0.0489020539791514,0,Exploratory point-mean frontier/matching only; retain all points; no continuum dominance or post-selection p-value
landscape,a0.45-b0.25,64,4,periodic,0.45,0.25,fair,event,sampled-actual,64,0,0.8107604980468751,0.04331799438489284,0,0,,a0.65-b0.65;a0.7-b0.7;a0.85-b0.85;a1-b1,8,a1-b1,0.8115692138671874,-0.000808715820312278,accepted_lag1,0.041502379905451886,0.004507386428631053,0.03249508686431071,0.05050967294659306,a0.45-b0.45,0.45,0.039994515090667655,0.0015078648147842308,0.004457467933492285,0.031086976202183907,0.0489020539791514,0,Exploratory point-mean frontier/matching only; retain all points; no continuum dominance or post-selection p-value
landscape,a0.45-b0.3,64,4,periodic,0.45,0.3,fair,event,sampled-actual,64,0,0.8097839355468752,0.0418232567886362,0,0,,a0.65-b0.65;a0.7-b0.7;a0.75-b0.75;a0.8-b0.8;a0.85-b0.85;a0.9-b0.9;a0.95-b0.95;a1-b1,8,a1-b1,0.8115692138671874,-0.001785278320312167,accepted_lag1,0.044453612973662,0.004152846044197542,0.0361548123566952,0.0527524135906288,a0.45-b0.45,0.45,0.039994515090667655,0.0044590978829943465,0.004457467933492285,0.031086976202183907,0.0489020539791514,0,Exploratory point-mean frontier/matching only; retain all points; no continuum dominance or post-selection p-value
landscape,a0.45-b0.35,64,4,periodic,0.45,0.35,fair,event,sampled-actual,64,0,0.8101959228515625,0.0525172092617106,0,0,,a0.45-b0.45;a0.5-b0.5;a0.55-b0.55;a0.65-b0.65;a0.7-b0.7;a0.8-b0.8;a0.85-b0.85;a0.9-b0.9;a0.95-b0.95;a1-b1,12,a1-b1,0.8115692138671874,-0.001373291015624889,accepted_lag1,0.03670697089534083,0.003924113464340482,0.028865255866097755,0.0445486859245839,a0.45-b0.45,0.45,0.039994515090667655,0.0032875441953268275,0.004457467933492285,0.031086976202183907,0.0489020539791514,0,Exploratory point-mean frontier/matching only; retain all points; no continuum dominance or post-selection p-value
landscape,a0.45-b0.4,64,4,periodic,0.45,0.4,fair,event,sampled-actual,64,0,0.81085205078125,0.04290904360646552,0,0,,a0.65-b0.65;a0.7-b0.7;a0.85-b0.85;a1-b1,8,a1-b1,0.8115692138671874,-0.000717163085937389,accepted_lag1,0.04274305634344878,0.004120580017103512,0.034508734236570054,0.0509773784503275,a0.45-b0.45,0.45,0.039994515090667655,0.0027485412527811226,0.004457467933492285,0.031086976202183907,0.0489020539791514,0,Exploratory point-mean frontier/matching only; retain all points; no continuum dominance or post-selection p-value
landscape,a0.45-b0.45,64,4,periodic,0.45,0.45,fair,event,sampled-actual,64,1,0.8105621337890624,0.045305952197826176,0,0,0,a0.65-b0.65;a0.7-b0.7;a0.8-b0.8;a0.85-b0.85;a0.95-b0.95;a1-b1,9,a1-b1,0.8115692138671874,-0.001007080078125,accepted_lag1,0.039994515090667655,0.004457467933492285,0.031086976202183907,0.0489020539791514,a0.45-b0.45,0.45,0.039994515090667655,0,0.004457467933492285,0.031086976202183907,0.0489020539791514,0,Exploratory point-mean frontier/matching only; retain all points; no continuum dominance or post-selection p-value
landscape,a0.45-b0.5,64,4,periodic,0.45,0.5,fair,event,sampled-actual,64,0,0.8111419677734372,0.04000577252244955,0,0,,a0.65-b0.65;a0.7-b0.7;a1-b1,5,a1-b1,0.8115692138671874,-0.00042724609375022204,accepted_lag1,0.033249747615047225,0.0042702163918235956,0.024716401073929528,0.04178309415616492,a0.45-b0.45,0.45,0.039994515090667655,0.006744767475620431,0.004457467933492285,0.031086976202183907,0.0489020539791514,0,Exploratory point-mean frontier/matching only; retain all points; no continuum dominance or post-selection p-value
landscape,a0.45-b0.55,64,4,periodic,0.45,0.55,fair,event,sampled-actual,64,0,0.8104095458984373,0.04990566855068132,0,0,,a0.45-b0.45;a0.5-b0.5;a0.55-b0.55;a0.65-b0.65;a0.7-b0.7;a0.8-b0.8;a0.85-b0.85;a0.9-b0.9;a0.95-b0.95;a1-b1,12,a1-b1,0.8115692138671874,-0.001159667968750111,accepted_lag1,0.03716950868438187,0.004111302060801026,0.028953727093734134,0.045385290275029605,a0.45-b0.45,0.45,0.039994515090667655,0.0028250064062857877,0.004457467933492285,0.031086976202183907,0.0489020539791514,0,Exploratory point-mean frontier/matching only; retain all points; no continuum dominance or post-selection p-value
landscape,a0.45-b0.6,64,4,periodic,0.45,0.6,fair,event,sampled-actual,64,0,0.8120880126953125,0.05330694881997464,0,0,,,12,a1-b1,0.8115692138671874,0.000518798828125111,accepted_lag1,0.0392094795994273,0.004394961144038278,0.0304268505624923,0.047992108636362295,a0.45-b0.45,0.45,0.039994515090667655,0.0007850354912403573,0.004457467933492285,0.031086976202183907,0.0489020539791514,0,Exploratory point-mean frontier/matching only; retain all points; no continuum dominance or post-selection p-value
landscape,a0.45-b0.65,64,4,periodic,0.45,0.65,fair,event,sampled-actual,64,0,0.8097229003906251,0.05371977295657344,0,0,,a0.4-b0.4;a0.45-b0.45;a0.5-b0.5;a0.55-b0.55;a0.65-b0.65;a0.7-b0.7;a0.75-b0.75;a0.8-b0.8;a0.85-b0.85;a0.9-b0.9;a0.95-b0.95;a1-b1,13,a1-b1,0.8115692138671874,-0.001846313476562278,accepted_lag1,0.03557124239142674,0.004284455146208353,0.027009441970146993,0.04413304281270649,a0.45-b0.45,0.45,0.039994515090667655,0.004423272699240914,0.004457467933492285,0.031086976202183907,0.0489020539791514,0,Exploratory point-mean frontier/matching only; retain all points; no continuum dominance or post-selection p-value
landscape,a0.45-b0.7,64,4,periodic,0.45,0.7,fair,event,sampled-actual,64,0,0.8111572265624998,0.05847968198856938,0,0,,a0.3-b0.3;a0.65-b0.65;a0.7-b0.7;a0.85-b0.85;a1-b1,14,a0.3-b0.3,0.8116149902343752,-0.0004577636718754441,accepted_lag1,0.031086044453939837,0.004000816571543653,0.023091050495835354,0.03908103841204432,a0.45-b0.45,0.45,0.039994515090667655,0.008908470636727818,0.004457467933492285,0.031086976202183907,0.0489020539791514,0,Exploratory point-mean frontier/matching only; retain all points; no continuum dominance or post-selection p-value
landscape,a0.45-b0.75,64,4,periodic,0.45,0.75,fair,event,sampled-actual,64,0,0.8105773925781249,0.05527651099596323,0,0,,a0.4-b0.4;a0.5-b0.5;a0.55-b0.55;a0.65-b0.65;a0.7-b0.7;a0.8-b0.8;a0.85-b0.85;a0.95-b0.95;a1-b1,13,a1-b1,0.8115692138671874,-0.0009918212890625,accepted_lag1,0.028435911933414968,0.004253630239388344,0.019935710173153064,0.03693611369367687,a0.45-b0.45,0.45,0.039994515090667655,0.011558603157252687,0.004457467933492285,0.031086976202183907,0.0489020539791514,0,Exploratory point-mean frontier/matching only; retain all points; no continuum dominance or post-selection p-value
landscape,a0.45-b0.8,64,4,periodic,0.45,0.8,fair,event,sampled-actual,64,0,0.8096771240234372,0.05297992922030401,0,0,,a0.45-b0.45;a0.5-b0.5;a0.55-b0.55;a0.65-b0.65;a0.7-b0.7;a0.75-b0.75;a0.8-b0.8;a0.85-b0.85;a0.9-b0.9;a0.95-b0.95;a1-b1,12,a1-b1,0.8115692138671874,-0.001892089843750222,accepted_lag1,0.03023281936867888,0.0036541372202946315,0.0229306088134301,0.03753502992392766,a0.45-b0.45,0.45,0.039994515090667655,0.009761695721988775,0.004457467933492285,0.031086976202183907,0.0489020539791514,0,Exploratory point-mean frontier/matching only; retain all points; no continuum dominance or post-selection p-value
landscape,a0.45-b0.85,64,4,periodic,0.45,0.85,fair,event,sampled-actual,64,0,0.8099365234375,0.05724009595285842,0,0,,a0.4-b0.4;a0.45-b0.45;a0.5-b0.5;a0.55-b0.55;a0.65-b0.65;a0.7-b0.7;a0.8-b0.8;a0.85-b0.85;a0.9-b0.9;a0.95-b0.95;a1-b1,13,a1-b1,0.8115692138671874,-0.001632690429687389,accepted_lag1,0.026515511665316144,0.0043534138262521175,0.017815908317946223,0.035215115012686066,a0.45-b0.45,0.45,0.039994515090667655,0.01347900342535151,0.004457467933492285,0.031086976202183907,0.0489020539791514,0,Exploratory point-mean frontier/matching only; retain all points; no continuum dominance or post-selection p-value
landscape,a0.45-b0.9,64,4,periodic,0.45,0.9,fair,event,sampled-actual,64,0,0.8105773925781251,0.05545516135518914,0,0,,a0.4-b0.4;a0.5-b0.5;a0.55-b0.55;a0.65-b0.65;a0.7-b0.7;a0.8-b0.8;a0.85-b0.85;a0.95-b0.95;a1-b1,13,a1-b1,0.8115692138671874,-0.000991821289062278,accepted_lag1,0.023058001960762572,0.004403673019127516,0.014257963630635374,0.03185804029088977,a0.45-b0.45,0.45,0.039994515090667655,0.016936513129905083,0.004457467933492285,0.031086976202183907,0.0489020539791514,0,Exploratory point-mean frontier/matching only; retain all points; no continuum dominance or post-selection p-value
landscape,a0.45-b0.95,64,4,periodic,0.45,0.95,fair,event,sampled-actual,64,0,0.8091125488281249,0.04660041199720522,0,0,,a0.45-b0.45;a0.65-b0.65;a0.7-b0.7;a0.75-b0.75;a0.8-b0.8;a0.85-b0.85;a0.9-b0.9;a0.95-b0.95;a1-b1,9,a1-b1,0.8115692138671874,-0.0024566650390625,accepted_lag1,0.01830893402140377,0.0042525736501544025,0.009810843686244844,0.026807024356562695,a0.45-b0.45,0.45,0.039994515090667655,0.021685581069263885,0.004457467933492285,0.031086976202183907,0.0489020539791514,0,Exploratory point-mean frontier/matching only; retain all points; no continuum dominance or post-selection p-value
landscape,a0.45-b0,64,4,periodic,0.45,0,fair,event,sampled-actual,64,0,0.7981719970703124,0.029419556980181016,0.984375,0,,,0,,,,accepted_lag1,0.09927461764477848,0.004438685923442939,0.09040461160844637,0.10814462368111058,a0.35-b0.35,0.35,0.11103028902182141,0.011755671377042934,0.0043711091464383785,0.10229532439871039,0.11976525364493243,0,Exploratory point-mean frontier/matching only; retain all points; no continuum dominance or post-selection p-value
landscape,a0.45-b1,64,4,periodic,0.45,1,fair,event,sampled-actual,64,0,0.8105316162109375,0.06467571069952256,0,0,,a0.3-b0.3;a0.4-b0.4;a0.45-b0.45;a0.5-b0.5;a0.55-b0.55;a0.65-b0.65;a0.7-b0.7;a0.8-b0.8;a0.85-b0.85;a0.95-b0.95;a1-b1,15,a0.3-b0.3,0.8116149902343752,-0.001083374023437722,accepted_lag1,0.02997622274364671,0.0045148520328116126,0.020954010882997115,0.038998434604296306,a0.45-b0.45,0.45,0.039994515090667655,0.010018292347020945,0.004457467933492285,0.031086976202183907,0.0489020539791514,0,Exploratory point-mean frontier/matching only; retain all points; no continuum dominance or post-selection p-value
landscape,a0.5-b0.05,64,4,periodic,0.5,0.05,fair,event,sampled-actual,64,0,0.8092193603515624,0.033103648973948116,0,0,,a0.9-b0.9,1,a0.9-b0.9,0.8104248046875002,-0.001205444335937833,accepted_lag1,-0.0002106485765868655,0.004376375016136213,-0.008956136200606691,0.00853483904743296,a0.5-b0.5,0.5,-0.003557520934575227,0.0033468723579883615,0.004346620540837684,-0.01224354898428457,0.0051285071151341175,0,Exploratory point-mean frontier/matching only; retain all points; no continuum dominance or post-selection p-value
landscape,a0.5-b0.1,64,4,periodic,0.5,0.1,fair,event,sampled-actual,64,0,0.8102569580078125,0.044936154962084515,0,0,,a0.65-b0.65;a0.7-b0.7;a0.8-b0.8;a0.85-b0.85;a0.9-b0.9;a0.95-b0.95;a1-b1,8,a1-b1,0.8115692138671874,-0.001312255859374889,accepted_lag1,0.002118792584020793,0.004061006344372323,-0.0059964810373723375,0.010234066205413924,a0.5-b0.5,0.5,-0.003557520934575227,0.00567631351859602,0.004346620540837684,-0.01224354898428457,0.0051285071151341175,0,Exploratory point-mean frontier/matching only; retain all points; no continuum dominance or post-selection p-value
landscape,a0.5-b0.15,64,4,periodic,0.5,0.15,fair,event,sampled-actual,64,0,0.8104248046874997,0.04493587548702989,0,0,,a0.65-b0.65;a0.7-b0.7;a0.8-b0.8;a0.85-b0.85;a0.9-b0.9;a0.95-b0.95;a1-b1,8,a1-b1,0.8115692138671874,-0.001144409179687722,accepted_lag1,0.001987876972847499,0.004181303087764199,-0.0063677905079988295,0.010343544453693829,a0.5-b0.5,0.5,-0.003557520934575227,0.005545397907422726,0.004346620540837684,-0.01224354898428457,0.0051285071151341175,0,Exploratory point-mean frontier/matching only; retain all points; no continuum dominance or post-selection p-value
landscape,a0.5-b0.2,64,4,periodic,0.5,0.2,fair,event,sampled-actual,64,0,0.8097381591796875,0.044465194721611645,0,0,,a0.65-b0.65;a0.7-b0.7;a0.75-b0.75;a0.8-b0.8;a0.85-b0.85;a0.9-b0.9;a0.95-b0.95;a1-b1,8,a1-b1,0.8115692138671874,-0.001831054687499889,accepted_lag1,0.0034216121148383646,0.004620073838327081,-0.005810868745730024,0.012654092975406754,a0.5-b0.5,0.5,-0.003557520934575227,0.0069791330494135915,0.004346620540837684,-0.01224354898428457,0.0051285071151341175,0,Exploratory point-mean frontier/matching only; retain all points; no continuum dominance or post-selection p-value
landscape,a0.5-b0.25,64,4,periodic,0.5,0.25,fair,event,sampled-actual,64,0,0.8097076416015624,0.03988834687794634,0,0,,a0.65-b0.65;a0.7-b0.7;a0.9-b0.9;a0.95-b0.95;a1-b1,5,a1-b1,0.8115692138671874,-0.001861572265625,accepted_lag1,0.0033123006037380216,0.004684802616123161,-0.00604953039776809,0.012674131605244134,a0.5-b0.5,0.5,-0.003557520934575227,0.006869821538313248,0.004346620540837684,-0.01224354898428457,0.0051285071151341175,0,Exploratory point-mean frontier/matching only; retain all points; no continuum dominance or post-selection p-value
landscape,a0.5-b0.3,64,4,periodic,0.5,0.3,fair,event,sampled-actual,64,0,0.8098907470703125,0.040215149030148195,0,0,,a0.65-b0.65;a0.7-b0.7;a0.8-b0.8;a0.85-b0.85;a0.9-b0.9;a0.95-b0.95;a1-b1,8,a1-b1,0.8115692138671874,-0.001678466796874889,accepted_lag1,0.005363717086937898,0.004286716577121,-0.0032026024434187034,0.0139300366172945,a0.5-b0.5,0.5,-0.003557520934575227,0.008921238021513126,0.004346620540837684,-0.01224354898428457,0.0051285071151341175,0,Exploratory point-mean frontier/matching only; retain all points; no continuum dominance or post-selection p-value
landscape,a0.5-b0.35,64,4,periodic,0.5,0.35,fair,event,sampled-actual,64,0,0.8107604980468752,0.047915021207610264,0,0,,a0.65-b0.65;a0.7-b0.7;a0.85-b0.85;a1-b1,10,a1-b1,0.8115692138671874,-0.0008087158203121669,accepted_lag1,0.007986607852701135,0.003830668454444528,0.00033162777522939557,0.015641587930172875,a0.5-b0.5,0.5,-0.003557520934575227,0.011544128787276363,0.004346620540837684,-0.01224354898428457,0.0051285071151341175,0,Exploratory point-mean frontier/matching only; retain all points; no continuum dominance or post-selection p-value
landscape,a0.5-b0.4,64,4,periodic,0.5,0.4,fair,event,sampled-actual,64,0,0.8098144531250001,0.04539935460283237,0,0,,a0.45-b0.45;a0.65-b0.65;a0.7-b0.7;a0.75-b0.75;a0.8-b0.8;a0.85-b0.85;a0.9-b0.9;a0.95-b0.95;a1-b1,9,a1-b1,0.8115692138671874,-0.001754760742187278,accepted_lag1,0.0012431649923702428,0.004185947470352752,-0.00712178354649777,0.009608113531238256,a0.5-b0.5,0.5,-0.003557520934575227,0.00480068592694547,0.004346620540837684,-0.01224354898428457,0.0051285071151341175,0,Exploratory point-mean frontier/matching only; retain all points; no continuum dominance or post-selection p-value
landscape,a0.5-b0.45,64,4,periodic,0.5,0.45,fair,event,sampled-actual,64,0,0.8090515136718748,0.05397189760415783,0,0,,a0.4-b0.4;a0.45-b0.45;a0.5-b0.5;a0.55-b0.55;a0.6-b0.6;a0.65-b0.65;a0.7-b0.7;a0.75-b0.75;a0.8-b0.8;a0.85-b0.85;a0.9-b0.9;a0.95-b0.95;a1-b1,13,a1-b1,0.8115692138671874,-0.002517700195312611,accepted_lag1,0.003983857250672325,0.004086077000405954,-0.004181516079100403,0.012149230580445054,a0.5-b0.5,0.5,-0.003557520934575227,0.007541378185247552,0.004346620540837684,-0.01224354898428457,0.0051285071151341175,0,Exploratory point-mean frontier/matching only; retain all points; no continuum dominance or post-selection p-value
landscape,a0.5-b0.5,64,4,periodic,0.5,0.5,fair,event,sampled-actual,64,1,0.8109130859374999,0.04793519754718797,0,0,0,a0.65-b0.65;a0.7-b0.7;a0.85-b0.85;a1-b1,11,a1-b1,0.8115692138671874,-0.0006561279296875,accepted_lag1,-0.003557520934575227,0.004346620540837684,-0.01224354898428457,0.0051285071151341175,a0.5-b0.5,0.5,-0.003557520934575227,0,0.004346620540837684,-0.01224354898428457,0.0051285071151341175,0,Exploratory point-mean frontier/matching only; retain all points; no continuum dominance or post-selection p-value
landscape,a0.5-b0.55,64,4,periodic,0.5,0.55,fair,event,sampled-actual,64,0,0.8111419677734377,0.04898856131780486,0,0,,a0.65-b0.65;a0.7-b0.7;a0.85-b0.85;a1-b1,11,a1-b1,0.8115692138671874,-0.00042724609374966693,accepted_lag1,0.004369716405922357,0.004341470723805057,-0.004306020555624124,0.013045453367468839,a0.5-b0.5,0.5,-0.003557520934575227,0.007927237340497585,0.004346620540837684,-0.01224354898428457,0.0051285071151341175,0,Exploratory point-mean frontier/matching only; retain all points; no continuum dominance or post-selection p-value
landscape,a0.5-b0.6,64,4,periodic,0.5,0.6,fair,event,sampled-actual,64,0,0.8094482421875,0.05291161002659066,0,0,,a0.45-b0.45;a0.5-b0.5;a0.55-b0.55;a0.65-b0.65;a0.7-b0.7;a0.75-b0.75;a0.8-b0.8;a0.85-b0.85;a0.9-b0.9;a0.95-b0.95;a1-b1,12,a1-b1,0.8115692138671874,-0.002120971679687389,accepted_lag1,0.006863622175838395,0.0039036461318199137,-0.000937192153031576,0.014664436504708365,a0.5-b0.5,0.5,-0.003557520934575227,0.010421143110413622,0.004346620540837684,-0.01224354898428457,0.0051285071151341175,0,Exploratory point-mean frontier/matching only; retain all points; no continuum dominance or post-selection p-value
landscape,a0.5-b0.65,64,4,periodic,0.5,0.65,fair,event,sampled-actual,64,0,0.8097076416015627,0.05409033494092881,0,0,,a0.4-b0.4;a0.45-b0.45;a0.5-b0.5;a0.55-b0.55;a0.65-b0.65;a0.7-b0.7;a0.75-b0.75;a0.8-b0.8;a0.85-b0.85;a0.9-b0.9;a0.95-b0.95;a1-b1,13,a1-b1,0.8115692138671874,-0.001861572265624667,accepted_lag1,0.009200631088135928,0.004181652554033845,0.0008442652546747226,0.017556996921597134,a0.5-b0.5,0.5,-0.003557520934575227,0.012758152022711154,0.004346620540837684,-0.01224354898428457,0.0051285071151341175,0,Exploratory point-mean frontier/matching only; retain all points; no continuum dominance or post-selection p-value
landscape,a0.5-b0.7,64,4,periodic,0.5,0.7,fair,event,sampled-actual,64,0,0.8094482421875,0.04249007113245823,0,0,,a0.65-b0.65;a0.7-b0.7;a0.75-b0.75;a0.8-b0.8;a0.85-b0.85;a0.9-b0.9;a0.95-b0.95;a1-b1,8,a1-b1,0.8115692138671874,-0.002120971679687389,accepted_lag1,-0.0017689729764965767,0.004582653573582837,-0.010926675404914684,0.00738872945192153,a0.5-b0.5,0.5,-0.003557520934575227,0.0017885479580786502,0.004346620540837684,-0.01224354898428457,0.0051285071151341175,0,Exploratory point-mean frontier/matching only; retain all points; no continuum dominance or post-selection p-value
landscape,a0.5-b0.75,64,4,periodic,0.5,0.75,fair,event,sampled-actual,64,0,0.8098907470703125,0.05033314915275814,0,0,,a0.45-b0.45;a0.5-b0.5;a0.55-b0.55;a0.65-b0.65;a0.7-b0.7;a0.8-b0.8;a0.85-b0.85;a0.9-b0.9;a0.95-b0.95;a1-b1,12,a1-b1,0.8115692138671874,-0.001678466796874889,accepted_lag1,0.0013510671377329076,0.004108610822058548,-0.006859336441426131,0.009561470716891946,a0.5-b0.5,0.5,-0.003557520934575227,0.0049085880723081345,0.004346620540837684,-0.01224354898428457,0.0051285071151341175,0,Exploratory point-mean frontier/matching only; retain all points; no continuum dominance or post-selection p-value
landscape,a0.5-b0.8,64,4,periodic,0.5,0.8,fair,event,sampled-actual,64,0,0.811920166015625,0.04468107273866642,0,0,,,8,a1-b1,0.8115692138671874,0.000350952148437611,accepted_lag1,0.0039709878561026285,0.0040470693797659205,-0.004116434963877851,0.012058410676083108,a0.5-b0.5,0.5,-0.003557520934575227,0.007528508790677855,0.004346620540837684,-0.01224354898428457,0.0051285071151341175,0,Exploratory point-mean frontier/matching only; retain all points; no continuum dominance or post-selection p-value
landscape,a0.5-b0.85,64,4,periodic,0.5,0.85,fair,event,sampled-actual,64,0,0.8101043701171876,0.04257909935814053,0,0,,a0.65-b0.65;a0.7-b0.7;a0.8-b0.8;a0.85-b0.85;a0.9-b0.9;a0.95-b0.95;a1-b1,8,a1-b1,0.8115692138671874,-0.001464843749999778,accepted_lag1,-0.000050727260645420805,0.003920732667148767,-0.007885686305794252,0.007784231784503411,a0.5-b0.5,0.5,-0.003557520934575227,0.0035067936739298063,0.004346620540837684,-0.01224354898428457,0.0051285071151341175,0,Exploratory point-mean frontier/matching only; retain all points; no continuum dominance or post-selection p-value
landscape,a0.5-b0.9,64,4,periodic,0.5,0.9,fair,event,sampled-actual,64,0,0.8105773925781251,0.049565760708201755,0,0,,a0.5-b0.5;a0.65-b0.65;a0.7-b0.7;a0.8-b0.8;a0.85-b0.85;a0.95-b0.95;a1-b1,11,a1-b1,0.8115692138671874,-0.000991821289062278,accepted_lag1,-0.0020707733955441223,0.0035354276490472936,-0.009135761801784093,0.004994215010695849,a0.5-b0.5,0.5,-0.003557520934575227,0.0014867475390311045,0.004346620540837684,-0.01224354898428457,0.0051285071151341175,0,Exploratory point-mean frontier/matching only; retain all points; no continuum dominance or post-selection p-value
landscape,a0.5-b0.95,64,4,periodic,0.5,0.95,fair,event,sampled-actual,64,0,0.8110504150390624,0.045022882205286684,0,0,,a0.65-b0.65;a0.7-b0.7;a0.85-b0.85;a1-b1,8,a1-b1,0.8115692138671874,-0.000518798828125,accepted_lag1,0.0023047874696479876,0.003960327224411185,-0.0056092949845414925,0.010218869923837469,a0.5-b0.5,0.5,-0.003557520934575227,0.005862308404223214,0.004346620540837684,-0.01224354898428457,0.0051285071151341175,0,Exploratory point-mean frontier/matching only; retain all points; no continuum dominance or post-selection p-value
landscape,a0.5-b0,64,4,periodic,0.5,0,fair,event,sampled-actual,64,0,0.7958526611328126,0.026575964986175832,0.9375,0,,,0,,,,accepted_lag1,-0.002653151666456027,0.0045003077197900455,-0.011646299036731514,0.00633999570381946,a0.5-b0.5,0.5,-0.003557520934575227,0.0009043692681191999,0.004346620540837684,-0.01224354898428457,0.0051285071151341175,0,Exploratory point-mean frontier/matching only; retain all points; no continuum dominance or post-selection p-value
landscape,a0.5-b1,64,4,periodic,0.5,1,fair,event,sampled-actual,64,0,0.8090515136718748,0.04394890452664189,0,0,,a0.65-b0.65;a0.7-b0.7;a0.75-b0.75;a0.8-b0.8;a0.85-b0.85;a0.9-b0.9;a0.95-b0.95;a1-b1,8,a1-b1,0.8115692138671874,-0.002517700195312611,accepted_lag1,0.00152884399612134,0.004872519431770458,-0.008208109128605656,0.011265797120848336,a0.5-b0.5,0.5,-0.003557520934575227,0.005086364930696567,0.004346620540837684,-0.01224354898428457,0.0051285071151341175,0,Exploratory point-mean frontier/matching only; retain all points; no continuum dominance or post-selection p-value
landscape,a0.55-b0.05,64,4,periodic,0.55,0.05,fair,event,sampled-actual,64,0,0.8090057373046874,0.03534045557790402,0,0,,a0.9-b0.9;a1-b1,2,a1-b1,0.8115692138671874,-0.0025634765625,accepted_lag1,-0.06628177727599127,0.0043583918697763175,-0.07499132844955804,-0.05757222610242451,a0.6-b0.6,0.6,-0.056648896325051046,0.009632880950940226,0.00395623199268973,-0.06455479511166053,-0.048742997538441565,0,Exploratory point-mean frontier/matching only; retain all points; no continuum dominance or post-selection p-value
landscape,a0.55-b0.1,64,4,periodic,0.55,0.1,fair,event,sampled-actual,64,0,0.8113403320312499,0.03681981048398167,0,0,,a1-b1,3,a1-b1,0.8115692138671874,-0.0002288818359375,accepted_lag1,-0.057041591241056344,0.004557244091677224,-0.06614851687161802,-0.04793466561049467,a0.6-b0.6,0.6,-0.056648896325051046,0.0003926949160052984,0.00395623199268973,-0.06455479511166053,-0.048742997538441565,0,Exploratory point-mean frontier/matching only; retain all points; no continuum dominance or post-selection p-value
landscape,a0.55-b0.15,64,4,periodic,0.55,0.15,fair,event,sampled-actual,64,0,0.8100738525390625,0.04216356598564145,0,0,,a0.65-b0.65;a0.7-b0.7;a0.8-b0.8;a0.85-b0.85;a0.9-b0.9;a0.95-b0.95;a1-b1,8,a1-b1,0.8115692138671874,-0.001495361328124889,accepted_lag1,-0.04570375053090666,0.004324906583870636,-0.0543463867000702,-0.03706111436174312,a0.6-b0.6,0.6,-0.056648896325051046,0.010945145794144386,0.00395623199268973,-0.06455479511166053,-0.048742997538441565,0,Exploratory point-mean frontier/matching only; retain all points; no continuum dominance or post-selection p-value
landscape,a0.55-b0.2,64,4,periodic,0.55,0.2,fair,event,sampled-actual,64,0,0.810821533203125,0.043541029175566154,0,0,,a0.65-b0.65;a0.7-b0.7;a0.85-b0.85;a1-b1,8,a1-b1,0.8115692138671874,-0.000747680664062389,accepted_lag1,-0.042541881241998515,0.004593342218273802,-0.05172094322244718,-0.03336281926154985,a0.6-b0.6,0.6,-0.056648896325051046,0.01410701508305253,0.00395623199268973,-0.06455479511166053,-0.048742997538441565,0,Exploratory point-mean frontier/matching only; retain all points; no continuum dominance or post-selection p-value
landscape,a0.55-b0.25,64,4,periodic,0.55,0.25,fair,event,sampled-actual,64,0,0.8110046386718749,0.036102058448523704,0,0,,a1-b1,2,a1-b1,0.8115692138671874,-0.0005645751953125,accepted_lag1,-0.038028796775790644,0.004686840759119865,-0.047394700681078525,-0.028662892870502762,a0.55-b0.55,0.55,-0.023103331906547547,0.014925464869243097,0.003981927725892635,-0.031060579518586186,-0.015146084294508907,0,Exploratory point-mean frontier/matching only; retain all points; no continuum dominance or post-selection p-value
landscape,a0.55-b0.3,64,4,periodic,0.55,0.3,fair,event,sampled-actual,64,0,0.8108062744140624,0.04266858687052568,0,0,,a0.65-b0.65;a0.7-b0.7;a0.85-b0.85;a1-b1,8,a1-b1,0.8115692138671874,-0.000762939453125,accepted_lag1,-0.03391215903050519,0.004988194210928974,-0.043880269756171784,-0.0239440483048386,a0.55-b0.55,0.55,-0.023103331906547547,0.010808827123957646,0.003981927725892635,-0.031060579518586186,-0.015146084294508907,0,Exploratory point-mean frontier/matching only; retain all points; no continuum dominance or post-selection p-value
landscape,a0.55-b0.35,64,4,periodic,0.55,0.35,fair,event,sampled-actual,64,0,0.8093872070312498,0.0402736488685235,0,0,,a0.65-b0.65;a0.7-b0.7;a0.75-b0.75;a0.8-b0.8;a0.85-b0.85;a0.9-b0.9;a0.95-b0.95;a1-b1,8,a1-b1,0.8115692138671874,-0.002182006835937611,accepted_lag1,-0.03054734130263354,0.004306318639697011,-0.039152832429352816,-0.021941850175914265,a0.55-b0.55,0.55,-0.023103331906547547,0.007444009396085992,0.003981927725892635,-0.031060579518586186,-0.015146084294508907,0,Exploratory point-mean frontier/matching only; retain all points; no continuum dominance or post-selection p-value
landscape,a0.55-b0.4,64,4,periodic,0.55,0.4,fair,event,sampled-actual,64,0,0.8104705810546875,0.04544802233584867,0,0,,a0.45-b0.45;a0.65-b0.65;a0.7-b0.7;a0.8-b0.8;a0.85-b0.85;a0.95-b0.95;a1-b1,9,a1-b1,0.8115692138671874,-0.001098632812499889,accepted_lag1,-0.027803310732990784,0.003982603669924002,-0.03576190911139178,-0.01984471235458979,a0.55-b0.55,0.55,-0.023103331906547547,0.004699978826443237,0.003981927725892635,-0.031060579518586186,-0.015146084294508907,0,Exploratory point-mean frontier/matching only; retain all points; no continuum dominance or post-selection p-value
landscape,a0.55-b0.45,64,4,periodic,0.55,0.45,fair,event,sampled-actual,64,0,0.8106994628906248,0.03983673531945789,0,0,,a0.65-b0.65;a0.7-b0.7;a1-b1,5,a1-b1,0.8115692138671874,-0.000869750976562611,accepted_lag1,-0.029871078635101748,0.004478814519826882,-0.03882127527250234,-0.020920881997701153,a0.55-b0.55,0.55,-0.023103331906547547,0.006767746728554201,0.003981927725892635,-0.031060579518586186,-0.015146084294508907,0,Exploratory point-mean frontier/matching only; retain all points; no continuum dominance or post-selection p-value
landscape,a0.55-b0.5,64,4,periodic,0.55,0.5,fair,event,sampled-actual,64,0,0.8107147216796873,0.05190996106681487,0,0,,a0.5-b0.5;a0.55-b0.55;a0.65-b0.65;a0.7-b0.7;a0.85-b0.85;a1-b1,12,a1-b1,0.8115692138671874,-0.000854492187500111,accepted_lag1,-0.028511503711239884,0.0044672101901121605,-0.03743851094610277,-0.019584496476377,a0.55-b0.55,0.55,-0.023103331906547547,0.005408171804692337,0.003981927725892635,-0.031060579518586186,-0.015146084294508907,0,Exploratory point-mean frontier/matching only; retain all points; no continuum dominance or post-selection p-value
landscape,a0.55-b0.55,64,4,periodic,0.55,0.55,fair,event,sampled-actual,64,1,0.8108367919921875,0.04968752819126252,0,0,0,a0.5-b0.5;a0.65-b0.65;a0.7-b0.7;a0.85-b0.85;a1-b1,12,a1-b1,0.8115692138671874,-0.000732421874999889,accepted_lag1,-0.023103331906547547,0.003981927725892635,-0.031060579518586186,-0.015146084294508907,a0.55-b0.55,0.55,-0.023103331906547547,0,0.003981927725892635,-0.031060579518586186,-0.015146084294508907,0,Exploratory point-mean frontier/matching only; retain all points; no continuum dominance or post-selection p-value
landscape,a0.55-b0.6,64,4,periodic,0.55,0.6,fair,event,sampled-actual,64,0,0.8112640380859375,0.05074951770014289,0,0,,a0.65-b0.65;a0.7-b0.7;a0.85-b0.85;a1-b1,12,a1-b1,0.8115692138671874,-0.000305175781249889,accepted_lag1,-0.022398658778138222,0.0043522563675380205,-0.03109594912883347,-0.013701368427442975,a0.55-b0.55,0.55,-0.023103331906547547,0.0007046731284093243,0.003981927725892635,-0.031060579518586186,-0.015146084294508907,0,Exploratory point-mean frontier/matching only; retain all points; no continuum dominance or post-selection p-value
landscape,a0.55-b0.65,64,4,periodic,0.55,0.65,fair,event,sampled-actual,64,0,0.8104095458984375,0.04679430131786861,0,0,,a0.45-b0.45;a0.65-b0.65;a0.7-b0.7;a0.8-b0.8;a0.85-b0.85;a0.9-b0.9;a0.95-b0.95;a1-b1,9,a1-b1,0.8115692138671874,-0.001159667968749889,accepted_lag1,-0.026731762956342463,0.0035761901090844033,-0.03387820863908747,-0.019585317273597455,a0.55-b0.55,0.55,-0.023103331906547547,0.003628431049794916,0.003981927725892635,-0.031060579518586186,-0.015146084294508907,0,Exploratory point-mean frontier/matching only; retain all points; no continuum dominance or post-selection p-value
landscape,a0.55-b0.7,64,4,periodic,0.55,0.7,fair,event,sampled-actual,64,0,0.8112640380859376,0.04527581787949335,0,0,,a0.65-b0.65;a0.7-b0.7;a0.85-b0.85;a1-b1,8,a1-b1,0.8115692138671874,-0.00030517578124977796,accepted_lag1,-0.02259439719193397,0.004059307275385789,-0.03070627549488677,-0.014482518888981171,a0.55-b0.55,0.55,-0.023103331906547547,0.0005089347146135757,0.003981927725892635,-0.031060579518586186,-0.015146084294508907,0,Exploratory point-mean frontier/matching only; retain all points; no continuum dominance or post-selection p-value
landscape,a0.55-b0.75,64,4,periodic,0.55,0.75,fair,event,sampled-actual,64,0,0.8109130859374999,0.040997102164273665,0,0,,a0.65-b0.65;a0.7-b0.7;a0.85-b0.85;a1-b1,8,a1-b1,0.8115692138671874,-0.0006561279296875,accepted_lag1,-0.017355916123771718,0.00428135829006973,-0.025911527971875306,-0.00880030427566813,a0.55-b0.55,0.55,-0.023103331906547547,0.005747415782775829,0.003981927725892635,-0.031060579518586186,-0.015146084294508907,0,Exploratory point-mean frontier/matching only; retain all points; no continuum dominance or post-selection p-value
landscape,a0.55-b0.8,64,4,periodic,0.55,0.8,fair,event,sampled-actual,64,0,0.8113861083984375,0.051480446434418965,0,0,,a0.85-b0.85;a1-b1,12,a1-b1,0.8115692138671874,-0.00018310546874988898,accepted_lag1,-0.019513818856824166,0.004169887831997416,-0.02784667476926849,-0.011180962944379843,a0.55-b0.55,0.55,-0.023103331906547547,0.0035895130497233807,0.003981927725892635,-0.031060579518586186,-0.015146084294508907,0,Exploratory point-mean frontier/matching only; retain all points; no continuum dominance or post-selection p-value
landscape,a0.55-b0.85,64,4,periodic,0.55,0.85,fair,event,sampled-actual,64,0,0.8099822998046872,0.05165715445927509,0,0,,a0.45-b0.45;a0.5-b0.5;a0.55-b0.55;a0.65-b0.65;a0.7-b0.7;a0.8-b0.8;a0.85-b0.85;a0.9-b0.9;a0.95-b0.95;a1-b1,12,a1-b1,0.8115692138671874,-0.001586914062500222,accepted_lag1,-0.02520403711519889,0.003982179256233512,-0.03316178737051538,-0.0172462868598824,a0.55-b0.55,0.55,-0.023103331906547547,0.002100705208651344,0.003981927725892635,-0.031060579518586186,-0.015146084294508907,0,Exploratory point-mean frontier/matching only; retain all points; no continuum dominance or post-selection p-value
landscape,a0.55-b0.9,64,4,periodic,0.55,0.9,fair,event,sampled-actual,64,0,0.810455322265625,0.05283135626684613,0,0,,a0.45-b0.45;a0.5-b0.5;a0.55-b0.55;a0.65-b0.65;a0.7-b0.7;a0.8-b0.8;a0.85-b0.85;a0.95-b0.95;a1-b1,12,a1-b1,0.8115692138671874,-0.001113891601562389,accepted_lag1,-0.02323042874791023,0.0039276146806167785,-0.031079140399586362,-0.015381717096234098,a0.55-b0.55,0.55,-0.023103331906547547,0.00012709684136268454,0.003981927725892635,-0.031060579518586186,-0.015146084294508907,0,Exploratory point-mean frontier/matching only; retain all points; no continuum dominance or post-selection p-value
landscape,a0.55-b0.95,64,4,periodic,0.55,0.95,fair,event,sampled-actual,64,0,0.8095245361328126,0.04571883798798519,0,0,,a0.45-b0.45;a0.65-b0.65;a0.7-b0.7;a0.75-b0.75;a0.8-b0.8;a0.85-b0.85;a0.9-b0.9;a0.95-b0.95;a1-b1,9,a1-b1,0.8115692138671874,-0.002044677734374778,accepted_lag1,-0.02361749454680824,0.004401382543376645,-0.03241295572638081,-0.014822033367235669,a0.55-b0.55,0.55,-0.023103331906547547,0.0005141626402606937,0.003981927725892635,-0.031060579518586186,-0.015146084294508907,0,Exploratory point-mean frontier/matching only; retain all points; no continuum dominance or post-selection p-value
landscape,a0.55-b0,64,4,periodic,0.55,0,fair,event,sampled-actual,64,0,0.799530029296875,0.02298326461430612,0.96875,0,,,0,,,,accepted_lag1,-0.10085944122255798,0.004561107947794935,-0.10997408815345014,-0.09174479429166582,a0.7-b0.7,0.7,-0.10390796324776415,0.0030485220252061684,0.004086297374080496,-0.11207377695918522,-0.09574214953634308,0,Exploratory point-mean frontier/matching only; retain all points; no continuum dominance or post-selection p-value
landscape,a0.55-b1,64,4,periodic,0.55,1,fair,event,sampled-actual,64,0,0.8088989257812502,0.053771595898984025,0,0,,a0.4-b0.4;a0.45-b0.45;a0.5-b0.5;a0.55-b0.55;a0.6-b0.6;a0.65-b0.65;a0.7-b0.7;a0.75-b0.75;a0.8-b0.8;a0.85-b0.85;a0.9-b0.9;a0.95-b0.95;a1-b1,13,a1-b1,0.8115692138671874,-0.002670288085937167,accepted_lag1,-0.019952434388712574,0.004572195639790858,-0.02908923830404317,-0.010815630473381977,a0.55-b0.55,0.55,-0.023103331906547547,0.0031508975178349725,0.003981927725892635,-0.031060579518586186,-0.015146084294508907,0,Exploratory point-mean frontier/matching only; retain all points; no continuum dominance or post-selection p-value
landscape,a0.6-b0.05,64,4,periodic,0.6,0.05,fair,event,sampled-actual,64,0,0.8099365234375001,0.030525793326755427,0,0,,,0,,,,accepted_lag1,-0.13717406182942238,0.004431608148368947,-0.14602992406087328,-0.12831819959797147,a0.75-b0.75,0.75,-0.12808252597770173,0.00909153585172065,0.0036825796243960787,-0.13544157414219318,-0.12072347781321027,0,Exploratory point-mean frontier/matching only; retain all points; no continuum dominance or post-selection p-value
landscape,a0.6-b0.1,64,4,periodic,0.6,0.1,fair,event,sampled-actual,64,0,0.809051513671875,0.03226640172641674,0,0,,,0,,,,accepted_lag1,-0.11080176219532423,0.004539744372763264,-0.11987371742809741,-0.10172980696255104,a0.7-b0.7,0.7,-0.10390796324776415,0.006893798947560079,0.004086297374080496,-0.11207377695918522,-0.09574214953634308,0,Exploratory point-mean frontier/matching only; retain all points; no continuum dominance or post-selection p-value
landscape,a0.6-b0.15,64,4,periodic,0.6,0.15,fair,event,sampled-actual,64,0,0.8091583251953126,0.033959735821345594,0,0,,a0.9-b0.9,1,a0.9-b0.9,0.8104248046875002,-0.001266479492187611,accepted_lag1,-0.09606100056506897,0.0042846785025461,-0.10462324732837387,-0.08749875380176407,a0.7-b0.7,0.7,-0.10390796324776415,0.007846962682695177,0.004086297374080496,-0.11207377695918522,-0.09574214953634308,0,Exploratory point-mean frontier/matching only; retain all points; no continuum dominance or post-selection p-value
landscape,a0.6-b0.2,64,4,periodic,0.6,0.2,fair,event,sampled-actual,64,0,0.8092803955078127,0.04013700941239531,0,0,,a0.65-b0.65;a0.7-b0.7;a0.75-b0.75;a0.8-b0.8;a0.85-b0.85;a0.9-b0.9;a0.95-b0.95;a1-b1,8,a1-b1,0.8115692138671874,-0.002288818359374667,accepted_lag1,-0.08450286738618851,0.00394206624912516,-0.09238045819311795,-0.07662527657925906,a0.65-b0.65,0.65,-0.08214339694522581,0.0023594704409626993,0.003796446136925353,-0.08972998917813996,-0.07455680471231166,0,Exploratory point-mean frontier/matching only; retain all points; no continuum dominance or post-selection p-value
landscape,a0.6-b0.25,64,4,periodic,0.6,0.25,fair,event,sampled-actual,64,0,0.8089447021484373,0.0387919434295332,0,0,,a0.65-b0.65;a0.7-b0.7;a0.9-b0.9;a0.95-b0.95;a1-b1,5,a1-b1,0.8115692138671874,-0.002624511718750111,accepted_lag1,-0.07729315809395658,0.0037284643556691763,-0.08474389957723374,-0.06984241661067941,a0.65-b0.65,0.65,-0.08214339694522581,0.0048502388512692285,0.003796446136925353,-0.08972998917813996,-0.07455680471231166,0,Exploratory point-mean frontier/matching only; retain all points; no continuum dominance or post-selection p-value
landscape,a0.6-b0.3,64,4,periodic,0.6,0.3,fair,event,sampled-actual,64,0,0.8118896484375001,0.03846344060745958,0,0,,,4,a1-b1,0.8115692138671874,0.00032043457031272204,accepted_lag1,-0.07249374545890105,0.004204111659689476,-0.08089499223374266,-0.06409249868405945,a0.65-b0.65,0.65,-0.08214339694522581,0.009649651486324753,0.003796446136925353,-0.08972998917813996,-0.07455680471231166,0,Exploratory point-mean frontier/matching only; retain all points; no continuum dominance or post-selection p-value
landscape,a0.6-b0.35,64,4,periodic,0.6,0.35,fair,event,sampled-actual,64,0,0.8103790283203125,0.04250255221709346,0,0,,a0.65-b0.65;a0.7-b0.7;a0.8-b0.8;a0.85-b0.85;a0.9-b0.9;a0.95-b0.95;a1-b1,8,a1-b1,0.8115692138671874,-0.001190185546874889,accepted_lag1,-0.06915587011832097,0.0039575060305414335,-0.07706431486642222,-0.061247425370219724,a0.6-b0.6,0.6,-0.056648896325051046,0.012506973793269927,0.00395623199268973,-0.06455479511166053,-0.048742997538441565,0,Exploratory point-mean frontier/matching only; retain all points; no continuum dominance or post-selection p-value
landscape,a0.6-b0.4,64,4,periodic,0.6,0.4,fair,event,sampled-actual,64,0,0.8108825683593749,0.039150368475124465,0,0,,a0.65-b0.65;a0.7-b0.7;a1-b1,5,a1-b1,0.8115692138671874,-0.0006866455078125,accepted_lag1,-0.06482255463035855,0.0035477670905521975,-0.07191220144282984,-0.057732907817887265,a0.6-b0.6,0.6,-0.056648896325051046,0.008173658305307502,0.00395623199268973,-0.06455479511166053,-0.048742997538441565,0,Exploratory point-mean frontier/matching only; retain all points; no continuum dominance or post-selection p-value
landscape,a0.6-b0.45,64,4,periodic,0.6,0.45,fair,event,sampled-actual,64,0,0.8108978271484373,0.03974741067891801,0,0,,a0.65-b0.65;a0.7-b0.7;a1-b1,5,a1-b1,0.8115692138671874,-0.000671386718750111,accepted_lag1,-0.05736827587287063,0.0038620903363205876,-0.0650860475708176,-0.049650504174923664,a0.6-b0.6,0.6,-0.056648896325051046,0.0007193795478195875,0.00395623199268973,-0.06455479511166053,-0.048742997538441565,0,Exploratory point-mean frontier/matching only; retain all points; no continuum dominance or post-selection p-value
landscape,a0.6-b0.5,64,4,periodic,0.6,0.5,fair,event,sampled-actual,64,0,0.8092498779296876,0.0413285920730708,0,0,,a0.65-b0.65;a0.7-b0.7;a0.75-b0.75;a0.8-b0.8;a0.85-b0.85;a0.9-b0.9;a0.95-b0.95;a1-b1,8,a1-b1,0.8115692138671874,-0.002319335937499778,accepted_lag1,-0.06396686051578847,0.0040177964401523205,-0.07199578603374032,-0.05593793499783661,a0.6-b0.6,0.6,-0.056648896325051046,0.007317964190737422,0.00395623199268973,-0.06455479511166053,-0.048742997538441565,0,Exploratory point-mean frontier/matching only; retain all points; no continuum dominance or post-selection p-value
landscape,a0.6-b0.55,64,4,periodic,0.6,0.55,fair,event,sampled-actual,64,0,0.8114776611328125,0.04410164754399538,0,0,,a0.85-b0.85;a1-b1,8,a1-b1,0.8115692138671874,-0.00009155273437488898,accepted_lag1,-0.05573777350343054,0.004200623008646366,-0.06413204876545399,-0.04734349824140708,a0.6-b0.6,0.6,-0.056648896325051046,0.0009111228216205081,0.00395623199268973,-0.06455479511166053,-0.048742997538441565,0,Exploratory point-mean frontier/matching only; retain all points; no continuum dominance or post-selection p-value
landscape,a0.6-b0.6,64,4,periodic,0.6,0.6,fair,event,sampled-actual,64,1,0.8091430664062501,0.04778433335645956,0,0,0,a0.45-b0.45;a0.65-b0.65;a0.7-b0.7;a0.75-b0.75;a0.8-b0.8;a0.85-b0.85;a0.9-b0.9;a0.95-b0.95;a1-b1,10,a1-b1,0.8115692138671874,-0.002426147460937278,accepted_lag1,-0.056648896325051046,0.00395623199268973,-0.06455479511166053,-0.048742997538441565,a0.6-b0.6,0.6,-0.056648896325051046,0,0.00395623199268973,-0.06455479511166053,-0.048742997538441565,0,Exploratory point-mean frontier/matching only; retain all points; no continuum dominance or post-selection p-value
landscape,a0.6-b0.65,64,4,periodic,0.6,0.65,fair,event,sampled-actual,64,0,0.8097381591796876,0.043004482160234704,0,0,,a0.65-b0.65;a0.7-b0.7;a0.75-b0.75;a0.8-b0.8;a0.85-b0.85;a0.9-b0.9;a0.95-b0.95;a1-b1,8,a1-b1,0.8115692138671874,-0.001831054687499778,accepted_lag1,-0.05096129925681892,0.003834269532308231,-0.05862347551418247,-0.043299122999455375,a0.6-b0.6,0.6,-0.056648896325051046,0.005687597068232124,0.00395623199268973,-0.06455479511166053,-0.048742997538441565,0,Exploratory point-mean frontier/matching only; retain all points; no continuum dominance or post-selection p-value
landscape,a0.6-b0.7,64,4,periodic,0.6,0.7,fair,event,sampled-actual,64,0,0.81011962890625,0.04042398341539134,0,0,,a0.65-b0.65;a0.7-b0.7;a0.8-b0.8;a0.85-b0.85;a0.9-b0.9;a0.95-b0.95;a1-b1,8,a1-b1,0.8115692138671874,-0.001449584960937389,accepted_lag1,-0.04991769347403335,0.0037367657324642277,-0.05738502393511881,-0.0424503630129479,a0.6-b0.6,0.6,-0.056648896325051046,0.0067312028510176924,0.00395623199268973,-0.06455479511166053,-0.048742997538441565,0,Exploratory point-mean frontier/matching only; retain all points; no continuum dominance or post-selection p-value
landscape,a0.6-b0.75,64,4,periodic,0.6,0.75,fair,event,sampled-actual,64,0,0.8103637695312501,0.04051702597929451,0,0,,a0.65-b0.65;a0.7-b0.7;a0.8-b0.8;a0.85-b0.85;a0.9-b0.9;a0.95-b0.95;a1-b1,8,a1-b1,0.8115692138671874,-0.001205444335937278,accepted_lag1,-0.0482729968674328,0.003991666589556817,-0.056249706045569656,-0.04029628768929594,a0.6-b0.6,0.6,-0.056648896325051046,0.008375899457618248,0.00395623199268973,-0.06455479511166053,-0.048742997538441565,0,Exploratory point-mean frontier/matching only; retain all points; no continuum dominance or post-selection p-value
landscape,a0.6-b0.8,64,4,periodic,0.6,0.8,fair,event,sampled-actual,64,0,0.8100128173828124,0.045892852600460894,0,0,,a0.45-b0.45;a0.65-b0.65;a0.7-b0.7;a0.8-b0.8;a0.85-b0.85;a0.9-b0.9;a0.95-b0.95;a1-b1,9,a1-b1,0.8115692138671874,-0.001556396484375,accepted_lag1,-0.04479521348509981,0.003783041177114501,-0.052355018043353074,-0.03723540892684654,a0.6-b0.6,0.6,-0.056648896325051046,0.011853682839951238,0.00395623199268973,-0.06455479511166053,-0.048742997538441565,0,Exploratory point-mean frontier/matching only; retain all points; no continuum dominance or post-selection p-value
landscape,a0.6-b0.85,64,4,periodic,0.6,0.85,fair,event,sampled-actual,64,0,0.8097229003906249,0.04140395543591498,0,0,,a0.65-b0.65;a0.7-b0.7;a0.75-b0.75;a0.8-b0.8;a0.85-b0.85;a0.9-b0.9;a0.95-b0.95;a1-b1,8,a1-b1,0.8115692138671874,-0.0018463134765625,accepted_lag1,-0.05183483606228152,0.004449300382425008,-0.06072605340233442,-0.04294361872222863,a0.6-b0.6,0.6,-0.056648896325051046,0.004814060262769523,0.00395623199268973,-0.06455479511166053,-0.048742997538441565,0,Exploratory point-mean frontier/matching only; retain all points; no continuum dominance or post-selection p-value
landscape,a0.6-b0.9,64,4,periodic,0.6,0.9,fair,event,sampled-actual,64,0,0.8094940185546876,0.04774762579747333,0,0,,a0.45-b0.45;a0.65-b0.65;a0.7-b0.7;a0.75-b0.75;a0.8-b0.8;a0.85-b0.85;a0.9-b0.9;a0.95-b0.95;a1-b1,9,a1-b1,0.8115692138671874,-0.002075195312499778,accepted_lag1,-0.04457445496051557,0.004040043055069462,-0.0526478367909902,-0.03650107313004094,a0.6-b0.6,0.6,-0.056648896325051046,0.012074441364535476,0.00395623199268973,-0.06455479511166053,-0.048742997538441565,0,Exploratory point-mean frontier/matching only; retain all points; no continuum dominance or post-selection p-value
landscape,a0.6-b0.95,64,4,periodic,0.6,0.95,fair,event,sampled-actual,64,0,0.8112945556640625,0.04227808502464229,0,0,,a0.65-b0.65;a0.7-b0.7;a0.85-b0.85;a1-b1,8,a1-b1,0.8115692138671874,-0.000274658203124889,accepted_lag1,-0.04254766239075701,0.004390827254639628,-0.05132203050890839,-0.03377329427260563,a0.6-b0.6,0.6,-0.056648896325051046,0.014101233934294036,0.00395623199268973,-0.06455479511166053,-0.048742997538441565,0,Exploratory point-mean frontier/matching only; retain all points; no continuum dominance or post-selection p-value
landscape,a0.6-b0,64,4,periodic,0.6,0,fair,event,sampled-actual,64,0,0.7981262207031246,0.019620000771284885,0.984375,0,,,0,,,,accepted_lag1,-0.2013333581556349,0.0042623902340295505,-0.2098510653683406,-0.1928156509429292,a0.95-b0.95,0.95,-0.2109998597355414,0.009666501579906478,0.00325895178579054,-0.21751235521520698,-0.2044873642558758,0,Exploratory point-mean frontier/matching only; retain all points; no continuum dominance or post-selection p-value
landscape,a0.6-b1,64,4,periodic,0.6,1,fair,event,sampled-actual,64,0,0.8115844726562501,0.04964341497242487,0,0,,,11,a1-b1,0.8115692138671874,0.000015258789062722045,accepted_lag1,-0.0378765606692787,0.004869051852918512,-0.04760658439060146,-0.028146536947955936,a0.55-b0.55,0.55,-0.023103331906547547,0.014773228762731152,0.003981927725892635,-0.031060579518586186,-0.015146084294508907,0,Exploratory point-mean frontier/matching only; retain all points; no continuum dominance or post-selection p-value
landscape,a0.65-b0.05,64,4,periodic,0.65,0.05,fair,event,sampled-actual,64,0,0.8096618652343748,0.024908893417576166,0,0,,,0,,,,accepted_lag1,-0.19527905876795182,0.0042031435731176535,-0.2036783709761483,-0.18687974655975534,a0.9-b0.9,0.9,-0.18640295659587452,0.008876102172077294,0.004202092610686231,-0.19480016862323563,-0.17800574456851342,0,Exploratory point-mean frontier/matching only; retain all points; no continuum dominance or post-selection p-value
landscape,a0.65-b0.1,64,4,periodic,0.65,0.1,fair,event,sampled-actual,64,0,0.8105010986328125,0.03332855306412773,0,0,,,1,a0.9-b0.9,0.8104248046875002,0.00007629394531227796,accepted_lag1,-0.1652252035565819,0.004374448184626502,-0.17396684071507726,-0.15648356639808655,a0.85-b0.85,0.85,-0.16936587434866643,0.004140670792084522,0.004060541686719467,-0.17748021942583347,-0.16125152927149938,0,Exploratory point-mean frontier/matching only; retain all points; no continuum dominance or post-selection p-value
landscape,a0.65-b0.15,64,4,periodic,0.65,0.15,fair,event,sampled-actual,64,0,0.8096160888671874,0.033064836791913285,0,0,,a0.9-b0.9,1,a0.9-b0.9,0.8104248046875002,-0.0008087158203128331,accepted_lag1,-0.14405991422944095,0.004279321387155058,-0.15261145565186895,-0.13550837280701294,a0.8-b0.8,0.8,-0.14696615240990096,0.0029062381804600135,0.0035577674607787297,-0.15407578336763614,-0.1398565214521658,0,Exploratory point-mean frontier/matching only; retain all points; no continuum dominance or post-selection p-value
landscape,a0.65-b0.2,64,4,periodic,0.65,0.2,fair,event,sampled-actual,64,0,0.8115234375000003,0.040997286201556155,0,0,,a1-b1,8,a1-b1,0.8115692138671874,-0.00004577636718705591,accepted_lag1,-0.1271516821710798,0.004321666778401652,-0.1357878441056248,-0.11851552023653482,a0.75-b0.75,0.75,-0.12808252597770173,0.0009308438066219227,0.0036825796243960787,-0.13544157414219318,-0.12072347781321027,0,Exploratory point-mean frontier/matching only; retain all points; no continuum dominance or post-selection p-value
landscape,a0.65-b0.25,64,4,periodic,0.65,0.25,fair,event,sampled-actual,64,0,0.8105926513671875,0.037248665422771735,0,0,,a0.65-b0.65;a0.95-b0.95;a1-b1,4,a1-b1,0.8115692138671874,-0.000976562499999889,accepted_lag1,-0.1189263930886107,0.004596447911222732,-0.1281116613011918,-0.10974112487602956,a0.75-b0.75,0.75,-0.12808252597770173,0.009156132889091034,0.0036825796243960787,-0.13544157414219318,-0.12072347781321027,0,Exploratory point-mean frontier/matching only; retain all points; no continuum dominance or post-selection p-value
landscape,a0.65-b0.3,64,4,periodic,0.65,0.3,fair,event,sampled-actual,64,0,0.8111419677734376,0.03943869138551206,0,0,,a0.65-b0.65;a0.7-b0.7;a1-b1,5,a1-b1,0.8115692138671874,-0.00042724609374977796,accepted_lag1,-0.10585154352527831,0.004752605631443684,-0.11534886804120457,-0.09635421900935205,a0.7-b0.7,0.7,-0.10390796324776415,0.0019435802775141647,0.004086297374080496,-0.11207377695918522,-0.09574214953634308,0,Exploratory point-mean frontier/matching only; retain all points; no continuum dominance or post-selection p-value
landscape,a0.65-b0.35,64,4,periodic,0.65,0.35,fair,event,sampled-actual,64,0,0.8116149902343751,0.03657440610448982,0,0,,,3,a1-b1,0.8115692138671874,0.000045776367187722045,accepted_lag1,-0.10797039832329725,0.004410824093922494,-0.11678472693610985,-0.09915606971048464,a0.7-b0.7,0.7,-0.10390796324776415,0.004062435075533097,0.004086297374080496,-0.11207377695918522,-0.09574214953634308,0,Exploratory point-mean frontier/matching only; retain all points; no continuum dominance or post-selection p-value
landscape,a0.65-b0.4,64,4,periodic,0.65,0.4,fair,event,sampled-actual,64,0,0.8105468750000001,0.0348015644965036,0,0,,,1,a0.9-b0.9,0.8104248046875002,0.00012207031249988898,accepted_lag1,-0.10158906847699353,0.004047095286026418,-0.10967654306650466,-0.0935015938874824,a0.7-b0.7,0.7,-0.10390796324776415,0.002318894770770616,0.004086297374080496,-0.11207377695918522,-0.09574214953634308,0,Exploratory point-mean frontier/matching only; retain all points; no continuum dominance or post-selection p-value
landscape,a0.65-b0.45,64,4,periodic,0.65,0.45,fair,event,sampled-actual,64,0,0.8105621337890623,0.03657851734320221,0,0,,a0.95-b0.95;a1-b1,3,a1-b1,0.8115692138671874,-0.001007080078125111,accepted_lag1,-0.10089087193302189,0.004175693966020689,-0.10923533047848023,-0.09254641338756354,a0.7-b0.7,0.7,-0.10390796324776415,0.0030170913147422596,0.004086297374080496,-0.11207377695918522,-0.09574214953634308,0,Exploratory point-mean frontier/matching only; retain all points; no continuum dominance or post-selection p-value
landscape,a0.65-b0.5,64,4,periodic,0.65,0.5,fair,event,sampled-actual,64,0,0.8103942871093752,0.04850468893204534,0,0,,a0.45-b0.45;a0.5-b0.5;a0.65-b0.65;a0.7-b0.7;a0.8-b0.8;a0.85-b0.85;a0.9-b0.9;a0.95-b0.95;a1-b1,11,a1-b1,0.8115692138671874,-0.001174926757812167,accepted_lag1,-0.08478452287954934,0.0037502037029417067,-0.09227870698184913,-0.07729033877724954,a0.65-b0.65,0.65,-0.08214339694522581,0.0026411259343235294,0.003796446136925353,-0.08972998917813996,-0.07455680471231166,0,Exploratory point-mean frontier/matching only; retain all points; no continuum dominance or post-selection p-value
landscape,a0.65-b0.55,64,4,periodic,0.65,0.55,fair,event,sampled-actual,64,0,0.8099975585937499,0.04070162052637768,0,0,,a0.65-b0.65;a0.7-b0.7;a0.8-b0.8;a0.85-b0.85;a0.9-b0.9;a0.95-b0.95;a1-b1,8,a1-b1,0.8115692138671874,-0.0015716552734375,accepted_lag1,-0.08562144125086248,0.004019695391617337,-0.09365416152051516,-0.0775887209812098,a0.65-b0.65,0.65,-0.08214339694522581,0.0034780443056366683,0.003796446136925353,-0.08972998917813996,-0.07455680471231166,0,Exploratory point-mean frontier/matching only; retain all points; no continuum dominance or post-selection p-value
landscape,a0.65-b0.6,64,4,periodic,0.65,0.6,fair,event,sampled-actual,64,0,0.8117523193359375,0.0372833576310669,0,0,,,4,a1-b1,0.8115692138671874,0.00018310546875011102,accepted_lag1,-0.08463569176091781,0.003569649819961111,-0.09176906771874795,-0.07750231580308768,a0.65-b0.65,0.65,-0.08214339694522581,0.002492294815692006,0.003796446136925353,-0.08972998917813996,-0.07455680471231166,0,Exploratory point-mean frontier/matching only; retain all points; no continuum dominance or post-selection p-value
landscape,a0.65-b0.65,64,4,periodic,0.65,0.65,fair,event,sampled-actual,64,1,0.81134033203125,0.03685436588450471,0,0,0,a1-b1,4,a1-b1,0.8115692138671874,-0.00022888183593738898,accepted_lag1,-0.08214339694522581,0.003796446136925353,-0.08972998917813996,-0.07455680471231166,a0.65-b0.65,0.65,-0.08214339694522581,0,0.003796446136925353,-0.08972998917813996,-0.07455680471231166,0,Exploratory point-mean frontier/matching only; retain all points; no continuum dominance or post-selection p-value
landscape,a0.65-b0.7,64,4,periodic,0.65,0.7,fair,event,sampled-actual,64,0,0.8114013671875001,0.03315089534274399,0,0,,,1,a0.9-b0.9,0.8104248046875002,0.000976562499999889,accepted_lag1,-0.0743764772534678,0.004492951962460776,-0.08335492531565127,-0.06539802919128433,a0.65-b0.65,0.65,-0.08214339694522581,0.007766919691758009,0.003796446136925353,-0.08972998917813996,-0.07455680471231166,0,Exploratory point-mean frontier/matching only; retain all points; no continuum dominance or post-selection p-value
landscape,a0.65-b0.75,64,4,periodic,0.65,0.75,fair,event,sampled-actual,64,0,0.8106384277343751,0.038477578947643906,0,0,,a0.65-b0.65;a0.95-b0.95;a1-b1,4,a1-b1,0.8115692138671874,-0.000930786132812278,accepted_lag1,-0.07632292208600254,0.0031924161937924487,-0.08270245679465772,-0.06994338737734736,a0.65-b0.65,0.65,-0.08214339694522581,0.005820474859223268,0.003796446136925353,-0.08972998917813996,-0.07455680471231166,0,Exploratory point-mean frontier/matching only; retain all points; no continuum dominance or post-selection p-value
landscape,a0.65-b0.8,64,4,periodic,0.65,0.8,fair,event,sampled-actual,64,0,0.8081817626953125,0.046069635402719994,0,0,,a0.45-b0.45;a0.65-b0.65;a0.7-b0.7;a0.75-b0.75;a0.8-b0.8;a0.85-b0.85;a0.9-b0.9;a0.95-b0.95;a1-b1,9,a1-b1,0.8115692138671874,-0.003387451171874889,accepted_lag1,-0.06957420173886089,0.004147660112689943,-0.07786263909864533,-0.06128576437907646,a0.65-b0.65,0.65,-0.08214339694522581,0.012569195206364916,0.003796446136925353,-0.08972998917813996,-0.07455680471231166,0,Exploratory point-mean frontier/matching only; retain all points; no continuum dominance or post-selection p-value
landscape,a0.65-b0.85,64,4,periodic,0.65,0.85,fair,event,sampled-actual,64,0,0.8106536865234374,0.05004560219014424,0,0,,a0.5-b0.5;a0.55-b0.55;a0.65-b0.65;a0.7-b0.7;a0.85-b0.85;a0.95-b0.95;a1-b1,12,a1-b1,0.8115692138671874,-0.00091552734375,accepted_lag1,-0.07072372889914878,0.004231857875727717,-0.07918042206240115,-0.06226703573589641,a0.65-b0.65,0.65,-0.08214339694522581,0.011419668046077025,0.003796446136925353,-0.08972998917813996,-0.07455680471231166,0,Exploratory point-mean frontier/matching only; retain all points; no continuum dominance or post-selection p-value
landscape,a0.65-b0.9,64,4,periodic,0.65,0.9,fair,event,sampled-actual,64,0,0.80914306640625,0.045221543379958914,0,0,,a0.65-b0.65;a0.7-b0.7;a0.75-b0.75;a0.8-b0.8;a0.85-b0.85;a0.9-b0.9;a0.95-b0.95;a1-b1,8,a1-b1,0.8115692138671874,-0.002426147460937389,accepted_lag1,-0.0741173246898442,0.004793436910295035,-0.08369624400570208,-0.06453840537398631,a0.65-b0.65,0.65,-0.08214339694522581,0.008026072255381614,0.003796446136925353,-0.08972998917813996,-0.07455680471231166,0,Exploratory point-mean frontier/matching only; retain all points; no continuum dominance or post-selection p-value
landscape,a0.65-b0.95,64,4,periodic,0.65,0.95,fair,event,sampled-actual,64,0,0.8097991943359375,0.04197047457584322,0,0,,a0.65-b0.65;a0.7-b0.7;a0.75-b0.75;a0.8-b0.8;a0.85-b0.85;a0.9-b0.9;a0.95-b0.95;a1-b1,8,a1-b1,0.8115692138671874,-0.001770019531249889,accepted_lag1,-0.06265188455851144,0.003972817392604429,-0.07059092662218439,-0.054712842494838494,a0.6-b0.6,0.6,-0.056648896325051046,0.006002988233460391,0.00395623199268973,-0.06455479511166053,-0.048742997538441565,0,Exploratory point-mean frontier/matching only; retain all points; no continuum dominance or post-selection p-value
landscape,a0.65-b0,64,4,periodic,0.65,0,fair,event,sampled-actual,64,0,0.8005676269531249,0.019261708310908055,0.9375,0,,,0,,,,accepted_lag1,-0.30471823318687846,0.004005771334025461,-0.3127231284477289,-0.296713337926028,a1-b1,1,-0.22664266688959325,0.07807556629728521,0.004648134517633147,-0.23593122254326962,-0.21735411123591689,1,Exploratory point-mean frontier/matching only; retain all points; no continuum dominance or post-selection p-value
landscape,a0.65-b1,64,4,periodic,0.65,1,fair,event,sampled-actual,64,0,0.8097381591796876,0.0435744411177726,0,0,,a0.65-b0.65;a0.7-b0.7;a0.75-b0.75;a0.8-b0.8;a0.85-b0.85;a0.9-b0.9;a0.95-b0.95;a1-b1,8,a1-b1,0.8115692138671874,-0.001831054687499778,accepted_lag1,-0.06618892932224345,0.004201852606814018,-0.07458566174013634,-0.057792196904350564,a0.6-b0.6,0.6,-0.056648896325051046,0.009540032997192402,0.00395623199268973,-0.06455479511166053,-0.048742997538441565,0,Exploratory point-mean frontier/matching only; retain all points; no continuum dominance or post-selection p-value
landscape,a0.7-b0.05,64,4,periodic,0.7,0.05,fair,event,sampled-actual,64,0,0.8099517822265626,0.026029178842337634,0,0,,,0,,,,accepted_lag1,-0.2559043073774159,0.004532729682556545,-0.26496224487035575,-0.246846369884476,a1-b1,1,-0.22664266688959325,0.02926164048782262,0.004648134517633147,-0.23593122254326962,-0.21735411123591689,1,Exploratory point-mean frontier/matching only; retain all points; no continuum dominance or post-selection p-value
landscape,a0.7-b0.1,64,4,periodic,0.7,0.1,fair,event,sampled-actual,64,0,0.8108978271484374,0.02884937848513989,0,0,,,0,,,,accepted_lag1,-0.21786381201821664,0.004557979910349536,-0.22697220806506313,-0.20875541597137015,a0.95-b0.95,0.95,-0.2109998597355414,0.006863952282675251,0.00325895178579054,-0.21751235521520698,-0.2044873642558758,0,Exploratory point-mean frontier/matching only; retain all points; no continuum dominance or post-selection p-value
landscape,a0.7-b0.15,64,4,periodic,0.7,0.15,fair,event,sampled-actual,64,0,0.8103179931640625,0.03467428275879496,0,0,,a0.9-b0.9,1,a0.9-b0.9,0.8104248046875002,-0.00010681152343772204,accepted_lag1,-0.19071035711029496,0.004070342205147634,-0.19884428696077472,-0.1825764272598152,a0.9-b0.9,0.9,-0.18640295659587452,0.00430740051442044,0.004202092610686231,-0.19480016862323563,-0.17800574456851342,0,Exploratory point-mean frontier/matching only; retain all points; no continuum dominance or post-selection p-value
landscape,a0.7-b0.2,64,4,periodic,0.7,0.2,fair,event,sampled-actual,64,0,0.8111419677734377,0.037482193391369115,0,0,,a0.65-b0.65;a1-b1,4,a1-b1,0.8115692138671874,-0.00042724609374966693,accepted_lag1,-0.17511393150345023,0.004073477166955752,-0.1832541260752104,-0.16697373693169004,a0.85-b0.85,0.85,-0.16936587434866643,0.005748057154783798,0.004060541686719467,-0.17748021942583347,-0.16125152927149938,0,Exploratory point-mean frontier/matching only; retain all points; no continuum dominance or post-selection p-value
landscape,a0.7-b0.25,64,4,periodic,0.7,0.25,fair,event,sampled-actual,64,0,0.8092193603515623,0.039859705231647384,0,0,,a0.65-b0.65;a0.7-b0.7;a0.9-b0.9;a0.95-b0.95;a1-b1,5,a1-b1,0.8115692138671874,-0.002349853515625111,accepted_lag1,-0.15762797677254828,0.004585026499512081,-0.16679042111505518,-0.14846553243004137,a0.8-b0.8,0.8,-0.14696615240990096,0.010661824362647315,0.0035577674607787297,-0.15407578336763614,-0.1398565214521658,0,Exploratory point-mean frontier/matching only; retain all points; no continuum dominance or post-selection p-value
landscape,a0.7-b0.3,64,4,periodic,0.7,0.3,fair,event,sampled-actual,64,0,0.81011962890625,0.03897762207692025,0,0,,a0.65-b0.65;a0.7-b0.7;a0.9-b0.9;a0.95-b0.95;a1-b1,5,a1-b1,0.8115692138671874,-0.001449584960937389,accepted_lag1,-0.14921352523083015,0.0043703728208118065,-0.15794701842458908,-0.1404800320370712,a0.8-b0.8,0.8,-0.14696615240990096,0.0022473728209291832,0.0035577674607787297,-0.15407578336763614,-0.1398565214521658,0,Exploratory point-mean frontier/matching only; retain all points; no continuum dominance or post-selection p-value
landscape,a0.7-b0.35,64,4,periodic,0.7,0.35,fair,event,sampled-actual,64,0,0.8116302490234376,0.03171560726548433,0,0,,,0,,,,accepted_lag1,-0.14349418098823322,0.004213902336197169,-0.15191499286887886,-0.13507336910758758,a0.8-b0.8,0.8,-0.14696615240990096,0.0034719714216677466,0.0035577674607787297,-0.15407578336763614,-0.1398565214521658,0,Exploratory point-mean frontier/matching only; retain all points; no continuum dominance or post-selection p-value
landscape,a0.7-b0.4,64,4,periodic,0.7,0.4,fair,event,sampled-actual,64,0,0.8126983642578127,0.04019937918387009,0,0,,,8,a1-b1,0.8115692138671874,0.001129150390625333,accepted_lag1,-0.13279964020430698,0.0037615596747782917,-0.14031651740552756,-0.1252827630030864,a0.75-b0.75,0.75,-0.12808252597770173,0.004717114226605257,0.0036825796243960787,-0.13544157414219318,-0.12072347781321027,0,Exploratory point-mean frontier/matching only; retain all points; no continuum dominance or post-selection p-value
landscape,a0.7-b0.45,64,4,periodic,0.7,0.45,fair,event,sampled-actual,64,0,0.8111419677734375,0.031866848497735814,0,0,,,0,,,,accepted_lag1,-0.12666755169948474,0.00427103092264616,-0.1352025259505683,-0.11813257744840118,a0.75-b0.75,0.75,-0.12808252597770173,0.0014149742782169905,0.0036825796243960787,-0.13544157414219318,-0.12072347781321027,0,Exploratory point-mean frontier/matching only; retain all points; no continuum dominance or post-selection p-value
landscape,a0.7-b0.5,64,4,periodic,0.7,0.5,fair,event,sampled-actual,64,0,0.8103637695312498,0.03465874425236219,0,0,,a0.9-b0.9,1,a0.9-b0.9,0.8104248046875002,-0.00006103515625044409,accepted_lag1,-0.1239527514764764,0.0042544994464730375,-0.13245469020849548,-0.11545081274445732,a0.75-b0.75,0.75,-0.12808252597770173,0.004129774501225328,0.0036825796243960787,-0.13544157414219318,-0.12072347781321027,0,Exploratory point-mean frontier/matching only; retain all points; no continuum dominance or post-selection p-value
landscape,a0.7-b0.55,64,4,periodic,0.7,0.55,fair,event,sampled-actual,64,0,0.8105163574218749,0.0421058319268504,0,0,,a0.65-b0.65;a0.7-b0.7;a0.8-b0.8;a0.85-b0.85;a0.95-b0.95;a1-b1,8,a1-b1,0.8115692138671874,-0.0010528564453125,accepted_lag1,-0.11908560233821724,0.003784326502897532,-0.1266479754150931,-0.1115232292613414,a0.75-b0.75,0.75,-0.12808252597770173,0.008996923639484483,0.0036825796243960787,-0.13544157414219318,-0.12072347781321027,0,Exploratory point-mean frontier/matching only; retain all points; no continuum dominance or post-selection p-value
landscape,a0.7-b0.6,64,4,periodic,0.7,0.6,fair,event,sampled-actual,64,0,0.8118133544921875,0.03760388608610341,0,0,,,4,a1-b1,0.8115692138671874,0.000244140625000111,accepted_lag1,-0.11294421318100056,0.0037095674390598774,-0.12035719218968872,-0.1055312341723124,a0.7-b0.7,0.7,-0.10390796324776415,0.009036249933236415,0.004086297374080496,-0.11207377695918522,-0.09574214953634308,0,Exploratory point-mean frontier/matching only; retain all points; no continuum dominance or post-selection p-value
landscape,a0.7-b0.65,64,4,periodic,0.7,0.65,fair,event,sampled-actual,64,0,0.8111267089843748,0.04655281401297197,0,0,,a0.65-b0.65;a0.7-b0.7;a0.85-b0.85;a1-b1,9,a1-b1,0.8115692138671874,-0.000442504882812611,accepted_lag1,-0.10838201405118335,0.004047852725337173,-0.11647100226237767,-0.10029302583998903,a0.7-b0.7,0.7,-0.10390796324776415,0.0044740508034191995,0.004086297374080496,-0.11207377695918522,-0.09574214953634308,0,Exploratory point-mean frontier/matching only; retain all points; no continuum dominance or post-selection p-value
landscape,a0.7-b0.7,64,4,periodic,0.7,0.7,fair,event,sampled-actual,64,1,0.8112945556640628,0.038622096430944025,0,0,0,a0.65-b0.65;a1-b1,5,a1-b1,0.8115692138671874,-0.0002746582031245559,accepted_lag1,-0.10390796324776415,0.004086297374080496,-0.11207377695918522,-0.09574214953634308,a0.7-b0.7,0.7,-0.10390796324776415,0,0.004086297374080496,-0.11207377695918522,-0.09574214953634308,0,Exploratory point-mean frontier/matching only; retain all points; no continuum dominance or post-selection p-value
landscape,a0.7-b0.75,64,4,periodic,0.7,0.75,fair,event,sampled-actual,64,0,0.8108520507812498,0.04429633611341777,0,0,,a0.65-b0.65;a0.7-b0.7;a0.85-b0.85;a1-b1,8,a1-b1,0.8115692138671874,-0.000717163085937611,accepted_lag1,-0.0978253235059427,0.004066253628012176,-0.10595108298697145,-0.08969956402491394,a0.7-b0.7,0.7,-0.10390796324776415,0.006082639741821452,0.004086297374080496,-0.11207377695918522,-0.09574214953634308,0,Exploratory point-mean frontier/matching only; retain all points; no continuum dominance or post-selection p-value
landscape,a0.7-b0.8,64,4,periodic,0.7,0.8,fair,event,sampled-actual,64,0,0.80938720703125,0.044113538500798584,0,0,,a0.65-b0.65;a0.7-b0.7;a0.75-b0.75;a0.8-b0.8;a0.85-b0.85;a0.9-b0.9;a0.95-b0.95;a1-b1,8,a1-b1,0.8115692138671874,-0.002182006835937389,accepted_lag1,-0.09511154064773808,0.003791988928166879,-0.1026892258596837,-0.08753385543579247,a0.7-b0.7,0.7,-0.10390796324776415,0.008796422600026069,0.004086297374080496,-0.11207377695918522,-0.09574214953634308,0,Exploratory point-mean frontier/matching only; retain all points; no continuum dominance or post-selection p-value
landscape,a0.7-b0.85,64,4,periodic,0.7,0.85,fair,event,sampled-actual,64,0,0.8114166259765626,0.03988468874392472,0,0,,a1-b1,5,a1-b1,0.8115692138671874,-0.00015258789062477796,accepted_lag1,-0.09622827682153966,0.004197641087459014,-0.10461659318955982,-0.0878399604535195,a0.7-b0.7,0.7,-0.10390796324776415,0.007679686426224491,0.004086297374080496,-0.11207377695918522,-0.09574214953634308,0,Exploratory point-mean frontier/matching only; retain all points; no continuum dominance or post-selection p-value
landscape,a0.7-b0.9,64,4,periodic,0.7,0.9,fair,event,sampled-actual,64,0,0.8091430664062499,0.04327869787349603,0,0,,a0.65-b0.65;a0.7-b0.7;a0.75-b0.75;a0.8-b0.8;a0.85-b0.85;a0.9-b0.9;a0.95-b0.95;a1-b1,8,a1-b1,0.8115692138671874,-0.0024261474609375,accepted_lag1,-0.08611846847236736,0.004097960113166816,-0.09430758830814145,-0.07792934863659326,a0.65-b0.65,0.65,-0.08214339694522581,0.003975071527141549,0.003796446136925353,-0.08972998917813996,-0.07455680471231166,0,Exploratory point-mean frontier/matching only; retain all points; no continuum dominance or post-selection p-value
landscape,a0.7-b0.95,64,4,periodic,0.7,0.95,fair,event,sampled-actual,64,0,0.808349609375,0.03402548992803979,0,0,,a0.9-b0.9,1,a0.9-b0.9,0.8104248046875002,-0.002075195312500222,accepted_lag1,-0.08860735074585012,0.003645480453406771,-0.09589226213285974,-0.0813224393588405,a0.65-b0.65,0.65,-0.08214339694522581,0.006463953800624311,0.003796446136925353,-0.08972998917813996,-0.07455680471231166,0,Exploratory point-mean frontier/matching only; retain all points; no continuum dominance or post-selection p-value
landscape,a0.7-b0,64,4,periodic,0.7,0,fair,event,sampled-actual,64,0,0.8008880615234374,0.01763079751721806,0.96875,0,,,0,,,,accepted_lag1,-0.40477518686722436,0.0037643440387434344,-0.4122976281758416,-0.3972527455586071,a1-b1,1,-0.22664266688959325,0.1781325199776311,0.004648134517633147,-0.23593122254326962,-0.21735411123591689,1,Exploratory point-mean frontier/matching only; retain all points; no continuum dominance or post-selection p-value
landscape,a0.7-b1,64,4,periodic,0.7,1,fair,event,sampled-actual,64,0,0.8110504150390626,0.04320488554687196,0,0,,a0.65-b0.65;a0.7-b0.7;a0.85-b0.85;a1-b1,8,a1-b1,0.8115692138671874,-0.000518798828124778,accepted_lag1,-0.08369922022240327,0.00471319832988912,-0.09311779552996172,-0.07428064491484482,a0.65-b0.65,0.65,-0.08214339694522581,0.0015558232771774594,0.003796446136925353,-0.08972998917813996,-0.07455680471231166,0,Exploratory point-mean frontier/matching only; retain all points; no continuum dominance or post-selection p-value
landscape,a0.75-b0.05,64,4,periodic,0.75,0.05,fair,event,sampled-actual,64,0,0.8100280761718751,0.02581437683038511,0,0,,,0,,,,accepted_lag1,-0.31456218609933634,0.004078527820678927,-0.3227124735971978,-0.3064118986014749,a1-b1,1,-0.22664266688959325,0.08791951920974309,0.004648134517633147,-0.23593122254326962,-0.21735411123591689,1,Exploratory point-mean frontier/matching only; retain all points; no continuum dominance or post-selection p-value
landscape,a0.75-b0.1,64,4,periodic,0.75,0.1,fair,event,sampled-actual,64,0,0.8097076416015624,0.03366050661357433,0,0,,a0.9-b0.9,1,a0.9-b0.9,0.8104248046875002,-0.0007171630859378331,accepted_lag1,-0.2675357494927624,0.004485886701090496,-0.2765000787567061,-0.2585714202288186,a1-b1,1,-0.22664266688959325,0.04089308260316912,0.004648134517633147,-0.23593122254326962,-0.21735411123591689,1,Exploratory point-mean frontier/matching only; retain all points; no continuum dominance or post-selection p-value
landscape,a0.75-b0.15,64,4,periodic,0.75,0.15,fair,event,sampled-actual,64,0,0.81005859375,0.03463368233761552,0,0,,a0.9-b0.9,1,a0.9-b0.9,0.8104248046875002,-0.00036621093750022204,accepted_lag1,-0.23744039191362604,0.00447559179179637,-0.24638414844294573,-0.22849663538430634,a1-b1,1,-0.22664266688959325,0.010797725024032784,0.004648134517633147,-0.23593122254326962,-0.21735411123591689,1,Exploratory point-mean frontier/matching only; retain all points; no continuum dominance or post-selection p-value
landscape,a0.75-b0.2,64,4,periodic,0.75,0.2,fair,event,sampled-actual,64,0,0.8089752197265623,0.03331095818667798,0,0,,a0.9-b0.9,1,a0.9-b0.9,0.8104248046875002,-0.001449584960937944,accepted_lag1,-0.2172861995998403,0.004040416845785755,-0.22536032839145773,-0.20921207080822288,a0.95-b0.95,0.95,-0.2109998597355414,0.006286339864298912,0.00325895178579054,-0.21751235521520698,-0.2044873642558758,0,Exploratory point-mean frontier/matching only; retain all points; no continuum dominance or post-selection p-value
landscape,a0.75-b0.25,64,4,periodic,0.75,0.25,fair,event,sampled-actual,64,0,0.8118133544921875,0.030936856771436462,0,0,,,0,,,,accepted_lag1,-0.20261572316270143,0.0038625935420445686,-0.21033450043704785,-0.19489694588835502,a0.95-b0.95,0.95,-0.2109998597355414,0.008384136572839956,0.00325895178579054,-0.21751235521520698,-0.2044873642558758,0,Exploratory point-mean frontier/matching only; retain all points; no continuum dominance or post-selection p-value
landscape,a0.75-b0.3,64,4,periodic,0.75,0.3,fair,event,sampled-actual,64,0,0.8106689453125,0.03385473943602821,0,0,,,1,a0.9-b0.9,0.8104248046875002,0.00024414062499977796,accepted_lag1,-0.1870891379406231,0.004108335949927108,-0.19529899223165786,-0.17887928364958833,a0.9-b0.9,0.9,-0.18640295659587452,0.000686181344748571,0.004202092610686231,-0.19480016862323563,-0.17800574456851342,0,Exploratory point-mean frontier/matching only; retain all points; no continuum dominance or post-selection p-value
landscape,a0.75-b0.35,64,4,periodic,0.75,0.35,fair,event,sampled-actual,64,0,0.8103790283203126,0.031240032333411143,0,0,,,0,,,,accepted_lag1,-0.1816727598187201,0.0034615701593837737,-0.18859015580899666,-0.17475536382844356,a0.9-b0.9,0.9,-0.18640295659587452,0.004730196777154416,0.004202092610686231,-0.19480016862323563,-0.17800574456851342,0,Exploratory point-mean frontier/matching only; retain all points; no continuum dominance or post-selection p-value
landscape,a0.75-b0.4,64,4,periodic,0.75,0.4,fair,event,sampled-actual,64,0,0.8115081787109376,0.036644464687076085,0,0,,a1-b1,3,a1-b1,0.8115692138671874,-0.000061035156249777955,accepted_lag1,-0.17017141602204713,0.0043933204728349275,-0.17895076643919952,-0.16139206560489475,a0.85-b0.85,0.85,-0.16936587434866643,0.0008055416733807053,0.004060541686719467,-0.17748021942583347,-0.16125152927149938,0,Exploratory point-mean frontier/matching only; retain all points; no continuum dominance or post-selection p-value
landscape,a0.75-b0.45,64,4,periodic,0.75,0.45,fair,event,sampled-actual,64,0,0.8089294433593753,0.04022992031073077,0,0,,a0.65-b0.65;a0.7-b0.7;a0.75-b0.75;a0.8-b0.8;a0.85-b0.85;a0.9-b0.9;a0.95-b0.95;a1-b1,8,a1-b1,0.8115692138671874,-0.002639770507812056,accepted_lag1,-0.16098146133657892,0.0038339522352073235,-0.1686430035262817,-0.15331991914687615,a0.85-b0.85,0.85,-0.16936587434866643,0.008384413012087505,0.004060541686719467,-0.17748021942583347,-0.16125152927149938,0,Exploratory point-mean frontier/matching only; retain all points; no continuum dominance or post-selection p-value
landscape,a0.75-b0.5,64,4,periodic,0.75,0.5,fair,event,sampled-actual,64,0,0.8100891113281248,0.034674188692315526,0,0,,a0.9-b0.9,1,a0.9-b0.9,0.8104248046875002,-0.0003356933593754441,accepted_lag1,-0.14780971734942605,0.003802503173274036,-0.1554084136036433,-0.1402110210952088,a0.8-b0.8,0.8,-0.14696615240990096,0.0008435649395250877,0.0035577674607787297,-0.15407578336763614,-0.1398565214521658,0,Exploratory point-mean frontier/matching only; retain all points; no continuum dominance or post-selection p-value
landscape,a0.75-b0.55,64,4,periodic,0.75,0.55,fair,event,sampled-actual,64,0,0.8115539550781248,0.04189306478688475,0,0,,a1-b1,8,a1-b1,0.8115692138671874,-0.000015258789062611022,accepted_lag1,-0.1464199554844271,0.0035767569952875862,-0.15356753399885492,-0.13927237696999928,a0.8-b0.8,0.8,-0.14696615240990096,0.000546196925473863,0.0035577674607787297,-0.15407578336763614,-0.1398565214521658,0,Exploratory point-mean frontier/matching only; retain all points; no continuum dominance or post-selection p-value
landscape,a0.75-b0.6,64,4,periodic,0.75,0.6,fair,event,sampled-actual,64,0,0.8104095458984374,0.0428566958039868,0,0,,a0.65-b0.65;a0.7-b0.7;a0.8-b0.8;a0.85-b0.85;a0.9-b0.9;a0.95-b0.95;a1-b1,8,a1-b1,0.8115692138671874,-0.00115966796875,accepted_lag1,-0.13598679092933957,0.0034017108392141618,-0.14278456761327346,-0.1291890142454057,a0.75-b0.75,0.75,-0.12808252597770173,0.007904264951637846,0.0036825796243960787,-0.13544157414219318,-0.12072347781321027,0,Exploratory point-mean frontier/matching only; retain all points; no continuum dominance or post-selection p-value
landscape,a0.75-b0.65,64,4,periodic,0.75,0.65,fair,event,sampled-actual,64,0,0.8094482421875004,0.0385273215303534,0,0,,a0.65-b0.65;a0.9-b0.9;a0.95-b0.95;a1-b1,4,a1-b1,0.8115692138671874,-0.002120971679686945,accepted_lag1,-0.13818854673084704,0.0034121148323326125,-0.14500711413603365,-0.13136997932566044,a0.8-b0.8,0.8,-0.14696615240990096,0.008777605679053918,0.0035577674607787297,-0.15407578336763614,-0.1398565214521658,0,Exploratory point-mean frontier/matching only; retain all points; no continuum dominance or post-selection p-value
landscape,a0.75-b0.7,64,4,periodic,0.75,0.7,fair,event,sampled-actual,64,0,0.8097686767578124,0.03450886979866843,0,0,,a0.9-b0.9,1,a0.9-b0.9,0.8104248046875002,-0.0006561279296878331,accepted_lag1,-0.13054938951903897,0.004105084493909546,-0.1387527462936916,-0.12234603274438631,a0.75-b0.75,0.75,-0.12808252597770173,0.0024668635413372386,0.0036825796243960787,-0.13544157414219318,-0.12072347781321027,0,Exploratory point-mean frontier/matching only; retain all points; no continuum dominance or post-selection p-value
landscape,a0.75-b0.75,64,4,periodic,0.75,0.75,fair,event,sampled-actual,64,1,0.8098602294921875,0.040039139778589555,0,0,0,a0.65-b0.65;a0.7-b0.7;a0.85-b0.85;a0.9-b0.9;a0.95-b0.95;a1-b1,7,a1-b1,0.8115692138671874,-0.001708984374999889,accepted_lag1,-0.12808252597770173,0.0036825796243960787,-0.13544157414219318,-0.12072347781321027,a0.75-b0.75,0.75,-0.12808252597770173,0,0.0036825796243960787,-0.13544157414219318,-0.12072347781321027,0,Exploratory point-mean frontier/matching only; retain all points; no continuum dominance or post-selection p-value
landscape,a0.75-b0.8,64,4,periodic,0.75,0.8,fair,event,sampled-actual,64,0,0.8102569580078127,0.03798512882028862,0,0,,a0.65-b0.65;a0.9-b0.9;a0.95-b0.95;a1-b1,4,a1-b1,0.8115692138671874,-0.001312255859374667,accepted_lag1,-0.12279308599709257,0.004636746195925431,-0.13205888390578915,-0.11352728808839599,a0.75-b0.75,0.75,-0.12808252597770173,0.005289439980609156,0.0036825796243960787,-0.13544157414219318,-0.12072347781321027,0,Exploratory point-mean frontier/matching only; retain all points; no continuum dominance or post-selection p-value
landscape,a0.75-b0.85,64,4,periodic,0.75,0.85,fair,event,sampled-actual,64,0,0.8112792968750001,0.04178800375952335,0,0,,a0.65-b0.65;a0.7-b0.7;a0.85-b0.85;a1-b1,8,a1-b1,0.8115692138671874,-0.00028991699218727796,accepted_lag1,-0.1146272205837771,0.003719489908640177,-0.12206002806570951,-0.10719441310184469,a0.7-b0.7,0.7,-0.10390796324776415,0.01071925733601295,0.004086297374080496,-0.11207377695918522,-0.09574214953634308,0,Exploratory point-mean frontier/matching only; retain all points; no continuum dominance or post-selection p-value
landscape,a0.75-b0.9,64,4,periodic,0.75,0.9,fair,event,sampled-actual,64,0,0.8096923828124999,0.03823837339770215,0,0,,a0.65-b0.65;a0.9-b0.9;a0.95-b0.95;a1-b1,4,a1-b1,0.8115692138671874,-0.0018768310546875,accepted_lag1,-0.11235847319878287,0.004311796727400294,-0.1209749114102551,-0.10374203498731063,a0.7-b0.7,0.7,-0.10390796324776415,0.008450509951018717,0.004086297374080496,-0.11207377695918522,-0.09574214953634308,0,Exploratory point-mean frontier/matching only; retain all points; no continuum dominance or post-selection p-value
landscape,a0.75-b0.95,64,4,periodic,0.75,0.95,fair,event,sampled-actual,64,0,0.8105773925781248,0.030855427364381276,0,0,,,0,,,,accepted_lag1,-0.11333514404940079,0.0038021558163443933,-0.12093314616618281,-0.10573714193261877,a0.7-b0.7,0.7,-0.10390796324776415,0.00942718080163664,0.004086297374080496,-0.11207377695918522,-0.09574214953634308,0,Exploratory point-mean frontier/matching only; retain all points; no continuum dominance or post-selection p-value
landscape,a0.75-b0,64,4,periodic,0.75,0,fair,event,sampled-actual,64,0,0.8018798828125,0.016139610586966984,0.921875,1,,,0,,,,accepted_lag1,-0.5046153946033651,0.003524926727914106,-0.5116593985931709,-0.49757139061355943,a1-b1,1,-0.22664266688959325,0.2779727277137719,0.004648134517633147,-0.23593122254326962,-0.21735411123591689,1,Exploratory point-mean frontier/matching only; retain all points; no continuum dominance or post-selection p-value
landscape,a0.75-b1,64,4,periodic,0.75,1,fair,event,sampled-actual,64,0,0.80889892578125,0.04279478204406945,0,0,,a0.65-b0.65;a0.7-b0.7;a0.75-b0.75;a0.8-b0.8;a0.85-b0.85;a0.9-b0.9;a0.95-b0.95;a1-b1,8,a1-b1,0.8115692138671874,-0.002670288085937389,accepted_lag1,-0.10779730601673461,0.0042225718979016615,-0.11623544263402022,-0.099359169399449,a0.7-b0.7,0.7,-0.10390796324776415,0.0038893427689704607,0.004086297374080496,-0.11207377695918522,-0.09574214953634308,0,Exploratory point-mean frontier/matching only; retain all points; no continuum dominance or post-selection p-value
landscape,a0.8-b0.05,64,4,periodic,0.8,0.05,fair,event,sampled-actual,64,0,0.8104095458984375,0.02302109110802619,0,0,,,0,,,,accepted_lag1,-0.37749578373706993,0.0037868486893445075,-0.3850631970013786,-0.3699283704727613,a1-b1,1,-0.22664266688959325,0.15085311684747668,0.004648134517633147,-0.23593122254326962,-0.21735411123591689,1,Exploratory point-mean frontier/matching only; retain all points; no continuum dominance or post-selection p-value
landscape,a0.8-b0.1,64,4,periodic,0.8,0.1,fair,event,sampled-actual,64,0,0.810760498046875,0.02617715621516969,0,0,,,0,,,,accepted_lag1,-0.31890374076470285,0.004089151936616938,-0.32707525886417166,-0.31073222266523404,a1-b1,1,-0.22664266688959325,0.0922610738751096,0.004648134517633147,-0.23593122254326962,-0.21735411123591689,1,Exploratory point-mean frontier/matching only; retain all points; no continuum dominance or post-selection p-value
landscape,a0.8-b0.15,64,4,periodic,0.8,0.15,fair,event,sampled-actual,64,0,0.8121185302734377,0.03160200716672574,0,0,,,0,,,,accepted_lag1,-0.28736028870840635,0.0038664533929614726,-0.29508677927932814,-0.27963379813748457,a1-b1,1,-0.22664266688959325,0.0607176218188131,0.004648134517633147,-0.23593122254326962,-0.21735411123591689,1,Exploratory point-mean frontier/matching only; retain all points; no continuum dominance or post-selection p-value
landscape,a0.8-b0.2,64,4,periodic,0.8,0.2,fair,event,sampled-actual,64,0,0.8123168945312499,0.033635012243022976,0,0,,,1,a0.9-b0.9,0.8104248046875002,0.001892089843749667,accepted_lag1,-0.26188684183614497,0.004063205047809065,-0.2700065092157567,-0.25376717445653324,a1-b1,1,-0.22664266688959325,0.035244174946551715,0.004648134517633147,-0.23593122254326962,-0.21735411123591689,1,Exploratory point-mean frontier/matching only; retain all points; no continuum dominance or post-selection p-value
landscape,a0.8-b0.25,64,4,periodic,0.8,0.25,fair,event,sampled-actual,64,0,0.8113555908203124,0.031149592818694533,0,0,,,0,,,,accepted_lag1,-0.23524807690072713,0.003760695913035406,-0.2427632280118378,-0.22773292578961646,a1-b1,1,-0.22664266688959325,0.00860541001113388,0.004648134517633147,-0.23593122254326962,-0.21735411123591689,1,Exploratory point-mean frontier/matching only; retain all points; no continuum dominance or post-selection p-value
landscape,a0.8-b0.3,64,4,periodic,0.8,0.3,fair,event,sampled-actual,64,0,0.8099822998046874,0.03261828939335382,0,0,,,0,,,,accepted_lag1,-0.22618686632958876,0.004326104614026139,-0.2348318965709832,-0.21754183608819433,a1-b1,1,-0.22664266688959325,0.0004558005600044934,0.004648134517633147,-0.23593122254326962,-0.21735411123591689,0,Exploratory point-mean frontier/matching only; retain all points; no continuum dominance or post-selection p-value
landscape,a0.8-b0.35,64,4,periodic,0.8,0.35,fair,event,sampled-actual,64,0,0.8100738525390626,0.034885762900284126,0,0,,a0.9-b0.9,1,a0.9-b0.9,0.8104248046875002,-0.000350952148437611,accepted_lag1,-0.2117243810522488,0.004117035625909258,-0.2199516202585055,-0.2034971418459921,a0.95-b0.95,0.95,-0.2109998597355414,0.000724521316707416,0.00325895178579054,-0.21751235521520698,-0.2044873642558758,0,Exploratory point-mean frontier/matching only; retain all points; no continuum dominance or post-selection p-value
landscape,a0.8-b0.4,64,4,periodic,0.8,0.4,fair,event,sampled-actual,64,0,0.8109283447265622,0.03344147307179547,0,0,,,1,a0.9-b0.9,0.8104248046875002,0.0005035400390619449,accepted_lag1,-0.20435674716442395,0.004142602562144559,-0.21263507781590768,-0.19607841651294022,a0.95-b0.95,0.95,-0.2109998597355414,0.006643112571117438,0.00325895178579054,-0.21751235521520698,-0.2044873642558758,0,Exploratory point-mean frontier/matching only; retain all points; no continuum dominance or post-selection p-value
landscape,a0.8-b0.45,64,4,periodic,0.8,0.45,fair,event,sampled-actual,64,0,0.8104248046875001,0.03563236490574064,0,0,,a0.9-b0.9;a1-b1,2,a1-b1,0.8115692138671874,-0.001144409179687278,accepted_lag1,-0.19284444999827796,0.004375043127177478,-0.20158727605459342,-0.1841016239419625,a0.9-b0.9,0.9,-0.18640295659587452,0.0064414934024034365,0.004202092610686231,-0.19480016862323563,-0.17800574456851342,0,Exploratory point-mean frontier/matching only; retain all points; no continuum dominance or post-selection p-value
landscape,a0.8-b0.5,64,4,periodic,0.8,0.5,fair,event,sampled-actual,64,0,0.8094024658203125,0.030897522667571186,0,0,,,0,,,,accepted_lag1,-0.18795363667736767,0.0038238660741250286,-0.1955950232824613,-0.18031225007227403,a0.9-b0.9,0.9,-0.18640295659587452,0.0015506800814931443,0.004202092610686231,-0.19480016862323563,-0.17800574456851342,0,Exploratory point-mean frontier/matching only; retain all points; no continuum dominance or post-selection p-value
landscape,a0.8-b0.55,64,4,periodic,0.8,0.55,fair,event,sampled-actual,64,0,0.81048583984375,0.033370044005898325,0,0,,,1,a0.9-b0.9,0.8104248046875002,0.000061035156249777955,accepted_lag1,-0.17656596012815035,0.004130478335140002,-0.18482006244526417,-0.16831185781103652,a0.85-b0.85,0.85,-0.16936587434866643,0.007200085779483917,0.004060541686719467,-0.17748021942583347,-0.16125152927149938,0,Exploratory point-mean frontier/matching only; retain all points; no continuum dominance or post-selection p-value
landscape,a0.8-b0.6,64,4,periodic,0.8,0.6,fair,event,sampled-actual,64,0,0.8101196289062498,0.04012958908553181,0,0,,a0.65-b0.65;a0.7-b0.7;a0.8-b0.8;a0.85-b0.85;a0.9-b0.9;a0.95-b0.95;a1-b1,8,a1-b1,0.8115692138671874,-0.001449584960937611,accepted_lag1,-0.17111204433274987,0.0041177367037233846,-0.179340684531226,-0.16288340413427374,a0.85-b0.85,0.85,-0.16936587434866643,0.0017461699840834455,0.004060541686719467,-0.17748021942583347,-0.16125152927149938,0,Exploratory point-mean frontier/matching only; retain all points; no continuum dominance or post-selection p-value
landscape,a0.8-b0.65,64,4,periodic,0.8,0.65,fair,event,sampled-actual,64,0,0.8108367919921875,0.035706047263718746,0,0,,a1-b1,2,a1-b1,0.8115692138671874,-0.000732421874999889,accepted_lag1,-0.1640410672110453,0.0036082486971110964,-0.17125157686998002,-0.1568305575521106,a0.85-b0.85,0.85,-0.16936587434866643,0.005324807137621124,0.004060541686719467,-0.17748021942583347,-0.16125152927149938,0,Exploratory point-mean frontier/matching only; retain all points; no continuum dominance or post-selection p-value
landscape,a0.8-b0.7,64,4,periodic,0.8,0.7,fair,event,sampled-actual,64,0,0.8120574951171875,0.030187994281915594,0,0,,,0,,,,accepted_lag1,-0.16172709735875643,0.004318924570946388,-0.17035777942896757,-0.15309641528854528,a0.85-b0.85,0.85,-0.16936587434866643,0.007638776989910001,0.004060541686719467,-0.17748021942583347,-0.16125152927149938,0,Exploratory point-mean frontier/matching only; retain all points; no continuum dominance or post-selection p-value
landscape,a0.8-b0.75,64,4,periodic,0.8,0.75,fair,event,sampled-actual,64,0,0.8106079101562498,0.04309060627961649,0,0,,a0.65-b0.65;a0.7-b0.7;a0.85-b0.85;a0.95-b0.95;a1-b1,8,a1-b1,0.8115692138671874,-0.000961303710937611,accepted_lag1,-0.15565288631195845,0.0038925008656551666,-0.16343142860359422,-0.14787434402032268,a0.8-b0.8,0.8,-0.14696615240990096,0.008686733902057486,0.0035577674607787297,-0.15407578336763614,-0.1398565214521658,0,Exploratory point-mean frontier/matching only; retain all points; no continuum dominance or post-selection p-value
landscape,a0.8-b0.8,64,4,periodic,0.8,0.8,fair,event,sampled-actual,64,1,0.8105773925781252,0.04006901336513509,0,0,0,a0.65-b0.65;a0.7-b0.7;a0.85-b0.85;a0.95-b0.95;a1-b1,8,a1-b1,0.8115692138671874,-0.000991821289062167,accepted_lag1,-0.14696615240990096,0.0035577674607787297,-0.15407578336763614,-0.1398565214521658,a0.8-b0.8,0.8,-0.14696615240990096,0,0.0035577674607787297,-0.15407578336763614,-0.1398565214521658,0,Exploratory point-mean frontier/matching only; retain all points; no continuum dominance or post-selection p-value
landscape,a0.8-b0.85,64,4,periodic,0.8,0.85,fair,event,sampled-actual,64,0,0.8105010986328126,0.0453767429266282,0,0,,a0.45-b0.45;a0.65-b0.65;a0.7-b0.7;a0.8-b0.8;a0.85-b0.85;a0.95-b0.95;a1-b1,9,a1-b1,0.8115692138671874,-0.001068115234374778,accepted_lag1,-0.1417790613933483,0.003531754338830867,-0.14883670927485754,-0.13472141351183908,a0.8-b0.8,0.8,-0.14696615240990096,0.005187091016552653,0.0035577674607787297,-0.15407578336763614,-0.1398565214521658,0,Exploratory point-mean frontier/matching only; retain all points; no continuum dominance or post-selection p-value
landscape,a0.8-b0.9,64,4,periodic,0.8,0.9,fair,event,sampled-actual,64,0,0.8097839355468749,0.04370542807827677,0,0,,a0.65-b0.65;a0.7-b0.7;a0.75-b0.75;a0.8-b0.8;a0.85-b0.85;a0.9-b0.9;a0.95-b0.95;a1-b1,8,a1-b1,0.8115692138671874,-0.0017852783203125,accepted_lag1,-0.13507644590551804,0.004518917938989117,-0.14410678283132422,-0.12604610897971186,a0.75-b0.75,0.75,-0.12808252597770173,0.006993919927816311,0.0036825796243960787,-0.13544157414219318,-0.12072347781321027,0,Exploratory point-mean frontier/matching only; retain all points; no continuum dominance or post-selection p-value
landscape,a0.8-b0.95,64,4,periodic,0.8,0.95,fair,event,sampled-actual,64,0,0.810638427734375,0.03612546869668235,0,0,,a1-b1,2,a1-b1,0.8115692138671874,-0.000930786132812389,accepted_lag1,-0.13959731939400974,0.003516765586752081,-0.14662501464455813,-0.13256962414346135,a0.8-b0.8,0.8,-0.14696615240990096,0.007368833015891224,0.0035577674607787297,-0.15407578336763614,-0.1398565214521658,0,Exploratory point-mean frontier/matching only; retain all points; no continuum dominance or post-selection p-value
landscape,a0.8-b0,64,4,periodic,0.8,0,fair,event,sampled-actual,64,0,0.79962158203125,0.014994653351525266,0.90625,0,,,0,,,,accepted_lag1,-0.6051787129691927,0.0033865610644886017,-0.6119462152440824,-0.5984112106943029,a1-b1,1,-0.22664266688959325,0.37853604607959945,0.004648134517633147,-0.23593122254326962,-0.21735411123591689,1,Exploratory point-mean frontier/matching only; retain all points; no continuum dominance or post-selection p-value
landscape,a0.8-b1,64,4,periodic,0.8,1,fair,event,sampled-actual,64,0,0.8093261718750004,0.044902764109719925,0,0,,a0.65-b0.65;a0.7-b0.7;a0.75-b0.75;a0.8-b0.8;a0.85-b0.85;a0.9-b0.9;a0.95-b0.95;a1-b1,8,a1-b1,0.8115692138671874,-0.002243041992186945,accepted_lag1,-0.13135529357598053,0.004072086883980035,-0.13949270988890475,-0.1232178772630563,a0.75-b0.75,0.75,-0.12808252597770173,0.0032727675982787974,0.0036825796243960787,-0.13544157414219318,-0.12072347781321027,0,Exploratory point-mean frontier/matching only; retain all points; no continuum dominance or post-selection p-value
landscape,a0.85-b0.05,64,4,periodic,0.85,0.05,fair,event,sampled-actual,64,0,0.8111877441406252,0.02192180935586061,0,0,,,0,,,,accepted_lag1,-0.44788543486094545,0.0034447731150407065,-0.45476926463651673,-0.44100160508537417,a1-b1,1,-0.22664266688959325,0.2212427679713522,0.004648134517633147,-0.23593122254326962,-0.21735411123591689,1,Exploratory point-mean frontier/matching only; retain all points; no continuum dominance or post-selection p-value
landscape,a0.85-b0.1,64,4,periodic,0.85,0.1,fair,event,sampled-actual,64,0,0.8111419677734377,0.023416257861399146,0,0,,,0,,,,accepted_lag1,-0.378342410723508,0.0038650911127509026,-0.3860661789946547,-0.3706186424523613,a1-b1,1,-0.22664266688959325,0.15169974383391474,0.004648134517633147,-0.23593122254326962,-0.21735411123591689,1,Exploratory point-mean frontier/matching only; retain all points; no continuum dominance or post-selection p-value
landscape,a0.85-b0.15,64,4,periodic,0.85,0.15,fair,event,sampled-actual,64,0,0.8090972900390623,0.02417876789942277,0,0,,,0,,,,accepted_lag1,-0.33855646205020196,0.0037611601291056827,-0.34607254082310634,-0.33104038327729757,a1-b1,1,-0.22664266688959325,0.1119137951606087,0.004648134517633147,-0.23593122254326962,-0.21735411123591689,1,Exploratory point-mean frontier/matching only; retain all points; no continuum dominance or post-selection p-value
landscape,a0.85-b0.2,64,4,periodic,0.85,0.2,fair,event,sampled-actual,64,0,0.8108978271484377,0.02610965722856659,0,0,,,0,,,,accepted_lag1,-0.3059626133402966,0.0038500158395348366,-0.3136562560817861,-0.29826897059880714,a1-b1,1,-0.22664266688959325,0.07931994645070337,0.004648134517633147,-0.23593122254326962,-0.21735411123591689,1,Exploratory point-mean frontier/matching only; retain all points; no continuum dominance or post-selection p-value
landscape,a0.85-b0.25,64,4,periodic,0.85,0.25,fair,event,sampled-actual,64,0,0.81146240234375,0.02744184701946691,0,0,,,0,,,,accepted_lag1,-0.2763876266102487,0.0035908690965485296,-0.2835634059087664,-0.269211847311731,a1-b1,1,-0.22664266688959325,0.04974495972065543,0.004648134517633147,-0.23593122254326962,-0.21735411123591689,1,Exploratory point-mean frontier/matching only; retain all points; no continuum dominance or post-selection p-value
landscape,a0.85-b0.3,64,4,periodic,0.85,0.3,fair,event,sampled-actual,64,0,0.8097229003906251,0.03599624223718149,0,0,,a0.9-b0.9;a1-b1,2,a1-b1,0.8115692138671874,-0.001846313476562278,accepted_lag1,-0.26577054871123884,0.0045082155634436575,-0.27477949864609125,-0.25676159877638643,a1-b1,1,-0.22664266688959325,0.03912788182164559,0.004648134517633147,-0.23593122254326962,-0.21735411123591689,1,Exploratory point-mean frontier/matching only; retain all points; no continuum dominance or post-selection p-value
landscape,a0.85-b0.35,64,4,periodic,0.85,0.35,fair,event,sampled-actual,64,0,0.8105316162109379,0.03551525281766671,0,0,,a1-b1,2,a1-b1,0.8115692138671874,-0.0010375976562494449,accepted_lag1,-0.25001923535469994,0.004029402056132264,-0.25807135284558547,-0.24196711786381442,a1-b1,1,-0.22664266688959325,0.02337656846510669,0.004648134517633147,-0.23593122254326962,-0.21735411123591689,1,Exploratory point-mean frontier/matching only; retain all points; no continuum dominance or post-selection p-value
landscape,a0.85-b0.4,64,4,periodic,0.85,0.4,fair,event,sampled-actual,64,0,0.8095092773437498,0.031712656496815414,0,0,,,0,,,,accepted_lag1,-0.23993932388155978,0.0040245452803982975,-0.24798173588059017,-0.2318969118825294,a1-b1,1,-0.22664266688959325,0.013296656991966527,0.004648134517633147,-0.23593122254326962,-0.21735411123591689,1,Exploratory point-mean frontier/matching only; retain all points; no continuum dominance or post-selection p-value
landscape,a0.85-b0.45,64,4,periodic,0.85,0.45,fair,event,sampled-actual,64,0,0.8108825683593751,0.03913350142141441,0,0,,a0.65-b0.65;a0.7-b0.7;a1-b1,5,a1-b1,0.8115692138671874,-0.000686645507812278,accepted_lag1,-0.22470298195303173,0.0038183395601097624,-0.23233332470110984,-0.21707263920495362,a1-b1,1,-0.22664266688959325,0.0019396849365615199,0.004648134517633147,-0.23593122254326962,-0.21735411123591689,0,Exploratory point-mean frontier/matching only; retain all points; no continuum dominance or post-selection p-value
landscape,a0.85-b0.5,64,4,periodic,0.85,0.5,fair,event,sampled-actual,64,0,0.8097076416015625,0.037386435493741633,0,0,,a0.65-b0.65;a0.9-b0.9;a0.95-b0.95;a1-b1,4,a1-b1,0.8115692138671874,-0.001861572265624889,accepted_lag1,-0.21723956355127608,0.0044393483760194336,-0.22611089339344928,-0.20836823370910287,a0.95-b0.95,0.95,-0.2109998597355414,0.006239703815734687,0.00325895178579054,-0.21751235521520698,-0.2044873642558758,0,Exploratory point-mean frontier/matching only; retain all points; no continuum dominance or post-selection p-value
landscape,a0.85-b0.55,64,4,periodic,0.85,0.55,fair,event,sampled-actual,64,0,0.8095397949218748,0.03587595015869584,0,0,,a0.9-b0.9;a1-b1,2,a1-b1,0.8115692138671874,-0.002029418945312611,accepted_lag1,-0.21005056920067341,0.00377777211285182,-0.21759984437418942,-0.2025012940271574,a0.95-b0.95,0.95,-0.2109998597355414,0.0009492905348679748,0.00325895178579054,-0.21751235521520698,-0.2044873642558758,0,Exploratory point-mean frontier/matching only; retain all points; no continuum dominance or post-selection p-value
landscape,a0.85-b0.6,64,4,periodic,0.85,0.6,fair,event,sampled-actual,64,0,0.8113098144531252,0.03353819410782091,0,0,,,1,a0.9-b0.9,0.8104248046875002,0.000885009765625,accepted_lag1,-0.19339763329357926,0.00461845278400696,-0.2026268747355781,-0.1841683918515804,a0.9-b0.9,0.9,-0.18640295659587452,0.0069946766977047325,0.004202092610686231,-0.19480016862323563,-0.17800574456851342,0,Exploratory point-mean frontier/matching only; retain all points; no continuum dominance or post-selection p-value
landscape,a0.85-b0.65,64,4,periodic,0.85,0.65,fair,event,sampled-actual,64,0,0.8108367919921874,0.03768402794490213,0,0,,a0.65-b0.65;a1-b1,4,a1-b1,0.8115692138671874,-0.000732421875,accepted_lag1,-0.18823410881447675,0.004112375012732744,-0.19645203452846982,-0.18001618310048367,a0.9-b0.9,0.9,-0.18640295659587452,0.0018311522186022222,0.004202092610686231,-0.19480016862323563,-0.17800574456851342,0,Exploratory point-mean frontier/matching only; retain all points; no continuum dominance or post-selection p-value
landscape,a0.85-b0.7,64,4,periodic,0.85,0.7,fair,event,sampled-actual,64,0,0.8112335205078125,0.02612433564442653,0,0,,,0,,,,accepted_lag1,-0.1850209880953334,0.004337228786735539,-0.19368824822205505,-0.17635372796861176,a0.9-b0.9,0.9,-0.18640295659587452,0.0013819685005411197,0.004202092610686231,-0.19480016862323563,-0.17800574456851342,0,Exploratory point-mean frontier/matching only; retain all points; no continuum dominance or post-selection p-value
landscape,a0.85-b0.75,64,4,periodic,0.85,0.75,fair,event,sampled-actual,64,0,0.8104095458984375,0.03168064776208812,0,0,,,0,,,,accepted_lag1,-0.1814072167025292,0.004083453892956335,-0.189567348170338,-0.17324708523472043,a0.9-b0.9,0.9,-0.18640295659587452,0.004995739893345313,0.004202092610686231,-0.19480016862323563,-0.17800574456851342,0,Exploratory point-mean frontier/matching only; retain all points; no continuum dominance or post-selection p-value
landscape,a0.85-b0.8,64,4,periodic,0.85,0.8,fair,event,sampled-actual,64,0,0.81036376953125,0.034944935667668146,0,0,,a0.9-b0.9;a1-b1,2,a1-b1,0.8115692138671874,-0.001205444335937389,accepted_lag1,-0.17894346369748543,0.003858349945087423,-0.18665376081998628,-0.17123316657498458,a0.9-b0.9,0.9,-0.18640295659587452,0.007459492898389097,0.004202092610686231,-0.19480016862323563,-0.17800574456851342,0,Exploratory point-mean frontier/matching only; retain all points; no continuum dominance or post-selection p-value
landscape,a0.85-b0.85,64,4,periodic,0.85,0.85,fair,event,sampled-actual,64,1,0.8115081787109374,0.04002952566683291,0,0,0,a1-b1,6,a1-b1,0.8115692138671874,-0.00006103515625,accepted_lag1,-0.16936587434866643,0.004060541686719467,-0.17748021942583347,-0.16125152927149938,a0.85-b0.85,0.85,-0.16936587434866643,0,0.004060541686719467,-0.17748021942583347,-0.16125152927149938,0,Exploratory point-mean frontier/matching only; retain all points; no continuum dominance or post-selection p-value
landscape,a0.85-b0.9,64,4,periodic,0.85,0.9,fair,event,sampled-actual,64,0,0.8110809326171875,0.03630100443993599,0,0,,a1-b1,3,a1-b1,0.8115692138671874,-0.000488281249999889,accepted_lag1,-0.17416403936870245,0.0036625269092168317,-0.1814830153794636,-0.1668450633579413,a0.85-b0.85,0.85,-0.16936587434866643,0.0047981650200360215,0.004060541686719467,-0.17748021942583347,-0.16125152927149938,0,Exploratory point-mean frontier/matching only; retain all points; no continuum dominance or post-selection p-value
landscape,a0.85-b0.95,64,4,periodic,0.85,0.95,fair,event,sampled-actual,64,0,0.8103332519531251,0.03724128610333539,0,0,,a0.65-b0.65;a0.9-b0.9;a0.95-b0.95;a1-b1,4,a1-b1,0.8115692138671874,-0.001235961914062278,accepted_lag1,-0.15753660322157936,0.0036108603982136084,-0.16475233194871217,-0.15032087449444656,a0.8-b0.8,0.8,-0.14696615240990096,0.0105704508116784,0.0035577674607787297,-0.15407578336763614,-0.1398565214521658,0,Exploratory point-mean frontier/matching only; retain all points; no continuum dominance or post-selection p-value
landscape,a0.85-b0,64,4,periodic,0.85,0,fair,event,sampled-actual,64,0,0.8006134033203124,0.012451120458493713,0.96875,0,,,0,,,,accepted_lag1,-0.7040173263017291,0.003129638049691355,-0.7102714088998429,-0.6977632437036153,a1-b1,1,-0.22664266688959325,0.47737465941213586,0.004648134517633147,-0.23593122254326962,-0.21735411123591689,1,Exploratory point-mean frontier/matching only; retain all points; no continuum dominance or post-selection p-value
landscape,a0.85-b1,64,4,periodic,0.85,1,fair,event,sampled-actual,64,0,0.8102874755859376,0.03870774168546566,0,0,,a0.65-b0.65;a0.7-b0.7;a0.9-b0.9;a0.95-b0.95;a1-b1,5,a1-b1,0.8115692138671874,-0.001281738281249778,accepted_lag1,-0.1566554437054638,0.0041503296996672975,-0.16494921580913688,-0.14836167160179073,a0.8-b0.8,0.8,-0.14696615240990096,0.00968929129556284,0.0035577674607787297,-0.15407578336763614,-0.1398565214521658,0,Exploratory point-mean frontier/matching only; retain all points; no continuum dominance or post-selection p-value
landscape,a0.9-b0.05,64,4,periodic,0.9,0.05,fair,event,sampled-actual,64,0,0.810089111328125,0.025941221881471823,0,0,,,0,,,,accepted_lag1,-0.5100291151769302,0.0038785824471990952,-0.5177798437286774,-0.502278386625183,a1-b1,1,-0.22664266688959325,0.28338644828733695,0.004648134517633147,-0.23593122254326962,-0.21735411123591689,1,Exploratory point-mean frontier/matching only; retain all points; no continuum dominance or post-selection p-value
landscape,a0.9-b0.1,64,4,periodic,0.9,0.1,fair,event,sampled-actual,64,0,0.8109130859374999,0.02550719103939314,0,0,,,0,,,,accepted_lag1,-0.4316570867215827,0.00389425665788675,-0.4394391376840191,-0.4238750357591463,a1-b1,1,-0.22664266688959325,0.20501441983198945,0.004648134517633147,-0.23593122254326962,-0.21735411123591689,1,Exploratory point-mean frontier/matching only; retain all points; no continuum dominance or post-selection p-value
landscape,a0.9-b0.15,64,4,periodic,0.9,0.15,fair,event,sampled-actual,64,0,0.8086853027343749,0.023611899184407162,0,0,,,0,,,,accepted_lag1,-0.3852177691679919,0.004795181941289084,-0.3948001756500331,-0.37563536268595066,a1-b1,1,-0.22664266688959325,0.15857510227839863,0.004648134517633147,-0.23593122254326962,-0.21735411123591689,1,Exploratory point-mean frontier/matching only; retain all points; no continuum dominance or post-selection p-value
landscape,a0.9-b0.2,64,4,periodic,0.9,0.2,fair,event,sampled-actual,64,0,0.8106536865234376,0.02747317071312107,0,0,,,0,,,,accepted_lag1,-0.3463997361388783,0.003634438315616936,-0.3536625815742664,-0.33913689070349023,a1-b1,1,-0.22664266688959325,0.11975706924928506,0.004648134517633147,-0.23593122254326962,-0.21735411123591689,1,Exploratory point-mean frontier/matching only; retain all points; no continuum dominance or post-selection p-value
landscape,a0.9-b0.25,64,4,periodic,0.9,0.25,fair,event,sampled-actual,64,0,0.8112945556640626,0.03267235385696171,0,0,,,1,a0.9-b0.9,0.8104248046875002,0.000869750976562389,accepted_lag1,-0.32002434975327865,0.003522772325208801,-0.32706404851281345,-0.31298465099374384,a1-b1,1,-0.22664266688959325,0.0933816828636854,0.004648134517633147,-0.23593122254326962,-0.21735411123591689,1,Exploratory point-mean frontier/matching only; retain all points; no continuum dominance or post-selection p-value
landscape,a0.9-b0.3,64,4,periodic,0.9,0.3,fair,event,sampled-actual,64,0,0.8103942871093749,0.029061209482227228,0,0,,,0,,,,accepted_lag1,-0.30485888239319103,0.00382710700797248,-0.3125067454877877,-0.2972110192985944,a1-b1,1,-0.22664266688959325,0.07821621550359778,0.004648134517633147,-0.23593122254326962,-0.21735411123591689,1,Exploratory point-mean frontier/matching only; retain all points; no continuum dominance or post-selection p-value
landscape,a0.9-b0.35,64,4,periodic,0.9,0.35,fair,event,sampled-actual,64,0,0.8103027343750001,0.03388238589553356,0,0,,a0.9-b0.9,1,a0.9-b0.9,0.8104248046875002,-0.00012207031250011102,accepted_lag1,-0.29013656619410827,0.004435049516610227,-0.2989993054512375,-0.28127382693697905,a1-b1,1,-0.22664266688959325,0.06349389930451502,0.004648134517633147,-0.23593122254326962,-0.21735411123591689,1,Exploratory point-mean frontier/matching only; retain all points; no continuum dominance or post-selection p-value
landscape,a0.9-b0.4,64,4,periodic,0.9,0.4,fair,event,sampled-actual,64,0,0.8104095458984376,0.028816020597040273,0,0,,,0,,,,accepted_lag1,-0.26699958269240737,0.004431319413596183,-0.2758548679334558,-0.2581442974513589,a1-b1,1,-0.22664266688959325,0.040356915802814114,0.004648134517633147,-0.23593122254326962,-0.21735411123591689,1,Exploratory point-mean frontier/matching only; retain all points; no continuum dominance or post-selection p-value
landscape,a0.9-b0.45,64,4,periodic,0.9,0.45,fair,event,sampled-actual,64,0,0.8110504150390626,0.03843790727884487,0,0,,a0.65-b0.65;a1-b1,4,a1-b1,0.8115692138671874,-0.000518798828124778,accepted_lag1,-0.254119071404007,0.004224216646248755,-0.2625604947885969,-0.24567764801941716,a1-b1,1,-0.22664266688959325,0.02747640451441377,0.004648134517633147,-0.23593122254326962,-0.21735411123591689,1,Exploratory point-mean frontier/matching only; retain all points; no continuum dominance or post-selection p-value
landscape,a0.9-b0.5,64,4,periodic,0.9,0.5,fair,event,sampled-actual,64,0,0.8106842041015626,0.029019242568158528,0,0,,,0,,,,accepted_lag1,-0.24731862456853063,0.004884419124460891,-0.2570793573316045,-0.2375578918054568,a1-b1,1,-0.22664266688959325,0.020675957678937373,0.004648134517633147,-0.23593122254326962,-0.21735411123591689,1,Exploratory point-mean frontier/matching only; retain all points; no continuum dominance or post-selection p-value
landscape,a0.9-b0.55,64,4,periodic,0.9,0.55,fair,event,sampled-actual,64,0,0.8115844726562503,0.03173422082892096,0,0,,,0,,,,accepted_lag1,-0.2391732646757725,0.004098403611287365,-0.2473632707718214,-0.23098325857972357,a1-b1,1,-0.22664266688959325,0.012530597786179237,0.004648134517633147,-0.23593122254326962,-0.21735411123591689,1,Exploratory point-mean frontier/matching only; retain all points; no continuum dominance or post-selection p-value
landscape,a0.9-b0.6,64,4,periodic,0.9,0.6,fair,event,sampled-actual,64,0,0.8100280761718751,0.03191811103739712,0,0,,,0,,,,accepted_lag1,-0.2272193213156137,0.0038254055712496236,-0.2348637843602265,-0.2195748582710009,a1-b1,1,-0.22664266688959325,0.0005766544260204509,0.004648134517633147,-0.23593122254326962,-0.21735411123591689,1,Exploratory point-mean frontier/matching only; retain all points; no continuum dominance or post-selection p-value
landscape,a0.9-b0.65,64,4,periodic,0.9,0.65,fair,event,sampled-actual,64,0,0.8106231689453127,0.03384442240104806,0,0,,,1,a0.9-b0.9,0.8104248046875002,0.0001983642578125,accepted_lag1,-0.22368344392444264,0.004069543956620343,-0.2318157786025273,-0.21555110924635798,a1-b1,1,-0.22664266688959325,0.0029592229651506097,0.004648134517633147,-0.23593122254326962,-0.21735411123591689,0,Exploratory point-mean frontier/matching only; retain all points; no continuum dominance or post-selection p-value
landscape,a0.9-b0.7,64,4,periodic,0.9,0.7,fair,event,sampled-actual,64,0,0.8099822998046876,0.03450362290714836,0,0,,a0.9-b0.9,1,a0.9-b0.9,0.8104248046875002,-0.000442504882812611,accepted_lag1,-0.218142201074695,0.003941459885471302,-0.22601858016055143,-0.21026582198883859,a0.95-b0.95,0.95,-0.2109998597355414,0.007142341339153618,0.00325895178579054,-0.21751235521520698,-0.2044873642558758,0,Exploratory point-mean frontier/matching only; retain all points; no continuum dominance or post-selection p-value
landscape,a0.9-b0.75,64,4,periodic,0.9,0.75,fair,event,sampled-actual,64,0,0.8116455078125001,0.03861184603764871,0,0,,,4,a1-b1,0.8115692138671874,0.00007629394531272204,accepted_lag1,-0.20457358936029826,0.003822637987800455,-0.2122125218306998,-0.19693465688989673,a0.95-b0.95,0.95,-0.2109998597355414,0.006426270375243126,0.00325895178579054,-0.21751235521520698,-0.2044873642558758,0,Exploratory point-mean frontier/matching only; retain all points; no continuum dominance or post-selection p-value
landscape,a0.9-b0.8,64,4,periodic,0.9,0.8,fair,event,sampled-actual,64,0,0.8105316162109374,0.03588761149693618,0,0,,a1-b1,2,a1-b1,0.8115692138671874,-0.00103759765625,accepted_lag1,-0.20021602919311,0.004442696065104673,-0.20909404885810598,-0.191338009528114,a0.95-b0.95,0.95,-0.2109998597355414,0.0107838305424314,0.00325895178579054,-0.21751235521520698,-0.2044873642558758,0,Exploratory point-mean frontier/matching only; retain all points; no continuum dominance or post-selection p-value
landscape,a0.9-b0.85,64,4,periodic,0.9,0.85,fair,event,sampled-actual,64,0,0.8116760253906251,0.038766707478082855,0,0,,,5,a1-b1,0.8115692138671874,0.00010681152343772204,accepted_lag1,-0.19279547698213906,0.0038829012009407027,-0.2005548358745813,-0.1850361180896968,a0.9-b0.9,0.9,-0.18640295659587452,0.006392520386264533,0.004202092610686231,-0.19480016862323563,-0.17800574456851342,0,Exploratory point-mean frontier/matching only; retain all points; no continuum dominance or post-selection p-value
landscape,a0.9-b0.9,64,4,periodic,0.9,0.9,fair,event,sampled-actual,64,1,0.8104248046875002,0.03263374405040273,0,0,1,,1,a0.9-b0.9,0.8104248046875002,0,accepted_lag1,-0.18640295659587452,0.004202092610686231,-0.19480016862323563,-0.17800574456851342,a0.9-b0.9,0.9,-0.18640295659587452,0,0.004202092610686231,-0.19480016862323563,-0.17800574456851342,0,Exploratory point-mean frontier/matching only; retain all points; no continuum dominance or post-selection p-value
landscape,a0.9-b0.95,64,4,periodic,0.9,0.95,fair,event,sampled-actual,64,0,0.81207275390625,0.03725855353926341,0,0,,,4,a1-b1,0.8115692138671874,0.000503540039062611,accepted_lag1,-0.17432272741789137,0.003187973618239416,-0.1806933843477057,-0.16795207048807703,a0.85-b0.85,0.85,-0.16936587434866643,0.004956853069224942,0.004060541686719467,-0.17748021942583347,-0.16125152927149938,0,Exploratory point-mean frontier/matching only; retain all points; no continuum dominance or post-selection p-value
landscape,a0.9-b0,64,4,periodic,0.9,0,fair,event,sampled-actual,64,0,0.8004302978515626,0.008443932562385384,1,0,,,0,,,,accepted_lag1,-0.8012400607309483,0.002546625830162554,-0.8063290863739927,-0.796151035087904,a1-b1,1,-0.22664266688959325,0.5745973938413551,0.004648134517633147,-0.23593122254326962,-0.21735411123591689,1,Exploratory point-mean frontier/matching only; retain all points; no continuum dominance or post-selection p-value
landscape,a0.9-b1,64,4,periodic,0.9,1,fair,event,sampled-actual,64,0,0.8099212646484375,0.040449915788048706,0,0,,a0.65-b0.65;a0.7-b0.7;a0.8-b0.8;a0.85-b0.85;a0.9-b0.9;a0.95-b0.95;a1-b1,8,a1-b1,0.8115692138671874,-0.001647949218749889,accepted_lag1,-0.180021683308978,0.00440229723608415,-0.18881897235607192,-0.17122439426188407,a0.9-b0.9,0.9,-0.18640295659587452,0.006381273286896527,0.004202092610686231,-0.19480016862323563,-0.17800574456851342,0,Exploratory point-mean frontier/matching only; retain all points; no continuum dominance or post-selection p-value
landscape,a0.95-b0.05,64,4,periodic,0.95,0.05,fair,event,sampled-actual,64,0,0.8113555908203126,0.02400743955862204,0,0,,,0,,,,accepted_lag1,-0.5724335054254328,0.003510483715859415,-0.5794486473586935,-0.5654183634921721,a1-b1,1,-0.22664266688959325,0.3457908385358396,0.004648134517633147,-0.23593122254326962,-0.21735411123591689,1,Exploratory point-mean frontier/matching only; retain all points; no continuum dominance or post-selection p-value
landscape,a0.95-b0.1,64,4,periodic,0.95,0.1,fair,event,sampled-actual,64,0,0.8096771240234376,0.025172961146933546,0,0,,,0,,,,accepted_lag1,-0.48573166566304077,0.004105281935453922,-0.4939354169931363,-0.4775279143329452,a1-b1,1,-0.22664266688959325,0.2590889987734475,0.004648134517633147,-0.23593122254326962,-0.21735411123591689,1,Exploratory point-mean frontier/matching only; retain all points; no continuum dominance or post-selection p-value
landscape,a0.95-b0.15,64,4,periodic,0.95,0.15,fair,event,sampled-actual,64,0,0.8094482421874998,0.021904358029875844,0,0,,,0,,,,accepted_lag1,-0.43384439476884473,0.004159265127324939,-0.4421560228998708,-0.42553276663781864,a1-b1,1,-0.22664266688959325,0.20720172787925148,0.004648134517633147,-0.23593122254326962,-0.21735411123591689,1,Exploratory point-mean frontier/matching only; retain all points; no continuum dominance or post-selection p-value
landscape,a0.95-b0.2,64,4,periodic,0.95,0.2,fair,event,sampled-actual,64,0,0.8101806640625001,0.026285050037963345,0,0,,,0,,,,accepted_lag1,-0.39195892668719146,0.0041493919363080195,-0.40025082482032437,-0.38366702855405854,a1-b1,1,-0.22664266688959325,0.1653162597975982,0.004648134517633147,-0.23593122254326962,-0.21735411123591689,1,Exploratory point-mean frontier/matching only; retain all points; no continuum dominance or post-selection p-value
landscape,a0.95-b0.25,64,4,periodic,0.95,0.25,fair,event,sampled-actual,64,0,0.8093719482421876,0.025061792975093502,0,0,,,0,,,,accepted_lag1,-0.3591749765813401,0.0033173404536349154,-0.3658041525031829,-0.35254580065949737,a1-b1,1,-0.22664266688959325,0.13253230969174687,0.004648134517633147,-0.23593122254326962,-0.21735411123591689,1,Exploratory point-mean frontier/matching only; retain all points; no continuum dominance or post-selection p-value
landscape,a0.95-b0.3,64,4,periodic,0.95,0.3,fair,event,sampled-actual,64,0,0.8107452392578128,0.025710655807858755,0,0,,,0,,,,accepted_lag1,-0.3440742269564172,0.0037666793722607827,-0.35160133505668245,-0.33654711885615196,a1-b1,1,-0.22664266688959325,0.11743156006682395,0.004648134517633147,-0.23593122254326962,-0.21735411123591689,1,Exploratory point-mean frontier/matching only; retain all points; no continuum dominance or post-selection p-value
landscape,a0.95-b0.35,64,4,periodic,0.95,0.35,fair,event,sampled-actual,64,0,0.8108062744140626,0.027815449072045483,0,0,,,0,,,,accepted_lag1,-0.32179421321272933,0.004465748241258832,-0.3307182989759275,-0.31287012744953113,a1-b1,1,-0.22664266688959325,0.09515154632313608,0.004648134517633147,-0.23593122254326962,-0.21735411123591689,1,Exploratory point-mean frontier/matching only; retain all points; no continuum dominance or post-selection p-value
landscape,a0.95-b0.4,64,4,periodic,0.95,0.4,fair,event,sampled-actual,64,0,0.8095092773437501,0.029273552254524694,0,0,,,0,,,,accepted_lag1,-0.3032832843509584,0.004400638524388879,-0.3120772587272233,-0.2944893099746935,a1-b1,1,-0.22664266688959325,0.07664061746136516,0.004648134517633147,-0.23593122254326962,-0.21735411123591689,1,Exploratory point-mean frontier/matching only; retain all points; no continuum dominance or post-selection p-value
landscape,a0.95-b0.45,64,4,periodic,0.95,0.45,fair,event,sampled-actual,64,0,0.8100738525390624,0.031151496678232273,0,0,,,0,,,,accepted_lag1,-0.2877697248093951,0.004505656953359954,-0.29677356176998476,-0.27876588784880546,a1-b1,1,-0.22664266688959325,0.06112705791980186,0.004648134517633147,-0.23593122254326962,-0.21735411123591689,1,Exploratory point-mean frontier/matching only; retain all points; no continuum dominance or post-selection p-value
landscape,a0.95-b0.5,64,4,periodic,0.95,0.5,fair,event,sampled-actual,64,0,0.8101959228515625,0.03187777600472136,0,0,,,0,,,,accepted_lag1,-0.2757569545092901,0.004152097883949125,-0.28405426004730017,-0.26745964897128005,a1-b1,1,-0.22664266688959325,0.049114287619696856,0.004648134517633147,-0.23593122254326962,-0.21735411123591689,1,Exploratory point-mean frontier/matching only; retain all points; no continuum dominance or post-selection p-value
landscape,a0.95-b0.55,64,4,periodic,0.95,0.55,fair,event,sampled-actual,64,0,0.8094940185546874,0.027429956143359528,0,0,,,0,,,,accepted_lag1,-0.2671015567422421,0.004567143886326876,-0.2762282655338148,-0.25797484795066944,a1-b1,1,-0.22664266688959325,0.040458889852648866,0.004648134517633147,-0.23593122254326962,-0.21735411123591689,1,Exploratory point-mean frontier/matching only; retain all points; no continuum dominance or post-selection p-value
landscape,a0.95-b0.6,64,4,periodic,0.95,0.6,fair,event,sampled-actual,64,0,0.8109436035156249,0.030710550052142953,0,0,,,0,,,,accepted_lag1,-0.2531441679882173,0.003928628961548295,-0.2609949065186004,-0.24529342945783422,a1-b1,1,-0.22664266688959325,0.026501501098624064,0.004648134517633147,-0.23593122254326962,-0.21735411123591689,1,Exploratory point-mean frontier/matching only; retain all points; no continuum dominance or post-selection p-value
landscape,a0.95-b0.65,64,4,periodic,0.95,0.65,fair,event,sampled-actual,64,0,0.8098754882812501,0.03073356445542179,0,0,,,0,,,,accepted_lag1,-0.25178155118901413,0.004097735047834554,-0.25997022126761005,-0.2435928811104182,a1-b1,1,-0.22664266688959325,0.025138884299420877,0.004648134517633147,-0.23593122254326962,-0.21735411123591689,1,Exploratory point-mean frontier/matching only; retain all points; no continuum dominance or post-selection p-value
landscape,a0.95-b0.7,64,4,periodic,0.95,0.7,fair,event,sampled-actual,64,0,0.8106536865234376,0.031015891285344203,0,0,,,0,,,,accepted_lag1,-0.24563726552346574,0.0037982822585612766,-0.25322752695268597,-0.2380470040942455,a1-b1,1,-0.22664266688959325,0.018994598633872484,0.004648134517633147,-0.23593122254326962,-0.21735411123591689,1,Exploratory point-mean frontier/matching only; retain all points; no continuum dominance or post-selection p-value
landscape,a0.95-b0.75,64,4,periodic,0.95,0.75,fair,event,sampled-actual,64,0,0.8095703124999998,0.034723096385573735,0,0,,a0.9-b0.9,1,a0.9-b0.9,0.8104248046875002,-0.0008544921875004441,accepted_lag1,-0.23133351985292674,0.0040458059292647125,-0.2394184178685472,-0.2232486218373063,a1-b1,1,-0.22664266688959325,0.004690852963333492,0.004648134517633147,-0.23593122254326962,-0.21735411123591689,1,Exploratory point-mean frontier/matching only; retain all points; no continuum dominance or post-selection p-value
landscape,a0.95-b0.8,64,4,periodic,0.95,0.8,fair,event,sampled-actual,64,0,0.8099975585937501,0.0378095955541992,0,0,,a0.65-b0.65;a0.9-b0.9;a0.95-b0.95;a1-b1,4,a1-b1,0.8115692138671874,-0.001571655273437278,accepted_lag1,-0.22790045588236216,0.0035938653402651727,-0.23508222269617413,-0.2207186890685502,a1-b1,1,-0.22664266688959325,0.0012577889927689045,0.004648134517633147,-0.23593122254326962,-0.21735411123591689,1,Exploratory point-mean frontier/matching only; retain all points; no continuum dominance or post-selection p-value
landscape,a0.95-b0.85,64,4,periodic,0.95,0.85,fair,event,sampled-actual,64,0,0.8103790283203126,0.042640241231917,0,0,,a0.65-b0.65;a0.7-b0.7;a0.8-b0.8;a0.85-b0.85;a0.9-b0.9;a0.95-b0.95;a1-b1,8,a1-b1,0.8115692138671874,-0.001190185546874778,accepted_lag1,-0.21939164677634287,0.003527278008086088,-0.22644034942464308,-0.21234294412804267,a1-b1,1,-0.22664266688959325,0.007251020113250378,0.004648134517633147,-0.23593122254326962,-0.21735411123591689,0,Exploratory point-mean frontier/matching only; retain all points; no continuum dominance or post-selection p-value
landscape,a0.95-b0.9,64,4,periodic,0.95,0.9,fair,event,sampled-actual,64,0,0.8106079101562499,0.03670710465101315,0,0,,a0.95-b0.95;a1-b1,3,a1-b1,0.8115692138671874,-0.0009613037109375,accepted_lag1,-0.21541502658725778,0.003822719941541281,-0.22305412282914222,-0.20777593034537334,a0.95-b0.95,0.95,-0.2109998597355414,0.00441516685171639,0.00325895178579054,-0.21751235521520698,-0.2044873642558758,0,Exploratory point-mean frontier/matching only; retain all points; no continuum dominance or post-selection p-value
landscape,a0.95-b0.95,64,4,periodic,0.95,0.95,fair,event,sampled-actual,64,1,0.8106842041015624,0.03629237602347825,0,0,0,a1-b1,3,a1-b1,0.8115692138671874,-0.000885009765625,accepted_lag1,-0.2109998597355414,0.00325895178579054,-0.21751235521520698,-0.2044873642558758,a0.95-b0.95,0.95,-0.2109998597355414,0,0.00325895178579054,-0.21751235521520698,-0.2044873642558758,0,Exploratory point-mean frontier/matching only; retain all points; no continuum dominance or post-selection p-value
landscape,a0.95-b0,64,4,periodic,0.95,0,fair,event,sampled-actual,64,0,0.8004760742187504,0.006056936833823581,0.96875,0,,,0,,,,accepted_lag1,-0.8988902297752667,0.001706603476364053,-0.9023006046920918,-0.8954798548584415,a1-b1,1,-0.22664266688959325,0.6722475628856734,0.004648134517633147,-0.23593122254326962,-0.21735411123591689,1,Exploratory point-mean frontier/matching only; retain all points; no continuum dominance or post-selection p-value
landscape,a0.95-b1,64,4,periodic,0.95,1,fair,event,sampled-actual,64,0,0.8111572265624999,0.0293669064607994,0,0,,,0,,,,accepted_lag1,-0.20453292467636333,0.0038908092973053,-0.21230808663838513,-0.19675776271434153,a0.95-b0.95,0.95,-0.2109998597355414,0.006466935059178058,0.00325895178579054,-0.21751235521520698,-0.2044873642558758,0,Exploratory point-mean frontier/matching only; retain all points; no continuum dominance or post-selection p-value
landscape,a1-b0.05,64,4,periodic,1,0.05,fair,event,sampled-actual,64,0,0.813079833984375,0.020841536527409173,0,1,,,0,,,,accepted_lag1,-0.6381369605889999,0.003210244769924195,-0.6445521228641546,-0.6317217983138452,a1-b1,1,-0.22664266688959325,0.4114942936994067,0.004648134517633147,-0.23593122254326962,-0.21735411123591689,1,Exploratory point-mean frontier/matching only; retain all points; no continuum dominance or post-selection p-value
landscape,a1-b0.1,64,4,periodic,1,0.1,fair,event,sampled-actual,64,0,0.8099212646484376,0.018478041372594484,0,1,,,0,,,,accepted_lag1,-0.5436250311267414,0.0034143448987638326,-0.55044805496409,-0.5368020072893929,a1-b1,1,-0.22664266688959325,0.3169823642371482,0.004648134517633147,-0.23593122254326962,-0.21735411123591689,1,Exploratory point-mean frontier/matching only; retain all points; no continuum dominance or post-selection p-value
landscape,a1-b0.15,64,4,periodic,1,0.15,fair,event,sampled-actual,64,0,0.8104095458984375,0.02525942978954832,0,0,,,0,,,,accepted_lag1,-0.47991572114559483,0.003528381082258117,-0.4869666281117344,-0.47286481417945525,a1-b1,1,-0.22664266688959325,0.25327305425600155,0.004648134517633147,-0.23593122254326962,-0.21735411123591689,1,Exploratory point-mean frontier/matching only; retain all points; no continuum dominance or post-selection p-value
landscape,a1-b0.2,64,4,periodic,1,0.2,fair,event,sampled-actual,64,0,0.8092651367187501,0.021773057957420194,0,0,,,0,,,,accepted_lag1,-0.4412251487161048,0.0035550063263783496,-0.44832926198702433,-0.43412103544518527,a1-b1,1,-0.22664266688959325,0.21458248182651155,0.004648134517633147,-0.23593122254326962,-0.21735411123591689,1,Exploratory point-mean frontier/matching only; retain all points; no continuum dominance or post-selection p-value
landscape,a1-b0.25,64,4,periodic,1,0.25,fair,event,sampled-actual,64,0,0.8092041015624998,0.022724993536246848,0,0,,,0,,,,accepted_lag1,-0.4060612230677896,0.003830858828414972,-0.4137165835772847,-0.39840586255829447,a1-b1,1,-0.22664266688959325,0.17941855617819633,0.004648134517633147,-0.23593122254326962,-0.21735411123591689,1,Exploratory point-mean frontier/matching only; retain all points; no continuum dominance or post-selection p-value
landscape,a1-b0.3,64,4,periodic,1,0.3,fair,event,sampled-actual,64,0,0.810546875,0.022840402545398115,0,0,,,0,,,,accepted_lag1,-0.3796276960218385,0.003558494417402645,-0.3867387796864679,-0.37251661235720906,a1-b1,1,-0.22664266688959325,0.15298502913224524,0.004648134517633147,-0.23593122254326962,-0.21735411123591689,1,Exploratory point-mean frontier/matching only; retain all points; no continuum dominance or post-selection p-value
landscape,a1-b0.35,64,4,periodic,1,0.35,fair,event,sampled-actual,64,0,0.8112640380859371,0.028646797866815336,0,0,,,0,,,,accepted_lag1,-0.3595683150333189,0.0035278709322585154,-0.3666182025460315,-0.35251842752060625,a1-b1,1,-0.22664266688959325,0.13292564814372562,0.004648134517633147,-0.23593122254326962,-0.21735411123591689,1,Exploratory point-mean frontier/matching only; retain all points; no continuum dominance or post-selection p-value
landscape,a1-b0.4,64,4,periodic,1,0.4,fair,event,sampled-actual,64,0,0.8115386962890626,0.03345538640621805,0,0,,,1,a0.9-b0.9,0.8104248046875002,0.001113891601562389,accepted_lag1,-0.3404589155811083,0.0034313855905466636,-0.34731599252371914,-0.33360183863849746,a1-b1,1,-0.22664266688959325,0.11381624869151505,0.004648134517633147,-0.23593122254326962,-0.21735411123591689,1,Exploratory point-mean frontier/matching only; retain all points; no continuum dominance or post-selection p-value
landscape,a1-b0.45,64,4,periodic,1,0.45,fair,event,sampled-actual,64,0,0.8090362548828126,0.03222851341988426,0,0,,,0,,,,accepted_lag1,-0.3187474977240117,0.0040279605554551234,-0.326796734605652,-0.31069826084237134,a1-b1,1,-0.22664266688959325,0.09210483083441842,0.004648134517633147,-0.23593122254326962,-0.21735411123591689,1,Exploratory point-mean frontier/matching only; retain all points; no continuum dominance or post-selection p-value
landscape,a1-b0.5,64,4,periodic,1,0.5,fair,event,sampled-actual,64,0,0.808563232421875,0.03093177374664311,0,0,,,0,,,,accepted_lag1,-0.3053751131557807,0.003936772309472254,-0.3132421248684721,-0.2975081014430893,a1-b1,1,-0.22664266688959325,0.07873244626618744,0.004648134517633147,-0.23593122254326962,-0.21735411123591689,1,Exploratory point-mean frontier/matching only; retain all points; no continuum dominance or post-selection p-value
landscape,a1-b0.55,64,4,periodic,1,0.55,fair,event,sampled-actual,64,0,0.8113555908203124,0.036184461512212815,0,0,,a1-b1,2,a1-b1,0.8115692138671874,-0.000213623046875,accepted_lag1,-0.29627018792349286,0.003539692155579983,-0.30334369826603097,-0.28919667758095474,a1-b1,1,-0.22664266688959325,0.0696275210338996,0.004648134517633147,-0.23593122254326962,-0.21735411123591689,1,Exploratory point-mean frontier/matching only; retain all points; no continuum dominance or post-selection p-value
landscape,a1-b0.6,64,4,periodic,1,0.6,fair,event,sampled-actual,64,0,0.8106231689453129,0.030844216760627426,0,0,,,0,,,,accepted_lag1,-0.28487985781521613,0.004105890071011552,-0.29308482440725186,-0.2766748912231804,a1-b1,1,-0.22664266688959325,0.05823719092562288,0.004648134517633147,-0.23593122254326962,-0.21735411123591689,1,Exploratory point-mean frontier/matching only; retain all points; no continuum dominance or post-selection p-value
landscape,a1-b0.65,64,4,periodic,1,0.65,fair,event,sampled-actual,64,0,0.809051513671875,0.026286096871175287,0,0,,,0,,,,accepted_lag1,-0.2791806318636373,0.0037213582307543077,-0.28661717288939687,-0.2717440908378777,a1-b1,1,-0.22664266688959325,0.05253796497404403,0.004648134517633147,-0.23593122254326962,-0.21735411123591689,1,Exploratory point-mean frontier/matching only; retain all points; no continuum dominance or post-selection p-value
landscape,a1-b0.7,64,4,periodic,1,0.7,fair,event,sampled-actual,64,0,0.8100585937499999,0.034518659864960624,0,0,,a0.9-b0.9,1,a0.9-b0.9,0.8104248046875002,-0.00036621093750033307,accepted_lag1,-0.26468674544127424,0.004349808781826916,-0.2733791446822117,-0.2559943462003368,a1-b1,1,-0.22664266688959325,0.03804407855168099,0.004648134517633147,-0.23593122254326962,-0.21735411123591689,1,Exploratory point-mean frontier/matching only; retain all points; no continuum dominance or post-selection p-value
landscape,a1-b0.75,64,4,periodic,1,0.75,fair,event,sampled-actual,64,0,0.8097991943359373,0.030483483914578998,0,0,,,0,,,,accepted_lag1,-0.2610037664659308,0.0036695955269233946,-0.2683368679820346,-0.25367066494982704,a1-b1,1,-0.22664266688959325,0.03436109957633757,0.004648134517633147,-0.23593122254326962,-0.21735411123591689,1,Exploratory point-mean frontier/matching only; retain all points; no continuum dominance or post-selection p-value
landscape,a1-b0.8,64,4,periodic,1,0.8,fair,event,sampled-actual,64,0,0.810394287109375,0.040705645363017365,0,0,,a0.65-b0.65;a0.7-b0.7;a0.8-b0.8;a0.85-b0.85;a0.9-b0.9;a0.95-b0.95;a1-b1,8,a1-b1,0.8115692138671874,-0.001174926757812389,accepted_lag1,-0.24906256381543693,0.003840941495414612,-0.25673807292717415,-0.2413870547036997,a1-b1,1,-0.22664266688959325,0.022419896925843674,0.004648134517633147,-0.23593122254326962,-0.21735411123591689,1,Exploratory point-mean frontier/matching only; retain all points; no continuum dominance or post-selection p-value
landscape,a1-b0.85,64,4,periodic,1,0.85,fair,event,sampled-actual,64,0,0.8111572265625001,0.03497316478326543,0,0,,a1-b1,2,a1-b1,0.8115692138671874,-0.00041198730468727796,accepted_lag1,-0.24294169993546666,0.004184817992576415,-0.25130439139310234,-0.23457900847783097,a1-b1,1,-0.22664266688959325,0.016299033045873407,0.004648134517633147,-0.23593122254326962,-0.21735411123591689,1,Exploratory point-mean frontier/matching only; retain all points; no continuum dominance or post-selection p-value
landscape,a1-b0.9,64,4,periodic,1,0.9,fair,event,sampled-actual,64,0,0.8113250732421874,0.03626897521529829,0,0,,a1-b1,2,a1-b1,0.8115692138671874,-0.000244140625,accepted_lag1,-0.23879966027600358,0.0037255199665884777,-0.24624451786720783,-0.23135480268479933,a1-b1,1,-0.22664266688959325,0.012156993386410325,0.004648134517633147,-0.23593122254326962,-0.21735411123591689,1,Exploratory point-mean frontier/matching only; retain all points; no continuum dominance or post-selection p-value
landscape,a1-b0.95,64,4,periodic,1,0.95,fair,event,sampled-actual,64,0,0.8107604980468751,0.03058548366715693,0,0,,,0,,,,accepted_lag1,-0.23052608617273587,0.004264737204921806,-0.23904848343252766,-0.22200368891294409,a1-b1,1,-0.22664266688959325,0.0038834192831426195,0.004648134517633147,-0.23593122254326962,-0.21735411123591689,1,Exploratory point-mean frontier/matching only; retain all points; no continuum dominance or post-selection p-value
landscape,a1-b0,64,4,periodic,1,0,fair,event,sampled-actual,64,0,0.801605224609375,0.0005703925268939781,0.953125,1,,,0,,,,accepted_lag1,-1,0,-1,-1,a1-b1,1,-0.22664266688959325,0.7733573331104068,0.004648134517633147,-0.23593122254326962,-0.21735411123591689,1,Exploratory point-mean frontier/matching only; retain all points; no continuum dominance or post-selection p-value
landscape,a1-b1,64,4,periodic,1,1,fair,event,sampled-actual,64,1,0.8115692138671874,0.03489658004430848,0,0,1,,2,a1-b1,0.8115692138671874,0,accepted_lag1,-0.22664266688959325,0.004648134517633147,-0.23593122254326962,-0.21735411123591689,a1-b1,1,-0.22664266688959325,0,0.004648134517633147,-0.23593122254326962,-0.21735411123591689,0,Exploratory point-mean frontier/matching only; retain all points; no continuum dominance or post-selection p-value
landscape,a0-b0.05,64,8,periodic,0,0.05,fair,event,sampled-actual,64,0,0.7573852539062501,0.7052327801414686,0,1,,,20,a0.8-b0.8,0.749725341796875,0.007659912109375111,accepted_lag1,0.7680153179318077,0.016396788879302567,0.7352489499471442,0.8007816859164711,a0.05-b0.05,0.05,0.5490520717557983,0.21896324617600937,0.01013416711557571,0.528800554744063,0.5693035887675336,0,Exploratory point-mean frontier/matching only; retain all points; no continuum dominance or post-selection p-value
landscape,a0-b0.1,64,8,periodic,0,0.1,fair,event,sampled-actual,64,0,0.7552795410156252,0.6369852210775792,0,1,,,20,a0.8-b0.8,0.749725341796875,0.005554199218750222,accepted_lag1,0.6760968940711436,0.018255260573081727,0.6396166667536741,0.7125771213886131,a0.05-b0.05,0.05,0.5490520717557983,0.1270448223153453,0.01013416711557571,0.528800554744063,0.5693035887675336,0,Exploratory point-mean frontier/matching only; retain all points; no continuum dominance or post-selection p-value
landscape,a0-b0.15,64,8,periodic,0,0.15,fair,event,sampled-actual,64,0,0.7527160644531249,0.5929699930847174,0,0,,,20,a0.8-b0.8,0.749725341796875,0.002990722656249889,accepted_lag1,0.6039106670130752,0.02043768792212869,0.5630692066428991,0.6447521273832513,a0.05-b0.05,0.05,0.5490520717557983,0.054858595257276876,0.01013416711557571,0.528800554744063,0.5693035887675336,0,Exploratory point-mean frontier/matching only; retain all points; no continuum dominance or post-selection p-value
landscape,a0-b0.2,64,8,periodic,0,0.2,fair,event,sampled-actual,64,0,0.7523498535156251,0.5899180924981215,0,0,,,20,a0.8-b0.8,0.749725341796875,0.002624511718750111,accepted_lag1,0.5838648483374126,0.019165932666672516,0.5455647880543784,0.6221649086204468,a0.05-b0.05,0.05,0.5490520717557983,0.0348127765816143,0.01013416711557571,0.528800554744063,0.5693035887675336,0,Exploratory point-mean frontier/matching only; retain all points; no continuum dominance or post-selection p-value
landscape,a0-b0.25,64,8,periodic,0,0.25,fair,event,sampled-actual,64,0,0.7500915527343751,0.6285630334148655,0,0,,,20,a0.8-b0.8,0.749725341796875,0.000366210937500111,accepted_lag1,0.5893653301501764,0.020066577105507476,0.5492654755706226,0.6294651847297303,a0.05-b0.05,0.05,0.5490520717557983,0.04031325839437816,0.01013416711557571,0.528800554744063,0.5693035887675336,0,Exploratory point-mean frontier/matching only; retain all points; no continuum dominance or post-selection p-value
landscape,a0-b0.3,64,8,periodic,0,0.3,fair,event,sampled-actual,64,0,0.7528076171874999,0.5904351781030711,0,0,,,20,a0.8-b0.8,0.749725341796875,0.003082275390624889,accepted_lag1,0.5477738707634517,0.021371437515045978,0.5050664607251868,0.5904812808017167,a0.05-b0.05,0.05,0.5490520717557983,0.0012782009923465454,0.01013416711557571,0.528800554744063,0.5693035887675336,0,Exploratory point-mean frontier/matching only; retain all points; no continuum dominance or post-selection p-value
landscape,a0-b0.35,64,8,periodic,0,0.35,fair,event,sampled-actual,64,0,0.7534484863281251,0.5602416657883007,0,1,,,20,a0.8-b0.8,0.749725341796875,0.003723144531250111,accepted_lag1,0.5171792343915004,0.021633502881575464,0.473948128506509,0.5604103402764917,a0.05-b0.05,0.05,0.5490520717557983,0.03187283736429791,0.01013416711557571,0.528800554744063,0.5693035887675336,0,Exploratory point-mean frontier/matching only; retain all points; no continuum dominance or post-selection p-value
landscape,a0-b0.4,64,8,periodic,0,0.4,fair,event,sampled-actual,64,0,0.75164794921875,0.5553246695693663,0,0,,,20,a0.8-b0.8,0.749725341796875,0.001922607421875,accepted_lag1,0.49714495465757624,0.019834379648582715,0.45750910967006525,0.5367807996450872,a0.05-b0.05,0.05,0.5490520717557983,0.051907117098222044,0.01013416711557571,0.528800554744063,0.5693035887675336,0,Exploratory point-mean frontier/matching only; retain all points; no continuum dominance or post-selection p-value
landscape,a0-b0.45,64,8,periodic,0,0.45,fair,event,sampled-actual,64,0,0.7519531249999999,0.5565023917912021,0,0,,,20,a0.8-b0.8,0.749725341796875,0.002227783203124889,accepted_lag1,0.4996646843482402,0.021084754313037447,0.45753016497540855,0.5417992037210718,a0.05-b0.05,0.05,0.5490520717557983,0.0493873874075581,0.01013416711557571,0.528800554744063,0.5693035887675336,0,Exploratory point-mean frontier/matching only; retain all points; no continuum dominance or post-selection p-value
landscape,a0-b0.5,64,8,periodic,0,0.5,fair,event,sampled-actual,64,0,0.7534790039062501,0.564584415117355,0,1,,,20,a0.8-b0.8,0.749725341796875,0.003753662109375111,accepted_lag1,0.4989451290997897,0.02269349624087027,0.4535957955101168,0.5442944626894627,a0.05-b0.05,0.05,0.5490520717557983,0.05010694265600857,0.01013416711557571,0.528800554744063,0.5693035887675336,0,Exploratory point-mean frontier/matching only; retain all points; no continuum dominance or post-selection p-value
landscape,a0-b0.55,64,8,periodic,0,0.55,fair,event,sampled-actual,64,0,0.7529602050781249,0.5485205004325963,0,1,,,20,a0.8-b0.8,0.749725341796875,0.003234863281249889,accepted_lag1,0.4690611864494176,0.023001595056832594,0.4230961665047045,0.5150262063941307,a0.1-b0.1,0.1,0.4014336243548882,0.06762756209452936,0.00938031753598292,0.38268855552101533,0.4201786931887611,0,Exploratory point-mean frontier/matching only; retain all points; no continuum dominance or post-selection p-value
landscape,a0-b0.6,64,8,periodic,0,0.6,fair,event,sampled-actual,64,0,0.7528076171875001,0.5499001654263713,0,0,,,20,a0.8-b0.8,0.749725341796875,0.003082275390625111,accepted_lag1,0.46464509481463995,0.022057783400247666,0.4205661319677842,0.5087240576614958,a0.1-b0.1,0.1,0.4014336243548882,0.06321147045975173,0.00938031753598292,0.38268855552101533,0.4201786931887611,0,Exploratory point-mean frontier/matching only; retain all points; no continuum dominance or post-selection p-value
landscape,a0-b0.65,64,8,periodic,0,0.65,fair,event,sampled-actual,64,0,0.7500610351562502,0.5149340282978473,0,0,,,20,a0.8-b0.8,0.749725341796875,0.00033569335937522204,accepted_lag1,0.4384176364648237,0.02292052101220969,0.3926146300704267,0.4842206428592207,a0.1-b0.1,0.1,0.4014336243548882,0.03698401210993546,0.00938031753598292,0.38268855552101533,0.4201786931887611,0,Exploratory point-mean frontier/matching only; retain all points; no continuum dominance or post-selection p-value
landscape,a0-b0.7,64,8,periodic,0,0.7,fair,event,sampled-actual,64,0,0.7525024414062497,0.5133191045742188,0,0,,,20,a0.8-b0.8,0.749725341796875,0.002777099609374667,accepted_lag1,0.43107817217009914,0.023685493761972612,0.38374648971592734,0.47840985462427094,a0.1-b0.1,0.1,0.4014336243548882,0.02964454781521092,0.00938031753598292,0.38268855552101533,0.4201786931887611,0,Exploratory point-mean frontier/matching only; retain all points; no continuum dominance or post-selection p-value
landscape,a0-b0.75,64,8,periodic,0,0.75,fair,event,sampled-actual,64,0,0.7516174316406251,0.5165058318459503,0,0,,,20,a0.8-b0.8,0.749725341796875,0.001892089843750111,accepted_lag1,0.4337419804462842,0.021897829598473216,0.38998265976644464,0.47750130112612377,a0.1-b0.1,0.1,0.4014336243548882,0.032308356091395984,0.00938031753598292,0.38268855552101533,0.4201786931887611,0,Exploratory point-mean frontier/matching only; retain all points; no continuum dominance or post-selection p-value
landscape,a0-b0.8,64,8,periodic,0,0.8,fair,event,sampled-actual,64,0,0.7485656738281251,0.5051429471149976,0,0,,a0.2-b0.2;a0.3-b0.3;a0.4-b0.4;a0.6-b0.6;a0.8-b0.8,20,a0.8-b0.8,0.749725341796875,-0.001159667968749889,accepted_lag1,0.4229177539428477,0.022959867134623783,0.37703612059683966,0.46879938728885573,a0.1-b0.1,0.1,0.4014336243548882,0.021484129587959477,0.00938031753598292,0.38268855552101533,0.4201786931887611,0,Exploratory point-mean frontier/matching only; retain all points; no continuum dominance or post-selection p-value
landscape,a0-b0.85,64,8,periodic,0,0.85,fair,event,sampled-actual,64,0,0.7492370605468749,0.506590874360076,0,0,,a0.3-b0.3;a0.8-b0.8,20,a0.8-b0.8,0.749725341796875,-0.000488281250000111,accepted_lag1,0.4142003794292794,0.02207912207175722,0.3700787746500226,0.4583219842085362,a0.1-b0.1,0.1,0.4014336243548882,0.012766755074391178,0.00938031753598292,0.38268855552101533,0.4201786931887611,0,Exploratory point-mean frontier/matching only; retain all points; no continuum dominance or post-selection p-value
landscape,a0-b0.9,64,8,periodic,0,0.9,fair,event,sampled-actual,64,0,0.7503967285156249,0.4899284064012554,0,0,,,20,a0.8-b0.8,0.749725341796875,0.000671386718749889,accepted_lag1,0.4062410959259079,0.019437946169975226,0.3673974600311108,0.445084731820705,a0.1-b0.1,0.1,0.4014336243548882,0.004807471571019684,0.00938031753598292,0.38268855552101533,0.4201786931887611,0,Exploratory point-mean frontier/matching only; retain all points; no continuum dominance or post-selection p-value
landscape,a0-b0.95,64,8,periodic,0,0.95,fair,event,sampled-actual,64,0,0.75079345703125,0.5046052711608853,0,0,,,20,a0.8-b0.8,0.749725341796875,0.001068115234375,accepted_lag1,0.4115096213262652,0.022801871193967975,0.36594371767402334,0.457075524978507,a0.1-b0.1,0.1,0.4014336243548882,0.010075996971376955,0.00938031753598292,0.38268855552101533,0.4201786931887611,0,Exploratory point-mean frontier/matching only; retain all points; no continuum dominance or post-selection p-value
landscape,a0-b0,64,8,periodic,0,0,fair,event,sampled-actual,64,1,0.7742309570312501,1,0.03125,1,1,,21,a0-b0,0.7742309570312501,0,accepted_lag1,1,0,1,1,a0-b0,0,1,0,0,1,1,0,Exploratory point-mean frontier/matching only; retain all points; no continuum dominance or post-selection p-value
landscape,a0-b1,64,8,periodic,0,1,fair,event,sampled-actual,64,0,0.7498168945312501,0.5054333060865202,0,0,,,20,a0.8-b0.8,0.749725341796875,0.00009155273437511102,accepted_lag1,0.39886786011403286,0.021453525594687436,0.35599641013816274,0.44173931008990297,a0.1-b0.1,0.1,0.4014336243548882,0.0025657642408553616,0.00938031753598292,0.38268855552101533,0.4201786931887611,0,Exploratory point-mean frontier/matching only; retain all points; no continuum dominance or post-selection p-value
landscape,a0.05-b0.05,64,8,periodic,0.05,0.05,fair,event,sampled-actual,64,1,0.746978759765625,0.3058887211026424,0,0,0,a0.1-b0.1;a0.2-b0.2;a0.25-b0.25;a0.3-b0.3;a0.35-b0.35;a0.4-b0.4;a0.5-b0.5;a0.55-b0.55;a0.6-b0.6;a0.7-b0.7;a0.75-b0.75;a0.8-b0.8;a0.95-b0.95;a1-b1,20,a0.8-b0.8,0.749725341796875,-0.00274658203125,accepted_lag1,0.5490520717557983,0.01013416711557571,0.528800554744063,0.5693035887675336,a0.05-b0.05,0.05,0.5490520717557983,0,0.01013416711557571,0.528800554744063,0.5693035887675336,0,Exploratory point-mean frontier/matching only; retain all points; no continuum dominance or post-selection p-value
landscape,a0.05-b0.1,64,8,periodic,0.05,0.1,fair,event,sampled-actual,64,0,0.7487792968749999,0.3298726894054446,0,0,,a0.2-b0.2;a0.3-b0.3;a0.4-b0.4;a0.8-b0.8,20,a0.8-b0.8,0.749725341796875,-0.000946044921875111,accepted_lag1,0.4798480278028624,0.011417439427035334,0.457032095704043,0.5026639599016818,a0.05-b0.05,0.05,0.5490520717557983,0.06920404395293589,0.01013416711557571,0.528800554744063,0.5693035887675336,0,Exploratory point-mean frontier/matching only; retain all points; no continuum dominance or post-selection p-value
landscape,a0.05-b0.15,64,8,periodic,0.05,0.15,fair,event,sampled-actual,64,0,0.748687744140625,0.30963992318472283,0,0,,a0.2-b0.2;a0.3-b0.3;a0.4-b0.4;a0.8-b0.8,20,a0.8-b0.8,0.749725341796875,-0.00103759765625,accepted_lag1,0.4292836280883475,0.01282991668246689,0.4036450854246108,0.45492217075208424,a0.1-b0.1,0.1,0.4014336243548882,0.027850003733459305,0.00938031753598292,0.38268855552101533,0.4201786931887611,0,Exploratory point-mean frontier/matching only; retain all points; no continuum dominance or post-selection p-value
landscape,a0.05-b0.2,64,8,periodic,0.05,0.2,fair,event,sampled-actual,64,0,0.7470703124999999,0.3147040892796111,0,0,,a0.1-b0.1;a0.2-b0.2;a0.25-b0.25;a0.3-b0.3;a0.35-b0.35;a0.4-b0.4;a0.5-b0.5;a0.55-b0.55;a0.6-b0.6;a0.75-b0.75;a0.8-b0.8;a0.95-b0.95;a1-b1,20,a0.8-b0.8,0.749725341796875,-0.002655029296875111,accepted_lag1,0.3999700857435631,0.013877237837965597,0.3722386387537536,0.4277015327333725,a0.1-b0.1,0.1,0.4014336243548882,0.0014635386113251436,0.00938031753598292,0.38268855552101533,0.4201786931887611,0,Exploratory point-mean frontier/matching only; retain all points; no continuum dominance or post-selection p-value
landscape,a0.05-b0.25,64,8,periodic,0.05,0.25,fair,event,sampled-actual,64,0,0.750701904296875,0.3537890749679691,0,0,,,20,a0.8-b0.8,0.749725341796875,0.0009765625,accepted_lag1,0.3905594276762722,0.013772015794865176,0.3630382501611572,0.41808060519138723,a0.1-b0.1,0.1,0.4014336243548882,0.010874196678616,0.00938031753598292,0.38268855552101533,0.4201786931887611,0,Exploratory point-mean frontier/matching only; retain all points; no continuum dominance or post-selection p-value
landscape,a0.05-b0.3,64,8,periodic,0.05,0.3,fair,event,sampled-actual,64,0,0.74884033203125,0.35699769740298776,0,0,,a0.2-b0.2;a0.3-b0.3;a0.4-b0.4;a0.8-b0.8,20,a0.8-b0.8,0.749725341796875,-0.000885009765625,accepted_lag1,0.3779042998229754,0.01515477858749242,0.3476198913586642,0.4081887082872866,a0.1-b0.1,0.1,0.4014336243548882,0.02352932453191281,0.00938031753598292,0.38268855552101533,0.4201786931887611,0,Exploratory point-mean frontier/matching only; retain all points; no continuum dominance or post-selection p-value
landscape,a0.05-b0.35,64,8,periodic,0.05,0.35,fair,event,sampled-actual,64,0,0.7475280761718749,0.3476525567462079,0,0,,a0.1-b0.1;a0.2-b0.2;a0.25-b0.25;a0.3-b0.3;a0.35-b0.35;a0.4-b0.4;a0.55-b0.55;a0.6-b0.6;a0.75-b0.75;a0.8-b0.8;a0.95-b0.95;a1-b1,20,a0.8-b0.8,0.749725341796875,-0.002197265625000111,accepted_lag1,0.36376077886669883,0.016741109301653928,0.3303063414224328,0.39721521631096485,a0.1-b0.1,0.1,0.4014336243548882,0.03767284548818939,0.00938031753598292,0.38268855552101533,0.4201786931887611,0,Exploratory point-mean frontier/matching only; retain all points; no continuum dominance or post-selection p-value
landscape,a0.05-b0.4,64,8,periodic,0.05,0.4,fair,event,sampled-actual,64,0,0.747711181640625,0.36981901940144085,0,0,,a0.1-b0.1;a0.2-b0.2;a0.25-b0.25;a0.3-b0.3;a0.35-b0.35;a0.4-b0.4;a0.55-b0.55;a0.6-b0.6;a0.8-b0.8;a0.95-b0.95;a1-b1,20,a0.8-b0.8,0.749725341796875,-0.00201416015625,accepted_lag1,0.3569643362137242,0.01662631189416716,0.32373930308301524,0.39018936934443316,a0.1-b0.1,0.1,0.4014336243548882,0.04446928814116402,0.00938031753598292,0.38268855552101533,0.4201786931887611,0,Exploratory point-mean frontier/matching only; retain all points; no continuum dominance or post-selection p-value
landscape,a0.05-b0.45,64,8,periodic,0.05,0.45,fair,event,sampled-actual,64,0,0.74859619140625,0.34965597834881246,0,0,,a0.2-b0.2;a0.3-b0.3;a0.4-b0.4;a0.6-b0.6;a0.8-b0.8,20,a0.8-b0.8,0.749725341796875,-0.001129150390625,accepted_lag1,0.3487844831386408,0.017898125432310712,0.31301793345213286,0.38455103282514874,a0.15-b0.15,0.15,0.29873156715330224,0.050052915985338564,0.0070129658460741815,0.28471727317977896,0.3127458611268255,0,Exploratory point-mean frontier/matching only; retain all points; no continuum dominance or post-selection p-value
landscape,a0.05-b0.5,64,8,periodic,0.05,0.5,fair,event,sampled-actual,64,0,0.7494812011718749,0.333484922564499,0,0,,a0.8-b0.8,20,a0.8-b0.8,0.749725341796875,-0.000244140625000111,accepted_lag1,0.33353266613341254,0.018024517967391414,0.29751354111978084,0.36955179114704423,a0.15-b0.15,0.15,0.29873156715330224,0.0348010989801103,0.0070129658460741815,0.28471727317977896,0.3127458611268255,0,Exploratory point-mean frontier/matching only; retain all points; no continuum dominance or post-selection p-value
landscape,a0.05-b0.55,64,8,periodic,0.05,0.55,fair,event,sampled-actual,64,0,0.7471923828125,0.3463856743793328,0,0,,a0.1-b0.1;a0.2-b0.2;a0.25-b0.25;a0.3-b0.3;a0.35-b0.35;a0.4-b0.4;a0.5-b0.5;a0.55-b0.55;a0.6-b0.6;a0.75-b0.75;a0.8-b0.8;a0.95-b0.95;a1-b1,20,a0.8-b0.8,0.749725341796875,-0.002532958984375,accepted_lag1,0.32819094428475204,0.016984892944235178,0.2942493441039125,0.36213254446559157,a0.15-b0.15,0.15,0.29873156715330224,0.029459377131449804,0.0070129658460741815,0.28471727317977896,0.3127458611268255,0,Exploratory point-mean frontier/matching only; retain all points; no continuum dominance or post-selection p-value
landscape,a0.05-b0.6,64,8,periodic,0.05,0.6,fair,event,sampled-actual,64,0,0.749908447265625,0.3552923801307425,0,0,,,20,a0.8-b0.8,0.749725341796875,0.00018310546875,accepted_lag1,0.3172877802247843,0.016923611787786064,0.28346864066336963,0.351106919786199,a0.15-b0.15,0.15,0.29873156715330224,0.018556213071482086,0.0070129658460741815,0.28471727317977896,0.3127458611268255,0,Exploratory point-mean frontier/matching only; retain all points; no continuum dominance or post-selection p-value
landscape,a0.05-b0.65,64,8,periodic,0.05,0.65,fair,event,sampled-actual,64,0,0.7490234374999999,0.36553547557586424,0,0,,a0.3-b0.3;a0.8-b0.8,20,a0.8-b0.8,0.749725341796875,-0.000701904296875111,accepted_lag1,0.32319405594988815,0.0173789276819808,0.28846504017745,0.3579230717223263,a0.15-b0.15,0.15,0.29873156715330224,0.024462488796585913,0.0070129658460741815,0.28471727317977896,0.3127458611268255,0,Exploratory point-mean frontier/matching only; retain all points; no continuum dominance or post-selection p-value
landscape,a0.05-b0.7,64,8,periodic,0.05,0.7,fair,event,sampled-actual,64,0,0.7489013671875,0.3486922339448226,0,0,,a0.2-b0.2;a0.3-b0.3;a0.8-b0.8,20,a0.8-b0.8,0.749725341796875,-0.000823974609375,accepted_lag1,0.30371744974780585,0.017602093383369058,0.2685424729065835,0.3388924265890282,a0.15-b0.15,0.15,0.29873156715330224,0.00498588259450361,0.0070129658460741815,0.28471727317977896,0.3127458611268255,0,Exploratory point-mean frontier/matching only; retain all points; no continuum dominance or post-selection p-value
landscape,a0.05-b0.75,64,8,periodic,0.05,0.75,fair,event,sampled-actual,64,0,0.7501831054687501,0.35969595877734445,0,0,,,20,a0.8-b0.8,0.749725341796875,0.000457763671875111,accepted_lag1,0.3094089485149009,0.017550851977033367,0.27433636945341494,0.3444815275763869,a0.15-b0.15,0.15,0.29873156715330224,0.010677381361598681,0.0070129658460741815,0.28471727317977896,0.3127458611268255,0,Exploratory point-mean frontier/matching only; retain all points; no continuum dominance or post-selection p-value
landscape,a0.05-b0.8,64,8,periodic,0.05,0.8,fair,event,sampled-actual,64,0,0.7513427734375,0.3367439657990826,0,0,,,20,a0.8-b0.8,0.749725341796875,0.001617431640625,accepted_lag1,0.2930456075214499,0.017552882824364128,0.25796897013540726,0.3281222449074926,a0.15-b0.15,0.15,0.29873156715330224,0.005685959631852311,0.0070129658460741815,0.28471727317977896,0.3127458611268255,0,Exploratory point-mean frontier/matching only; retain all points; no continuum dominance or post-selection p-value
landscape,a0.05-b0.85,64,8,periodic,0.05,0.85,fair,event,sampled-actual,64,0,0.7486572265625002,0.3507122240991071,0,0,,a0.2-b0.2;a0.3-b0.3;a0.4-b0.4;a0.8-b0.8,20,a0.8-b0.8,0.749725341796875,-0.001068115234374778,accepted_lag1,0.2987104665468295,0.017758350613907528,0.2632232345467601,0.33419769854689885,a0.15-b0.15,0.15,0.29873156715330224,0.000021100606472757022,0.0070129658460741815,0.28471727317977896,0.3127458611268255,0,Exploratory point-mean frontier/matching only; retain all points; no continuum dominance or post-selection p-value
landscape,a0.05-b0.9,64,8,periodic,0.05,0.9,fair,event,sampled-actual,64,0,0.7507019042968749,0.3509536867472041,0,0,,,20,a0.8-b0.8,0.749725341796875,0.000976562499999889,accepted_lag1,0.28158742798160696,0.014838612625931334,0.25193482677644835,0.3112400291867656,a0.15-b0.15,0.15,0.29873156715330224,0.017144139171695272,0.0070129658460741815,0.28471727317977896,0.3127458611268255,0,Exploratory point-mean frontier/matching only; retain all points; no continuum dominance or post-selection p-value
landscape,a0.05-b0.95,64,8,periodic,0.05,0.95,fair,event,sampled-actual,64,0,0.7475891113281252,0.35521070807067406,0,0,,a0.1-b0.1;a0.2-b0.2;a0.25-b0.25;a0.3-b0.3;a0.35-b0.35;a0.4-b0.4;a0.55-b0.55;a0.6-b0.6;a0.8-b0.8;a0.95-b0.95;a1-b1,20,a0.8-b0.8,0.749725341796875,-0.002136230468749778,accepted_lag1,0.2801264385656117,0.01697609221170934,0.24620242524538244,0.31405045188584096,a0.15-b0.15,0.15,0.29873156715330224,0.018605128587690534,0.0070129658460741815,0.28471727317977896,0.3127458611268255,0,Exploratory point-mean frontier/matching only; retain all points; no continuum dominance or post-selection p-value
landscape,a0.05-b0,64,8,periodic,0.05,0,fair,event,sampled-actual,64,0,0.6627502441406253,0.15997075242649034,0.984375,0,,a0.25-b0.25;a0.3-b0.3;a0.35-b0.35;a0.4-b0.4;a0.45-b0.45;a0.5-b0.5;a0.55-b0.55;a0.6-b0.6;a0.65-b0.65;a0.7-b0.7;a0.75-b0.75;a0.8-b0.8;a0.85-b0.85;a0.9-b0.9;a0.95-b0.95;a1-b1,16,a0.8-b0.8,0.749725341796875,-0.08697509765624967,accepted_lag1,0.9007175838881686,0.0029506695975555215,0.8948211412037901,0.9066140265725471,a0-b0,0,1,0.09928241611183142,0,1,1,0,Exploratory point-mean frontier/matching only; retain all points; no continuum dominance or post-selection p-value
landscape,a0.05-b1,64,8,periodic,0.05,1,fair,event,sampled-actual,64,0,0.7493286132812499,0.3626464181613047,0,0,,a0.3-b0.3;a0.8-b0.8,20,a0.8-b0.8,0.749725341796875,-0.000396728515625111,accepted_lag1,0.29133502011048545,0.017176895727785656,0.25700973298300017,0.32566030723797074,a0.15-b0.15,0.15,0.29873156715330224,0.007396547042816781,0.0070129658460741815,0.28471727317977896,0.3127458611268255,0,Exploratory point-mean frontier/matching only; retain all points; no continuum dominance or post-selection p-value
landscape,a0.1-b0.05,64,8,periodic,0.1,0.05,fair,event,sampled-actual,64,0,0.747650146484375,0.20687835740137284,0,0,,a0.2-b0.2;a0.25-b0.25;a0.3-b0.3;a0.35-b0.35;a0.4-b0.4;a0.55-b0.55;a0.6-b0.6;a0.8-b0.8;a0.95-b0.95;a1-b1,18,a0.8-b0.8,0.749725341796875,-0.0020751953125,accepted_lag1,0.4718195679059287,0.007849132495412263,0.45613432821672945,0.487504807595128,a0.1-b0.1,0.1,0.4014336243548882,0.0703859435510405,0.00938031753598292,0.38268855552101533,0.4201786931887611,0,Exploratory point-mean frontier/matching only; retain all points; no continuum dominance or post-selection p-value
landscape,a0.1-b0.1,64,8,periodic,0.1,0.1,fair,event,sampled-actual,64,1,0.74835205078125,0.2195792483137149,0,0,0,a0.2-b0.2;a0.3-b0.3;a0.4-b0.4;a0.6-b0.6;a0.8-b0.8;a1-b1,19,a0.8-b0.8,0.749725341796875,-0.001373291015625,accepted_lag1,0.4014336243548882,0.00938031753598292,0.38268855552101533,0.4201786931887611,a0.1-b0.1,0.1,0.4014336243548882,0,0.00938031753598292,0.38268855552101533,0.4201786931887611,0,Exploratory point-mean frontier/matching only; retain all points; no continuum dominance or post-selection p-value
landscape,a0.1-b0.15,64,8,periodic,0.1,0.15,fair,event,sampled-actual,64,0,0.7481384277343751,0.2505026385866448,0,0,,a0.1-b0.1;a0.2-b0.2;a0.3-b0.3;a0.4-b0.4;a0.6-b0.6;a0.8-b0.8;a1-b1,19,a0.8-b0.8,0.749725341796875,-0.001586914062499889,accepted_lag1,0.37166417186768014,0.010445838290026124,0.3507898297121055,0.3925385140232548,a0.1-b0.1,0.1,0.4014336243548882,0.02976945248720808,0.00938031753598292,0.38268855552101533,0.4201786931887611,0,Exploratory point-mean frontier/matching only; retain all points; no continuum dominance or post-selection p-value
landscape,a0.1-b0.2,64,8,periodic,0.1,0.2,fair,event,sampled-actual,64,0,0.7491455078125001,0.23104536980560736,0,0,,a0.3-b0.3;a0.8-b0.8,19,a0.8-b0.8,0.749725341796875,-0.000579833984374889,accepted_lag1,0.3204303986732324,0.009722350482115158,0.3010018315362257,0.33985896581023917,a0.15-b0.15,0.15,0.29873156715330224,0.021698831519930184,0.0070129658460741815,0.28471727317977896,0.3127458611268255,0,Exploratory point-mean frontier/matching only; retain all points; no continuum dominance or post-selection p-value
landscape,a0.1-b0.25,64,8,periodic,0.1,0.25,fair,event,sampled-actual,64,0,0.74896240234375,0.23920839311284803,0,0,,a0.2-b0.2;a0.3-b0.3;a0.8-b0.8,19,a0.8-b0.8,0.749725341796875,-0.000762939453125,accepted_lag1,0.31247199747330606,0.009632152544307637,0.2932236765322719,0.33172031841434024,a0.15-b0.15,0.15,0.29873156715330224,0.013740430320003827,0.0070129658460741815,0.28471727317977896,0.3127458611268255,0,Exploratory point-mean frontier/matching only; retain all points; no continuum dominance or post-selection p-value
landscape,a0.1-b0.3,64,8,periodic,0.1,0.3,fair,event,sampled-actual,64,0,0.7463989257812501,0.24147521132420188,0,0,,a0.1-b0.1;a0.15-b0.15;a0.2-b0.2;a0.25-b0.25;a0.3-b0.3;a0.35-b0.35;a0.4-b0.4;a0.5-b0.5;a0.55-b0.55;a0.6-b0.6;a0.7-b0.7;a0.75-b0.75;a0.8-b0.8;a0.95-b0.95;a1-b1,19,a0.8-b0.8,0.749725341796875,-0.003326416015624889,accepted_lag1,0.29931966605095595,0.010335326113230587,0.27866616485871404,0.31997316724319785,a0.15-b0.15,0.15,0.29873156715330224,0.0005880988976537105,0.0070129658460741815,0.28471727317977896,0.3127458611268255,0,Exploratory point-mean frontier/matching only; retain all points; no continuum dominance or post-selection p-value
landscape,a0.1-b0.35,64,8,periodic,0.1,0.35,fair,event,sampled-actual,64,0,0.7479248046875,0.2584358904852754,0,0,,a0.1-b0.1;a0.2-b0.2;a0.25-b0.25;a0.3-b0.3;a0.4-b0.4;a0.6-b0.6;a0.8-b0.8;a1-b1,19,a0.8-b0.8,0.749725341796875,-0.001800537109375,accepted_lag1,0.2927299799015082,0.010907542570464099,0.27093299536367893,0.3145269644393374,a0.15-b0.15,0.15,0.29873156715330224,0.0060015872517940605,0.0070129658460741815,0.28471727317977896,0.3127458611268255,0,Exploratory point-mean frontier/matching only; retain all points; no continuum dominance or post-selection p-value
landscape,a0.1-b0.4,64,8,periodic,0.1,0.4,fair,event,sampled-actual,64,0,0.7488403320312499,0.2721523442211037,0,0,,a0.2-b0.2;a0.3-b0.3;a0.4-b0.4;a0.8-b0.8,19,a0.8-b0.8,0.749725341796875,-0.000885009765625111,accepted_lag1,0.2838479209258658,0.011786309413316447,0.26029486097854176,0.30740098087318984,a0.15-b0.15,0.15,0.29873156715330224,0.014883646227436431,0.0070129658460741815,0.28471727317977896,0.3127458611268255,0,Exploratory point-mean frontier/matching only; retain all points; no continuum dominance or post-selection p-value
landscape,a0.1-b0.45,64,8,periodic,0.1,0.45,fair,event,sampled-actual,64,0,0.7439575195312499,0.2892746455596793,0,0,,a0.1-b0.1;a0.15-b0.15;a0.2-b0.2;a0.25-b0.25;a0.3-b0.3;a0.35-b0.35;a0.4-b0.4;a0.45-b0.45;a0.5-b0.5;a0.55-b0.55;a0.6-b0.6;a0.65-b0.65;a0.7-b0.7;a0.75-b0.75;a0.8-b0.8;a0.85-b0.85;a0.9-b0.9;a0.95-b0.95;a1-b1,19,a0.8-b0.8,0.749725341796875,-0.005767822265625111,accepted_lag1,0.2903421765842631,0.013347720537884852,0.26366888548317113,0.31701546768535505,a0.15-b0.15,0.15,0.29873156715330224,0.008389390569039146,0.0070129658460741815,0.28471727317977896,0.3127458611268255,0,Exploratory point-mean frontier/matching only; retain all points; no continuum dominance or post-selection p-value
landscape,a0.1-b0.5,64,8,periodic,0.1,0.5,fair,event,sampled-actual,64,0,0.749298095703125,0.33081269531528984,0,0,,a0.3-b0.3;a0.8-b0.8,20,a0.8-b0.8,0.749725341796875,-0.00042724609375,accepted_lag1,0.292106055475281,0.014109749189877027,0.26390997162435065,0.3203021393262114,a0.15-b0.15,0.15,0.29873156715330224,0.006625511678021223,0.0070129658460741815,0.28471727317977896,0.3127458611268255,0,Exploratory point-mean frontier/matching only; retain all points; no continuum dominance or post-selection p-value
landscape,a0.1-b0.55,64,8,periodic,0.1,0.55,fair,event,sampled-actual,64,0,0.7470092773437497,0.30062262220092545,0,0,,a0.1-b0.1;a0.2-b0.2;a0.25-b0.25;a0.3-b0.3;a0.35-b0.35;a0.4-b0.4;a0.5-b0.5;a0.55-b0.55;a0.6-b0.6;a0.7-b0.7;a0.75-b0.75;a0.8-b0.8;a0.95-b0.95;a1-b1,19,a0.8-b0.8,0.749725341796875,-0.002716064453125333,accepted_lag1,0.2793143974845068,0.012774101849970824,0.25378739186342103,0.3048414031055926,a0.15-b0.15,0.15,0.29873156715330224,0.01941716966879542,0.0070129658460741815,0.28471727317977896,0.3127458611268255,0,Exploratory point-mean frontier/matching only; retain all points; no continuum dominance or post-selection p-value
landscape,a0.1-b0.6,64,8,periodic,0.1,0.6,fair,event,sampled-actual,64,0,0.7481689453124999,0.2939871624257599,0,0,,a0.1-b0.1;a0.2-b0.2;a0.3-b0.3;a0.4-b0.4;a0.6-b0.6;a0.8-b0.8;a1-b1,19,a0.8-b0.8,0.749725341796875,-0.001556396484375111,accepted_lag1,0.2587732359833288,0.013679511732660788,0.2314369130860647,0.2861095588805929,a0.2-b0.2,0.2,0.24868365260045372,0.010089583382875078,0.007219641953597756,0.23425634938209572,0.2631109558188117,0,Exploratory point-mean frontier/matching only; retain all points; no continuum dominance or post-selection p-value
landscape,a0.1-b0.65,64,8,periodic,0.1,0.65,fair,event,sampled-actual,64,0,0.7492675781249998,0.2995550540309423,0,0,,a0.3-b0.3;a0.8-b0.8,19,a0.8-b0.8,0.749725341796875,-0.00045776367187522204,accepted_lag1,0.2512067524512106,0.012608884851477344,0.2260099066565279,0.2764035982458933,a0.2-b0.2,0.2,0.24868365260045372,0.0025230998507568825,0.007219641953597756,0.23425634938209572,0.2631109558188117,0,Exploratory point-mean frontier/matching only; retain all points; no continuum dominance or post-selection p-value
landscape,a0.1-b0.7,64,8,periodic,0.1,0.7,fair,event,sampled-actual,64,0,0.7491149902343751,0.2807564369577067,0,0,,a0.3-b0.3;a0.8-b0.8,19,a0.8-b0.8,0.749725341796875,-0.000610351562499889,accepted_lag1,0.24736552419533014,0.013697863238957008,0.21999252873901798,0.2747385196516423,a0.2-b0.2,0.2,0.24868365260045372,0.0013181284051235753,0.007219641953597756,0.23425634938209572,0.2631109558188117,0,Exploratory point-mean frontier/matching only; retain all points; no continuum dominance or post-selection p-value
landscape,a0.1-b0.75,64,8,periodic,0.1,0.75,fair,event,sampled-actual,64,0,0.7500915527343749,0.269728755376555,0,0,,,19,a0.8-b0.8,0.749725341796875,0.000366210937499889,accepted_lag1,0.23345530530289108,0.015664278986864753,0.20215274153408364,0.2647578690716985,a0.2-b0.2,0.2,0.24868365260045372,0.015228347297562644,0.007219641953597756,0.23425634938209572,0.2631109558188117,0,Exploratory point-mean frontier/matching only; retain all points; no continuum dominance or post-selection p-value
landscape,a0.1-b0.8,64,8,periodic,0.1,0.8,fair,event,sampled-actual,64,0,0.749908447265625,0.271666823791761,0,0,,,19,a0.8-b0.8,0.749725341796875,0.00018310546875,accepted_lag1,0.2429243374815171,0.013276962481035,0.21639244507413818,0.269456229888896,a0.2-b0.2,0.2,0.24868365260045372,0.005759315118936625,0.007219641953597756,0.23425634938209572,0.2631109558188117,0,Exploratory point-mean frontier/matching only; retain all points; no continuum dominance or post-selection p-value
landscape,a0.1-b0.85,64,8,periodic,0.1,0.85,fair,event,sampled-actual,64,0,0.7487792968749999,0.2886009242105752,0,0,,a0.2-b0.2;a0.3-b0.3;a0.4-b0.4;a0.8-b0.8,19,a0.8-b0.8,0.749725341796875,-0.000946044921875111,accepted_lag1,0.24636924339072522,0.013841643449732472,0.21870892611000825,0.2740295606714422,a0.2-b0.2,0.2,0.24868365260045372,0.002314409209728502,0.007219641953597756,0.23425634938209572,0.2631109558188117,0,Exploratory point-mean frontier/matching only; retain all points; no continuum dominance or post-selection p-value
landscape,a0.1-b0.9,64,8,periodic,0.1,0.9,fair,event,sampled-actual,64,0,0.747406005859375,0.2710188766782837,0,0,,a0.1-b0.1;a0.2-b0.2;a0.25-b0.25;a0.3-b0.3;a0.35-b0.35;a0.4-b0.4;a0.55-b0.55;a0.6-b0.6;a0.75-b0.75;a0.8-b0.8;a0.95-b0.95;a1-b1,19,a0.8-b0.8,0.749725341796875,-0.0023193359375,accepted_lag1,0.22384185562408726,0.012405661918707697,0.1990511184551281,0.24863259279304642,a0.2-b0.2,0.2,0.24868365260045372,0.02484179697636646,0.007219641953597756,0.23425634938209572,0.2631109558188117,0,Exploratory point-mean frontier/matching only; retain all points; no continuum dominance or post-selection p-value
landscape,a0.1-b0.95,64,8,periodic,0.1,0.95,fair,event,sampled-actual,64,0,0.7497863769531251,0.28905491141829504,0,0,,,19,a0.8-b0.8,0.749725341796875,0.00006103515625011102,accepted_lag1,0.2339644380408191,0.013969995440044226,0.20604762977414895,0.26188124630748927,a0.2-b0.2,0.2,0.24868365260045372,0.014719214559634625,0.007219641953597756,0.23425634938209572,0.2631109558188117,0,Exploratory point-mean frontier/matching only; retain all points; no continuum dominance or post-selection p-value
landscape,a0.1-b0,64,8,periodic,0.1,0,fair,event,sampled-actual,64,0,0.686614990234375,0.14106437109598005,0.96875,0,,a0.25-b0.25;a0.3-b0.3;a0.35-b0.35;a0.4-b0.4;a0.45-b0.45;a0.5-b0.5;a0.55-b0.55;a0.6-b0.6;a0.65-b0.65;a0.7-b0.7;a0.75-b0.75;a0.8-b0.8;a0.85-b0.85;a0.9-b0.9;a0.95-b0.95;a1-b1,16,a0.8-b0.8,0.749725341796875,-0.0631103515625,accepted_lag1,0.7991515611476558,0.00429300430857689,0.7905726765886104,0.8077304457067013,a0-b0,0,1,0.20084843885234416,0,1,1,0,Exploratory point-mean frontier/matching only; retain all points; no continuum dominance or post-selection p-value
landscape,a0.1-b1,64,8,periodic,0.1,1,fair,event,sampled-actual,64,0,0.7489929199218748,0.2999907334497396,0,0,,a0.3-b0.3;a0.8-b0.8,19,a0.8-b0.8,0.749725341796875,-0.000732421875000222,accepted_lag1,0.24129401854051352,0.016560012043003666,0.2082014750903477,0.27438656199067935,a0.2-b0.2,0.2,0.24868365260045372,0.007389634059940198,0.007219641953597756,0.23425634938209572,0.2631109558188117,0,Exploratory point-mean frontier/matching only; retain all points; no continuum dominance or post-selection p-value
landscape,a0.15-b0.05,64,8,periodic,0.15,0.05,fair,event,sampled-actual,64,0,0.7456054687500001,0.18052840318925648,0,0,,a0.15-b0.15;a0.2-b0.2;a0.25-b0.25;a0.3-b0.3;a0.35-b0.35;a0.4-b0.4;a0.45-b0.45;a0.5-b0.5;a0.55-b0.55;a0.6-b0.6;a0.65-b0.65;a0.7-b0.7;a0.75-b0.75;a0.8-b0.8;a0.85-b0.85;a0.95-b0.95;a1-b1,18,a0.8-b0.8,0.749725341796875,-0.004119873046874889,accepted_lag1,0.4043341647799408,0.0070073074324826234,0.3903311782437039,0.41833715131617766,a0.1-b0.1,0.1,0.4014336243548882,0.0029005404250525557,0.00938031753598292,0.38268855552101533,0.4201786931887611,0,Exploratory point-mean frontier/matching only; retain all points; no continuum dominance or post-selection p-value
landscape,a0.15-b0.1,64,8,periodic,0.15,0.1,fair,event,sampled-actual,64,0,0.7478637695312498,0.17906941882168792,0,0,,a0.2-b0.2;a0.25-b0.25;a0.3-b0.3;a0.35-b0.35;a0.4-b0.4;a0.55-b0.55;a0.6-b0.6;a0.8-b0.8;a0.95-b0.95;a1-b1,18,a0.8-b0.8,0.749725341796875,-0.001861572265625222,accepted_lag1,0.3359845406926244,0.0069264902242259525,0.32214305446018016,0.34982602692506864,a0.15-b0.15,0.15,0.29873156715330224,0.037252973539322165,0.0070129658460741815,0.28471727317977896,0.3127458611268255,0,Exploratory point-mean frontier/matching only; retain all points; no continuum dominance or post-selection p-value
landscape,a0.15-b0.15,64,8,periodic,0.15,0.15,fair,event,sampled-actual,64,1,0.7465209960937501,0.17490318785270137,0,0,0,a0.25-b0.25;a0.3-b0.3;a0.35-b0.35;a0.4-b0.4;a0.5-b0.5;a0.55-b0.55;a0.6-b0.6;a0.7-b0.7;a0.75-b0.75;a0.8-b0.8;a0.95-b0.95;a1-b1,17,a0.8-b0.8,0.749725341796875,-0.003204345703124889,accepted_lag1,0.29873156715330224,0.0070129658460741815,0.28471727317977896,0.3127458611268255,a0.15-b0.15,0.15,0.29873156715330224,0,0.0070129658460741815,0.28471727317977896,0.3127458611268255,0,Exploratory point-mean frontier/matching only; retain all points; no continuum dominance or post-selection p-value
landscape,a0.15-b0.2,64,8,periodic,0.15,0.2,fair,event,sampled-actual,64,0,0.74896240234375,0.1897955327315044,0,0,,a0.2-b0.2;a0.3-b0.3;a0.8-b0.8,18,a0.8-b0.8,0.749725341796875,-0.000762939453125,accepted_lag1,0.2778187205174832,0.008520239494819604,0.2607923805029988,0.2948450605319676,a0.15-b0.15,0.15,0.29873156715330224,0.02091284663581905,0.0070129658460741815,0.28471727317977896,0.3127458611268255,0,Exploratory point-mean frontier/matching only; retain all points; no continuum dominance or post-selection p-value
landscape,a0.15-b0.25,64,8,periodic,0.15,0.25,fair,event,sampled-actual,64,0,0.7474060058593749,0.20082672655982048,0,0,,a0.2-b0.2;a0.25-b0.25;a0.3-b0.3;a0.35-b0.35;a0.4-b0.4;a0.55-b0.55;a0.6-b0.6;a0.75-b0.75;a0.8-b0.8;a0.95-b0.95;a1-b1,18,a0.8-b0.8,0.749725341796875,-0.002319335937500111,accepted_lag1,0.25713841133877574,0.00958792609814366,0.23797846989816263,0.27629835277938886,a0.2-b0.2,0.2,0.24868365260045372,0.008454758738322021,0.007219641953597756,0.23425634938209572,0.2631109558188117,0,Exploratory point-mean frontier/matching only; retain all points; no continuum dominance or post-selection p-value
landscape,a0.15-b0.3,64,8,periodic,0.15,0.3,fair,event,sampled-actual,64,0,0.7461242675781248,0.17946752957798454,0,0,,a0.15-b0.15;a0.2-b0.2;a0.25-b0.25;a0.3-b0.3;a0.35-b0.35;a0.4-b0.4;a0.45-b0.45;a0.5-b0.5;a0.55-b0.55;a0.6-b0.6;a0.65-b0.65;a0.7-b0.7;a0.75-b0.75;a0.8-b0.8;a0.85-b0.85;a0.95-b0.95;a1-b1,18,a0.8-b0.8,0.749725341796875,-0.003601074218750222,accepted_lag1,0.24699358388742318,0.010220111512949881,0.22657032070201252,0.26741684707283386,a0.2-b0.2,0.2,0.24868365260045372,0.0016900687130305403,0.007219641953597756,0.23425634938209572,0.2631109558188117,0,Exploratory point-mean frontier/matching only; retain all points; no continuum dominance or post-selection p-value
landscape,a0.15-b0.35,64,8,periodic,0.15,0.35,fair,event,sampled-actual,64,0,0.7475891113281251,0.21612178008418922,0,0,,a0.2-b0.2;a0.25-b0.25;a0.3-b0.3;a0.35-b0.35;a0.4-b0.4;a0.55-b0.55;a0.6-b0.6;a0.8-b0.8;a0.95-b0.95;a1-b1,18,a0.8-b0.8,0.749725341796875,-0.002136230468749889,accepted_lag1,0.2484681689536957,0.011496691559454956,0.22549386410558092,0.27144247380181047,a0.2-b0.2,0.2,0.24868365260045372,0.00021548364675802456,0.007219641953597756,0.23425634938209572,0.2631109558188117,0,Exploratory point-mean frontier/matching only; retain all points; no continuum dominance or post-selection p-value
landscape,a0.15-b0.4,64,8,periodic,0.15,0.4,fair,event,sampled-actual,64,0,0.75079345703125,0.2256163033115937,0,0,,,19,a0.8-b0.8,0.749725341796875,0.001068115234375,accepted_lag1,0.2494531389044116,0.013499417764704466,0.22247670508477804,0.27642957272404517,a0.2-b0.2,0.2,0.24868365260045372,0.0007694863039578725,0.007219641953597756,0.23425634938209572,0.2631109558188117,0,Exploratory point-mean frontier/matching only; retain all points; no continuum dominance or post-selection p-value
landscape,a0.15-b0.45,64,8,periodic,0.15,0.45,fair,event,sampled-actual,64,0,0.7456054687499999,0.22234095831260384,0,0,,a0.1-b0.1;a0.15-b0.15;a0.2-b0.2;a0.25-b0.25;a0.3-b0.3;a0.35-b0.35;a0.4-b0.4;a0.45-b0.45;a0.5-b0.5;a0.55-b0.55;a0.6-b0.6;a0.65-b0.65;a0.7-b0.7;a0.75-b0.75;a0.8-b0.8;a0.85-b0.85;a0.95-b0.95;a1-b1,19,a0.8-b0.8,0.749725341796875,-0.004119873046875111,accepted_lag1,0.23115742241633697,0.0119890463123624,0.20719922510418448,0.25511561972848945,a0.2-b0.2,0.2,0.24868365260045372,0.017526230184116753,0.007219641953597756,0.23425634938209572,0.2631109558188117,0,Exploratory point-mean frontier/matching only; retain all points; no continuum dominance or post-selection p-value
landscape,a0.15-b0.5,64,8,periodic,0.15,0.5,fair,event,sampled-actual,64,0,0.7487792968750002,0.23665946428786852,0,0,,a0.2-b0.2;a0.3-b0.3;a0.4-b0.4;a0.8-b0.8,19,a0.8-b0.8,0.749725341796875,-0.000946044921874778,accepted_lag1,0.24047505937613298,0.01338109366845928,0.2137350773951833,0.2672150413570826,a0.2-b0.2,0.2,0.24868365260045372,0.008208593224320743,0.007219641953597756,0.23425634938209572,0.2631109558188117,0,Exploratory point-mean frontier/matching only; retain all points; no continuum dominance or post-selection p-value
landscape,a0.15-b0.55,64,8,periodic,0.15,0.55,fair,event,sampled-actual,64,0,0.7474670410156251,0.2157049387317087,0,0,,a0.2-b0.2;a0.25-b0.25;a0.3-b0.3;a0.35-b0.35;a0.4-b0.4;a0.55-b0.55;a0.6-b0.6;a0.75-b0.75;a0.8-b0.8;a0.95-b0.95;a1-b1,18,a0.8-b0.8,0.749725341796875,-0.002258300781249889,accepted_lag1,0.23356737935109737,0.015170735392555982,0.20325108375629855,0.2638836749458962,a0.2-b0.2,0.2,0.24868365260045372,0.015116273249356355,0.007219641953597756,0.23425634938209572,0.2631109558188117,0,Exploratory point-mean frontier/matching only; retain all points; no continuum dominance or post-selection p-value
landscape,a0.15-b0.6,64,8,periodic,0.15,0.6,fair,event,sampled-actual,64,0,0.7501220703125,0.22032100616487843,0,0,,,19,a0.8-b0.8,0.749725341796875,0.000396728515625,accepted_lag1,0.21686329571933854,0.014396507940446158,0.18809417023122332,0.24563242120745377,a0.2-b0.2,0.2,0.24868365260045372,0.031820356881115175,0.007219641953597756,0.23425634938209572,0.2631109558188117,0,Exploratory point-mean frontier/matching only; retain all points; no continuum dominance or post-selection p-value
landscape,a0.15-b0.65,64,8,periodic,0.15,0.65,fair,event,sampled-actual,64,0,0.7502136230468749,0.21683984658967365,0,0,,,18,a0.8-b0.8,0.749725341796875,0.000488281249999889,accepted_lag1,0.2049836014107851,0.011914060892121894,0.18117525050399716,0.22879195231757302,a0.25-b0.25,0.25,0.18273640177856415,0.022247199632220938,0.006053155171912085,0.17064013638836317,0.19483266716876513,0,Exploratory point-mean frontier/matching only; retain all points; no continuum dominance or post-selection p-value
landscape,a0.15-b0.7,64,8,periodic,0.15,0.7,fair,event,sampled-actual,64,0,0.7499389648437499,0.20749617366718653,0,0,,,18,a0.8-b0.8,0.749725341796875,0.00021362304687488898,accepted_lag1,0.19774098399941537,0.011217295819901052,0.17532500698505873,0.220156961013772,a0.25-b0.25,0.25,0.18273640177856415,0.015004582220851215,0.006053155171912085,0.17064013638836317,0.19483266716876513,0,Exploratory point-mean frontier/matching only; retain all points; no continuum dominance or post-selection p-value
landscape,a0.15-b0.75,64,8,periodic,0.15,0.75,fair,event,sampled-actual,64,0,0.7496337890625003,0.2361199746954573,0,0,,a0.8-b0.8,19,a0.8-b0.8,0.749725341796875,-0.00009155273437466693,accepted_lag1,0.19806855513048272,0.01259953868770352,0.1728903861537863,0.22324672410717913,a0.25-b0.25,0.25,0.18273640177856415,0.015332153351918565,0.006053155171912085,0.17064013638836317,0.19483266716876513,0,Exploratory point-mean frontier/matching only; retain all points; no continuum dominance or post-selection p-value
landscape,a0.15-b0.8,64,8,periodic,0.15,0.8,fair,event,sampled-actual,64,0,0.7471618652343749,0.22690225182464455,0,0,,a0.1-b0.1;a0.2-b0.2;a0.25-b0.25;a0.3-b0.3;a0.35-b0.35;a0.4-b0.4;a0.5-b0.5;a0.55-b0.55;a0.6-b0.6;a0.75-b0.75;a0.8-b0.8;a0.95-b0.95;a1-b1,19,a0.8-b0.8,0.749725341796875,-0.002563476562500111,accepted_lag1,0.1860745073649557,0.011012470075403685,0.16406784193998017,0.20808117278993124,a0.25-b0.25,0.25,0.18273640177856415,0.0033381055863915543,0.006053155171912085,0.17064013638836317,0.19483266716876513,0,Exploratory point-mean frontier/matching only; retain all points; no continuum dominance or post-selection p-value
landscape,a0.15-b0.85,64,8,periodic,0.15,0.85,fair,event,sampled-actual,64,0,0.7485046386718749,0.2364183160547473,0,0,,a0.2-b0.2;a0.3-b0.3;a0.4-b0.4;a0.6-b0.6;a0.8-b0.8;a1-b1,19,a0.8-b0.8,0.749725341796875,-0.001220703125000111,accepted_lag1,0.19488831411130125,0.011303334355101642,0.17230040280383419,0.21747622541876832,a0.25-b0.25,0.25,0.18273640177856415,0.012151912332737103,0.006053155171912085,0.17064013638836317,0.19483266716876513,0,Exploratory point-mean frontier/matching only; retain all points; no continuum dominance or post-selection p-value
landscape,a0.15-b0.9,64,8,periodic,0.15,0.9,fair,event,sampled-actual,64,0,0.7491149902343751,0.21671676529799255,0,0,,a0.3-b0.3;a0.8-b0.8,18,a0.8-b0.8,0.749725341796875,-0.000610351562499889,accepted_lag1,0.1857101642461586,0.010681725347772284,0.16436443941963386,0.20705588907268335,a0.25-b0.25,0.25,0.18273640177856415,0.002973762467594454,0.006053155171912085,0.17064013638836317,0.19483266716876513,0,Exploratory point-mean frontier/matching only; retain all points; no continuum dominance or post-selection p-value
landscape,a0.15-b0.95,64,8,periodic,0.15,0.95,fair,event,sampled-actual,64,0,0.7482299804687499,0.2125747436391607,0,0,,a0.2-b0.2;a0.3-b0.3;a0.4-b0.4;a0.6-b0.6;a0.8-b0.8;a1-b1,18,a0.8-b0.8,0.749725341796875,-0.001495361328125111,accepted_lag1,0.1731730528168792,0.010774452575535904,0.15164202741171887,0.19470407822203953,a0.25-b0.25,0.25,0.18273640177856415,0.009563348961684953,0.006053155171912085,0.17064013638836317,0.19483266716876513,0,Exploratory point-mean frontier/matching only; retain all points; no continuum dominance or post-selection p-value
landscape,a0.15-b0,64,8,periodic,0.15,0,fair,event,sampled-actual,64,0,0.6995544433593751,0.09327297246699509,0.984375,0,,a0.6-b0.6;a0.7-b0.7;a0.8-b0.8;a0.85-b0.85;a0.9-b0.9;a0.95-b0.95;a1-b1,7,a0.8-b0.8,0.749725341796875,-0.05017089843749989,accepted_lag1,0.6986915663629868,0.004463239025677187,0.6897724948670153,0.7076106378589583,a0.05-b0.05,0.05,0.5490520717557983,0.1496394946071885,0.01013416711557571,0.528800554744063,0.5693035887675336,0,Exploratory point-mean frontier/matching only; retain all points; no continuum dominance or post-selection p-value
landscape,a0.15-b1,64,8,periodic,0.15,1,fair,event,sampled-actual,64,0,0.74774169921875,0.24199021335407556,0,0,,a0.1-b0.1;a0.2-b0.2;a0.25-b0.25;a0.3-b0.3;a0.35-b0.35;a0.4-b0.4;a0.55-b0.55;a0.6-b0.6;a0.8-b0.8;a0.95-b0.95;a1-b1,19,a0.8-b0.8,0.749725341796875,-0.001983642578125,accepted_lag1,0.19158781451740658,0.01475705387748131,0.1620981954658729,0.22107743356894027,a0.25-b0.25,0.25,0.18273640177856415,0.008851412738842435,0.006053155171912085,0.17064013638836317,0.19483266716876513,0,Exploratory point-mean frontier/matching only; retain all points; no continuum dominance or post-selection p-value
landscape,a0.2-b0.05,64,8,periodic,0.2,0.05,fair,event,sampled-actual,64,0,0.7429809570312499,0.15330718664284482,0,0,,a0.25-b0.25;a0.3-b0.3;a0.35-b0.35;a0.4-b0.4;a0.45-b0.45;a0.5-b0.5;a0.55-b0.55;a0.6-b0.6;a0.65-b0.65;a0.7-b0.7;a0.75-b0.75;a0.8-b0.8;a0.85-b0.85;a0.9-b0.9;a0.95-b0.95;a1-b1,16,a0.8-b0.8,0.749725341796875,-0.006744384765625111,accepted_lag1,0.35012595034726696,0.007736510961328802,0.3346657668355876,0.36558613385894634,a0.1-b0.1,0.1,0.4014336243548882,0.05130767400762126,0.00938031753598292,0.38268855552101533,0.4201786931887611,0,Exploratory point-mean frontier/matching only; retain all points; no continuum dominance or post-selection p-value
landscape,a0.2-b0.1,64,8,periodic,0.2,0.1,fair,event,sampled-actual,64,0,0.7478027343749999,0.14191032388321298,0,0,,a0.25-b0.25;a0.3-b0.3;a0.35-b0.35;a0.4-b0.4;a0.55-b0.55;a0.6-b0.6;a0.8-b0.8;a0.95-b0.95;a1-b1,16,a0.8-b0.8,0.749725341796875,-0.001922607421875111,accepted_lag1,0.2861110488409135,0.007587893696879869,0.2709478532341009,0.30127424444772605,a0.15-b0.15,0.15,0.29873156715330224,0.012620518312388751,0.0070129658460741815,0.28471727317977896,0.3127458611268255,0,Exploratory point-mean frontier/matching only; retain all points; no continuum dominance or post-selection p-value
landscape,a0.2-b0.15,64,8,periodic,0.2,0.15,fair,event,sampled-actual,64,0,0.74591064453125,0.1499621079229465,0,0,,a0.25-b0.25;a0.3-b0.3;a0.35-b0.35;a0.4-b0.4;a0.45-b0.45;a0.5-b0.5;a0.55-b0.55;a0.6-b0.6;a0.65-b0.65;a0.7-b0.7;a0.75-b0.75;a0.8-b0.8;a0.85-b0.85;a0.95-b0.95;a1-b1,16,a0.8-b0.8,0.749725341796875,-0.003814697265625,accepted_lag1,0.26496045406466096,0.007737624918482524,0.24949804448723864,0.2804228636420833,a0.2-b0.2,0.2,0.24868365260045372,0.016276801464207236,0.007219641953597756,0.23425634938209572,0.2631109558188117,0,Exploratory point-mean frontier/matching only; retain all points; no continuum dominance or post-selection p-value
landscape,a0.2-b0.2,64,8,periodic,0.2,0.2,fair,event,sampled-actual,64,1,0.7489624023437502,0.1758979473398163,0,0,0,a0.3-b0.3;a0.8-b0.8,18,a0.8-b0.8,0.749725341796875,-0.000762939453124778,accepted_lag1,0.24868365260045372,0.007219641953597756,0.23425634938209572,0.2631109558188117,a0.2-b0.2,0.2,0.24868365260045372,0,0.007219641953597756,0.23425634938209572,0.2631109558188117,0,Exploratory point-mean frontier/matching only; retain all points; no continuum dominance or post-selection p-value
landscape,a0.2-b0.25,64,8,periodic,0.2,0.25,fair,event,sampled-actual,64,0,0.7467346191406248,0.16549818503159808,0,0,,a0.25-b0.25;a0.3-b0.3;a0.35-b0.35;a0.4-b0.4;a0.5-b0.5;a0.55-b0.55;a0.6-b0.6;a0.7-b0.7;a0.75-b0.75;a0.8-b0.8;a0.95-b0.95;a1-b1,16,a0.8-b0.8,0.749725341796875,-0.002990722656250222,accepted_lag1,0.21789024771372736,0.008071975140654707,0.20175969253193757,0.23402080289551716,a0.2-b0.2,0.2,0.24868365260045372,0.030793404886726355,0.007219641953597756,0.23425634938209572,0.2631109558188117,0,Exploratory point-mean frontier/matching only; retain all points; no continuum dominance or post-selection p-value
landscape,a0.2-b0.3,64,8,periodic,0.2,0.3,fair,event,sampled-actual,64,0,0.7484436035156251,0.16527069764103341,0,0,,a0.3-b0.3;a0.4-b0.4;a0.6-b0.6;a0.8-b0.8;a1-b1,16,a0.8-b0.8,0.749725341796875,-0.001281738281249889,accepted_lag1,0.2112483177121302,0.007388654326312892,0.19648327021718792,0.2260133652070725,a0.25-b0.25,0.25,0.18273640177856415,0.028511915933566057,0.006053155171912085,0.17064013638836317,0.19483266716876513,0,Exploratory point-mean frontier/matching only; retain all points; no continuum dominance or post-selection p-value
landscape,a0.2-b0.35,64,8,periodic,0.2,0.35,fair,event,sampled-actual,64,0,0.747100830078125,0.17074650184697096,0,0,,a0.25-b0.25;a0.3-b0.3;a0.35-b0.35;a0.4-b0.4;a0.5-b0.5;a0.55-b0.55;a0.6-b0.6;a0.75-b0.75;a0.8-b0.8;a0.95-b0.95;a1-b1,16,a0.8-b0.8,0.749725341796875,-0.00262451171875,accepted_lag1,0.20671195022084957,0.00899136589782464,0.18874413921458824,0.2246797612271109,a0.25-b0.25,0.25,0.18273640177856415,0.023975548442285416,0.006053155171912085,0.17064013638836317,0.19483266716876513,0,Exploratory point-mean frontier/matching only; retain all points; no continuum dominance or post-selection p-value
landscape,a0.2-b0.4,64,8,periodic,0.2,0.4,fair,event,sampled-actual,64,0,0.7484130859375,0.153092765573384,0,0,,a0.3-b0.3;a0.4-b0.4;a0.6-b0.6;a0.8-b0.8;a1-b1,16,a0.8-b0.8,0.749725341796875,-0.001312255859375,accepted_lag1,0.18739676301275826,0.0084072152860718,0.17059628385690093,0.2041972421686156,a0.25-b0.25,0.25,0.18273640177856415,0.00466036123419411,0.006053155171912085,0.17064013638836317,0.19483266716876513,0,Exploratory point-mean frontier/matching only; retain all points; no continuum dominance or post-selection p-value
landscape,a0.2-b0.45,64,8,periodic,0.2,0.45,fair,event,sampled-actual,64,0,0.7481079101562501,0.17287185929875315,0,0,,a0.3-b0.3;a0.4-b0.4;a0.6-b0.6;a0.8-b0.8;a1-b1,16,a0.8-b0.8,0.749725341796875,-0.001617431640624889,accepted_lag1,0.1840211392242778,0.008723539854716276,0.16658853585830283,0.20145374259025275,a0.25-b0.25,0.25,0.18273640177856415,0.0012847374457136407,0.006053155171912085,0.17064013638836317,0.19483266716876513,0,Exploratory point-mean frontier/matching only; retain all points; no continuum dominance or post-selection p-value
landscape,a0.2-b0.5,64,8,periodic,0.2,0.5,fair,event,sampled-actual,64,0,0.7454528808593752,0.18474355498688563,0,0,,a0.15-b0.15;a0.2-b0.2;a0.25-b0.25;a0.3-b0.3;a0.35-b0.35;a0.4-b0.4;a0.45-b0.45;a0.5-b0.5;a0.55-b0.55;a0.6-b0.6;a0.65-b0.65;a0.7-b0.7;a0.75-b0.75;a0.8-b0.8;a0.85-b0.85;a0.95-b0.95;a1-b1,18,a0.8-b0.8,0.749725341796875,-0.004272460937499778,accepted_lag1,0.19055094196956282,0.008040427461319017,0.17448342979441198,0.20661845414471366,a0.25-b0.25,0.25,0.18273640177856415,0.00781454019099867,0.006053155171912085,0.17064013638836317,0.19483266716876513,0,Exploratory point-mean frontier/matching only; retain all points; no continuum dominance or post-selection p-value
landscape,a0.2-b0.55,64,8,periodic,0.2,0.55,fair,event,sampled-actual,64,0,0.7512207031249999,0.20621260661238824,0,0,,,18,a0.8-b0.8,0.749725341796875,0.001495361328124889,accepted_lag1,0.18291342184131246,0.009572672383013233,0.16378396251806854,0.20204288116455638,a0.25-b0.25,0.25,0.18273640177856415,0.0001770200627483065,0.006053155171912085,0.17064013638836317,0.19483266716876513,0,Exploratory point-mean frontier/matching only; retain all points; no continuum dominance or post-selection p-value
landscape,a0.2-b0.6,64,8,periodic,0.2,0.6,fair,event,sampled-actual,64,0,0.7486572265624999,0.19741069667443142,0,0,,a0.2-b0.2;a0.3-b0.3;a0.4-b0.4;a0.6-b0.6;a0.8-b0.8,18,a0.8-b0.8,0.749725341796875,-0.001068115234375111,accepted_lag1,0.18104997876476817,0.009829008410856889,0.16140827276457556,0.20069168476496077,a0.25-b0.25,0.25,0.18273640177856415,0.0016864230137959846,0.006053155171912085,0.17064013638836317,0.19483266716876513,0,Exploratory point-mean frontier/matching only; retain all points; no continuum dominance or post-selection p-value
landscape,a0.2-b0.65,64,8,periodic,0.2,0.65,fair,event,sampled-actual,64,0,0.7475585937500001,0.1969384321945944,0,0,,a0.2-b0.2;a0.25-b0.25;a0.3-b0.3;a0.35-b0.35;a0.4-b0.4;a0.55-b0.55;a0.6-b0.6;a0.8-b0.8;a0.95-b0.95;a1-b1,18,a0.8-b0.8,0.749725341796875,-0.002166748046874889,accepted_lag1,0.18333311695598806,0.009058250328037278,0.1652316480811694,0.2014345858308067,a0.25-b0.25,0.25,0.18273640177856415,0.0005967151774239066,0.006053155171912085,0.17064013638836317,0.19483266716876513,0,Exploratory point-mean frontier/matching only; retain all points; no continuum dominance or post-selection p-value
landscape,a0.2-b0.7,64,8,periodic,0.2,0.7,fair,event,sampled-actual,64,0,0.7478027343749996,0.18955638427359459,0,0,,a0.2-b0.2;a0.25-b0.25;a0.3-b0.3;a0.35-b0.35;a0.4-b0.4;a0.55-b0.55;a0.6-b0.6;a0.8-b0.8;a0.95-b0.95;a1-b1,18,a0.8-b0.8,0.749725341796875,-0.001922607421875444,accepted_lag1,0.17336997754190922,0.010466854999019986,0.15245363684468177,0.19428631823913667,a0.25-b0.25,0.25,0.18273640177856415,0.00936642423665493,0.006053155171912085,0.17064013638836317,0.19483266716876513,0,Exploratory point-mean frontier/matching only; retain all points; no continuum dominance or post-selection p-value
landscape,a0.2-b0.75,64,8,periodic,0.2,0.75,fair,event,sampled-actual,64,0,0.7496032714843751,0.1882229768582575,0,0,,a0.8-b0.8,18,a0.8-b0.8,0.749725341796875,-0.00012207031249988898,accepted_lag1,0.16738362469998838,0.00902076572021651,0.14935706283669847,0.1854101865632783,a0.25-b0.25,0.25,0.18273640177856415,0.015352777078575769,0.006053155171912085,0.17064013638836317,0.19483266716876513,0,Exploratory point-mean frontier/matching only; retain all points; no continuum dominance or post-selection p-value
landscape,a0.2-b0.8,64,8,periodic,0.2,0.8,fair,event,sampled-actual,64,0,0.7478332519531251,0.21084418988202996,0,0,,a0.2-b0.2;a0.25-b0.25;a0.3-b0.3;a0.35-b0.35;a0.4-b0.4;a0.55-b0.55;a0.6-b0.6;a0.8-b0.8;a0.95-b0.95;a1-b1,18,a0.8-b0.8,0.749725341796875,-0.001892089843749889,accepted_lag1,0.17586264798584791,0.008532290902283565,0.15881222515523385,0.19291307081646197,a0.25-b0.25,0.25,0.18273640177856415,0.006873753792716236,0.006053155171912085,0.17064013638836317,0.19483266716876513,0,Exploratory point-mean frontier/matching only; retain all points; no continuum dominance or post-selection p-value
landscape,a0.2-b0.85,64,8,periodic,0.2,0.85,fair,event,sampled-actual,64,0,0.7480773925781252,0.2195248456867145,0,0,,a0.2-b0.2;a0.3-b0.3;a0.4-b0.4;a0.6-b0.6;a0.8-b0.8;a1-b1,18,a0.8-b0.8,0.749725341796875,-0.001647949218749778,accepted_lag1,0.16737805758315102,0.008520489239232315,0.15035121849428146,0.1844048966720206,a0.25-b0.25,0.25,0.18273640177856415,0.015358344195413126,0.006053155171912085,0.17064013638836317,0.19483266716876513,0,Exploratory point-mean frontier/matching only; retain all points; no continuum dominance or post-selection p-value
landscape,a0.2-b0.9,64,8,periodic,0.2,0.9,fair,event,sampled-actual,64,0,0.7500305175781251,0.2091824830621185,0,0,,,18,a0.8-b0.8,0.749725341796875,0.000305175781250111,accepted_lag1,0.15217161041376745,0.010729975283920445,0.1307294657836638,0.1736137550438711,a0.3-b0.3,0.3,0.13466230630094303,0.01750930411282442,0.008935048603020714,0.11680703642813349,0.15251757617375256,0,Exploratory point-mean frontier/matching only; retain all points; no continuum dominance or post-selection p-value
landscape,a0.2-b0.95,64,8,periodic,0.2,0.95,fair,event,sampled-actual,64,0,0.748046875,0.2182272232879064,0,0,,a0.2-b0.2;a0.25-b0.25;a0.3-b0.3;a0.4-b0.4;a0.6-b0.6;a0.8-b0.8;a1-b1,18,a0.8-b0.8,0.749725341796875,-0.001678466796875,accepted_lag1,0.15462765227800945,0.010108593092031902,0.1344272408743571,0.17482806368166182,a0.3-b0.3,0.3,0.13466230630094303,0.019965345977066423,0.008935048603020714,0.11680703642813349,0.15251757617375256,0,Exploratory point-mean frontier/matching only; retain all points; no continuum dominance or post-selection p-value
landscape,a0.2-b0,64,8,periodic,0.2,0,fair,event,sampled-actual,64,0,0.6982421875,0.08325968694075869,0.984375,0,,a0.85-b0.85;a0.9-b0.9;a0.95-b0.95;a1-b1,4,a1-b1,0.7485351562499998,-0.05029296874999978,accepted_lag1,0.600213888840754,0.0052976018104603975,0.5896274763647797,0.6108003013167282,a0.05-b0.05,0.05,0.5490520717557983,0.05116181708495571,0.01013416711557571,0.528800554744063,0.5693035887675336,0,Exploratory point-mean frontier/matching only; retain all points; no continuum dominance or post-selection p-value
landscape,a0.2-b1,64,8,periodic,0.2,1,fair,event,sampled-actual,64,0,0.7485961914062499,0.22001827283647082,0,0,,a0.2-b0.2;a0.3-b0.3;a0.4-b0.4;a0.6-b0.6;a0.8-b0.8,19,a0.8-b0.8,0.749725341796875,-0.001129150390625111,accepted_lag1,0.1650344163294641,0.013497561014228773,0.13806169292958348,0.19200713972934474,a0.25-b0.25,0.25,0.18273640177856415,0.01770198544910004,0.006053155171912085,0.17064013638836317,0.19483266716876513,0,Exploratory point-mean frontier/matching only; retain all points; no continuum dominance or post-selection p-value
landscape,a0.25-b0.05,64,8,periodic,0.25,0.05,fair,event,sampled-actual,64,0,0.74688720703125,0.13088357328602773,0,0,,a0.35-b0.35;a0.5-b0.5;a0.55-b0.55;a0.6-b0.6;a0.7-b0.7;a0.75-b0.75;a0.8-b0.8;a0.95-b0.95;a1-b1,13,a0.8-b0.8,0.749725341796875,-0.002838134765625,accepted_lag1,0.28661978494974516,0.007156263794852693,0.27231913287551773,0.3009204370239726,a0.15-b0.15,0.15,0.29873156715330224,0.012111782203557075,0.0070129658460741815,0.28471727317977896,0.3127458611268255,0,Exploratory point-mean frontier/matching only; retain all points; no continuum dominance or post-selection p-value
landscape,a0.25-b0.1,64,8,periodic,0.25,0.1,fair,event,sampled-actual,64,0,0.7471618652343751,0.11654001249448952,0,0,,a0.5-b0.5;a0.55-b0.55;a0.6-b0.6;a0.75-b0.75;a0.8-b0.8;a0.95-b0.95;a1-b1,12,a0.8-b0.8,0.749725341796875,-0.002563476562499889,accepted_lag1,0.23341471501585673,0.007188729111033733,0.21904918618407898,0.24778024384763447,a0.2-b0.2,0.2,0.24868365260045372,0.015268937584596992,0.007219641953597756,0.23425634938209572,0.2631109558188117,0,Exploratory point-mean frontier/matching only; retain all points; no continuum dominance or post-selection p-value
landscape,a0.25-b0.15,64,8,periodic,0.25,0.15,fair,event,sampled-actual,64,0,0.747802734375,0.12295273306760714,0,0,,a0.55-b0.55;a0.6-b0.6;a0.8-b0.8;a0.95-b0.95;a1-b1,12,a0.8-b0.8,0.749725341796875,-0.001922607421875,accepted_lag1,0.2167564764409911,0.006721344712290672,0.2033249408021633,0.23018801207981893,a0.2-b0.2,0.2,0.24868365260045372,0.03192717615946261,0.007219641953597756,0.23425634938209572,0.2631109558188117,0,Exploratory point-mean frontier/matching only; retain all points; no continuum dominance or post-selection p-value
landscape,a0.25-b0.2,64,8,periodic,0.25,0.2,fair,event,sampled-actual,64,0,0.7464294433593748,0.11945590474209539,0,0,,a0.5-b0.5;a0.55-b0.55;a0.6-b0.6;a0.7-b0.7;a0.75-b0.75;a0.8-b0.8;a0.95-b0.95;a1-b1,12,a0.8-b0.8,0.749725341796875,-0.003295898437500222,accepted_lag1,0.1925885110168214,0.005621472500417889,0.18135489461057092,0.20382212742307187,a0.25-b0.25,0.25,0.18273640177856415,0.009852109238257245,0.006053155171912085,0.17064013638836317,0.19483266716876513,0,Exploratory point-mean frontier/matching only; retain all points; no continuum dominance or post-selection p-value
landscape,a0.25-b0.25,64,8,periodic,0.25,0.25,fair,event,sampled-actual,64,1,0.748046875,0.13093378925566712,0,0,0,a0.6-b0.6;a0.8-b0.8;a1-b1,14,a0.8-b0.8,0.749725341796875,-0.001678466796875,accepted_lag1,0.18273640177856415,0.006053155171912085,0.17064013638836317,0.19483266716876513,a0.25-b0.25,0.25,0.18273640177856415,0,0.006053155171912085,0.17064013638836317,0.19483266716876513,0,Exploratory point-mean frontier/matching only; retain all points; no continuum dominance or post-selection p-value
landscape,a0.25-b0.3,64,8,periodic,0.25,0.3,fair,event,sampled-actual,64,0,0.7467346191406251,0.14891040350783727,0,0,,a0.25-b0.25;a0.3-b0.3;a0.35-b0.35;a0.4-b0.4;a0.5-b0.5;a0.55-b0.55;a0.6-b0.6;a0.7-b0.7;a0.75-b0.75;a0.8-b0.8;a0.95-b0.95;a1-b1,16,a0.8-b0.8,0.749725341796875,-0.002990722656249889,accepted_lag1,0.1817312570102461,0.008739982290008282,0.16426579605920932,0.19919671796128285,a0.25-b0.25,0.25,0.18273640177856415,0.0010051447683180614,0.006053155171912085,0.17064013638836317,0.19483266716876513,0,Exploratory point-mean frontier/matching only; retain all points; no continuum dominance or post-selection p-value
landscape,a0.25-b0.35,64,8,periodic,0.25,0.35,fair,event,sampled-actual,64,0,0.7493286132812499,0.1552249424144798,0,0,,a0.3-b0.3;a0.8-b0.8,16,a0.8-b0.8,0.749725341796875,-0.000396728515625111,accepted_lag1,0.1720243870339654,0.00893708915315134,0.15416503944710078,0.18988373462083,a0.25-b0.25,0.25,0.18273640177856415,0.010712014744598763,0.006053155171912085,0.17064013638836317,0.19483266716876513,0,Exploratory point-mean frontier/matching only; retain all points; no continuum dominance or post-selection p-value
landscape,a0.25-b0.4,64,8,periodic,0.25,0.4,fair,event,sampled-actual,64,0,0.7471923828124997,0.16296250482050206,0,0,,a0.25-b0.25;a0.3-b0.3;a0.35-b0.35;a0.4-b0.4;a0.5-b0.5;a0.55-b0.55;a0.6-b0.6;a0.75-b0.75;a0.8-b0.8;a0.95-b0.95;a1-b1,16,a0.8-b0.8,0.749725341796875,-0.002532958984375333,accepted_lag1,0.16065021938444032,0.00872001677887397,0.14322465632375542,0.17807578244512523,a0.25-b0.25,0.25,0.18273640177856415,0.022086182394123827,0.006053155171912085,0.17064013638836317,0.19483266716876513,0,Exploratory point-mean frontier/matching only; retain all points; no continuum dominance or post-selection p-value
landscape,a0.25-b0.45,64,8,periodic,0.25,0.45,fair,event,sampled-actual,64,0,0.7502136230468753,0.13811171810515438,0,0,,,16,a0.8-b0.8,0.749725341796875,0.0004882812500003331,accepted_lag1,0.16081171220255908,0.007386071913774787,0.1460518252472892,0.17557159915782894,a0.25-b0.25,0.25,0.18273640177856415,0.021924689576005074,0.006053155171912085,0.17064013638836317,0.19483266716876513,0,Exploratory point-mean frontier/matching only; retain all points; no continuum dominance or post-selection p-value
landscape,a0.25-b0.5,64,8,periodic,0.25,0.5,fair,event,sampled-actual,64,0,0.7480773925781248,0.1456480646431014,0,0,,a0.3-b0.3;a0.4-b0.4;a0.6-b0.6;a0.8-b0.8;a1-b1,16,a0.8-b0.8,0.749725341796875,-0.001647949218750222,accepted_lag1,0.14116188183462708,0.008484308089995743,0.12420734500315193,0.1581164186661022,a0.3-b0.3,0.3,0.13466230630094303,0.006499575533684049,0.008935048603020714,0.11680703642813349,0.15251757617375256,0,Exploratory point-mean frontier/matching only; retain all points; no continuum dominance or post-selection p-value
landscape,a0.25-b0.55,64,8,periodic,0.25,0.55,fair,event,sampled-actual,64,0,0.7471923828125,0.15276455558153862,0,0,,a0.25-b0.25;a0.3-b0.3;a0.35-b0.35;a0.4-b0.4;a0.5-b0.5;a0.55-b0.55;a0.6-b0.6;a0.75-b0.75;a0.8-b0.8;a0.95-b0.95;a1-b1,16,a0.8-b0.8,0.749725341796875,-0.002532958984375,accepted_lag1,0.144658569427489,0.0074752161733293325,0.1297205418842183,0.1595965969707597,a0.3-b0.3,0.3,0.13466230630094303,0.009996263126545973,0.008935048603020714,0.11680703642813349,0.15251757617375256,0,Exploratory point-mean frontier/matching only; retain all points; no continuum dominance or post-selection p-value
landscape,a0.25-b0.6,64,8,periodic,0.25,0.6,fair,event,sampled-actual,64,0,0.7485961914062502,0.1430729966232684,0,0,,a0.3-b0.3;a0.4-b0.4;a0.6-b0.6;a0.8-b0.8,16,a0.8-b0.8,0.749725341796875,-0.001129150390624778,accepted_lag1,0.13895936790020633,0.008717260458638553,0.12153931290599601,0.15637942289441664,a0.3-b0.3,0.3,0.13466230630094303,0.0042970615992632966,0.008935048603020714,0.11680703642813349,0.15251757617375256,0,Exploratory point-mean frontier/matching only; retain all points; no continuum dominance or post-selection p-value
landscape,a0.25-b0.65,64,8,periodic,0.25,0.65,fair,event,sampled-actual,64,0,0.7462158203125002,0.1693668841175741,0,0,,a0.25-b0.25;a0.3-b0.3;a0.35-b0.35;a0.4-b0.4;a0.5-b0.5;a0.55-b0.55;a0.6-b0.6;a0.7-b0.7;a0.75-b0.75;a0.8-b0.8;a0.85-b0.85;a0.95-b0.95;a1-b1,16,a0.8-b0.8,0.749725341796875,-0.003509521484374778,accepted_lag1,0.13532986756675805,0.007666738096330316,0.12000911399997295,0.15065062113354316,a0.3-b0.3,0.3,0.13466230630094303,0.0006675612658150198,0.008935048603020714,0.11680703642813349,0.15251757617375256,0,Exploratory point-mean frontier/matching only; retain all points; no continuum dominance or post-selection p-value
landscape,a0.25-b0.7,64,8,periodic,0.25,0.7,fair,event,sampled-actual,64,0,0.7456665039062502,0.17583975898009063,0,0,,a0.15-b0.15;a0.25-b0.25;a0.3-b0.3;a0.35-b0.35;a0.4-b0.4;a0.45-b0.45;a0.5-b0.5;a0.55-b0.55;a0.6-b0.6;a0.65-b0.65;a0.7-b0.7;a0.75-b0.75;a0.8-b0.8;a0.85-b0.85;a0.95-b0.95;a1-b1,17,a0.8-b0.8,0.749725341796875,-0.004058837890624778,accepted_lag1,0.1516639529221904,0.006513705822142512,0.13864735049574967,0.16468055534863113,a0.3-b0.3,0.3,0.13466230630094303,0.017001646621247368,0.008935048603020714,0.11680703642813349,0.15251757617375256,0,Exploratory point-mean frontier/matching only; retain all points; no continuum dominance or post-selection p-value
landscape,a0.25-b0.75,64,8,periodic,0.25,0.75,fair,event,sampled-actual,64,0,0.7470703125000002,0.15515001004407272,0,0,,a0.25-b0.25;a0.3-b0.3;a0.35-b0.35;a0.4-b0.4;a0.5-b0.5;a0.55-b0.55;a0.6-b0.6;a0.75-b0.75;a0.8-b0.8;a0.95-b0.95;a1-b1,16,a0.8-b0.8,0.749725341796875,-0.002655029296874778,accepted_lag1,0.13179329767966336,0.0072248271904958965,0.11735563259218924,0.14623096276713748,a0.3-b0.3,0.3,0.13466230630094303,0.002869008621279673,0.008935048603020714,0.11680703642813349,0.15251757617375256,0,Exploratory point-mean frontier/matching only; retain all points; no continuum dominance or post-selection p-value
landscape,a0.25-b0.8,64,8,periodic,0.25,0.8,fair,event,sampled-actual,64,0,0.7482299804687501,0.14935143852150876,0,0,,a0.3-b0.3;a0.4-b0.4;a0.6-b0.6;a0.8-b0.8;a1-b1,16,a0.8-b0.8,0.749725341796875,-0.001495361328124889,accepted_lag1,0.12876031752494935,0.006500454092907789,0.11577019656629688,0.14175043848360183,a0.3-b0.3,0.3,0.13466230630094303,0.005901988775993683,0.008935048603020714,0.11680703642813349,0.15251757617375256,0,Exploratory point-mean frontier/matching only; retain all points; no continuum dominance or post-selection p-value
landscape,a0.25-b0.85,64,8,periodic,0.25,0.85,fair,event,sampled-actual,64,0,0.7479858398437498,0.16317622774157536,0,0,,a0.25-b0.25;a0.3-b0.3;a0.4-b0.4;a0.6-b0.6;a0.8-b0.8;a1-b1,16,a0.8-b0.8,0.749725341796875,-0.001739501953125222,accepted_lag1,0.13161949918103652,0.008382884111598111,0.11486764199757711,0.14837135636449594,a0.3-b0.3,0.3,0.13466230630094303,0.00304280711990651,0.008935048603020714,0.11680703642813349,0.15251757617375256,0,Exploratory point-mean frontier/matching only; retain all points; no continuum dominance or post-selection p-value
landscape,a0.25-b0.9,64,8,periodic,0.25,0.9,fair,event,sampled-actual,64,0,0.7455139160156252,0.18838363329764443,0,0,,a0.15-b0.15;a0.2-b0.2;a0.25-b0.25;a0.3-b0.3;a0.35-b0.35;a0.4-b0.4;a0.45-b0.45;a0.5-b0.5;a0.55-b0.55;a0.6-b0.6;a0.65-b0.65;a0.7-b0.7;a0.75-b0.75;a0.8-b0.8;a0.85-b0.85;a0.95-b0.95;a1-b1,18,a0.8-b0.8,0.749725341796875,-0.004211425781249778,accepted_lag1,0.13152477700216983,0.009103551919428868,0.11333278012063268,0.14971677388370697,a0.3-b0.3,0.3,0.13466230630094303,0.0031375292987732006,0.008935048603020714,0.11680703642813349,0.15251757617375256,0,Exploratory point-mean frontier/matching only; retain all points; no continuum dominance or post-selection p-value
landscape,a0.25-b0.95,64,8,periodic,0.25,0.95,fair,event,sampled-actual,64,0,0.7472839355468748,0.1898481475236935,0,0,,a0.2-b0.2;a0.25-b0.25;a0.3-b0.3;a0.35-b0.35;a0.4-b0.4;a0.55-b0.55;a0.6-b0.6;a0.75-b0.75;a0.8-b0.8;a0.95-b0.95;a1-b1,18,a0.8-b0.8,0.749725341796875,-0.002441406250000222,accepted_lag1,0.12635937861698404,0.008879780385534126,0.1086145534638908,0.14410420377007727,a0.3-b0.3,0.3,0.13466230630094303,0.008302927683958988,0.008935048603020714,0.11680703642813349,0.15251757617375256,0,Exploratory point-mean frontier/matching only; retain all points; no continuum dominance or post-selection p-value
landscape,a0.25-b0,64,8,periodic,0.25,0,fair,event,sampled-actual,64,0,0.7135009765625,0.07218502875691506,0.984375,0,,a0.9-b0.9;a1-b1,2,a1-b1,0.7485351562499998,-0.03503417968749978,accepted_lag1,0.4981657257723208,0.005980999945846826,0.4862136510957208,0.5101178004489209,a0.05-b0.05,0.05,0.5490520717557983,0.050886345983477466,0.01013416711557571,0.528800554744063,0.5693035887675336,0,Exploratory point-mean frontier/matching only; retain all points; no continuum dominance or post-selection p-value
landscape,a0.25-b1,64,8,periodic,0.25,1,fair,event,sampled-actual,64,0,0.744781494140625,0.20419302477129975,0,0,,a0.15-b0.15;a0.2-b0.2;a0.25-b0.25;a0.3-b0.3;a0.35-b0.35;a0.4-b0.4;a0.45-b0.45;a0.5-b0.5;a0.55-b0.55;a0.6-b0.6;a0.65-b0.65;a0.7-b0.7;a0.75-b0.75;a0.8-b0.8;a0.85-b0.85;a0.9-b0.9;a0.95-b0.95;a1-b1,18,a0.8-b0.8,0.749725341796875,-0.00494384765625,accepted_lag1,0.1392286742960872,0.012035816487905675,0.11517701424596578,0.16328033434620862,a0.3-b0.3,0.3,0.13466230630094303,0.004566367995144177,0.008935048603020714,0.11680703642813349,0.15251757617375256,0,Exploratory point-mean frontier/matching only; retain all points; no continuum dominance or post-selection p-value
landscape,a0.3-b0.05,64,8,periodic,0.3,0.05,fair,event,sampled-actual,64,0,0.7482299804687499,0.10135433550796331,0,0,,a0.6-b0.6;a0.8-b0.8;a1-b1,8,a0.8-b0.8,0.749725341796875,-0.001495361328125111,accepted_lag1,0.23421660719879575,0.005909322093498565,0.22240776928054407,0.24602544511704744,a0.2-b0.2,0.2,0.24868365260045372,0.014467045401657969,0.007219641953597756,0.23425634938209572,0.2631109558188117,0,Exploratory point-mean frontier/matching only; retain all points; no continuum dominance or post-selection p-value
landscape,a0.3-b0.1,64,8,periodic,0.3,0.1,fair,event,sampled-actual,64,0,0.744842529296875,0.10449015007186278,0,0,,a0.6-b0.6;a0.7-b0.7;a0.75-b0.75;a0.8-b0.8;a0.85-b0.85;a0.9-b0.9;a0.95-b0.95;a1-b1,8,a0.8-b0.8,0.749725341796875,-0.0048828125,accepted_lag1,0.19808130744097713,0.0061787998337276585,0.18573396122911878,0.21042865365283547,a0.25-b0.25,0.25,0.18273640177856415,0.015344905662412978,0.006053155171912085,0.17064013638836317,0.19483266716876513,0,Exploratory point-mean frontier/matching only; retain all points; no continuum dominance or post-selection p-value
landscape,a0.3-b0.15,64,8,periodic,0.3,0.15,fair,event,sampled-actual,64,0,0.752044677734375,0.11394915270264178,0,0,,,11,a0.8-b0.8,0.749725341796875,0.0023193359375,accepted_lag1,0.16841759994077973,0.0064976848851907775,0.15543301280217883,0.18140218707938063,a0.25-b0.25,0.25,0.18273640177856415,0.014318801837784417,0.006053155171912085,0.17064013638836317,0.19483266716876513,0,Exploratory point-mean frontier/matching only; retain all points; no continuum dominance or post-selection p-value
landscape,a0.3-b0.2,64,8,periodic,0.3,0.2,fair,event,sampled-actual,64,0,0.7479858398437501,0.12721765382537603,0,0,,a0.6-b0.6;a0.8-b0.8;a1-b1,12,a0.8-b0.8,0.749725341796875,-0.001739501953124889,accepted_lag1,0.16044775420959423,0.007348752194698716,0.14576244476198957,0.17513306365719888,a0.25-b0.25,0.25,0.18273640177856415,0.02228864756896992,0.006053155171912085,0.17064013638836317,0.19483266716876513,0,Exploratory point-mean frontier/matching only; retain all points; no continuum dominance or post-selection p-value
landscape,a0.3-b0.25,64,8,periodic,0.3,0.25,fair,event,sampled-actual,64,0,0.747222900390625,0.12105850237282442,0,0,,a0.55-b0.55;a0.6-b0.6;a0.75-b0.75;a0.8-b0.8;a0.95-b0.95;a1-b1,12,a0.8-b0.8,0.749725341796875,-0.00250244140625,accepted_lag1,0.14180320977388713,0.007057548961719907,0.12769982355285714,0.15590659599491713,a0.3-b0.3,0.3,0.13466230630094303,0.0071409034729441045,0.008935048603020714,0.11680703642813349,0.15251757617375256,0,Exploratory point-mean frontier/matching only; retain all points; no continuum dominance or post-selection p-value
landscape,a0.3-b0.3,64,8,periodic,0.3,0.3,fair,event,sampled-actual,64,1,0.749420166015625,0.13295802478052168,0,0,0,a0.8-b0.8,15,a0.8-b0.8,0.749725341796875,-0.00030517578125,accepted_lag1,0.13466230630094303,0.008935048603020714,0.11680703642813349,0.15251757617375256,a0.3-b0.3,0.3,0.13466230630094303,0,0.008935048603020714,0.11680703642813349,0.15251757617375256,0,Exploratory point-mean frontier/matching only; retain all points; no continuum dominance or post-selection p-value
landscape,a0.3-b0.35,64,8,periodic,0.3,0.35,fair,event,sampled-actual,64,0,0.7460937499999999,0.1583747624906512,0,0,,a0.25-b0.25;a0.3-b0.3;a0.35-b0.35;a0.4-b0.4;a0.45-b0.45;a0.5-b0.5;a0.55-b0.55;a0.6-b0.6;a0.65-b0.65;a0.7-b0.7;a0.75-b0.75;a0.8-b0.8;a0.85-b0.85;a0.95-b0.95;a1-b1,16,a0.8-b0.8,0.749725341796875,-0.003631591796875111,accepted_lag1,0.14091854396390358,0.009132636045781533,0.1226684270935321,0.15916866083427506,a0.3-b0.3,0.3,0.13466230630094303,0.006256237662960545,0.008935048603020714,0.11680703642813349,0.15251757617375256,0,Exploratory point-mean frontier/matching only; retain all points; no continuum dominance or post-selection p-value
landscape,a0.3-b0.4,64,8,periodic,0.3,0.4,fair,event,sampled-actual,64,0,0.74871826171875,0.16285813396966708,0,0,,a0.3-b0.3;a0.4-b0.4;a0.8-b0.8,16,a0.8-b0.8,0.749725341796875,-0.001007080078125,accepted_lag1,0.1299362375885183,0.008585264635755183,0.11277995519861922,0.14709251997841738,a0.3-b0.3,0.3,0.13466230630094303,0.00472606871242473,0.008935048603020714,0.11680703642813349,0.15251757617375256,0,Exploratory point-mean frontier/matching only; retain all points; no continuum dominance or post-selection p-value
landscape,a0.3-b0.45,64,8,periodic,0.3,0.45,fair,event,sampled-actual,64,0,0.7494201660156249,0.1485404325034677,0,0,,a0.3-b0.3;a0.8-b0.8,16,a0.8-b0.8,0.749725341796875,-0.000305175781250111,accepted_lag1,0.13237824171438495,0.007650074696605918,0.11709078729484534,0.14766569613392455,a0.3-b0.3,0.3,0.13466230630094303,0.002284064586558082,0.008935048603020714,0.11680703642813349,0.15251757617375256,0,Exploratory point-mean frontier/matching only; retain all points; no continuum dominance or post-selection p-value
landscape,a0.3-b0.5,64,8,periodic,0.3,0.5,fair,event,sampled-actual,64,0,0.7505187988281249,0.14950959172878497,0,0,,,16,a0.8-b0.8,0.749725341796875,0.000793457031249889,accepted_lag1,0.13302497576184683,0.008293761241416092,0.11645121642313795,0.14959873510055569,a0.3-b0.3,0.3,0.13466230630094303,0.0016373305390962045,0.008935048603020714,0.11680703642813349,0.15251757617375256,0,Exploratory point-mean frontier/matching only; retain all points; no continuum dominance or post-selection p-value
landscape,a0.3-b0.55,64,8,periodic,0.3,0.55,fair,event,sampled-actual,64,0,0.748809814453125,0.15603979602387572,0,0,,a0.3-b0.3;a0.4-b0.4;a0.8-b0.8,16,a0.8-b0.8,0.749725341796875,-0.00091552734375,accepted_lag1,0.12510876546228136,0.007989888720172764,0.10914224690253103,0.1410752840220317,a0.3-b0.3,0.3,0.13466230630094303,0.009553540838661667,0.008935048603020714,0.11680703642813349,0.15251757617375256,0,Exploratory point-mean frontier/matching only; retain all points; no continuum dominance or post-selection p-value
landscape,a0.3-b0.6,64,8,periodic,0.3,0.6,fair,event,sampled-actual,64,0,0.7493591308593748,0.14127706490759342,0,0,,a0.3-b0.3;a0.8-b0.8,16,a0.8-b0.8,0.749725341796875,-0.00036621093750022204,accepted_lag1,0.11140943345219194,0.0063952480006839365,0.09862955009295056,0.12418931681143332,a0.35-b0.35,0.35,0.10372210528919634,0.007687328162995596,0.00742191032561072,0.08889060098257517,0.11855360959581751,0,Exploratory point-mean frontier/matching only; retain all points; no continuum dominance or post-selection p-value
landscape,a0.3-b0.65,64,8,periodic,0.3,0.65,fair,event,sampled-actual,64,0,0.7464904785156251,0.17592478438961515,0,0,,a0.15-b0.15;a0.2-b0.2;a0.25-b0.25;a0.3-b0.3;a0.35-b0.35;a0.4-b0.4;a0.5-b0.5;a0.55-b0.55;a0.6-b0.6;a0.7-b0.7;a0.75-b0.75;a0.8-b0.8;a0.95-b0.95;a1-b1,18,a0.8-b0.8,0.749725341796875,-0.003234863281249889,accepted_lag1,0.12013514793440401,0.008153900809429373,0.10384087736722866,0.13642941850157936,a0.3-b0.3,0.3,0.13466230630094303,0.01452715836653902,0.008935048603020714,0.11680703642813349,0.15251757617375256,0,Exploratory point-mean frontier/matching only; retain all points; no continuum dominance or post-selection p-value
landscape,a0.3-b0.7,64,8,periodic,0.3,0.7,fair,event,sampled-actual,64,0,0.7485961914062502,0.1582102702311455,0,0,,a0.3-b0.3;a0.4-b0.4;a0.6-b0.6;a0.8-b0.8,16,a0.8-b0.8,0.749725341796875,-0.001129150390624778,accepted_lag1,0.12056272847102623,0.007285413921390339,0.10600399046286695,0.1351214664791855,a0.3-b0.3,0.3,0.13466230630094303,0.014099577829916804,0.008935048603020714,0.11680703642813349,0.15251757617375256,0,Exploratory point-mean frontier/matching only; retain all points; no continuum dominance or post-selection p-value
landscape,a0.3-b0.75,64,8,periodic,0.3,0.75,fair,event,sampled-actual,64,0,0.7483520507812499,0.17203537766039406,0,0,,a0.3-b0.3;a0.4-b0.4;a0.6-b0.6;a0.8-b0.8;a1-b1,16,a0.8-b0.8,0.749725341796875,-0.001373291015625111,accepted_lag1,0.12018671207192035,0.008817388873635536,0.10256656640656323,0.13780685773727747,a0.3-b0.3,0.3,0.13466230630094303,0.014475594229022684,0.008935048603020714,0.11680703642813349,0.15251757617375256,0,Exploratory point-mean frontier/matching only; retain all points; no continuum dominance or post-selection p-value
landscape,a0.3-b0.8,64,8,periodic,0.3,0.8,fair,event,sampled-actual,64,0,0.7466125488281253,0.14442685631290514,0,0,,a0.25-b0.25;a0.3-b0.3;a0.35-b0.35;a0.4-b0.4;a0.5-b0.5;a0.55-b0.55;a0.6-b0.6;a0.7-b0.7;a0.75-b0.75;a0.8-b0.8;a0.95-b0.95;a1-b1,16,a0.8-b0.8,0.749725341796875,-0.003112792968749667,accepted_lag1,0.11389761490566455,0.007072463474848775,0.09976442440837717,0.12803080540295192,a0.35-b0.35,0.35,0.10372210528919634,0.010175509616468209,0.00742191032561072,0.08889060098257517,0.11855360959581751,0,Exploratory point-mean frontier/matching only; retain all points; no continuum dominance or post-selection p-value
landscape,a0.3-b0.85,64,8,periodic,0.3,0.85,fair,event,sampled-actual,64,0,0.7496643066406252,0.16348349660639142,0,0,,a0.8-b0.8,16,a0.8-b0.8,0.749725341796875,-0.000061035156249777955,accepted_lag1,0.10476988333046017,0.008317909586623064,0.08814786737448942,0.12139189928643092,a0.35-b0.35,0.35,0.10372210528919634,0.001047778041263825,0.00742191032561072,0.08889060098257517,0.11855360959581751,0,Exploratory point-mean frontier/matching only; retain all points; no continuum dominance or post-selection p-value
landscape,a0.3-b0.9,64,8,periodic,0.3,0.9,fair,event,sampled-actual,64,0,0.7473449707031249,0.19710076501613336,0,0,,a0.2-b0.2;a0.25-b0.25;a0.3-b0.3;a0.35-b0.35;a0.4-b0.4;a0.55-b0.55;a0.6-b0.6;a0.75-b0.75;a0.8-b0.8;a0.95-b0.95;a1-b1,18,a0.8-b0.8,0.749725341796875,-0.002380371093750111,accepted_lag1,0.130272469484375,0.008697973538350435,0.11289095632491679,0.14765398264383317,a0.3-b0.3,0.3,0.13466230630094303,0.0043898368165680435,0.008935048603020714,0.11680703642813349,0.15251757617375256,0,Exploratory point-mean frontier/matching only; retain all points; no continuum dominance or post-selection p-value
landscape,a0.3-b0.95,64,8,periodic,0.3,0.95,fair,event,sampled-actual,64,0,0.74835205078125,0.17534657581938343,0,0,,a0.3-b0.3;a0.4-b0.4;a0.6-b0.6;a0.8-b0.8;a1-b1,17,a0.8-b0.8,0.749725341796875,-0.001373291015625,accepted_lag1,0.10701978489197032,0.008060030615252465,0.09091309893955299,0.12312647084438766,a0.35-b0.35,0.35,0.10372210528919634,0.0032976796027739813,0.00742191032561072,0.08889060098257517,0.11855360959581751,0,Exploratory point-mean frontier/matching only; retain all points; no continuum dominance or post-selection p-value
landscape,a0.3-b0,64,8,periodic,0.3,0,fair,event,sampled-actual,64,0,0.7096862792968751,0.0672944292505898,0.9375,0,,a1-b1,1,a1-b1,0.7485351562499998,-0.03884887695312467,accepted_lag1,0.39820388757694747,0.005414470899190944,0.3873839308627955,0.40902384429109945,a0.1-b0.1,0.1,0.4014336243548882,0.0032297367779407504,0.00938031753598292,0.38268855552101533,0.4201786931887611,0,Exploratory point-mean frontier/matching only; retain all points; no continuum dominance or post-selection p-value
landscape,a0.3-b1,64,8,periodic,0.3,1,fair,event,sampled-actual,64,0,0.7511901855468749,0.16327575694505742,0,0,,,16,a0.8-b0.8,0.749725341796875,0.001464843749999889,accepted_lag1,0.09977132390158788,0.010199837436641336,0.07938857522482674,0.12015407257834902,a0.35-b0.35,0.35,0.10372210528919634,0.00395078138760846,0.00742191032561072,0.08889060098257517,0.11855360959581751,0,Exploratory point-mean frontier/matching only; retain all points; no continuum dominance or post-selection p-value
landscape,a0.35-b0.05,64,8,periodic,0.35,0.05,fair,event,sampled-actual,64,0,0.748077392578125,0.08669271532122595,0,0,,a1-b1,4,a1-b1,0.7485351562499998,-0.00045776367187477796,accepted_lag1,0.16820568946009296,0.006406493153554213,0.15540333445596405,0.18100804446422186,a0.25-b0.25,0.25,0.18273640177856415,0.014530712318471195,0.006053155171912085,0.17064013638836317,0.19483266716876513,0,Exploratory point-mean frontier/matching only; retain all points; no continuum dominance or post-selection p-value
landscape,a0.35-b0.1,64,8,periodic,0.35,0.1,fair,event,sampled-actual,64,0,0.7487487792968752,0.11019271024280504,0,0,,a0.8-b0.8,10,a0.8-b0.8,0.749725341796875,-0.000976562499999778,accepted_lag1,0.146290671673498,0.005191060270740388,0.13591716547580882,0.15666417787118717,a0.3-b0.3,0.3,0.13466230630094303,0.01162836537255496,0.008935048603020714,0.11680703642813349,0.15251757617375256,0,Exploratory point-mean frontier/matching only; retain all points; no continuum dominance or post-selection p-value
landscape,a0.35-b0.15,64,8,periodic,0.35,0.15,fair,event,sampled-actual,64,0,0.7457275390625,0.11159650372543406,0,0,,a0.5-b0.5;a0.6-b0.6;a0.65-b0.65;a0.7-b0.7;a0.75-b0.75;a0.8-b0.8;a0.85-b0.85;a0.95-b0.95;a1-b1,10,a0.8-b0.8,0.749725341796875,-0.003997802734375,accepted_lag1,0.1387078387357511,0.00738993050307941,0.12394024100503687,0.15347543646646533,a0.3-b0.3,0.3,0.13466230630094303,0.004045532434808069,0.008935048603020714,0.11680703642813349,0.15251757617375256,0,Exploratory point-mean frontier/matching only; retain all points; no continuum dominance or post-selection p-value
landscape,a0.35-b0.2,64,8,periodic,0.35,0.2,fair,event,sampled-actual,64,0,0.7474670410156251,0.10509561382758587,0,0,,a0.6-b0.6;a0.75-b0.75;a0.8-b0.8;a0.95-b0.95;a1-b1,8,a0.8-b0.8,0.749725341796875,-0.002258300781249889,accepted_lag1,0.11480191941990014,0.00694408649024613,0.1009252698556708,0.1286785689841295,a0.35-b0.35,0.35,0.10372210528919634,0.011079814130703802,0.00742191032561072,0.08889060098257517,0.11855360959581751,0,Exploratory point-mean frontier/matching only; retain all points; no continuum dominance or post-selection p-value
landscape,a0.35-b0.25,64,8,periodic,0.35,0.25,fair,event,sampled-actual,64,0,0.7475280761718753,0.11217876941110021,0,0,,a0.55-b0.55;a0.6-b0.6;a0.8-b0.8;a0.95-b0.95;a1-b1,11,a0.8-b0.8,0.749725341796875,-0.002197265624999667,accepted_lag1,0.10876581441642445,0.007838572370603376,0.09310167745276487,0.12442995138008403,a0.35-b0.35,0.35,0.10372210528919634,0.00504370912722811,0.00742191032561072,0.08889060098257517,0.11855360959581751,0,Exploratory point-mean frontier/matching only; retain all points; no continuum dominance or post-selection p-value
landscape,a0.35-b0.3,64,8,periodic,0.35,0.3,fair,event,sampled-actual,64,0,0.749237060546875,0.1255592664632001,0,0,,a0.8-b0.8,12,a0.8-b0.8,0.749725341796875,-0.00048828125,accepted_lag1,0.10450718866443907,0.006575321189914524,0.0913674577505372,0.11764691957834095,a0.35-b0.35,0.35,0.10372210528919634,0.0007850833752427316,0.00742191032561072,0.08889060098257517,0.11855360959581751,0,Exploratory point-mean frontier/matching only; retain all points; no continuum dominance or post-selection p-value
landscape,a0.35-b0.35,64,8,periodic,0.35,0.35,fair,event,sampled-actual,64,1,0.7478942871093749,0.1302521391080392,0,0,0,a0.6-b0.6;a0.8-b0.8;a1-b1,13,a0.8-b0.8,0.749725341796875,-0.001831054687500111,accepted_lag1,0.10372210528919634,0.00742191032561072,0.08889060098257517,0.11855360959581751,a0.35-b0.35,0.35,0.10372210528919634,0,0.00742191032561072,0.08889060098257517,0.11855360959581751,0,Exploratory point-mean frontier/matching only; retain all points; no continuum dominance or post-selection p-value
landscape,a0.35-b0.4,64,8,periodic,0.35,0.4,fair,event,sampled-actual,64,0,0.7447509765625,0.14995587660711926,0,0,,a0.25-b0.25;a0.3-b0.3;a0.35-b0.35;a0.4-b0.4;a0.45-b0.45;a0.5-b0.5;a0.55-b0.55;a0.6-b0.6;a0.65-b0.65;a0.7-b0.7;a0.75-b0.75;a0.8-b0.8;a0.85-b0.85;a0.9-b0.9;a0.95-b0.95;a1-b1,16,a0.8-b0.8,0.749725341796875,-0.004974365234375,accepted_lag1,0.10297830840376633,0.00824215500556458,0.08650767589840642,0.11944894090912624,a0.35-b0.35,0.35,0.10372210528919634,0.000743796885430012,0.00742191032561072,0.08889060098257517,0.11855360959581751,0,Exploratory point-mean frontier/matching only; retain all points; no continuum dominance or post-selection p-value
landscape,a0.35-b0.45,64,8,periodic,0.35,0.45,fair,event,sampled-actual,64,0,0.7477722167968752,0.13603593690483176,0,0,,a0.25-b0.25;a0.3-b0.3;a0.35-b0.35;a0.4-b0.4;a0.55-b0.55;a0.6-b0.6;a0.8-b0.8;a0.95-b0.95;a1-b1,16,a0.8-b0.8,0.749725341796875,-0.001953124999999778,accepted_lag1,0.09328614789234595,0.0074909760865797025,0.07831662667548042,0.10825566910921147,a0.35-b0.35,0.35,0.10372210528919634,0.010435957396850395,0.00742191032561072,0.08889060098257517,0.11855360959581751,0,Exploratory point-mean frontier/matching only; retain all points; no continuum dominance or post-selection p-value
landscape,a0.35-b0.5,64,8,periodic,0.35,0.5,fair,event,sampled-actual,64,0,0.748260498046875,0.14742206763858698,0,0,,a0.3-b0.3;a0.4-b0.4;a0.6-b0.6;a0.8-b0.8;a1-b1,16,a0.8-b0.8,0.749725341796875,-0.00146484375,accepted_lag1,0.10362192306430741,0.007989337176144315,0.08765650667735012,0.11958733945126471,a0.35-b0.35,0.35,0.10372210528919634,0.00010018222488893114,0.00742191032561072,0.08889060098257517,0.11855360959581751,0,Exploratory point-mean frontier/matching only; retain all points; no continuum dominance or post-selection p-value
landscape,a0.35-b0.55,64,8,periodic,0.35,0.55,fair,event,sampled-actual,64,0,0.7470092773437501,0.14444904354596166,0,0,,a0.25-b0.25;a0.3-b0.3;a0.35-b0.35;a0.4-b0.4;a0.5-b0.5;a0.55-b0.55;a0.6-b0.6;a0.7-b0.7;a0.75-b0.75;a0.8-b0.8;a0.95-b0.95;a1-b1,16,a0.8-b0.8,0.749725341796875,-0.002716064453124889,accepted_lag1,0.08604928947317111,0.007768360010835748,0.07052546071462124,0.101573118231721,a0.4-b0.4,0.4,0.0755052112316844,0.010544078241486718,0.008579555068125501,0.05836033850225997,0.09265008396110883,0,Exploratory point-mean frontier/matching only; retain all points; no continuum dominance or post-selection p-value
landscape,a0.35-b0.6,64,8,periodic,0.35,0.6,fair,event,sampled-actual,64,0,0.74755859375,0.14077492065191965,0,0,,a0.25-b0.25;a0.3-b0.3;a0.35-b0.35;a0.4-b0.4;a0.55-b0.55;a0.6-b0.6;a0.8-b0.8;a0.95-b0.95;a1-b1,16,a0.8-b0.8,0.749725341796875,-0.002166748046875,accepted_lag1,0.09177335671521956,0.007522391040623796,0.0767410577220463,0.10680565570839283,a0.35-b0.35,0.35,0.10372210528919634,0.011948748573976778,0.00742191032561072,0.08889060098257517,0.11855360959581751,0,Exploratory point-mean frontier/matching only; retain all points; no continuum dominance or post-selection p-value
landscape,a0.35-b0.65,64,8,periodic,0.35,0.65,fair,event,sampled-actual,64,0,0.7475585937499999,0.14863713266055628,0,0,,a0.25-b0.25;a0.3-b0.3;a0.35-b0.35;a0.4-b0.4;a0.55-b0.55;a0.6-b0.6;a0.8-b0.8;a0.95-b0.95;a1-b1,16,a0.8-b0.8,0.749725341796875,-0.002166748046875111,accepted_lag1,0.09279220088975604,0.008573763215299058,0.07565890225465101,0.10992549952486107,a0.35-b0.35,0.35,0.10372210528919634,0.010929904399440304,0.00742191032561072,0.08889060098257517,0.11855360959581751,0,Exploratory point-mean frontier/matching only; retain all points; no continuum dominance or post-selection p-value
landscape,a0.35-b0.7,64,8,periodic,0.35,0.7,fair,event,sampled-actual,64,0,0.747650146484375,0.15964766988243523,0,0,,a0.25-b0.25;a0.3-b0.3;a0.35-b0.35;a0.4-b0.4;a0.55-b0.55;a0.6-b0.6;a0.8-b0.8;a0.95-b0.95;a1-b1,16,a0.8-b0.8,0.749725341796875,-0.0020751953125,accepted_lag1,0.10283426831343728,0.008615663109890178,0.08561723942024348,0.12005129720663109,a0.35-b0.35,0.35,0.10372210528919634,0.0008878369757590598,0.00742191032561072,0.08889060098257517,0.11855360959581751,0,Exploratory point-mean frontier/matching only; retain all points; no continuum dominance or post-selection p-value
landscape,a0.35-b0.75,64,8,periodic,0.35,0.75,fair,event,sampled-actual,64,0,0.7483825683593751,0.16362408035380835,0,0,,a0.3-b0.3;a0.4-b0.4;a0.6-b0.6;a0.8-b0.8;a1-b1,16,a0.8-b0.8,0.749725341796875,-0.001342773437499889,accepted_lag1,0.08987560092954633,0.007734745335706569,0.07441894573913074,0.10533225611996191,a0.35-b0.35,0.35,0.10372210528919634,0.013846504359650014,0.00742191032561072,0.08889060098257517,0.11855360959581751,0,Exploratory point-mean frontier/matching only; retain all points; no continuum dominance or post-selection p-value
landscape,a0.35-b0.8,64,8,periodic,0.35,0.8,fair,event,sampled-actual,64,0,0.7431945800781248,0.13794265371102107,0,0,,a0.25-b0.25;a0.3-b0.3;a0.35-b0.35;a0.4-b0.4;a0.45-b0.45;a0.5-b0.5;a0.55-b0.55;a0.6-b0.6;a0.65-b0.65;a0.7-b0.7;a0.75-b0.75;a0.8-b0.8;a0.85-b0.85;a0.9-b0.9;a0.95-b0.95;a1-b1,16,a0.8-b0.8,0.749725341796875,-0.006530761718750222,accepted_lag1,0.07548045205854083,0.007755609754634303,0.059982102653885816,0.09097880146319584,a0.4-b0.4,0.4,0.0755052112316844,0.000024759173143568125,0.008579555068125501,0.05836033850225997,0.09265008396110883,0,Exploratory point-mean frontier/matching only; retain all points; no continuum dominance or post-selection p-value
landscape,a0.35-b0.85,64,8,periodic,0.35,0.85,fair,event,sampled-actual,64,0,0.7482604980468749,0.13722629978096215,0,0,,a0.3-b0.3;a0.4-b0.4;a0.6-b0.6;a0.8-b0.8;a1-b1,16,a0.8-b0.8,0.749725341796875,-0.001464843750000111,accepted_lag1,0.08050795420821494,0.007669633540592887,0.06518141455777134,0.09583449385865854,a0.4-b0.4,0.4,0.0755052112316844,0.0050027429765305415,0.008579555068125501,0.05836033850225997,0.09265008396110883,0,Exploratory point-mean frontier/matching only; retain all points; no continuum dominance or post-selection p-value
landscape,a0.35-b0.9,64,8,periodic,0.35,0.9,fair,event,sampled-actual,64,0,0.74566650390625,0.16030658673810083,0,0,,a0.25-b0.25;a0.3-b0.3;a0.35-b0.35;a0.4-b0.4;a0.45-b0.45;a0.5-b0.5;a0.55-b0.55;a0.6-b0.6;a0.65-b0.65;a0.7-b0.7;a0.75-b0.75;a0.8-b0.8;a0.85-b0.85;a0.95-b0.95;a1-b1,16,a0.8-b0.8,0.749725341796875,-0.004058837890625,accepted_lag1,0.09079718340272072,0.009341937570685018,0.0721288108095232,0.10946555599591824,a0.35-b0.35,0.35,0.10372210528919634,0.012924921886475621,0.00742191032561072,0.08889060098257517,0.11855360959581751,0,Exploratory point-mean frontier/matching only; retain all points; no continuum dominance or post-selection p-value
landscape,a0.35-b0.95,64,8,periodic,0.35,0.95,fair,event,sampled-actual,64,0,0.7446594238281252,0.14239075466875362,0,0,,a0.25-b0.25;a0.3-b0.3;a0.35-b0.35;a0.4-b0.4;a0.45-b0.45;a0.5-b0.5;a0.55-b0.55;a0.6-b0.6;a0.65-b0.65;a0.7-b0.7;a0.75-b0.75;a0.8-b0.8;a0.85-b0.85;a0.9-b0.9;a0.95-b0.95;a1-b1,16,a0.8-b0.8,0.749725341796875,-0.005065917968749778,accepted_lag1,0.08516056122688902,0.008544922649246138,0.06808489586419678,0.10223622658958126,a0.4-b0.4,0.4,0.0755052112316844,0.00965534999520462,0.008579555068125501,0.05836033850225997,0.09265008396110883,0,Exploratory point-mean frontier/matching only; retain all points; no continuum dominance or post-selection p-value
landscape,a0.35-b0,64,8,periodic,0.35,0,fair,event,sampled-actual,64,0,0.7126770019531252,0.05787695757324248,0.96875,0,,,0,,,,accepted_lag1,0.2951773722429767,0.006180158180920113,0.28282731159085284,0.30752743289510054,a0.15-b0.15,0.15,0.29873156715330224,0.0035541949103255477,0.0070129658460741815,0.28471727317977896,0.3127458611268255,0,Exploratory point-mean frontier/matching only; retain all points; no continuum dominance or post-selection p-value
landscape,a0.35-b1,64,8,periodic,0.35,1,fair,event,sampled-actual,64,0,0.7476501464843751,0.17279474877748735,0,0,,a0.25-b0.25;a0.3-b0.3;a0.35-b0.35;a0.4-b0.4;a0.55-b0.55;a0.6-b0.6;a0.8-b0.8;a0.95-b0.95;a1-b1,16,a0.8-b0.8,0.749725341796875,-0.002075195312499889,accepted_lag1,0.08282828901837605,0.008912119381359013,0.06501883953882154,0.10063773849793056,a0.4-b0.4,0.4,0.0755052112316844,0.0073230777866916535,0.008579555068125501,0.05836033850225997,0.09265008396110883,0,Exploratory point-mean frontier/matching only; retain all points; no continuum dominance or post-selection p-value
landscape,a0.4-b0.05,64,8,periodic,0.4,0.05,fair,event,sampled-actual,64,0,0.7491760253906249,0.07585819921762191,0,0,,,2,a1-b1,0.7485351562499998,0.000640869140625111,accepted_lag1,0.10786435908299734,0.006247189692184884,0.09538034664428666,0.12034837152170802,a0.35-b0.35,0.35,0.10372210528919634,0.004142253793800996,0.00742191032561072,0.08889060098257517,0.11855360959581751,0,Exploratory point-mean frontier/matching only; retain all points; no continuum dominance or post-selection p-value
landscape,a0.4-b0.1,64,8,periodic,0.4,0.1,fair,event,sampled-actual,64,0,0.7468566894531249,0.08604141727789151,0,0,,a0.95-b0.95;a1-b1,4,a1-b1,0.7485351562499998,-0.001678466796874889,accepted_lag1,0.08686866610831112,0.005565505971039053,0.07574688988674255,0.09799044232987969,a0.4-b0.4,0.4,0.0755052112316844,0.011363454876626725,0.008579555068125501,0.05836033850225997,0.09265008396110883,0,Exploratory point-mean frontier/matching only; retain all points; no continuum dominance or post-selection p-value
landscape,a0.4-b0.15,64,8,periodic,0.4,0.15,fair,event,sampled-actual,64,0,0.7471618652343748,0.08252923051005741,0,0,,a0.95-b0.95;a1-b1,3,a1-b1,0.7485351562499998,-0.001373291015625,accepted_lag1,0.08718545347000185,0.005907715565078724,0.07537982594262425,0.09899108099737945,a0.4-b0.4,0.4,0.0755052112316844,0.011680242238317456,0.008579555068125501,0.05836033850225997,0.09265008396110883,0,Exploratory point-mean frontier/matching only; retain all points; no continuum dominance or post-selection p-value
landscape,a0.4-b0.2,64,8,periodic,0.4,0.2,fair,event,sampled-actual,64,0,0.7487182617187501,0.0893591983856646,0,0,,a0.8-b0.8,6,a0.8-b0.8,0.749725341796875,-0.001007080078124889,accepted_lag1,0.08090368771096157,0.0055052160157890336,0.06990239135127588,0.09190498407064726,a0.4-b0.4,0.4,0.0755052112316844,0.005398476479277173,0.008579555068125501,0.05836033850225997,0.09265008396110883,0,Exploratory point-mean frontier/matching only; retain all points; no continuum dominance or post-selection p-value
landscape,a0.4-b0.25,64,8,periodic,0.4,0.25,fair,event,sampled-actual,64,0,0.751129150390625,0.10725982609563417,0,0,,,9,a0.8-b0.8,0.749725341796875,0.00140380859375,accepted_lag1,0.06691152278497166,0.0066306043425874706,0.05366131730576508,0.08016172826417824,a0.4-b0.4,0.4,0.0755052112316844,0.008593688446712738,0.008579555068125501,0.05836033850225997,0.09265008396110883,0,Exploratory point-mean frontier/matching only; retain all points; no continuum dominance or post-selection p-value
landscape,a0.4-b0.3,64,8,periodic,0.4,0.3,fair,event,sampled-actual,64,0,0.7462158203124999,0.10205895197186757,0,0,,a0.6-b0.6;a0.7-b0.7;a0.75-b0.75;a0.8-b0.8;a0.85-b0.85;a0.95-b0.95;a1-b1,8,a0.8-b0.8,0.749725341796875,-0.003509521484375111,accepted_lag1,0.0629068327895812,0.007345249048447459,0.048228523821156805,0.0775851417580056,a0.4-b0.4,0.4,0.0755052112316844,0.012598378442103195,0.008579555068125501,0.05836033850225997,0.09265008396110883,0,Exploratory point-mean frontier/matching only; retain all points; no continuum dominance or post-selection p-value
landscape,a0.4-b0.35,64,8,periodic,0.4,0.35,fair,event,sampled-actual,64,0,0.7460327148437501,0.12836635104181243,0,0,,a0.45-b0.45;a0.5-b0.5;a0.55-b0.55;a0.6-b0.6;a0.65-b0.65;a0.7-b0.7;a0.75-b0.75;a0.8-b0.8;a0.85-b0.85;a0.95-b0.95;a1-b1,12,a0.8-b0.8,0.749725341796875,-0.003692626953124889,accepted_lag1,0.06528846820936404,0.007515502533864033,0.05026993479852624,0.08030700162020185,a0.4-b0.4,0.4,0.0755052112316844,0.010216743022320354,0.008579555068125501,0.05836033850225997,0.09265008396110883,0,Exploratory point-mean frontier/matching only; retain all points; no continuum dominance or post-selection p-value
landscape,a0.4-b0.4,64,8,periodic,0.4,0.4,fair,event,sampled-actual,64,1,0.7489013671874999,0.13333210870386156,0,0,0,a0.3-b0.3;a0.8-b0.8,16,a0.8-b0.8,0.749725341796875,-0.000823974609375111,accepted_lag1,0.0755052112316844,0.008579555068125501,0.05836033850225997,0.09265008396110883,a0.4-b0.4,0.4,0.0755052112316844,0,0.008579555068125501,0.05836033850225997,0.09265008396110883,0,Exploratory point-mean frontier/matching only; retain all points; no continuum dominance or post-selection p-value
landscape,a0.4-b0.45,64,8,periodic,0.4,0.45,fair,event,sampled-actual,64,0,0.7464599609375,0.11770499068870996,0,0,,a0.5-b0.5;a0.55-b0.55;a0.6-b0.6;a0.7-b0.7;a0.75-b0.75;a0.8-b0.8;a0.95-b0.95;a1-b1,12,a0.8-b0.8,0.749725341796875,-0.003265380859375,accepted_lag1,0.07393300426723563,0.007121829687767149,0.05970116326524276,0.0881648452692285,a0.4-b0.4,0.4,0.0755052112316844,0.0015722069644487635,0.008579555068125501,0.05836033850225997,0.09265008396110883,0,Exploratory point-mean frontier/matching only; retain all points; no continuum dominance or post-selection p-value
landscape,a0.4-b0.5,64,8,periodic,0.4,0.5,fair,event,sampled-actual,64,0,0.747833251953125,0.11804501895011069,0,0,,a0.55-b0.55;a0.6-b0.6;a0.8-b0.8;a0.95-b0.95;a1-b1,12,a0.8-b0.8,0.749725341796875,-0.00189208984375,accepted_lag1,0.07545806369092997,0.006750898043276193,0.061967470432627264,0.08894865694923268,a0.4-b0.4,0.4,0.0755052112316844,0.00004714754075442473,0.008579555068125501,0.05836033850225997,0.09265008396110883,0,Exploratory point-mean frontier/matching only; retain all points; no continuum dominance or post-selection p-value
landscape,a0.4-b0.55,64,8,periodic,0.4,0.55,fair,event,sampled-actual,64,0,0.7468872070312497,0.1083780853326427,0,0,,a0.6-b0.6;a0.7-b0.7;a0.75-b0.75;a0.8-b0.8;a0.95-b0.95;a1-b1,9,a0.8-b0.8,0.749725341796875,-0.002838134765625333,accepted_lag1,0.06528921638342128,0.006843926560802382,0.05161272046693539,0.07896571229990718,a0.4-b0.4,0.4,0.0755052112316844,0.010215994848263119,0.008579555068125501,0.05836033850225997,0.09265008396110883,0,Exploratory point-mean frontier/matching only; retain all points; no continuum dominance or post-selection p-value
landscape,a0.4-b0.6,64,8,periodic,0.4,0.6,fair,event,sampled-actual,64,0,0.746063232421875,0.12326824139220337,0,0,,a0.45-b0.45;a0.5-b0.5;a0.55-b0.55;a0.6-b0.6;a0.65-b0.65;a0.7-b0.7;a0.75-b0.75;a0.8-b0.8;a0.85-b0.85;a0.95-b0.95;a1-b1,12,a0.8-b0.8,0.749725341796875,-0.003662109375,accepted_lag1,0.0726605000820886,0.007515439926584265,0.05764209178191622,0.08767890838226099,a0.4-b0.4,0.4,0.0755052112316844,0.002844711149595794,0.008579555068125501,0.05836033850225997,0.09265008396110883,0,Exploratory point-mean frontier/matching only; retain all points; no continuum dominance or post-selection p-value
landscape,a0.4-b0.65,64,8,periodic,0.4,0.65,fair,event,sampled-actual,64,0,0.7468261718750002,0.12685731123743707,0,0,,a0.5-b0.5;a0.55-b0.55;a0.6-b0.6;a0.7-b0.7;a0.75-b0.75;a0.8-b0.8;a0.95-b0.95;a1-b1,12,a0.8-b0.8,0.749725341796875,-0.002899169921874778,accepted_lag1,0.0635726442953987,0.008509166601710768,0.046568431692136696,0.0805768568986607,a0.4-b0.4,0.4,0.0755052112316844,0.011932566936285693,0.008579555068125501,0.05836033850225997,0.09265008396110883,0,Exploratory point-mean frontier/matching only; retain all points; no continuum dominance or post-selection p-value
landscape,a0.4-b0.7,64,8,periodic,0.4,0.7,fair,event,sampled-actual,64,0,0.7449035644531251,0.1259419330426695,0,0,,a0.45-b0.45;a0.5-b0.5;a0.55-b0.55;a0.6-b0.6;a0.65-b0.65;a0.7-b0.7;a0.75-b0.75;a0.8-b0.8;a0.85-b0.85;a0.95-b0.95;a1-b1,12,a0.8-b0.8,0.749725341796875,-0.004821777343749889,accepted_lag1,0.07556150832608532,0.007920219078698717,0.05973421343547546,0.09138880321669518,a0.4-b0.4,0.4,0.0755052112316844,0.00005629709440092834,0.008579555068125501,0.05836033850225997,0.09265008396110883,0,Exploratory point-mean frontier/matching only; retain all points; no continuum dominance or post-selection p-value
landscape,a0.4-b0.75,64,8,periodic,0.4,0.75,fair,event,sampled-actual,64,0,0.747802734375,0.12028054972156295,0,0,,a0.55-b0.55;a0.6-b0.6;a0.8-b0.8;a0.95-b0.95;a1-b1,12,a0.8-b0.8,0.749725341796875,-0.001922607421875,accepted_lag1,0.06052906572336611,0.007355144160767234,0.045830982950820304,0.07522714849591192,a0.4-b0.4,0.4,0.0755052112316844,0.014976145508318287,0.008579555068125501,0.05836033850225997,0.09265008396110883,0,Exploratory point-mean frontier/matching only; retain all points; no continuum dominance or post-selection p-value
landscape,a0.4-b0.8,64,8,periodic,0.4,0.8,fair,event,sampled-actual,64,0,0.7453002929687499,0.14263357604364837,0,0,,a0.25-b0.25;a0.3-b0.3;a0.35-b0.35;a0.4-b0.4;a0.45-b0.45;a0.5-b0.5;a0.55-b0.55;a0.6-b0.6;a0.65-b0.65;a0.7-b0.7;a0.75-b0.75;a0.8-b0.8;a0.85-b0.85;a0.95-b0.95;a1-b1,16,a0.8-b0.8,0.749725341796875,-0.004425048828125111,accepted_lag1,0.058847898999549106,0.008251809297203405,0.04235797393179802,0.07533782406730019,a0.45-b0.45,0.45,0.045023164662304854,0.013824734337244252,0.006507910887662876,0.032018142488376033,0.058028186836233675,0,Exploratory point-mean frontier/matching only; retain all points; no continuum dominance or post-selection p-value
landscape,a0.4-b0.85,64,8,periodic,0.4,0.85,fair,event,sampled-actual,64,0,0.7481994628906249,0.15170116015723886,0,0,,a0.3-b0.3;a0.4-b0.4;a0.6-b0.6;a0.8-b0.8;a1-b1,16,a0.8-b0.8,0.749725341796875,-0.001525878906250111,accepted_lag1,0.06660658808807908,0.007625015272167204,0.051369210932367584,0.08184396524379058,a0.4-b0.4,0.4,0.0755052112316844,0.008898623143605316,0.008579555068125501,0.05836033850225997,0.09265008396110883,0,Exploratory point-mean frontier/matching only; retain all points; no continuum dominance or post-selection p-value
landscape,a0.4-b0.9,64,8,periodic,0.4,0.9,fair,event,sampled-actual,64,0,0.7462768554687501,0.14416595814943697,0,0,,a0.25-b0.25;a0.3-b0.3;a0.35-b0.35;a0.4-b0.4;a0.5-b0.5;a0.55-b0.55;a0.6-b0.6;a0.7-b0.7;a0.75-b0.75;a0.8-b0.8;a0.85-b0.85;a0.95-b0.95;a1-b1,16,a0.8-b0.8,0.749725341796875,-0.003448486328124889,accepted_lag1,0.06702572714001162,0.008279952680639717,0.050479562008136046,0.08357189227188719,a0.4-b0.4,0.4,0.0755052112316844,0.008479484091672776,0.008579555068125501,0.05836033850225997,0.09265008396110883,0,Exploratory point-mean frontier/matching only; retain all points; no continuum dominance or post-selection p-value
landscape,a0.4-b0.95,64,8,periodic,0.4,0.95,fair,event,sampled-actual,64,0,0.7447204589843753,0.1359086564710463,0,0,,a0.25-b0.25;a0.3-b0.3;a0.35-b0.35;a0.4-b0.4;a0.45-b0.45;a0.5-b0.5;a0.55-b0.55;a0.6-b0.6;a0.65-b0.65;a0.7-b0.7;a0.75-b0.75;a0.8-b0.8;a0.85-b0.85;a0.9-b0.9;a0.95-b0.95;a1-b1,16,a0.8-b0.8,0.749725341796875,-0.005004882812499667,accepted_lag1,0.07202083994524186,0.010959961485871222,0.05011910456355961,0.09392257532692411,a0.4-b0.4,0.4,0.0755052112316844,0.0034843712864425364,0.008579555068125501,0.05836033850225997,0.09265008396110883,0,Exploratory point-mean frontier/matching only; retain all points; no continuum dominance or post-selection p-value
landscape,a0.4-b0,64,8,periodic,0.4,0,fair,event,sampled-actual,64,0,0.7123413085937498,0.05468736953384892,0.96875,0,,,0,,,,accepted_lag1,0.1944874405078595,0.006676494453443628,0.18114553095962826,0.2078293500560907,a0.25-b0.25,0.25,0.18273640177856415,0.011751038729295338,0.006053155171912085,0.17064013638836317,0.19483266716876513,0,Exploratory point-mean frontier/matching only; retain all points; no continuum dominance or post-selection p-value
landscape,a0.4-b1,64,8,periodic,0.4,1,fair,event,sampled-actual,64,0,0.7463378906249999,0.1615756994823294,0,0,,a0.25-b0.25;a0.3-b0.3;a0.35-b0.35;a0.4-b0.4;a0.5-b0.5;a0.55-b0.55;a0.6-b0.6;a0.7-b0.7;a0.75-b0.75;a0.8-b0.8;a0.85-b0.85;a0.95-b0.95;a1-b1,16,a0.8-b0.8,0.749725341796875,-0.003387451171875111,accepted_lag1,0.06476188055205967,0.008829594761225896,0.04711734336667328,0.08240641773744606,a0.4-b0.4,0.4,0.0755052112316844,0.010743330679624727,0.008579555068125501,0.05836033850225997,0.09265008396110883,0,Exploratory point-mean frontier/matching only; retain all points; no continuum dominance or post-selection p-value
landscape,a0.45-b0.05,64,8,periodic,0.45,0.05,fair,event,sampled-actual,64,0,0.7486572265625,0.0751137038381356,0,0,,,2,a1-b1,0.7485351562499998,0.00012207031250022204,accepted_lag1,0.05368124828198913,0.005296375282722906,0.04309728682611923,0.06426520973785903,a0.45-b0.45,0.45,0.045023164662304854,0.008658083619684273,0.006507910887662876,0.032018142488376033,0.058028186836233675,0,Exploratory point-mean frontier/matching only; retain all points; no continuum dominance or post-selection p-value
landscape,a0.45-b0.1,64,8,periodic,0.45,0.1,fair,event,sampled-actual,64,0,0.7493896484374999,0.08653306379597918,0,0,,,4,a1-b1,0.7485351562499998,0.000854492187500111,accepted_lag1,0.05668535358529075,0.005764697521445553,0.04516552481281731,0.06820518235776418,a0.45-b0.45,0.45,0.045023164662304854,0.011662188922985893,0.006507910887662876,0.032018142488376033,0.058028186836233675,0,Exploratory point-mean frontier/matching only; retain all points; no continuum dominance or post-selection p-value
landscape,a0.45-b0.15,64,8,periodic,0.45,0.15,fair,event,sampled-actual,64,0,0.7487792968750001,0.085869680518285,0,0,,,4,a1-b1,0.7485351562499998,0.00024414062500033307,accepted_lag1,0.041723075317439864,0.005551863532345186,0.030628561334212108,0.05281758930066762,a0.45-b0.45,0.45,0.045023164662304854,0.00330008934486499,0.006507910887662876,0.032018142488376033,0.058028186836233675,0,Exploratory point-mean frontier/matching only; retain all points; no continuum dominance or post-selection p-value
landscape,a0.45-b0.2,64,8,periodic,0.45,0.2,fair,event,sampled-actual,64,0,0.7458801269531251,0.0807777181642041,0,0,,a0.95-b0.95;a1-b1,3,a1-b1,0.7485351562499998,-0.002655029296874667,accepted_lag1,0.028731856509994803,0.00684067990554718,0.015061848516332969,0.04240186450365664,a0.5-b0.5,0.5,0.012531413305654772,0.016200443204340033,0.006334061237025445,-0.000126198063102205,0.02518902467441175,0,Exploratory point-mean frontier/matching only; retain all points; no continuum dominance or post-selection p-value
landscape,a0.45-b0.25,64,8,periodic,0.45,0.25,fair,event,sampled-actual,64,0,0.7484130859374999,0.08840757709012619,0,0,,a0.6-b0.6;a0.8-b0.8;a1-b1,6,a0.8-b0.8,0.749725341796875,-0.001312255859375111,accepted_lag1,0.028136541931691097,0.006934294499138599,0.014279460100283928,0.041993623763098266,a0.5-b0.5,0.5,0.012531413305654772,0.015605128626036325,0.006334061237025445,-0.000126198063102205,0.02518902467441175,0,Exploratory point-mean frontier/matching only; retain all points; no continuum dominance or post-selection p-value
landscape,a0.45-b0.3,64,8,periodic,0.45,0.3,fair,event,sampled-actual,64,0,0.745269775390625,0.08978236662334182,0,0,,a0.6-b0.6;a0.7-b0.7;a0.8-b0.8;a0.85-b0.85;a0.95-b0.95;a1-b1,7,a0.8-b0.8,0.749725341796875,-0.00445556640625,accepted_lag1,0.0337797566663783,0.0070568715929941565,0.019677724058735205,0.0478817892740214,a0.45-b0.45,0.45,0.045023164662304854,0.011243407995926553,0.006507910887662876,0.032018142488376033,0.058028186836233675,0,Exploratory point-mean frontier/matching only; retain all points; no continuum dominance or post-selection p-value
landscape,a0.45-b0.35,64,8,periodic,0.45,0.35,fair,event,sampled-actual,64,0,0.746826171875,0.10190499798759585,0,0,,a0.6-b0.6;a0.7-b0.7;a0.75-b0.75;a0.8-b0.8;a0.95-b0.95;a1-b1,8,a0.8-b0.8,0.749725341796875,-0.002899169921875,accepted_lag1,0.04405494455053128,0.007891708966151476,0.028284622573696398,0.05982526652736616,a0.45-b0.45,0.45,0.045023164662304854,0.0009682201117735753,0.006507910887662876,0.032018142488376033,0.058028186836233675,0,Exploratory point-mean frontier/matching only; retain all points; no continuum dominance or post-selection p-value
landscape,a0.45-b0.4,64,8,periodic,0.45,0.4,fair,event,sampled-actual,64,0,0.7489929199218748,0.11463428312242992,0,0,,a0.8-b0.8,11,a0.8-b0.8,0.749725341796875,-0.000732421875000222,accepted_lag1,0.045219899697398716,0.0074279184965080364,0.030376389019287055,0.06006341037551038,a0.45-b0.45,0.45,0.045023164662304854,0.0001967350350938618,0.006507910887662876,0.032018142488376033,0.058028186836233675,0,Exploratory point-mean frontier/matching only; retain all points; no continuum dominance or post-selection p-value
landscape,a0.45-b0.45,64,8,periodic,0.45,0.45,fair,event,sampled-actual,64,1,0.7461242675781252,0.11508340731279627,0,0,0,a0.5-b0.5;a0.55-b0.55;a0.6-b0.6;a0.65-b0.65;a0.7-b0.7;a0.75-b0.75;a0.8-b0.8;a0.85-b0.85;a0.95-b0.95;a1-b1,12,a0.8-b0.8,0.749725341796875,-0.003601074218749778,accepted_lag1,0.045023164662304854,0.006507910887662876,0.032018142488376033,0.058028186836233675,a0.45-b0.45,0.45,0.045023164662304854,0,0.006507910887662876,0.032018142488376033,0.058028186836233675,0,Exploratory point-mean frontier/matching only; retain all points; no continuum dominance or post-selection p-value
landscape,a0.45-b0.5,64,8,periodic,0.45,0.5,fair,event,sampled-actual,64,0,0.747711181640625,0.10583302466623362,0,0,,a0.6-b0.6;a0.8-b0.8;a0.95-b0.95;a1-b1,8,a0.8-b0.8,0.749725341796875,-0.00201416015625,accepted_lag1,0.04002564956762581,0.007005831202706095,0.026025613041201427,0.054025686094050195,a0.45-b0.45,0.45,0.045023164662304854,0.004997515094679043,0.006507910887662876,0.032018142488376033,0.058028186836233675,0,Exploratory point-mean frontier/matching only; retain all points; no continuum dominance or post-selection p-value
landscape,a0.45-b0.55,64,8,periodic,0.45,0.55,fair,event,sampled-actual,64,0,0.7476501464843749,0.1222462872659448,0,0,,a0.55-b0.55;a0.6-b0.6;a0.8-b0.8;a0.95-b0.95;a1-b1,12,a0.8-b0.8,0.749725341796875,-0.002075195312500111,accepted_lag1,0.04911565180264862,0.007434005472143444,0.034259977274343385,0.06397132633095386,a0.45-b0.45,0.45,0.045023164662304854,0.004092487140343763,0.006507910887662876,0.032018142488376033,0.058028186836233675,0,Exploratory point-mean frontier/matching only; retain all points; no continuum dominance or post-selection p-value
landscape,a0.45-b0.6,64,8,periodic,0.45,0.6,fair,event,sampled-actual,64,0,0.74493408203125,0.1135714725635767,0,0,,a0.5-b0.5;a0.55-b0.55;a0.6-b0.6;a0.65-b0.65;a0.7-b0.7;a0.75-b0.75;a0.8-b0.8;a0.85-b0.85;a0.95-b0.95;a1-b1,11,a0.8-b0.8,0.749725341796875,-0.004791259765625,accepted_lag1,0.041116263881673575,0.007476621670801153,0.026175427675822524,0.056057100087524625,a0.45-b0.45,0.45,0.045023164662304854,0.00390690078063128,0.006507910887662876,0.032018142488376033,0.058028186836233675,0,Exploratory point-mean frontier/matching only; retain all points; no continuum dominance or post-selection p-value
landscape,a0.45-b0.65,64,8,periodic,0.45,0.65,fair,event,sampled-actual,64,0,0.7481384277343751,0.11625767542878444,0,0,,a0.6-b0.6;a0.8-b0.8;a1-b1,12,a0.8-b0.8,0.749725341796875,-0.001586914062499889,accepted_lag1,0.03287194542533081,0.007395066669353932,0.01809408388531708,0.04764980696534454,a0.45-b0.45,0.45,0.045023164662304854,0.012151219236974042,0.006507910887662876,0.032018142488376033,0.058028186836233675,0,Exploratory point-mean frontier/matching only; retain all points; no continuum dominance or post-selection p-value
landscape,a0.45-b0.7,64,8,periodic,0.45,0.7,fair,event,sampled-actual,64,0,0.7493591308593749,0.1176767165840956,0,0,,a0.8-b0.8,12,a0.8-b0.8,0.749725341796875,-0.000366210937500111,accepted_lag1,0.041037829229969194,0.006340539929306077,0.028367271227765313,0.053708387232173076,a0.45-b0.45,0.45,0.045023164662304854,0.00398533543233566,0.006507910887662876,0.032018142488376033,0.058028186836233675,0,Exploratory point-mean frontier/matching only; retain all points; no continuum dominance or post-selection p-value
landscape,a0.45-b0.75,64,8,periodic,0.45,0.75,fair,event,sampled-actual,64,0,0.7488403320312501,0.12163192718627024,0,0,,a0.8-b0.8,12,a0.8-b0.8,0.749725341796875,-0.000885009765624889,accepted_lag1,0.04262885201014303,0.007115349377540571,0.028409960874804036,0.05684774314548202,a0.45-b0.45,0.45,0.045023164662304854,0.002394312652161827,0.006507910887662876,0.032018142488376033,0.058028186836233675,0,Exploratory point-mean frontier/matching only; retain all points; no continuum dominance or post-selection p-value
landscape,a0.45-b0.8,64,8,periodic,0.45,0.8,fair,event,sampled-actual,64,0,0.74603271484375,0.12364098086466571,0,0,,a0.45-b0.45;a0.5-b0.5;a0.55-b0.55;a0.6-b0.6;a0.65-b0.65;a0.7-b0.7;a0.75-b0.75;a0.8-b0.8;a0.85-b0.85;a0.95-b0.95;a1-b1,12,a0.8-b0.8,0.749725341796875,-0.003692626953125,accepted_lag1,0.038507686113838625,0.006045410680997509,0.026426896853813425,0.05058847537386382,a0.45-b0.45,0.45,0.045023164662304854,0.006515478548466229,0.006507910887662876,0.032018142488376033,0.058028186836233675,0,Exploratory point-mean frontier/matching only; retain all points; no continuum dominance or post-selection p-value
landscape,a0.45-b0.85,64,8,periodic,0.45,0.85,fair,event,sampled-actual,64,0,0.7449645996093749,0.13305823063106412,0,0,,a0.25-b0.25;a0.3-b0.3;a0.35-b0.35;a0.45-b0.45;a0.5-b0.5;a0.55-b0.55;a0.6-b0.6;a0.65-b0.65;a0.7-b0.7;a0.75-b0.75;a0.8-b0.8;a0.85-b0.85;a0.95-b0.95;a1-b1,15,a0.8-b0.8,0.749725341796875,-0.004760742187500111,accepted_lag1,0.04917305465456656,0.006973514815296058,0.03523759727529146,0.06310851203384166,a0.45-b0.45,0.45,0.045023164662304854,0.004149889992261707,0.006507910887662876,0.032018142488376033,0.058028186836233675,0,Exploratory point-mean frontier/matching only; retain all points; no continuum dominance or post-selection p-value
landscape,a0.45-b0.9,64,8,periodic,0.45,0.9,fair,event,sampled-actual,64,0,0.7519531250000003,0.13045582205673775,0,0,,,13,a0.8-b0.8,0.749725341796875,0.002227783203125333,accepted_lag1,0.03253493145444419,0.0066010180203992415,0.019343849522370428,0.045726013386517946,a0.45-b0.45,0.45,0.045023164662304854,0.012488233207860668,0.006507910887662876,0.032018142488376033,0.058028186836233675,0,Exploratory point-mean frontier/matching only; retain all points; no continuum dominance or post-selection p-value
landscape,a0.45-b0.95,64,8,periodic,0.45,0.95,fair,event,sampled-actual,64,0,0.7469482421874999,0.13059335190793514,0,0,,a0.35-b0.35;a0.5-b0.5;a0.55-b0.55;a0.6-b0.6;a0.7-b0.7;a0.75-b0.75;a0.8-b0.8;a0.95-b0.95;a1-b1,13,a0.8-b0.8,0.749725341796875,-0.002777099609375111,accepted_lag1,0.04021414063953335,0.008735879094316402,0.022756879270801576,0.05767140200826513,a0.45-b0.45,0.45,0.045023164662304854,0.004809024022771502,0.006507910887662876,0.032018142488376033,0.058028186836233675,0,Exploratory point-mean frontier/matching only; retain all points; no continuum dominance or post-selection p-value
landscape,a0.45-b0,64,8,periodic,0.45,0,fair,event,sampled-actual,64,0,0.7193298339843751,0.05199995514762871,0.9375,0,,,0,,,,accepted_lag1,0.09446788630617388,0.007207581097805456,0.08006468478492314,0.10887108782742462,a0.35-b0.35,0.35,0.10372210528919634,0.009254218983022464,0.00742191032561072,0.08889060098257517,0.11855360959581751,0,Exploratory point-mean frontier/matching only; retain all points; no continuum dominance or post-selection p-value
landscape,a0.45-b1,64,8,periodic,0.45,1,fair,event,sampled-actual,64,0,0.74798583984375,0.1398958767961007,0,0,,a0.25-b0.25;a0.3-b0.3;a0.4-b0.4;a0.6-b0.6;a0.8-b0.8;a1-b1,16,a0.8-b0.8,0.749725341796875,-0.001739501953125,accepted_lag1,0.043042401324578594,0.008159318573005205,0.026737304220799875,0.05934749842835731,a0.45-b0.45,0.45,0.045023164662304854,0.00198076333772626,0.006507910887662876,0.032018142488376033,0.058028186836233675,0,Exploratory point-mean frontier/matching only; retain all points; no continuum dominance or post-selection p-value
landscape,a0.5-b0.05,64,8,periodic,0.5,0.05,fair,event,sampled-actual,64,0,0.74835205078125,0.06684836047512335,0,0,,a1-b1,1,a1-b1,0.7485351562499998,-0.00018310546874977796,accepted_lag1,-0.008412547618482416,0.00592427885409634,-0.020251274237821408,0.0034261790008565766,a0.55-b0.55,0.55,0.003584754076181902,0.011997301694664318,0.007368517078034418,-0.01114005233911069,0.018309560491474496,0,Exploratory point-mean frontier/matching only; retain all points; no continuum dominance or post-selection p-value
landscape,a0.5-b0.1,64,8,periodic,0.5,0.1,fair,event,sampled-actual,64,0,0.747222900390625,0.07620776587262237,0,0,,a1-b1,2,a1-b1,0.7485351562499998,-0.001312255859374778,accepted_lag1,0.0019847903979197693,0.006145504201368869,-0.010296019801907145,0.014265600597746685,a0.55-b0.55,0.55,0.003584754076181902,0.0015999636782621325,0.007368517078034418,-0.01114005233911069,0.018309560491474496,0,Exploratory point-mean frontier/matching only; retain all points; no continuum dominance or post-selection p-value
landscape,a0.5-b0.15,64,8,periodic,0.5,0.15,fair,event,sampled-actual,64,0,0.7504577636718753,0.09892062686585255,0,0,,,8,a0.8-b0.8,0.749725341796875,0.0007324218750003331,accepted_lag1,0.013592895492606236,0.006817680489033066,-0.00003115183458112479,0.027216942819793595,a0.5-b0.5,0.5,0.012531413305654772,0.0010614821869514637,0.006334061237025445,-0.000126198063102205,0.02518902467441175,0,Exploratory point-mean frontier/matching only; retain all points; no continuum dominance or post-selection p-value
landscape,a0.5-b0.2,64,8,periodic,0.5,0.2,fair,event,sampled-actual,64,0,0.7472229003906252,0.07959102147356341,0,0,,a0.95-b0.95;a1-b1,3,a1-b1,0.7485351562499998,-0.001312255859374556,accepted_lag1,-0.0025337333862992103,0.0063598148523057885,-0.01524280924858738,0.01017534247598896,a0.55-b0.55,0.55,0.003584754076181902,0.006118487462481112,0.007368517078034418,-0.01114005233911069,0.018309560491474496,0,Exploratory point-mean frontier/matching only; retain all points; no continuum dominance or post-selection p-value
landscape,a0.5-b0.25,64,8,periodic,0.5,0.25,fair,event,sampled-actual,64,0,0.7461547851562499,0.08187730615991569,0,0,,a0.95-b0.95;a1-b1,3,a1-b1,0.7485351562499998,-0.002380371093749889,accepted_lag1,-0.0031315466809339965,0.007025999938376181,-0.017171887209539296,0.010908793847671305,a0.55-b0.55,0.55,0.003584754076181902,0.006716300757115898,0.007368517078034418,-0.01114005233911069,0.018309560491474496,0,Exploratory point-mean frontier/matching only; retain all points; no continuum dominance or post-selection p-value
landscape,a0.5-b0.3,64,8,periodic,0.5,0.3,fair,event,sampled-actual,64,0,0.7459106445312499,0.09369066834731911,0,0,,a0.6-b0.6;a0.7-b0.7;a0.8-b0.8;a0.85-b0.85;a0.95-b0.95;a1-b1,7,a0.8-b0.8,0.749725341796875,-0.003814697265625111,accepted_lag1,0.006229205298321279,0.006384080742792256,-0.006528362076726368,0.018986772673368926,a0.55-b0.55,0.55,0.003584754076181902,0.002644451222139377,0.007368517078034418,-0.01114005233911069,0.018309560491474496,0,Exploratory point-mean frontier/matching only; retain all points; no continuum dominance or post-selection p-value
landscape,a0.5-b0.35,64,8,periodic,0.5,0.35,fair,event,sampled-actual,64,0,0.748382568359375,0.10564087695950458,0,0,,a0.6-b0.6;a0.8-b0.8;a1-b1,8,a0.8-b0.8,0.749725341796875,-0.0013427734375,accepted_lag1,0.0029047088276735688,0.006491048991605752,-0.010066617535740532,0.01587603519108767,a0.55-b0.55,0.55,0.003584754076181902,0.000680045248508333,0.007368517078034418,-0.01114005233911069,0.018309560491474496,0,Exploratory point-mean frontier/matching only; retain all points; no continuum dominance or post-selection p-value
landscape,a0.5-b0.4,64,8,periodic,0.5,0.4,fair,event,sampled-actual,64,0,0.7455139160156251,0.10835312294678524,0,0,,a0.6-b0.6;a0.65-b0.65;a0.7-b0.7;a0.75-b0.75;a0.8-b0.8;a0.85-b0.85;a0.95-b0.95;a1-b1,9,a0.8-b0.8,0.749725341796875,-0.004211425781249889,accepted_lag1,0.014718228080056309,0.007488665118718236,-0.0002466750360391873,0.029683131196151805,a0.5-b0.5,0.5,0.012531413305654772,0.0021868147744015364,0.006334061237025445,-0.000126198063102205,0.02518902467441175,0,Exploratory point-mean frontier/matching only; retain all points; no continuum dominance or post-selection p-value
landscape,a0.5-b0.45,64,8,periodic,0.5,0.45,fair,event,sampled-actual,64,0,0.74908447265625,0.1034749971227123,0,0,,a0.8-b0.8,8,a0.8-b0.8,0.749725341796875,-0.000640869140625,accepted_lag1,-0.0014098216587027906,0.006088774945757392,-0.013577267487094268,0.010757624169688687,a0.55-b0.55,0.55,0.003584754076181902,0.004994575734884692,0.007368517078034418,-0.01114005233911069,0.018309560491474496,0,Exploratory point-mean frontier/matching only; retain all points; no continuum dominance or post-selection p-value
landscape,a0.5-b0.5,64,8,periodic,0.5,0.5,fair,event,sampled-actual,64,1,0.7471923828125001,0.10956951601159133,0,0,0,a0.6-b0.6;a0.75-b0.75;a0.8-b0.8;a0.95-b0.95;a1-b1,10,a0.8-b0.8,0.749725341796875,-0.002532958984374889,accepted_lag1,0.012531413305654772,0.006334061237025445,-0.000126198063102205,0.02518902467441175,a0.5-b0.5,0.5,0.012531413305654772,0,0.006334061237025445,-0.000126198063102205,0.02518902467441175,0,Exploratory point-mean frontier/matching only; retain all points; no continuum dominance or post-selection p-value
landscape,a0.5-b0.55,64,8,periodic,0.5,0.55,fair,event,sampled-actual,64,0,0.7499999999999998,0.10306858901247412,0,0,,,8,a0.8-b0.8,0.749725341796875,0.00027465820312477796,accepted_lag1,0.01147547791308166,0.007897621793984276,-0.00430665990733245,0.02725761573349577,a0.5-b0.5,0.5,0.012531413305654772,0.001055935392573112,0.006334061237025445,-0.000126198063102205,0.02518902467441175,0,Exploratory point-mean frontier/matching only; retain all points; no continuum dominance or post-selection p-value
landscape,a0.5-b0.6,64,8,periodic,0.5,0.6,fair,event,sampled-actual,64,0,0.74652099609375,0.10372184787891367,0,0,,a0.6-b0.6;a0.7-b0.7;a0.75-b0.75;a0.8-b0.8;a0.95-b0.95;a1-b1,8,a0.8-b0.8,0.749725341796875,-0.003204345703125,accepted_lag1,0.011243245495351046,0.006333319341771381,-0.001412883314041432,0.023899374304743523,a0.5-b0.5,0.5,0.012531413305654772,0.0012881678103037267,0.006334061237025445,-0.000126198063102205,0.02518902467441175,0,Exploratory point-mean frontier/matching only; retain all points; no continuum dominance or post-selection p-value
landscape,a0.5-b0.65,64,8,periodic,0.5,0.65,fair,event,sampled-actual,64,0,0.7468566894531251,0.10229346382725596,0,0,,a0.6-b0.6;a0.7-b0.7;a0.75-b0.75;a0.8-b0.8;a0.95-b0.95;a1-b1,8,a0.8-b0.8,0.749725341796875,-0.002868652343749889,accepted_lag1,0.009876023902088131,0.008069399565822932,-0.006249384404095042,0.026001432208271304,a0.5-b0.5,0.5,0.012531413305654772,0.0026553894035666412,0.006334061237025445,-0.000126198063102205,0.02518902467441175,0,Exploratory point-mean frontier/matching only; retain all points; no continuum dominance or post-selection p-value
landscape,a0.5-b0.7,64,8,periodic,0.5,0.7,fair,event,sampled-actual,64,0,0.7466735839843749,0.10655673697873308,0,0,,a0.6-b0.6;a0.7-b0.7;a0.75-b0.75;a0.8-b0.8;a0.95-b0.95;a1-b1,9,a0.8-b0.8,0.749725341796875,-0.003051757812500111,accepted_lag1,0.02236957397718329,0.006393077387437083,0.009594028242395233,0.035145119711971345,a0.5-b0.5,0.5,0.012531413305654772,0.009838160671528517,0.006334061237025445,-0.000126198063102205,0.02518902467441175,0,Exploratory point-mean frontier/matching only; retain all points; no continuum dominance or post-selection p-value
landscape,a0.5-b0.75,64,8,periodic,0.5,0.75,fair,event,sampled-actual,64,0,0.74749755859375,0.10085752692360009,0,0,,a0.6-b0.6;a0.75-b0.75;a0.8-b0.8;a0.95-b0.95;a1-b1,8,a0.8-b0.8,0.749725341796875,-0.002227783203125,accepted_lag1,0.018070301188872418,0.006369812192888517,0.005341247235580394,0.03079935514216444,a0.5-b0.5,0.5,0.012531413305654772,0.005538887883217646,0.006334061237025445,-0.000126198063102205,0.02518902467441175,0,Exploratory point-mean frontier/matching only; retain all points; no continuum dominance or post-selection p-value
landscape,a0.5-b0.8,64,8,periodic,0.5,0.8,fair,event,sampled-actual,64,0,0.7474365234375001,0.11047838604858556,0,0,,a0.6-b0.6;a0.75-b0.75;a0.8-b0.8;a0.95-b0.95;a1-b1,10,a0.8-b0.8,0.749725341796875,-0.002288818359374889,accepted_lag1,0.018028488053400335,0.007719355873797295,0.002602586248645636,0.033454389858155034,a0.5-b0.5,0.5,0.012531413305654772,0.005497074747745563,0.006334061237025445,-0.000126198063102205,0.02518902467441175,0,Exploratory point-mean frontier/matching only; retain all points; no continuum dominance or post-selection p-value
landscape,a0.5-b0.85,64,8,periodic,0.5,0.85,fair,event,sampled-actual,64,0,0.748138427734375,0.11283138168302768,0,0,,a0.6-b0.6;a0.8-b0.8;a1-b1,11,a0.8-b0.8,0.749725341796875,-0.0015869140625,accepted_lag1,0.009739004675272991,0.007583163892661973,-0.005414739172012777,0.02489274852255876,a0.5-b0.5,0.5,0.012531413305654772,0.002792408630381781,0.006334061237025445,-0.000126198063102205,0.02518902467441175,0,Exploratory point-mean frontier/matching only; retain all points; no continuum dominance or post-selection p-value
landscape,a0.5-b0.9,64,8,periodic,0.5,0.9,fair,event,sampled-actual,64,0,0.7466735839843751,0.10224271792209204,0,0,,a0.6-b0.6;a0.7-b0.7;a0.75-b0.75;a0.8-b0.8;a0.95-b0.95;a1-b1,8,a0.8-b0.8,0.749725341796875,-0.003051757812499889,accepted_lag1,0.01174564808122387,0.00552447859732696,0.0007058585238973302,0.022785437638550413,a0.5-b0.5,0.5,0.012531413305654772,0.0007857652244309017,0.006334061237025445,-0.000126198063102205,0.02518902467441175,0,Exploratory point-mean frontier/matching only; retain all points; no continuum dominance or post-selection p-value
landscape,a0.5-b0.95,64,8,periodic,0.5,0.95,fair,event,sampled-actual,64,0,0.7456970214843749,0.12878963516501932,0,0,,a0.45-b0.45;a0.5-b0.5;a0.55-b0.55;a0.6-b0.6;a0.65-b0.65;a0.7-b0.7;a0.75-b0.75;a0.8-b0.8;a0.85-b0.85;a0.95-b0.95;a1-b1,12,a0.8-b0.8,0.749725341796875,-0.004028320312500111,accepted_lag1,0.022532150861003474,0.007453405851192772,0.007637707768703697,0.03742659395330325,a0.5-b0.5,0.5,0.012531413305654772,0.010000737555348702,0.006334061237025445,-0.000126198063102205,0.02518902467441175,0,Exploratory point-mean frontier/matching only; retain all points; no continuum dominance or post-selection p-value
landscape,a0.5-b0,64,8,periodic,0.5,0,fair,event,sampled-actual,64,0,0.7175598144531248,0.04411518056955574,0.984375,0,,,0,,,,accepted_lag1,-0.0034035089605681185,0.006971092171962057,-0.01733412507344882,0.01052710715231258,a0.55-b0.55,0.55,0.003584754076181902,0.00698826303675002,0.007368517078034418,-0.01114005233911069,0.018309560491474496,0,Exploratory point-mean frontier/matching only; retain all points; no continuum dominance or post-selection p-value
landscape,a0.5-b1,64,8,periodic,0.5,1,fair,event,sampled-actual,64,0,0.7470703124999999,0.12952859905967598,0,0,,a0.5-b0.5;a0.55-b0.55;a0.6-b0.6;a0.75-b0.75;a0.8-b0.8;a0.95-b0.95;a1-b1,12,a0.8-b0.8,0.749725341796875,-0.002655029296875111,accepted_lag1,0.025828174518252676,0.007653612202600966,0.010533650957063751,0.0411226980794416,a0.5-b0.5,0.5,0.012531413305654772,0.013296761212597904,0.006334061237025445,-0.000126198063102205,0.02518902467441175,0,Exploratory point-mean frontier/matching only; retain all points; no continuum dominance or post-selection p-value
landscape,a0.55-b0.05,64,8,periodic,0.55,0.05,fair,event,sampled-actual,64,0,0.748291015625,0.06097555881610762,0,0,,,0,,,,accepted_lag1,-0.051297233321551255,0.00687508836617743,-0.06503600113709625,-0.037558465506006264,a0.65-b0.65,0.65,-0.033789625722472384,0.01750760759907887,0.007168768631527855,-0.04811526671880538,-0.019463984726139392,0,Exploratory point-mean frontier/matching only; retain all points; no continuum dominance or post-selection p-value
landscape,a0.55-b0.1,64,8,periodic,0.55,0.1,fair,event,sampled-actual,64,0,0.7480163574218751,0.06574985901951017,0,0,,,0,,,,accepted_lag1,-0.0323363473703039,0.007000804892047103,-0.04632633961635912,-0.018346355124248682,a0.65-b0.65,0.65,-0.033789625722472384,0.0014532783521684842,0.007168768631527855,-0.04811526671880538,-0.019463984726139392,0,Exploratory point-mean frontier/matching only; retain all points; no continuum dominance or post-selection p-value
landscape,a0.55-b0.15,64,8,periodic,0.55,0.15,fair,event,sampled-actual,64,0,0.7480468749999997,0.0659159540357189,0,0,,,0,,,,accepted_lag1,-0.031669014059238144,0.006534795578332419,-0.044727761000505045,-0.018610267117971244,a0.65-b0.65,0.65,-0.033789625722472384,0.0021206116632342398,0.007168768631527855,-0.04811526671880538,-0.019463984726139392,0,Exploratory point-mean frontier/matching only; retain all points; no continuum dominance or post-selection p-value
landscape,a0.55-b0.2,64,8,periodic,0.55,0.2,fair,event,sampled-actual,64,0,0.7486267089843751,0.08515124090256941,0,0,,,4,a1-b1,0.7485351562499998,0.00009155273437533307,accepted_lag1,-0.028393295833953683,0.005835062066279623,-0.04005373692912506,-0.016732854738782308,a0.6-b0.6,0.6,-0.02954362394269102,0.0011503281087373377,0.0074203914045287206,-0.044372092927733135,-0.014715154957648906,0,Exploratory point-mean frontier/matching only; retain all points; no continuum dominance or post-selection p-value
landscape,a0.55-b0.25,64,8,periodic,0.55,0.25,fair,event,sampled-actual,64,0,0.7468566894531251,0.08562742878493465,0,0,,a0.95-b0.95;a1-b1,4,a1-b1,0.7485351562499998,-0.001678466796874667,accepted_lag1,-0.02294765983007603,0.006389580063352018,-0.03571621672035457,-0.010179102939797494,a0.6-b0.6,0.6,-0.02954362394269102,0.0065959641126149895,0.0074203914045287206,-0.044372092927733135,-0.014715154957648906,0,Exploratory point-mean frontier/matching only; retain all points; no continuum dominance or post-selection p-value
landscape,a0.55-b0.3,64,8,periodic,0.55,0.3,fair,event,sampled-actual,64,0,0.7469482421875001,0.09281151677832444,0,0,,a0.6-b0.6;a0.7-b0.7;a0.8-b0.8;a0.95-b0.95;a1-b1,7,a0.8-b0.8,0.749725341796875,-0.002777099609374889,accepted_lag1,-0.01478784230565933,0.006839778240715116,-0.028456048465931486,-0.0011196361453871748,a0.6-b0.6,0.6,-0.02954362394269102,0.01475578163703169,0.0074203914045287206,-0.044372092927733135,-0.014715154957648906,0,Exploratory point-mean frontier/matching only; retain all points; no continuum dominance or post-selection p-value
landscape,a0.55-b0.35,64,8,periodic,0.55,0.35,fair,event,sampled-actual,64,0,0.749053955078125,0.08758241862594092,0,0,,a0.8-b0.8,6,a0.8-b0.8,0.749725341796875,-0.00067138671875,accepted_lag1,-0.02425831949719567,0.005870786717076848,-0.03599015061042254,-0.012526488383968803,a0.6-b0.6,0.6,-0.02954362394269102,0.00528530444549535,0.0074203914045287206,-0.044372092927733135,-0.014715154957648906,0,Exploratory point-mean frontier/matching only; retain all points; no continuum dominance or post-selection p-value
landscape,a0.55-b0.4,64,8,periodic,0.55,0.4,fair,event,sampled-actual,64,0,0.7481384277343747,0.09245066247422341,0,0,,a0.6-b0.6;a0.8-b0.8;a1-b1,7,a0.8-b0.8,0.749725341796875,-0.001586914062500333,accepted_lag1,-0.021249624287985634,0.006253263737144618,-0.03374577473699644,-0.008753473838974825,a0.6-b0.6,0.6,-0.02954362394269102,0.008293999654705387,0.0074203914045287206,-0.044372092927733135,-0.014715154957648906,0,Exploratory point-mean frontier/matching only; retain all points; no continuum dominance or post-selection p-value
landscape,a0.55-b0.45,64,8,periodic,0.55,0.45,fair,event,sampled-actual,64,0,0.7450256347656249,0.08331284322493332,0,0,,a0.85-b0.85;a0.95-b0.95;a1-b1,4,a1-b1,0.7485351562499998,-0.003509521484374889,accepted_lag1,-0.02723309735884735,0.006279596847884354,-0.03978187033066006,-0.014684324387034639,a0.6-b0.6,0.6,-0.02954362394269102,0.0023105265838436716,0.0074203914045287206,-0.044372092927733135,-0.014715154957648906,0,Exploratory point-mean frontier/matching only; retain all points; no continuum dominance or post-selection p-value
landscape,a0.55-b0.5,64,8,periodic,0.55,0.5,fair,event,sampled-actual,64,0,0.7468261718749999,0.10621122237738857,0,0,,a0.6-b0.6;a0.7-b0.7;a0.75-b0.75;a0.8-b0.8;a0.95-b0.95;a1-b1,9,a0.8-b0.8,0.749725341796875,-0.002899169921875111,accepted_lag1,-0.013303581392315411,0.005627962939962946,-0.02455016790704755,-0.002056994877583273,a0.6-b0.6,0.6,-0.02954362394269102,0.01624004255037561,0.0074203914045287206,-0.044372092927733135,-0.014715154957648906,0,Exploratory point-mean frontier/matching only; retain all points; no continuum dominance or post-selection p-value
landscape,a0.55-b0.55,64,8,periodic,0.55,0.55,fair,event,sampled-actual,64,1,0.7478637695312502,0.11191245962916349,0,0,0,a0.6-b0.6;a0.8-b0.8;a1-b1,11,a0.8-b0.8,0.749725341796875,-0.001861572265624778,accepted_lag1,0.003584754076181902,0.007368517078034418,-0.01114005233911069,0.018309560491474496,a0.55-b0.55,0.55,0.003584754076181902,0,0.007368517078034418,-0.01114005233911069,0.018309560491474496,0,Exploratory point-mean frontier/matching only; retain all points; no continuum dominance or post-selection p-value
landscape,a0.55-b0.6,64,8,periodic,0.55,0.6,fair,event,sampled-actual,64,0,0.7483825683593748,0.10729694085017209,0,0,,a0.6-b0.6;a0.8-b0.8;a1-b1,9,a0.8-b0.8,0.749725341796875,-0.001342773437500222,accepted_lag1,0.0024437938121248085,0.00725509345020291,-0.0120543535691923,0.016941941193441917,a0.55-b0.55,0.55,0.003584754076181902,0.0011409602640570934,0.007368517078034418,-0.01114005233911069,0.018309560491474496,0,Exploratory point-mean frontier/matching only; retain all points; no continuum dominance or post-selection p-value
landscape,a0.55-b0.65,64,8,periodic,0.55,0.65,fair,event,sampled-actual,64,0,0.7472229003906251,0.09845722107402118,0,0,,a0.6-b0.6;a0.75-b0.75;a0.8-b0.8;a0.95-b0.95;a1-b1,8,a0.8-b0.8,0.749725341796875,-0.002502441406249889,accepted_lag1,-0.005692820418276522,0.006554246376685389,-0.018790436678476557,0.007404795841923512,a0.55-b0.55,0.55,0.003584754076181902,0.009277574494458424,0.007368517078034418,-0.01114005233911069,0.018309560491474496,0,Exploratory point-mean frontier/matching only; retain all points; no continuum dominance or post-selection p-value
landscape,a0.55-b0.7,64,8,periodic,0.55,0.7,fair,event,sampled-actual,64,0,0.7490539550781248,0.10587174517497058,0,0,,a0.8-b0.8,8,a0.8-b0.8,0.749725341796875,-0.000671386718750222,accepted_lag1,-0.0037644386310308558,0.006952739524471829,-0.01765837990436924,0.010129502642307529,a0.55-b0.55,0.55,0.003584754076181902,0.007349192707212758,0.007368517078034418,-0.01114005233911069,0.018309560491474496,0,Exploratory point-mean frontier/matching only; retain all points; no continuum dominance or post-selection p-value
landscape,a0.55-b0.75,64,8,periodic,0.55,0.75,fair,event,sampled-actual,64,0,0.746826171875,0.09313390196021949,0,0,,a0.6-b0.6;a0.7-b0.7;a0.8-b0.8;a0.95-b0.95;a1-b1,7,a0.8-b0.8,0.749725341796875,-0.002899169921875,accepted_lag1,-0.002916494313935129,0.005723849499525612,-0.014354694828124171,0.008521706200253915,a0.55-b0.55,0.55,0.003584754076181902,0.006501248390117031,0.007368517078034418,-0.01114005233911069,0.018309560491474496,0,Exploratory point-mean frontier/matching only; retain all points; no continuum dominance or post-selection p-value
landscape,a0.55-b0.8,64,8,periodic,0.55,0.8,fair,event,sampled-actual,64,0,0.7468872070312499,0.09462227482723057,0,0,,a0.6-b0.6;a0.7-b0.7;a0.8-b0.8;a0.95-b0.95;a1-b1,7,a0.8-b0.8,0.749725341796875,-0.002838134765625111,accepted_lag1,-0.004290723577104122,0.007289438393762052,-0.018857503851566048,0.010276056697357806,a0.55-b0.55,0.55,0.003584754076181902,0.007875477653286025,0.007368517078034418,-0.01114005233911069,0.018309560491474496,0,Exploratory point-mean frontier/matching only; retain all points; no continuum dominance or post-selection p-value
landscape,a0.55-b0.85,64,8,periodic,0.55,0.85,fair,event,sampled-actual,64,0,0.7465209960937498,0.08878399183728578,0,0,,a0.6-b0.6;a0.8-b0.8;a0.95-b0.95;a1-b1,6,a0.8-b0.8,0.749725341796875,-0.003204345703125222,accepted_lag1,0.00029850354987136457,0.006741451688618256,-0.01317321267493936,0.013770219774682088,a0.55-b0.55,0.55,0.003584754076181902,0.0032862505263105374,0.007368517078034418,-0.01114005233911069,0.018309560491474496,0,Exploratory point-mean frontier/matching only; retain all points; no continuum dominance or post-selection p-value
landscape,a0.55-b0.9,64,8,periodic,0.55,0.9,fair,event,sampled-actual,64,0,0.7464294433593752,0.0962318196228694,0,0,,a0.6-b0.6;a0.7-b0.7;a0.8-b0.8;a0.95-b0.95;a1-b1,7,a0.8-b0.8,0.749725341796875,-0.003295898437499778,accepted_lag1,0.007834937958856406,0.006717384781737732,-0.005588684390201895,0.021258560307914707,a0.55-b0.55,0.55,0.003584754076181902,0.004250183882674504,0.007368517078034418,-0.01114005233911069,0.018309560491474496,0,Exploratory point-mean frontier/matching only; retain all points; no continuum dominance or post-selection p-value
landscape,a0.55-b0.95,64,8,periodic,0.55,0.95,fair,event,sampled-actual,64,0,0.749267578125,0.11589118262349729,0,0,,a0.8-b0.8,12,a0.8-b0.8,0.749725341796875,-0.000457763671875,accepted_lag1,0.005596461044170868,0.006926735872057544,-0.008245516076294434,0.019438438164636168,a0.55-b0.55,0.55,0.003584754076181902,0.002011706967988966,0.007368517078034418,-0.01114005233911069,0.018309560491474496,0,Exploratory point-mean frontier/matching only; retain all points; no continuum dominance or post-selection p-value
landscape,a0.55-b0,64,8,periodic,0.55,0,fair,event,sampled-actual,64,0,0.7146301269531251,0.036256606400613525,0.953125,0,,,0,,,,accepted_lag1,-0.10200758044775729,0.00692663592836918,-0.11584935784669817,-0.08816580304881641,a0.8-b0.8,0.8,-0.10179555900181153,0.00021202144594575922,0.006062210096027424,-0.11390991921398164,-0.08968119878964143,0,Exploratory point-mean frontier/matching only; retain all points; no continuum dominance or post-selection p-value
landscape,a0.55-b1,64,8,periodic,0.55,1,fair,event,sampled-actual,64,0,0.7501525878906252,0.12794008312974564,0,0,,,12,a0.8-b0.8,0.749725341796875,0.00042724609375022204,accepted_lag1,0.003506520057229595,0.007037453869766018,-0.010556709326843267,0.017569749441302455,a0.55-b0.55,0.55,0.003584754076181902,0.00007823401895230668,0.007368517078034418,-0.01114005233911069,0.018309560491474496,0,Exploratory point-mean frontier/matching only; retain all points; no continuum dominance or post-selection p-value
landscape,a0.6-b0.05,64,8,periodic,0.6,0.05,fair,event,sampled-actual,64,0,0.7490234375,0.06127889131270941,0,0,,,0,,,,accepted_lag1,-0.11512283954752867,0.006345315156329981,-0.12780294007949417,-0.10244273901556318,a0.85-b0.85,0.85,-0.11524800460510232,0.0001251650575736507,0.006366082125075994,-0.12796960461265822,-0.1025264045975464,0,Exploratory point-mean frontier/matching only; retain all points; no continuum dominance or post-selection p-value
landscape,a0.6-b0.1,64,8,periodic,0.6,0.1,fair,event,sampled-actual,64,0,0.7474670410156249,0.06945866422504239,0,0,,a1-b1,1,a1-b1,0.7485351562499998,-0.001068115234374889,accepted_lag1,-0.08724396756332733,0.006440934119346265,-0.10011514734572205,-0.07437278778093262,a0.75-b0.75,0.75,-0.08199584961146761,0.0052481179518597265,0.006752575753622776,-0.0954897955063745,-0.06850190371656072,0,Exploratory point-mean frontier/matching only; retain all points; no continuum dominance or post-selection p-value
landscape,a0.6-b0.15,64,8,periodic,0.6,0.15,fair,event,sampled-actual,64,0,0.74755859375,0.07878195515949155,0,0,,a0.95-b0.95;a1-b1,3,a1-b1,0.7485351562499998,-0.000976562499999778,accepted_lag1,-0.07361148467308479,0.006625629403073326,-0.08685174852896366,-0.06037122081720591,a0.7-b0.7,0.7,-0.07150562780327102,0.002105856869813766,0.0065647932602670295,-0.0846243203285295,-0.058386935278012544,0,Exploratory point-mean frontier/matching only; retain all points; no continuum dominance or post-selection p-value
landscape,a0.6-b0.2,64,8,periodic,0.6,0.2,fair,event,sampled-actual,64,0,0.749114990234375,0.09463118389551894,0,0,,a0.8-b0.8,7,a0.8-b0.8,0.749725341796875,-0.0006103515625,accepted_lag1,-0.06111414423383154,0.006331654717057061,-0.0737669465561693,-0.04846134191149377,a0.7-b0.7,0.7,-0.07150562780327102,0.010391483569439482,0.0065647932602670295,-0.0846243203285295,-0.058386935278012544,0,Exploratory point-mean frontier/matching only; retain all points; no continuum dominance or post-selection p-value
landscape,a0.6-b0.25,64,8,periodic,0.6,0.25,fair,event,sampled-actual,64,0,0.7475585937500002,0.10070502774412335,0,0,,a0.6-b0.6;a0.8-b0.8;a0.95-b0.95;a1-b1,8,a0.8-b0.8,0.749725341796875,-0.002166748046874778,accepted_lag1,-0.0574204152630231,0.006701667203933593,-0.07081262853912516,-0.044028201986921034,a0.7-b0.7,0.7,-0.07150562780327102,0.014085212540247923,0.0065647932602670295,-0.0846243203285295,-0.058386935278012544,0,Exploratory point-mean frontier/matching only; retain all points; no continuum dominance or post-selection p-value
landscape,a0.6-b0.3,64,8,periodic,0.6,0.3,fair,event,sampled-actual,64,0,0.7521972656250002,0.07838794902718198,0,1,,,3,a1-b1,0.7485351562499998,0.003662109375000444,accepted_lag1,-0.05261768493840083,0.006122479466901417,-0.06485248387786066,-0.04038288599894099,a0.65-b0.65,0.65,-0.033789625722472384,0.018828059215928443,0.007168768631527855,-0.04811526671880538,-0.019463984726139392,0,Exploratory point-mean frontier/matching only; retain all points; no continuum dominance or post-selection p-value
landscape,a0.6-b0.35,64,8,periodic,0.6,0.35,fair,event,sampled-actual,64,0,0.7488098144531248,0.08763762583333679,0,0,,a0.8-b0.8,6,a0.8-b0.8,0.749725341796875,-0.000915527343750222,accepted_lag1,-0.05035788002956231,0.006784196094819982,-0.06391501413425192,-0.0368007459248727,a0.65-b0.65,0.65,-0.033789625722472384,0.016568254307089927,0.007168768631527855,-0.04811526671880538,-0.019463984726139392,0,Exploratory point-mean frontier/matching only; retain all points; no continuum dominance or post-selection p-value
landscape,a0.6-b0.4,64,8,periodic,0.6,0.4,fair,event,sampled-actual,64,0,0.7485046386718748,0.08977687256262734,0,0,,a0.6-b0.6;a0.8-b0.8;a1-b1,7,a0.8-b0.8,0.749725341796875,-0.001220703125000222,accepted_lag1,-0.041967295234019535,0.007864513062975623,-0.05768327053494764,-0.02625131993309143,a0.65-b0.65,0.65,-0.033789625722472384,0.00817766951154715,0.007168768631527855,-0.04811526671880538,-0.019463984726139392,0,Exploratory point-mean frontier/matching only; retain all points; no continuum dominance or post-selection p-value
landscape,a0.6-b0.45,64,8,periodic,0.6,0.45,fair,event,sampled-actual,64,0,0.7488403320312501,0.0879280968563194,0,0,,a0.8-b0.8,6,a0.8-b0.8,0.749725341796875,-0.000885009765624889,accepted_lag1,-0.04997222250998115,0.006764836927289653,-0.06349067040532545,-0.03645377461463685,a0.65-b0.65,0.65,-0.033789625722472384,0.016182596787508767,0.007168768631527855,-0.04811526671880538,-0.019463984726139392,0,Exploratory point-mean frontier/matching only; retain all points; no continuum dominance or post-selection p-value
landscape,a0.6-b0.5,64,8,periodic,0.6,0.5,fair,event,sampled-actual,64,0,0.7458190917968748,0.09200895825354494,0,0,,a0.6-b0.6;a0.7-b0.7;a0.8-b0.8;a0.85-b0.85;a0.95-b0.95;a1-b1,7,a0.8-b0.8,0.749725341796875,-0.003906250000000222,accepted_lag1,-0.029922829552413564,0.008516332638770337,-0.04694136233806091,-0.012904296766766216,a0.6-b0.6,0.6,-0.02954362394269102,0.0003792056097225438,0.0074203914045287206,-0.044372092927733135,-0.014715154957648906,0,Exploratory point-mean frontier/matching only; retain all points; no continuum dominance or post-selection p-value
landscape,a0.6-b0.55,64,8,periodic,0.6,0.55,fair,event,sampled-actual,64,0,0.7483825683593751,0.09148837894705404,0,0,,a0.6-b0.6;a0.8-b0.8;a1-b1,7,a0.8-b0.8,0.749725341796875,-0.001342773437499889,accepted_lag1,-0.036939999141056556,0.006545728728096646,-0.05002059423875476,-0.023859404043358352,a0.65-b0.65,0.65,-0.033789625722472384,0.0031503734185841722,0.007168768631527855,-0.04811526671880538,-0.019463984726139392,0,Exploratory point-mean frontier/matching only; retain all points; no continuum dominance or post-selection p-value
landscape,a0.6-b0.6,64,8,periodic,0.6,0.6,fair,event,sampled-actual,64,1,0.7486572265624999,0.0874887162027875,0,0,0,a0.8-b0.8,6,a0.8-b0.8,0.749725341796875,-0.001068115234375111,accepted_lag1,-0.02954362394269102,0.0074203914045287206,-0.044372092927733135,-0.014715154957648906,a0.6-b0.6,0.6,-0.02954362394269102,0,0.0074203914045287206,-0.044372092927733135,-0.014715154957648906,0,Exploratory point-mean frontier/matching only; retain all points; no continuum dominance or post-selection p-value
landscape,a0.6-b0.65,64,8,periodic,0.6,0.65,fair,event,sampled-actual,64,0,0.7456054687499999,0.10364393603211196,0,0,,a0.6-b0.6;a0.7-b0.7;a0.75-b0.75;a0.8-b0.8;a0.85-b0.85;a0.95-b0.95;a1-b1,8,a0.8-b0.8,0.749725341796875,-0.004119873046875111,accepted_lag1,-0.02036734802344914,0.005633423426193446,-0.03162484644919756,-0.009109849597700717,a0.6-b0.6,0.6,-0.02954362394269102,0.009176275919241882,0.0074203914045287206,-0.044372092927733135,-0.014715154957648906,0,Exploratory point-mean frontier/matching only; retain all points; no continuum dominance or post-selection p-value
landscape,a0.6-b0.7,64,8,periodic,0.6,0.7,fair,event,sampled-actual,64,0,0.7488403320312501,0.10310912451814233,0,0,,a0.8-b0.8,8,a0.8-b0.8,0.749725341796875,-0.000885009765624889,accepted_lag1,-0.022611953243836143,0.00670844923873155,-0.03601771933503575,-0.009206187152636533,a0.6-b0.6,0.6,-0.02954362394269102,0.006931670698854878,0.0074203914045287206,-0.044372092927733135,-0.014715154957648906,0,Exploratory point-mean frontier/matching only; retain all points; no continuum dominance or post-selection p-value
landscape,a0.6-b0.75,64,8,periodic,0.6,0.75,fair,event,sampled-actual,64,0,0.7475280761718751,0.1001611063686726,0,0,,a0.6-b0.6;a0.8-b0.8;a0.95-b0.95;a1-b1,8,a0.8-b0.8,0.749725341796875,-0.002197265624999889,accepted_lag1,-0.02073560103625206,0.006446536965624611,-0.03361797721351831,-0.00785322485898581,a0.6-b0.6,0.6,-0.02954362394269102,0.00880802290643896,0.0074203914045287206,-0.044372092927733135,-0.014715154957648906,0,Exploratory point-mean frontier/matching only; retain all points; no continuum dominance or post-selection p-value
landscape,a0.6-b0.8,64,8,periodic,0.6,0.8,fair,event,sampled-actual,64,0,0.7486572265625,0.10003639034296603,0,0,,a0.8-b0.8,8,a0.8-b0.8,0.749725341796875,-0.001068115234375,accepted_lag1,-0.019357562512277257,0.00660860864391776,-0.03256381309507109,-0.006151311929483429,a0.6-b0.6,0.6,-0.02954362394269102,0.010186061430413763,0.0074203914045287206,-0.044372092927733135,-0.014715154957648906,0,Exploratory point-mean frontier/matching only; retain all points; no continuum dominance or post-selection p-value
landscape,a0.6-b0.85,64,8,periodic,0.6,0.85,fair,event,sampled-actual,64,0,0.749603271484375,0.08949540473814241,0,0,,a0.8-b0.8,6,a0.8-b0.8,0.749725341796875,-0.0001220703125,accepted_lag1,-0.0228218398746466,0.006597225721392743,-0.036005343501866315,-0.009638336247426887,a0.6-b0.6,0.6,-0.02954362394269102,0.006721784068044419,0.0074203914045287206,-0.044372092927733135,-0.014715154957648906,0,Exploratory point-mean frontier/matching only; retain all points; no continuum dominance or post-selection p-value
landscape,a0.6-b0.9,64,8,periodic,0.6,0.9,fair,event,sampled-actual,64,0,0.7465515136718751,0.09241780280733292,0,0,,a0.6-b0.6;a0.7-b0.7;a0.8-b0.8;a0.95-b0.95;a1-b1,7,a0.8-b0.8,0.749725341796875,-0.003173828124999889,accepted_lag1,-0.0068302660872372216,0.006649258249759252,-0.02011774842542159,0.006457216250947148,a0.55-b0.55,0.55,0.003584754076181902,0.010415020163419123,0.007368517078034418,-0.01114005233911069,0.018309560491474496,0,Exploratory point-mean frontier/matching only; retain all points; no continuum dominance or post-selection p-value
landscape,a0.6-b0.95,64,8,periodic,0.6,0.95,fair,event,sampled-actual,64,0,0.7467346191406252,0.09843026776323191,0,0,,a0.6-b0.6;a0.7-b0.7;a0.75-b0.75;a0.8-b0.8;a0.95-b0.95;a1-b1,8,a0.8-b0.8,0.749725341796875,-0.002990722656249778,accepted_lag1,-0.013657836848907201,0.0063378341092587675,-0.026322987701209777,-0.0009926859966046236,a0.6-b0.6,0.6,-0.02954362394269102,0.01588578709378382,0.0074203914045287206,-0.044372092927733135,-0.014715154957648906,0,Exploratory point-mean frontier/matching only; retain all points; no continuum dominance or post-selection p-value
landscape,a0.6-b0,64,8,periodic,0.6,0,fair,event,sampled-actual,64,0,0.719390869140625,0.034684883908076045,0.953125,0,,,0,,,,accepted_lag1,-0.2072458685851103,0.006711417225576359,-0.22065756572475156,-0.19383417144546902,a1-b1,1,-0.15774488233655717,0.04950098624855312,0.006065230774705537,-0.1698652788933957,-0.14562448577971865,1,Exploratory point-mean frontier/matching only; retain all points; no continuum dominance or post-selection p-value
landscape,a0.6-b1,64,8,periodic,0.6,1,fair,event,sampled-actual,64,0,0.7488403320312502,0.1252005403447367,0,0,,a0.8-b0.8,12,a0.8-b0.8,0.749725341796875,-0.000885009765624778,accepted_lag1,-0.015262088755165359,0.007520827157682636,-0.03029126257765355,-0.0002329149326771706,a0.6-b0.6,0.6,-0.02954362394269102,0.014281535187525661,0.0074203914045287206,-0.044372092927733135,-0.014715154957648906,0,Exploratory point-mean frontier/matching only; retain all points; no continuum dominance or post-selection p-value
landscape,a0.65-b0.05,64,8,periodic,0.65,0.05,fair,event,sampled-actual,64,0,0.7474365234375,0.054195043230346046,0,0,,,0,,,,accepted_lag1,-0.17037203311652963,0.005981945945081408,-0.1823259982217533,-0.15841806801130595,a1-b1,1,-0.15774488233655717,0.012627150779972451,0.006065230774705537,-0.1698652788933957,-0.14562448577971865,1,Exploratory point-mean frontier/matching only; retain all points; no continuum dominance or post-selection p-value
landscape,a0.65-b0.1,64,8,periodic,0.65,0.1,fair,event,sampled-actual,64,0,0.7490234374999999,0.06472025268109205,0,0,,,0,,,,accepted_lag1,-0.13191039564565532,0.0070432600587516025,-0.1459852277725756,-0.11783556351873503,a0.9-b0.9,0.9,-0.13251322645143762,0.0006028308057823006,0.006803420279334522,-0.14610877702343952,-0.1189176758794357,0,Exploratory point-mean frontier/matching only; retain all points; no continuum dominance or post-selection p-value
landscape,a0.65-b0.15,64,8,periodic,0.65,0.15,fair,event,sampled-actual,64,0,0.7464599609374998,0.08197568216797228,0,0,,a0.95-b0.95;a1-b1,3,a1-b1,0.7485351562499998,-0.0020751953125,accepted_lag1,-0.10607093629534703,0.006718819893847793,-0.11949742648711792,-0.09264444610357614,a0.8-b0.8,0.8,-0.10179555900181153,0.004275377293535498,0.006062210096027424,-0.11390991921398164,-0.08968119878964143,0,Exploratory point-mean frontier/matching only; retain all points; no continuum dominance or post-selection p-value
landscape,a0.65-b0.2,64,8,periodic,0.65,0.2,fair,event,sampled-actual,64,0,0.7439575195312501,0.07595737671309984,0,0,,a0.9-b0.9;a1-b1,2,a1-b1,0.7485351562499998,-0.004577636718749667,accepted_lag1,-0.09961502847673843,0.0064244500963140955,-0.11245326756760413,-0.08677678938587274,a0.8-b0.8,0.8,-0.10179555900181153,0.002180530525073096,0.006062210096027424,-0.11390991921398164,-0.08968119878964143,0,Exploratory point-mean frontier/matching only; retain all points; no continuum dominance or post-selection p-value
landscape,a0.65-b0.25,64,8,periodic,0.65,0.25,fair,event,sampled-actual,64,0,0.748291015625,0.07787611782361105,0,0,,a1-b1,3,a1-b1,0.7485351562499998,-0.00024414062499977796,accepted_lag1,-0.08875949315895348,0.006500740969300933,-0.10175018739433307,-0.0757687989235739,a0.75-b0.75,0.75,-0.08199584961146761,0.006763643547485876,0.006752575753622776,-0.0954897955063745,-0.06850190371656072,0,Exploratory point-mean frontier/matching only; retain all points; no continuum dominance or post-selection p-value
landscape,a0.65-b0.3,64,8,periodic,0.65,0.3,fair,event,sampled-actual,64,0,0.7474670410156249,0.07814662361497894,0,0,,a0.95-b0.95;a1-b1,3,a1-b1,0.7485351562499998,-0.001068115234374889,accepted_lag1,-0.07544613725961599,0.006543839549185283,-0.08852295713450355,-0.06236931738472844,a0.7-b0.7,0.7,-0.07150562780327102,0.0039405094563449705,0.0065647932602670295,-0.0846243203285295,-0.058386935278012544,0,Exploratory point-mean frontier/matching only; retain all points; no continuum dominance or post-selection p-value
landscape,a0.65-b0.35,64,8,periodic,0.65,0.35,fair,event,sampled-actual,64,0,0.7482604980468749,0.08833549194380187,0,0,,a0.6-b0.6;a0.8-b0.8;a1-b1,6,a0.8-b0.8,0.749725341796875,-0.001464843750000111,accepted_lag1,-0.07082056122788583,0.006975601226667566,-0.08476018796759299,-0.056880934488178665,a0.7-b0.7,0.7,-0.07150562780327102,0.0006850665753851959,0.0065647932602670295,-0.0846243203285295,-0.058386935278012544,0,Exploratory point-mean frontier/matching only; retain all points; no continuum dominance or post-selection p-value
landscape,a0.65-b0.4,64,8,periodic,0.65,0.4,fair,event,sampled-actual,64,0,0.7485351562500001,0.07800355553008624,0,0,,,3,a1-b1,0.7485351562499998,3.3306690738754696e-16,accepted_lag1,-0.0729065615847177,0.006040737268381587,-0.08497801177484057,-0.060835111394594826,a0.7-b0.7,0.7,-0.07150562780327102,0.0014009337814466782,0.0065647932602670295,-0.0846243203285295,-0.058386935278012544,0,Exploratory point-mean frontier/matching only; retain all points; no continuum dominance or post-selection p-value
landscape,a0.65-b0.45,64,8,periodic,0.65,0.45,fair,event,sampled-actual,64,0,0.7464599609375,0.10533058448403018,0,0,,a0.6-b0.6;a0.7-b0.7;a0.75-b0.75;a0.8-b0.8;a0.95-b0.95;a1-b1,8,a0.8-b0.8,0.749725341796875,-0.003265380859375,accepted_lag1,-0.06454851655537917,0.006113581247633241,-0.07676553382251917,-0.05233149928823918,a0.7-b0.7,0.7,-0.07150562780327102,0.006957111247891848,0.0065647932602670295,-0.0846243203285295,-0.058386935278012544,0,Exploratory point-mean frontier/matching only; retain all points; no continuum dominance or post-selection p-value
landscape,a0.65-b0.5,64,8,periodic,0.65,0.5,fair,event,sampled-actual,64,0,0.7489318847656251,0.0939337333451445,0,0,,a0.8-b0.8,7,a0.8-b0.8,0.749725341796875,-0.000793457031249889,accepted_lag1,-0.05886005150718361,0.005420643759289502,-0.06969234369793383,-0.0480277593164334,a0.7-b0.7,0.7,-0.07150562780327102,0.01264557629608741,0.0065647932602670295,-0.0846243203285295,-0.058386935278012544,0,Exploratory point-mean frontier/matching only; retain all points; no continuum dominance or post-selection p-value
landscape,a0.65-b0.55,64,8,periodic,0.65,0.55,fair,event,sampled-actual,64,0,0.7480163574218749,0.08037627670502515,0,0,,a1-b1,3,a1-b1,0.7485351562499998,-0.000518798828124889,accepted_lag1,-0.053460776920542775,0.005510456282013443,-0.06447254511667831,-0.042449008724407246,a0.7-b0.7,0.7,-0.07150562780327102,0.018044850882728246,0.0065647932602670295,-0.0846243203285295,-0.058386935278012544,0,Exploratory point-mean frontier/matching only; retain all points; no continuum dominance or post-selection p-value
landscape,a0.65-b0.6,64,8,periodic,0.65,0.6,fair,event,sampled-actual,64,0,0.7495117187499998,0.09615932801763333,0,0,,a0.8-b0.8,7,a0.8-b0.8,0.749725341796875,-0.00021362304687522204,accepted_lag1,-0.04649412813560104,0.006709178796464222,-0.05990135213159596,-0.03308690413960612,a0.65-b0.65,0.65,-0.033789625722472384,0.012704502413128656,0.007168768631527855,-0.04811526671880538,-0.019463984726139392,0,Exploratory point-mean frontier/matching only; retain all points; no continuum dominance or post-selection p-value
landscape,a0.65-b0.65,64,8,periodic,0.65,0.65,fair,event,sampled-actual,64,1,0.7462158203125,0.10616193014132244,0,0,0,a0.6-b0.6;a0.7-b0.7;a0.75-b0.75;a0.8-b0.8;a0.85-b0.85;a0.95-b0.95;a1-b1,9,a0.8-b0.8,0.749725341796875,-0.003509521484375,accepted_lag1,-0.033789625722472384,0.007168768631527855,-0.04811526671880538,-0.019463984726139392,a0.65-b0.65,0.65,-0.033789625722472384,0,0.007168768631527855,-0.04811526671880538,-0.019463984726139392,0,Exploratory point-mean frontier/matching only; retain all points; no continuum dominance or post-selection p-value
landscape,a0.65-b0.7,64,8,periodic,0.65,0.7,fair,event,sampled-actual,64,0,0.7480163574218748,0.09826216318556727,0,0,,a0.6-b0.6;a0.8-b0.8;a1-b1,8,a0.8-b0.8,0.749725341796875,-0.001708984375000222,accepted_lag1,-0.04309869759496172,0.006555705261298703,-0.0561992292034314,-0.029998165986492034,a0.65-b0.65,0.65,-0.033789625722472384,0.009309071872489333,0.007168768631527855,-0.04811526671880538,-0.019463984726139392,0,Exploratory point-mean frontier/matching only; retain all points; no continuum dominance or post-selection p-value
landscape,a0.65-b0.75,64,8,periodic,0.65,0.75,fair,event,sampled-actual,64,0,0.74713134765625,0.10642714137471183,0,0,,a0.6-b0.6;a0.75-b0.75;a0.8-b0.8;a0.95-b0.95;a1-b1,9,a0.8-b0.8,0.749725341796875,-0.002593994140625,accepted_lag1,-0.0331350383877813,0.007054385076235868,-0.04723210208817665,-0.019037974687385946,a0.65-b0.65,0.65,-0.033789625722472384,0.0006545873346910855,0.007168768631527855,-0.04811526671880538,-0.019463984726139392,0,Exploratory point-mean frontier/matching only; retain all points; no continuum dominance or post-selection p-value
landscape,a0.65-b0.8,64,8,periodic,0.65,0.8,fair,event,sampled-actual,64,0,0.746917724609375,0.10557381170417915,0,0,,a0.6-b0.6;a0.7-b0.7;a0.75-b0.75;a0.8-b0.8;a0.95-b0.95;a1-b1,8,a0.8-b0.8,0.749725341796875,-0.0028076171875,accepted_lag1,-0.04108422831217373,0.007029316880900195,-0.055131197221501976,-0.027037259402845484,a0.65-b0.65,0.65,-0.033789625722472384,0.0072946025897013475,0.007168768631527855,-0.04811526671880538,-0.019463984726139392,0,Exploratory point-mean frontier/matching only; retain all points; no continuum dominance or post-selection p-value
landscape,a0.65-b0.85,64,8,periodic,0.65,0.85,fair,event,sampled-actual,64,0,0.7488708496093748,0.10231984620324472,0,0,,a0.8-b0.8,8,a0.8-b0.8,0.749725341796875,-0.000854492187500222,accepted_lag1,-0.04032821587651371,0.005525166325640792,-0.05136937974921202,-0.0292870520038154,a0.65-b0.65,0.65,-0.033789625722472384,0.006538590154041325,0.007168768631527855,-0.04811526671880538,-0.019463984726139392,0,Exploratory point-mean frontier/matching only; retain all points; no continuum dominance or post-selection p-value
landscape,a0.65-b0.9,64,8,periodic,0.65,0.9,fair,event,sampled-actual,64,0,0.7481994628906249,0.11740722666245107,0,0,,a0.6-b0.6;a0.8-b0.8;a1-b1,12,a0.8-b0.8,0.749725341796875,-0.001525878906250111,accepted_lag1,-0.02705981620586634,0.006465836479607276,-0.03998075938437509,-0.014138873027357583,a0.6-b0.6,0.6,-0.02954362394269102,0.002483807736824682,0.0074203914045287206,-0.044372092927733135,-0.014715154957648906,0,Exploratory point-mean frontier/matching only; retain all points; no continuum dominance or post-selection p-value
landscape,a0.65-b0.95,64,8,periodic,0.65,0.95,fair,event,sampled-actual,64,0,0.7491149902343748,0.12006307855574164,0,0,,a0.8-b0.8,12,a0.8-b0.8,0.749725341796875,-0.000610351562500222,accepted_lag1,-0.019246108102338982,0.006682954691306813,-0.03260092740580652,-0.005891288798871443,a0.6-b0.6,0.6,-0.02954362394269102,0.010297515840352038,0.0074203914045287206,-0.044372092927733135,-0.014715154957648906,0,Exploratory point-mean frontier/matching only; retain all points; no continuum dominance or post-selection p-value
landscape,a0.65-b0,64,8,periodic,0.65,0,fair,event,sampled-actual,64,0,0.72589111328125,0.028332944230717135,0.953125,1,,,0,,,,accepted_lag1,-0.31089047961183885,0.0061326167219335394,-0.32314553623901926,-0.29863542298465845,a1-b1,1,-0.15774488233655717,0.15314559727528168,0.006065230774705537,-0.1698652788933957,-0.14562448577971865,1,Exploratory point-mean frontier/matching only; retain all points; no continuum dominance or post-selection p-value
landscape,a0.65-b1,64,8,periodic,0.65,1,fair,event,sampled-actual,64,0,0.7495727539062499,0.11115995523940057,0,0,,a0.8-b0.8,10,a0.8-b0.8,0.749725341796875,-0.00015258789062511102,accepted_lag1,-0.042861081913310076,0.00713236560343419,-0.05711397726273298,-0.028608186563887174,a0.65-b0.65,0.65,-0.033789625722472384,0.009071456190837691,0.007168768631527855,-0.04811526671880538,-0.019463984726139392,0,Exploratory point-mean frontier/matching only; retain all points; no continuum dominance or post-selection p-value
landscape,a0.7-b0.05,64,8,periodic,0.7,0.05,fair,event,sampled-actual,64,0,0.7450866699218753,0.05756792014451355,0,0,,,0,,,,accepted_lag1,-0.22265661171184087,0.00667174587197084,-0.23598903197719553,-0.2093241914464862,a1-b1,1,-0.15774488233655717,0.0649117293752837,0.006065230774705537,-0.1698652788933957,-0.14562448577971865,1,Exploratory point-mean frontier/matching only; retain all points; no continuum dominance or post-selection p-value
landscape,a0.7-b0.1,64,8,periodic,0.7,0.1,fair,event,sampled-actual,64,0,0.74713134765625,0.058668579640154275,0,0,,,0,,,,accepted_lag1,-0.17964487327945558,0.006283799922357601,-0.1922020454253914,-0.16708770113351976,a1-b1,1,-0.15774488233655717,0.021899990942898406,0.006065230774705537,-0.1698652788933957,-0.14562448577971865,1,Exploratory point-mean frontier/matching only; retain all points; no continuum dominance or post-selection p-value
landscape,a0.7-b0.15,64,8,periodic,0.7,0.15,fair,event,sampled-actual,64,0,0.745849609375,0.058438941509069635,0,0,,,0,,,,accepted_lag1,-0.14548072818911564,0.006427556542923832,-0.15832517501818474,-0.13263628136004654,a0.95-b0.95,0.95,-0.1512634144984829,0.005782686309367263,0.006236929292703082,-0.16372692316492665,-0.13879990583203916,0,Exploratory point-mean frontier/matching only; retain all points; no continuum dominance or post-selection p-value
landscape,a0.7-b0.2,64,8,periodic,0.7,0.2,fair,event,sampled-actual,64,0,0.7464599609374999,0.0859947025224999,0,0,,a0.95-b0.95;a1-b1,4,a1-b1,0.7485351562499998,-0.002075195312499889,accepted_lag1,-0.1265132408895451,0.007214030868574623,-0.14092933124921384,-0.11209715052987637,a0.9-b0.9,0.9,-0.13251322645143762,0.005999985561892518,0.006803420279334522,-0.14610877702343952,-0.1189176758794357,0,Exploratory point-mean frontier/matching only; retain all points; no continuum dominance or post-selection p-value
landscape,a0.7-b0.25,64,8,periodic,0.7,0.25,fair,event,sampled-actual,64,0,0.7449645996093751,0.08588249932538773,0,0,,a0.85-b0.85;a0.95-b0.95;a1-b1,4,a1-b1,0.7485351562499998,-0.003570556640624667,accepted_lag1,-0.12154015717236157,0.006361887056822551,-0.13425337400494797,-0.10882694033977515,a0.85-b0.85,0.85,-0.11524800460510232,0.006292152567259249,0.006366082125075994,-0.12796960461265822,-0.1025264045975464,0,Exploratory point-mean frontier/matching only; retain all points; no continuum dominance or post-selection p-value
landscape,a0.7-b0.3,64,8,periodic,0.7,0.3,fair,event,sampled-actual,64,0,0.7467956542968749,0.08155945161812247,0,0,,a0.95-b0.95;a1-b1,3,a1-b1,0.7485351562499998,-0.001739501953124889,accepted_lag1,-0.1089832411314443,0.00767600522696509,-0.1243225135810897,-0.09364396868179889,a0.85-b0.85,0.85,-0.11524800460510232,0.006264763473658022,0.006366082125075994,-0.12796960461265822,-0.1025264045975464,0,Exploratory point-mean frontier/matching only; retain all points; no continuum dominance or post-selection p-value
landscape,a0.7-b0.35,64,8,periodic,0.7,0.35,fair,event,sampled-actual,64,0,0.744049072265625,0.07555284607685854,0,0,,a0.9-b0.9;a1-b1,2,a1-b1,0.7485351562499998,-0.004486083984374778,accepted_lag1,-0.10657400271476912,0.006918713225819618,-0.12039994785599888,-0.09274805757353936,a0.8-b0.8,0.8,-0.10179555900181153,0.004778443712957589,0.006062210096027424,-0.11390991921398164,-0.08968119878964143,0,Exploratory point-mean frontier/matching only; retain all points; no continuum dominance or post-selection p-value
landscape,a0.7-b0.4,64,8,periodic,0.7,0.4,fair,event,sampled-actual,64,0,0.7471923828125003,0.07575136547563899,0,0,,a1-b1,2,a1-b1,0.7485351562499998,-0.0013427734374994449,accepted_lag1,-0.09322296609141738,0.006843770872569062,-0.10689915088979464,-0.07954678129304012,a0.8-b0.8,0.8,-0.10179555900181153,0.008572592910394153,0.006062210096027424,-0.11390991921398164,-0.08968119878964143,0,Exploratory point-mean frontier/matching only; retain all points; no continuum dominance or post-selection p-value
landscape,a0.7-b0.45,64,8,periodic,0.7,0.45,fair,event,sampled-actual,64,0,0.7465820312499999,0.07953869399686987,0,0,,a0.95-b0.95;a1-b1,3,a1-b1,0.7485351562499998,-0.001953124999999889,accepted_lag1,-0.09390535776598424,0.005725050000147531,-0.10534595728923739,-0.0824647582427311,a0.8-b0.8,0.8,-0.10179555900181153,0.007890201235827288,0.006062210096027424,-0.11390991921398164,-0.08968119878964143,0,Exploratory point-mean frontier/matching only; retain all points; no continuum dominance or post-selection p-value
landscape,a0.7-b0.5,64,8,periodic,0.7,0.5,fair,event,sampled-actual,64,0,0.745941162109375,0.0826852159936927,0,0,,a0.85-b0.85;a0.95-b0.95;a1-b1,4,a1-b1,0.7485351562499998,-0.002593994140624778,accepted_lag1,-0.08022588791695526,0.006552629768324565,-0.09332027364312648,-0.06713150219078404,a0.75-b0.75,0.75,-0.08199584961146761,0.0017699616945123509,0.006752575753622776,-0.0954897955063745,-0.06850190371656072,0,Exploratory point-mean frontier/matching only; retain all points; no continuum dominance or post-selection p-value
landscape,a0.7-b0.55,64,8,periodic,0.7,0.55,fair,event,sampled-actual,64,0,0.7476196289062498,0.07193547233706553,0,0,,a1-b1,2,a1-b1,0.7485351562499998,-0.00091552734375,accepted_lag1,-0.08148002520502444,0.006768145026504941,-0.09500508380914933,-0.06795496660089954,a0.75-b0.75,0.75,-0.08199584961146761,0.0005158244064431688,0.006752575753622776,-0.0954897955063745,-0.06850190371656072,0,Exploratory point-mean frontier/matching only; retain all points; no continuum dominance or post-selection p-value
landscape,a0.7-b0.6,64,8,periodic,0.7,0.6,fair,event,sampled-actual,64,0,0.747528076171875,0.08485495968160967,0,0,,a0.95-b0.95;a1-b1,4,a1-b1,0.7485351562499998,-0.001007080078124778,accepted_lag1,-0.07173215631244041,0.005589399370904483,-0.08290167968365872,-0.0605626329412221,a0.7-b0.7,0.7,-0.07150562780327102,0.00022652850916939082,0.0065647932602670295,-0.0846243203285295,-0.058386935278012544,0,Exploratory point-mean frontier/matching only; retain all points; no continuum dominance or post-selection p-value
landscape,a0.7-b0.65,64,8,periodic,0.7,0.65,fair,event,sampled-actual,64,0,0.7511596679687499,0.10207111358826011,0,0,,,8,a0.8-b0.8,0.749725341796875,0.001434326171874889,accepted_lag1,-0.0765903105668065,0.005619754327967922,-0.08782049347939117,-0.06536012765422183,a0.7-b0.7,0.7,-0.07150562780327102,0.005084682763535478,0.0065647932602670295,-0.0846243203285295,-0.058386935278012544,0,Exploratory point-mean frontier/matching only; retain all points; no continuum dominance or post-selection p-value
landscape,a0.7-b0.7,64,8,periodic,0.7,0.7,fair,event,sampled-actual,64,1,0.747039794921875,0.08971477818341579,0,0,0,a0.6-b0.6;a0.8-b0.8;a0.95-b0.95;a1-b1,7,a0.8-b0.8,0.749725341796875,-0.002685546875,accepted_lag1,-0.07150562780327102,0.0065647932602670295,-0.0846243203285295,-0.058386935278012544,a0.7-b0.7,0.7,-0.07150562780327102,0,0.0065647932602670295,-0.0846243203285295,-0.058386935278012544,0,Exploratory point-mean frontier/matching only; retain all points; no continuum dominance or post-selection p-value
landscape,a0.7-b0.75,64,8,periodic,0.7,0.75,fair,event,sampled-actual,64,0,0.750579833984375,0.08243451149417474,0,0,,,3,a1-b1,0.7485351562499998,0.002044677734375222,accepted_lag1,-0.06215724915789937,0.006021288107628907,-0.07418983330157217,-0.05012466501422658,a0.7-b0.7,0.7,-0.07150562780327102,0.00934837864537165,0.0065647932602670295,-0.0846243203285295,-0.058386935278012544,0,Exploratory point-mean frontier/matching only; retain all points; no continuum dominance or post-selection p-value
landscape,a0.7-b0.8,64,8,periodic,0.7,0.8,fair,event,sampled-actual,64,0,0.7470397949218748,0.08892496191731078,0,0,,a0.6-b0.6;a0.8-b0.8;a0.95-b0.95;a1-b1,6,a0.8-b0.8,0.749725341796875,-0.002685546875000222,accepted_lag1,-0.061825940683972604,0.0066213560504467485,-0.0750576649260453,-0.0485942164418999,a0.7-b0.7,0.7,-0.07150562780327102,0.009679687119298418,0.0065647932602670295,-0.0846243203285295,-0.058386935278012544,0,Exploratory point-mean frontier/matching only; retain all points; no continuum dominance or post-selection p-value
landscape,a0.7-b0.85,64,8,periodic,0.7,0.85,fair,event,sampled-actual,64,0,0.7441406250000001,0.08071020299532534,0,0,,a0.9-b0.9;a0.95-b0.95;a1-b1,3,a1-b1,0.7485351562499998,-0.004394531249999667,accepted_lag1,-0.04836072899110764,0.0059665380339203895,-0.060283903842782705,-0.036437554139432574,a0.65-b0.65,0.65,-0.033789625722472384,0.014571103268635255,0.007168768631527855,-0.04811526671880538,-0.019463984726139392,0,Exploratory point-mean frontier/matching only; retain all points; no continuum dominance or post-selection p-value
landscape,a0.7-b0.9,64,8,periodic,0.7,0.9,fair,event,sampled-actual,64,0,0.7461547851562499,0.08395855695216364,0,0,,a0.85-b0.85;a0.95-b0.95;a1-b1,4,a1-b1,0.7485351562499998,-0.002380371093749889,accepted_lag1,-0.048672348956277985,0.0061622333529929504,-0.060986589698037275,-0.036358108214518695,a0.65-b0.65,0.65,-0.033789625722472384,0.0148827232338056,0.007168768631527855,-0.04811526671880538,-0.019463984726139392,0,Exploratory point-mean frontier/matching only; retain all points; no continuum dominance or post-selection p-value
landscape,a0.7-b0.95,64,8,periodic,0.7,0.95,fair,event,sampled-actual,64,0,0.7496643066406249,0.10823714041625729,0,0,,a0.8-b0.8,9,a0.8-b0.8,0.749725341796875,-0.00006103515625011102,accepted_lag1,-0.044697090318238576,0.007087163362486176,-0.05885965619696227,-0.030534524439514883,a0.65-b0.65,0.65,-0.033789625722472384,0.010907464595766192,0.007168768631527855,-0.04811526671880538,-0.019463984726139392,0,Exploratory point-mean frontier/matching only; retain all points; no continuum dominance or post-selection p-value
landscape,a0.7-b0,64,8,periodic,0.7,0,fair,event,sampled-actual,64,0,0.725738525390625,0.028834020435059896,0.96875,0,,,0,,,,accepted_lag1,-0.41046904119425953,0.006680804068364713,-0.4238195628207102,-0.39711851956780886,a1-b1,1,-0.15774488233655717,0.2527241588577024,0.006065230774705537,-0.1698652788933957,-0.14562448577971865,1,Exploratory point-mean frontier/matching only; retain all points; no continuum dominance or post-selection p-value
landscape,a0.7-b1,64,8,periodic,0.7,1,fair,event,sampled-actual,64,0,0.746307373046875,0.09552088591414563,0,0,,a0.6-b0.6;a0.7-b0.7;a0.8-b0.8;a0.85-b0.85;a0.95-b0.95;a1-b1,7,a0.8-b0.8,0.749725341796875,-0.00341796875,accepted_lag1,-0.05250510344572836,0.007785320058195289,-0.06806282415451989,-0.03694738273693683,a0.65-b0.65,0.65,-0.033789625722472384,0.018715477723255977,0.007168768631527855,-0.04811526671880538,-0.019463984726139392,0,Exploratory point-mean frontier/matching only; retain all points; no continuum dominance or post-selection p-value
landscape,a0.75-b0.05,64,8,periodic,0.75,0.05,fair,event,sampled-actual,64,0,0.7452392578124998,0.06337629749556785,0,0,,,0,,,,accepted_lag1,-0.27857513571371456,0.005621025322665947,-0.2898078585065336,-0.2673424129208955,a1-b1,1,-0.15774488233655717,0.12083025337715739,0.006065230774705537,-0.1698652788933957,-0.14562448577971865,1,Exploratory point-mean frontier/matching only; retain all points; no continuum dominance or post-selection p-value
landscape,a0.75-b0.1,64,8,periodic,0.75,0.1,fair,event,sampled-actual,64,0,0.7451477050781251,0.056193664351855604,0,0,,,0,,,,accepted_lag1,-0.22383823743274459,0.006975861212548625,-0.23777838371277835,-0.20989809115271083,a1-b1,1,-0.15774488233655717,0.06609335509618741,0.006065230774705537,-0.1698652788933957,-0.14562448577971865,1,Exploratory point-mean frontier/matching only; retain all points; no continuum dominance or post-selection p-value
landscape,a0.75-b0.15,64,8,periodic,0.75,0.15,fair,event,sampled-actual,64,0,0.747955322265625,0.059373676391031735,0,0,,,0,,,,accepted_lag1,-0.1908475227552307,0.005973898833289978,-0.20278540699071138,-0.17890963851975003,a1-b1,1,-0.15774488233655717,0.03310264041867353,0.006065230774705537,-0.1698652788933957,-0.14562448577971865,1,Exploratory point-mean frontier/matching only; retain all points; no continuum dominance or post-selection p-value
landscape,a0.75-b0.2,64,8,periodic,0.75,0.2,fair,event,sampled-actual,64,0,0.74761962890625,0.06434244521022797,0,0,,,0,,,,accepted_lag1,-0.18117806330170638,0.006599556360430563,-0.19436622433940537,-0.1679899022640074,a1-b1,1,-0.15774488233655717,0.02343318096514921,0.006065230774705537,-0.1698652788933957,-0.14562448577971865,1,Exploratory point-mean frontier/matching only; retain all points; no continuum dominance or post-selection p-value
landscape,a0.75-b0.25,64,8,periodic,0.75,0.25,fair,event,sampled-actual,64,0,0.747711181640625,0.07979809347326251,0,0,,a0.95-b0.95;a1-b1,3,a1-b1,0.7485351562499998,-0.000823974609374778,accepted_lag1,-0.1542052636979542,0.007108626157070386,-0.16841071954925133,-0.13999980784665708,a0.95-b0.95,0.95,-0.1512634144984829,0.002941849199471297,0.006236929292703082,-0.16372692316492665,-0.13879990583203916,0,Exploratory point-mean frontier/matching only; retain all points; no continuum dominance or post-selection p-value
landscape,a0.75-b0.3,64,8,periodic,0.75,0.3,fair,event,sampled-actual,64,0,0.74786376953125,0.06865189327557514,0,0,,a1-b1,1,a1-b1,0.7485351562499998,-0.000671386718749778,accepted_lag1,-0.14807550251247936,0.005945111661186925,-0.15995586017484198,-0.13619514485011674,a0.95-b0.95,0.95,-0.1512634144984829,0.0031879119860035443,0.006236929292703082,-0.16372692316492665,-0.13879990583203916,0,Exploratory point-mean frontier/matching only; retain all points; no continuum dominance or post-selection p-value
landscape,a0.75-b0.35,64,8,periodic,0.75,0.35,fair,event,sampled-actual,64,0,0.7471923828125001,0.07125437362065912,0,0,,a1-b1,2,a1-b1,0.7485351562499998,-0.001342773437499667,accepted_lag1,-0.1330257783317687,0.005731117907776421,-0.14447850360084494,-0.12157305306269248,a0.9-b0.9,0.9,-0.13251322645143762,0.0005125518803310858,0.006803420279334522,-0.14610877702343952,-0.1189176758794357,0,Exploratory point-mean frontier/matching only; retain all points; no continuum dominance or post-selection p-value
landscape,a0.75-b0.4,64,8,periodic,0.75,0.4,fair,event,sampled-actual,64,0,0.748992919921875,0.07695831236301842,0,0,,,2,a1-b1,0.7485351562499998,0.00045776367187522204,accepted_lag1,-0.13406931282401377,0.006041227757262839,-0.1461417431779537,-0.12199688247007383,a0.9-b0.9,0.9,-0.13251322645143762,0.0015560863725761487,0.006803420279334522,-0.14610877702343952,-0.1189176758794357,0,Exploratory point-mean frontier/matching only; retain all points; no continuum dominance or post-selection p-value
landscape,a0.75-b0.45,64,8,periodic,0.75,0.45,fair,event,sampled-actual,64,0,0.7484130859375,0.07652799653302894,0,0,,a1-b1,2,a1-b1,0.7485351562499998,-0.00012207031249977796,accepted_lag1,-0.12136186209399488,0.006869744477531095,-0.13508995100020318,-0.10763377318778658,a0.85-b0.85,0.85,-0.11524800460510232,0.006113857488892566,0.006366082125075994,-0.12796960461265822,-0.1025264045975464,0,Exploratory point-mean frontier/matching only; retain all points; no continuum dominance or post-selection p-value
landscape,a0.75-b0.5,64,8,periodic,0.75,0.5,fair,event,sampled-actual,64,0,0.746795654296875,0.08162756134718109,0,0,,a0.95-b0.95;a1-b1,3,a1-b1,0.7485351562499998,-0.001739501953124778,accepted_lag1,-0.10891766797953019,0.006755770753604903,-0.12241799857243471,-0.09541733738662567,a0.85-b0.85,0.85,-0.11524800460510232,0.006330336625572128,0.006366082125075994,-0.12796960461265822,-0.1025264045975464,0,Exploratory point-mean frontier/matching only; retain all points; no continuum dominance or post-selection p-value
landscape,a0.75-b0.55,64,8,periodic,0.75,0.55,fair,event,sampled-actual,64,0,0.7456665039062499,0.07108124665899715,0,0,,a1-b1,2,a1-b1,0.7485351562499998,-0.002868652343749889,accepted_lag1,-0.10743404729385737,0.0059012750429164205,-0.11922680446468303,-0.09564129012303171,a0.8-b0.8,0.8,-0.10179555900181153,0.005638488292045843,0.006062210096027424,-0.11390991921398164,-0.08968119878964143,0,Exploratory point-mean frontier/matching only; retain all points; no continuum dominance or post-selection p-value
landscape,a0.75-b0.6,64,8,periodic,0.75,0.6,fair,event,sampled-actual,64,0,0.7478637695312499,0.08589009173447784,0,0,,a0.95-b0.95;a1-b1,4,a1-b1,0.7485351562499998,-0.000671386718749889,accepted_lag1,-0.10362131514786936,0.005507831053617688,-0.11462783724366828,-0.09261479305207045,a0.8-b0.8,0.8,-0.10179555900181153,0.0018257561460578303,0.006062210096027424,-0.11390991921398164,-0.08968119878964143,0,Exploratory point-mean frontier/matching only; retain all points; no continuum dominance or post-selection p-value
landscape,a0.75-b0.65,64,8,periodic,0.75,0.65,fair,event,sampled-actual,64,0,0.7485351562499999,0.0827699484495507,0,0,,,4,a1-b1,0.7485351562499998,1.1102230246251565e-16,accepted_lag1,-0.09523826136834924,0.005576176506008662,-0.10638136095255796,-0.08409516178414053,a0.8-b0.8,0.8,-0.10179555900181153,0.006557297633462286,0.006062210096027424,-0.11390991921398164,-0.08968119878964143,0,Exploratory point-mean frontier/matching only; retain all points; no continuum dominance or post-selection p-value
landscape,a0.75-b0.7,64,8,periodic,0.75,0.7,fair,event,sampled-actual,64,0,0.7474060058593749,0.09546491293804078,0,0,,a0.6-b0.6;a0.8-b0.8;a0.95-b0.95;a1-b1,7,a0.8-b0.8,0.749725341796875,-0.002319335937500111,accepted_lag1,-0.09748474124576055,0.006723000919819555,-0.11091958655124015,-0.08404989594028095,a0.8-b0.8,0.8,-0.10179555900181153,0.00431081775605098,0.006062210096027424,-0.11390991921398164,-0.08968119878964143,0,Exploratory point-mean frontier/matching only; retain all points; no continuum dominance or post-selection p-value
landscape,a0.75-b0.75,64,8,periodic,0.75,0.75,fair,event,sampled-actual,64,1,0.747528076171875,0.09685528536268258,0,0,0,a0.6-b0.6;a0.8-b0.8;a0.95-b0.95;a1-b1,8,a0.8-b0.8,0.749725341796875,-0.002197265625,accepted_lag1,-0.08199584961146761,0.006752575753622776,-0.0954897955063745,-0.06850190371656072,a0.75-b0.75,0.75,-0.08199584961146761,0,0.006752575753622776,-0.0954897955063745,-0.06850190371656072,0,Exploratory point-mean frontier/matching only; retain all points; no continuum dominance or post-selection p-value
landscape,a0.75-b0.8,64,8,periodic,0.75,0.8,fair,event,sampled-actual,64,0,0.7525329589843749,0.09339738568149919,0,1,,,7,a0.8-b0.8,0.749725341796875,0.002807617187499889,accepted_lag1,-0.07973331294423318,0.006444299084101022,-0.09261121707212149,-0.06685540881634487,a0.75-b0.75,0.75,-0.08199584961146761,0.00226253666723443,0.006752575753622776,-0.0954897955063745,-0.06850190371656072,0,Exploratory point-mean frontier/matching only; retain all points; no continuum dominance or post-selection p-value
landscape,a0.75-b0.85,64,8,periodic,0.75,0.85,fair,event,sampled-actual,64,0,0.74798583984375,0.09455712369885126,0,0,,a0.6-b0.6;a0.8-b0.8;a1-b1,7,a0.8-b0.8,0.749725341796875,-0.001739501953125,accepted_lag1,-0.07470102587994194,0.006521737152652292,-0.08773367763975075,-0.06166837412013314,a0.7-b0.7,0.7,-0.07150562780327102,0.0031953980766709217,0.0065647932602670295,-0.0846243203285295,-0.058386935278012544,0,Exploratory point-mean frontier/matching only; retain all points; no continuum dominance or post-selection p-value
landscape,a0.75-b0.9,64,8,periodic,0.75,0.9,fair,event,sampled-actual,64,0,0.7466125488281252,0.09372521971310768,0,0,,a0.6-b0.6;a0.7-b0.7;a0.8-b0.8;a0.95-b0.95;a1-b1,7,a0.8-b0.8,0.749725341796875,-0.003112792968749778,accepted_lag1,-0.061772748720984295,0.0068769130436870315,-0.07551516286357375,-0.04803033457839484,a0.7-b0.7,0.7,-0.07150562780327102,0.009732879082286726,0.0065647932602670295,-0.0846243203285295,-0.058386935278012544,0,Exploratory point-mean frontier/matching only; retain all points; no continuum dominance or post-selection p-value
landscape,a0.75-b0.95,64,8,periodic,0.75,0.95,fair,event,sampled-actual,64,0,0.7461547851562501,0.09306253311525026,0,0,,a0.6-b0.6;a0.7-b0.7;a0.8-b0.8;a0.85-b0.85;a0.95-b0.95;a1-b1,7,a0.8-b0.8,0.749725341796875,-0.003570556640624889,accepted_lag1,-0.06704644046190707,0.005801601492526766,-0.0786400159359721,-0.05545286498784203,a0.7-b0.7,0.7,-0.07150562780327102,0.004459187341363954,0.0065647932602670295,-0.0846243203285295,-0.058386935278012544,0,Exploratory point-mean frontier/matching only; retain all points; no continuum dominance or post-selection p-value
landscape,a0.75-b0,64,8,periodic,0.75,0,fair,event,sampled-actual,64,0,0.7208557128906248,0.022012161967166474,0.9375,0,,,0,,,,accepted_lag1,-0.5104890123270135,0.0061980793986609,-0.5228748856751201,-0.4981031389789069,a1-b1,1,-0.15774488233655717,0.35274412999045635,0.006065230774705537,-0.1698652788933957,-0.14562448577971865,1,Exploratory point-mean frontier/matching only; retain all points; no continuum dominance or post-selection p-value
landscape,a0.75-b1,64,8,periodic,0.75,1,fair,event,sampled-actual,64,0,0.7453308105468748,0.1147151842360581,0,0,,a0.5-b0.5;a0.55-b0.55;a0.6-b0.6;a0.65-b0.65;a0.7-b0.7;a0.75-b0.75;a0.8-b0.8;a0.85-b0.85;a0.95-b0.95;a1-b1,11,a0.8-b0.8,0.749725341796875,-0.004394531250000222,accepted_lag1,-0.06740599211702787,0.007314102066159548,-0.08202205880796916,-0.052789925426086584,a0.7-b0.7,0.7,-0.07150562780327102,0.00409963568624315,0.0065647932602670295,-0.0846243203285295,-0.058386935278012544,0,Exploratory point-mean frontier/matching only; retain all points; no continuum dominance or post-selection p-value
landscape,a0.8-b0.05,64,8,periodic,0.8,0.05,fair,event,sampled-actual,64,0,0.747589111328125,0.06043808976335039,0,0,,,0,,,,accepted_lag1,-0.3264554611524731,0.00595995364004708,-0.33836547814292317,-0.314545444162023,a1-b1,1,-0.15774488233655717,0.16871057881591592,0.006065230774705537,-0.1698652788933957,-0.14562448577971865,1,Exploratory point-mean frontier/matching only; retain all points; no continuum dominance or post-selection p-value
landscape,a0.8-b0.1,64,8,periodic,0.8,0.1,fair,event,sampled-actual,64,0,0.747772216796875,0.05580139036477975,0,0,,,0,,,,accepted_lag1,-0.2679582507428403,0.006801112027475367,-0.2815491886415697,-0.2543673128441109,a1-b1,1,-0.15774488233655717,0.11021336840628312,0.006065230774705537,-0.1698652788933957,-0.14562448577971865,1,Exploratory point-mean frontier/matching only; retain all points; no continuum dominance or post-selection p-value
landscape,a0.8-b0.15,64,8,periodic,0.8,0.15,fair,event,sampled-actual,64,0,0.7496337890624999,0.04822214438126116,0,0,,,0,,,,accepted_lag1,-0.2390943834330696,0.005801888594096681,-0.2506885326338416,-0.2275002342322976,a1-b1,1,-0.15774488233655717,0.08134950109651243,0.006065230774705537,-0.1698652788933957,-0.14562448577971865,1,Exploratory point-mean frontier/matching only; retain all points; no continuum dominance or post-selection p-value
landscape,a0.8-b0.2,64,8,periodic,0.8,0.2,fair,event,sampled-actual,64,0,0.7459716796875003,0.056616617361559256,0,0,,,0,,,,accepted_lag1,-0.20708842236961905,0.005285710794755913,-0.21765107254681929,-0.19652577219241882,a1-b1,1,-0.15774488233655717,0.04934354003306188,0.006065230774705537,-0.1698652788933957,-0.14562448577971865,1,Exploratory point-mean frontier/matching only; retain all points; no continuum dominance or post-selection p-value
landscape,a0.8-b0.25,64,8,periodic,0.8,0.25,fair,event,sampled-actual,64,0,0.7467041015625001,0.06718280282633209,0,0,,a1-b1,1,a1-b1,0.7485351562499998,-0.001831054687499667,accepted_lag1,-0.19566420955932076,0.006270206842394492,-0.20819421810246858,-0.18313420101617295,a1-b1,1,-0.15774488233655717,0.03791932722276359,0.006065230774705537,-0.1698652788933957,-0.14562448577971865,1,Exploratory point-mean frontier/matching only; retain all points; no continuum dominance or post-selection p-value
landscape,a0.8-b0.3,64,8,periodic,0.8,0.3,fair,event,sampled-actual,64,0,0.7483520507812499,0.06527244262345734,0,0,,,0,,,,accepted_lag1,-0.17539001774036683,0.006564642579238461,-0.18850840915361694,-0.16227162632711672,a1-b1,1,-0.15774488233655717,0.01764513540380966,0.006065230774705537,-0.1698652788933957,-0.14562448577971865,1,Exploratory point-mean frontier/matching only; retain all points; no continuum dominance or post-selection p-value
landscape,a0.8-b0.35,64,8,periodic,0.8,0.35,fair,event,sampled-actual,64,0,0.7470092773437501,0.06674830192737077,0,0,,a1-b1,1,a1-b1,0.7485351562499998,-0.001525878906249667,accepted_lag1,-0.17495111128890517,0.006548059967326756,-0.18803636499647122,-0.16186585758133912,a1-b1,1,-0.15774488233655717,0.017206228952347996,0.006065230774705537,-0.1698652788933957,-0.14562448577971865,1,Exploratory point-mean frontier/matching only; retain all points; no continuum dominance or post-selection p-value
landscape,a0.8-b0.4,64,8,periodic,0.8,0.4,fair,event,sampled-actual,64,0,0.7494201660156252,0.08799844528044803,0,0,,a0.8-b0.8,6,a0.8-b0.8,0.749725341796875,-0.00030517578124977796,accepted_lag1,-0.15436902192717017,0.007268395219901735,-0.16889375077416371,-0.13984429308017662,a0.95-b0.95,0.95,-0.1512634144984829,0.0031056074286872626,0.006236929292703082,-0.16372692316492665,-0.13879990583203916,0,Exploratory point-mean frontier/matching only; retain all points; no continuum dominance or post-selection p-value
landscape,a0.8-b0.45,64,8,periodic,0.8,0.45,fair,event,sampled-actual,64,0,0.748016357421875,0.07654610454056467,0,0,,a1-b1,2,a1-b1,0.7485351562499998,-0.000518798828124778,accepted_lag1,-0.14242417983722702,0.006824275241184238,-0.15606140572500593,-0.1287869539494481,a0.95-b0.95,0.95,-0.1512634144984829,0.008839234661255885,0.006236929292703082,-0.16372692316492665,-0.13879990583203916,0,Exploratory point-mean frontier/matching only; retain all points; no continuum dominance or post-selection p-value
landscape,a0.8-b0.5,64,8,periodic,0.8,0.5,fair,event,sampled-actual,64,0,0.7463684082031253,0.08607538623157777,0,0,,a0.85-b0.85;a0.95-b0.95;a1-b1,4,a1-b1,0.7485351562499998,-0.002166748046874445,accepted_lag1,-0.13759821093114377,0.005231610159030492,-0.14805274961459775,-0.1271436722476898,a0.9-b0.9,0.9,-0.13251322645143762,0.0050849844797061505,0.006803420279334522,-0.14610877702343952,-0.1189176758794357,0,Exploratory point-mean frontier/matching only; retain all points; no continuum dominance or post-selection p-value
landscape,a0.8-b0.55,64,8,periodic,0.8,0.55,fair,event,sampled-actual,64,0,0.7489318847656251,0.06548865967371616,0,0,,,0,,,,accepted_lag1,-0.12652158491557547,0.006909429850391021,-0.1403289787113148,-0.11271419111983612,a0.9-b0.9,0.9,-0.13251322645143762,0.005991641535862152,0.006803420279334522,-0.14610877702343952,-0.1189176758794357,0,Exploratory point-mean frontier/matching only; retain all points; no continuum dominance or post-selection p-value
landscape,a0.8-b0.6,64,8,periodic,0.8,0.6,fair,event,sampled-actual,64,0,0.7481384277343747,0.08450080915171176,0,0,,a1-b1,4,a1-b1,0.7485351562499998,-0.000396728515625111,accepted_lag1,-0.12019687872767353,0.005442275045684207,-0.13107239759501316,-0.1093213598603339,a0.85-b0.85,0.85,-0.11524800460510232,0.004948874122571209,0.006366082125075994,-0.12796960461265822,-0.1025264045975464,0,Exploratory point-mean frontier/matching only; retain all points; no continuum dominance or post-selection p-value
landscape,a0.8-b0.65,64,8,periodic,0.8,0.65,fair,event,sampled-actual,64,0,0.7494506835937501,0.08378780404216588,0,0,,,4,a1-b1,0.7485351562499998,0.0009155273437503331,accepted_lag1,-0.105638466758258,0.005960860250228382,-0.11755029546458966,-0.09372663805192634,a0.8-b0.8,0.8,-0.10179555900181153,0.0038429077564464675,0.006062210096027424,-0.11390991921398164,-0.08968119878964143,0,Exploratory point-mean frontier/matching only; retain all points; no continuum dominance or post-selection p-value
landscape,a0.8-b0.7,64,8,periodic,0.8,0.7,fair,event,sampled-actual,64,0,0.7482604980468748,0.08592019127583277,0,0,,a1-b1,4,a1-b1,0.7485351562499998,-0.000274658203125,accepted_lag1,-0.09978043626992776,0.005455716585542678,-0.11068281591132048,-0.08887805662853504,a0.8-b0.8,0.8,-0.10179555900181153,0.00201512273188377,0.006062210096027424,-0.11390991921398164,-0.08968119878964143,0,Exploratory point-mean frontier/matching only; retain all points; no continuum dominance or post-selection p-value
landscape,a0.8-b0.75,64,8,periodic,0.8,0.75,fair,event,sampled-actual,64,0,0.7487792968749998,0.0794734392898116,0,0,,,3,a1-b1,0.7485351562499998,0.000244140625,accepted_lag1,-0.10277913350413638,0.0062646513180423654,-0.11529804021773639,-0.09026022679053637,a0.8-b0.8,0.8,-0.10179555900181153,0.0009835745023248493,0.006062210096027424,-0.11390991921398164,-0.08968119878964143,0,Exploratory point-mean frontier/matching only; retain all points; no continuum dominance or post-selection p-value
landscape,a0.8-b0.8,64,8,periodic,0.8,0.8,fair,event,sampled-actual,64,1,0.749725341796875,0.08678835729751695,0,0,1,,5,a0.8-b0.8,0.749725341796875,0,accepted_lag1,-0.10179555900181153,0.006062210096027424,-0.11390991921398164,-0.08968119878964143,a0.8-b0.8,0.8,-0.10179555900181153,0,0.006062210096027424,-0.11390991921398164,-0.08968119878964143,0,Exploratory point-mean frontier/matching only; retain all points; no continuum dominance or post-selection p-value
landscape,a0.8-b0.85,64,8,periodic,0.8,0.85,fair,event,sampled-actual,64,0,0.7461242675781251,0.07595536531929181,0,0,,a1-b1,2,a1-b1,0.7485351562499998,-0.002410888671874667,accepted_lag1,-0.09363943623512788,0.006544598505963074,-0.10671777276411451,-0.08056109970614125,a0.8-b0.8,0.8,-0.10179555900181153,0.008156122766683649,0.006062210096027424,-0.11390991921398164,-0.08968119878964143,0,Exploratory point-mean frontier/matching only; retain all points; no continuum dominance or post-selection p-value
landscape,a0.8-b0.9,64,8,periodic,0.8,0.9,fair,event,sampled-actual,64,0,0.7484741210937499,0.08993228841153068,0,0,,a0.6-b0.6;a0.8-b0.8;a1-b1,7,a0.8-b0.8,0.749725341796875,-0.001251220703125111,accepted_lag1,-0.09215524022943947,0.006376316733029298,-0.10489729246900527,-0.07941318798987367,a0.8-b0.8,0.8,-0.10179555900181153,0.009640318772372064,0.006062210096027424,-0.11390991921398164,-0.08968119878964143,0,Exploratory point-mean frontier/matching only; retain all points; no continuum dominance or post-selection p-value
landscape,a0.8-b0.95,64,8,periodic,0.8,0.95,fair,event,sampled-actual,64,0,0.7481689453125,0.10193122185550897,0,0,,a0.6-b0.6;a0.8-b0.8;a1-b1,8,a0.8-b0.8,0.749725341796875,-0.001556396484375,accepted_lag1,-0.07018294832863774,0.0063595498551174525,-0.0828914946363008,-0.057474402020974674,a0.7-b0.7,0.7,-0.07150562780327102,0.0013226794746332843,0.0065647932602670295,-0.0846243203285295,-0.058386935278012544,0,Exploratory point-mean frontier/matching only; retain all points; no continuum dominance or post-selection p-value
landscape,a0.8-b0,64,8,periodic,0.8,0,fair,event,sampled-actual,64,0,0.7182922363281251,0.021331272844819185,0.90625,0,,,0,,,,accepted_lag1,-0.6124787547358076,0.0056850530254713575,-0.6238394266829872,-0.601118082788628,a1-b1,1,-0.15774488233655717,0.45473387239925045,0.006065230774705537,-0.1698652788933957,-0.14562448577971865,1,Exploratory point-mean frontier/matching only; retain all points; no continuum dominance or post-selection p-value
landscape,a0.8-b1,64,8,periodic,0.8,1,fair,event,sampled-actual,64,0,0.7453308105468751,0.09344998747931463,0,0,,a0.6-b0.6;a0.7-b0.7;a0.8-b0.8;a0.85-b0.85;a0.95-b0.95;a1-b1,7,a0.8-b0.8,0.749725341796875,-0.004394531249999889,accepted_lag1,-0.09324333141631404,0.007402347051325948,-0.10803574163878749,-0.07845092119384059,a0.8-b0.8,0.8,-0.10179555900181153,0.008552227585497493,0.006062210096027424,-0.11390991921398164,-0.08968119878964143,0,Exploratory point-mean frontier/matching only; retain all points; no continuum dominance or post-selection p-value
landscape,a0.85-b0.05,64,8,periodic,0.85,0.05,fair,event,sampled-actual,64,0,0.7476501464843752,0.04608357712855056,0,0,,,0,,,,accepted_lag1,-0.3935689539068111,0.005530121858252997,-0.4046200206212382,-0.38251788719238405,a1-b1,1,-0.15774488233655717,0.23582407157025395,0.006065230774705537,-0.1698652788933957,-0.14562448577971865,1,Exploratory point-mean frontier/matching only; retain all points; no continuum dominance or post-selection p-value
landscape,a0.85-b0.1,64,8,periodic,0.85,0.1,fair,event,sampled-actual,64,0,0.7480468750000001,0.06274582312217908,0,0,,,0,,,,accepted_lag1,-0.31397873101768076,0.0068928290336741,-0.3277529507283357,-0.3002045113070258,a1-b1,1,-0.15774488233655717,0.15623384868112358,0.006065230774705537,-0.1698652788933957,-0.14562448577971865,1,Exploratory point-mean frontier/matching only; retain all points; no continuum dominance or post-selection p-value
landscape,a0.85-b0.15,64,8,periodic,0.85,0.15,fair,event,sampled-actual,64,0,0.7446289062500001,0.053053785697338096,0,0,,,0,,,,accepted_lag1,-0.28034583074340735,0.006096786881565059,-0.29252928714794735,-0.26816237433886736,a1-b1,1,-0.15774488233655717,0.12260094840685018,0.006065230774705537,-0.1698652788933957,-0.14562448577971865,1,Exploratory point-mean frontier/matching only; retain all points; no continuum dominance or post-selection p-value
landscape,a0.85-b0.2,64,8,periodic,0.85,0.2,fair,event,sampled-actual,64,0,0.7467346191406251,0.05608819755217607,0,0,,,0,,,,accepted_lag1,-0.24781021114136134,0.005687491727073406,-0.2591757564448234,-0.23644466583789928,a1-b1,1,-0.15774488233655717,0.09006532880480417,0.006065230774705537,-0.1698652788933957,-0.14562448577971865,1,Exploratory point-mean frontier/matching only; retain all points; no continuum dominance or post-selection p-value
landscape,a0.85-b0.25,64,8,periodic,0.85,0.25,fair,event,sampled-actual,64,0,0.74908447265625,0.05832034759418281,0,0,,,0,,,,accepted_lag1,-0.2186575623957456,0.004783485638090351,-0.2282165956809072,-0.209098529110584,a1-b1,1,-0.15774488233655717,0.06091268005918843,0.006065230774705537,-0.1698652788933957,-0.14562448577971865,1,Exploratory point-mean frontier/matching only; retain all points; no continuum dominance or post-selection p-value
landscape,a0.85-b0.3,64,8,periodic,0.85,0.3,fair,event,sampled-actual,64,0,0.7499999999999999,0.06730031203061103,0,0,,,1,a1-b1,0.7485351562499998,0.001464843750000111,accepted_lag1,-0.21595547886773744,0.005783847314524584,-0.22751357544810158,-0.2043973822873733,a1-b1,1,-0.15774488233655717,0.05821059653118027,0.006065230774705537,-0.1698652788933957,-0.14562448577971865,1,Exploratory point-mean frontier/matching only; retain all points; no continuum dominance or post-selection p-value
landscape,a0.85-b0.35,64,8,periodic,0.85,0.35,fair,event,sampled-actual,64,0,0.7492675781249999,0.07218659818953084,0,0,,,2,a1-b1,0.7485351562499998,0.000732421875000111,accepted_lag1,-0.19494683321647852,0.006159076657222919,-0.20725476580510016,-0.18263890062785687,a1-b1,1,-0.15774488233655717,0.03720195087992134,0.006065230774705537,-0.1698652788933957,-0.14562448577971865,1,Exploratory point-mean frontier/matching only; retain all points; no continuum dominance or post-selection p-value
landscape,a0.85-b0.4,64,8,periodic,0.85,0.4,fair,event,sampled-actual,64,0,0.7480468750000003,0.07366209875331799,0,0,,a1-b1,2,a1-b1,0.7485351562499998,-0.0004882812499994449,accepted_lag1,-0.1817753208852029,0.006672103815950083,-0.19510845644452324,-0.16844218532588257,a1-b1,1,-0.15774488233655717,0.024030438548645727,0.006065230774705537,-0.1698652788933957,-0.14562448577971865,1,Exploratory point-mean frontier/matching only; retain all points; no continuum dominance or post-selection p-value
landscape,a0.85-b0.45,64,8,periodic,0.85,0.45,fair,event,sampled-actual,64,0,0.7475280761718748,0.08567787630223687,0,0,,a0.95-b0.95;a1-b1,4,a1-b1,0.7485351562499998,-0.001007080078125,accepted_lag1,-0.16711328037233478,0.006443624009996241,-0.1799898354722703,-0.15423672527239926,a1-b1,1,-0.15774488233655717,0.009368398035777603,0.006065230774705537,-0.1698652788933957,-0.14562448577971865,1,Exploratory point-mean frontier/matching only; retain all points; no continuum dominance or post-selection p-value
landscape,a0.85-b0.5,64,8,periodic,0.85,0.5,fair,event,sampled-actual,64,0,0.7508544921875001,0.06532996169389321,0,1,,,0,,,,accepted_lag1,-0.1560049627665583,0.006296080014963817,-0.16858667471941505,-0.14342325081370158,a1-b1,1,-0.15774488233655717,0.00173991956999886,0.006065230774705537,-0.1698652788933957,-0.14562448577971865,0,Exploratory point-mean frontier/matching only; retain all points; no continuum dominance or post-selection p-value
landscape,a0.85-b0.55,64,8,periodic,0.85,0.55,fair,event,sampled-actual,64,0,0.7479553222656249,0.07977589486154452,0,0,,a1-b1,3,a1-b1,0.7485351562499998,-0.000579833984374889,accepted_lag1,-0.15332024235559738,0.0067356061330650085,-0.1667802771697525,-0.13986020754144227,a0.95-b0.95,0.95,-0.1512634144984829,0.002056827857114474,0.006236929292703082,-0.16372692316492665,-0.13879990583203916,0,Exploratory point-mean frontier/matching only; retain all points; no continuum dominance or post-selection p-value
landscape,a0.85-b0.6,64,8,periodic,0.85,0.6,fair,event,sampled-actual,64,0,0.7451782226562501,0.06646970122870993,0,0,,a1-b1,1,a1-b1,0.7485351562499998,-0.003356933593749667,accepted_lag1,-0.15213553594627918,0.007020709289940409,-0.16616530395761905,-0.1381057679349393,a0.95-b0.95,0.95,-0.1512634144984829,0.0008721214477962758,0.006236929292703082,-0.16372692316492665,-0.13879990583203916,0,Exploratory point-mean frontier/matching only; retain all points; no continuum dominance or post-selection p-value
landscape,a0.85-b0.65,64,8,periodic,0.85,0.65,fair,event,sampled-actual,64,0,0.7473754882812499,0.06759068058882901,0,0,,a1-b1,1,a1-b1,0.7485351562499998,-0.001159667968749889,accepted_lag1,-0.13775523479741847,0.005460288942968647,-0.1486667515660304,-0.12684371802880653,a0.9-b0.9,0.9,-0.13251322645143762,0.0052420083459808475,0.006803420279334522,-0.14610877702343952,-0.1189176758794357,0,Exploratory point-mean frontier/matching only; retain all points; no continuum dominance or post-selection p-value
landscape,a0.85-b0.7,64,8,periodic,0.85,0.7,fair,event,sampled-actual,64,0,0.7489929199218749,0.07747545532621801,0,0,,,3,a1-b1,0.7485351562499998,0.000457763671875111,accepted_lag1,-0.12725545503895108,0.006543288669823996,-0.14033117406927695,-0.11417973600862523,a0.9-b0.9,0.9,-0.13251322645143762,0.005257771412486539,0.006803420279334522,-0.14610877702343952,-0.1189176758794357,0,Exploratory point-mean frontier/matching only; retain all points; no continuum dominance or post-selection p-value
landscape,a0.85-b0.75,64,8,periodic,0.85,0.75,fair,event,sampled-actual,64,0,0.748809814453125,0.07487220945887646,0,0,,,2,a1-b1,0.7485351562499998,0.00027465820312522204,accepted_lag1,-0.12175942119294236,0.00661168333839441,-0.13497181606236475,-0.10854702632351998,a0.85-b0.85,0.85,-0.11524800460510232,0.0065114165878400465,0.006366082125075994,-0.12796960461265822,-0.1025264045975464,0,Exploratory point-mean frontier/matching only; retain all points; no continuum dominance or post-selection p-value
landscape,a0.85-b0.8,64,8,periodic,0.85,0.8,fair,event,sampled-actual,64,0,0.7501220703125001,0.07370549287069948,0,0,,,2,a1-b1,0.7485351562499998,0.001586914062500333,accepted_lag1,-0.12868303176822427,0.005699145214190298,-0.14007186470745375,-0.11729419882899478,a0.9-b0.9,0.9,-0.13251322645143762,0.003830194683213356,0.006803420279334522,-0.14610877702343952,-0.1189176758794357,0,Exploratory point-mean frontier/matching only; retain all points; no continuum dominance or post-selection p-value
landscape,a0.85-b0.85,64,8,periodic,0.85,0.85,fair,event,sampled-actual,64,1,0.7463989257812499,0.08264654619889986,0,0,0,a0.95-b0.95;a1-b1,4,a1-b1,0.7485351562499998,-0.002136230468749889,accepted_lag1,-0.11524800460510232,0.006366082125075994,-0.12796960461265822,-0.1025264045975464,a0.85-b0.85,0.85,-0.11524800460510232,0,0.006366082125075994,-0.12796960461265822,-0.1025264045975464,0,Exploratory point-mean frontier/matching only; retain all points; no continuum dominance or post-selection p-value
landscape,a0.85-b0.9,64,8,periodic,0.85,0.9,fair,event,sampled-actual,64,0,0.7457275390624999,0.06746022928450733,0,0,,a1-b1,1,a1-b1,0.7485351562499998,-0.002807617187499889,accepted_lag1,-0.11074625541093026,0.006775259991352177,-0.124285532137768,-0.09720697868409253,a0.85-b0.85,0.85,-0.11524800460510232,0.004501749194172053,0.006366082125075994,-0.12796960461265822,-0.1025264045975464,0,Exploratory point-mean frontier/matching only; retain all points; no continuum dominance or post-selection p-value
landscape,a0.85-b0.95,64,8,periodic,0.85,0.95,fair,event,sampled-actual,64,0,0.7459106445312498,0.0850892734084541,0,0,,a0.85-b0.85;a0.95-b0.95;a1-b1,4,a1-b1,0.7485351562499998,-0.00262451171875,accepted_lag1,-0.09620734232053722,0.005817129595376056,-0.10783194823207443,-0.08458273640900002,a0.8-b0.8,0.8,-0.10179555900181153,0.005588216681274308,0.006062210096027424,-0.11390991921398164,-0.08968119878964143,0,Exploratory point-mean frontier/matching only; retain all points; no continuum dominance or post-selection p-value
landscape,a0.85-b0,64,8,periodic,0.85,0,fair,event,sampled-actual,64,0,0.7196044921875001,0.015450886203710325,1,0,,,0,,,,accepted_lag1,-0.7053232882591811,0.004959495662126609,-0.7152340495112645,-0.6954125270070978,a1-b1,1,-0.15774488233655717,0.547578405922624,0.006065230774705537,-0.1698652788933957,-0.14562448577971865,1,Exploratory point-mean frontier/matching only; retain all points; no continuum dominance or post-selection p-value
landscape,a0.85-b1,64,8,periodic,0.85,1,fair,event,sampled-actual,64,0,0.747802734375,0.07411689006216331,0,0,,a1-b1,2,a1-b1,0.7485351562499998,-0.000732421874999778,accepted_lag1,-0.11213784773162891,0.006377223817788911,-0.12488171263544534,-0.09939398282781248,a0.85-b0.85,0.85,-0.11524800460510232,0.0031101568734734075,0.006366082125075994,-0.12796960461265822,-0.1025264045975464,0,Exploratory point-mean frontier/matching only; retain all points; no continuum dominance or post-selection p-value
landscape,a0.9-b0.05,64,8,periodic,0.9,0.05,fair,event,sampled-actual,64,0,0.7480163574218751,0.05006423614789305,0,0,,,0,,,,accepted_lag1,-0.4425675909773213,0.006062893764797715,-0.4546833173925127,-0.43045186456212986,a1-b1,1,-0.15774488233655717,0.2848227086407641,0.006065230774705537,-0.1698652788933957,-0.14562448577971865,1,Exploratory point-mean frontier/matching only; retain all points; no continuum dominance or post-selection p-value
landscape,a0.9-b0.1,64,8,periodic,0.9,0.1,fair,event,sampled-actual,64,0,0.748565673828125,0.04682622611500817,0,0,,,0,,,,accepted_lag1,-0.3637128038180261,0.005235184467495261,-0.3741744851869967,-0.35325112244905554,a1-b1,1,-0.15774488233655717,0.20596792148146895,0.006065230774705537,-0.1698652788933957,-0.14562448577971865,1,Exploratory point-mean frontier/matching only; retain all points; no continuum dominance or post-selection p-value
landscape,a0.9-b0.15,64,8,periodic,0.9,0.15,fair,event,sampled-actual,64,0,0.74981689453125,0.058588627105062886,0,0,,,0,,,,accepted_lag1,-0.31247828992606685,0.005219702501725197,-0.3229090330551612,-0.3020475467969725,a1-b1,1,-0.15774488233655717,0.15473340758950968,0.006065230774705537,-0.1698652788933957,-0.14562448577971865,1,Exploratory point-mean frontier/matching only; retain all points; no continuum dominance or post-selection p-value
landscape,a0.9-b0.2,64,8,periodic,0.9,0.2,fair,event,sampled-actual,64,0,0.7456054687499999,0.05773176297573113,0,0,,,0,,,,accepted_lag1,-0.2850143874208416,0.005486114962608912,-0.29597751337155265,-0.2740512614701306,a1-b1,1,-0.15774488233655717,0.12726950508428445,0.006065230774705537,-0.1698652788933957,-0.14562448577971865,1,Exploratory point-mean frontier/matching only; retain all points; no continuum dominance or post-selection p-value
landscape,a0.9-b0.25,64,8,periodic,0.9,0.25,fair,event,sampled-actual,64,0,0.7475585937499998,0.05396543853117226,0,0,,,0,,,,accepted_lag1,-0.2668309097734077,0.005976129334397785,-0.2787732513096822,-0.25488856823713313,a1-b1,1,-0.15774488233655717,0.1090860274368505,0.006065230774705537,-0.1698652788933957,-0.14562448577971865,1,Exploratory point-mean frontier/matching only; retain all points; no continuum dominance or post-selection p-value
landscape,a0.9-b0.3,64,8,periodic,0.9,0.3,fair,event,sampled-actual,64,0,0.74713134765625,0.05987421715315315,0,0,,,0,,,,accepted_lag1,-0.24996494212649392,0.006379260273243413,-0.26271287656180814,-0.2372170076911797,a1-b1,1,-0.15774488233655717,0.09222005978993675,0.006065230774705537,-0.1698652788933957,-0.14562448577971865,1,Exploratory point-mean frontier/matching only; retain all points; no continuum dominance or post-selection p-value
landscape,a0.9-b0.35,64,8,periodic,0.9,0.35,fair,event,sampled-actual,64,0,0.748779296875,0.06921629564531764,0,0,,,1,a1-b1,0.7485351562499998,0.00024414062500022204,accepted_lag1,-0.22714729143147658,0.00801002997332003,-0.24315405907396825,-0.2111405237889849,a1-b1,1,-0.15774488233655717,0.0694024090949194,0.006065230774705537,-0.1698652788933957,-0.14562448577971865,1,Exploratory point-mean frontier/matching only; retain all points; no continuum dominance or post-selection p-value
landscape,a0.9-b0.4,64,8,periodic,0.9,0.4,fair,event,sampled-actual,64,0,0.7462463378906248,0.07243926330679194,0,0,,a1-b1,2,a1-b1,0.7485351562499998,-0.002288818359375,accepted_lag1,-0.21207924443438486,0.0068514264084137385,-0.22577072760041525,-0.19838776126835447,a1-b1,1,-0.15774488233655717,0.05433436209782769,0.006065230774705537,-0.1698652788933957,-0.14562448577971865,1,Exploratory point-mean frontier/matching only; retain all points; no continuum dominance or post-selection p-value
landscape,a0.9-b0.45,64,8,periodic,0.9,0.45,fair,event,sampled-actual,64,0,0.7481994628906248,0.07321903623791101,0,0,,a1-b1,2,a1-b1,0.7485351562499998,-0.000335693359375,accepted_lag1,-0.1920486223813238,0.006881679681826881,-0.20580056189015966,-0.17829668287248795,a1-b1,1,-0.15774488233655717,0.034303740044766634,0.006065230774705537,-0.1698652788933957,-0.14562448577971865,1,Exploratory point-mean frontier/matching only; retain all points; no continuum dominance or post-selection p-value
landscape,a0.9-b0.5,64,8,periodic,0.9,0.5,fair,event,sampled-actual,64,0,0.7494506835937498,0.06157070255269855,0,0,,,0,,,,accepted_lag1,-0.18592563238860813,0.007027870158631069,-0.1999697102541722,-0.17188155452304404,a1-b1,1,-0.15774488233655717,0.02818075005205095,0.006065230774705537,-0.1698652788933957,-0.14562448577971865,1,Exploratory point-mean frontier/matching only; retain all points; no continuum dominance or post-selection p-value
landscape,a0.9-b0.55,64,8,periodic,0.9,0.55,fair,event,sampled-actual,64,0,0.74932861328125,0.0686741282840413,0,0,,,1,a1-b1,0.7485351562499998,0.000793457031250222,accepted_lag1,-0.17408457215988046,0.0065159670464598205,-0.1871056932825502,-0.16106345103721073,a1-b1,1,-0.15774488233655717,0.01633968982332329,0.006065230774705537,-0.1698652788933957,-0.14562448577971865,1,Exploratory point-mean frontier/matching only; retain all points; no continuum dominance or post-selection p-value
landscape,a0.9-b0.6,64,8,periodic,0.9,0.6,fair,event,sampled-actual,64,0,0.7483825683593748,0.07217404639774155,0,0,,a1-b1,2,a1-b1,0.7485351562499998,-0.000152587890625,accepted_lag1,-0.16676355865960885,0.006315724956832512,-0.17938452789625728,-0.1541425894229604,a1-b1,1,-0.15774488233655717,0.009018676323051672,0.006065230774705537,-0.1698652788933957,-0.14562448577971865,1,Exploratory point-mean frontier/matching only; retain all points; no continuum dominance or post-selection p-value
landscape,a0.9-b0.65,64,8,periodic,0.9,0.65,fair,event,sampled-actual,64,0,0.7465820312500001,0.0776472438447802,0,0,,a0.95-b0.95;a1-b1,3,a1-b1,0.7485351562499998,-0.001953124999999667,accepted_lag1,-0.15586681081134862,0.006688859071834458,-0.16923342907780303,-0.1425001925448942,a1-b1,1,-0.15774488233655717,0.0018780715252085523,0.006065230774705537,-0.1698652788933957,-0.14562448577971865,0,Exploratory point-mean frontier/matching only; retain all points; no continuum dominance or post-selection p-value
landscape,a0.9-b0.7,64,8,periodic,0.9,0.7,fair,event,sampled-actual,64,0,0.747344970703125,0.06286780033567778,0,0,,,0,,,,accepted_lag1,-0.16470987540377427,0.004942768873653556,-0.1745872108363057,-0.15483253997124283,a1-b1,1,-0.15774488233655717,0.006964993067217096,0.006065230774705537,-0.1698652788933957,-0.14562448577971865,1,Exploratory point-mean frontier/matching only; retain all points; no continuum dominance or post-selection p-value
landscape,a0.9-b0.75,64,8,periodic,0.9,0.75,fair,event,sampled-actual,64,0,0.747589111328125,0.07901553984364418,0,0,,a0.95-b0.95;a1-b1,3,a1-b1,0.7485351562499998,-0.000946044921874778,accepted_lag1,-0.13838766684273465,0.005832395989499718,-0.15004278020858727,-0.12673255347688203,a0.9-b0.9,0.9,-0.13251322645143762,0.005874440391297031,0.006803420279334522,-0.14610877702343952,-0.1189176758794357,0,Exploratory point-mean frontier/matching only; retain all points; no continuum dominance or post-selection p-value
landscape,a0.9-b0.8,64,8,periodic,0.9,0.8,fair,event,sampled-actual,64,0,0.7510375976562498,0.08558992371736164,0,0,,,4,a1-b1,0.7485351562499998,0.00250244140625,accepted_lag1,-0.12759860567127132,0.006035705519745883,-0.1396600007140957,-0.11553721062844695,a0.9-b0.9,0.9,-0.13251322645143762,0.004914620780166301,0.006803420279334522,-0.14610877702343952,-0.1189176758794357,0,Exploratory point-mean frontier/matching only; retain all points; no continuum dominance or post-selection p-value
landscape,a0.9-b0.85,64,8,periodic,0.9,0.85,fair,event,sampled-actual,64,0,0.7485961914062499,0.07190869622968651,0,0,,,2,a1-b1,0.7485351562499998,0.00006103515625011102,accepted_lag1,-0.1385761707523764,0.006405568690321299,-0.1513766783641469,-0.12577566314060593,a0.9-b0.9,0.9,-0.13251322645143762,0.0060629443009387884,0.006803420279334522,-0.14610877702343952,-0.1189176758794357,0,Exploratory point-mean frontier/matching only; retain all points; no continuum dominance or post-selection p-value
landscape,a0.9-b0.9,64,8,periodic,0.9,0.9,fair,event,sampled-actual,64,1,0.7448730468750001,0.07065655265566952,0,0,0,a1-b1,2,a1-b1,0.7485351562499998,-0.003662109374999667,accepted_lag1,-0.13251322645143762,0.006803420279334522,-0.14610877702343952,-0.1189176758794357,a0.9-b0.9,0.9,-0.13251322645143762,0,0.006803420279334522,-0.14610877702343952,-0.1189176758794357,0,Exploratory point-mean frontier/matching only; retain all points; no continuum dominance or post-selection p-value
landscape,a0.9-b0.95,64,8,periodic,0.9,0.95,fair,event,sampled-actual,64,0,0.747344970703125,0.07754310363166016,0,0,,a0.95-b0.95;a1-b1,3,a1-b1,0.7485351562499998,-0.001190185546874778,accepted_lag1,-0.12510536884506238,0.006478847013526398,-0.13805231150098154,-0.11215842618914319,a0.9-b0.9,0.9,-0.13251322645143762,0.0074078576063752455,0.006803420279334522,-0.14610877702343952,-0.1189176758794357,0,Exploratory point-mean frontier/matching only; retain all points; no continuum dominance or post-selection p-value
landscape,a0.9-b0,64,8,periodic,0.9,0,fair,event,sampled-actual,64,0,0.7242126464843753,0.01553805666611699,0.953125,1,,,0,,,,accepted_lag1,-0.8064192466328598,0.003608574171594369,-0.81363040670065,-0.7992080865650696,a1-b1,1,-0.15774488233655717,0.6486743642963027,0.006065230774705537,-0.1698652788933957,-0.14562448577971865,1,Exploratory point-mean frontier/matching only; retain all points; no continuum dominance or post-selection p-value
landscape,a0.9-b1,64,8,periodic,0.9,1,fair,event,sampled-actual,64,0,0.7482910156250001,0.07178447431277711,0,0,,a1-b1,2,a1-b1,0.7485351562499998,-0.00024414062499966693,accepted_lag1,-0.13448942431226824,0.005929432914679801,-0.14633845049982977,-0.1226403981247067,a0.9-b0.9,0.9,-0.13251322645143762,0.001976197860830614,0.006803420279334522,-0.14610877702343952,-0.1189176758794357,0,Exploratory point-mean frontier/matching only; retain all points; no continuum dominance or post-selection p-value
landscape,a0.95-b0.05,64,8,periodic,0.95,0.05,fair,event,sampled-actual,64,0,0.7488403320312499,0.04088107632429583,0,0,,,0,,,,accepted_lag1,-0.5062358110686559,0.005050611303810865,-0.5163286524015747,-0.4961429697357371,a1-b1,1,-0.15774488233655717,0.34849092873209875,0.006065230774705537,-0.1698652788933957,-0.14562448577971865,1,Exploratory point-mean frontier/matching only; retain all points; no continuum dominance or post-selection p-value
landscape,a0.95-b0.1,64,8,periodic,0.95,0.1,fair,event,sampled-actual,64,0,0.749176025390625,0.044994315144626616,0,0,,,0,,,,accepted_lag1,-0.40672912681262496,0.005359567535600678,-0.41743936790939373,-0.3960188857158562,a1-b1,1,-0.15774488233655717,0.2489842444760678,0.006065230774705537,-0.1698652788933957,-0.14562448577971865,1,Exploratory point-mean frontier/matching only; retain all points; no continuum dominance or post-selection p-value
landscape,a0.95-b0.15,64,8,periodic,0.95,0.15,fair,event,sampled-actual,64,0,0.7481689453125001,0.05312458672946352,0,0,,,0,,,,accepted_lag1,-0.3408692224418844,0.005379302726010399,-0.3516189011697633,-0.3301195437140055,a1-b1,1,-0.15774488233655717,0.18312434010532722,0.006065230774705537,-0.1698652788933957,-0.14562448577971865,1,Exploratory point-mean frontier/matching only; retain all points; no continuum dominance or post-selection p-value
landscape,a0.95-b0.2,64,8,periodic,0.95,0.2,fair,event,sampled-actual,64,0,0.74774169921875,0.04775449700134591,0,0,,,0,,,,accepted_lag1,-0.3127707779082393,0.005640258648265521,-0.3240419354353715,-0.3014996203811071,a1-b1,1,-0.15774488233655717,0.15502589557168214,0.006065230774705537,-0.1698652788933957,-0.14562448577971865,1,Exploratory point-mean frontier/matching only; retain all points; no continuum dominance or post-selection p-value
landscape,a0.95-b0.25,64,8,periodic,0.95,0.25,fair,event,sampled-actual,64,0,0.7486572265625,0.053215253049855755,0,0,,,0,,,,accepted_lag1,-0.2910576021220893,0.005748938469810393,-0.30254593894276854,-0.2795692653014101,a1-b1,1,-0.15774488233655717,0.13331271978553214,0.006065230774705537,-0.1698652788933957,-0.14562448577971865,1,Exploratory point-mean frontier/matching only; retain all points; no continuum dominance or post-selection p-value
landscape,a0.95-b0.3,64,8,periodic,0.95,0.3,fair,event,sampled-actual,64,0,0.7493896484374998,0.05952579349054688,0,0,,,0,,,,accepted_lag1,-0.2716742801569676,0.006211310627850059,-0.28408659400679026,-0.25926196630714493,a1-b1,1,-0.15774488233655717,0.11392939782041042,0.006065230774705537,-0.1698652788933957,-0.14562448577971865,1,Exploratory point-mean frontier/matching only; retain all points; no continuum dominance or post-selection p-value
landscape,a0.95-b0.35,64,8,periodic,0.95,0.35,fair,event,sampled-actual,64,0,0.7470703125,0.06015785188262435,0,0,,,0,,,,accepted_lag1,-0.24356930359263967,0.007601249764807433,-0.25875918917148055,-0.2283794180137988,a1-b1,1,-0.15774488233655717,0.0858244212560825,0.006065230774705537,-0.1698652788933957,-0.14562448577971865,1,Exploratory point-mean frontier/matching only; retain all points; no continuum dominance or post-selection p-value
landscape,a0.95-b0.4,64,8,periodic,0.95,0.4,fair,event,sampled-actual,64,0,0.7474670410156252,0.060016715943291256,0,0,,,0,,,,accepted_lag1,-0.2378534359450355,0.0065417291244418575,-0.2509260384725963,-0.22478083341747468,a1-b1,1,-0.15774488233655717,0.08010855360847832,0.006065230774705537,-0.1698652788933957,-0.14562448577971865,1,Exploratory point-mean frontier/matching only; retain all points; no continuum dominance or post-selection p-value
landscape,a0.95-b0.45,64,8,periodic,0.95,0.45,fair,event,sampled-actual,64,0,0.7482910156249998,0.057619440976603445,0,0,,,0,,,,accepted_lag1,-0.21441113513216212,0.007443945178886191,-0.22928667257943214,-0.1995355976848921,a1-b1,1,-0.15774488233655717,0.05666625279560494,0.006065230774705537,-0.1698652788933957,-0.14562448577971865,1,Exploratory point-mean frontier/matching only; retain all points; no continuum dominance or post-selection p-value
landscape,a0.95-b0.5,64,8,periodic,0.95,0.5,fair,event,sampled-actual,64,0,0.7489624023437501,0.06703786359838675,0,0,,,1,a1-b1,0.7485351562499998,0.00042724609375033307,accepted_lag1,-0.21061375496394563,0.006589010264079825,-0.2237808413097416,-0.19744666861814966,a1-b1,1,-0.15774488233655717,0.05286887262738846,0.006065230774705537,-0.1698652788933957,-0.14562448577971865,1,Exploratory point-mean frontier/matching only; retain all points; no continuum dominance or post-selection p-value
landscape,a0.95-b0.55,64,8,periodic,0.95,0.55,fair,event,sampled-actual,64,0,0.7477416992187501,0.06583431201941836,0,0,,,0,,,,accepted_lag1,-0.1972472175459969,0.006146836035237374,-0.20953068920343915,-0.18496374588855463,a1-b1,1,-0.15774488233655717,0.039502335209439715,0.006065230774705537,-0.1698652788933957,-0.14562448577971865,1,Exploratory point-mean frontier/matching only; retain all points; no continuum dominance or post-selection p-value
landscape,a0.95-b0.6,64,8,periodic,0.95,0.6,fair,event,sampled-actual,64,0,0.747314453125,0.05757673811131721,0,0,,,0,,,,accepted_lag1,-0.19518985279731693,0.005591835221274636,-0.20636424382708543,-0.18401546176754843,a1-b1,1,-0.15774488233655717,0.03744497046075976,0.006065230774705537,-0.1698652788933957,-0.14562448577971865,1,Exploratory point-mean frontier/matching only; retain all points; no continuum dominance or post-selection p-value
landscape,a0.95-b0.65,64,8,periodic,0.95,0.65,fair,event,sampled-actual,64,0,0.7479248046874998,0.07533133118875025,0,0,,a1-b1,2,a1-b1,0.7485351562499998,-0.0006103515625,accepted_lag1,-0.18092546851292707,0.005463238282636109,-0.19184287906657016,-0.17000805795928398,a1-b1,1,-0.15774488233655717,0.023180586176369894,0.006065230774705537,-0.1698652788933957,-0.14562448577971865,1,Exploratory point-mean frontier/matching only; retain all points; no continuum dominance or post-selection p-value
landscape,a0.95-b0.7,64,8,periodic,0.95,0.7,fair,event,sampled-actual,64,0,0.7490234375000002,0.08161460944622066,0,0,,,3,a1-b1,0.7485351562499998,0.0004882812500004441,accepted_lag1,-0.17021153061186864,0.007019577607430348,-0.1842390371361674,-0.15618402408756987,a1-b1,1,-0.15774488233655717,0.012466648275311465,0.006065230774705537,-0.1698652788933957,-0.14562448577971865,1,Exploratory point-mean frontier/matching only; retain all points; no continuum dominance or post-selection p-value
landscape,a0.95-b0.75,64,8,periodic,0.95,0.75,fair,event,sampled-actual,64,0,0.7494201660156249,0.0771893374272387,0,0,,,3,a1-b1,0.7485351562499998,0.000885009765625111,accepted_lag1,-0.1597327748549057,0.007618403370471068,-0.17495693917939464,-0.14450861053041675,a1-b1,1,-0.15774488233655717,0.001987892518348522,0.006065230774705537,-0.1698652788933957,-0.14562448577971865,1,Exploratory point-mean frontier/matching only; retain all points; no continuum dominance or post-selection p-value
landscape,a0.95-b0.8,64,8,periodic,0.95,0.8,fair,event,sampled-actual,64,0,0.74810791015625,0.08976586901520375,0,0,,a0.6-b0.6;a0.8-b0.8;a1-b1,7,a0.8-b0.8,0.749725341796875,-0.001617431640625,accepted_lag1,-0.15937826602975916,0.005411406337482055,-0.1701920987060032,-0.14856443335351513,a1-b1,1,-0.15774488233655717,0.001633383693201984,0.006065230774705537,-0.1698652788933957,-0.14562448577971865,1,Exploratory point-mean frontier/matching only; retain all points; no continuum dominance or post-selection p-value
landscape,a0.95-b0.85,64,8,periodic,0.95,0.85,fair,event,sampled-actual,64,0,0.7475585937500001,0.0699004215941845,0,0,,a1-b1,1,a1-b1,0.7485351562499998,-0.0009765624999996669,accepted_lag1,-0.15446024280843246,0.005590976742515858,-0.1656329183052924,-0.14328756731157252,a0.95-b0.95,0.95,-0.1512634144984829,0.003196828309949551,0.006236929292703082,-0.16372692316492665,-0.13879990583203916,0,Exploratory point-mean frontier/matching only; retain all points; no continuum dominance or post-selection p-value
landscape,a0.95-b0.9,64,8,periodic,0.95,0.9,fair,event,sampled-actual,64,0,0.7479858398437498,0.07027942115274737,0,0,,a1-b1,1,a1-b1,0.7485351562499998,-0.00054931640625,accepted_lag1,-0.1519074605736478,0.005975220305883799,-0.16384798556138852,-0.13996693558590706,a0.95-b0.95,0.95,-0.1512634144984829,0.0006440460751648835,0.006236929292703082,-0.16372692316492665,-0.13879990583203916,0,Exploratory point-mean frontier/matching only; retain all points; no continuum dominance or post-selection p-value
landscape,a0.95-b0.95,64,8,periodic,0.95,0.95,fair,event,sampled-actual,64,1,0.7478637695312501,0.07696029787325398,0,0,0,a1-b1,3,a1-b1,0.7485351562499998,-0.0006713867187496669,accepted_lag1,-0.1512634144984829,0.006236929292703082,-0.16372692316492665,-0.13879990583203916,a0.95-b0.95,0.95,-0.1512634144984829,0,0.006236929292703082,-0.16372692316492665,-0.13879990583203916,0,Exploratory point-mean frontier/matching only; retain all points; no continuum dominance or post-selection p-value
landscape,a0.95-b0,64,8,periodic,0.95,0,fair,event,sampled-actual,64,0,0.7203369140624999,0.009677864088218932,0.96875,0,,,0,,,,accepted_lag1,-0.900831637175968,0.0029023619068429115,-0.9066315446434801,-0.895031729708456,a1-b1,1,-0.15774488233655717,0.7430867548394109,0.006065230774705537,-0.1698652788933957,-0.14562448577971865,1,Exploratory point-mean frontier/matching only; retain all points; no continuum dominance or post-selection p-value
landscape,a0.95-b1,64,8,periodic,0.95,1,fair,event,sampled-actual,64,0,0.7475280761718749,0.08312010183311062,0,0,,a0.95-b0.95;a1-b1,4,a1-b1,0.7485351562499998,-0.001007080078124889,accepted_lag1,-0.1402471168784482,0.006647139707974169,-0.15353036564869244,-0.12696386810820398,a0.9-b0.9,0.9,-0.13251322645143762,0.007733890427010587,0.006803420279334522,-0.14610877702343952,-0.1189176758794357,0,Exploratory point-mean frontier/matching only; retain all points; no continuum dominance or post-selection p-value
landscape,a1-b0.05,64,8,periodic,1,0.05,fair,event,sampled-actual,64,0,0.7501831054687502,0.0342194333249932,0,1,,,0,,,,accepted_lag1,-0.5482778589737675,0.0053505146890229045,-0.5589700094001947,-0.5375857085473402,a1-b1,1,-0.15774488233655717,0.3905329766372103,0.006065230774705537,-0.1698652788933957,-0.14562448577971865,1,Exploratory point-mean frontier/matching only; retain all points; no continuum dominance or post-selection p-value
landscape,a1-b0.1,64,8,periodic,1,0.1,fair,event,sampled-actual,64,0,0.746246337890625,0.04673772610683899,0,0,,,0,,,,accepted_lag1,-0.4509109204934771,0.005561431175260872,-0.4620245538854396,-0.43979728710151456,a1-b1,1,-0.15774488233655717,0.2931660381569199,0.006065230774705537,-0.1698652788933957,-0.14562448577971865,1,Exploratory point-mean frontier/matching only; retain all points; no continuum dominance or post-selection p-value
landscape,a1-b0.15,64,8,periodic,1,0.15,fair,event,sampled-actual,64,0,0.745574951171875,0.05082126792072127,0,0,,,0,,,,accepted_lag1,-0.38745714506013534,0.005085052986922919,-0.39761881260476956,-0.37729547751550113,a1-b1,1,-0.15774488233655717,0.22971226272357817,0.006065230774705537,-0.1698652788933957,-0.14562448577971865,1,Exploratory point-mean frontier/matching only; retain all points; no continuum dominance or post-selection p-value
landscape,a1-b0.2,64,8,periodic,1,0.2,fair,event,sampled-actual,64,0,0.7494201660156252,0.05100083233247811,0,0,,,0,,,,accepted_lag1,-0.3473999378574065,0.005603332815402675,-0.35859730499566256,-0.3362025707191505,a1-b1,1,-0.15774488233655717,0.18965505552084935,0.006065230774705537,-0.1698652788933957,-0.14562448577971865,1,Exploratory point-mean frontier/matching only; retain all points; no continuum dominance or post-selection p-value
landscape,a1-b0.25,64,8,periodic,1,0.25,fair,event,sampled-actual,64,0,0.74786376953125,0.05169394634961383,0,0,,,0,,,,accepted_lag1,-0.32358137044096447,0.00594751036492878,-0.3354665215302639,-0.311696219351665,a1-b1,1,-0.15774488233655717,0.1658364881044073,0.006065230774705537,-0.1698652788933957,-0.14562448577971865,1,Exploratory point-mean frontier/matching only; retain all points; no continuum dominance or post-selection p-value
landscape,a1-b0.3,64,8,periodic,1,0.3,fair,event,sampled-actual,64,0,0.7465820312499999,0.05394894652654849,0,0,,,0,,,,accepted_lag1,-0.2914909376163496,0.005181717595228506,-0.30184577396678774,-0.28113610126591143,a1-b1,1,-0.15774488233655717,0.13374605527979241,0.006065230774705537,-0.1698652788933957,-0.14562448577971865,1,Exploratory point-mean frontier/matching only; retain all points; no continuum dominance or post-selection p-value
landscape,a1-b0.35,64,8,periodic,1,0.35,fair,event,sampled-actual,64,0,0.74432373046875,0.052919970444621475,0,0,,,0,,,,accepted_lag1,-0.277783591857055,0.006484714485831904,-0.2907422597207644,-0.26482492399334556,a1-b1,1,-0.15774488233655717,0.1200387095204978,0.006065230774705537,-0.1698652788933957,-0.14562448577971865,1,Exploratory point-mean frontier/matching only; retain all points; no continuum dominance or post-selection p-value
landscape,a1-b0.4,64,8,periodic,1,0.4,fair,event,sampled-actual,64,0,0.7503051757812503,0.06310321201313719,0,1,,,0,,,,accepted_lag1,-0.25769415626621167,0.005601706905636068,-0.2688882742830626,-0.24650003824936076,a1-b1,1,-0.15774488233655717,0.0999492739296545,0.006065230774705537,-0.1698652788933957,-0.14562448577971865,1,Exploratory point-mean frontier/matching only; retain all points; no continuum dominance or post-selection p-value
landscape,a1-b0.45,64,8,periodic,1,0.45,fair,event,sampled-actual,64,0,0.7463989257812502,0.05610290739546364,0,0,,,0,,,,accepted_lag1,-0.24444273390447357,0.006524191555865786,-0.2574802903977316,-0.23140517741121555,a1-b1,1,-0.15774488233655717,0.0866978515679164,0.006065230774705537,-0.1698652788933957,-0.14562448577971865,1,Exploratory point-mean frontier/matching only; retain all points; no continuum dominance or post-selection p-value
landscape,a1-b0.5,64,8,periodic,1,0.5,fair,event,sampled-actual,64,0,0.7474670410156249,0.06474314721405514,0,0,,,0,,,,accepted_lag1,-0.23791015929534134,0.00633197538656862,-0.2505636024245648,-0.22525671616611787,a1-b1,1,-0.15774488233655717,0.08016527695878417,0.006065230774705537,-0.1698652788933957,-0.14562448577971865,1,Exploratory point-mean frontier/matching only; retain all points; no continuum dominance or post-selection p-value
landscape,a1-b0.55,64,8,periodic,1,0.55,fair,event,sampled-actual,64,0,0.7489013671874999,0.05997162717082607,0,0,,,0,,,,accepted_lag1,-0.21998511218977695,0.005705789735625453,-0.23138722314557597,-0.20858300123397794,a1-b1,1,-0.15774488233655717,0.06224022985321978,0.006065230774705537,-0.1698652788933957,-0.14562448577971865,1,Exploratory point-mean frontier/matching only; retain all points; no continuum dominance or post-selection p-value
landscape,a1-b0.6,64,8,periodic,1,0.6,fair,event,sampled-actual,64,0,0.7504882812499997,0.06672981717410043,0,0,,,1,a1-b1,0.7485351562499998,0.001953124999999889,accepted_lag1,-0.1981470172522677,0.00584724301812037,-0.20983180003734891,-0.18646223446718646,a1-b1,1,-0.15774488233655717,0.040402134915710514,0.006065230774705537,-0.1698652788933957,-0.14562448577971865,1,Exploratory point-mean frontier/matching only; retain all points; no continuum dominance or post-selection p-value
landscape,a1-b0.65,64,8,periodic,1,0.65,fair,event,sampled-actual,64,0,0.7467041015625,0.06990724939266982,0,0,,a1-b1,1,a1-b1,0.7485351562499998,-0.001831054687499778,accepted_lag1,-0.20158943176597577,0.006686484892163711,-0.2149513056129389,-0.18822755791901263,a1-b1,1,-0.15774488233655717,0.043844549429418594,0.006065230774705537,-0.1698652788933957,-0.14562448577971865,1,Exploratory point-mean frontier/matching only; retain all points; no continuum dominance or post-selection p-value
landscape,a1-b0.7,64,8,periodic,1,0.7,fair,event,sampled-actual,64,0,0.7475585937500002,0.07209637439005473,0,0,,a1-b1,2,a1-b1,0.7485351562499998,-0.0009765624999995559,accepted_lag1,-0.19067144544516265,0.005761911013336379,-0.20218570582550946,-0.17915718506481584,a1-b1,1,-0.15774488233655717,0.03292656310860548,0.006065230774705537,-0.1698652788933957,-0.14562448577971865,1,Exploratory point-mean frontier/matching only; retain all points; no continuum dominance or post-selection p-value
landscape,a1-b0.75,64,8,periodic,1,0.75,fair,event,sampled-actual,64,0,0.746368408203125,0.0714601614947558,0,0,,a1-b1,2,a1-b1,0.7485351562499998,-0.002166748046874778,accepted_lag1,-0.18642304181541,0.006516381586621463,-0.19944499133049126,-0.17340109230032874,a1-b1,1,-0.15774488233655717,0.028678159478852827,0.006065230774705537,-0.1698652788933957,-0.14562448577971865,1,Exploratory point-mean frontier/matching only; retain all points; no continuum dominance or post-selection p-value
landscape,a1-b0.8,64,8,periodic,1,0.8,fair,event,sampled-actual,64,0,0.7456359863281251,0.050242896771267975,0,0,,,0,,,,accepted_lag1,-0.18431530315238812,0.005721961237795232,-0.19574973027660644,-0.1728808760281698,a1-b1,1,-0.15774488233655717,0.026570420815830942,0.006065230774705537,-0.1698652788933957,-0.14562448577971865,1,Exploratory point-mean frontier/matching only; retain all points; no continuum dominance or post-selection p-value
landscape,a1-b0.85,64,8,periodic,1,0.85,fair,event,sampled-actual,64,0,0.7482604980468752,0.06375877244435717,0,0,,,0,,,,accepted_lag1,-0.18047411444243605,0.00586557037165103,-0.19219552152111471,-0.1687527073637574,a1-b1,1,-0.15774488233655717,0.022729232105878877,0.006065230774705537,-0.1698652788933957,-0.14562448577971865,1,Exploratory point-mean frontier/matching only; retain all points; no continuum dominance or post-selection p-value
landscape,a1-b0.9,64,8,periodic,1,0.9,fair,event,sampled-actual,64,0,0.7468566894531251,0.07658174253277183,0,0,,a1-b1,2,a1-b1,0.7485351562499998,-0.001678466796874667,accepted_lag1,-0.17196650216829693,0.006219452724355834,-0.18439508669966823,-0.15953791763692562,a1-b1,1,-0.15774488233655717,0.014221619831739751,0.006065230774705537,-0.1698652788933957,-0.14562448577971865,1,Exploratory point-mean frontier/matching only; retain all points; no continuum dominance or post-selection p-value
landscape,a1-b0.95,64,8,periodic,1,0.95,fair,event,sampled-actual,64,0,0.751434326171875,0.07300906685001257,0,1,,,2,a1-b1,0.7485351562499998,0.002899169921875222,accepted_lag1,-0.16093316736028396,0.005282634139667415,-0.17148966933288548,-0.15037666538768243,a1-b1,1,-0.15774488233655717,0.0031882850237267835,0.006065230774705537,-0.1698652788933957,-0.14562448577971865,1,Exploratory point-mean frontier/matching only; retain all points; no continuum dominance or post-selection p-value
landscape,a1-b0,64,8,periodic,1,0,fair,event,sampled-actual,64,0,0.723907470703125,0.0013030880717989166,0.953125,1,,,0,,,,accepted_lag1,-1,0,-1,-1,a1-b1,1,-0.15774488233655717,0.8422551176634429,0.006065230774705537,-0.1698652788933957,-0.14562448577971865,1,Exploratory point-mean frontier/matching only; retain all points; no continuum dominance or post-selection p-value
landscape,a1-b1,64,8,periodic,1,1,fair,event,sampled-actual,64,1,0.7485351562499998,0.06600967879616787,0,0,1,,1,a1-b1,0.7485351562499998,0,accepted_lag1,-0.15774488233655717,0.006065230774705537,-0.1698652788933957,-0.14562448577971865,a1-b1,1,-0.15774488233655717,0,0.006065230774705537,-0.1698652788933957,-0.14562448577971865,0,Exploratory point-mean frontier/matching only; retain all points; no continuum dominance or post-selection p-value
large_size,alternating,1024,4,periodic,1,1,fair,event,sampled-actual,64,1,0.8103801608085631,0.00221365866112093,0,1,1,,1,alternating,0.8103801608085631,0,accepted_lag1,-0.22617045721465923,0.0002601106419552965,-0.2266902468560196,-0.22565066757329885,alternating,1,-0.22617045721465923,0,0.0002601106419552965,-0.2266902468560196,-0.22565066757329885,0,Exploratory point-mean frontier/matching only; retain all points; no continuum dominance or post-selection p-value
large_size,fair,1024,4,periodic,0.5,0.5,fair,event,sampled-actual,64,1,0.8103514909744263,0.003307550527909445,0,0,0,alternating,2,alternating,0.8103801608085631,-0.00002866983413685187,accepted_lag1,0.00008679377496049326,0.0002976249372584367,-0.0005079622036282304,0.000681549753549217,fair,0.5,0.00008679377496049326,0,0.0002976249372584367,-0.0005079622036282304,0.000681549753549217,0,Exploratory point-mean frontier/matching only; retain all points; no continuum dominance or post-selection p-value
large_size,policy41,1024,4,periodic,0,1,fair,event,sampled-actual,64,0,0.8104102015495299,0.03748832605936445,0,1,,,2,alternating,0.8103801608085631,0.000030040740966796875,accepted_lag1,0.2272958704194235,0.00032181624074576506,0.22665277197829964,0.22793896886054738,fair,0.5,0.00008679377496049326,0.22720907664446302,0.0002976249372584367,-0.0005079622036282304,0.000681549753549217,1,Exploratory point-mean frontier/matching only; retain all points; no continuum dominance or post-selection p-value
large_size,alternating,1024,8,periodic,1,1,fair,event,sampled-actual,64,1,0.7475552558898925,0.004109044731154522,0,1,1,,1,alternating,0.7475552558898925,0,accepted_lag1,-0.16957608845938255,0.0003595374370050863,-0.1702945666963038,-0.1688576102224613,alternating,1,-0.16957608845938255,0,0.0003595374370050863,-0.1702945666963038,-0.1688576102224613,0,Exploratory point-mean frontier/matching only; retain all points; no continuum dominance or post-selection p-value
large_size,fair,1024,8,periodic,0.5,0.5,fair,event,sampled-actual,64,1,0.7477034330368043,0.00777579621120592,0,1,1,,2,fair,0.7477034330368043,0,accepted_lag1,0.0005253102690531437,0.0004366523607972489,-0.0003472698465153899,0.0013978903846216771,fair,0.5,0.0005253102690531437,0,0.0004366523607972489,-0.0003472698465153899,0.0013978903846216771,0,Exploratory point-mean frontier/matching only; retain all points; no continuum dominance or post-selection p-value
large_size,policy41,1024,8,periodic,0,1,fair,event,sampled-actual,64,0,0.7479799985885619,0.18972097449808054,0,1,,,2,fair,0.7477034330368043,0.00027656555175759046,accepted_lag1,0.20317485711740924,0.0037131839524109428,0.19575465108346907,0.2105950631513494,fair,0.5,0.0005253102690531437,0.2026495468483561,0.0004366523607972489,-0.0003472698465153899,0.0013978903846216771,1,Exploratory point-mean frontier/matching only; retain all points; no continuum dominance or post-selection p-value
large_size,alternating,128,4,periodic,1,1,fair,event,sampled-actual,128,1,0.8096485137939452,0.017365449196951373,0,1,1,,1,alternating,0.8096485137939452,0,accepted_lag1,-0.22509639938866366,0.0014909512344407237,-0.22804672281666427,-0.22214607596066305,alternating,1,-0.22509639938866366,0,0.0014909512344407237,-0.22804672281666427,-0.22214607596066305,0,Exploratory point-mean frontier/matching only; retain all points; no continuum dominance or post-selection p-value
large_size,fair,128,4,periodic,0.5,0.5,fair,event,sampled-actual,128,1,0.8105678558349609,0.021995064732369264,0,1,1,,2,fair,0.8105678558349609,0,accepted_lag1,-0.0032282911691818867,0.0015278855493396268,-0.0062517009410053195,-0.0002048813973584535,fair,0.5,-0.0032282911691818867,0,0.0015278855493396268,-0.0062517009410053195,-0.0002048813973584535,0,Exploratory point-mean frontier/matching only; retain all points; no continuum dominance or post-selection p-value
large_size,policy41,128,4,periodic,0,1,fair,event,sampled-actual,128,0,0.8104572296142577,0.11817703739842218,0,0,,fair,2,fair,0.8105678558349609,-0.00011062622070323602,accepted_lag1,0.2363525346258387,0.0017900505386768992,0.2328103476517995,0.23989472159987787,fair,0.5,-0.0032282911691818867,0.23958082579502057,0.0015278855493396268,-0.0062517009410053195,-0.0002048813973584535,1,Exploratory point-mean frontier/matching only; retain all points; no continuum dominance or post-selection p-value
large_size,alternating,128,8,periodic,1,1,fair,event,sampled-actual,128,1,0.748058319091797,0.03973188652402599,0,1,1,,1,alternating,0.748058319091797,0,accepted_lag1,-0.1697822591197467,0.0022720731364769746,-0.1742782818264809,-0.16528623641301252,alternating,1,-0.1697822591197467,0,0.0022720731364769746,-0.1742782818264809,-0.16528623641301252,0,Exploratory point-mean frontier/matching only; retain all points; no continuum dominance or post-selection p-value
large_size,fair,128,8,periodic,0.5,0.5,fair,event,sampled-actual,128,1,0.7479209899902344,0.06272072515925949,0,0,0,alternating,2,alternating,0.748058319091797,-0.00013732910156261102,accepted_lag1,0.004506735945510501,0.0023631555444008846,-0.00016952240929129364,0.009182994300312296,fair,0.5,0.004506735945510501,0,0.0023631555444008846,-0.00016952240929129364,0.009182994300312296,0,Exploratory point-mean frontier/matching only; retain all points; no continuum dominance or post-selection p-value
large_size,policy41,128,8,periodic,0,1,fair,event,sampled-actual,128,0,0.749828338623047,0.3795779371991794,0,1,,,2,alternating,0.748058319091797,0.00177001953125,accepted_lag1,0.3086943960429979,0.009763015873813851,0.28937514951428117,0.32801364257171467,fair,0.5,0.004506735945510501,0.30418766009748743,0.0023631555444008846,-0.00016952240929129364,0.009182994300312296,1,Exploratory point-mean frontier/matching only; retain all points; no continuum dominance or post-selection p-value
large_size,alternating,2048,4,periodic,1,1,fair,event,sampled-actual,64,1,0.8103789687156677,0.001163098712461506,0,1,1,,1,alternating,0.8103789687156677,0,accepted_lag1,-0.22625225332301138,0.00012741457672826178,-0.22650687103739559,-0.22599763560862718,alternating,1,-0.22625225332301138,0,0.00012741457672826178,-0.22650687103739559,-0.22599763560862718,0,Exploratory point-mean frontier/matching only; retain all points; no continuum dominance or post-selection p-value
large_size,fair,2048,4,periodic,0.5,0.5,fair,event,sampled-actual,64,1,0.8103725016117097,0.0016937801382611462,0,0,0,alternating,2,alternating,0.8103789687156677,-0.0000064671039580188605,accepted_lag1,0.00004193364758921758,0.0001456663490676881,-0.0002491573234337209,0.00033302461861215604,fair,0.5,0.00004193364758921758,0,0.0001456663490676881,-0.0002491573234337209,0.00033302461861215604,0,Exploratory point-mean frontier/matching only; retain all points; no continuum dominance or post-selection p-value
large_size,policy41,2048,4,periodic,0,1,fair,event,sampled-actual,64,0,0.8103448301553727,0.022913489688374797,0,0,,alternating;fair,2,alternating,0.8103789687156677,-0.00003413856029499396,accepted_lag1,0.22671885110455428,0.00013787075691642676,0.22644333838138017,0.2269943638277284,fair,0.5,0.00004193364758921758,0.22667691745696505,0.0001456663490676881,-0.0002491573234337209,0.00033302461861215604,1,Exploratory point-mean frontier/matching only; retain all points; no continuum dominance or post-selection p-value
large_size,alternating,2048,8,periodic,1,1,fair,event,sampled-actual,64,1,0.7477752864360809,0.0026273991336730517,0,1,1,,1,alternating,0.7477752864360809,0,accepted_lag1,-0.16976798054715947,0.00019015875683471245,-0.17014798250045762,-0.16938797859386132,alternating,1,-0.16976798054715947,0,0.00019015875683471245,-0.17014798250045762,-0.16938797859386132,0,Exploratory point-mean frontier/matching only; retain all points; no continuum dominance or post-selection p-value
large_size,fair,2048,8,periodic,0.5,0.5,fair,event,sampled-actual,64,1,0.7477619946002959,0.0027375232330063785,0,0,0,alternating,2,alternating,0.7477752864360809,-0.000013291835785023132,accepted_lag1,0.0001242774969621285,0.00021733631639070253,-0.00031003447544352585,0.0005585894693677829,fair,0.5,0.0001242774969621285,0,0.00021733631639070253,-0.00031003447544352585,0.0005585894693677829,0,Exploratory point-mean frontier/matching only; retain all points; no continuum dominance or post-selection p-value
large_size,policy41,2048,8,periodic,0,1,fair,event,sampled-actual,64,0,0.7478595972061156,0.14845736266279203,0,1,,,2,alternating,0.7477752864360809,0.00008431077003467902,accepted_lag1,0.19120504530245344,0.0022059798340546984,0.18679674636407878,0.1956133442408281,fair,0.5,0.0001242774969621285,0.19108076780549133,0.00021733631639070253,-0.00031003447544352585,0.0005585894693677829,1,Exploratory point-mean frontier/matching only; retain all points; no continuum dominance or post-selection p-value
large_size,alternating,256,4,periodic,1,1,fair,event,sampled-actual,128,1,0.8105201721191404,0.008147019834025052,0,1,1,,1,alternating,0.8105201721191404,0,accepted_lag1,-0.22629883398522146,0.0007287480517254089,-0.22774089486585233,-0.2248567731045906,alternating,1,-0.22629883398522146,0,0.0007287480517254089,-0.22774089486585233,-0.2248567731045906,0,Exploratory point-mean frontier/matching only; retain all points; no continuum dominance or post-selection p-value
large_size,fair,256,4,periodic,0.5,0.5,fair,event,sampled-actual,128,1,0.8103966712951659,0.011042433853233134,0,0,0,alternating,2,alternating,0.8105201721191404,-0.00012350082397449835,accepted_lag1,-0.00021654242258884848,0.0008214607875052593,-0.0018420650758966344,0.0014089802307189372,fair,0.5,-0.00021654242258884848,0,0.0008214607875052593,-0.0018420650758966344,0.0014089802307189372,0,Exploratory point-mean frontier/matching only; retain all points; no continuum dominance or post-selection p-value
large_size,policy41,256,4,periodic,0,1,fair,event,sampled-actual,128,0,0.8102736473083498,0.08117708305881662,0,0,,alternating;fair,2,alternating,0.8105201721191404,-0.00024652481079057154,accepted_lag1,0.23084156408091094,0.0008280076967420106,0.22920308627571354,0.23248004188610835,fair,0.5,-0.00021654242258884848,0.23105810650349978,0.0008214607875052593,-0.0018420650758966344,0.0014089802307189372,1,Exploratory point-mean frontier/matching only; retain all points; no continuum dominance or post-selection p-value
large_size,alternating,256,8,periodic,1,1,fair,event,sampled-actual,128,1,0.7479743957519532,0.019284114288126986,0,1,1,,1,alternating,0.7479743957519532,0,accepted_lag1,-0.16835823013434978,0.001152389304235217,-0.17063860060115305,-0.1660778596675465,alternating,1,-0.16835823013434978,0,0.001152389304235217,-0.17063860060115305,-0.1660778596675465,0,Exploratory point-mean frontier/matching only; retain all points; no continuum dominance or post-selection p-value
large_size,fair,256,8,periodic,0.5,0.5,fair,event,sampled-actual,128,1,0.7476844787597655,0.030674186056844747,0,0,0,alternating,2,alternating,0.7479743957519532,-0.00028991699218772204,accepted_lag1,0.00033868830829189345,0.0012467267941805337,-0.0021283590264699935,0.0028057356430537805,fair,0.5,0.00033868830829189345,0,0.0012467267941805337,-0.0021283590264699935,0.0028057356430537805,0,Exploratory point-mean frontier/matching only; retain all points; no continuum dominance or post-selection p-value
large_size,policy41,256,8,periodic,0,1,fair,event,sampled-actual,128,0,0.7483358383178709,0.32658473570106467,0,1,,,2,alternating,0.7479743957519532,0.0003614425659176357,accepted_lag1,0.26195481449408603,0.0053650817935466605,0.25133828583573736,0.2725713431524347,fair,0.5,0.00033868830829189345,0.26161612618579416,0.0012467267941805337,-0.0021283590264699935,0.0028057356430537805,1,Exploratory point-mean frontier/matching only; retain all points; no continuum dominance or post-selection p-value
large_size,alternating,512,4,periodic,1,1,fair,event,sampled-actual,128,1,0.810323119163513,0.00459944340474411,0,1,1,,1,alternating,0.810323119163513,0,accepted_lag1,-0.22680197631416518,0.00038265904294692584,-0.22755918950347925,-0.2260447631248511,alternating,1,-0.22680197631416518,0,0.00038265904294692584,-0.22755918950347925,-0.2260447631248511,0,Exploratory point-mean frontier/matching only; retain all points; no continuum dominance or post-selection p-value
large_size,fair,512,4,periodic,0.5,0.5,fair,event,sampled-actual,128,1,0.8103997707366943,0.006046184626784018,0,1,1,,2,fair,0.8103997707366943,0,accepted_lag1,0.00021602888821920736,0.0003663717520746105,-0.0005089546917493375,0.0009410124681877522,fair,0.5,0.00021602888821920736,0,0.0003663717520746105,-0.0005089546917493375,0.0009410124681877522,0,Exploratory point-mean frontier/matching only; retain all points; no continuum dominance or post-selection p-value
large_size,policy41,512,4,periodic,0,1,fair,event,sampled-actual,128,0,0.8102483749389651,0.05113045572219594,0,0,,alternating;fair,2,fair,0.8103997707366943,-0.00015139579772927014,accepted_lag1,0.22896229231648962,0.000429282584007746,0.2281128195533474,0.22981176507963186,fair,0.5,0.00021602888821920736,0.22874626342827042,0.0003663717520746105,-0.0005089546917493375,0.0009410124681877522,1,Exploratory point-mean frontier/matching only; retain all points; no continuum dominance or post-selection p-value
large_size,alternating,512,8,periodic,1,1,fair,event,sampled-actual,128,1,0.7478342056274413,0.01032159139443524,0,1,1,,1,alternating,0.7478342056274413,0,accepted_lag1,-0.16878600113892897,0.000524604375389739,-0.16982409852494076,-0.16774790375291718,alternating,1,-0.16878600113892897,0,0.000524604375389739,-0.16982409852494076,-0.16774790375291718,0,Exploratory point-mean frontier/matching only; retain all points; no continuum dominance or post-selection p-value
large_size,fair,512,8,periodic,0.5,0.5,fair,event,sampled-actual,128,1,0.7475731372833251,0.013646746910304172,0,0,0,alternating,2,alternating,0.7478342056274413,-0.00026106834411621094,accepted_lag1,0.0009303922830075222,0.0005370497055722666,-0.00013233216548528745,0.0019931167315003317,fair,0.5,0.0009303922830075222,0,0.0005370497055722666,-0.00013233216548528745,0.0019931167315003317,0,Exploratory point-mean frontier/matching only; retain all points; no continuum dominance or post-selection p-value
large_size,policy41,512,8,periodic,0,1,fair,event,sampled-actual,128,0,0.7479801177978518,0.2557237720741765,0,1,,,2,alternating,0.7478342056274413,0.00014591217041048932,accepted_lag1,0.2307420342776122,0.0045877767174661984,0.2216636520882352,0.23982041646698918,fair,0.5,0.0009303922830075222,0.2298116419946047,0.0005370497055722666,-0.00013233216548528745,0.0019931167315003317,1,Exploratory point-mean frontier/matching only; retain all points; no continuum dominance or post-selection p-value
refinement_success_flip,a0.95-b0.0001,64,4,periodic,0.95,0.0001,fair,event,sampled-actual,128,0,0.8105239868164064,0.013298391376004528,0,0,,,0,,,,accepted_lag1,-0.874781692168503,0.0019572975812531404,-0.8786548308575133,-0.8709085534794927,,,,,,,,,Exploratory point-mean frontier/matching only; retain all points; no continuum dominance or post-selection p-value
refinement_success_flip,a0.95-b0.001,64,4,periodic,0.95,0.001,fair,event,sampled-actual,128,0,0.8088378906250001,0.014008580200663711,0,0,,,0,,,,accepted_lag1,-0.8506456945504258,0.0019045552583839777,-0.8544144657006371,-0.8468769234002146,,,,,,,,,Exploratory point-mean frontier/matching only; retain all points; no continuum dominance or post-selection p-value
refinement_success_flip,a0.95-b0.002,64,4,periodic,0.95,0.002,fair,event,sampled-actual,128,0,0.8098144531250001,0.01331344267602685,0,0,,,0,,,,accepted_lag1,-0.8318452172291475,0.0019275717004233522,-0.8356595337644857,-0.8280309006938094,,,,,,,,,Exploratory point-mean frontier/matching only; retain all points; no continuum dominance or post-selection p-value
refinement_success_flip,a0.95-b0.005,64,4,periodic,0.95,0.005,fair,event,sampled-actual,128,0,0.8103027343749996,0.01568481508818069,0,0,,,0,,,,accepted_lag1,-0.7847281763907203,0.0018985132469323878,-0.7884849914906422,-0.7809713612907985,,,,,,,,,Exploratory point-mean frontier/matching only; retain all points; no continuum dominance or post-selection p-value
refinement_success_flip,a0.95-b0.01,64,4,periodic,0.95,0.01,fair,event,sampled-actual,128,0,0.8093643188476565,0.017773799512925004,0,0,,,0,,,,accepted_lag1,-0.7398176647569211,0.0019754454209300284,-0.7437267147455967,-0.7359086147682455,,,,,,,,,Exploratory point-mean frontier/matching only; retain all points; no continuum dominance or post-selection p-value
refinement_success_flip,a0.95-b0.02,64,4,periodic,0.95,0.02,fair,event,sampled-actual,128,0,0.8101348876953125,0.018005455331727305,0,0,,,0,,,,accepted_lag1,-0.6776359699170722,0.0022222844194208034,-0.6820334697378878,-0.6732384700962566,,,,,,,,,Exploratory point-mean frontier/matching only; retain all points; no continuum dominance or post-selection p-value
refinement_success_flip,a0.95-b0.05,64,4,periodic,0.95,0.05,fair,event,sampled-actual,128,0,0.8109359741210938,0.020976266258560403,0,0,,,0,,,,accepted_lag1,-0.5742633516261583,0.002401160719823484,-0.5790148153645062,-0.5695118878878104,,,,,,,,,Exploratory point-mean frontier/matching only; retain all points; no continuum dominance or post-selection p-value
refinement_success_flip,a0.95-b0.075,64,4,periodic,0.95,0.075,fair,event,sampled-actual,128,0,0.8104400634765623,0.020896428510341413,0,0,,,0,,,,accepted_lag1,-0.522880325903361,0.0026586025006325497,-0.5281412204666225,-0.5176194313400995,,,,,,,,,Exploratory point-mean frontier/matching only; retain all points; no continuum dominance or post-selection p-value
refinement_success_flip,a0.95-b0.1,64,4,periodic,0.95,0.1,fair,event,sampled-actual,128,0,0.8100357055664062,0.024421454235420352,0,0,,,0,,,,accepted_lag1,-0.48760397442411124,0.002959354129765102,-0.49346000218619396,-0.4817479466620285,,,,,,,,,Exploratory point-mean frontier/matching only; retain all points; no continuum dominance or post-selection p-value
refinement_success_flip,a0.95-b0.15,64,4,periodic,0.95,0.15,fair,event,sampled-actual,128,0,0.8097915649414065,0.02677797736633743,0,0,,,0,,,,accepted_lag1,-0.4301669647675636,0.002952820732715214,-0.436010064115936,-0.4243238654191912,,,,,,,,,Exploratory point-mean frontier/matching only; retain all points; no continuum dominance or post-selection p-value
refinement_success_flip,a0.95-b0.2,64,4,periodic,0.95,0.2,fair,event,sampled-actual,128,0,0.8100738525390625,0.028826828430174548,0,0,,,0,,,,accepted_lag1,-0.39146137476194637,0.0026833151354794184,-0.3967711711697968,-0.3861515783540959,,,,,,,,,Exploratory point-mean frontier/matching only; retain all points; no continuum dominance or post-selection p-value
refinement_success_flip,a0.99-b0.0001,64,4,periodic,0.99,0.0001,fair,event,sampled-actual,128,0,0.8113632202148435,0.012099951303705402,0,1,,,0,,,,accepted_lag1,-0.9539271551427988,0.0015993871605864268,-0.9570920536997202,-0.9507622565858774,,,,,,,,,Exploratory point-mean frontier/matching only; retain all points; no continuum dominance or post-selection p-value
refinement_success_flip,a0.99-b0.001,64,4,periodic,0.99,0.001,fair,event,sampled-actual,128,0,0.8106613159179689,0.013080360715183271,0,0,,,0,,,,accepted_lag1,-0.9250527824316744,0.0015899657245868639,-0.9281990376669949,-0.921906527196354,,,,,,,,,Exploratory point-mean frontier/matching only; retain all points; no continuum dominance or post-selection p-value
refinement_success_flip,a0.99-b0.002,64,4,periodic,0.99,0.002,fair,event,sampled-actual,128,0,0.8102874755859373,0.012884581265976837,0,0,,,0,,,,accepted_lag1,-0.9051427132366595,0.0013345840931883218,-0.9077836143109642,-0.9025018121623548,,,,,,,,,Exploratory point-mean frontier/matching only; retain all points; no continuum dominance or post-selection p-value
refinement_success_flip,a0.99-b0.005,64,4,periodic,0.99,0.005,fair,event,sampled-actual,128,0,0.8101882934570314,0.014469738356445803,0,0,,,0,,,,accepted_lag1,-0.858252619599104,0.001580758823441356,-0.8613806560385837,-0.8551245831596244,,,,,,,,,Exploratory point-mean frontier/matching only; retain all points; no continuum dominance or post-selection p-value
refinement_success_flip,a0.99-b0.01,64,4,periodic,0.99,0.01,fair,event,sampled-actual,128,0,0.8099594116210938,0.014987576347851223,0,0,,,0,,,,accepted_lag1,-0.8053108470404688,0.001795356779763312,-0.8088635341080257,-0.801758159972912,,,,,,,,,Exploratory point-mean frontier/matching only; retain all points; no continuum dominance or post-selection p-value
refinement_success_flip,a0.99-b0.02,64,4,periodic,0.99,0.02,fair,event,sampled-actual,128,0,0.8102035522460939,0.016111016636635552,0,0,,,0,,,,accepted_lag1,-0.7380701440419599,0.002009173205800473,-0.7420459352301995,-0.7340943528537204,,,,,,,,,Exploratory point-mean frontier/matching only; retain all points; no continuum dominance or post-selection p-value
refinement_success_flip,a0.99-b0.05,64,4,periodic,0.99,0.05,fair,event,sampled-actual,128,0,0.8093948364257812,0.01866815045048192,0,0,,,0,,,,accepted_lag1,-0.623748837331672,0.0026370441030108688,-0.6289670717165828,-0.6185306029467611,,,,,,,,,Exploratory point-mean frontier/matching only; retain all points; no continuum dominance or post-selection p-value
refinement_success_flip,a0.99-b0.075,64,4,periodic,0.99,0.075,fair,event,sampled-actual,128,0,0.8094863891601561,0.02113900738589309,0,0,,,0,,,,accepted_lag1,-0.5695020841863354,0.002542433389935981,-0.5745331010440214,-0.5644710673286494,,,,,,,,,Exploratory point-mean frontier/matching only; retain all points; no continuum dominance or post-selection p-value
refinement_success_flip,a0.99-b0.1,64,4,periodic,0.99,0.1,fair,event,sampled-actual,128,0,0.8100738525390627,0.022267863813730773,0,0,,,0,,,,accepted_lag1,-0.5313652373642039,0.0026570159208252416,-0.5366229923723493,-0.5261074823560585,,,,,,,,,Exploratory point-mean frontier/matching only; retain all points; no continuum dominance or post-selection p-value
refinement_success_flip,a0.99-b0.15,64,4,periodic,0.99,0.15,fair,event,sampled-actual,128,0,0.8102035522460936,0.022497311731502816,0,0,,,0,,,,accepted_lag1,-0.4747013777776015,0.002902191484998242,-0.48044429098156427,-0.46895846457363877,,,,,,,,,Exploratory point-mean frontier/matching only; retain all points; no continuum dominance or post-selection p-value
refinement_success_flip,a0.99-b0.2,64,4,periodic,0.99,0.2,fair,event,sampled-actual,128,0,0.8100509643554688,0.026286900897214534,0,0,,,0,,,,accepted_lag1,-0.42632522765673436,0.00246304105955096,-0.431199141420149,-0.42145131389331975,,,,,,,,,Exploratory point-mean frontier/matching only; retain all points; no continuum dominance or post-selection p-value
refinement_success_flip,a1-b0.0001,64,4,periodic,1,0.0001,fair,event,sampled-actual,128,0,0.8096542358398439,0.011057191421953683,0,1,,,0,,,,accepted_lag1,-0.9750818579996384,0.0014097038169958171,-0.9778714074508549,-0.972292308548422,,,,,,,,,Exploratory point-mean frontier/matching only; retain all points; no continuum dominance or post-selection p-value
refinement_success_flip,a1-b0.001,64,4,periodic,1,0.001,fair,event,sampled-actual,128,0,0.809745788574219,0.012414675960837325,0,0,,,0,,,,accepted_lag1,-0.9451849213556209,0.001237003534385782,-0.9476327281139599,-0.9427371145972819,,,,,,,,,Exploratory point-mean frontier/matching only; retain all points; no continuum dominance or post-selection p-value
refinement_success_flip,a1-b0.002,64,4,periodic,1,0.002,fair,event,sampled-actual,128,0,0.8106689453125,0.012429392057245992,0,0,,,0,,,,accepted_lag1,-0.9219149100483379,0.0013045649170712321,-0.9244964085905265,-0.9193334115061493,,,,,,,,,Exploratory point-mean frontier/matching only; retain all points; no continuum dominance or post-selection p-value
refinement_success_flip,a1-b0.005,64,4,periodic,1,0.005,fair,event,sampled-actual,128,0,0.8110122680664061,0.013012954725545743,0,0,,,0,,,,accepted_lag1,-0.8713518486041157,0.0015603419739564678,-0.8744394837829976,-0.8682642134252339,,,,,,,,,Exploratory point-mean frontier/matching only; retain all points; no continuum dominance or post-selection p-value
refinement_success_flip,a1-b0.01,64,4,periodic,1,0.01,fair,event,sampled-actual,128,0,0.8102798461914061,0.01560418312965556,0,0,,,0,,,,accepted_lag1,-0.8209988668588569,0.0015410647286510165,-0.8240483558481531,-0.8179493778695608,,,,,,,,,Exploratory point-mean frontier/matching only; retain all points; no continuum dominance or post-selection p-value
refinement_success_flip,a1-b0.02,64,4,periodic,1,0.02,fair,event,sampled-actual,128,0,0.8110809326171878,0.013917133035983431,0,0,,,0,,,,accepted_lag1,-0.7530627274021706,0.0019247580849914886,-0.756871476300329,-0.7492539785040122,,,,,,,,,Exploratory point-mean frontier/matching only; retain all points; no continuum dominance or post-selection p-value
refinement_success_flip,a1-b0.05,64,4,periodic,1,0.05,fair,event,sampled-actual,128,0,0.8110809326171877,0.019452529893628223,0,0,,,0,,,,accepted_lag1,-0.6399634618559747,0.002084361655828526,-0.6440880374179138,-0.6358388862940357,,,,,,,,,Exploratory point-mean frontier/matching only; retain all points; no continuum dominance or post-selection p-value
refinement_success_flip,a1-b0.075,64,4,periodic,1,0.075,fair,event,sampled-actual,128,0,0.8108062744140623,0.020530458291085383,0,0,,,0,,,,accepted_lag1,-0.5785734024106386,0.002178122616609009,-0.5828835139933626,-0.5742632908279146,,,,,,,,,Exploratory point-mean frontier/matching only; retain all points; no continuum dominance or post-selection p-value
refinement_success_flip,a1-b0.1,64,4,periodic,1,0.1,fair,event,sampled-actual,128,0,0.8108367919921872,0.023857196704753857,0,0,,,0,,,,accepted_lag1,-0.5383284260351232,0.0023678153513777005,-0.5430139053069987,-0.5336429467632477,,,,,,,,,Exploratory point-mean frontier/matching only; retain all points; no continuum dominance or post-selection p-value
refinement_success_flip,a1-b0.15,64,4,periodic,1,0.15,fair,event,sampled-actual,128,0,0.8102416992187497,0.024047739996580043,0,0,,,0,,,,accepted_lag1,-0.4809584068935447,0.0027689906422756283,-0.48643773966788906,-0.4754790741192003,,,,,,,,,Exploratory point-mean frontier/matching only; retain all points; no continuum dominance or post-selection p-value
refinement_success_flip,a1-b0.2,64,4,periodic,1,0.2,fair,event,sampled-actual,128,0,0.8108978271484374,0.025686742989087016,0,0,,,0,,,,accepted_lag1,-0.43673044514211057,0.002673878549197462,-0.4420215682486854,-0.43143932203553575,,,,,,,,,Exploratory point-mean frontier/matching only; retain all points; no continuum dominance or post-selection p-value
refinement_success_flip,a0.95-b0.0001,64,8,periodic,0.95,0.0001,fair,event,sampled-actual,128,0,0.7489776611328126,0.03010228976545609,0,1,,,0,,,,accepted_lag1,-0.8419957712283815,0.004123533682088219,-0.8501555002305028,-0.8338360422262603,,,,,,,,,Exploratory point-mean frontier/matching only; retain all points; no continuum dominance or post-selection p-value
refinement_success_flip,a0.95-b0.001,64,8,periodic,0.95,0.001,fair,event,sampled-actual,128,0,0.7483367919921876,0.033125838723449465,0,0,,,0,,,,accepted_lag1,-0.8106067165044728,0.004046127687308331,-0.8186132730120206,-0.802600159996925,,,,,,,,,Exploratory point-mean frontier/matching only; retain all points; no continuum dominance or post-selection p-value
refinement_success_flip,a0.95-b0.002,64,8,periodic,0.95,0.002,fair,event,sampled-actual,128,0,0.748382568359375,0.03224722414469379,0,0,,,0,,,,accepted_lag1,-0.788675578210656,0.003720922531237402,-0.7960386124025846,-0.7813125440187275,,,,,,,,,Exploratory point-mean frontier/matching only; retain all points; no continuum dominance or post-selection p-value
refinement_success_flip,a0.95-b0.005,64,8,periodic,0.95,0.005,fair,event,sampled-actual,128,0,0.7484283447265625,0.031051556271146304,0,0,,,0,,,,accepted_lag1,-0.735438208799601,0.003119541369544162,-0.7416112182009686,-0.7292651993982333,,,,,,,,,Exploratory point-mean frontier/matching only; retain all points; no continuum dominance or post-selection p-value
refinement_success_flip,a0.95-b0.01,64,8,periodic,0.95,0.01,fair,event,sampled-actual,128,0,0.7475433349609375,0.03729976988050589,0,0,,,0,,,,accepted_lag1,-0.6805014598342535,0.0029383059324169713,-0.6863158370122534,-0.6746870826562535,,,,,,,,,Exploratory point-mean frontier/matching only; retain all points; no continuum dominance or post-selection p-value
refinement_success_flip,a0.95-b0.02,64,8,periodic,0.95,0.02,fair,event,sampled-actual,128,0,0.7478027343750001,0.03950133639400152,0,0,,,0,,,,accepted_lag1,-0.6089521355372849,0.0035833201292212635,-0.6160428794080818,-0.601861391666488,,,,,,,,,Exploratory point-mean frontier/matching only; retain all points; no continuum dominance or post-selection p-value
refinement_success_flip,a0.95-b0.05,64,8,periodic,0.95,0.05,fair,event,sampled-actual,128,0,0.7480010986328123,0.04330855138266961,0,0,,,0,,,,accepted_lag1,-0.49449908503146683,0.004005074529355902,-0.502424404748097,-0.4865737653148366,,,,,,,,,Exploratory point-mean frontier/matching only; retain all points; no continuum dominance or post-selection p-value
refinement_success_flip,a0.95-b0.075,64,8,periodic,0.95,0.075,fair,event,sampled-actual,128,0,0.7478179931640622,0.047575981969288444,0,0,,,0,,,,accepted_lag1,-0.44240328810415774,0.0038622010386501968,-0.45004588696638836,-0.4347606892419271,,,,,,,,,Exploratory point-mean frontier/matching only; retain all points; no continuum dominance or post-selection p-value
refinement_success_flip,a0.95-b0.1,64,8,periodic,0.95,0.1,fair,event,sampled-actual,128,0,0.749725341796875,0.04921172454650011,0,1,,,0,,,,accepted_lag1,-0.40705069322205906,0.00408765220535519,-0.41513941925708703,-0.3989619671870311,,,,,,,,,Exploratory point-mean frontier/matching only; retain all points; no continuum dominance or post-selection p-value
refinement_success_flip,a0.95-b0.15,64,8,periodic,0.95,0.15,fair,event,sampled-actual,128,0,0.7472381591796874,0.05245179788105571,0,0,,,0,,,,accepted_lag1,-0.350579510519128,0.003897798552881799,-0.358292550437907,-0.342866470600349,,,,,,,,,Exploratory point-mean frontier/matching only; retain all points; no continuum dominance or post-selection p-value
refinement_success_flip,a0.95-b0.2,64,8,periodic,0.95,0.2,fair,event,sampled-actual,128,0,0.7487792968750001,0.049394484568812284,0,0,,,0,,,,accepted_lag1,-0.3092042771418624,0.004161591718934799,-0.31743931613074816,-0.3009692381529766,,,,,,,,,Exploratory point-mean frontier/matching only; retain all points; no continuum dominance or post-selection p-value
refinement_success_flip,a0.99-b0.0001,64,8,periodic,0.99,0.0001,fair,event,sampled-actual,128,0,0.7487792968749999,0.029615183607824173,0,1,,,0,,,,accepted_lag1,-0.9185206584427956,0.004051878251736304,-0.926538594279569,-0.9105027226060223,,,,,,,,,Exploratory point-mean frontier/matching only; retain all points; no continuum dominance or post-selection p-value
refinement_success_flip,a0.99-b0.001,64,8,periodic,0.99,0.001,fair,event,sampled-actual,128,0,0.7476806640625,0.0321767606731712,0,0,,,0,,,,accepted_lag1,-0.8825012636897259,0.0038820115524483695,-0.8901830639836529,-0.874819463395799,,,,,,,,,Exploratory point-mean frontier/matching only; retain all points; no continuum dominance or post-selection p-value
refinement_success_flip,a0.99-b0.002,64,8,periodic,0.99,0.002,fair,event,sampled-actual,128,0,0.7483520507812498,0.036585335585702546,0,0,,,0,,,,accepted_lag1,-0.8526464219052499,0.003425030853231946,-0.8594239398645852,-0.8458689039459145,,,,,,,,,Exploratory point-mean frontier/matching only; retain all points; no continuum dominance or post-selection p-value
refinement_success_flip,a0.99-b0.005,64,8,periodic,0.99,0.005,fair,event,sampled-actual,128,0,0.747833251953125,0.035451090155818606,0,0,,,0,,,,accepted_lag1,-0.8021601342815298,0.0032280213074214236,-0.8085478059030923,-0.7957724626599673,,,,,,,,,Exploratory point-mean frontier/matching only; retain all points; no continuum dominance or post-selection p-value
refinement_success_flip,a0.99-b0.01,64,8,periodic,0.99,0.01,fair,event,sampled-actual,128,0,0.7477416992187501,0.03378835593674598,0,0,,,0,,,,accepted_lag1,-0.747334156924507,0.002978691124992288,-0.7532284491104877,-0.7414398647385263,,,,,,,,,Exploratory point-mean frontier/matching only; retain all points; no continuum dominance or post-selection p-value
refinement_success_flip,a0.99-b0.02,64,8,periodic,0.99,0.02,fair,event,sampled-actual,128,0,0.747314453125,0.03908800346034588,0,0,,,0,,,,accepted_lag1,-0.6651943069254264,0.0035052368651484075,-0.6721305381079425,-0.6582580757429102,,,,,,,,,Exploratory point-mean frontier/matching only; retain all points; no continuum dominance or post-selection p-value
refinement_success_flip,a0.99-b0.05,64,8,periodic,0.99,0.05,fair,event,sampled-actual,128,0,0.7478179931640624,0.04501349049230514,0,0,,,0,,,,accepted_lag1,-0.5390415822727437,0.00375679065734529,-0.5464755930132876,-0.5316075715321997,,,,,,,,,Exploratory point-mean frontier/matching only; retain all points; no continuum dominance or post-selection p-value
refinement_success_flip,a0.99-b0.075,64,8,periodic,0.99,0.075,fair,event,sampled-actual,128,0,0.7489929199218749,0.04534245359402835,0,1,,,0,,,,accepted_lag1,-0.48412778228023934,0.0037582504417241203,-0.4915646816706286,-0.47669088288985006,,,,,,,,,Exploratory point-mean frontier/matching only; retain all points; no continuum dominance or post-selection p-value
refinement_success_flip,a0.99-b0.1,64,8,periodic,0.99,0.1,fair,event,sampled-actual,128,0,0.7478637695312499,0.04622963930861509,0,0,,,0,,,,accepted_lag1,-0.4362965803838292,0.00367739174662809,-0.44357347500881183,-0.4290196857588465,,,,,,,,,Exploratory point-mean frontier/matching only; retain all points; no continuum dominance or post-selection p-value
refinement_success_flip,a0.99-b0.15,64,8,periodic,0.99,0.15,fair,event,sampled-actual,128,0,0.7479553222656249,0.04982934843564675,0,0,,,0,,,,accepted_lag1,-0.38083631408466884,0.004361327959683932,-0.3894665950485371,-0.3722060331208006,,,,,,,,,Exploratory point-mean frontier/matching only; retain all points; no continuum dominance or post-selection p-value
refinement_success_flip,a0.99-b0.2,64,8,periodic,0.99,0.2,fair,event,sampled-actual,128,0,0.7484130859375,0.05174263817034732,0,0,,,0,,,,accepted_lag1,-0.3352295339052099,0.003923989405119485,-0.34299440079402727,-0.3274646670163925,,,,,,,,,Exploratory point-mean frontier/matching only; retain all points; no continuum dominance or post-selection p-value
refinement_success_flip,a1-b0.0001,64,8,periodic,1,0.0001,fair,event,sampled-actual,128,0,0.7478942871093751,0.027623940702785416,0,1,,,0,,,,accepted_lag1,-0.9412127560107949,0.0036124145700804234,-0.9483610725295152,-0.9340644394920746,,,,,,,,,Exploratory point-mean frontier/matching only; retain all points; no continuum dominance or post-selection p-value
refinement_success_flip,a1-b0.001,64,8,periodic,1,0.001,fair,event,sampled-actual,128,0,0.7475433349609372,0.027615538786570644,0,1,,,0,,,,accepted_lag1,-0.9065486339832812,0.003160170239520258,-0.9128020405862305,-0.900295227380332,,,,,,,,,Exploratory point-mean frontier/matching only; retain all points; no continuum dominance or post-selection p-value
refinement_success_flip,a1-b0.002,64,8,periodic,1,0.002,fair,event,sampled-actual,128,0,0.7469329833984372,0.030455109179066037,0,0,,,0,,,,accepted_lag1,-0.8770701217633585,0.0035533392302300603,-0.8841015388455638,-0.8700387046811533,,,,,,,,,Exploratory point-mean frontier/matching only; retain all points; no continuum dominance or post-selection p-value
refinement_success_flip,a1-b0.005,64,8,periodic,1,0.005,fair,event,sampled-actual,128,0,0.7467041015624999,0.03384122350666238,0,0,,,0,,,,accepted_lag1,-0.8226670332153458,0.0034815567023245048,-0.8295564056290812,-0.8157776608016105,,,,,,,,,Exploratory point-mean frontier/matching only; retain all points; no continuum dominance or post-selection p-value
refinement_success_flip,a1-b0.01,64,8,periodic,1,0.01,fair,event,sampled-actual,128,0,0.7468872070312499,0.03469233510734019,0,0,,,0,,,,accepted_lag1,-0.7615770794999963,0.003386341579031452,-0.7682780383677602,-0.7548761206322324,,,,,,,,,Exploratory point-mean frontier/matching only; retain all points; no continuum dominance or post-selection p-value
refinement_success_flip,a1-b0.02,64,8,periodic,1,0.02,fair,event,sampled-actual,128,0,0.7484130859375002,0.044213856454501786,0,0,,,0,,,,accepted_lag1,-0.6773765000604138,0.003853866905751122,-0.6850026071776589,-0.6697503929431687,,,,,,,,,Exploratory point-mean frontier/matching only; retain all points; no continuum dominance or post-selection p-value
refinement_success_flip,a1-b0.05,64,8,periodic,1,0.05,fair,event,sampled-actual,128,0,0.747299194335938,0.04582458714126182,0,0,,,0,,,,accepted_lag1,-0.5545573204629061,0.0040514801024000655,-0.5625744684339952,-0.546540172491817,,,,,,,,,Exploratory point-mean frontier/matching only; retain all points; no continuum dominance or post-selection p-value
refinement_success_flip,a1-b0.075,64,8,periodic,1,0.075,fair,event,sampled-actual,128,0,0.7474212646484376,0.043658980618067486,0,0,,,0,,,,accepted_lag1,-0.4918191701537146,0.003942708893129781,-0.4996210795310864,-0.48401726077634283,,,,,,,,,Exploratory point-mean frontier/matching only; retain all points; no continuum dominance or post-selection p-value
refinement_success_flip,a1-b0.1,64,8,periodic,1,0.1,fair,event,sampled-actual,128,0,0.748641967773438,0.04766255671267653,0,0,,,0,,,,accepted_lag1,-0.45170030603721417,0.003888107443756496,-0.45939416899994306,-0.4440064430744853,,,,,,,,,Exploratory point-mean frontier/matching only; retain all points; no continuum dominance or post-selection p-value
refinement_success_flip,a1-b0.15,64,8,periodic,1,0.15,fair,event,sampled-actual,128,0,0.7487335205078122,0.051909960859817514,0,0,,,0,,,,accepted_lag1,-0.3919150293253218,0.004008347106220869,-0.3998468248809812,-0.38398323376966237,,,,,,,,,Exploratory point-mean frontier/matching only; retain all points; no continuum dominance or post-selection p-value
refinement_success_flip,a1-b0.2,64,8,periodic,1,0.2,fair,event,sampled-actual,128,0,0.7462158203125001,0.05197192082206792,0,0,,,0,,,,accepted_lag1,-0.35614164280211413,0.004246483551107369,-0.36454466740683966,-0.3477386181973886,,,,,,,,,Exploratory point-mean frontier/matching only; retain all points; no continuum dominance or post-selection p-value
refinement,a0.002-b0.6,64,4,periodic,0.002,0.6,fair,event,sampled-actual,128,0,0.8100967407226566,0.2047304138383766,0,0,,,0,,,,accepted_lag1,0.31168692157194405,0.0037685328331573064,0.3042296751845233,0.3191441679593648,,,,,,,,,Exploratory point-mean frontier/matching only; retain all points; no continuum dominance or post-selection p-value
refinement,a0.002-b0.7,64,4,periodic,0.002,0.7,fair,event,sampled-actual,128,0,0.8107376098632811,0.19640807947701028,0,0,,,0,,,,accepted_lag1,0.29081490854607295,0.003732724657969393,0.28342852007521613,0.29820129701692977,,,,,,,,,Exploratory point-mean frontier/matching only; retain all points; no continuum dominance or post-selection p-value
refinement,a0.002-b0.8,64,4,periodic,0.002,0.8,fair,event,sampled-actual,128,0,0.8107299804687496,0.19944691800719086,0,0,,,0,,,,accepted_lag1,0.2764212006422833,0.004086208117323007,0.26833533219686323,0.2845070690877034,,,,,,,,,Exploratory point-mean frontier/matching only; retain all points; no continuum dominance or post-selection p-value
refinement,a0.002-b0.9,64,4,periodic,0.002,0.9,fair,event,sampled-actual,128,0,0.8099517822265625,0.18763665083543257,0,0,,,0,,,,accepted_lag1,0.26420641706150605,0.0039723069589050475,0.2563459384533887,0.2720668956696234,,,,,,,,,Exploratory point-mean frontier/matching only; retain all points; no continuum dominance or post-selection p-value
refinement,a0.002-b1,64,4,periodic,0.002,1,fair,event,sampled-actual,128,0,0.8107070922851565,0.192280460321194,0,0,,,0,,,,accepted_lag1,0.2533536944583495,0.0036589023782538995,0.24611338695669,0.260594001960009,,,,,,,,,Exploratory point-mean frontier/matching only; retain all points; no continuum dominance or post-selection p-value
refinement,a0.005-b0.6,64,4,periodic,0.005,0.6,fair,event,sampled-actual,128,0,0.8103942871093748,0.19294862212317648,0,0,,,0,,,,accepted_lag1,0.30846903674708215,0.0036336349325219635,0.30127872896062907,0.3156593445335352,,,,,,,,,Exploratory point-mean frontier/matching only; retain all points; no continuum dominance or post-selection p-value
refinement,a0.005-b0.7,64,4,periodic,0.005,0.7,fair,event,sampled-actual,128,0,0.8106536865234373,0.18877480388809997,0,0,,,0,,,,accepted_lag1,0.2873385786359055,0.0036561773759517975,0.2801036634220335,0.2945734938497775,,,,,,,,,Exploratory point-mean frontier/matching only; retain all points; no continuum dominance or post-selection p-value
refinement,a0.005-b0.8,64,4,periodic,0.005,0.8,fair,event,sampled-actual,128,0,0.80987548828125,0.1823060172644689,0,0,,,0,,,,accepted_lag1,0.27033007601208264,0.003619665314707424,0.2631674115782533,0.277492740445912,,,,,,,,,Exploratory point-mean frontier/matching only; retain all points; no continuum dominance or post-selection p-value
refinement,a0.005-b0.9,64,4,periodic,0.005,0.9,fair,event,sampled-actual,128,0,0.8101272583007812,0.18125565836654528,0,0,,,0,,,,accepted_lag1,0.2613145033531307,0.004009724535797122,0.2533799821129181,0.2692490245933433,,,,,,,,,Exploratory point-mean frontier/matching only; retain all points; no continuum dominance or post-selection p-value
refinement,a0.005-b1,64,4,periodic,0.005,1,fair,event,sampled-actual,128,0,0.8095855712890626,0.19475101136690084,0,0,,,0,,,,accepted_lag1,0.25190096627491554,0.003734679872587651,0.2445107087871776,0.2592912237626535,,,,,,,,,Exploratory point-mean frontier/matching only; retain all points; no continuum dominance or post-selection p-value
refinement,a0.01-b0.6,64,4,periodic,0.01,0.6,fair,event,sampled-actual,128,0,0.809623718261719,0.17288697277415377,0,0,,,0,,,,accepted_lag1,0.2978253361369194,0.003485671458431929,0.29092782136341816,0.3047228509104207,,,,,,,,,Exploratory point-mean frontier/matching only; retain all points; no continuum dominance or post-selection p-value
refinement,a0.01-b0.7,64,4,periodic,0.01,0.7,fair,event,sampled-actual,128,0,0.8096466064453128,0.1702335860089459,0,0,,,0,,,,accepted_lag1,0.2818542078191268,0.003780735094557765,0.2743728153584793,0.2893356002797743,,,,,,,,,Exploratory point-mean frontier/matching only; retain all points; no continuum dominance or post-selection p-value
refinement,a0.01-b0.8,64,4,periodic,0.01,0.8,fair,event,sampled-actual,128,0,0.8091888427734372,0.16055352994445002,0,0,,,0,,,,accepted_lag1,0.2651043453699969,0.0032921079396025675,0.258589857868761,0.2716188328712328,,,,,,,,,Exploratory point-mean frontier/matching only; retain all points; no continuum dominance or post-selection p-value
refinement,a0.01-b0.9,64,4,periodic,0.01,0.9,fair,event,sampled-actual,128,0,0.8097381591796882,0.16155928135670583,0,0,,,0,,,,accepted_lag1,0.2543282540143833,0.0037570961985363893,0.2468936386629617,0.2617628693658049,,,,,,,,,Exploratory point-mean frontier/matching only; retain all points; no continuum dominance or post-selection p-value
refinement,a0.01-b1,64,4,periodic,0.01,1,fair,event,sampled-actual,128,0,0.8108825683593747,0.18565501103488508,0,0,,,0,,,,accepted_lag1,0.24813217696097184,0.0037145154662708325,0.24078182119435929,0.25548253272758437,,,,,,,,,Exploratory point-mean frontier/matching only; retain all points; no continuum dominance or post-selection p-value
refinement,a0.02-b0.6,64,4,periodic,0.02,0.6,fair,event,sampled-actual,128,0,0.8095321655273436,0.16580016725253235,0,0,,,0,,,,accepted_lag1,0.29097608836431854,0.0034791778278515685,0.28409142331386084,0.29786075341477625,,,,,,,,,Exploratory point-mean frontier/matching only; retain all points; no continuum dominance or post-selection p-value
refinement,a0.02-b0.7,64,4,periodic,0.02,0.7,fair,event,sampled-actual,128,0,0.8098526000976559,0.14851580439049009,0,0,,,0,,,,accepted_lag1,0.27353511145039383,0.0033880121241373047,0.26683084687534087,0.2802393760254468,,,,,,,,,Exploratory point-mean frontier/matching only; retain all points; no continuum dominance or post-selection p-value
refinement,a0.02-b0.8,64,4,periodic,0.02,0.8,fair,event,sampled-actual,128,0,0.8100814819335938,0.15722835691154222,0,0,,,0,,,,accepted_lag1,0.25823011422669356,0.0034285877712144958,0.251445557768571,0.2650146706848161,,,,,,,,,Exploratory point-mean frontier/matching only; retain all points; no continuum dominance or post-selection p-value
refinement,a0.02-b0.9,64,4,periodic,0.02,0.9,fair,event,sampled-actual,128,0,0.8095092773437497,0.14376210947326123,0,0,,,0,,,,accepted_lag1,0.2429957046567744,0.0035896255388937785,0.23589248351814318,0.2500989257954056,,,,,,,,,Exploratory point-mean frontier/matching only; retain all points; no continuum dominance or post-selection p-value
refinement,a0.02-b1,64,4,periodic,0.02,1,fair,event,sampled-actual,128,0,0.8102340698242186,0.16753756509845927,0,0,,,0,,,,accepted_lag1,0.23918859353060715,0.0035979343832198253,0.23206893068851275,0.24630825637270154,,,,,,,,,Exploratory point-mean frontier/matching only; retain all points; no continuum dominance or post-selection p-value
refinement,a0.03-b0.6,64,4,periodic,0.03,0.6,fair,event,sampled-actual,128,0,0.8099594116210941,0.15991210305471054,0,0,,,0,,,,accepted_lag1,0.2854138178466769,0.003217899959260026,0.2790461745465737,0.2917814611467801,,,,,,,,,Exploratory point-mean frontier/matching only; retain all points; no continuum dominance or post-selection p-value
refinement,a0.03-b0.7,64,4,periodic,0.03,0.7,fair,event,sampled-actual,128,0,0.809684753417969,0.15012653703950835,0,0,,,0,,,,accepted_lag1,0.26572284533487334,0.00377997385937058,0.25824295922128476,0.2732027314484619,,,,,,,,,Exploratory point-mean frontier/matching only; retain all points; no continuum dominance or post-selection p-value
refinement,a0.03-b0.8,64,4,periodic,0.03,0.8,fair,event,sampled-actual,128,0,0.8102874755859371,0.15394035035186326,0,0,,,0,,,,accepted_lag1,0.25564789831800083,0.003595060354936489,0.24853392265921678,0.26276187397678485,,,,,,,,,Exploratory point-mean frontier/matching only; retain all points; no continuum dominance or post-selection p-value
refinement,a0.03-b0.9,64,4,periodic,0.03,0.9,fair,event,sampled-actual,128,0,0.8093948364257812,0.15488236221358234,0,0,,,0,,,,accepted_lag1,0.24498062893718303,0.003650754080077944,0.2377564454471287,0.25220481242723736,,,,,,,,,Exploratory point-mean frontier/matching only; retain all points; no continuum dominance or post-selection p-value
refinement,a0.03-b1,64,4,periodic,0.03,1,fair,event,sampled-actual,128,0,0.8102874755859378,0.14663254436887874,0,0,,,0,,,,accepted_lag1,0.23201709570629664,0.0035113748662914533,0.22506871852721455,0.23896547288537873,,,,,,,,,Exploratory point-mean frontier/matching only; retain all points; no continuum dominance or post-selection p-value
refinement,a0.075-b0.6,64,4,periodic,0.075,0.6,fair,event,sampled-actual,128,0,0.8098373413085939,0.12052957976516905,0,0,,,0,,,,accepted_lag1,0.25412190913805427,0.0033181311745563236,0.24755592635113574,0.2606878919249728,,,,,,,,,Exploratory point-mean frontier/matching only; retain all points; no continuum dominance or post-selection p-value
refinement,a0.075-b0.7,64,4,periodic,0.075,0.7,fair,event,sampled-actual,128,0,0.8101348876953125,0.10974066935498497,0,0,,,0,,,,accepted_lag1,0.23868182408210264,0.0033906453567395414,0.23197234881493697,0.24539129934926832,,,,,,,,,Exploratory point-mean frontier/matching only; retain all points; no continuum dominance or post-selection p-value
refinement,a0.075-b0.8,64,4,periodic,0.075,0.8,fair,event,sampled-actual,128,0,0.8113250732421875,0.10934753661718521,0,0,,,0,,,,accepted_lag1,0.22190963713246287,0.0033493001306211367,0.215281976606407,0.22853729765851874,,,,,,,,,Exploratory point-mean frontier/matching only; retain all points; no continuum dominance or post-selection p-value
refinement,a0.075-b0.9,64,4,periodic,0.075,0.9,fair,event,sampled-actual,128,0,0.8106155395507814,0.11610458603074737,0,0,,,0,,,,accepted_lag1,0.21305869053377666,0.0033090070317140096,0.20651076277895192,0.2196066182886014,,,,,,,,,Exploratory point-mean frontier/matching only; retain all points; no continuum dominance or post-selection p-value
refinement,a0.075-b1,64,4,periodic,0.075,1,fair,event,sampled-actual,128,0,0.8088760375976565,0.11002518759751914,0,0,,,0,,,,accepted_lag1,0.2038492602437655,0.0031800600621486033,0.19755649527125752,0.2101420252162735,,,,,,,,,Exploratory point-mean frontier/matching only; retain all points; no continuum dominance or post-selection p-value
refinement,a0.125-b0.6,64,4,periodic,0.125,0.6,fair,event,sampled-actual,128,0,0.8104934692382812,0.09947221523044589,0,0,,,0,,,,accepted_lag1,0.2226912016794999,0.0029794127633807235,0.21679548150137917,0.22858692185762064,,,,,,,,,Exploratory point-mean frontier/matching only; retain all points; no continuum dominance or post-selection p-value
refinement,a0.125-b0.7,64,4,periodic,0.125,0.7,fair,event,sampled-actual,128,0,0.8093566894531252,0.08934597599310774,0,0,,,0,,,,accepted_lag1,0.20613227144258983,0.0030523659217779994,0.2000921901295143,0.21217235275566537,,,,,,,,,Exploratory point-mean frontier/matching only; retain all points; no continuum dominance or post-selection p-value
refinement,a0.125-b0.8,64,4,periodic,0.125,0.8,fair,event,sampled-actual,128,0,0.8096160888671874,0.09165490768935947,0,0,,,0,,,,accepted_lag1,0.1929741846227337,0.003207520016647153,0.18662708135584194,0.19932128788962544,,,,,,,,,Exploratory point-mean frontier/matching only; retain all points; no continuum dominance or post-selection p-value
refinement,a0.125-b0.9,64,4,periodic,0.125,0.9,fair,event,sampled-actual,128,0,0.8096618652343748,0.09468371250620614,0,0,,,0,,,,accepted_lag1,0.18378726377489493,0.003388963259757675,0.17708111707409624,0.19049341047569363,,,,,,,,,Exploratory point-mean frontier/matching only; retain all points; no continuum dominance or post-selection p-value
refinement,a0.125-b1,64,4,periodic,0.125,1,fair,event,sampled-actual,128,0,0.809600830078125,0.10275583795012833,0,0,,,0,,,,accepted_lag1,0.18051546130847254,0.0033490360513280305,0.17388832334768056,0.18714259926926452,,,,,,,,,Exploratory point-mean frontier/matching only; retain all points; no continuum dominance or post-selection p-value
refinement,a0.175-b0.6,64,4,periodic,0.175,0.6,fair,event,sampled-actual,128,0,0.8103332519531254,0.07895085289429994,0,0,,,0,,,,accepted_lag1,0.18813667417248192,0.002945101981288363,0.18230884884021648,0.19396449950474737,,,,,,,,,Exploratory point-mean frontier/matching only; retain all points; no continuum dominance or post-selection p-value
refinement,a0.175-b0.7,64,4,periodic,0.175,0.7,fair,event,sampled-actual,128,0,0.8099822998046875,0.08088601335039015,0,0,,,0,,,,accepted_lag1,0.17818936265785296,0.0029588380579612774,0.17233435610873696,0.18404436920696896,,,,,,,,,Exploratory point-mean frontier/matching only; retain all points; no continuum dominance or post-selection p-value
refinement,a0.175-b0.8,64,4,periodic,0.175,0.8,fair,event,sampled-actual,128,0,0.8107452392578125,0.07718444411037059,0,0,,,0,,,,accepted_lag1,0.16912556314123572,0.002868177761755592,0.1634499569572735,0.17480116932519796,,,,,,,,,Exploratory point-mean frontier/matching only; retain all points; no continuum dominance or post-selection p-value
refinement,a0.175-b0.9,64,4,periodic,0.175,0.9,fair,event,sampled-actual,128,0,0.8111038208007816,0.08302870205504534,0,0,,,0,,,,accepted_lag1,0.15882576809500876,0.00339499144900038,0.1521076926955777,0.16554384349443982,,,,,,,,,Exploratory point-mean frontier/matching only; retain all points; no continuum dominance or post-selection p-value
refinement,a0.175-b1,64,4,periodic,0.175,1,fair,event,sampled-actual,128,0,0.8102722167968748,0.08631305865299466,0,0,,,0,,,,accepted_lag1,0.15339210445267779,0.0030907047331979404,0.14727615755062717,0.1595080513547284,,,,,,,,,Exploratory point-mean frontier/matching only; retain all points; no continuum dominance or post-selection p-value
refinement,a0.225-b0.6,64,4,periodic,0.225,0.6,fair,event,sampled-actual,128,0,0.8118438720703126,0.07080170712717801,0,1,,,0,,,,accepted_lag1,0.16332670763915566,0.002909017343427947,0.15757028729319109,0.16908312798512024,,,,,,,,,Exploratory point-mean frontier/matching only; retain all points; no continuum dominance or post-selection p-value
refinement,a0.225-b0.7,64,4,periodic,0.225,0.7,fair,event,sampled-actual,128,0,0.8102569580078126,0.07640906066429391,0,0,,,0,,,,accepted_lag1,0.1534132723108275,0.003427854557619462,0.14663016675008994,0.16019637787156504,,,,,,,,,Exploratory point-mean frontier/matching only; retain all points; no continuum dominance or post-selection p-value
refinement,a0.225-b0.8,64,4,periodic,0.225,0.8,fair,event,sampled-actual,128,0,0.8106155395507814,0.07104065329071514,0,0,,,0,,,,accepted_lag1,0.14138708167028438,0.0031092800527738277,0.13523437756299367,0.1475397857775751,,,,,,,,,Exploratory point-mean frontier/matching only; retain all points; no continuum dominance or post-selection p-value
refinement,a0.225-b0.9,64,4,periodic,0.225,0.9,fair,event,sampled-actual,128,0,0.8094863891601562,0.08009783772428707,0,0,,,0,,,,accepted_lag1,0.1408453893711724,0.003625922104991244,0.1336703438785049,0.14802043486383992,,,,,,,,,Exploratory point-mean frontier/matching only; retain all points; no continuum dominance or post-selection p-value
refinement,a0.225-b1,64,4,periodic,0.225,1,fair,event,sampled-actual,128,0,0.8098068237304685,0.06454125273000813,0,0,,,0,,,,accepted_lag1,0.1285067343928249,0.0028254348260516836,0.1229157087650041,0.1340977600206457,,,,,,,,,Exploratory point-mean frontier/matching only; retain all points; no continuum dominance or post-selection p-value
refinement,a0.275-b0.6,64,4,periodic,0.275,0.6,fair,event,sampled-actual,128,0,0.8115310668945311,0.05824972250766385,0,1,,,0,,,,accepted_lag1,0.127061981019169,0.0027680615304503694,0.12158448678945435,0.13253947524888363,,,,,,,,,Exploratory point-mean frontier/matching only; retain all points; no continuum dominance or post-selection p-value
refinement,a0.275-b0.7,64,4,periodic,0.275,0.7,fair,event,sampled-actual,128,0,0.8108673095703126,0.06279200411077092,0,0,,,0,,,,accepted_lag1,0.12438490798631621,0.003281402324414046,0.11789160496554639,0.13087821100708602,,,,,,,,,Exploratory point-mean frontier/matching only; retain all points; no continuum dominance or post-selection p-value
refinement,a0.275-b0.8,64,4,periodic,0.275,0.8,fair,event,sampled-actual,128,0,0.8083190917968754,0.0671039923689032,0,0,,,0,,,,accepted_lag1,0.1164992713784847,0.0029720494217262204,0.11061812192467058,0.12238042083229883,,,,,,,,,Exploratory point-mean frontier/matching only; retain all points; no continuum dominance or post-selection p-value
refinement,a0.275-b0.9,64,4,periodic,0.275,0.9,fair,event,sampled-actual,128,0,0.8110046386718748,0.07352254447817633,0,0,,,0,,,,accepted_lag1,0.11234070672877118,0.003300476764537774,0.10580965883327101,0.11887175462427135,,,,,,,,,Exploratory point-mean frontier/matching only; retain all points; no continuum dominance or post-selection p-value
refinement,a0.275-b1,64,4,periodic,0.275,1,fair,event,sampled-actual,128,0,0.8095932006835936,0.06181874684187104,0,0,,,0,,,,accepted_lag1,0.0992965332694113,0.002913470456277433,0.09353130101674992,0.10506176552207269,,,,,,,,,Exploratory point-mean frontier/matching only; retain all points; no continuum dominance or post-selection p-value
refinement,a0.002-b0.6,64,8,periodic,0.002,0.6,fair,event,sampled-actual,128,0,0.7524566650390627,0.5112925513075688,0,1,,,0,,,,accepted_lag1,0.4379381966204568,0.014986145718119142,0.40828331872353935,0.46759307451737425,,,,,,,,,Exploratory point-mean frontier/matching only; retain all points; no continuum dominance or post-selection p-value
refinement,a0.002-b0.7,64,8,periodic,0.002,0.7,fair,event,sampled-actual,128,0,0.7500457763671876,0.5102038983124909,0,0,,,0,,,,accepted_lag1,0.4269328256571677,0.015598779971390253,0.3960656551322493,0.45779999618208617,,,,,,,,,Exploratory point-mean frontier/matching only; retain all points; no continuum dominance or post-selection p-value
refinement,a0.002-b0.8,64,8,periodic,0.002,0.8,fair,event,sampled-actual,128,0,0.7501068115234375,0.4790357122859902,0,0,,,0,,,,accepted_lag1,0.4009973037610678,0.016165041594080425,0.3690096036754175,0.43298500384671806,,,,,,,,,Exploratory point-mean frontier/matching only; retain all points; no continuum dominance or post-selection p-value
refinement,a0.002-b0.9,64,8,periodic,0.002,0.9,fair,event,sampled-actual,128,0,0.7491455078125,0.4822826118194401,0,0,,,0,,,,accepted_lag1,0.38904814974250534,0.016057101154893286,0.357274044306503,0.4208222551785077,,,,,,,,,Exploratory point-mean frontier/matching only; retain all points; no continuum dominance or post-selection p-value
refinement,a0.002-b1,64,8,periodic,0.002,1,fair,event,sampled-actual,128,0,0.7514190673828126,0.5084080228705754,0,0,,,0,,,,accepted_lag1,0.40918570450010344,0.016091322110863237,0.37734388196793156,0.4410275270322753,,,,,,,,,Exploratory point-mean frontier/matching only; retain all points; no continuum dominance or post-selection p-value
refinement,a0.005-b0.6,64,8,periodic,0.005,0.6,fair,event,sampled-actual,128,0,0.7518005371093749,0.49902185292442763,0,1,,,0,,,,accepted_lag1,0.436827201824532,0.015467008969614386,0.406220782332035,0.467433621317029,,,,,,,,,Exploratory point-mean frontier/matching only; retain all points; no continuum dominance or post-selection p-value
refinement,a0.005-b0.7,64,8,periodic,0.005,0.7,fair,event,sampled-actual,128,0,0.7484741210937497,0.4886399781902376,0,0,,,0,,,,accepted_lag1,0.4085379669980657,0.015597735780696724,0.3776728627380896,0.43940307125804184,,,,,,,,,Exploratory point-mean frontier/matching only; retain all points; no continuum dominance or post-selection p-value
refinement,a0.005-b0.8,64,8,periodic,0.005,0.8,fair,event,sampled-actual,128,0,0.7509002685546877,0.47800773535324476,0,0,,,0,,,,accepted_lag1,0.40017413393401335,0.0159987011891099,0.3685155914911291,0.4318326763768976,,,,,,,,,Exploratory point-mean frontier/matching only; retain all points; no continuum dominance or post-selection p-value
refinement,a0.005-b0.9,64,8,periodic,0.005,0.9,fair,event,sampled-actual,128,0,0.7489471435546873,0.4718073039596388,0,0,,,0,,,,accepted_lag1,0.3874632847294321,0.015937999946797454,0.35592485909061644,0.41900171036824774,,,,,,,,,Exploratory point-mean frontier/matching only; retain all points; no continuum dominance or post-selection p-value
refinement,a0.005-b1,64,8,periodic,0.005,1,fair,event,sampled-actual,128,0,0.7505187988281246,0.4910043179444484,0,0,,,0,,,,accepted_lag1,0.39377673573844296,0.015786861114050133,0.36253738657431994,0.425016084902566,,,,,,,,,Exploratory point-mean frontier/matching only; retain all points; no continuum dominance or post-selection p-value
refinement,a0.01-b0.6,64,8,periodic,0.01,0.6,fair,event,sampled-actual,128,0,0.7517395019531251,0.4739929949571239,0,1,,,0,,,,accepted_lag1,0.4108955479961268,0.015236616072378606,0.3807450344693368,0.44104606152291687,,,,,,,,,Exploratory point-mean frontier/matching only; retain all points; no continuum dominance or post-selection p-value
refinement,a0.01-b0.7,64,8,periodic,0.01,0.7,fair,event,sampled-actual,128,0,0.7495574951171876,0.47356490889080455,0,0,,,0,,,,accepted_lag1,0.40061948499046074,0.015435798570531067,0.3700748252453557,0.4311641447355658,,,,,,,,,Exploratory point-mean frontier/matching only; retain all points; no continuum dominance or post-selection p-value
refinement,a0.01-b0.8,64,8,periodic,0.01,0.8,fair,event,sampled-actual,128,0,0.7508239746093748,0.45957375552772767,0,0,,,0,,,,accepted_lag1,0.3782051751210058,0.01563877596069183,0.3472588597511477,0.40915149049086397,,,,,,,,,Exploratory point-mean frontier/matching only; retain all points; no continuum dominance or post-selection p-value
refinement,a0.01-b0.9,64,8,periodic,0.01,0.9,fair,event,sampled-actual,128,0,0.7492675781249998,0.47214597825299653,0,0,,,0,,,,accepted_lag1,0.3807446616289839,0.01618943704532901,0.34870868734784505,0.41278063591012276,,,,,,,,,Exploratory point-mean frontier/matching only; retain all points; no continuum dominance or post-selection p-value
refinement,a0.01-b1,64,8,periodic,0.01,1,fair,event,sampled-actual,128,0,0.7506866455078126,0.4759657545331984,0,0,,,0,,,,accepted_lag1,0.38015426187087464,0.015377908872990936,0.34972415539012003,0.41058436835162926,,,,,,,,,Exploratory point-mean frontier/matching only; retain all points; no continuum dominance or post-selection p-value
refinement,a0.02-b0.6,64,8,periodic,0.02,0.6,fair,event,sampled-actual,128,0,0.7490997314453123,0.4326152367311673,0,0,,,0,,,,accepted_lag1,0.38359558103477337,0.014892819965278083,0.3541253779606686,0.4130657841088781,,,,,,,,,Exploratory point-mean frontier/matching only; retain all points; no continuum dominance or post-selection p-value
refinement,a0.02-b0.7,64,8,periodic,0.02,0.7,fair,event,sampled-actual,128,0,0.7493286132812498,0.4217691998177575,0,0,,,0,,,,accepted_lag1,0.3688863851984988,0.015344475148380547,0.3385224380251211,0.3992503323718765,,,,,,,,,Exploratory point-mean frontier/matching only; retain all points; no continuum dominance or post-selection p-value
refinement,a0.02-b0.8,64,8,periodic,0.02,0.8,fair,event,sampled-actual,128,0,0.7499237060546873,0.42184701439251493,0,0,,,0,,,,accepted_lag1,0.35285916202860684,0.015229415336285742,0.3227228974590616,0.3829954265981521,,,,,,,,,Exploratory point-mean frontier/matching only; retain all points; no continuum dominance or post-selection p-value
refinement,a0.02-b0.9,64,8,periodic,0.02,0.9,fair,event,sampled-actual,128,0,0.7496185302734375,0.4286186322375256,0,0,,,0,,,,accepted_lag1,0.34491723443789457,0.01459438179400681,0.31603758664700243,0.3737968822287867,,,,,,,,,Exploratory point-mean frontier/matching only; retain all points; no continuum dominance or post-selection p-value
refinement,a0.02-b1,64,8,periodic,0.02,1,fair,event,sampled-actual,128,0,0.7516937255859375,0.4346390856769908,0,1,,,0,,,,accepted_lag1,0.3532110859948382,0.015815776316800798,0.32191451886266226,0.3845076531270141,,,,,,,,,Exploratory point-mean frontier/matching only; retain all points; no continuum dominance or post-selection p-value
refinement,a0.03-b0.6,64,8,periodic,0.03,0.6,fair,event,sampled-actual,128,0,0.7493133544921873,0.4130661344260303,0,0,,,0,,,,accepted_lag1,0.36817346161004477,0.013118381365129885,0.34221455230104403,0.3941323709190455,,,,,,,,,Exploratory point-mean frontier/matching only; retain all points; no continuum dominance or post-selection p-value
refinement,a0.03-b0.7,64,8,periodic,0.03,0.7,fair,event,sampled-actual,128,0,0.74700927734375,0.4123938025126,0,0,,,0,,,,accepted_lag1,0.3483000442334979,0.013993445216600784,0.3206095414810943,0.37599054698590156,,,,,,,,,Exploratory point-mean frontier/matching only; retain all points; no continuum dominance or post-selection p-value
refinement,a0.03-b0.8,64,8,periodic,0.03,0.8,fair,event,sampled-actual,128,0,0.7494354248046875,0.40201705791903464,0,0,,,0,,,,accepted_lag1,0.334598021520985,0.014583476784636378,0.3057399527756612,0.3634560902663088,,,,,,,,,Exploratory point-mean frontier/matching only; retain all points; no continuum dominance or post-selection p-value
refinement,a0.03-b0.9,64,8,periodic,0.03,0.9,fair,event,sampled-actual,128,0,0.7503662109374999,0.3966653273455726,0,0,,,0,,,,accepted_lag1,0.3231542865368528,0.014355279479159872,0.29474777907737243,0.35156079399633317,,,,,,,,,Exploratory point-mean frontier/matching only; retain all points; no continuum dominance or post-selection p-value
refinement,a0.03-b1,64,8,periodic,0.03,1,fair,event,sampled-actual,128,0,0.7491455078124999,0.4065971978732182,0,0,,,0,,,,accepted_lag1,0.33034362125553,0.014349813096837485,0.30194793078017335,0.3587393117308867,,,,,,,,,Exploratory point-mean frontier/matching only; retain all points; no continuum dominance or post-selection p-value
refinement,a0.075-b0.6,64,8,periodic,0.075,0.6,fair,event,sampled-actual,128,0,0.7500305175781251,0.3157159886297568,0,1,,,0,,,,accepted_lag1,0.2907035678584718,0.011695448351567387,0.2675603861932821,0.3138467495236615,,,,,,,,,Exploratory point-mean frontier/matching only; retain all points; no continuum dominance or post-selection p-value
refinement,a0.075-b0.7,64,8,periodic,0.075,0.7,fair,event,sampled-actual,128,0,0.7484436035156254,0.33003614527119046,0,0,,,0,,,,accepted_lag1,0.2860325301598356,0.01057425745757237,0.2651079829378142,0.306957077381857,,,,,,,,,Exploratory point-mean frontier/matching only; retain all points; no continuum dominance or post-selection p-value
refinement,a0.075-b0.8,64,8,periodic,0.075,0.8,fair,event,sampled-actual,128,0,0.747650146484375,0.3262327644940847,0,0,,,0,,,,accepted_lag1,0.27595733683511764,0.011151057943061184,0.2538914055447849,0.2980232681254504,,,,,,,,,Exploratory point-mean frontier/matching only; retain all points; no continuum dominance or post-selection p-value
refinement,a0.075-b0.9,64,8,periodic,0.075,0.9,fair,event,sampled-actual,128,0,0.7511291503906249,0.34189025716664667,0,1,,,0,,,,accepted_lag1,0.2812742987436475,0.011196407825890937,0.2591186282192748,0.30342996926802024,,,,,,,,,Exploratory point-mean frontier/matching only; retain all points; no continuum dominance or post-selection p-value
refinement,a0.075-b1,64,8,periodic,0.075,1,fair,event,sampled-actual,128,0,0.7490539550781254,0.2994726982433119,0,0,,,0,,,,accepted_lag1,0.24677800161339836,0.012003343276091405,0.2230255514569247,0.270530451769872,,,,,,,,,Exploratory point-mean frontier/matching only; retain all points; no continuum dominance or post-selection p-value
refinement,a0.125-b0.6,64,8,periodic,0.125,0.6,fair,event,sampled-actual,128,0,0.7475738525390627,0.26135250599938653,0,0,,,0,,,,accepted_lag1,0.24143925247358827,0.009294842415490992,0.22304643672983016,0.2598320682173464,,,,,,,,,Exploratory point-mean frontier/matching only; retain all points; no continuum dominance or post-selection p-value
refinement,a0.125-b0.7,64,8,periodic,0.125,0.7,fair,event,sampled-actual,128,0,0.7476654052734375,0.2619826303492884,0,0,,,0,,,,accepted_lag1,0.21772729645365643,0.00908405397372729,0.19975159299614992,0.23570299991116295,,,,,,,,,Exploratory point-mean frontier/matching only; retain all points; no continuum dominance or post-selection p-value
refinement,a0.125-b0.8,64,8,periodic,0.125,0.8,fair,event,sampled-actual,128,0,0.7463531494140627,0.26624541175001815,0,0,,,0,,,,accepted_lag1,0.21896694165869826,0.009204479427999878,0.20075293795980167,0.23718094535759485,,,,,,,,,Exploratory point-mean frontier/matching only; retain all points; no continuum dominance or post-selection p-value
refinement,a0.125-b0.9,64,8,periodic,0.125,0.9,fair,event,sampled-actual,128,0,0.7487335205078123,0.2647921645340275,0,0,,,0,,,,accepted_lag1,0.20908688131007666,0.009410712116297994,0.19046478033888148,0.22770898228127184,,,,,,,,,Exploratory point-mean frontier/matching only; retain all points; no continuum dominance or post-selection p-value
refinement,a0.125-b1,64,8,periodic,0.125,1,fair,event,sampled-actual,128,0,0.7483520507812498,0.23509262256609464,0,0,,,0,,,,accepted_lag1,0.19536442645490554,0.009339884100304644,0.17688248134536225,0.21384637156444883,,,,,,,,,Exploratory point-mean frontier/matching only; retain all points; no continuum dominance or post-selection p-value
refinement,a0.175-b0.6,64,8,periodic,0.175,0.6,fair,event,sampled-actual,128,0,0.7480468749999998,0.21616179429499915,0,0,,,0,,,,accepted_lag1,0.2014386112643576,0.008084790110187461,0.18544027066034632,0.2174369518683689,,,,,,,,,Exploratory point-mean frontier/matching only; retain all points; no continuum dominance or post-selection p-value
refinement,a0.175-b0.7,64,8,periodic,0.175,0.7,fair,event,sampled-actual,128,0,0.7482299804687499,0.20892527645579642,0,0,,,0,,,,accepted_lag1,0.1881393847425721,0.007917440839762861,0.1724721981439953,0.2038065713411489,,,,,,,,,Exploratory point-mean frontier/matching only; retain all points; no continuum dominance or post-selection p-value
refinement,a0.175-b0.8,64,8,periodic,0.175,0.8,fair,event,sampled-actual,128,0,0.746917724609375,0.23664422781900718,0,0,,,0,,,,accepted_lag1,0.190133861514899,0.008513882468835943,0.1732864245694024,0.2069812984603956,,,,,,,,,Exploratory point-mean frontier/matching only; retain all points; no continuum dominance or post-selection p-value
refinement,a0.175-b0.9,64,8,periodic,0.175,0.9,fair,event,sampled-actual,128,0,0.7491912841796877,0.23676140915534846,0,1,,,0,,,,accepted_lag1,0.17751896910561837,0.008155185547107126,0.16138132863587654,0.1936566095753602,,,,,,,,,Exploratory point-mean frontier/matching only; retain all points; no continuum dominance or post-selection p-value
refinement,a0.175-b1,64,8,periodic,0.175,1,fair,event,sampled-actual,128,0,0.7490386962890626,0.2184901992718496,0,1,,,0,,,,accepted_lag1,0.16908271108381095,0.007831561202261039,0.15358546478955595,0.18457995737806596,,,,,,,,,Exploratory point-mean frontier/matching only; retain all points; no continuum dominance or post-selection p-value
refinement,a0.225-b0.6,64,8,periodic,0.225,0.6,fair,event,sampled-actual,128,0,0.7470550537109373,0.18391212082548014,0,0,,,0,,,,accepted_lag1,0.15260456505453476,0.005588386686987656,0.1415461563108503,0.16366297379821923,,,,,,,,,Exploratory point-mean frontier/matching only; retain all points; no continuum dominance or post-selection p-value
refinement,a0.225-b0.7,64,8,periodic,0.225,0.7,fair,event,sampled-actual,128,0,0.7473297119140625,0.17027650070695044,0,0,,,0,,,,accepted_lag1,0.14690727968018355,0.0066591099374093965,0.13373010285230402,0.16008445650806308,,,,,,,,,Exploratory point-mean frontier/matching only; retain all points; no continuum dominance or post-selection p-value
refinement,a0.225-b0.8,64,8,periodic,0.225,0.8,fair,event,sampled-actual,128,0,0.7469635009765625,0.16987517967914167,0,0,,,0,,,,accepted_lag1,0.13630435008905656,0.005558445995224675,0.1253051885711152,0.14730351160699792,,,,,,,,,Exploratory point-mean frontier/matching only; retain all points; no continuum dominance or post-selection p-value
refinement,a0.225-b0.9,64,8,periodic,0.225,0.9,fair,event,sampled-actual,128,0,0.7466888427734374,0.17543034943945782,0,0,,,0,,,,accepted_lag1,0.13520867027954422,0.005997729234615781,0.1233402465062282,0.14707709405286024,,,,,,,,,Exploratory point-mean frontier/matching only; retain all points; no continuum dominance or post-selection p-value
refinement,a0.225-b1,64,8,periodic,0.225,1,fair,event,sampled-actual,128,0,0.7484436035156246,0.1989130236228655,0,0,,,0,,,,accepted_lag1,0.138478122289028,0.0068420905463890905,0.12493885985762765,0.15201738472042836,,,,,,,,,Exploratory point-mean frontier/matching only; retain all points; no continuum dominance or post-selection p-value
refinement,a0.275-b0.6,64,8,periodic,0.275,0.6,fair,event,sampled-actual,128,0,0.7473602294921873,0.15796558777267158,0,1,,,0,,,,accepted_lag1,0.1268922129441992,0.005646876782888537,0.11571806285615943,0.13806636303223896,,,,,,,,,Exploratory point-mean frontier/matching only; retain all points; no continuum dominance or post-selection p-value
refinement,a0.275-b0.7,64,8,periodic,0.275,0.7,fair,event,sampled-actual,128,0,0.7486724853515626,0.18338161667316127,0,1,,,0,,,,accepted_lag1,0.1290872231111846,0.005580181118411309,0.11804505170689235,0.14012939451547682,,,,,,,,,Exploratory point-mean frontier/matching only; retain all points; no continuum dominance or post-selection p-value
refinement,a0.275-b0.8,64,8,periodic,0.275,0.8,fair,event,sampled-actual,128,0,0.7474517822265622,0.17188080845162176,0,1,,,0,,,,accepted_lag1,0.12391363948739594,0.005944071984122992,0.11215139372953349,0.1356758852452584,,,,,,,,,Exploratory point-mean frontier/matching only; retain all points; no continuum dominance or post-selection p-value
refinement,a0.275-b0.9,64,8,periodic,0.275,0.9,fair,event,sampled-actual,128,0,0.7472991943359374,0.15988213255279507,0,0,,,0,,,,accepted_lag1,0.1121181810466251,0.0058640425837499345,0.10051429902957142,0.12372206306367879,,,,,,,,,Exploratory point-mean frontier/matching only; retain all points; no continuum dominance or post-selection p-value
refinement,a0.275-b1,64,8,periodic,0.275,1,fair,event,sampled-actual,128,0,0.7457122802734375,0.1692804646556863,0,0,,,0,,,,accepted_lag1,0.10993745895233142,0.006520818402282998,0.09703393611564406,0.12284098178901878,,,,,,,,,Exploratory point-mean frontier/matching only; retain all points; no continuum dominance or post-selection p-value
