experiment,controller,L,k,boundary,seed,engine,particles,horizontal,vertical,coverage,order,abs_order,deadlock,legal_h,legal_v,attempts,failures,elapsed_ms,attempted_h,attempted_v
open_boundary,0,32,2,open,600001,event,439,439,0,0.857421875,1,1,1,0,29,4556,4117,2.7636000000000003,4556,0
open_boundary,0,32,2,open,600002,event,442,442,0,0.86328125,1,1,1,0,30,4844,4402,0.9468999999999994,4844,0
open_boundary,0,32,2,open,600003,event,436,436,0,0.8515625,1,1,1,0,19,9738,9302,1.0787000000000049,9738,0
open_boundary,0,32,2,open,600004,event,440,440,0,0.859375,1,1,1,0,21,5124,4684,0.5141000000000062,5124,0
open_boundary,0,32,2,open,600005,event,442,442,0,0.86328125,1,1,1,0,25,9056,8614,0.42549999999999955,9056,0
open_boundary,0,32,2,open,600006,event,439,439,0,0.857421875,1,1,1,0,22,6724,6285,0.4253,6724,0
open_boundary,0,32,2,open,600007,event,442,442,0,0.86328125,1,1,1,0,32,4547,4105,0.3194000000000017,4547,0
open_boundary,0,32,2,open,600008,event,442,442,0,0.86328125,1,1,1,0,30,4412,3970,0.27020000000000266,4412,0
open_boundary,0,32,2,open,600009,event,431,431,0,0.841796875,1,1,1,0,32,6898,6467,0.2581999999999951,6898,0
open_boundary,0,32,2,open,600010,event,435,435,0,0.849609375,1,1,1,0,25,4357,3922,0.319500000000005,4357,0
open_boundary,0,32,2,open,600011,event,439,439,0,0.857421875,1,1,1,0,21,3944,3505,0.31520000000000437,3944,0
open_boundary,0,32,2,open,600012,event,441,441,0,0.861328125,1,1,1,0,19,6448,6007,0.28069999999999595,6448,0
open_boundary,0,32,2,open,600013,event,435,435,0,0.849609375,1,1,1,0,38,4281,3846,0.21920000000000073,4281,0
open_boundary,0,32,2,open,600014,event,443,443,0,0.865234375,1,1,1,0,27,4750,4307,0.3819000000000017,4750,0
open_boundary,0,32,2,open,600015,event,440,440,0,0.859375,1,1,1,0,23,4667,4227,0.3626000000000005,4667,0
open_boundary,0,32,2,open,600016,event,437,437,0,0.853515625,1,1,1,0,31,4499,4062,0.36079999999999757,4499,0
open_boundary,0,32,2,open,600017,event,442,442,0,0.86328125,1,1,1,0,18,6769,6327,0.21600000000000108,6769,0
open_boundary,0,32,2,open,600018,event,438,438,0,0.85546875,1,1,1,0,23,8602,8164,0.28409999999999513,8602,0
open_boundary,0,32,2,open,600019,event,429,429,0,0.837890625,1,1,1,0,38,5497,5068,0.248899999999999,5497,0
open_boundary,0,32,2,open,600020,event,441,441,0,0.861328125,1,1,1,0,14,10308,9867,0.27060000000000173,10308,0
open_boundary,0,32,2,open,600021,event,433,433,0,0.845703125,1,1,1,0,31,6471,6038,0.18959999999999866,6471,0
open_boundary,0,32,2,open,600022,event,440,440,0,0.859375,1,1,1,0,28,5666,5226,0.2790999999999997,5666,0
open_boundary,0,32,2,open,600023,event,440,440,0,0.859375,1,1,1,0,30,5013,4573,0.2755999999999972,5013,0
open_boundary,0,32,2,open,600024,event,440,440,0,0.859375,1,1,1,0,23,4675,4235,0.19530000000000314,4675,0
open_boundary,0,32,2,open,600025,event,441,441,0,0.861328125,1,1,1,0,25,6406,5965,0.32620000000000005,6406,0
open_boundary,0,32,2,open,600026,event,445,445,0,0.869140625,1,1,1,0,16,4648,4203,0.4451999999999998,4648,0
open_boundary,0,32,2,open,600027,event,442,442,0,0.86328125,1,1,1,0,26,6135,5693,0.28190000000000026,6135,0
open_boundary,0,32,2,open,600028,event,438,438,0,0.85546875,1,1,1,0,34,5455,5017,0.21459999999999724,5455,0
open_boundary,0,32,2,open,600029,event,438,438,0,0.85546875,1,1,1,0,21,3976,3538,0.2568999999999946,3976,0
open_boundary,0,32,2,open,600030,event,434,434,0,0.84765625,1,1,1,0,26,7746,7312,0.2933000000000021,7746,0
open_boundary,0,32,2,open,600031,event,434,434,0,0.84765625,1,1,1,0,21,5380,4946,0.2517999999999958,5380,0
open_boundary,0,32,2,open,600032,event,443,443,0,0.865234375,1,1,1,0,32,5026,4583,0.19440000000000168,5026,0
open_boundary,0,32,2,open,600033,event,430,430,0,0.83984375,1,1,1,0,24,5389,4959,0.2411999999999992,5389,0
open_boundary,0,32,2,open,600034,event,446,446,0,0.87109375,1,1,1,0,19,6189,5743,0.2792999999999992,6189,0
open_boundary,0,32,2,open,600035,event,436,436,0,0.8515625,1,1,1,0,30,5253,4817,0.24280000000000257,5253,0
open_boundary,0,32,2,open,600036,event,429,429,0,0.837890625,1,1,1,0,36,4355,3926,0.21109999999999474,4355,0
open_boundary,0,32,2,open,600037,event,443,443,0,0.865234375,1,1,1,0,22,10043,9600,0.2424000000000035,10043,0
open_boundary,0,32,2,open,600038,event,435,435,0,0.849609375,1,1,1,0,24,5471,5036,0.24169999999999447,5471,0
open_boundary,0,32,2,open,600039,event,439,439,0,0.857421875,1,1,1,0,33,4780,4341,0.28300000000000125,4780,0
open_boundary,0,32,2,open,600040,event,440,440,0,0.859375,1,1,1,0,23,4369,3929,0.18430000000000035,4369,0
open_boundary,0,32,2,open,600041,event,445,445,0,0.869140625,1,1,1,0,17,3529,3084,0.2804000000000002,3529,0
open_boundary,0,32,2,open,600042,event,432,432,0,0.84375,1,1,1,0,25,5486,5054,0.32379999999999853,5486,0
open_boundary,0,32,2,open,600043,event,446,446,0,0.87109375,1,1,1,0,15,4201,3755,0.20409999999999684,4201,0
open_boundary,0,32,2,open,600044,event,428,428,0,0.8359375,1,1,1,0,28,4795,4367,0.2872999999999948,4795,0
open_boundary,0,32,2,open,600045,event,442,442,0,0.86328125,1,1,1,0,16,3636,3194,0.26500000000000057,3636,0
open_boundary,0,32,2,open,600046,event,437,437,0,0.853515625,1,1,1,0,31,7202,6765,0.23519999999999897,7202,0
open_boundary,0,32,2,open,600047,event,440,440,0,0.859375,1,1,1,0,21,4506,4066,0.3364999999999938,4506,0
open_boundary,0,32,2,open,600048,event,442,442,0,0.86328125,1,1,1,0,20,4782,4340,0.18550000000000466,4782,0
open_boundary,0,32,2,open,600049,event,438,438,0,0.85546875,1,1,1,0,22,6548,6110,0.21110000000000184,6548,0
open_boundary,0,32,2,open,600050,event,435,435,0,0.849609375,1,1,1,0,23,4010,3575,0.24169999999999447,4010,0
open_boundary,0,32,2,open,600051,event,441,441,0,0.861328125,1,1,1,0,21,4245,3804,0.17739999999999867,4245,0
open_boundary,0,32,2,open,600052,event,443,443,0,0.865234375,1,1,1,0,25,8356,7913,0.1886999999999972,8356,0
open_boundary,0,32,2,open,600053,event,439,439,0,0.857421875,1,1,1,0,20,4703,4264,0.2488000000000028,4703,0
open_boundary,0,32,2,open,600054,event,432,432,0,0.84375,1,1,1,0,23,4503,4071,0.186399999999999,4503,0
open_boundary,0,32,2,open,600055,event,437,437,0,0.853515625,1,1,1,0,29,3767,3330,0.19669999999999987,3767,0
open_boundary,0,32,2,open,600056,event,441,441,0,0.861328125,1,1,1,0,25,4237,3796,0.47879999999999967,4237,0
open_boundary,0,32,2,open,600057,event,435,435,0,0.849609375,1,1,1,0,27,4282,3847,0.30590000000000117,4282,0
open_boundary,0,32,2,open,600058,event,437,437,0,0.853515625,1,1,1,0,29,6075,5638,0.3773999999999944,6075,0
open_boundary,0,32,2,open,600059,event,441,441,0,0.861328125,1,1,1,0,23,4077,3636,0.28760000000000474,4077,0
open_boundary,0,32,2,open,600060,event,437,437,0,0.853515625,1,1,1,0,24,6596,6159,0.216700000000003,6596,0
open_boundary,0,32,2,open,600061,event,433,433,0,0.845703125,1,1,1,0,28,4506,4073,0.2580999999999989,4506,0
open_boundary,0,32,2,open,600062,event,443,443,0,0.865234375,1,1,1,0,23,5657,5214,0.18069999999999453,5657,0
open_boundary,0,32,2,open,600063,event,432,432,0,0.84375,1,1,1,0,35,4801,4369,0.2563000000000031,4801,0
open_boundary,0,32,2,open,600064,event,442,442,0,0.86328125,1,1,1,0,30,4624,4182,0.17499999999999716,4624,0
open_boundary,0,32,2,open,600065,event,441,441,0,0.861328125,1,1,1,0,23,5000,4559,0.17770000000000152,5000,0
open_boundary,0,32,2,open,600066,event,440,440,0,0.859375,1,1,1,0,27,6486,6046,0.23160000000000025,6486,0
open_boundary,0,32,2,open,600067,event,431,431,0,0.841796875,1,1,1,0,29,7120,6689,0.17309999999999803,7120,0
open_boundary,0,32,2,open,600068,event,430,430,0,0.83984375,1,1,1,0,22,5690,5260,0.1775999999999982,5690,0
open_boundary,0,32,2,open,600069,event,437,437,0,0.853515625,1,1,1,0,35,4030,3593,0.23979999999999535,4030,0
open_boundary,0,32,2,open,600070,event,439,439,0,0.857421875,1,1,1,0,20,6716,6277,0.17940000000000111,6716,0
open_boundary,0,32,2,open,600071,event,438,438,0,0.85546875,1,1,1,0,28,4244,3806,0.2325000000000017,4244,0
open_boundary,0,32,2,open,600072,event,437,437,0,0.853515625,1,1,1,0,24,4175,3738,0.18180000000000263,4175,0
open_boundary,0,32,2,open,600073,event,439,439,0,0.857421875,1,1,1,0,21,4794,4355,0.17310000000000514,4794,0
open_boundary,0,32,2,open,600074,event,440,440,0,0.859375,1,1,1,0,16,8086,7646,0.23930000000000007,8086,0
open_boundary,0,32,2,open,600075,event,434,434,0,0.84765625,1,1,1,0,23,6611,6177,0.1722999999999999,6611,0
open_boundary,0,32,2,open,600076,event,440,440,0,0.859375,1,1,1,0,19,4073,3633,0.17079999999999984,4073,0
open_boundary,0,32,2,open,600077,event,435,435,0,0.849609375,1,1,1,0,27,8958,8523,0.280300000000004,8958,0
open_boundary,0,32,2,open,600078,event,440,440,0,0.859375,1,1,1,0,18,4529,4089,0.17549999999999955,4529,0
open_boundary,0,32,2,open,600079,event,429,429,0,0.837890625,1,1,1,0,27,4293,3864,0.17429999999999524,4293,0
open_boundary,0,32,2,open,600080,event,444,444,0,0.8671875,1,1,1,0,20,5646,5202,0.23979999999999535,5646,0
open_boundary,0,32,2,open,600081,event,443,443,0,0.865234375,1,1,1,0,15,4885,4442,0.1839999999999975,4885,0
open_boundary,0,32,2,open,600082,event,443,443,0,0.865234375,1,1,1,0,24,4023,3580,0.268100000000004,4023,0
open_boundary,0,32,2,open,600083,event,437,437,0,0.853515625,1,1,1,0,25,6147,5710,0.17490000000000094,6147,0
open_boundary,0,32,2,open,600084,event,445,445,0,0.869140625,1,1,1,0,12,5798,5353,0.1805000000000021,5798,0
open_boundary,0,32,2,open,600085,event,434,434,0,0.84765625,1,1,1,0,26,4496,4062,0.42909999999999826,4496,0
open_boundary,0,32,2,open,600086,event,440,440,0,0.859375,1,1,1,0,20,5931,5491,0.1782000000000039,5931,0
open_boundary,0,32,2,open,600087,event,443,443,0,0.865234375,1,1,1,0,19,4315,3872,0.17649999999999721,4315,0
open_boundary,0,32,2,open,600088,event,441,441,0,0.861328125,1,1,1,0,26,8431,7990,0.2516999999999996,8431,0
open_boundary,0,32,2,open,600089,event,432,432,0,0.84375,1,1,1,0,32,4434,4002,0.17240000000000322,4434,0
open_boundary,0,32,2,open,600090,event,433,433,0,0.845703125,1,1,1,0,24,4959,4526,0.23989999999999867,4959,0
open_boundary,0,32,2,open,600091,event,441,441,0,0.861328125,1,1,1,0,17,8855,8414,0.19839999999999947,8855,0
open_boundary,0,32,2,open,600092,event,446,446,0,0.87109375,1,1,1,0,20,4248,3802,0.1798999999999964,4248,0
open_boundary,0,32,2,open,600093,event,440,440,0,0.859375,1,1,1,0,23,5061,4621,0.2477000000000018,5061,0
open_boundary,0,32,2,open,600094,event,437,437,0,0.853515625,1,1,1,0,24,4810,4373,0.22399999999999665,4810,0
open_boundary,0,32,2,open,600095,event,432,432,0,0.84375,1,1,1,0,29,6515,6083,0.17649999999999721,6515,0
open_boundary,0,32,2,open,600096,event,436,436,0,0.8515625,1,1,1,0,25,6595,6159,0.24170000000000158,6595,0
open_boundary,0,32,2,open,600097,event,441,441,0,0.861328125,1,1,1,0,21,7499,7058,0.1792999999999978,7499,0
open_boundary,0,32,2,open,600098,event,438,438,0,0.85546875,1,1,1,0,25,4548,4110,0.2740000000000009,4548,0
open_boundary,0,32,2,open,600099,event,433,433,0,0.845703125,1,1,1,0,33,6478,6045,0.35610000000000497,6478,0
open_boundary,0,32,2,open,600100,event,429,429,0,0.837890625,1,1,1,0,43,5793,5364,0.1856999999999971,5793,0
open_boundary,0,32,2,open,600101,event,441,441,0,0.861328125,1,1,1,0,18,5687,5246,0.3329000000000022,5687,0
open_boundary,0,32,2,open,600102,event,445,445,0,0.869140625,1,1,1,0,18,4477,4032,0.19780000000000086,4477,0
open_boundary,0,32,2,open,600103,event,431,431,0,0.841796875,1,1,1,0,20,5211,4780,0.18260000000000076,5211,0
open_boundary,0,32,2,open,600104,event,437,437,0,0.853515625,1,1,1,0,25,6254,5817,0.2641000000000062,6254,0
open_boundary,0,32,2,open,600105,event,444,444,0,0.8671875,1,1,1,0,10,4997,4553,0.21229999999999905,4997,0
open_boundary,0,32,2,open,600106,event,437,437,0,0.853515625,1,1,1,0,20,4156,3719,0.19999999999999574,4156,0
open_boundary,0,32,2,open,600107,event,432,432,0,0.84375,1,1,1,0,23,5440,5008,0.7006999999999977,5440,0
open_boundary,0,32,2,open,600108,event,434,434,0,0.84765625,1,1,1,0,33,3993,3559,0.17449999999999477,3993,0
open_boundary,0,32,2,open,600109,event,444,444,0,0.8671875,1,1,1,0,17,5152,4708,0.25209999999999866,5152,0
open_boundary,0,32,2,open,600110,event,437,437,0,0.853515625,1,1,1,0,22,4667,4230,0.21739999999999782,4667,0
open_boundary,0,32,2,open,600111,event,446,446,0,0.87109375,1,1,1,0,24,3597,3151,0.17130000000000223,3597,0
open_boundary,0,32,2,open,600112,event,437,437,0,0.853515625,1,1,1,0,22,5583,5146,0.24330000000000496,5583,0
open_boundary,0,32,2,open,600113,event,437,437,0,0.853515625,1,1,1,0,24,6178,5741,0.16949999999999932,6178,0
open_boundary,0,32,2,open,600114,event,438,438,0,0.85546875,1,1,1,0,29,5666,5228,0.16570000000000107,5666,0
open_boundary,0,32,2,open,600115,event,439,439,0,0.857421875,1,1,1,0,14,5770,5331,0.23640000000000327,5770,0
open_boundary,0,32,2,open,600116,event,450,450,0,0.87890625,1,1,1,0,15,4879,4429,0.1705999999999932,4879,0
open_boundary,0,32,2,open,600117,event,430,430,0,0.83984375,1,1,1,0,26,6288,5858,0.26679999999998927,6288,0
open_boundary,0,32,2,open,600118,event,438,438,0,0.85546875,1,1,1,0,26,6889,6451,0.22790000000000532,6889,0
open_boundary,0,32,2,open,600119,event,439,439,0,0.857421875,1,1,1,0,25,5153,4714,0.14610000000000412,5153,0
open_boundary,0,32,2,open,600120,event,433,433,0,0.845703125,1,1,1,0,32,3547,3114,0.15529999999999688,3547,0
open_boundary,0,32,2,open,600121,event,440,440,0,0.859375,1,1,1,0,25,4837,4397,0.21589999999999065,4837,0
open_boundary,0,32,2,open,600122,event,436,436,0,0.8515625,1,1,1,0,32,5445,5009,0.1490000000000009,5445,0
open_boundary,0,32,2,open,600123,event,437,437,0,0.853515625,1,1,1,0,28,3733,3296,0.14289999999999736,3733,0
open_boundary,0,32,2,open,600124,event,447,447,0,0.873046875,1,1,1,0,12,5726,5279,0.2154999999999916,5726,0
open_boundary,0,32,2,open,600125,event,439,439,0,0.857421875,1,1,1,0,22,4736,4297,0.14470000000000027,4736,0
open_boundary,0,32,2,open,600126,event,438,438,0,0.85546875,1,1,1,0,22,6773,6335,0.1424999999999983,6773,0
open_boundary,0,32,2,open,600127,event,438,438,0,0.85546875,1,1,1,0,33,7120,6682,0.15930000000000177,7120,0
open_boundary,0,32,2,open,600128,event,435,435,0,0.849609375,1,1,1,0,32,4731,4296,0.2809000000000026,4731,0
open_boundary,35,32,2,open,600001,event,463,243,220,0.904296875,0.04967602591792657,0.04967602591792657,0,0,0,8187,7724,0.6011000000000024,4094,4093
open_boundary,35,32,2,open,600002,event,465,239,226,0.908203125,0.02795698924731183,0.02795698924731183,0,0,0,15001,14536,0.6315999999999917,7501,7500
open_boundary,35,32,2,open,600003,event,469,238,231,0.916015625,0.014925373134328358,0.014925373134328358,0,0,0,17667,17198,0.43209999999999127,8834,8833
open_boundary,35,32,2,open,600004,event,470,228,242,0.91796875,-0.029787234042553193,0.029787234042553193,0,0,0,14891,14421,0.3340999999999923,7446,7445
open_boundary,35,32,2,open,600005,event,468,248,220,0.9140625,0.05982905982905983,0.05982905982905983,0,0,0,9727,9259,0.5033999999999992,4864,4863
open_boundary,35,32,2,open,600006,event,461,218,243,0.900390625,-0.05422993492407809,0.05422993492407809,0,0,0,10987,10526,0.32039999999999225,5494,5493
open_boundary,35,32,2,open,600007,event,468,228,240,0.9140625,-0.02564102564102564,0.02564102564102564,0,0,0,13867,13399,0.3996000000000066,6934,6933
open_boundary,35,32,2,open,600008,event,459,239,220,0.896484375,0.04139433551198257,0.04139433551198257,0,0,0,12064,11605,0.3906000000000063,6032,6032
open_boundary,35,32,2,open,600009,event,471,233,238,0.919921875,-0.010615711252653927,0.010615711252653927,0,0,0,10736,10265,0.30750000000000455,5368,5368
open_boundary,35,32,2,open,600010,event,463,227,236,0.904296875,-0.019438444924406047,0.019438444924406047,0,0,0,10247,9784,0.22939999999999827,5124,5123
open_boundary,35,32,2,open,600011,event,464,239,225,0.90625,0.03017241379310345,0.03017241379310345,0,0,0,6967,6503,0.2155999999999949,3484,3483
open_boundary,35,32,2,open,600012,event,460,209,251,0.8984375,-0.09130434782608696,0.09130434782608696,0,0,0,9606,9146,0.3211000000000013,4803,4803
open_boundary,35,32,2,open,600013,event,465,221,244,0.908203125,-0.04946236559139785,0.04946236559139785,0,0,0,8818,8353,0.2242999999999995,4409,4409
open_boundary,35,32,2,open,600014,event,469,232,237,0.916015625,-0.010660980810234541,0.010660980810234541,0,0,0,12001,11532,0.31859999999998934,6001,6000
open_boundary,35,32,2,open,600015,event,461,254,207,0.900390625,0.1019522776572668,0.1019522776572668,0,0,0,12825,12364,0.22580000000000666,6413,6412
open_boundary,35,32,2,open,600016,event,466,247,219,0.91015625,0.060085836909871244,0.060085836909871244,0,0,0,12863,12397,0.3048000000000002,6432,6431
open_boundary,35,32,2,open,600017,event,471,237,234,0.919921875,0.006369426751592357,0.006369426751592357,0,0,0,9812,9341,0.22859999999998593,4906,4906
open_boundary,35,32,2,open,600018,event,467,242,225,0.912109375,0.03640256959314775,0.03640256959314775,0,0,0,10703,10236,0.23380000000000223,5352,5351
open_boundary,35,32,2,open,600019,event,470,228,242,0.91796875,-0.029787234042553193,0.029787234042553193,0,0,0,10712,10242,0.2939000000000078,5356,5356
open_boundary,35,32,2,open,600020,event,461,227,234,0.900390625,-0.015184381778741865,0.015184381778741865,0,0,0,13855,13394,0.22499999999999432,6928,6927
open_boundary,35,32,2,open,600021,event,462,232,230,0.90234375,0.004329004329004329,0.004329004329004329,0,0,0,7079,6617,0.33209999999999695,3540,3539
open_boundary,35,32,2,open,600022,event,466,242,224,0.91015625,0.03862660944206009,0.03862660944206009,0,0,0,7381,6915,0.231899999999996,3691,3690
open_boundary,35,32,2,open,600023,event,466,224,242,0.91015625,-0.03862660944206009,0.03862660944206009,0,0,0,10760,10294,0.337600000000009,5380,5380
open_boundary,35,32,2,open,600024,event,467,246,221,0.912109375,0.05353319057815846,0.05353319057815846,0,0,0,10969,10502,0.32510000000000616,5485,5484
open_boundary,35,32,2,open,600025,event,463,227,236,0.904296875,-0.019438444924406047,0.019438444924406047,0,0,0,10966,10503,0.2195999999999998,5483,5483
open_boundary,35,32,2,open,600026,event,466,241,225,0.91015625,0.034334763948497854,0.034334763948497854,0,0,0,9408,8942,0.2931999999999988,4704,4704
open_boundary,35,32,2,open,600027,event,461,246,215,0.900390625,0.06724511930585683,0.06724511930585683,0,0,0,13304,12843,0.21800000000000352,6652,6652
open_boundary,35,32,2,open,600028,event,468,229,239,0.9140625,-0.021367521367521368,0.021367521367521368,0,0,0,8323,7855,0.3217999999999961,4162,4161
open_boundary,35,32,2,open,600029,event,465,231,234,0.908203125,-0.0064516129032258064,0.0064516129032258064,0,0,0,9071,8606,0.22479999999998768,4536,4535
open_boundary,35,32,2,open,600030,event,461,222,239,0.900390625,-0.0368763557483731,0.0368763557483731,0,0,0,7466,7005,0.23669999999999902,3733,3733
open_boundary,35,32,2,open,600031,event,464,231,233,0.90625,-0.004310344827586207,0.004310344827586207,0,0,0,11027,10563,0.28419999999999845,5514,5513
open_boundary,35,32,2,open,600032,event,468,234,234,0.9140625,0,0,0,0,0,12433,11965,0.21659999999999968,6217,6216
open_boundary,35,32,2,open,600033,event,462,224,238,0.90234375,-0.030303030303030304,0.030303030303030304,0,0,0,8275,7813,0.2961999999999989,4138,4137
open_boundary,35,32,2,open,600034,event,468,232,236,0.9140625,-0.008547008547008548,0.008547008547008548,0,0,0,11037,10569,0.22030000000000882,5519,5518
open_boundary,35,32,2,open,600035,event,462,235,227,0.90234375,0.017316017316017316,0.017316017316017316,0,0,0,11108,10646,0.2185000000000059,5554,5554
open_boundary,35,32,2,open,600036,event,471,246,225,0.919921875,0.044585987261146494,0.044585987261146494,0,0,0,7622,7151,0.3014999999999901,3811,3811
open_boundary,35,32,2,open,600037,event,461,226,235,0.900390625,-0.019522776572668113,0.019522776572668113,0,0,0,13094,12633,0.22460000000000946,6547,6547
open_boundary,35,32,2,open,600038,event,464,235,229,0.90625,0.01293103448275862,0.01293103448275862,0,0,0,10884,10420,0.39159999999999684,5442,5442
open_boundary,35,32,2,open,600039,event,464,237,227,0.90625,0.021551724137931036,0.021551724137931036,0,0,0,7750,7286,0.22289999999999566,3875,3875
open_boundary,35,32,2,open,600040,event,468,243,225,0.9140625,0.038461538461538464,0.038461538461538464,0,0,0,10493,10025,0.2944999999999993,5247,5246
open_boundary,35,32,2,open,600041,event,461,241,220,0.900390625,0.0455531453362256,0.0455531453362256,0,0,0,16735,16274,0.216700000000003,8368,8367
open_boundary,35,32,2,open,600042,event,460,220,240,0.8984375,-0.043478260869565216,0.043478260869565216,0,0,0,8397,7937,0.23919999999999675,4199,4198
open_boundary,35,32,2,open,600043,event,466,222,244,0.91015625,-0.04721030042918455,0.04721030042918455,0,0,0,8530,8064,0.2834999999999894,4265,4265
open_boundary,35,32,2,open,600044,event,472,236,236,0.921875,0,0,0,0,0,12024,11552,0.2565999999999917,6012,6012
open_boundary,35,32,2,open,600045,event,463,216,247,0.904296875,-0.06695464362850972,0.06695464362850972,0,0,0,9274,8811,0.3038000000000096,4637,4637
open_boundary,35,32,2,open,600046,event,462,235,227,0.90234375,0.017316017316017316,0.017316017316017316,0,0,0,8417,7955,0.21450000000000102,4209,4208
open_boundary,35,32,2,open,600047,event,460,244,216,0.8984375,0.06086956521739131,0.06086956521739131,0,0,0,10163,9703,0.21389999999999532,5082,5081
open_boundary,35,32,2,open,600048,event,459,239,220,0.896484375,0.04139433551198257,0.04139433551198257,0,0,0,13314,12855,0.28649999999998954,6657,6657
open_boundary,35,32,2,open,600049,event,464,208,256,0.90625,-0.10344827586206896,0.10344827586206896,0,0,0,13296,12832,0.23389999999999134,6648,6648
open_boundary,35,32,2,open,600050,event,467,235,232,0.912109375,0.006423982869379015,0.006423982869379015,0,0,0,8612,8145,0.3603999999999985,4306,4306
open_boundary,35,32,2,open,600051,event,458,217,241,0.89453125,-0.05240174672489083,0.05240174672489083,0,0,0,6224,5766,0.18649999999999523,3112,3112
open_boundary,35,32,2,open,600052,event,467,252,215,0.912109375,0.07922912205567452,0.07922912205567452,0,0,0,6541,6074,0.18240000000000123,3271,3270
open_boundary,35,32,2,open,600053,event,461,219,242,0.900390625,-0.049891540130151846,0.049891540130151846,0,0,0,8317,7856,0.259200000000007,4159,4158
open_boundary,35,32,2,open,600054,event,464,220,244,0.90625,-0.05172413793103448,0.05172413793103448,0,0,0,10955,10491,0.18540000000000134,5478,5477
open_boundary,35,32,2,open,600055,event,469,234,235,0.916015625,-0.0021321961620469083,0.0021321961620469083,0,0,0,9398,8929,0.18140000000001066,4699,4699
open_boundary,35,32,2,open,600056,event,465,231,234,0.908203125,-0.0064516129032258064,0.0064516129032258064,0,0,0,11574,11109,0.24569999999999936,5787,5787
open_boundary,35,32,2,open,600057,event,463,237,226,0.904296875,0.023758099352051837,0.023758099352051837,0,0,0,17032,16569,0.23269999999999413,8516,8516
open_boundary,35,32,2,open,600058,event,468,226,242,0.9140625,-0.03418803418803419,0.03418803418803419,0,0,0,10361,9893,0.20109999999999673,5181,5180
open_boundary,35,32,2,open,600059,event,466,232,234,0.91015625,-0.004291845493562232,0.004291845493562232,0,0,0,16109,15643,0.2680000000000007,8055,8054
open_boundary,35,32,2,open,600060,event,469,247,222,0.916015625,0.053304904051172705,0.053304904051172705,0,0,0,7613,7144,0.19719999999999516,3807,3806
open_boundary,35,32,2,open,600061,event,463,222,241,0.904296875,-0.04103671706263499,0.04103671706263499,0,0,0,6824,6361,0.1799000000000035,3412,3412
open_boundary,35,32,2,open,600062,event,455,219,236,0.888671875,-0.03736263736263736,0.03736263736263736,0,0,0,7156,6701,0.2518000000000029,3578,3578
open_boundary,35,32,2,open,600063,event,465,245,220,0.908203125,0.053763440860215055,0.053763440860215055,0,0,0,8284,7819,0.18659999999999854,4142,4142
open_boundary,35,32,2,open,600064,event,461,231,230,0.900390625,0.0021691973969631237,0.0021691973969631237,0,0,0,7892,7431,0.18640000000000612,3946,3946
open_boundary,35,32,2,open,600065,event,465,247,218,0.908203125,0.06236559139784946,0.06236559139784946,0,0,0,11281,10816,0.1816000000000031,5641,5640
open_boundary,35,32,2,open,600066,event,465,237,228,0.908203125,0.01935483870967742,0.01935483870967742,0,0,0,9953,9488,0.2530000000000001,4977,4976
open_boundary,35,32,2,open,600067,event,465,242,223,0.908203125,0.04086021505376344,0.04086021505376344,0,0,0,17997,17532,0.20540000000001157,8999,8998
open_boundary,35,32,2,open,600068,event,455,221,234,0.888671875,-0.02857142857142857,0.02857142857142857,0,0,0,12665,12210,0.18240000000000123,6333,6332
open_boundary,35,32,2,open,600069,event,461,220,241,0.900390625,-0.0455531453362256,0.0455531453362256,0,0,0,10673,10212,0.2644999999999982,5337,5336
open_boundary,35,32,2,open,600070,event,465,242,223,0.908203125,0.04086021505376344,0.04086021505376344,0,0,0,9450,8985,0.17880000000000962,4725,4725
open_boundary,35,32,2,open,600071,event,459,238,221,0.896484375,0.037037037037037035,0.037037037037037035,0,0,0,8130,7671,0.1844999999999999,4065,4065
open_boundary,35,32,2,open,600072,event,462,227,235,0.90234375,-0.017316017316017316,0.017316017316017316,0,0,0,8136,7674,0.261099999999999,4068,4068
open_boundary,35,32,2,open,600073,event,456,235,221,0.890625,0.03070175438596491,0.03070175438596491,0,0,0,18905,18449,0.18240000000000123,9453,9452
open_boundary,35,32,2,open,600074,event,466,233,233,0.91015625,0,0,0,0,0,7484,7018,0.21059999999999945,3742,3742
open_boundary,35,32,2,open,600075,event,459,223,236,0.896484375,-0.02832244008714597,0.02832244008714597,0,0,0,7882,7423,0.25449999999999307,3941,3941
open_boundary,35,32,2,open,600076,event,462,236,226,0.90234375,0.021645021645021644,0.021645021645021644,0,0,0,9242,8780,0.19239999999999213,4621,4621
open_boundary,35,32,2,open,600077,event,469,237,232,0.916015625,0.010660980810234541,0.010660980810234541,0,0,0,10559,10090,0.1898000000000053,5280,5279
open_boundary,35,32,2,open,600078,event,466,238,228,0.91015625,0.02145922746781116,0.02145922746781116,0,0,0,7887,7421,0.25840000000000884,3944,3943
open_boundary,35,32,2,open,600079,event,464,222,242,0.90625,-0.04310344827586207,0.04310344827586207,0,0,0,9573,9109,0.18680000000000518,4787,4786
open_boundary,35,32,2,open,600080,event,460,231,229,0.8984375,0.004347826086956522,0.004347826086956522,0,0,0,12327,11867,0.18250000000000455,6164,6163
open_boundary,35,32,2,open,600081,event,465,251,214,0.908203125,0.07956989247311828,0.07956989247311828,0,0,0,9874,9409,0.2505000000000024,4937,4937
open_boundary,35,32,2,open,600082,event,467,237,230,0.912109375,0.014989293361884369,0.014989293361884369,0,0,0,7936,7469,0.18890000000000384,3968,3968
open_boundary,35,32,2,open,600083,event,458,241,217,0.89453125,0.05240174672489083,0.05240174672489083,0,0,0,9690,9232,0.18350000000000932,4845,4845
open_boundary,35,32,2,open,600084,event,464,229,235,0.90625,-0.01293103448275862,0.01293103448275862,0,0,0,9913,9449,0.24679999999999325,4957,4956
open_boundary,35,32,2,open,600085,event,468,237,231,0.9140625,0.01282051282051282,0.01282051282051282,0,0,0,11855,11387,0.23210000000000264,5928,5927
open_boundary,35,32,2,open,600086,event,458,219,239,0.89453125,-0.043668122270742356,0.043668122270742356,0,0,0,10621,10163,0.18559999999999377,5311,5310
open_boundary,35,32,2,open,600087,event,459,237,222,0.896484375,0.032679738562091505,0.032679738562091505,0,0,0,8877,8418,0.2670999999999992,4439,4438
open_boundary,35,32,2,open,600088,event,469,231,238,0.916015625,-0.014925373134328358,0.014925373134328358,0,0,0,11997,11528,0.18939999999999202,5999,5998
open_boundary,35,32,2,open,600089,event,463,214,249,0.904296875,-0.0755939524838013,0.0755939524838013,0,0,0,8730,8267,0.18139999999999645,4365,4365
open_boundary,35,32,2,open,600090,event,466,226,240,0.91015625,-0.030042918454935622,0.030042918454935622,0,0,0,7628,7162,0.26500000000000057,3814,3814
open_boundary,35,32,2,open,600091,event,462,211,251,0.90234375,-0.08658008658008658,0.08658008658008658,0,0,0,11355,10893,0.1910000000000025,5678,5677
open_boundary,35,32,2,open,600092,event,462,217,245,0.90234375,-0.06060606060606061,0.06060606060606061,0,0,0,10906,10444,0.18729999999999336,5453,5453
open_boundary,35,32,2,open,600093,event,471,236,235,0.919921875,0.0021231422505307855,0.0021231422505307855,0,0,0,10011,9540,0.26430000000000575,5006,5005
open_boundary,35,32,2,open,600094,event,459,238,221,0.896484375,0.037037037037037035,0.037037037037037035,0,0,0,10381,9922,0.18410000000000082,5191,5190
open_boundary,35,32,2,open,600095,event,464,229,235,0.90625,-0.01293103448275862,0.01293103448275862,0,0,0,8401,7937,0.18430000000000746,4201,4200
open_boundary,35,32,2,open,600096,event,461,224,237,0.900390625,-0.028199566160520606,0.028199566160520606,0,0,0,11356,10895,0.19119999999999493,5678,5678
open_boundary,35,32,2,open,600097,event,469,238,231,0.916015625,0.014925373134328358,0.014925373134328358,0,0,0,8053,7584,0.24800000000000466,4027,4026
open_boundary,35,32,2,open,600098,event,463,243,220,0.904296875,0.04967602591792657,0.04967602591792657,0,0,0,9108,8645,0.22709999999999297,4554,4554
open_boundary,35,32,2,open,600099,event,464,234,230,0.90625,0.008620689655172414,0.008620689655172414,0,0,0,8113,7649,0.224899999999991,4057,4056
open_boundary,35,32,2,open,600100,event,463,217,246,0.904296875,-0.06263498920086392,0.06263498920086392,0,0,0,14126,13663,0.2739000000000118,7063,7063
open_boundary,35,32,2,open,600101,event,464,234,230,0.90625,0.008620689655172414,0.008620689655172414,0,0,0,10068,9604,0.19200000000000728,5034,5034
open_boundary,35,32,2,open,600102,event,465,236,229,0.908203125,0.015053763440860216,0.015053763440860216,0,0,0,9805,9340,0.19209999999999638,4903,4902
open_boundary,35,32,2,open,600103,event,464,234,230,0.90625,0.008620689655172414,0.008620689655172414,0,0,0,8606,8142,0.25509999999999877,4303,4303
open_boundary,35,32,2,open,600104,event,458,218,240,0.89453125,-0.048034934497816595,0.048034934497816595,0,0,0,7944,7486,0.19249999999999545,3972,3972
open_boundary,35,32,2,open,600105,event,463,232,231,0.904296875,0.0021598272138228943,0.0021598272138228943,0,0,0,10286,9823,0.1869000000000085,5143,5143
open_boundary,35,32,2,open,600106,event,471,245,226,0.919921875,0.040339702760084924,0.040339702760084924,0,0,0,16359,15888,0.2797000000000054,8180,8179
open_boundary,35,32,2,open,600107,event,460,228,232,0.8984375,-0.008695652173913044,0.008695652173913044,0,0,0,13313,12853,0.1921999999999997,6657,6656
open_boundary,35,32,2,open,600108,event,466,227,239,0.91015625,-0.02575107296137339,0.02575107296137339,0,0,0,13612,13146,0.22979999999999734,6806,6806
open_boundary,35,32,2,open,600109,event,462,262,200,0.90234375,0.1341991341991342,0.1341991341991342,0,0,0,7316,6854,0.2599999999999909,3658,3658
open_boundary,35,32,2,open,600110,event,468,223,245,0.9140625,-0.04700854700854701,0.04700854700854701,0,0,0,11826,11358,0.16430000000001144,5913,5913
open_boundary,35,32,2,open,600111,event,463,242,221,0.904296875,0.04535637149028078,0.04535637149028078,0,0,0,7988,7525,0.1681999999999988,3994,3994
open_boundary,35,32,2,open,600112,event,468,252,216,0.9140625,0.07692307692307693,0.07692307692307693,0,0,0,5835,5367,0.24230000000000018,2918,2917
open_boundary,35,32,2,open,600113,event,461,228,233,0.900390625,-0.010845986984815618,0.010845986984815618,0,0,0,12431,11970,0.1647999999999996,6216,6215
open_boundary,35,32,2,open,600114,event,463,223,240,0.904296875,-0.0367170626349892,0.0367170626349892,0,0,0,8628,8165,0.16059999999998809,4314,4314
open_boundary,35,32,2,open,600115,event,468,223,245,0.9140625,-0.04700854700854701,0.04700854700854701,0,0,0,11616,11148,0.22279999999999234,5808,5808
open_boundary,35,32,2,open,600116,event,472,232,240,0.921875,-0.01694915254237288,0.01694915254237288,0,0,0,10751,10279,0.17029999999999745,5376,5375
open_boundary,35,32,2,open,600117,event,467,237,230,0.912109375,0.014989293361884369,0.014989293361884369,0,0,0,10798,10331,0.16040000000000987,5399,5399
open_boundary,35,32,2,open,600118,event,461,245,216,0.900390625,0.06290672451193059,0.06290672451193059,0,0,0,9917,9456,0.22270000000000323,4959,4958
open_boundary,35,32,2,open,600119,event,461,223,238,0.900390625,-0.03253796095444685,0.03253796095444685,0,0,0,9210,8749,0.16960000000000264,4605,4605
open_boundary,35,32,2,open,600120,event,462,215,247,0.90234375,-0.06926406926406926,0.06926406926406926,0,0,0,11057,10595,0.15970000000000084,5529,5528
open_boundary,35,32,2,open,600121,event,471,230,241,0.919921875,-0.02335456475583864,0.02335456475583864,0,0,0,9086,8615,0.21990000000000975,4543,4543
open_boundary,35,32,2,open,600122,event,460,240,220,0.8984375,0.043478260869565216,0.043478260869565216,0,0,0,8398,7938,0.16660000000000252,4199,4199
open_boundary,35,32,2,open,600123,event,458,230,228,0.89453125,0.004366812227074236,0.004366812227074236,0,0,0,8375,7917,0.16320000000000334,4188,4187
open_boundary,35,32,2,open,600124,event,463,219,244,0.904296875,-0.05399568034557235,0.05399568034557235,0,0,0,8129,7666,0.21939999999999316,4065,4064
open_boundary,35,32,2,open,600125,event,465,229,236,0.908203125,-0.015053763440860216,0.015053763440860216,0,0,0,15589,15124,0.1624000000000052,7795,7794
open_boundary,35,32,2,open,600126,event,469,236,233,0.916015625,0.006396588486140725,0.006396588486140725,0,0,0,8042,7573,0.16620000000000346,4021,4021
open_boundary,35,32,2,open,600127,event,466,225,241,0.91015625,-0.034334763948497854,0.034334763948497854,0,0,0,13095,12629,0.1595000000000084,6548,6547
open_boundary,35,32,2,open,600128,event,460,231,229,0.8984375,0.004347826086956522,0.004347826086956522,0,0,0,9240,8780,0.22769999999999868,4620,4620
open_boundary,38,32,2,open,600001,event,458,229,229,0.89453125,0,0,0,0,0,7114,6656,0.1565000000000083,5172,1942
open_boundary,38,32,2,open,600002,event,461,231,230,0.900390625,0.0021691973969631237,0.0021691973969631237,1,5,0,6332,5871,0.14740000000000464,2026,4306
open_boundary,38,32,2,open,600003,event,459,230,229,0.896484375,0.002178649237472767,0.002178649237472767,1,6,0,6292,5833,0.19719999999999516,2122,4170
open_boundary,38,32,2,open,600004,event,451,226,225,0.880859375,0.0022172949002217295,0.0022172949002217295,1,9,0,6656,6205,0.15639999999999077,1671,4985
open_boundary,38,32,2,open,600005,event,458,229,229,0.89453125,0,0,1,0,3,6961,6503,0.14849999999999852,4658,2303
open_boundary,38,32,2,open,600006,event,462,231,231,0.90234375,0,0,1,0,9,6975,6513,0.24089999999999634,4724,2251
open_boundary,38,32,2,open,600007,event,460,230,230,0.8984375,0,0,1,0,5,8672,8212,0.14470000000000027,6279,2393
open_boundary,38,32,2,open,600008,event,460,230,230,0.8984375,0,0,0,0,0,9142,8682,0.15609999999999502,6638,2504
open_boundary,38,32,2,open,600009,event,462,231,231,0.90234375,0,0,0,0,0,10850,10388,0.24779999999999802,4775,6075
open_boundary,38,32,2,open,600010,event,459,230,229,0.896484375,0.002178649237472767,0.002178649237472767,1,3,0,7128,6669,0.15670000000000073,2547,4581
open_boundary,38,32,2,open,600011,event,447,224,223,0.873046875,0.0022371364653243847,0.0022371364653243847,1,13,0,4943,4496,0.1459000000000117,1083,3860
open_boundary,38,32,2,open,600012,event,463,232,231,0.904296875,0.0021598272138228943,0.0021598272138228943,1,5,0,6219,5756,0.14439999999999031,2964,3255
open_boundary,38,32,2,open,600013,event,462,231,231,0.90234375,0,0,1,0,1,6859,6397,0.21059999999999945,3255,3604
open_boundary,38,32,2,open,600014,event,465,233,232,0.908203125,0.002150537634408602,0.002150537634408602,1,1,0,6915,6450,0.1512000000000029,3618,3297
open_boundary,38,32,2,open,600015,event,463,232,231,0.904296875,0.0021598272138228943,0.0021598272138228943,1,3,0,7077,6614,0.1529999999999916,2803,4274
open_boundary,38,32,2,open,600016,event,455,228,227,0.888671875,0.002197802197802198,0.002197802197802198,1,4,0,5624,5169,0.20459999999999923,1924,3700
open_boundary,38,32,2,open,600017,event,467,234,233,0.912109375,0.0021413276231263384,0.0021413276231263384,1,1,0,6329,5862,0.14799999999999613,2878,3451
open_boundary,38,32,2,open,600018,event,461,231,230,0.900390625,0.0021691973969631237,0.0021691973969631237,1,1,0,9658,9197,0.14499999999999602,5986,3672
open_boundary,38,32,2,open,600019,event,464,232,232,0.90625,0,0,1,0,3,6430,5966,0.19370000000000687,2803,3627
open_boundary,38,32,2,open,600020,event,466,233,233,0.91015625,0,0,1,0,3,8095,7629,0.143100000000004,4098,3997
open_boundary,38,32,2,open,600021,event,455,228,227,0.888671875,0.002197802197802198,0.002197802197802198,1,6,0,7020,6565,0.1453999999999951,1976,5044
open_boundary,38,32,2,open,600022,event,463,232,231,0.904296875,0.0021598272138228943,0.0021598272138228943,1,2,0,6358,5895,0.19080000000001007,2435,3923
open_boundary,38,32,2,open,600023,event,456,228,228,0.890625,0,0,0,0,0,10139,9683,0.1466999999999956,4899,5240
open_boundary,38,32,2,open,600024,event,456,228,228,0.890625,0,0,1,0,6,5658,5202,0.14260000000000161,3735,1923
open_boundary,38,32,2,open,600025,event,471,236,235,0.919921875,0.0021231422505307855,0.0021231422505307855,0,0,0,10619,10148,0.14869999999999095,5101,5518
open_boundary,38,32,2,open,600026,event,468,234,234,0.9140625,0,0,0,0,0,11576,11108,0.20289999999999964,4086,7490
open_boundary,38,32,2,open,600027,event,453,227,226,0.884765625,0.002207505518763797,0.002207505518763797,1,7,0,5744,5291,0.15900000000000603,2159,3585
open_boundary,38,32,2,open,600028,event,455,228,227,0.888671875,0.002197802197802198,0.002197802197802198,1,5,0,6211,5756,0.14529999999999177,2163,4048
open_boundary,38,32,2,open,600029,event,459,230,229,0.896484375,0.002178649237472767,0.002178649237472767,1,3,0,6681,6222,0.20299999999998875,2836,3845
open_boundary,38,32,2,open,600030,event,457,229,228,0.892578125,0.002188183807439825,0.002188183807439825,1,8,0,5917,5460,0.14910000000000423,1777,4140
open_boundary,38,32,2,open,600031,event,459,230,229,0.896484375,0.002178649237472767,0.002178649237472767,1,1,0,6288,5829,0.1512000000000029,3362,2926
open_boundary,38,32,2,open,600032,event,457,229,228,0.892578125,0.002188183807439825,0.002188183807439825,1,7,0,5651,5194,0.24569999999999936,1787,3864
open_boundary,38,32,2,open,600033,event,457,229,228,0.892578125,0.002188183807439825,0.002188183807439825,1,1,0,5815,5358,0.16740000000000066,3037,2778
open_boundary,38,32,2,open,600034,event,461,231,230,0.900390625,0.0021691973969631237,0.0021691973969631237,1,1,0,6434,5973,0.16610000000000014,2850,3584
open_boundary,38,32,2,open,600035,event,462,231,231,0.90234375,0,0,1,0,3,6915,6453,0.15030000000000143,3638,3277
open_boundary,38,32,2,open,600036,event,455,228,227,0.888671875,0.002197802197802198,0.002197802197802198,1,9,0,4385,3930,0.2365999999999957,2068,2317
open_boundary,38,32,2,open,600037,event,465,233,232,0.908203125,0.002150537634408602,0.002150537634408602,0,0,0,8863,8398,0.18359999999999843,4743,4120
open_boundary,38,32,2,open,600038,event,458,229,229,0.89453125,0,0,0,0,0,8715,8257,0.16249999999999432,3861,4854
open_boundary,38,32,2,open,600039,event,465,233,232,0.908203125,0.002150537634408602,0.002150537634408602,1,2,0,7768,7303,0.2179000000000002,4055,3713
open_boundary,38,32,2,open,600040,event,456,228,228,0.890625,0,0,1,0,14,5450,4994,0.15200000000000102,3831,1619
open_boundary,38,32,2,open,600041,event,455,228,227,0.888671875,0.002197802197802198,0.002197802197802198,1,9,0,6451,5996,0.15209999999999013,1654,4797
open_boundary,38,32,2,open,600042,event,467,234,233,0.912109375,0.0021413276231263384,0.0021413276231263384,1,5,0,8058,7591,0.20420000000000016,2609,5449
open_boundary,38,32,2,open,600043,event,465,233,232,0.908203125,0.002150537634408602,0.002150537634408602,0,0,0,8945,8480,0.1449000000000069,4575,4370
open_boundary,38,32,2,open,600044,event,460,230,230,0.8984375,0,0,1,0,7,4915,4455,0.1448000000000036,3062,1853
open_boundary,38,32,2,open,600045,event,464,232,232,0.90625,0,0,1,0,2,6862,6398,0.20519999999999072,4279,2583
open_boundary,38,32,2,open,600046,event,461,231,230,0.900390625,0.0021691973969631237,0.0021691973969631237,1,4,0,6576,6115,0.14329999999999643,2948,3628
open_boundary,38,32,2,open,600047,event,464,232,232,0.90625,0,0,1,0,3,6648,6184,0.1454000000000093,4225,2423
open_boundary,38,32,2,open,600048,event,460,230,230,0.8984375,0,0,1,0,4,8701,8241,0.14499999999999602,6057,2644
open_boundary,38,32,2,open,600049,event,464,232,232,0.90625,0,0,1,0,4,9591,9127,0.20430000000000348,6528,3063
open_boundary,38,32,2,open,600050,event,451,226,225,0.880859375,0.0022172949002217295,0.0022172949002217295,1,14,0,3812,3361,0.1407999999999987,1297,2515
open_boundary,38,32,2,open,600051,event,462,231,231,0.90234375,0,0,1,0,9,4295,3833,0.14389999999998793,2598,1697
open_boundary,38,32,2,open,600052,event,460,230,230,0.8984375,0,0,1,0,1,6330,5870,0.21079999999999188,2868,3462
open_boundary,38,32,2,open,600053,event,463,232,231,0.904296875,0.0021598272138228943,0.0021598272138228943,0,0,0,7441,6978,0.32219999999999516,3745,3696
open_boundary,38,32,2,open,600054,event,466,233,233,0.91015625,0,0,1,0,2,6427,5961,0.15409999999999968,3873,2554
open_boundary,38,32,2,open,600055,event,452,226,226,0.8828125,0,0,1,0,12,5380,4928,0.21179999999999666,4106,1274
open_boundary,38,32,2,open,600056,event,471,236,235,0.919921875,0.0021231422505307855,0.0021231422505307855,1,1,0,10375,9904,0.15080000000000382,4672,5703
open_boundary,38,32,2,open,600057,event,446,223,223,0.87109375,0,0,1,0,9,6373,5927,0.13739999999999952,4857,1516
open_boundary,38,32,2,open,600058,event,460,230,230,0.8984375,0,0,1,0,1,8136,7676,0.14410000000000878,3558,4578
open_boundary,38,32,2,open,600059,event,460,230,230,0.8984375,0,0,1,0,3,6910,6450,0.14820000000000277,3824,3086
open_boundary,38,32,2,open,600060,event,457,229,228,0.892578125,0.002188183807439825,0.002188183807439825,1,7,0,6244,5787,0.14090000000000202,2202,4042
open_boundary,38,32,2,open,600061,event,458,229,229,0.89453125,0,0,1,0,2,5296,4838,0.14739999999999043,2990,2306
open_boundary,38,32,2,open,600062,event,447,224,223,0.873046875,0.0022371364653243847,0.0022371364653243847,1,10,0,5955,5508,0.19379999999999598,1807,4148
open_boundary,38,32,2,open,600063,event,460,230,230,0.8984375,0,0,1,0,2,7254,6794,0.14240000000000919,4295,2959
open_boundary,38,32,2,open,600064,event,465,233,232,0.908203125,0.002150537634408602,0.002150537634408602,1,4,0,6784,6319,0.14379999999999882,2234,4550
open_boundary,38,32,2,open,600065,event,464,232,232,0.90625,0,0,0,0,0,11944,11480,0.1974000000000018,7220,4724
open_boundary,38,32,2,open,600066,event,464,232,232,0.90625,0,0,0,0,0,6617,6153,0.1436000000000064,3420,3197
open_boundary,38,32,2,open,600067,event,468,234,234,0.9140625,0,0,1,0,2,7749,7281,0.14399999999999125,4455,3294
open_boundary,38,32,2,open,600068,event,451,226,225,0.880859375,0.0022172949002217295,0.0022172949002217295,1,13,0,4604,4153,0.1962999999999937,1855,2749
open_boundary,38,32,2,open,600069,event,460,230,230,0.8984375,0,0,0,0,0,5863,5403,0.14580000000000837,3410,2453
open_boundary,38,32,2,open,600070,event,462,231,231,0.90234375,0,0,1,0,3,6523,6061,0.14149999999999352,3165,3358
open_boundary,38,32,2,open,600071,event,462,231,231,0.90234375,0,0,0,0,0,7952,7490,0.14290000000001157,4973,2979
open_boundary,38,32,2,open,600072,event,455,228,227,0.888671875,0.002197802197802198,0.002197802197802198,1,7,0,5515,5060,0.20369999999999777,2622,2893
open_boundary,38,32,2,open,600073,event,466,233,233,0.91015625,0,0,0,0,0,8528,8062,0.1448000000000036,4583,3945
open_boundary,38,32,2,open,600074,event,464,232,232,0.90625,0,0,1,0,9,6416,5952,0.14339999999999975,4670,1746
open_boundary,38,32,2,open,600075,event,463,232,231,0.904296875,0.0021598272138228943,0.0021598272138228943,1,6,0,7115,6652,0.23160000000000025,1878,5237
open_boundary,38,32,2,open,600076,event,457,229,228,0.892578125,0.002188183807439825,0.002188183807439825,1,6,0,7697,7240,0.15569999999999595,2028,5669
open_boundary,38,32,2,open,600077,event,465,233,232,0.908203125,0.002150537634408602,0.002150537634408602,1,1,0,8735,8270,0.15460000000000207,4309,4426
open_boundary,38,32,2,open,600078,event,466,233,233,0.91015625,0,0,1,0,1,5951,5485,0.2452000000000112,2789,3162
open_boundary,38,32,2,open,600079,event,462,231,231,0.90234375,0,0,1,0,1,10578,10116,0.15380000000000393,6263,4315
open_boundary,38,32,2,open,600080,event,459,230,229,0.896484375,0.002178649237472767,0.002178649237472767,1,3,0,8702,8243,0.1430999999999898,2684,6018
open_boundary,38,32,2,open,600081,event,457,229,228,0.892578125,0.002188183807439825,0.002188183807439825,1,3,0,6448,5991,0.20470000000000255,2662,3786
open_boundary,38,32,2,open,600082,event,458,229,229,0.89453125,0,0,1,0,4,4953,4495,0.14099999999999113,2601,2352
open_boundary,38,32,2,open,600083,event,463,232,231,0.904296875,0.0021598272138228943,0.0021598272138228943,1,5,0,6619,6156,0.14329999999999643,3018,3601
open_boundary,38,32,2,open,600084,event,463,232,231,0.904296875,0.0021598272138228943,0.0021598272138228943,1,1,0,8992,8529,0.14320000000000732,4626,4366
open_boundary,38,32,2,open,600085,event,452,226,226,0.8828125,0,0,1,0,11,4416,3964,0.19559999999999889,2263,2153
open_boundary,38,32,2,open,600086,event,452,226,226,0.8828125,0,0,1,0,13,7109,6657,0.13970000000000482,5172,1937
open_boundary,38,32,2,open,600087,event,459,230,229,0.896484375,0.002178649237472767,0.002178649237472767,1,6,0,6275,5816,0.14330000000001064,2011,4264
open_boundary,38,32,2,open,600088,event,456,228,228,0.890625,0,0,1,0,3,6827,6371,0.20060000000000855,4487,2340
open_boundary,38,32,2,open,600089,event,462,231,231,0.90234375,0,0,1,0,2,7998,7536,0.14409999999999457,5330,2668
open_boundary,38,32,2,open,600090,event,459,230,229,0.896484375,0.002178649237472767,0.002178649237472767,0,0,0,5981,5522,0.14330000000001064,2547,3434
open_boundary,38,32,2,open,600091,event,464,232,232,0.90625,0,0,1,0,1,9017,8553,0.19940000000001135,5613,3404
open_boundary,38,32,2,open,600092,event,451,226,225,0.880859375,0.0022172949002217295,0.0022172949002217295,1,17,0,8665,8214,0.14740000000000464,1263,7402
open_boundary,38,32,2,open,600093,event,465,233,232,0.908203125,0.002150537634408602,0.002150537634408602,1,2,0,7699,7234,0.1477000000000004,2841,4858
open_boundary,38,32,2,open,600094,event,466,233,233,0.91015625,0,0,1,0,3,7477,7011,0.14849999999999852,4863,2614
open_boundary,38,32,2,open,600095,event,464,232,232,0.90625,0,0,1,0,2,7249,6785,0.2021999999999906,4873,2376
open_boundary,38,32,2,open,600096,event,455,228,227,0.888671875,0.002197802197802198,0.002197802197802198,1,20,0,6557,6102,0.14150000000000773,1704,4853
open_boundary,38,32,2,open,600097,event,458,229,229,0.89453125,0,0,0,0,0,8598,8140,0.14270000000000493,4640,3958
open_boundary,38,32,2,open,600098,event,454,227,227,0.88671875,0,0,1,0,3,5920,5466,0.20879999999999654,3546,2374
open_boundary,38,32,2,open,600099,event,462,231,231,0.90234375,0,0,1,0,4,6192,5730,0.1443000000000012,3556,2636
open_boundary,38,32,2,open,600100,event,468,234,234,0.9140625,0,0,1,0,4,9049,8581,0.14760000000001128,5372,3677
open_boundary,38,32,2,open,600101,event,445,223,222,0.869140625,0.0022471910112359553,0.0022471910112359553,1,7,0,6204,5759,0.1951000000000107,1858,4346
open_boundary,38,32,2,open,600102,event,464,232,232,0.90625,0,0,0,0,0,8517,8053,0.14919999999999334,4588,3929
open_boundary,38,32,2,open,600103,event,458,229,229,0.89453125,0,0,1,0,4,5433,4975,0.14300000000000068,3261,2172
open_boundary,38,32,2,open,600104,event,460,230,230,0.8984375,0,0,1,0,4,7519,7059,0.20319999999999538,5492,2027
open_boundary,38,32,2,open,600105,event,456,228,228,0.890625,0,0,1,0,5,7772,7316,0.1501999999999981,5874,1898
open_boundary,38,32,2,open,600106,event,461,231,230,0.900390625,0.0021691973969631237,0.0021691973969631237,1,1,0,7556,7095,0.14110000000000866,4912,2644
open_boundary,38,32,2,open,600107,event,453,227,226,0.884765625,0.002207505518763797,0.002207505518763797,1,4,0,6949,6496,0.14410000000000878,2199,4750
open_boundary,38,32,2,open,600108,event,460,230,230,0.8984375,0,0,1,0,11,7906,7446,0.2113999999999976,5825,2081
open_boundary,38,32,2,open,600109,event,455,228,227,0.888671875,0.002197802197802198,0.002197802197802198,1,4,0,6544,6089,0.1419999999999959,3569,2975
open_boundary,38,32,2,open,600110,event,464,232,232,0.90625,0,0,0,0,0,9440,8976,0.14860000000000184,5378,4062
open_boundary,38,32,2,open,600111,event,455,228,227,0.888671875,0.002197802197802198,0.002197802197802198,1,5,0,5629,5174,0.20120000000000005,1475,4154
open_boundary,38,32,2,open,600112,event,471,236,235,0.919921875,0.0021231422505307855,0.0021231422505307855,1,1,0,5117,4646,0.14860000000000184,1873,3244
open_boundary,38,32,2,open,600113,event,450,225,225,0.87890625,0,0,1,0,7,7541,7091,0.14529999999999177,5475,2066
open_boundary,38,32,2,open,600114,event,449,225,224,0.876953125,0.0022271714922048997,0.0022271714922048997,1,7,0,5358,4909,0.2009999999999934,1684,3674
open_boundary,38,32,2,open,600115,event,466,233,233,0.91015625,0,0,0,0,0,6960,6494,0.1775000000000091,2937,4023
open_boundary,38,32,2,open,600116,event,455,228,227,0.888671875,0.002197802197802198,0.002197802197802198,1,6,0,6623,6168,0.15789999999999793,2384,4239
open_boundary,38,32,2,open,600117,event,467,234,233,0.912109375,0.0021413276231263384,0.0021413276231263384,1,3,0,7425,6958,0.14440000000000452,2311,5114
open_boundary,38,32,2,open,600118,event,466,233,233,0.91015625,0,0,1,0,5,5891,5425,0.281099999999995,3759,2132
open_boundary,38,32,2,open,600119,event,457,229,228,0.892578125,0.002188183807439825,0.002188183807439825,1,1,0,5259,4802,0.15349999999999397,2291,2968
open_boundary,38,32,2,open,600120,event,461,231,230,0.900390625,0.0021691973969631237,0.0021691973969631237,1,3,0,6785,6324,0.147199999999998,3059,3726
open_boundary,38,32,2,open,600121,event,460,230,230,0.8984375,0,0,1,0,7,5461,5001,0.22270000000000323,3666,1795
open_boundary,38,32,2,open,600122,event,463,232,231,0.904296875,0.0021598272138228943,0.0021598272138228943,0,0,0,7809,7346,0.1518000000000086,3993,3816
open_boundary,38,32,2,open,600123,event,458,229,229,0.89453125,0,0,1,0,6,4230,3772,0.1477000000000004,2364,1866
open_boundary,38,32,2,open,600124,event,461,231,230,0.900390625,0.0021691973969631237,0.0021691973969631237,1,6,0,5521,5060,0.2033999999999878,2547,2974
open_boundary,38,32,2,open,600125,event,448,224,224,0.875,0,0,1,0,10,5899,5451,0.15739999999999554,3851,2048
open_boundary,38,32,2,open,600126,event,455,228,227,0.888671875,0.002197802197802198,0.002197802197802198,1,3,0,7541,7086,0.14100000000000534,2834,4707
open_boundary,38,32,2,open,600127,event,459,230,229,0.896484375,0.002178649237472767,0.002178649237472767,0,0,0,11243,10784,0.2085000000000008,4333,6910
open_boundary,38,32,2,open,600128,event,460,230,230,0.8984375,0,0,1,0,2,4964,4504,0.15879999999999939,2328,2636
open_boundary,41,32,2,open,600001,event,465,261,204,0.908203125,0.12258064516129032,0.12258064516129032,0,0,0,10121,9656,0.16279999999999006,5089,5032
open_boundary,41,32,2,open,600002,event,460,245,215,0.8984375,0.06521739130434782,0.06521739130434782,0,0,0,8647,8187,0.16259999999999764,4339,4308
open_boundary,41,32,2,open,600003,event,465,278,187,0.908203125,0.1956989247311828,0.1956989247311828,0,0,0,9045,8580,0.22889999999999588,4568,4477
open_boundary,41,32,2,open,600004,event,468,268,200,0.9140625,0.1452991452991453,0.1452991452991453,0,0,0,22904,22436,0.1647999999999996,11486,11418
open_boundary,41,32,2,open,600005,event,469,255,214,0.916015625,0.08742004264392324,0.08742004264392324,0,0,0,11794,11325,0.16420000000000812,5918,5876
open_boundary,41,32,2,open,600006,event,453,207,246,0.884765625,-0.08609271523178808,0.08609271523178808,0,0,0,8099,7646,0.22299999999999898,4030,4069
open_boundary,41,32,2,open,600007,event,469,261,208,0.916015625,0.11300639658848614,0.11300639658848614,0,0,0,11105,10636,0.16779999999999973,5579,5526
open_boundary,41,32,2,open,600008,event,467,272,195,0.912109375,0.16488222698072805,0.16488222698072805,0,0,0,11018,10551,0.1624000000000052,5548,5470
open_boundary,41,32,2,open,600009,event,460,256,204,0.8984375,0.11304347826086956,0.11304347826086956,0,0,0,8541,8081,0.2225999999999999,4297,4244
open_boundary,41,32,2,open,600010,event,470,266,204,0.91796875,0.13191489361702127,0.13191489361702127,0,0,0,13075,12605,0.16719999999999402,6569,6506
open_boundary,41,32,2,open,600011,event,459,190,269,0.896484375,-0.1721132897603486,0.1721132897603486,0,0,0,10886,10427,0.1606000000000023,5404,5482
open_boundary,41,32,2,open,600012,event,466,276,190,0.91015625,0.18454935622317598,0.18454935622317598,0,0,0,11388,10922,0.2248000000000019,5737,5651
open_boundary,41,32,2,open,600013,event,464,265,199,0.90625,0.14224137931034483,0.14224137931034483,0,0,0,8303,7839,0.16779999999999973,4185,4118
open_boundary,41,32,2,open,600014,event,464,256,208,0.90625,0.10344827586206896,0.10344827586206896,0,0,0,10548,10084,0.16059999999998809,5298,5250
open_boundary,41,32,2,open,600015,event,465,247,218,0.908203125,0.06236559139784946,0.06236559139784946,0,0,0,14511,14046,0.2149000000000001,7270,7241
open_boundary,41,32,2,open,600016,event,463,244,219,0.904296875,0.05399568034557235,0.05399568034557235,0,0,0,9446,8983,0.16550000000000864,4736,4710
open_boundary,41,32,2,open,600017,event,471,244,227,0.919921875,0.036093418259023353,0.036093418259023353,0,0,0,9519,9048,0.1606000000000023,4768,4751
open_boundary,41,32,2,open,600018,event,461,280,181,0.900390625,0.21475054229934923,0.21475054229934923,0,0,0,17058,16597,0.2120999999999924,8579,8479
open_boundary,41,32,2,open,600019,event,459,225,234,0.896484375,-0.0196078431372549,0.0196078431372549,0,0,0,7992,7533,0.17390000000000327,3992,4000
open_boundary,41,32,2,open,600020,event,459,242,217,0.896484375,0.054466230936819175,0.054466230936819175,0,0,0,10997,10538,0.15670000000000073,5511,5486
open_boundary,41,32,2,open,600021,event,466,220,246,0.91015625,-0.055793991416309016,0.055793991416309016,0,0,0,7182,6716,0.21609999999998308,3578,3604
open_boundary,41,32,2,open,600022,event,464,204,260,0.90625,-0.1206896551724138,0.1206896551724138,0,0,0,7617,7153,0.1706999999999823,3781,3836
open_boundary,41,32,2,open,600023,event,465,240,225,0.908203125,0.03225806451612903,0.03225806451612903,0,0,0,8342,7877,0.17600000000001614,4179,4163
open_boundary,41,32,2,open,600024,event,456,263,193,0.890625,0.15350877192982457,0.15350877192982457,0,0,0,9640,9184,0.22860000000000014,4855,4785
open_boundary,41,32,2,open,600025,event,459,236,223,0.896484375,0.02832244008714597,0.02832244008714597,0,0,0,13161,12702,0.16859999999999786,6587,6574
open_boundary,41,32,2,open,600026,event,459,209,250,0.896484375,-0.08932461873638345,0.08932461873638345,0,0,0,9544,9085,0.16779999999999973,4752,4792
open_boundary,41,32,2,open,600027,event,461,248,213,0.900390625,0.07592190889370933,0.07592190889370933,0,0,0,13865,13404,0.17850000000001387,6950,6915
open_boundary,41,32,2,open,600028,event,465,272,193,0.908203125,0.16989247311827957,0.16989247311827957,0,0,0,10584,10119,0.2341000000000122,5332,5252
open_boundary,41,32,2,open,600029,event,469,273,196,0.916015625,0.16417910447761194,0.16417910447761194,0,0,0,14723,14254,0.17680000000001428,7400,7323
open_boundary,41,32,2,open,600030,event,459,260,199,0.896484375,0.1328976034858388,0.1328976034858388,0,0,0,9055,8596,0.17040000000000077,4558,4497
open_boundary,41,32,2,open,600031,event,462,262,200,0.90234375,0.1341991341991342,0.1341991341991342,0,0,0,7709,7247,0.23099999999999454,3886,3823
open_boundary,41,32,2,open,600032,event,468,248,220,0.9140625,0.05982905982905983,0.05982905982905983,0,0,0,12343,11875,0.16859999999999786,6186,6157
open_boundary,41,32,2,open,600033,event,461,210,251,0.900390625,-0.08893709327548807,0.08893709327548807,0,0,0,6715,6254,0.16130000000001132,3337,3378
open_boundary,41,32,2,open,600034,event,457,246,211,0.892578125,0.07658643326039387,0.07658643326039387,0,0,0,11719,11262,0.2307999999999879,5877,5842
open_boundary,41,32,2,open,600035,event,466,247,219,0.91015625,0.060085836909871244,0.060085836909871244,0,0,0,9093,8627,0.16450000000000387,4561,4532
open_boundary,41,32,2,open,600036,event,467,262,205,0.912109375,0.12205567451820129,0.12205567451820129,0,0,0,7144,6677,0.1640000000000157,3601,3543
open_boundary,41,32,2,open,600037,event,464,246,218,0.90625,0.0603448275862069,0.0603448275862069,0,0,0,10862,10398,0.23619999999999663,5445,5417
open_boundary,41,32,2,open,600038,event,460,252,208,0.8984375,0.09565217391304348,0.09565217391304348,0,0,0,13793,13333,0.1617999999999995,6919,6874
open_boundary,41,32,2,open,600039,event,464,236,228,0.90625,0.017241379310344827,0.017241379310344827,0,0,0,7708,7244,0.16570000000001528,3858,3850
open_boundary,41,32,2,open,600040,event,467,203,264,0.912109375,-0.13062098501070663,0.13062098501070663,0,0,0,7934,7467,0.24209999999999354,3937,3997
open_boundary,41,32,2,open,600041,event,466,215,251,0.91015625,-0.07725321888412018,0.07725321888412018,0,0,0,10839,10373,0.17000000000001592,5402,5437
open_boundary,41,32,2,open,600042,event,464,241,223,0.90625,0.03879310344827586,0.03879310344827586,0,0,0,11693,11229,0.16960000000000264,5856,5837
open_boundary,41,32,2,open,600043,event,462,239,223,0.90234375,0.03463203463203463,0.03463203463203463,0,0,0,8462,8000,0.21389999999999532,4239,4223
open_boundary,41,32,2,open,600044,event,465,237,228,0.908203125,0.01935483870967742,0.01935483870967742,0,0,0,7426,6961,0.1606999999999914,3718,3708
open_boundary,41,32,2,open,600045,event,467,270,197,0.912109375,0.15631691648822268,0.15631691648822268,0,0,0,7004,6537,0.1588000000000136,3539,3465
open_boundary,41,32,2,open,600046,event,461,236,225,0.900390625,0.02386117136659436,0.02386117136659436,0,0,0,9358,8897,0.22929999999999495,4685,4673
open_boundary,41,32,2,open,600047,event,463,261,202,0.904296875,0.12742980561555076,0.12742980561555076,0,0,0,8245,7782,0.166499999999985,4152,4093
open_boundary,41,32,2,open,600048,event,461,239,222,0.900390625,0.0368763557483731,0.0368763557483731,0,0,0,11453,10992,0.1670000000000016,5735,5718
open_boundary,41,32,2,open,600049,event,460,248,212,0.8984375,0.0782608695652174,0.0782608695652174,0,0,0,12089,11629,0.2272999999999854,6063,6026
open_boundary,41,32,2,open,600050,event,467,218,249,0.912109375,-0.06638115631691649,0.06638115631691649,0,0,0,8516,8049,0.1664000000000101,4243,4273
open_boundary,41,32,2,open,600051,event,461,204,257,0.900390625,-0.11496746203904555,0.11496746203904555,0,0,0,5920,5459,0.161200000000008,2934,2986
open_boundary,41,32,2,open,600052,event,466,268,198,0.91015625,0.15021459227467812,0.15021459227467812,0,0,0,7738,7272,0.21680000000000632,3904,3834
open_boundary,41,32,2,open,600053,event,462,250,212,0.90234375,0.08225108225108226,0.08225108225108226,0,0,0,8762,8300,0.16849999999999454,4400,4362
open_boundary,41,32,2,open,600054,event,462,204,258,0.90234375,-0.11688311688311688,0.11688311688311688,0,0,0,8417,7955,0.16870000000000118,4182,4235
open_boundary,41,32,2,open,600055,event,464,292,172,0.90625,0.25862068965517243,0.25862068965517243,0,0,0,9802,9338,0.16870000000000118,4961,4841
open_boundary,41,32,2,open,600056,event,468,247,221,0.9140625,0.05555555555555555,0.05555555555555555,0,0,0,11823,11355,0.22210000000001173,5925,5898
open_boundary,41,32,2,open,600057,event,459,222,237,0.896484375,-0.032679738562091505,0.032679738562091505,0,0,0,8264,7805,0.16020000000000323,4125,4139
open_boundary,41,32,2,open,600058,event,464,239,225,0.90625,0.03017241379310345,0.03017241379310345,0,0,0,14780,14316,0.18080000000000496,7397,7383
open_boundary,41,32,2,open,600059,event,464,227,237,0.90625,-0.021551724137931036,0.021551724137931036,0,0,0,15559,15095,0.23140000000000782,7775,7784
open_boundary,41,32,2,open,600060,event,469,229,240,0.916015625,-0.023454157782515993,0.023454157782515993,0,0,0,8380,7911,0.17029999999999745,4185,4195
open_boundary,41,32,2,open,600061,event,465,274,191,0.908203125,0.17849462365591398,0.17849462365591398,0,0,0,6594,6129,0.16839999999999122,3339,3255
open_boundary,41,32,2,open,600062,event,458,231,227,0.89453125,0.008733624454148471,0.008733624454148471,0,0,0,9813,9355,0.22230000000001837,4909,4904
open_boundary,41,32,2,open,600063,event,466,241,225,0.91015625,0.034334763948497854,0.034334763948497854,0,0,0,8880,8414,0.16739999999998645,4448,4432
open_boundary,41,32,2,open,600064,event,463,281,182,0.904296875,0.21382289416846653,0.21382289416846653,0,0,0,8137,7674,0.16219999999998436,4118,4019
open_boundary,41,32,2,open,600065,event,461,236,225,0.900390625,0.02386117136659436,0.02386117136659436,0,0,0,9166,8705,0.22499999999999432,4589,4577
open_boundary,41,32,2,open,600066,event,458,230,228,0.89453125,0.004366812227074236,0.004366812227074236,0,0,0,7517,7059,0.1705000000000041,3760,3757
open_boundary,41,32,2,open,600067,event,464,262,202,0.90625,0.12931034482758622,0.12931034482758622,0,0,0,15237,14773,0.17369999999999663,7649,7588
open_boundary,41,32,2,open,600068,event,468,242,226,0.9140625,0.03418803418803419,0.03418803418803419,0,0,0,11810,11342,0.22620000000000573,5913,5897
open_boundary,41,32,2,open,600069,event,464,254,210,0.90625,0.09482758620689655,0.09482758620689655,0,0,0,9405,8941,0.18080000000000496,4725,4680
open_boundary,41,32,2,open,600070,event,466,280,186,0.91015625,0.2017167381974249,0.2017167381974249,0,0,0,10238,9772,0.16919999999998936,5166,5072
open_boundary,41,32,2,open,600071,event,465,280,185,0.908203125,0.20430107526881722,0.20430107526881722,0,0,0,6523,6058,0.22339999999999804,3309,3214
open_boundary,41,32,2,open,600072,event,460,258,202,0.8984375,0.12173913043478261,0.12173913043478261,0,0,0,10635,10175,0.1599999999999966,5346,5289
open_boundary,41,32,2,open,600073,event,464,262,202,0.90625,0.12931034482758622,0.12931034482758622,0,0,0,9203,8739,0.1601999999999748,4632,4571
open_boundary,41,32,2,open,600074,event,477,228,249,0.931640625,-0.0440251572327044,0.0440251572327044,0,0,0,10953,10476,0.21770000000000778,5466,5487
open_boundary,41,32,2,open,600075,event,469,244,225,0.916015625,0.04051172707889126,0.04051172707889126,0,0,0,10708,10239,0.16229999999998768,5364,5344
open_boundary,41,32,2,open,600076,event,458,248,210,0.89453125,0.08296943231441048,0.08296943231441048,0,0,0,10425,9967,0.16049999999998477,5232,5193
open_boundary,41,32,2,open,600077,event,459,265,194,0.896484375,0.15468409586056645,0.15468409586056645,0,0,0,7005,6546,0.21070000000000277,3538,3467
open_boundary,41,32,2,open,600078,event,461,268,193,0.900390625,0.16268980477223427,0.16268980477223427,0,0,0,7657,7196,0.16059999999998809,3866,3791
open_boundary,41,32,2,open,600079,event,465,266,199,0.908203125,0.14408602150537633,0.14408602150537633,0,0,0,10704,10239,0.16059999999998809,5386,5318
open_boundary,41,32,2,open,600080,event,465,264,201,0.908203125,0.13548387096774195,0.13548387096774195,0,0,0,7321,6856,0.22309999999998809,3692,3629
open_boundary,41,32,2,open,600081,event,466,243,223,0.91015625,0.04291845493562232,0.04291845493562232,0,0,0,8034,7568,0.16229999999998768,4027,4007
open_boundary,41,32,2,open,600082,event,462,288,174,0.90234375,0.24675324675324675,0.24675324675324675,0,0,0,7303,6841,0.16020000000000323,3709,3594
open_boundary,41,32,2,open,600083,event,465,272,193,0.908203125,0.16989247311827957,0.16989247311827957,0,0,0,12988,12523,0.1524000000000001,6534,6454
open_boundary,41,32,2,open,600084,event,465,253,212,0.908203125,0.08817204301075268,0.08817204301075268,0,0,0,8276,7811,0.20690000000001874,4159,4117
open_boundary,41,32,2,open,600085,event,461,237,224,0.900390625,0.028199566160520606,0.028199566160520606,0,0,0,9353,8892,0.1594000000000051,4683,4670
open_boundary,41,32,2,open,600086,event,469,246,223,0.916015625,0.04904051172707889,0.04904051172707889,0,0,0,8052,7583,0.1664000000000101,4038,4014
open_boundary,41,32,2,open,600087,event,464,261,203,0.90625,0.125,0.125,0,0,0,8841,8377,0.21520000000001005,4450,4391
open_boundary,41,32,2,open,600088,event,463,255,208,0.904296875,0.10151187904967603,0.10151187904967603,0,0,0,10867,10404,0.16059999999998809,5457,5410
open_boundary,41,32,2,open,600089,event,465,254,211,0.908203125,0.09247311827956989,0.09247311827956989,0,0,0,9000,8535,0.1658999999999935,4522,4478
open_boundary,41,32,2,open,600090,event,466,218,248,0.91015625,-0.06437768240343347,0.06437768240343347,0,0,0,7725,7259,0.21519999999998163,3848,3877
open_boundary,41,32,2,open,600091,event,467,248,219,0.912109375,0.06209850107066381,0.06209850107066381,0,0,0,9476,9009,0.1676999999999964,4753,4723
open_boundary,41,32,2,open,600092,event,470,250,220,0.91796875,0.06382978723404255,0.06382978723404255,0,0,0,14679,14209,0.16579999999999018,7355,7324
open_boundary,41,32,2,open,600093,event,457,259,198,0.892578125,0.13347921225382933,0.13347921225382933,0,0,0,10483,10026,0.2167999999999779,5272,5211
open_boundary,41,32,2,open,600094,event,467,248,219,0.912109375,0.06209850107066381,0.06209850107066381,0,0,0,9048,8581,0.17180000000001883,4539,4509
open_boundary,41,32,2,open,600095,event,465,267,198,0.908203125,0.14838709677419354,0.14838709677419354,0,0,0,10246,9781,0.16679999999999495,5158,5088
open_boundary,41,32,2,open,600096,event,465,274,191,0.908203125,0.17849462365591398,0.17849462365591398,0,0,0,12526,12061,0.2132000000000005,6305,6221
open_boundary,41,32,2,open,600097,event,471,255,216,0.919921875,0.08280254777070063,0.08280254777070063,0,0,0,7790,7319,0.16279999999997585,3915,3875
open_boundary,41,32,2,open,600098,event,463,255,208,0.904296875,0.10151187904967603,0.10151187904967603,0,0,0,9541,9078,0.168200000000013,4794,4747
open_boundary,41,32,2,open,600099,event,458,234,224,0.89453125,0.021834061135371178,0.021834061135371178,0,0,0,10073,9615,0.21350000000001046,5042,5031
open_boundary,41,32,2,open,600100,event,461,238,223,0.900390625,0.03253796095444685,0.03253796095444685,0,0,0,9911,9450,0.16630000000000678,4963,4948
open_boundary,41,32,2,open,600101,event,460,219,241,0.8984375,-0.04782608695652174,0.04782608695652174,0,0,0,8461,8001,0.16040000000000987,4220,4241
open_boundary,41,32,2,open,600102,event,460,216,244,0.8984375,-0.06086956521739131,0.06086956521739131,0,0,0,11427,10967,0.21179999999998245,5700,5727
open_boundary,41,32,2,open,600103,event,464,261,203,0.90625,0.125,0.125,0,0,0,7523,7059,0.1670000000000016,3791,3732
open_boundary,41,32,2,open,600104,event,464,241,223,0.90625,0.03879310344827586,0.03879310344827586,0,0,0,7754,7290,0.1623000000000161,3886,3868
open_boundary,41,32,2,open,600105,event,464,262,202,0.90625,0.12931034482758622,0.12931034482758622,0,0,0,10902,10438,0.21770000000000778,5481,5421
open_boundary,41,32,2,open,600106,event,462,276,186,0.90234375,0.19480519480519481,0.19480519480519481,0,0,0,12372,11910,0.1710999999999956,6231,6141
open_boundary,41,32,2,open,600107,event,469,285,184,0.916015625,0.21535181236673773,0.21535181236673773,0,0,0,10003,9534,0.1594000000000051,5052,4951
open_boundary,41,32,2,open,600108,event,470,237,233,0.91796875,0.00851063829787234,0.00851063829787234,0,0,0,16781,16311,0.22239999999999327,8393,8388
open_boundary,41,32,2,open,600109,event,469,199,270,0.916015625,-0.1513859275053305,0.1513859275053305,0,0,0,14853,14384,0.1634999999999991,7391,7462
open_boundary,41,32,2,open,600110,event,470,232,238,0.91796875,-0.01276595744680851,0.01276595744680851,0,0,0,9292,8822,0.16339999999999577,4643,4649
open_boundary,41,32,2,open,600111,event,468,250,218,0.9140625,0.06837606837606838,0.06837606837606838,0,0,0,6863,6395,0.22380000000001132,3448,3415
open_boundary,41,32,2,open,600112,event,464,235,229,0.90625,0.01293103448275862,0.01293103448275862,0,0,0,7481,7017,0.1682999999999879,3744,3737
open_boundary,41,32,2,open,600113,event,463,255,208,0.904296875,0.10151187904967603,0.10151187904967603,0,0,0,11059,10596,0.16139999999998622,5553,5506
open_boundary,41,32,2,open,600114,event,465,236,229,0.908203125,0.015053763440860216,0.015053763440860216,0,0,0,8006,7541,0.15389999999999304,4007,3999
open_boundary,41,32,2,open,600115,event,464,234,230,0.90625,0.008620689655172414,0.008620689655172414,0,0,0,9515,9051,0.21739999999999782,4760,4755
open_boundary,41,32,2,open,600116,event,467,267,200,0.912109375,0.14346895074946467,0.14346895074946467,0,0,0,9994,9527,0.16049999999998477,5031,4963
open_boundary,41,32,2,open,600117,event,460,269,191,0.8984375,0.16956521739130434,0.16956521739130434,0,0,0,11389,10929,0.1599999999999966,5734,5655
open_boundary,41,32,2,open,600118,event,471,237,234,0.919921875,0.006369426751592357,0.006369426751592357,0,0,0,8750,8279,0.22739999999998872,4377,4373
open_boundary,41,32,2,open,600119,event,461,262,199,0.900390625,0.13665943600867678,0.13665943600867678,0,0,0,9198,8737,0.15769999999997708,4631,4567
open_boundary,41,32,2,open,600120,event,467,259,208,0.912109375,0.10920770877944326,0.10920770877944326,0,0,0,12235,11768,0.15679999999997563,6143,6092
open_boundary,41,32,2,open,600121,event,473,200,273,0.923828125,-0.1543340380549683,0.1543340380549683,0,0,0,12763,12290,0.21240000000000236,6345,6418
open_boundary,41,32,2,open,600122,event,462,238,224,0.90234375,0.030303030303030304,0.030303030303030304,0,0,0,10222,9760,0.16249999999999432,5118,5104
open_boundary,41,32,2,open,600123,event,470,250,220,0.91796875,0.06382978723404255,0.06382978723404255,0,0,0,5250,4780,0.16639999999998167,2640,2610
open_boundary,41,32,2,open,600124,event,465,223,242,0.908203125,-0.04086021505376344,0.04086021505376344,0,0,0,7027,6562,0.2155999999999949,3504,3523
open_boundary,41,32,2,open,600125,event,461,247,214,0.900390625,0.07158351409978309,0.07158351409978309,0,0,0,11123,10662,0.15859999999997854,5578,5545
open_boundary,41,32,2,open,600126,event,460,242,218,0.8984375,0.05217391304347826,0.05217391304347826,0,0,0,16770,16310,0.15900000000002024,8397,8373
open_boundary,41,32,2,open,600127,event,459,221,238,0.896484375,-0.037037037037037035,0.037037037037037035,0,0,0,12828,12369,0.2453000000000145,6406,6422
open_boundary,41,32,2,open,600128,event,462,239,223,0.90234375,0.03463203463203463,0.03463203463203463,0,0,0,11221,10759,0.19069999999999254,5619,5602
open_boundary,random-0.5,32,2,open,600001,event,465,248,217,0.908203125,0.06666666666666667,0.06666666666666667,0,0,0,9996,9531,0.33969999999999345,,
open_boundary,random-0.5,32,2,open,600002,event,466,239,227,0.91015625,0.02575107296137339,0.02575107296137339,0,0,0,10510,10044,0.2488999999999919,,
open_boundary,random-0.5,32,2,open,600003,event,467,250,217,0.912109375,0.07066381156316917,0.07066381156316917,0,0,0,8114,7647,0.22520000000000095,,
open_boundary,random-0.5,32,2,open,600004,event,464,244,220,0.90625,0.05172413793103448,0.05172413793103448,0,0,0,15814,15350,0.18709999999998672,,
open_boundary,random-0.5,32,2,open,600005,event,463,235,228,0.904296875,0.01511879049676026,0.01511879049676026,0,0,0,11811,11348,0.33090000000001396,,
open_boundary,random-0.5,32,2,open,600006,event,460,207,253,0.8984375,-0.1,0.1,0,0,0,6599,6139,0.19890000000000896,,
open_boundary,random-0.5,32,2,open,600007,event,468,240,228,0.9140625,0.02564102564102564,0.02564102564102564,0,0,0,13489,13021,0.22749999999999204,,
open_boundary,random-0.5,32,2,open,600008,event,461,223,238,0.900390625,-0.03253796095444685,0.03253796095444685,0,0,0,10993,10532,0.19139999999998736,,
open_boundary,random-0.5,32,2,open,600009,event,464,233,231,0.90625,0.004310344827586207,0.004310344827586207,0,0,0,8340,7876,0.19089999999999918,,
open_boundary,random-0.5,32,2,open,600010,event,458,220,238,0.89453125,-0.039301310043668124,0.039301310043668124,0,0,0,8011,7553,0.18890000000001805,,
open_boundary,random-0.5,32,2,open,600011,event,465,243,222,0.908203125,0.04516129032258064,0.04516129032258064,0,0,0,6694,6229,0.18820000000002324,,
open_boundary,random-0.5,32,2,open,600012,event,463,237,226,0.904296875,0.023758099352051837,0.023758099352051837,0,0,0,8923,8460,0.2061000000000206,,
open_boundary,random-0.5,32,2,open,600013,event,465,227,238,0.908203125,-0.023655913978494623,0.023655913978494623,0,0,0,8276,7811,0.116800000000012,,
open_boundary,random-0.5,32,2,open,600014,event,459,224,235,0.896484375,-0.023965141612200435,0.023965141612200435,0,0,0,11236,10777,0.1150000000000091,,
open_boundary,random-0.5,32,2,open,600015,event,464,234,230,0.90625,0.008620689655172414,0.008620689655172414,0,0,0,13280,12816,0.08549999999999613,,
open_boundary,random-0.5,32,2,open,600016,event,469,240,229,0.916015625,0.023454157782515993,0.023454157782515993,0,0,0,10075,9606,0.41319999999998913,,
open_boundary,random-0.5,32,2,open,600017,event,455,239,216,0.888671875,0.05054945054945055,0.05054945054945055,0,0,0,9021,8566,0.0952999999999804,,
open_boundary,random-0.5,32,2,open,600018,event,462,227,235,0.90234375,-0.017316017316017316,0.017316017316017316,0,0,0,12768,12306,0.08629999999999427,,
open_boundary,random-0.5,32,2,open,600019,event,468,243,225,0.9140625,0.038461538461538464,0.038461538461538464,0,0,0,11267,10799,0.07869999999999777,,
open_boundary,random-0.5,32,2,open,600020,event,468,225,243,0.9140625,-0.038461538461538464,0.038461538461538464,0,0,0,11891,11423,0.07980000000000587,,
open_boundary,random-0.5,32,2,open,600021,event,461,234,227,0.900390625,0.015184381778741865,0.015184381778741865,0,0,0,8499,8038,0.07739999999998304,,
open_boundary,random-0.5,32,2,open,600022,event,457,219,238,0.892578125,-0.04157549234135667,0.04157549234135667,0,0,0,10113,9656,0.0811000000000206,,
open_boundary,random-0.5,32,2,open,600023,event,463,222,241,0.904296875,-0.04103671706263499,0.04103671706263499,0,0,0,9316,8853,0.07909999999998263,,
open_boundary,random-0.5,32,2,open,600024,event,462,243,219,0.90234375,0.05194805194805195,0.05194805194805195,0,0,0,9616,9154,0.08149999999997704,,
open_boundary,random-0.5,32,2,open,600025,event,462,206,256,0.90234375,-0.10822510822510822,0.10822510822510822,0,0,0,14136,13674,0.1092999999999904,,
open_boundary,random-0.5,32,2,open,600026,event,454,225,229,0.88671875,-0.00881057268722467,0.00881057268722467,0,0,0,11689,11235,0.07730000000000814,,
open_boundary,random-0.5,32,2,open,600027,event,463,216,247,0.904296875,-0.06695464362850972,0.06695464362850972,0,0,0,10093,9630,0.07689999999999486,,
open_boundary,random-0.5,32,2,open,600028,event,460,247,213,0.8984375,0.07391304347826087,0.07391304347826087,0,0,0,10523,10063,0.12579999999999814,,
open_boundary,random-0.5,32,2,open,600029,event,458,230,228,0.89453125,0.004366812227074236,0.004366812227074236,0,0,0,9740,9282,0.07989999999998076,,
open_boundary,random-0.5,32,2,open,600030,event,469,213,256,0.916015625,-0.09168443496801706,0.09168443496801706,0,0,0,8786,8317,0.07970000000000255,,
open_boundary,random-0.5,32,2,open,600031,event,464,243,221,0.90625,0.04741379310344827,0.04741379310344827,0,0,0,11245,10781,0.0771000000000015,,
open_boundary,random-0.5,32,2,open,600032,event,465,238,227,0.908203125,0.023655913978494623,0.023655913978494623,0,0,0,11284,10819,0.07900000000000773,,
open_boundary,random-0.5,32,2,open,600033,event,463,237,226,0.904296875,0.023758099352051837,0.023758099352051837,0,0,0,8550,8087,0.09149999999999636,,
open_boundary,random-0.5,32,2,open,600034,event,461,226,235,0.900390625,-0.019522776572668113,0.019522776572668113,0,0,0,6504,6043,0.08349999999998658,,
open_boundary,random-0.5,32,2,open,600035,event,464,217,247,0.90625,-0.06465517241379311,0.06465517241379311,0,0,0,8753,8289,0.07779999999999632,,
open_boundary,random-0.5,32,2,open,600036,event,461,224,237,0.900390625,-0.028199566160520606,0.028199566160520606,0,0,0,13446,12985,0.07779999999999632,,
open_boundary,random-0.5,32,2,open,600037,event,458,219,239,0.89453125,-0.043668122270742356,0.043668122270742356,0,0,0,13720,13262,0.10329999999999018,,
open_boundary,random-0.5,32,2,open,600038,event,458,231,227,0.89453125,0.008733624454148471,0.008733624454148471,0,0,0,11101,10643,0.07810000000000628,,
open_boundary,random-0.5,32,2,open,600039,event,466,235,231,0.91015625,0.008583690987124463,0.008583690987124463,0,0,0,15568,15102,0.07720000000000482,,
open_boundary,random-0.5,32,2,open,600040,event,464,232,232,0.90625,0,0,0,0,0,10690,10226,0.07780000000002474,,
open_boundary,random-0.5,32,2,open,600041,event,458,226,232,0.89453125,-0.013100436681222707,0.013100436681222707,0,0,0,8719,8261,0.07800000000000296,,
open_boundary,random-0.5,32,2,open,600042,event,464,251,213,0.90625,0.08189655172413793,0.08189655172413793,0,0,0,12229,11765,0.07789999999999964,,
open_boundary,random-0.5,32,2,open,600043,event,458,236,222,0.89453125,0.03056768558951965,0.03056768558951965,0,0,0,7388,6930,0.19589999999999463,,
open_boundary,random-0.5,32,2,open,600044,event,464,236,228,0.90625,0.017241379310344827,0.017241379310344827,0,0,0,7558,7094,0.08779999999998722,,
open_boundary,random-0.5,32,2,open,600045,event,472,234,238,0.921875,-0.00847457627118644,0.00847457627118644,0,0,0,11177,10705,0.08459999999999468,,
open_boundary,random-0.5,32,2,open,600046,event,474,246,228,0.92578125,0.0379746835443038,0.0379746835443038,0,0,0,8599,8125,0.07720000000000482,,
open_boundary,random-0.5,32,2,open,600047,event,466,205,261,0.91015625,-0.12017167381974249,0.12017167381974249,0,0,0,8928,8462,0.07880000000000109,,
open_boundary,random-0.5,32,2,open,600048,event,468,238,230,0.9140625,0.017094017094017096,0.017094017094017096,0,0,0,10412,9944,0.07639999999997826,,
open_boundary,random-0.5,32,2,open,600049,event,470,211,259,0.91796875,-0.10212765957446808,0.10212765957446808,0,0,0,12752,12282,0.07739999999998304,,
open_boundary,random-0.5,32,2,open,600050,event,467,228,239,0.912109375,-0.023554603854389723,0.023554603854389723,0,0,0,8534,8067,0.07830000000001291,,
open_boundary,random-0.5,32,2,open,600051,event,467,219,248,0.912109375,-0.06209850107066381,0.06209850107066381,0,0,0,7991,7524,0.0905999999999949,,
open_boundary,random-0.5,32,2,open,600052,event,461,233,228,0.900390625,0.010845986984815618,0.010845986984815618,0,0,0,7923,7462,0.08039999999999736,,
open_boundary,random-0.5,32,2,open,600053,event,470,255,215,0.91796875,0.0851063829787234,0.0851063829787234,0,0,0,11489,11019,0.08190000000001874,,
open_boundary,random-0.5,32,2,open,600054,event,459,212,247,0.896484375,-0.07625272331154684,0.07625272331154684,0,0,0,8073,7614,0.09010000000000673,,
open_boundary,random-0.5,32,2,open,600055,event,461,233,228,0.900390625,0.010845986984815618,0.010845986984815618,0,0,0,9028,8567,0.08109999999999218,,
open_boundary,random-0.5,32,2,open,600056,event,463,239,224,0.904296875,0.032397408207343416,0.032397408207343416,0,0,0,8886,8423,0.0811999999999955,,
open_boundary,random-0.5,32,2,open,600057,event,460,230,230,0.8984375,0,0,0,0,0,17927,17467,0.07939999999999259,,
open_boundary,random-0.5,32,2,open,600058,event,469,227,242,0.916015625,-0.031982942430703626,0.031982942430703626,0,0,0,17143,16674,0.07720000000000482,,
open_boundary,random-0.5,32,2,open,600059,event,459,238,221,0.896484375,0.037037037037037035,0.037037037037037035,0,0,0,10457,9998,0.07699999999999818,,
open_boundary,random-0.5,32,2,open,600060,event,465,235,230,0.908203125,0.010752688172043012,0.010752688172043012,0,0,0,8935,8470,0.07860000000002287,,
open_boundary,random-0.5,32,2,open,600061,event,460,224,236,0.8984375,-0.02608695652173913,0.02608695652173913,0,0,0,10517,10057,0.07680000000001996,,
open_boundary,random-0.5,32,2,open,600062,event,465,208,257,0.908203125,-0.1053763440860215,0.1053763440860215,0,0,0,7647,7182,0.07630000000000337,,
open_boundary,random-0.5,32,2,open,600063,event,457,229,228,0.892578125,0.002188183807439825,0.002188183807439825,0,0,0,7091,6634,0.07729999999997972,,
open_boundary,random-0.5,32,2,open,600064,event,463,244,219,0.904296875,0.05399568034557235,0.05399568034557235,0,0,0,7817,7354,0.080600000000004,,
open_boundary,random-0.5,32,2,open,600065,event,466,243,223,0.91015625,0.04291845493562232,0.04291845493562232,0,0,0,10678,10212,0.080600000000004,,
open_boundary,random-0.5,32,2,open,600066,event,464,237,227,0.90625,0.021551724137931036,0.021551724137931036,0,0,0,7711,7247,0.07689999999999486,,
open_boundary,random-0.5,32,2,open,600067,event,465,253,212,0.908203125,0.08817204301075268,0.08817204301075268,0,0,0,17639,17174,0.08199999999999363,,
open_boundary,random-0.5,32,2,open,600068,event,468,240,228,0.9140625,0.02564102564102564,0.02564102564102564,0,0,0,11321,10853,0.07990000000000919,,
open_boundary,random-0.5,32,2,open,600069,event,468,248,220,0.9140625,0.05982905982905983,0.05982905982905983,0,0,0,8536,8068,0.07939999999999259,,
open_boundary,random-0.5,32,2,open,600070,event,467,239,228,0.912109375,0.023554603854389723,0.023554603854389723,0,0,0,11172,10705,0.07890000000000441,,
open_boundary,random-0.5,32,2,open,600071,event,465,227,238,0.908203125,-0.023655913978494623,0.023655913978494623,0,0,0,7028,6563,0.19829999999998904,,
open_boundary,random-0.5,32,2,open,600072,event,467,245,222,0.912109375,0.04925053533190578,0.04925053533190578,0,0,0,10026,9559,0.08259999999998513,,
open_boundary,random-0.5,32,2,open,600073,event,465,227,238,0.908203125,-0.023655913978494623,0.023655913978494623,0,0,0,9760,9295,0.08209999999999695,,
open_boundary,random-0.5,32,2,open,600074,event,469,236,233,0.916015625,0.006396588486140725,0.006396588486140725,0,0,0,17354,16885,0.0841999999999814,,
open_boundary,random-0.5,32,2,open,600075,event,461,241,220,0.900390625,0.0455531453362256,0.0455531453362256,0,0,0,6302,5841,0.0765999999999849,,
open_boundary,random-0.5,32,2,open,600076,event,465,225,240,0.908203125,-0.03225806451612903,0.03225806451612903,0,0,0,8435,7970,0.07779999999999632,,
open_boundary,random-0.5,32,2,open,600077,event,471,239,232,0.919921875,0.014861995753715499,0.014861995753715499,0,0,0,13150,12679,0.07739999999998304,,
open_boundary,random-0.5,32,2,open,600078,event,467,231,236,0.912109375,-0.010706638115631691,0.010706638115631691,0,0,0,9293,8826,0.08319999999997663,,
open_boundary,random-0.5,32,2,open,600079,event,461,228,233,0.900390625,-0.010845986984815618,0.010845986984815618,0,0,0,12866,12405,0.07639999999997826,,
open_boundary,random-0.5,32,2,open,600080,event,458,213,245,0.89453125,-0.06986899563318777,0.06986899563318777,0,0,0,9207,8749,0.07699999999999818,,
open_boundary,random-0.5,32,2,open,600081,event,458,248,210,0.89453125,0.08296943231441048,0.08296943231441048,0,0,0,6939,6481,0.07620000000000005,,
open_boundary,random-0.5,32,2,open,600082,event,460,240,220,0.8984375,0.043478260869565216,0.043478260869565216,0,0,0,12713,12253,0.07689999999999486,,
open_boundary,random-0.5,32,2,open,600083,event,463,252,211,0.904296875,0.08855291576673865,0.08855291576673865,0,0,0,12804,12341,0.077699999999993,,
open_boundary,random-0.5,32,2,open,600084,event,459,227,232,0.896484375,-0.010893246187363835,0.010893246187363835,0,0,0,10254,9795,0.07689999999999486,,
open_boundary,random-0.5,32,2,open,600085,event,456,227,229,0.890625,-0.0043859649122807015,0.0043859649122807015,0,0,0,11251,10795,0.0771000000000015,,
open_boundary,random-0.5,32,2,open,600086,event,465,231,234,0.908203125,-0.0064516129032258064,0.0064516129032258064,0,0,0,10149,9684,0.07889999999997599,,
open_boundary,random-0.5,32,2,open,600087,event,466,237,229,0.91015625,0.017167381974248927,0.017167381974248927,0,0,0,8013,7547,0.07759999999998968,,
open_boundary,random-0.5,32,2,open,600088,event,459,246,213,0.896484375,0.0718954248366013,0.0718954248366013,0,0,0,13575,13116,0.07690000000002328,,
open_boundary,random-0.5,32,2,open,600089,event,459,244,215,0.896484375,0.06318082788671024,0.06318082788671024,0,0,0,8960,8501,0.07990000000000919,,
open_boundary,random-0.5,32,2,open,600090,event,462,241,221,0.90234375,0.04329004329004329,0.04329004329004329,0,0,0,7866,7404,0.0771999999999764,,
open_boundary,random-0.5,32,2,open,600091,event,466,211,255,0.91015625,-0.0944206008583691,0.0944206008583691,0,0,0,9919,9453,0.07800000000000296,,
open_boundary,random-0.5,32,2,open,600092,event,464,255,209,0.90625,0.09913793103448276,0.09913793103448276,0,0,0,9194,8730,0.07909999999998263,,
open_boundary,random-0.5,32,2,open,600093,event,462,244,218,0.90234375,0.05627705627705628,0.05627705627705628,0,0,0,14738,14276,0.07779999999999632,,
open_boundary,random-0.5,32,2,open,600094,event,462,221,241,0.90234375,-0.04329004329004329,0.04329004329004329,0,0,0,8934,8472,0.08310000000000173,,
open_boundary,random-0.5,32,2,open,600095,event,464,236,228,0.90625,0.017241379310344827,0.017241379310344827,0,0,0,7924,7460,0.11629999999999541,,
open_boundary,random-0.5,32,2,open,600096,event,469,210,259,0.916015625,-0.1044776119402985,0.1044776119402985,0,0,0,13658,13189,0.08340000000001169,,
open_boundary,random-0.5,32,2,open,600097,event,460,207,253,0.8984375,-0.1,0.1,0,0,0,9100,8640,0.07749999999998636,,
open_boundary,random-0.5,32,2,open,600098,event,470,234,236,0.91796875,-0.00425531914893617,0.00425531914893617,0,0,0,6943,6473,0.07739999999998304,,
open_boundary,random-0.5,32,2,open,600099,event,459,240,219,0.896484375,0.0457516339869281,0.0457516339869281,0,0,0,8361,7902,0.17310000000000514,,
open_boundary,random-0.5,32,2,open,600100,event,463,226,237,0.904296875,-0.023758099352051837,0.023758099352051837,0,0,0,14014,13551,0.08240000000000691,,
open_boundary,random-0.5,32,2,open,600101,event,470,233,237,0.91796875,-0.00851063829787234,0.00851063829787234,0,0,0,14481,14011,0.07740000000001146,,
open_boundary,random-0.5,32,2,open,600102,event,463,256,207,0.904296875,0.10583153347732181,0.10583153347732181,0,0,0,9843,9380,0.0776000000000181,,
open_boundary,random-0.5,32,2,open,600103,event,460,231,229,0.8984375,0.004347826086956522,0.004347826086956522,0,0,0,8193,7733,0.07610000000002515,,
open_boundary,random-0.5,32,2,open,600104,event,468,220,248,0.9140625,-0.05982905982905983,0.05982905982905983,0,0,0,9272,8804,0.07699999999999818,,
open_boundary,random-0.5,32,2,open,600105,event,462,228,234,0.90234375,-0.012987012987012988,0.012987012987012988,0,0,0,9298,8836,0.07540000000000191,,
open_boundary,random-0.5,32,2,open,600106,event,459,230,229,0.896484375,0.002178649237472767,0.002178649237472767,0,0,0,16160,15701,0.07580000000001519,,
open_boundary,random-0.5,32,2,open,600107,event,464,227,237,0.90625,-0.021551724137931036,0.021551724137931036,0,0,0,13096,12632,0.07689999999999486,,
open_boundary,random-0.5,32,2,open,600108,event,454,233,221,0.88671875,0.02643171806167401,0.02643171806167401,0,0,0,11099,10645,0.095799999999997,,
open_boundary,random-0.5,32,2,open,600109,event,465,220,245,0.908203125,-0.053763440860215055,0.053763440860215055,0,0,0,8907,8442,0.07959999999999923,,
open_boundary,random-0.5,32,2,open,600110,event,463,238,225,0.904296875,0.028077753779697623,0.028077753779697623,0,0,0,11633,11170,0.07959999999999923,,
open_boundary,random-0.5,32,2,open,600111,event,467,234,233,0.912109375,0.0021413276231263384,0.0021413276231263384,0,0,0,8071,7604,0.0771999999999764,,
open_boundary,random-0.5,32,2,open,600112,event,466,232,234,0.91015625,-0.004291845493562232,0.004291845493562232,0,0,0,7065,6599,0.07679999999999154,,
open_boundary,random-0.5,32,2,open,600113,event,466,244,222,0.91015625,0.04721030042918455,0.04721030042918455,0,0,0,8475,8009,0.08259999999998513,,
open_boundary,random-0.5,32,2,open,600114,event,472,233,239,0.921875,-0.012711864406779662,0.012711864406779662,0,0,0,11392,10920,0.07879999999997267,,
open_boundary,random-0.5,32,2,open,600115,event,463,210,253,0.904296875,-0.09287257019438445,0.09287257019438445,0,0,0,7008,6545,0.08150000000000546,,
open_boundary,random-0.5,32,2,open,600116,event,467,233,234,0.912109375,-0.0021413276231263384,0.0021413276231263384,0,0,0,10371,9904,0.07809999999997785,,
open_boundary,random-0.5,32,2,open,600117,event,463,219,244,0.904296875,-0.05399568034557235,0.05399568034557235,0,0,0,8604,8141,0.07689999999999486,,
open_boundary,random-0.5,32,2,open,600118,event,460,244,216,0.8984375,0.06086956521739131,0.06086956521739131,0,0,0,7290,6830,0.07780000000002474,,
open_boundary,random-0.5,32,2,open,600119,event,460,227,233,0.8984375,-0.013043478260869565,0.013043478260869565,0,0,0,9564,9104,0.07620000000000005,,
open_boundary,random-0.5,32,2,open,600120,event,463,233,230,0.904296875,0.0064794816414686825,0.0064794816414686825,0,0,0,8693,8230,0.07859999999999445,,
open_boundary,random-0.5,32,2,open,600121,event,459,225,234,0.896484375,-0.0196078431372549,0.0196078431372549,0,0,0,7891,7432,0.07550000000000523,,
open_boundary,random-0.5,32,2,open,600122,event,463,246,217,0.904296875,0.06263498920086392,0.06263498920086392,0,0,0,8079,7616,0.07500000000001705,,
open_boundary,random-0.5,32,2,open,600123,event,466,240,226,0.91015625,0.030042918454935622,0.030042918454935622,0,0,0,6448,5982,0.07649999999998158,,
open_boundary,random-0.5,32,2,open,600124,event,459,227,232,0.896484375,-0.010893246187363835,0.010893246187363835,0,0,0,7947,7488,0.10669999999998936,,
open_boundary,random-0.5,32,2,open,600125,event,459,239,220,0.896484375,0.04139433551198257,0.04139433551198257,0,0,0,11884,11425,0.08260000000001355,,
open_boundary,random-0.5,32,2,open,600126,event,463,236,227,0.904296875,0.019438444924406047,0.019438444924406047,0,0,0,11164,10701,0.18500000000000227,,
open_boundary,random-0.5,32,2,open,600127,event,458,235,223,0.89453125,0.026200873362445413,0.026200873362445413,0,0,0,13113,12655,0.09080000000000155,,
open_boundary,random-0.5,32,2,open,600128,event,468,237,231,0.9140625,0.01282051282051282,0.01282051282051282,0,0,0,9694,9226,0.08310000000000173,,
open_boundary,0,32,4,open,600001,event,200,200,0,0.78125,1,1,1,0,6,3471,3271,0.11849999999998317,3471,0
open_boundary,0,32,4,open,600002,event,198,198,0,0.7734375,1,1,1,0,9,4262,4064,0.10890000000000555,4262,0
open_boundary,0,32,4,open,600003,event,198,198,0,0.7734375,1,1,1,0,3,3328,3130,0.10769999999999413,3328,0
open_boundary,0,32,4,open,600004,event,196,196,0,0.765625,1,1,1,0,5,5244,5048,0.10599999999999454,5244,0
open_boundary,0,32,4,open,600005,event,199,199,0,0.77734375,1,1,1,0,6,3292,3093,0.10869999999999891,3292,0
open_boundary,0,32,4,open,600006,event,200,200,0,0.78125,1,1,1,0,3,3179,2979,0.11769999999998504,3179,0
open_boundary,0,32,4,open,600007,event,203,203,0,0.79296875,1,1,1,0,21,4861,4658,0.2196999999999889,4861,0
open_boundary,0,32,4,open,600008,event,193,193,0,0.75390625,1,1,1,0,12,4519,4326,0.11029999999999518,4519,0
open_boundary,0,32,4,open,600009,event,204,204,0,0.796875,1,1,1,0,8,3073,2869,0.10990000000001032,3073,0
open_boundary,0,32,4,open,600010,event,201,201,0,0.78515625,1,1,1,0,9,3725,3524,0.1074999999999875,3725,0
open_boundary,0,32,4,open,600011,event,199,199,0,0.77734375,1,1,1,0,4,2078,1879,0.10679999999999268,2078,0
open_boundary,0,32,4,open,600012,event,195,195,0,0.76171875,1,1,1,0,24,3989,3794,0.10240000000001714,3989,0
open_boundary,0,32,4,open,600013,event,201,201,0,0.78515625,1,1,1,0,12,3689,3488,0.11129999999999995,3689,0
open_boundary,0,32,4,open,600014,event,200,200,0,0.78125,1,1,1,0,16,3299,3099,0.10949999999999704,3299,0
open_boundary,0,32,4,open,600015,event,198,198,0,0.7734375,1,1,1,0,16,4712,4514,0.20519999999999072,4712,0
open_boundary,0,32,4,open,600016,event,197,197,0,0.76953125,1,1,1,0,11,2462,2265,0.10760000000001924,2462,0
open_boundary,0,32,4,open,600017,event,205,205,0,0.80078125,1,1,1,0,4,3923,3718,0.26779999999999404,3923,0
open_boundary,0,32,4,open,600018,event,197,197,0,0.76953125,1,1,1,0,10,6143,5946,0.09890000000001464,6143,0
open_boundary,0,32,4,open,600019,event,209,209,0,0.81640625,1,1,1,0,6,3819,3610,0.10119999999997731,3819,0
open_boundary,0,32,4,open,600020,event,204,204,0,0.796875,1,1,1,0,4,3082,2878,0.12810000000001764,3082,0
open_boundary,0,32,4,open,600021,event,196,196,0,0.765625,1,1,1,0,17,2530,2334,0.10429999999999495,2530,0
open_boundary,0,32,4,open,600022,event,199,199,0,0.77734375,1,1,1,0,16,3232,3033,0.19070000000002096,3232,0
open_boundary,0,32,4,open,600023,event,205,205,0,0.80078125,1,1,1,0,15,4409,4204,0.10420000000002005,4409,0
open_boundary,0,32,4,open,600024,event,193,193,0,0.75390625,1,1,1,0,25,3330,3137,0.09739999999999327,3330,0
open_boundary,0,32,4,open,600025,event,197,197,0,0.76953125,1,1,1,0,10,5303,5106,0.09850000000000136,5303,0
open_boundary,0,32,4,open,600026,event,196,196,0,0.765625,1,1,1,0,12,2762,2566,0.09560000000001878,2762,0
open_boundary,0,32,4,open,600027,event,197,197,0,0.76953125,1,1,1,0,6,4085,3888,0.10069999999998913,4085,0
open_boundary,0,32,4,open,600028,event,199,199,0,0.77734375,1,1,1,0,6,3438,3239,0.10009999999999764,3438,0
open_boundary,0,32,4,open,600029,event,198,198,0,0.7734375,1,1,1,0,2,3759,3561,0.17009999999999081,3759,0
open_boundary,0,32,4,open,600030,event,196,196,0,0.765625,1,1,1,0,7,2733,2537,0.10029999999997585,2733,0
open_boundary,0,32,4,open,600031,event,201,201,0,0.78515625,1,1,1,0,10,3696,3495,0.13190000000000168,3696,0
open_boundary,0,32,4,open,600032,event,195,195,0,0.76171875,1,1,1,0,11,2882,2687,0.11950000000001637,2882,0
open_boundary,0,32,4,open,600033,event,200,200,0,0.78125,1,1,1,0,6,2768,2568,0.09640000000001692,2768,0
open_boundary,0,32,4,open,600034,event,200,200,0,0.78125,1,1,1,0,3,2408,2208,0.15489999999999782,2408,0
open_boundary,0,32,4,open,600035,event,195,195,0,0.76171875,1,1,1,0,24,3463,3268,0.1074000000000126,3463,0
open_boundary,0,32,4,open,600036,event,198,198,0,0.7734375,1,1,1,0,8,4114,3916,0.11469999999999914,4114,0
open_boundary,0,32,4,open,600037,event,202,202,0,0.7890625,1,1,1,0,12,2481,2279,0.21179999999998245,2481,0
open_boundary,0,32,4,open,600038,event,195,195,0,0.76171875,1,1,1,0,10,4669,4474,0.1418999999999926,4669,0
open_boundary,0,32,4,open,600039,event,197,197,0,0.76953125,1,1,1,0,20,2041,1844,0.09869999999997958,2041,0
open_boundary,0,32,4,open,600040,event,199,199,0,0.77734375,1,1,1,0,9,2744,2545,0.0969000000000051,2744,0
open_boundary,0,32,4,open,600041,event,204,204,0,0.796875,1,1,1,0,5,2575,2371,0.10149999999998727,2575,0
open_boundary,0,32,4,open,600042,event,203,203,0,0.79296875,1,1,1,0,11,4946,4743,0.11179999999998813,4946,0
open_boundary,0,32,4,open,600043,event,192,192,0,0.75,1,1,1,0,23,3736,3544,0.10340000000002192,3736,0
open_boundary,0,32,4,open,600044,event,205,205,0,0.80078125,1,1,1,0,5,3039,2834,0.18850000000000477,3039,0
open_boundary,0,32,4,open,600045,event,201,201,0,0.78515625,1,1,1,0,13,3699,3498,0.10660000000001446,3699,0
open_boundary,0,32,4,open,600046,event,201,201,0,0.78515625,1,1,1,0,14,5905,5704,0.15099999999998204,5905,0
open_boundary,0,32,4,open,600047,event,200,200,0,0.78125,1,1,1,0,14,3045,2845,0.1244999999999834,3045,0
open_boundary,0,32,4,open,600048,event,196,196,0,0.765625,1,1,1,0,15,2733,2537,0.12000000000000455,2733,0
open_boundary,0,32,4,open,600049,event,204,204,0,0.796875,1,1,1,0,7,2915,2711,0.12870000000000914,2915,0
open_boundary,0,32,4,open,600050,event,198,198,0,0.7734375,1,1,1,0,11,3024,2826,0.31759999999999877,3024,0
open_boundary,0,32,4,open,600051,event,196,196,0,0.765625,1,1,1,0,7,2432,2236,0.11660000000000537,2432,0
open_boundary,0,32,4,open,600052,event,197,197,0,0.76953125,1,1,1,0,1,3061,2864,0.24610000000001264,3061,0
open_boundary,0,32,4,open,600053,event,197,197,0,0.76953125,1,1,1,0,14,3308,3111,0.1144999999999925,3308,0
open_boundary,0,32,4,open,600054,event,195,195,0,0.76171875,1,1,1,0,17,1801,1606,0.10819999999998231,1801,0
open_boundary,0,32,4,open,600055,event,200,200,0,0.78125,1,1,1,0,16,4934,4734,0.10839999999998895,4934,0
open_boundary,0,32,4,open,600056,event,200,200,0,0.78125,1,1,1,0,8,4716,4516,0.12489999999999668,4716,0
open_boundary,0,32,4,open,600057,event,205,205,0,0.80078125,1,1,1,0,9,2938,2733,0.11809999999999832,2938,0
open_boundary,0,32,4,open,600058,event,201,201,0,0.78515625,1,1,1,0,13,2961,2760,0.11289999999999623,2961,0
open_boundary,0,32,4,open,600059,event,193,193,0,0.75390625,1,1,1,0,19,2937,2744,0.10869999999999891,2937,0
open_boundary,0,32,4,open,600060,event,197,197,0,0.76953125,1,1,1,0,12,3906,3709,0.233099999999979,3906,0
open_boundary,0,32,4,open,600061,event,198,198,0,0.7734375,1,1,1,0,6,2770,2572,0.0981999999999914,2770,0
open_boundary,0,32,4,open,600062,event,203,203,0,0.79296875,1,1,1,0,9,3114,2911,0.09219999999999118,3114,0
open_boundary,0,32,4,open,600063,event,201,201,0,0.78515625,1,1,1,0,7,2603,2402,0.08629999999999427,2603,0
open_boundary,0,32,4,open,600064,event,199,199,0,0.77734375,1,1,1,0,6,3015,2816,0.08719999999999573,3015,0
open_boundary,0,32,4,open,600065,event,200,200,0,0.78125,1,1,1,0,7,4580,4380,0.09900000000001796,4580,0
open_boundary,0,32,4,open,600066,event,208,208,0,0.8125,1,1,1,0,6,3296,3088,0.09820000000001983,3296,0
open_boundary,0,32,4,open,600067,event,204,204,0,0.796875,1,1,1,0,7,3240,3036,0.16620000000000346,3240,0
open_boundary,0,32,4,open,600068,event,199,199,0,0.77734375,1,1,1,0,8,3149,2950,0.09940000000000282,3149,0
open_boundary,0,32,4,open,600069,event,203,203,0,0.79296875,1,1,1,0,12,2981,2778,0.12569999999999482,2981,0
open_boundary,0,32,4,open,600070,event,204,204,0,0.796875,1,1,1,0,6,3146,2942,0.11880000000002156,3146,0
open_boundary,0,32,4,open,600071,event,199,199,0,0.77734375,1,1,1,0,28,2439,2240,0.09209999999998786,2439,0
open_boundary,0,32,4,open,600072,event,196,196,0,0.765625,1,1,1,0,14,3853,3657,0.08450000000001978,3853,0
open_boundary,0,32,4,open,600073,event,200,200,0,0.78125,1,1,1,0,15,4992,4792,0.0905999999999949,4992,0
open_boundary,0,32,4,open,600074,event,199,199,0,0.77734375,1,1,1,0,4,5737,5538,0.08490000000000464,5737,0
open_boundary,0,32,4,open,600075,event,205,205,0,0.80078125,1,1,1,0,8,4806,4601,0.1629000000000076,4806,0
open_boundary,0,32,4,open,600076,event,199,199,0,0.77734375,1,1,1,0,13,3002,2803,0.09919999999999618,3002,0
open_boundary,0,32,4,open,600077,event,202,202,0,0.7890625,1,1,1,0,7,4822,4620,0.0870999999999924,4822,0
open_boundary,0,32,4,open,600078,event,196,196,0,0.765625,1,1,1,0,12,5170,4974,0.08400000000000318,5170,0
open_boundary,0,32,4,open,600079,event,201,201,0,0.78515625,1,1,1,0,10,3099,2898,0.08510000000001128,3099,0
open_boundary,0,32,4,open,600080,event,198,198,0,0.7734375,1,1,1,0,16,9722,9524,0.084699999999998,9722,0
open_boundary,0,32,4,open,600081,event,199,199,0,0.77734375,1,1,1,0,12,3014,2815,0.095799999999997,3014,0
open_boundary,0,32,4,open,600082,event,203,203,0,0.79296875,1,1,1,0,8,3532,3329,0.0963999999999885,3532,0
open_boundary,0,32,4,open,600083,event,197,197,0,0.76953125,1,1,1,0,7,2900,2703,0.158299999999997,2900,0
open_boundary,0,32,4,open,600084,event,199,199,0,0.77734375,1,1,1,0,9,3642,3443,0.09130000000001814,3642,0
open_boundary,0,32,4,open,600085,event,200,200,0,0.78125,1,1,1,0,7,2789,2589,0.08490000000000464,2789,0
open_boundary,0,32,4,open,600086,event,199,199,0,0.77734375,1,1,1,0,5,3505,3306,0.08530000000001792,3505,0
open_boundary,0,32,4,open,600087,event,197,197,0,0.76953125,1,1,1,0,17,3002,2805,0.14289999999999736,3002,0
open_boundary,0,32,4,open,600088,event,199,199,0,0.77734375,1,1,1,0,9,3349,3150,0.08990000000000009,3349,0
open_boundary,0,32,4,open,600089,event,202,202,0,0.7890625,1,1,1,0,8,3746,3544,0.08750000000000568,3746,0
open_boundary,0,32,4,open,600090,event,196,196,0,0.765625,1,1,1,0,28,2995,2799,0.14440000000001874,2995,0
open_boundary,0,32,4,open,600091,event,199,199,0,0.77734375,1,1,1,0,10,3122,2923,0.09100000000000819,3122,0
open_boundary,0,32,4,open,600092,event,200,200,0,0.78125,1,1,1,0,8,3829,3629,0.11709999999999354,3829,0
open_boundary,0,32,4,open,600093,event,203,203,0,0.79296875,1,1,1,0,16,2832,2629,0.09319999999999595,2832,0
open_boundary,0,32,4,open,600094,event,202,202,0,0.7890625,1,1,1,0,8,3299,3097,0.08740000000000236,3299,0
open_boundary,0,32,4,open,600095,event,195,195,0,0.76171875,1,1,1,0,15,1607,1412,0.08530000000001792,1607,0
open_boundary,0,32,4,open,600096,event,202,202,0,0.7890625,1,1,1,0,2,5236,5034,0.08620000000001937,5236,0
open_boundary,0,32,4,open,600097,event,194,194,0,0.7578125,1,1,1,0,17,1883,1689,0.09680000000000177,1883,0
open_boundary,0,32,4,open,600098,event,200,200,0,0.78125,1,1,1,0,14,3958,3758,0.16740000000001487,3958,0
open_boundary,0,32,4,open,600099,event,196,196,0,0.765625,1,1,1,0,8,3391,3195,0.09409999999999741,3391,0
open_boundary,0,32,4,open,600100,event,195,195,0,0.76171875,1,1,1,0,8,2028,1833,0.08609999999998763,2028,0
open_boundary,0,32,4,open,600101,event,200,200,0,0.78125,1,1,1,0,6,3214,3014,0.08660000000000423,3214,0
open_boundary,0,32,4,open,600102,event,195,195,0,0.76171875,1,1,1,0,12,4460,4265,0.09549999999998704,4460,0
open_boundary,0,32,4,open,600103,event,203,203,0,0.79296875,1,1,1,0,14,3997,3794,0.09489999999999554,3997,0
open_boundary,0,32,4,open,600104,event,200,200,0,0.78125,1,1,1,0,17,4172,3972,0.09479999999999222,4172,0
open_boundary,0,32,4,open,600105,event,192,192,0,0.75,1,1,1,0,15,2938,2746,0.08689999999998577,2938,0
open_boundary,0,32,4,open,600106,event,194,194,0,0.7578125,1,1,1,0,6,3188,2994,0.14990000000000236,3188,0
open_boundary,0,32,4,open,600107,event,202,202,0,0.7890625,1,1,1,0,2,4826,4624,0.0946999999999889,4826,0
open_boundary,0,32,4,open,600108,event,200,200,0,0.78125,1,1,1,0,10,4725,4525,0.10200000000000387,4725,0
open_boundary,0,32,4,open,600109,event,206,206,0,0.8046875,1,1,1,0,5,2458,2252,0.09680000000000177,2458,0
open_boundary,0,32,4,open,600110,event,201,201,0,0.78515625,1,1,1,0,15,3339,3138,0.08889999999999532,3339,0
open_boundary,0,32,4,open,600111,event,199,199,0,0.77734375,1,1,1,0,3,4426,4227,0.08420000000000982,4426,0
open_boundary,0,32,4,open,600112,event,203,203,0,0.79296875,1,1,1,0,6,2309,2106,0.08779999999998722,2309,0
open_boundary,0,32,4,open,600113,event,198,198,0,0.7734375,1,1,1,0,8,2967,2769,0.0952000000000055,2967,0
open_boundary,0,32,4,open,600114,event,204,204,0,0.796875,1,1,1,0,5,2805,2601,0.16970000000000596,2805,0
open_boundary,0,32,4,open,600115,event,195,195,0,0.76171875,1,1,1,0,10,4824,4629,0.09470000000001733,4824,0
open_boundary,0,32,4,open,600116,event,204,204,0,0.796875,1,1,1,0,4,3121,2917,0.09050000000002001,3121,0
open_boundary,0,32,4,open,600117,event,199,199,0,0.77734375,1,1,1,0,8,2621,2422,0.08629999999999427,2621,0
open_boundary,0,32,4,open,600118,event,201,201,0,0.78515625,1,1,1,0,13,2944,2743,0.09669999999999845,2944,0
open_boundary,0,32,4,open,600119,event,201,201,0,0.78515625,1,1,1,0,8,2807,2606,0.09919999999999618,2807,0
open_boundary,0,32,4,open,600120,event,197,197,0,0.76953125,1,1,1,0,13,4512,4315,0.09669999999999845,4512,0
open_boundary,0,32,4,open,600121,event,195,195,0,0.76171875,1,1,1,0,12,3942,3747,0.08329999999997995,3942,0
open_boundary,0,32,4,open,600122,event,192,192,0,0.75,1,1,1,0,11,3621,3429,0.14820000000000277,3621,0
open_boundary,0,32,4,open,600123,event,196,196,0,0.765625,1,1,1,0,7,2182,1986,0.11439999999998918,2182,0
open_boundary,0,32,4,open,600124,event,195,195,0,0.76171875,1,1,1,0,11,2800,2605,0.09239999999999782,2800,0
open_boundary,0,32,4,open,600125,event,190,190,0,0.7421875,1,1,1,0,15,4834,4644,0.08250000000001023,4834,0
open_boundary,0,32,4,open,600126,event,197,197,0,0.76953125,1,1,1,0,16,3711,3514,0.08369999999999322,3711,0
open_boundary,0,32,4,open,600127,event,203,203,0,0.79296875,1,1,1,0,3,2577,2374,0.08539999999999281,2577,0
open_boundary,0,32,4,open,600128,event,200,200,0,0.78125,1,1,1,0,11,2919,2719,0.08639999999999759,2919,0
open_boundary,35,32,4,open,600001,event,215,118,97,0.83984375,0.09767441860465116,0.09767441860465116,0,0,0,8094,7879,0.1793999999999869,4047,4047
open_boundary,35,32,4,open,600002,event,200,98,102,0.78125,-0.02,0.02,0,0,0,5832,5632,0.1214999999999975,2916,2916
open_boundary,35,32,4,open,600003,event,204,104,100,0.796875,0.0196078431372549,0.0196078431372549,0,0,0,6121,5917,0.09959999999998104,3061,3060
open_boundary,35,32,4,open,600004,event,207,100,107,0.80859375,-0.033816425120772944,0.033816425120772944,0,0,0,6716,6509,0.10119999999997731,3358,3358
open_boundary,35,32,4,open,600005,event,209,115,94,0.81640625,0.10047846889952153,0.10047846889952153,0,0,0,8386,8177,0.11379999999999768,4193,4193
open_boundary,35,32,4,open,600006,event,206,91,115,0.8046875,-0.11650485436893204,0.11650485436893204,0,0,0,6400,6194,0.10389999999998167,3200,3200
open_boundary,35,32,4,open,600007,event,210,107,103,0.8203125,0.01904761904761905,0.01904761904761905,0,0,0,8807,8597,0.11160000000000991,4404,4403
open_boundary,35,32,4,open,600008,event,210,83,127,0.8203125,-0.20952380952380953,0.20952380952380953,0,0,0,5963,5753,0.10460000000000491,2982,2981
open_boundary,35,32,4,open,600009,event,210,112,98,0.8203125,0.06666666666666667,0.06666666666666667,0,0,0,7435,7225,0.11880000000002156,3718,3717
open_boundary,35,32,4,open,600010,event,208,98,110,0.8125,-0.057692307692307696,0.057692307692307696,0,0,0,6734,6526,0.10780000000002588,3367,3367
open_boundary,35,32,4,open,600011,event,208,96,112,0.8125,-0.07692307692307693,0.07692307692307693,0,0,0,7832,7624,0.1057999999999879,3916,3916
open_boundary,35,32,4,open,600012,event,210,114,96,0.8203125,0.08571428571428572,0.08571428571428572,0,0,0,5174,4964,0.10309999999998354,2587,2587
open_boundary,35,32,4,open,600013,event,204,108,96,0.796875,0.058823529411764705,0.058823529411764705,0,0,0,6402,6198,0.10269999999999868,3201,3201
open_boundary,35,32,4,open,600014,event,203,100,103,0.79296875,-0.014778325123152709,0.014778325123152709,0,0,0,6007,5804,0.09799999999998477,3004,3003
open_boundary,35,32,4,open,600015,event,206,104,102,0.8046875,0.009708737864077669,0.009708737864077669,0,0,0,7795,7589,0.10809999999997899,3898,3897
open_boundary,35,32,4,open,600016,event,207,94,113,0.80859375,-0.09178743961352658,0.09178743961352658,0,0,0,11162,10955,0.16970000000000596,5581,5581
open_boundary,35,32,4,open,600017,event,204,101,103,0.796875,-0.00980392156862745,0.00980392156862745,0,0,0,6229,6025,0.11160000000000991,3115,3114
open_boundary,35,32,4,open,600018,event,205,106,99,0.80078125,0.03414634146341464,0.03414634146341464,0,0,0,6489,6284,0.09759999999999991,3245,3244
open_boundary,35,32,4,open,600019,event,207,86,121,0.80859375,-0.16908212560386474,0.16908212560386474,0,0,0,6646,6439,0.09779999999997813,3323,3323
open_boundary,35,32,4,open,600020,event,207,101,106,0.80859375,-0.024154589371980676,0.024154589371980676,0,0,0,9662,9455,0.09710000000001173,4831,4831
open_boundary,35,32,4,open,600021,event,209,94,115,0.81640625,-0.10047846889952153,0.10047846889952153,0,0,0,7450,7241,0.10099999999999909,3725,3725
open_boundary,35,32,4,open,600022,event,215,102,113,0.83984375,-0.05116279069767442,0.05116279069767442,0,0,0,10667,10452,0.10279999999997358,5334,5333
open_boundary,35,32,4,open,600023,event,209,109,100,0.81640625,0.0430622009569378,0.0430622009569378,0,0,0,9843,9634,0.18389999999999418,4922,4921
open_boundary,35,32,4,open,600024,event,211,110,101,0.82421875,0.04265402843601896,0.04265402843601896,0,0,0,9028,8817,0.10659999999998604,4514,4514
open_boundary,35,32,4,open,600025,event,205,92,113,0.80078125,-0.1024390243902439,0.1024390243902439,0,0,0,6865,6660,0.09959999999998104,3433,3432
open_boundary,35,32,4,open,600026,event,211,87,124,0.82421875,-0.17535545023696683,0.17535545023696683,0,0,0,7200,6989,0.10249999999999204,3600,3600
open_boundary,35,32,4,open,600027,event,207,112,95,0.80859375,0.0821256038647343,0.0821256038647343,0,0,0,5067,4860,0.09919999999999618,2534,2533
open_boundary,35,32,4,open,600028,event,206,92,114,0.8046875,-0.10679611650485436,0.10679611650485436,0,0,0,5786,5580,0.10120000000000573,2893,2893
open_boundary,35,32,4,open,600029,event,209,107,102,0.81640625,0.023923444976076555,0.023923444976076555,0,0,0,6221,6012,0.10089999999999577,3111,3110
open_boundary,35,32,4,open,600030,event,207,108,99,0.80859375,0.043478260869565216,0.043478260869565216,0,0,0,6186,5979,0.1688000000000045,3093,3093
open_boundary,35,32,4,open,600031,event,211,98,113,0.82421875,-0.07109004739336493,0.07109004739336493,0,0,0,7803,7592,0.109800000000007,3902,3901
open_boundary,35,32,4,open,600032,event,205,100,105,0.80078125,-0.024390243902439025,0.024390243902439025,0,0,0,7143,6938,0.10320000000001528,3572,3571
open_boundary,35,32,4,open,600033,event,204,106,98,0.796875,0.0392156862745098,0.0392156862745098,0,0,0,6384,6180,0.10179999999999723,3192,3192
open_boundary,35,32,4,open,600034,event,204,79,125,0.796875,-0.22549019607843138,0.22549019607843138,0,0,0,6122,5918,0.10110000000000241,3061,3061
open_boundary,35,32,4,open,600035,event,206,109,97,0.8046875,0.05825242718446602,0.05825242718446602,0,0,0,9290,9084,0.10320000000001528,4645,4645
open_boundary,35,32,4,open,600036,event,209,109,100,0.81640625,0.0430622009569378,0.0430622009569378,0,0,0,7378,7169,0.1063999999999794,3689,3689
open_boundary,35,32,4,open,600037,event,208,103,105,0.8125,-0.009615384615384616,0.009615384615384616,0,0,0,4130,3922,0.24279999999998836,2065,2065
open_boundary,35,32,4,open,600038,event,205,102,103,0.80078125,-0.004878048780487805,0.004878048780487805,0,0,0,10896,10691,0.125,5448,5448
open_boundary,35,32,4,open,600039,event,207,99,108,0.80859375,-0.043478260869565216,0.043478260869565216,0,0,0,6003,5796,0.11080000000001178,3002,3001
open_boundary,35,32,4,open,600040,event,215,110,105,0.83984375,0.023255813953488372,0.023255813953488372,0,0,0,12372,12157,0.11520000000001573,6186,6186
open_boundary,35,32,4,open,600041,event,212,90,122,0.828125,-0.1509433962264151,0.1509433962264151,0,0,0,6827,6615,0.14709999999999468,3414,3413
open_boundary,35,32,4,open,600042,event,210,116,94,0.8203125,0.10476190476190476,0.10476190476190476,0,0,0,7344,7134,0.1092999999999904,3672,3672
open_boundary,35,32,4,open,600043,event,209,105,104,0.81640625,0.004784688995215311,0.004784688995215311,0,0,0,11846,11637,0.11429999999998586,5923,5923
open_boundary,35,32,4,open,600044,event,201,115,86,0.78515625,0.14427860696517414,0.14427860696517414,0,0,0,9763,9562,0.21129999999999427,4882,4881
open_boundary,35,32,4,open,600045,event,207,99,108,0.80859375,-0.043478260869565216,0.043478260869565216,0,0,0,10494,10287,0.11560000000000059,5247,5247
open_boundary,35,32,4,open,600046,event,202,103,99,0.7890625,0.019801980198019802,0.019801980198019802,0,0,0,11727,11525,0.12609999999997967,5864,5863
open_boundary,35,32,4,open,600047,event,206,109,97,0.8046875,0.05825242718446602,0.05825242718446602,0,0,0,9118,8912,0.10999999999998522,4559,4559
open_boundary,35,32,4,open,600048,event,210,99,111,0.8203125,-0.05714285714285714,0.05714285714285714,0,0,0,10782,10572,0.11009999999998854,5391,5391
open_boundary,35,32,4,open,600049,event,209,122,87,0.81640625,0.1674641148325359,0.1674641148325359,0,0,0,6781,6572,0.12010000000000787,3391,3390
open_boundary,35,32,4,open,600050,event,201,92,109,0.78515625,-0.0845771144278607,0.0845771144278607,0,0,0,7916,7715,0.106899999999996,3958,3958
open_boundary,35,32,4,open,600051,event,205,106,99,0.80078125,0.03414634146341464,0.03414634146341464,0,0,0,5690,5485,0.1991999999999905,2845,2845
open_boundary,35,32,4,open,600052,event,201,105,96,0.78515625,0.04477611940298507,0.04477611940298507,0,0,0,5772,5571,0.10739999999998417,2886,2886
open_boundary,35,32,4,open,600053,event,208,110,98,0.8125,0.057692307692307696,0.057692307692307696,0,0,0,6544,6336,0.10460000000000491,3272,3272
open_boundary,35,32,4,open,600054,event,211,113,98,0.82421875,0.07109004739336493,0.07109004739336493,0,0,0,11084,10873,0.10759999999999081,5542,5542
open_boundary,35,32,4,open,600055,event,208,112,96,0.8125,0.07692307692307693,0.07692307692307693,0,0,0,5785,5577,0.1074999999999875,2893,2892
open_boundary,35,32,4,open,600056,event,217,111,106,0.84765625,0.02304147465437788,0.02304147465437788,0,0,0,8625,8408,0.105700000000013,4313,4312
open_boundary,35,32,4,open,600057,event,207,100,107,0.80859375,-0.033816425120772944,0.033816425120772944,0,0,0,5437,5230,0.10190000000000055,2719,2718
open_boundary,35,32,4,open,600058,event,202,99,103,0.7890625,-0.019801980198019802,0.019801980198019802,0,0,0,7063,6861,0.17490000000000805,3532,3531
open_boundary,35,32,4,open,600059,event,210,111,99,0.8203125,0.05714285714285714,0.05714285714285714,0,0,0,10032,9822,0.11469999999999914,5016,5016
open_boundary,35,32,4,open,600060,event,207,115,92,0.80859375,0.1111111111111111,0.1111111111111111,0,0,0,5401,5194,0.10699999999999932,2701,2700
open_boundary,35,32,4,open,600061,event,206,96,110,0.8046875,-0.06796116504854369,0.06796116504854369,0,0,0,6642,6436,0.10800000000000409,3321,3321
open_boundary,35,32,4,open,600062,event,205,94,111,0.80078125,-0.08292682926829269,0.08292682926829269,0,0,0,6227,6022,0.10309999999998354,3114,3113
open_boundary,35,32,4,open,600063,event,209,103,106,0.81640625,-0.014354066985645933,0.014354066985645933,0,0,0,6719,6510,0.10410000000001673,3360,3359
open_boundary,35,32,4,open,600064,event,209,97,112,0.81640625,-0.07177033492822966,0.07177033492822966,0,0,0,12552,12343,0.10489999999998645,6276,6276
open_boundary,35,32,4,open,600065,event,204,99,105,0.796875,-0.029411764705882353,0.029411764705882353,0,0,0,6730,6526,0.16749999999998977,3365,3365
open_boundary,35,32,4,open,600066,event,212,108,104,0.828125,0.018867924528301886,0.018867924528301886,0,0,0,6110,5898,0.1039000000000101,3055,3055
open_boundary,35,32,4,open,600067,event,205,105,100,0.80078125,0.024390243902439025,0.024390243902439025,0,0,0,5471,5266,0.0981999999999914,2736,2735
open_boundary,35,32,4,open,600068,event,205,104,101,0.80078125,0.014634146341463415,0.014634146341463415,0,0,0,14059,13854,0.09839999999999804,7030,7029
open_boundary,35,32,4,open,600069,event,212,118,94,0.828125,0.11320754716981132,0.11320754716981132,0,0,0,9324,9112,0.10509999999999309,4662,4662
open_boundary,35,32,4,open,600070,event,212,106,106,0.828125,0,0,0,0,0,7008,6796,0.10450000000000159,3504,3504
open_boundary,35,32,4,open,600071,event,205,126,79,0.80078125,0.22926829268292684,0.22926829268292684,0,0,0,9565,9360,0.10089999999999577,4783,4782
open_boundary,35,32,4,open,600072,event,204,100,104,0.796875,-0.0196078431372549,0.0196078431372549,0,0,0,9516,9312,0.0981999999999914,4758,4758
open_boundary,35,32,4,open,600073,event,200,97,103,0.78125,-0.03,0.03,0,0,0,10542,10342,0.16270000000000095,5271,5271
open_boundary,35,32,4,open,600074,event,210,104,106,0.8203125,-0.009523809523809525,0.009523809523809525,0,0,0,6422,6212,0.10110000000000241,3211,3211
open_boundary,35,32,4,open,600075,event,205,98,107,0.80078125,-0.04390243902439024,0.04390243902439024,0,0,0,9109,8904,0.09729999999998995,4555,4554
open_boundary,35,32,4,open,600076,event,210,101,109,0.8203125,-0.0380952380952381,0.0380952380952381,0,0,0,6157,5947,0.10259999999999536,3079,3078
open_boundary,35,32,4,open,600077,event,205,102,103,0.80078125,-0.004878048780487805,0.004878048780487805,0,0,0,9959,9754,0.09810000000001651,4980,4979
open_boundary,35,32,4,open,600078,event,203,89,114,0.79296875,-0.12315270935960591,0.12315270935960591,0,0,0,7076,6873,0.10020000000000095,3538,3538
open_boundary,35,32,4,open,600079,event,197,111,86,0.76953125,0.12690355329949238,0.12690355329949238,0,0,0,4829,4632,0.10329999999999018,2415,2414
open_boundary,35,32,4,open,600080,event,209,94,115,0.81640625,-0.10047846889952153,0.10047846889952153,0,0,0,14296,14087,0.1647000000000105,7148,7148
open_boundary,35,32,4,open,600081,event,206,121,85,0.8046875,0.17475728155339806,0.17475728155339806,0,0,0,4531,4325,0.09960000000000946,2266,2265
open_boundary,35,32,4,open,600082,event,205,96,109,0.80078125,-0.06341463414634146,0.06341463414634146,0,0,0,9041,8836,0.09959999999998104,4521,4520
open_boundary,35,32,4,open,600083,event,204,80,124,0.796875,-0.21568627450980393,0.21568627450980393,0,0,0,8922,8718,0.10089999999999577,4461,4461
open_boundary,35,32,4,open,600084,event,211,114,97,0.82421875,0.08056872037914692,0.08056872037914692,0,0,0,7615,7404,0.10050000000001091,3808,3807
open_boundary,35,32,4,open,600085,event,204,107,97,0.796875,0.049019607843137254,0.049019607843137254,0,0,0,15909,15705,0.09859999999997626,7955,7954
open_boundary,35,32,4,open,600086,event,208,104,104,0.8125,0,0,0,0,0,11128,10920,0.10059999999998581,5564,5564
open_boundary,35,32,4,open,600087,event,212,106,106,0.828125,0,0,0,0,0,7545,7333,0.16220000000001278,3773,3772
open_boundary,35,32,4,open,600088,event,218,92,126,0.8515625,-0.1559633027522936,0.1559633027522936,0,0,0,9482,9264,0.11480000000000246,4741,4741
open_boundary,35,32,4,open,600089,event,209,94,115,0.81640625,-0.10047846889952153,0.10047846889952153,0,0,0,5176,4967,0.09940000000000282,2588,2588
open_boundary,35,32,4,open,600090,event,205,110,95,0.80078125,0.07317073170731707,0.07317073170731707,0,0,0,6339,6134,0.0969000000000051,3170,3169
open_boundary,35,32,4,open,600091,event,211,87,124,0.82421875,-0.17535545023696683,0.17535545023696683,0,0,0,6497,6286,0.09960000000000946,3249,3248
open_boundary,35,32,4,open,600092,event,208,100,108,0.8125,-0.038461538461538464,0.038461538461538464,0,0,0,4881,4673,0.10409999999998831,2441,2440
open_boundary,35,32,4,open,600093,event,205,94,111,0.80078125,-0.08292682926829269,0.08292682926829269,0,0,0,5771,5566,0.09749999999999659,2886,2885
open_boundary,35,32,4,open,600094,event,206,105,101,0.8046875,0.019417475728155338,0.019417475728155338,0,0,0,6075,5869,0.1559000000000026,3038,3037
open_boundary,35,32,4,open,600095,event,209,111,98,0.81640625,0.06220095693779904,0.06220095693779904,0,0,0,4310,4101,0.09999999999999432,2155,2155
open_boundary,35,32,4,open,600096,event,212,122,90,0.828125,0.1509433962264151,0.1509433962264151,0,0,0,9292,9080,0.10839999999998895,4646,4646
open_boundary,35,32,4,open,600097,event,204,90,114,0.796875,-0.11764705882352941,0.11764705882352941,0,0,0,8213,8009,0.10159999999999059,4107,4106
open_boundary,35,32,4,open,600098,event,206,104,102,0.8046875,0.009708737864077669,0.009708737864077669,0,0,0,11805,11599,0.09810000000001651,5903,5902
open_boundary,35,32,4,open,600099,event,212,120,92,0.828125,0.1320754716981132,0.1320754716981132,0,0,0,8818,8606,0.09979999999998768,4409,4409
open_boundary,35,32,4,open,600100,event,209,86,123,0.81640625,-0.17703349282296652,0.17703349282296652,0,0,0,7843,7634,0.10079999999999245,3922,3921
open_boundary,35,32,4,open,600101,event,208,105,103,0.8125,0.009615384615384616,0.009615384615384616,0,0,0,8396,8188,0.15670000000000073,4198,4198
open_boundary,35,32,4,open,600102,event,213,127,86,0.83203125,0.19248826291079812,0.19248826291079812,0,0,0,8747,8534,0.10300000000000864,4374,4373
open_boundary,35,32,4,open,600103,event,209,110,99,0.81640625,0.05263157894736842,0.05263157894736842,0,0,0,6610,6401,0.0987999999999829,3305,3305
open_boundary,35,32,4,open,600104,event,203,101,102,0.79296875,-0.0049261083743842365,0.0049261083743842365,0,0,0,7006,6803,0.09780000000000655,3503,3503
open_boundary,35,32,4,open,600105,event,213,118,95,0.83203125,0.107981220657277,0.107981220657277,0,0,0,4583,4370,0.10160000000001901,2292,2291
open_boundary,35,32,4,open,600106,event,210,89,121,0.8203125,-0.1523809523809524,0.1523809523809524,0,0,0,8056,7846,0.10179999999999723,4028,4028
open_boundary,35,32,4,open,600107,event,209,109,100,0.81640625,0.0430622009569378,0.0430622009569378,0,0,0,12970,12761,0.10089999999999577,6485,6485
open_boundary,35,32,4,open,600108,event,206,123,83,0.8046875,0.1941747572815534,0.1941747572815534,0,0,0,8961,8755,0.2259999999999991,4481,4480
open_boundary,35,32,4,open,600109,event,209,105,104,0.81640625,0.004784688995215311,0.004784688995215311,0,0,0,11153,10944,0.10640000000000782,5577,5576
open_boundary,35,32,4,open,600110,event,209,117,92,0.81640625,0.11961722488038277,0.11961722488038277,0,0,0,7227,7018,0.10719999999997754,3614,3613
open_boundary,35,32,4,open,600111,event,207,109,98,0.80859375,0.05314009661835749,0.05314009661835749,0,0,0,11203,10996,0.10140000000001237,5602,5601
open_boundary,35,32,4,open,600112,event,205,120,85,0.80078125,0.17073170731707318,0.17073170731707318,0,0,0,5595,5390,0.09950000000000614,2798,2797
open_boundary,35,32,4,open,600113,event,211,102,109,0.82421875,-0.03317535545023697,0.03317535545023697,0,0,0,9335,9124,0.10069999999998913,4668,4667
open_boundary,35,32,4,open,600114,event,210,117,93,0.8203125,0.11428571428571428,0.11428571428571428,0,0,0,4092,3882,0.10170000000002233,2046,2046
open_boundary,35,32,4,open,600115,event,208,111,97,0.8125,0.0673076923076923,0.0673076923076923,0,0,0,6849,6641,0.17040000000000077,3425,3424
open_boundary,35,32,4,open,600116,event,204,103,101,0.796875,0.00980392156862745,0.00980392156862745,0,0,0,6143,5939,0.10089999999999577,3072,3071
open_boundary,35,32,4,open,600117,event,203,115,88,0.79296875,0.1330049261083744,0.1330049261083744,0,0,0,9767,9564,0.09800000000001319,4884,4883
open_boundary,35,32,4,open,600118,event,204,105,99,0.796875,0.029411764705882353,0.029411764705882353,0,0,0,4562,4358,0.09909999999999286,2281,2281
open_boundary,35,32,4,open,600119,event,208,96,112,0.8125,-0.07692307692307693,0.07692307692307693,0,0,0,6577,6369,0.09940000000000282,3289,3288
open_boundary,35,32,4,open,600120,event,202,119,83,0.7890625,0.1782178217821782,0.1782178217821782,0,0,0,5778,5576,0.0963000000000136,2889,2889
open_boundary,35,32,4,open,600121,event,200,113,87,0.78125,0.13,0.13,0,0,0,8281,8081,0.09700000000000841,4141,4140
open_boundary,35,32,4,open,600122,event,213,115,98,0.83203125,0.07981220657276995,0.07981220657276995,0,0,0,4594,4381,0.10059999999998581,2297,2297
open_boundary,35,32,4,open,600123,event,210,112,98,0.8203125,0.06666666666666667,0.06666666666666667,0,0,0,7248,7038,0.1706000000000074,3624,3624
open_boundary,35,32,4,open,600124,event,205,99,106,0.80078125,-0.03414634146341464,0.03414634146341464,0,0,0,8572,8367,0.10050000000001091,4286,4286
open_boundary,35,32,4,open,600125,event,202,103,99,0.7890625,0.019801980198019802,0.019801980198019802,0,0,0,4087,3885,0.09729999999998995,2044,2043
open_boundary,35,32,4,open,600126,event,207,120,87,0.80859375,0.15942028985507245,0.15942028985507245,0,0,0,11314,11107,0.10620000000000118,5657,5657
open_boundary,35,32,4,open,600127,event,208,112,96,0.8125,0.07692307692307693,0.07692307692307693,0,0,0,4573,4365,0.09950000000000614,2287,2286
open_boundary,35,32,4,open,600128,event,204,94,110,0.796875,-0.0784313725490196,0.0784313725490196,0,0,0,4998,4794,0.10070000000001755,2499,2499
open_boundary,38,32,4,open,600001,event,199,100,99,0.77734375,0.005025125628140704,0.005025125628140704,1,13,0,2971,2772,0.09129999999998972,836,2135
open_boundary,38,32,4,open,600002,event,204,102,102,0.796875,0,0,1,0,5,3551,3347,0.1529999999999916,2156,1395
open_boundary,38,32,4,open,600003,event,205,103,102,0.80078125,0.004878048780487805,0.004878048780487805,0,0,0,5909,5704,0.09200000000001296,3153,2756
open_boundary,38,32,4,open,600004,event,203,102,101,0.79296875,0.0049261083743842365,0.0049261083743842365,1,1,0,5343,5140,0.08900000000002706,2409,2934
open_boundary,38,32,4,open,600005,event,198,99,99,0.7734375,0,0,1,0,7,4276,4078,0.0870999999999924,3144,1132
open_boundary,38,32,4,open,600006,event,207,104,103,0.80859375,0.004830917874396135,0.004830917874396135,1,12,0,3739,3532,0.09439999999997895,890,2849
open_boundary,38,32,4,open,600007,event,201,101,100,0.78515625,0.004975124378109453,0.004975124378109453,1,4,0,3611,3410,0.08809999999999718,1441,2170
open_boundary,38,32,4,open,600008,event,204,102,102,0.796875,0,0,1,0,4,3139,2935,0.09049999999999159,1272,1867
open_boundary,38,32,4,open,600009,event,204,102,102,0.796875,0,0,0,0,0,5482,5278,0.15680000000000405,3440,2042
open_boundary,38,32,4,open,600010,event,201,101,100,0.78515625,0.004975124378109453,0.004975124378109453,1,7,0,3824,3623,0.0946999999999889,1042,2782
open_boundary,38,32,4,open,600011,event,203,102,101,0.79296875,0.0049261083743842365,0.0049261083743842365,1,15,0,4103,3900,0.08840000000000714,627,3476
open_boundary,38,32,4,open,600012,event,183,92,91,0.71484375,0.00546448087431694,0.00546448087431694,1,33,0,3529,3346,0.08090000000001396,592,2937
open_boundary,38,32,4,open,600013,event,204,102,102,0.796875,0,0,0,0,0,5905,5701,0.0922999999999945,3724,2181
open_boundary,38,32,4,open,600014,event,197,99,98,0.76953125,0.005076142131979695,0.005076142131979695,1,1,0,5546,5349,0.08610000000001605,2532,3014
open_boundary,38,32,4,open,600015,event,194,97,97,0.7578125,0,0,1,0,7,4177,3983,0.08600000000001273,3167,1010
open_boundary,38,32,4,open,600016,event,206,103,103,0.8046875,0,0,0,0,0,7332,7126,0.09259999999997603,3274,4058
open_boundary,38,32,4,open,600017,event,211,106,105,0.82421875,0.004739336492890996,0.004739336492890996,0,0,0,8858,8647,0.1564999999999941,3326,5532
open_boundary,38,32,4,open,600018,event,205,103,102,0.80078125,0.004878048780487805,0.004878048780487805,0,0,0,6485,6280,0.09940000000000282,2831,3654
open_boundary,38,32,4,open,600019,event,200,100,100,0.78125,0,0,0,0,0,4588,4388,0.09300000000001774,2344,2244
open_boundary,38,32,4,open,600020,event,211,106,105,0.82421875,0.004739336492890996,0.004739336492890996,1,2,0,5027,4816,0.09700000000000841,2435,2592
open_boundary,38,32,4,open,600021,event,211,106,105,0.82421875,0.004739336492890996,0.004739336492890996,1,7,0,3893,3682,0.09739999999999327,1576,2317
open_boundary,38,32,4,open,600022,event,202,101,101,0.7890625,0,0,1,0,5,5083,4881,0.10179999999999723,3959,1124
open_boundary,38,32,4,open,600023,event,196,98,98,0.765625,0,0,1,0,6,4460,4264,0.09619999999998186,3274,1186
open_boundary,38,32,4,open,600024,event,202,101,101,0.7890625,0,0,1,0,3,4578,4376,0.10830000000001405,2947,1631
open_boundary,38,32,4,open,600025,event,211,106,105,0.82421875,0.004739336492890996,0.004739336492890996,1,2,0,4595,4384,0.17579999999998108,2527,2068
open_boundary,38,32,4,open,600026,event,197,99,98,0.76953125,0.005076142131979695,0.005076142131979695,1,8,0,2472,2275,0.09709999999998331,1102,1370
open_boundary,38,32,4,open,600027,event,207,104,103,0.80859375,0.004830917874396135,0.004830917874396135,1,2,0,5324,5117,0.09309999999999263,1786,3538
open_boundary,38,32,4,open,600028,event,210,105,105,0.8203125,0,0,1,0,3,4870,4660,0.09489999999999554,3443,1427
open_boundary,38,32,4,open,600029,event,202,101,101,0.7890625,0,0,1,0,1,6269,6067,0.0911999999999864,4173,2096
open_boundary,38,32,4,open,600030,event,198,99,99,0.7734375,0,0,1,0,13,5498,5300,0.09640000000001692,4759,739
open_boundary,38,32,4,open,600031,event,201,101,100,0.78515625,0.004975124378109453,0.004975124378109453,1,9,0,4213,4012,0.09979999999998768,1210,3003
open_boundary,38,32,4,open,600032,event,197,99,98,0.76953125,0.005076142131979695,0.005076142131979695,1,10,0,4971,4774,0.16310000000001423,1071,3900
open_boundary,38,32,4,open,600033,event,200,100,100,0.78125,0,0,1,0,6,3279,3079,0.09600000000000364,1988,1291
open_boundary,38,32,4,open,600034,event,201,101,100,0.78515625,0.004975124378109453,0.004975124378109453,1,1,0,4670,4469,0.09510000000000218,2088,2582
open_boundary,38,32,4,open,600035,event,202,101,101,0.7890625,0,0,1,0,13,3593,3391,0.09080000000000155,2646,947
open_boundary,38,32,4,open,600036,event,208,104,104,0.8125,0,0,1,0,2,4824,4616,0.1782000000000039,2785,2039
open_boundary,38,32,4,open,600037,event,204,102,102,0.796875,0,0,1,0,7,3756,3552,0.125,2682,1074
open_boundary,38,32,4,open,600038,event,201,101,100,0.78515625,0.004975124378109453,0.004975124378109453,1,9,0,6817,6616,0.10120000000000573,1269,5548
open_boundary,38,32,4,open,600039,event,203,102,101,0.79296875,0.0049261083743842365,0.0049261083743842365,1,1,0,7039,6836,0.09919999999999618,2669,4370
open_boundary,38,32,4,open,600040,event,205,103,102,0.80078125,0.004878048780487805,0.004878048780487805,1,2,0,4827,4622,0.1897999999999911,2612,2215
open_boundary,38,32,4,open,600041,event,204,102,102,0.796875,0,0,1,0,5,2389,2185,0.09770000000000323,1226,1163
open_boundary,38,32,4,open,600042,event,204,102,102,0.796875,0,0,1,0,3,6508,6304,0.09569999999999368,4891,1617
open_boundary,38,32,4,open,600043,event,207,104,103,0.80859375,0.004830917874396135,0.004830917874396135,1,1,0,6238,6031,0.09829999999999472,2101,4137
open_boundary,38,32,4,open,600044,event,202,101,101,0.7890625,0,0,1,0,2,6492,6290,0.0928000000000111,5176,1316
open_boundary,38,32,4,open,600045,event,196,98,98,0.765625,0,0,1,0,10,2601,2405,0.09360000000000923,1769,832
open_boundary,38,32,4,open,600046,event,203,102,101,0.79296875,0.0049261083743842365,0.0049261083743842365,1,11,0,6655,6452,0.09489999999999554,1633,5022
open_boundary,38,32,4,open,600047,event,201,101,100,0.78515625,0.004975124378109453,0.004975124378109453,1,3,0,4261,4060,0.09329999999999927,1281,2980
open_boundary,38,32,4,open,600048,event,213,107,106,0.83203125,0.004694835680751174,0.004694835680751174,1,1,0,7066,6853,0.17430000000001655,3157,3909
open_boundary,38,32,4,open,600049,event,189,95,94,0.73828125,0.005291005291005291,0.005291005291005291,1,29,0,3600,3411,0.09479999999999222,782,2818
open_boundary,38,32,4,open,600050,event,204,102,102,0.796875,0,0,1,0,4,4297,4093,0.09379999999998745,3094,1203
open_boundary,38,32,4,open,600051,event,205,103,102,0.80078125,0.004878048780487805,0.004878048780487805,1,1,0,4414,4209,0.09510000000000218,1888,2526
open_boundary,38,32,4,open,600052,event,196,98,98,0.765625,0,0,1,0,6,4630,4434,0.08959999999999013,3399,1231
open_boundary,38,32,4,open,600053,event,206,103,103,0.8046875,0,0,1,0,3,5362,5156,0.09260000000000446,2963,2399
open_boundary,38,32,4,open,600054,event,208,104,104,0.8125,0,0,1,0,2,6588,6380,0.09509999999997376,4698,1890
open_boundary,38,32,4,open,600055,event,204,102,102,0.796875,0,0,1,0,6,4709,4505,0.1518999999999835,3667,1042
open_boundary,38,32,4,open,600056,event,200,100,100,0.78125,0,0,1,0,2,4391,4191,0.09360000000000923,1666,2725
open_boundary,38,32,4,open,600057,event,200,100,100,0.78125,0,0,1,0,9,4024,3824,0.09619999999998186,3052,972
open_boundary,38,32,4,open,600058,event,196,98,98,0.765625,0,0,1,0,20,5737,5541,0.09010000000000673,4941,796
open_boundary,38,32,4,open,600059,event,201,101,100,0.78515625,0.004975124378109453,0.004975124378109453,1,12,0,5014,4813,0.0946999999999889,978,4036
open_boundary,38,32,4,open,600060,event,205,103,102,0.80078125,0.004878048780487805,0.004878048780487805,1,3,0,3621,3416,0.09450000000001069,1338,2283
open_boundary,38,32,4,open,600061,event,204,102,102,0.796875,0,0,1,0,2,4091,3887,0.09450000000001069,2322,1769
open_boundary,38,32,4,open,600062,event,207,104,103,0.80859375,0.004830917874396135,0.004830917874396135,1,5,0,4645,4438,0.09260000000000446,1476,3169
open_boundary,38,32,4,open,600063,event,197,99,98,0.76953125,0.005076142131979695,0.005076142131979695,1,17,0,4559,4362,0.16370000000000573,1024,3535
open_boundary,38,32,4,open,600064,event,206,103,103,0.8046875,0,0,1,0,1,5615,5409,0.09450000000001069,1683,3932
open_boundary,38,32,4,open,600065,event,199,100,99,0.77734375,0.005025125628140704,0.005025125628140704,1,10,0,3444,3245,0.08910000000000196,1036,2408
open_boundary,38,32,4,open,600066,event,195,98,97,0.76171875,0.005128205128205128,0.005128205128205128,1,7,0,2950,2755,0.10660000000001446,1123,1827
open_boundary,38,32,4,open,600067,event,196,98,98,0.765625,0,0,1,0,5,4889,4693,0.09780000000000655,3471,1418
open_boundary,38,32,4,open,600068,event,202,101,101,0.7890625,0,0,1,0,4,6684,6482,0.08990000000000009,3783,2901
open_boundary,38,32,4,open,600069,event,204,102,102,0.796875,0,0,1,0,7,4543,4339,0.09559999999999036,2937,1606
open_boundary,38,32,4,open,600070,event,195,98,97,0.76171875,0.005128205128205128,0.005128205128205128,1,14,0,2360,2165,0.16489999999998872,723,1637
open_boundary,38,32,4,open,600071,event,209,105,104,0.81640625,0.004784688995215311,0.004784688995215311,0,0,0,6499,6290,0.09860000000000468,3516,2983
open_boundary,38,32,4,open,600072,event,203,102,101,0.79296875,0.0049261083743842365,0.0049261083743842365,1,5,0,5058,4855,0.0905999999999949,1673,3385
open_boundary,38,32,4,open,600073,event,202,101,101,0.7890625,0,0,1,0,4,7897,7695,0.08840000000000714,5748,2149
open_boundary,38,32,4,open,600074,event,202,101,101,0.7890625,0,0,1,0,13,3982,3780,0.0911000000000115,3237,745
open_boundary,38,32,4,open,600075,event,205,103,102,0.80078125,0.004878048780487805,0.004878048780487805,1,4,0,3334,3129,0.09319999999999595,1567,1767
open_boundary,38,32,4,open,600076,event,199,100,99,0.77734375,0.005025125628140704,0.005025125628140704,1,2,0,4666,4467,0.08950000000001523,1868,2798
open_boundary,38,32,4,open,600077,event,205,103,102,0.80078125,0.004878048780487805,0.004878048780487805,1,7,0,5389,5184,0.09449999999998226,1676,3713
open_boundary,38,32,4,open,600078,event,202,101,101,0.7890625,0,0,1,0,12,4464,4262,0.18090000000000828,3225,1239
open_boundary,38,32,4,open,600079,event,195,98,97,0.76171875,0.005128205128205128,0.005128205128205128,1,5,0,3265,3070,0.11750000000000682,1808,1457
open_boundary,38,32,4,open,600080,event,200,100,100,0.78125,0,0,1,0,8,7265,7065,0.10139999999998395,5598,1667
open_boundary,38,32,4,open,600081,event,199,100,99,0.77734375,0.005025125628140704,0.005025125628140704,1,8,0,2819,2620,0.09359999999998081,1211,1608
open_boundary,38,32,4,open,600082,event,199,100,99,0.77734375,0.005025125628140704,0.005025125628140704,1,1,0,7022,6823,0.09099999999997976,2939,4083
open_boundary,38,32,4,open,600083,event,201,101,100,0.78515625,0.004975124378109453,0.004975124378109453,1,9,0,5125,4924,0.09069999999999823,1145,3980
open_boundary,38,32,4,open,600084,event,206,103,103,0.8046875,0,0,1,0,5,4700,4494,0.09300000000001774,2881,1819
open_boundary,38,32,4,open,600085,event,204,102,102,0.796875,0,0,1,0,4,6776,6572,0.09109999999998308,4333,2443
open_boundary,38,32,4,open,600086,event,200,100,100,0.78125,0,0,1,0,6,3895,3695,0.17180000000001883,2467,1428
open_boundary,38,32,4,open,600087,event,206,103,103,0.8046875,0,0,1,0,1,6484,6278,0.09770000000000323,4866,1618
open_boundary,38,32,4,open,600088,event,210,105,105,0.8203125,0,0,1,0,1,4974,4764,0.10519999999999641,3188,1786
open_boundary,38,32,4,open,600089,event,192,96,96,0.75,0,0,1,0,19,2517,2325,0.08960000000001855,1913,604
open_boundary,38,32,4,open,600090,event,193,97,96,0.75390625,0.0051813471502590676,0.0051813471502590676,1,14,0,3302,3109,0.08920000000000528,621,2681
open_boundary,38,32,4,open,600091,event,211,106,105,0.82421875,0.004739336492890996,0.004739336492890996,0,0,0,4673,4462,0.09680000000000177,2992,1681
open_boundary,38,32,4,open,600092,event,205,103,102,0.80078125,0.004878048780487805,0.004878048780487805,1,2,0,4083,3878,0.10550000000000637,2471,1612
open_boundary,38,32,4,open,600093,event,197,99,98,0.76953125,0.005076142131979695,0.005076142131979695,1,10,0,3785,3588,0.1688000000000045,1177,2608
open_boundary,38,32,4,open,600094,event,201,101,100,0.78515625,0.004975124378109453,0.004975124378109453,1,7,0,2971,2770,0.09780000000000655,1031,1940
open_boundary,38,32,4,open,600095,event,198,99,99,0.7734375,0,0,1,0,6,3020,2822,0.09130000000001814,1628,1392
open_boundary,38,32,4,open,600096,event,207,104,103,0.80859375,0.004830917874396135,0.004830917874396135,0,0,0,4458,4251,0.09499999999999886,2208,2250
open_boundary,38,32,4,open,600097,event,201,101,100,0.78515625,0.004975124378109453,0.004975124378109453,1,7,0,2451,2250,0.09409999999999741,858,1593
open_boundary,38,32,4,open,600098,event,206,103,103,0.8046875,0,0,0,0,0,8523,8317,0.08910000000000196,4720,3803
open_boundary,38,32,4,open,600099,event,196,98,98,0.765625,0,0,1,0,11,3396,3200,0.09000000000000341,2715,681
open_boundary,38,32,4,open,600100,event,197,99,98,0.76953125,0.005076142131979695,0.005076142131979695,1,11,0,2776,2579,0.08789999999999054,942,1834
open_boundary,38,32,4,open,600101,event,195,98,97,0.76171875,0.005128205128205128,0.005128205128205128,1,14,0,3668,3473,0.14619999999999322,920,2748
open_boundary,38,32,4,open,600102,event,207,104,103,0.80859375,0.004830917874396135,0.004830917874396135,0,0,0,8178,7971,0.09729999999998995,3518,4660
open_boundary,38,32,4,open,600103,event,206,103,103,0.8046875,0,0,1,0,4,4334,4128,0.09370000000001255,1883,2451
open_boundary,38,32,4,open,600104,event,207,104,103,0.80859375,0.004830917874396135,0.004830917874396135,1,2,0,7391,7184,0.08959999999999013,2785,4606
open_boundary,38,32,4,open,600105,event,194,97,97,0.7578125,0,0,1,0,23,3393,3199,0.08619999999999095,2829,564
open_boundary,38,32,4,open,600106,event,208,104,104,0.8125,0,0,0,0,0,8608,8400,0.09380000000001587,5035,3573
open_boundary,38,32,4,open,600107,event,198,99,99,0.7734375,0,0,1,0,16,3162,2964,0.09139999999999304,2297,865
open_boundary,38,32,4,open,600108,event,199,100,99,0.77734375,0.005025125628140704,0.005025125628140704,1,7,0,3590,3391,0.09019999999998163,1460,2130
open_boundary,38,32,4,open,600109,event,204,102,102,0.796875,0,0,1,0,3,5403,5199,0.15460000000001628,4305,1098
open_boundary,38,32,4,open,600110,event,200,100,100,0.78125,0,0,1,0,10,5102,4902,0.09680000000000177,3933,1169
open_boundary,38,32,4,open,600111,event,210,105,105,0.8203125,0,0,1,0,7,5531,5321,0.09340000000000259,3285,2246
open_boundary,38,32,4,open,600112,event,202,101,101,0.7890625,0,0,1,0,8,3464,3262,0.08970000000002187,2294,1170
open_boundary,38,32,4,open,600113,event,203,102,101,0.79296875,0.0049261083743842365,0.0049261083743842365,1,3,0,3603,3400,0.09149999999999636,1232,2371
open_boundary,38,32,4,open,600114,event,199,100,99,0.77734375,0.005025125628140704,0.005025125628140704,1,2,0,4933,4734,0.08859999999998536,1498,3435
open_boundary,38,32,4,open,600115,event,206,103,103,0.8046875,0,0,1,0,2,3992,3786,0.09499999999999886,1719,2273
open_boundary,38,32,4,open,600116,event,211,106,105,0.82421875,0.004739336492890996,0.004739336492890996,1,2,0,3623,3412,0.15949999999998,1830,1793
open_boundary,38,32,4,open,600117,event,201,101,100,0.78515625,0.004975124378109453,0.004975124378109453,1,14,0,4090,3889,0.09430000000000405,745,3345
open_boundary,38,32,4,open,600118,event,209,105,104,0.81640625,0.004784688995215311,0.004784688995215311,0,0,0,3774,3565,0.09190000000000964,1765,2009
open_boundary,38,32,4,open,600119,event,207,104,103,0.80859375,0.004830917874396135,0.004830917874396135,1,5,0,4015,3808,0.10400000000001342,1346,2669
open_boundary,38,32,4,open,600120,event,201,101,100,0.78515625,0.004975124378109453,0.004975124378109453,1,6,0,3569,3368,0.09340000000000259,1503,2066
open_boundary,38,32,4,open,600121,event,205,103,102,0.80078125,0.004878048780487805,0.004878048780487805,1,2,0,5305,5100,0.09729999999998995,1967,3338
open_boundary,38,32,4,open,600122,event,203,102,101,0.79296875,0.0049261083743842365,0.0049261083743842365,1,1,0,5075,4872,0.09370000000001255,1957,3118
open_boundary,38,32,4,open,600123,event,201,101,100,0.78515625,0.004975124378109453,0.004975124378109453,0,0,0,4363,4162,0.0876999999999839,2409,1954
open_boundary,38,32,4,open,600124,event,201,101,100,0.78515625,0.004975124378109453,0.004975124378109453,1,2,0,5135,4934,0.1484999999999843,1532,3603
open_boundary,38,32,4,open,600125,event,202,101,101,0.7890625,0,0,1,0,1,3341,3139,0.09689999999997667,1878,1463
open_boundary,38,32,4,open,600126,event,195,98,97,0.76171875,0.005128205128205128,0.005128205128205128,1,7,0,3509,3314,0.09029999999998495,1494,2015
open_boundary,38,32,4,open,600127,event,204,102,102,0.796875,0,0,1,0,1,3300,3096,0.09720000000001505,1660,1640
open_boundary,38,32,4,open,600128,event,204,102,102,0.796875,0,0,1,0,2,3414,3210,0.09279999999998267,1981,1433
open_boundary,41,32,4,open,600001,event,215,147,68,0.83984375,0.3674418604651163,0.3674418604651163,0,0,0,9137,8922,0.10370000000000346,4608,4529
open_boundary,41,32,4,open,600002,event,205,149,56,0.80078125,0.45365853658536587,0.45365853658536587,0,0,0,6334,6129,0.09780000000000655,3214,3120
open_boundary,41,32,4,open,600003,event,210,139,71,0.8203125,0.3238095238095238,0.3238095238095238,0,0,0,5051,4841,0.16100000000000136,2560,2491
open_boundary,41,32,4,open,600004,event,215,123,92,0.83984375,0.14418604651162792,0.14418604651162792,0,0,0,9686,9471,0.10600000000002296,4859,4827
open_boundary,41,32,4,open,600005,event,204,130,74,0.796875,0.27450980392156865,0.27450980392156865,0,0,0,11304,11100,0.10110000000000241,5680,5624
open_boundary,41,32,4,open,600006,event,212,76,136,0.828125,-0.2830188679245283,0.2830188679245283,0,0,0,5503,5291,0.10380000000000678,2722,2781
open_boundary,41,32,4,open,600007,event,207,111,96,0.80859375,0.07246376811594203,0.07246376811594203,0,0,0,8936,8729,0.10380000000000678,4476,4460
open_boundary,41,32,4,open,600008,event,203,168,35,0.79296875,0.6551724137931034,0.6551724137931034,0,0,0,6757,6554,0.09559999999999036,3445,3312
open_boundary,41,32,4,open,600009,event,204,160,44,0.796875,0.5686274509803921,0.5686274509803921,0,0,0,6000,5796,0.09739999999999327,3058,2942
open_boundary,41,32,4,open,600010,event,205,102,103,0.80078125,-0.004878048780487805,0.004878048780487805,0,0,0,6360,6155,0.102800000000002,3180,3180
open_boundary,41,32,4,open,600011,event,204,115,89,0.796875,0.12745098039215685,0.12745098039215685,0,0,0,6385,6181,0.17650000000000432,3206,3179
open_boundary,41,32,4,open,600012,event,205,131,74,0.80078125,0.2780487804878049,0.2780487804878049,0,0,0,5166,4961,0.10210000000000719,2612,2554
open_boundary,41,32,4,open,600013,event,208,92,116,0.8125,-0.11538461538461539,0.11538461538461539,0,0,0,7326,7118,0.09970000000001278,3651,3675
open_boundary,41,32,4,open,600014,event,203,145,58,0.79296875,0.42857142857142855,0.42857142857142855,0,0,0,5511,5308,0.1033999999999935,2799,2712
open_boundary,41,32,4,open,600015,event,211,129,82,0.82421875,0.22274881516587677,0.22274881516587677,0,0,0,7723,7512,0.10120000000000573,3885,3838
open_boundary,41,32,4,open,600016,event,210,111,99,0.8203125,0.05714285714285714,0.05714285714285714,0,0,0,8443,8233,0.11599999999998545,4228,4215
open_boundary,41,32,4,open,600017,event,208,139,69,0.8125,0.33653846153846156,0.33653846153846156,0,0,0,8237,8029,0.10670000000001778,4154,4083
open_boundary,41,32,4,open,600018,event,204,153,51,0.796875,0.5,0.5,0,0,0,8539,8335,0.1647000000000105,4321,4218
open_boundary,41,32,4,open,600019,event,205,137,68,0.80078125,0.33658536585365856,0.33658536585365856,0,0,0,4771,4566,0.1033999999999935,2420,2351
open_boundary,41,32,4,open,600020,event,208,149,59,0.8125,0.4326923076923077,0.4326923076923077,0,0,0,6694,6486,0.10210000000000719,3392,3302
open_boundary,41,32,4,open,600021,event,207,147,60,0.80859375,0.42028985507246375,0.42028985507246375,0,0,0,7641,7434,0.10400000000001342,3864,3777
open_boundary,41,32,4,open,600022,event,203,148,55,0.79296875,0.458128078817734,0.458128078817734,0,0,0,5391,5188,0.11489999999997735,2742,2649
open_boundary,41,32,4,open,600023,event,212,116,96,0.828125,0.09433962264150944,0.09433962264150944,0,0,0,6264,6052,0.1074999999999875,3142,3122
open_boundary,41,32,4,open,600024,event,206,141,65,0.8046875,0.36893203883495146,0.36893203883495146,0,0,0,9758,9552,0.10370000000000346,4917,4841
open_boundary,41,32,4,open,600025,event,202,144,58,0.7890625,0.42574257425742573,0.42574257425742573,0,0,0,8551,8349,0.17099999999999227,4319,4232
open_boundary,41,32,4,open,600026,event,208,117,91,0.8125,0.125,0.125,0,0,0,9547,9339,0.10960000000000036,4787,4760
open_boundary,41,32,4,open,600027,event,207,135,72,0.80859375,0.30434782608695654,0.30434782608695654,0,0,0,5488,5281,0.1063000000000045,2776,2712
open_boundary,41,32,4,open,600028,event,208,83,125,0.8125,-0.20192307692307693,0.20192307692307693,0,0,0,7227,7019,0.10419999999999163,3593,3634
open_boundary,41,32,4,open,600029,event,205,134,71,0.80078125,0.3073170731707317,0.3073170731707317,0,0,0,6855,6650,0.10069999999998913,3459,3396
open_boundary,41,32,4,open,600030,event,204,93,111,0.796875,-0.08823529411764706,0.08823529411764706,0,0,0,8467,8263,0.1068000000000211,4225,4242
open_boundary,41,32,4,open,600031,event,206,125,81,0.8046875,0.21359223300970873,0.21359223300970873,0,0,0,6818,6612,0.10030000000000427,3431,3387
open_boundary,41,32,4,open,600032,event,212,90,122,0.828125,-0.1509433962264151,0.1509433962264151,0,0,0,5339,5127,0.15899999999999181,2654,2685
open_boundary,41,32,4,open,600033,event,209,94,115,0.81640625,-0.10047846889952153,0.10047846889952153,0,0,0,9516,9307,0.1016999999999939,4748,4768
open_boundary,41,32,4,open,600034,event,209,124,85,0.81640625,0.18660287081339713,0.18660287081339713,0,0,0,7141,6932,0.26770000000001914,3590,3551
open_boundary,41,32,4,open,600035,event,212,124,88,0.828125,0.16981132075471697,0.16981132075471697,0,0,0,10897,10685,0.10869999999999891,5467,5430
open_boundary,41,32,4,open,600036,event,205,135,70,0.80078125,0.3170731707317073,0.3170731707317073,0,0,0,6857,6652,0.10420000000002005,3461,3396
open_boundary,41,32,4,open,600037,event,206,122,84,0.8046875,0.18446601941747573,0.18446601941747573,0,0,0,4033,3827,0.10360000000000014,2036,1997
open_boundary,41,32,4,open,600038,event,211,135,76,0.82421875,0.2796208530805687,0.2796208530805687,0,0,0,7446,7235,0.10299999999998022,3753,3693
open_boundary,41,32,4,open,600039,event,209,150,59,0.81640625,0.4354066985645933,0.4354066985645933,0,0,0,4867,4658,0.18129999999999313,2479,2388
open_boundary,41,32,4,open,600040,event,205,120,85,0.80078125,0.17073170731707318,0.17073170731707318,0,0,0,9496,9291,0.10480000000001155,4766,4730
open_boundary,41,32,4,open,600041,event,201,125,76,0.78515625,0.24378109452736318,0.24378109452736318,0,0,0,4681,4480,0.09969999999998436,2365,2316
open_boundary,41,32,4,open,600042,event,204,124,80,0.796875,0.21568627450980393,0.21568627450980393,0,0,0,11273,11069,0.10720000000000596,5659,5614
open_boundary,41,32,4,open,600043,event,210,118,92,0.8203125,0.12380952380952381,0.12380952380952381,0,0,0,9967,9757,0.099899999999991,4997,4970
open_boundary,41,32,4,open,600044,event,208,120,88,0.8125,0.15384615384615385,0.15384615384615385,0,0,0,5417,5209,0.10050000000001091,2725,2692
open_boundary,41,32,4,open,600045,event,207,96,111,0.80859375,-0.07246376811594203,0.07246376811594203,0,0,0,10596,10389,0.09919999999999618,5291,5305
open_boundary,41,32,4,open,600046,event,206,149,57,0.8046875,0.44660194174757284,0.44660194174757284,0,0,0,11024,10818,0.16140000000001464,5558,5466
open_boundary,41,32,4,open,600047,event,203,151,52,0.79296875,0.4876847290640394,0.4876847290640394,0,0,0,5050,4847,0.10590000000001965,2575,2475
open_boundary,41,32,4,open,600048,event,209,144,65,0.81640625,0.37799043062200954,0.37799043062200954,0,0,0,10116,9907,0.10099999999999909,5098,5018
open_boundary,41,32,4,open,600049,event,213,151,62,0.83203125,0.41784037558685444,0.41784037558685444,0,0,0,8811,8598,0.10659999999998604,4450,4361
open_boundary,41,32,4,open,600050,event,199,150,49,0.77734375,0.507537688442211,0.507537688442211,0,0,0,6707,6508,0.098700000000008,3404,3303
open_boundary,41,32,4,open,600051,event,203,123,80,0.79296875,0.21182266009852216,0.21182266009852216,0,0,0,5175,4972,0.10159999999999059,2609,2566
open_boundary,41,32,4,open,600052,event,202,106,96,0.7890625,0.04950495049504951,0.04950495049504951,0,0,0,5144,4942,0.10159999999999059,2577,2567
open_boundary,41,32,4,open,600053,event,212,124,88,0.828125,0.16981132075471697,0.16981132075471697,0,0,0,12578,12366,0.16689999999999827,6307,6271
open_boundary,41,32,4,open,600054,event,207,104,103,0.80859375,0.004830917874396135,0.004830917874396135,0,0,0,10744,10537,0.10890000000000555,5373,5371
open_boundary,41,32,4,open,600055,event,204,152,52,0.796875,0.49019607843137253,0.49019607843137253,0,0,0,7176,6972,0.09489999999999554,3638,3538
open_boundary,41,32,4,open,600056,event,210,60,150,0.8203125,-0.42857142857142855,0.42857142857142855,0,0,0,5277,5067,0.09909999999999286,2594,2683
open_boundary,41,32,4,open,600057,event,207,134,73,0.80859375,0.2946859903381642,0.2946859903381642,0,0,0,5359,5152,0.09749999999999659,2710,2649
open_boundary,41,32,4,open,600058,event,208,94,114,0.8125,-0.09615384615384616,0.09615384615384616,0,0,0,5282,5074,0.09720000000001505,2631,2651
open_boundary,41,32,4,open,600059,event,205,148,57,0.80078125,0.44390243902439025,0.44390243902439025,0,0,0,8041,7836,0.10489999999998645,4066,3975
open_boundary,41,32,4,open,600060,event,213,144,69,0.83203125,0.352112676056338,0.352112676056338,0,0,0,4322,4109,0.10050000000001091,2199,2123
open_boundary,41,32,4,open,600061,event,204,117,87,0.796875,0.14705882352941177,0.14705882352941177,0,0,0,4809,4605,0.15739999999999554,2420,2389
open_boundary,41,32,4,open,600062,event,209,125,84,0.81640625,0.19617224880382775,0.19617224880382775,0,0,0,6151,5942,0.10110000000000241,3096,3055
open_boundary,41,32,4,open,600063,event,203,138,65,0.79296875,0.35960591133004927,0.35960591133004927,0,0,0,6411,6208,0.10110000000000241,3242,3169
open_boundary,41,32,4,open,600064,event,206,138,68,0.8046875,0.33980582524271846,0.33980582524271846,0,0,0,14460,14254,0.10519999999999641,7265,7195
open_boundary,41,32,4,open,600065,event,216,118,98,0.84375,0.09259259259259259,0.09259259259259259,0,0,0,9442,9226,0.10590000000001965,4731,4711
open_boundary,41,32,4,open,600066,event,199,130,69,0.77734375,0.3065326633165829,0.3065326633165829,0,0,0,9389,9190,0.09919999999999618,4725,4664
open_boundary,41,32,4,open,600067,event,206,122,84,0.8046875,0.18446601941747573,0.18446601941747573,0,0,0,4413,4207,0.10269999999999868,2226,2187
open_boundary,41,32,4,open,600068,event,205,125,80,0.80078125,0.21951219512195122,0.21951219512195122,0,0,0,11847,11642,0.16540000000000532,5946,5901
open_boundary,41,32,4,open,600069,event,215,134,81,0.83984375,0.24651162790697675,0.24651162790697675,0,0,0,6636,6421,0.10380000000000678,3345,3291
open_boundary,41,32,4,open,600070,event,202,164,38,0.7890625,0.6237623762376238,0.6237623762376238,0,0,0,5351,5149,0.09409999999999741,2739,2612
open_boundary,41,32,4,open,600071,event,209,79,130,0.81640625,-0.24401913875598086,0.24401913875598086,0,0,0,9711,9502,0.099899999999991,4830,4881
open_boundary,41,32,4,open,600072,event,208,114,94,0.8125,0.09615384615384616,0.09615384615384616,0,0,0,7044,6836,0.09310000000002105,3532,3512
open_boundary,41,32,4,open,600073,event,210,124,86,0.8203125,0.18095238095238095,0.18095238095238095,0,0,0,7303,7093,0.10000000000002274,3671,3632
open_boundary,41,32,4,open,600074,event,214,135,79,0.8359375,0.2616822429906542,0.2616822429906542,0,0,0,7129,6915,0.09999999999999432,3593,3536
open_boundary,41,32,4,open,600075,event,206,146,60,0.8046875,0.4174757281553398,0.4174757281553398,0,0,0,8527,8321,0.15310000000002333,4307,4220
open_boundary,41,32,4,open,600076,event,206,139,67,0.8046875,0.34951456310679613,0.34951456310679613,0,0,0,4780,4574,0.09909999999999286,2426,2354
open_boundary,41,32,4,open,600077,event,203,132,71,0.79296875,0.30049261083743845,0.30049261083743845,0,0,0,11111,10908,0.0946999999999889,5586,5525
open_boundary,41,32,4,open,600078,event,207,149,58,0.80859375,0.4396135265700483,0.4396135265700483,0,0,0,7183,6976,0.09829999999999472,3637,3546
open_boundary,41,32,4,open,600079,event,199,141,58,0.77734375,0.41708542713567837,0.41708542713567837,0,0,0,7244,7045,0.09260000000000446,3664,3580
open_boundary,41,32,4,open,600080,event,213,150,63,0.83203125,0.4084507042253521,0.4084507042253521,0,0,0,11392,11179,0.095799999999997,5740,5652
open_boundary,41,32,4,open,600081,event,207,160,47,0.80859375,0.5458937198067633,0.5458937198067633,0,0,0,4687,4480,0.09680000000000177,2400,2287
open_boundary,41,32,4,open,600082,event,202,143,59,0.7890625,0.4158415841584158,0.4158415841584158,0,0,0,5792,5590,0.14869999999999095,2938,2854
open_boundary,41,32,4,open,600083,event,213,142,71,0.83203125,0.3333333333333333,0.3333333333333333,0,0,0,9610,9397,0.10190000000000055,4841,4769
open_boundary,41,32,4,open,600084,event,205,132,73,0.80078125,0.28780487804878047,0.28780487804878047,0,0,0,7671,7466,0.09669999999999845,3865,3806
open_boundary,41,32,4,open,600085,event,204,131,73,0.796875,0.28431372549019607,0.28431372549019607,0,0,0,16704,16500,0.09550000000001546,8381,8323
open_boundary,41,32,4,open,600086,event,208,117,91,0.8125,0.125,0.125,0,0,0,10799,10591,0.09449999999998226,5413,5386
open_boundary,41,32,4,open,600087,event,205,131,74,0.80078125,0.2780487804878049,0.2780487804878049,0,0,0,9946,9741,0.09300000000001774,5002,4944
open_boundary,41,32,4,open,600088,event,212,98,114,0.828125,-0.07547169811320754,0.07547169811320754,0,0,0,6297,6085,0.09680000000000177,3141,3156
open_boundary,41,32,4,open,600089,event,206,122,84,0.8046875,0.18446601941747573,0.18446601941747573,0,0,0,6557,6351,0.1525000000000034,3298,3259
open_boundary,41,32,4,open,600090,event,208,106,102,0.8125,0.019230769230769232,0.019230769230769232,0,0,0,8427,8219,0.10480000000001155,4216,4211
open_boundary,41,32,4,open,600091,event,208,114,94,0.8125,0.09615384615384616,0.09615384615384616,0,0,0,5858,5650,0.09940000000000282,2939,2919
open_boundary,41,32,4,open,600092,event,205,153,52,0.80078125,0.4926829268292683,0.4926829268292683,0,0,0,7278,7073,0.09600000000000364,3690,3588
open_boundary,41,32,4,open,600093,event,206,141,65,0.8046875,0.36893203883495146,0.36893203883495146,0,0,0,4437,4231,0.098700000000008,2257,2180
open_boundary,41,32,4,open,600094,event,207,129,78,0.80859375,0.2463768115942029,0.2463768115942029,0,0,0,8754,8547,0.09410000000002583,4403,4351
open_boundary,41,32,4,open,600095,event,210,158,52,0.8203125,0.5047619047619047,0.5047619047619047,0,0,0,6362,6152,0.09669999999999845,3234,3128
open_boundary,41,32,4,open,600096,event,210,164,46,0.8203125,0.5619047619047619,0.5619047619047619,0,0,0,9488,9278,0.1507000000000005,4803,4685
open_boundary,41,32,4,open,600097,event,210,145,65,0.8203125,0.38095238095238093,0.38095238095238093,0,0,0,7103,6893,0.1004000000000076,3592,3511
open_boundary,41,32,4,open,600098,event,211,118,93,0.82421875,0.11848341232227488,0.11848341232227488,0,0,0,12684,12473,0.09940000000000282,6355,6329
open_boundary,41,32,4,open,600099,event,208,130,78,0.8125,0.25,0.25,0,0,0,9433,9225,0.0963999999999885,4743,4690
open_boundary,41,32,4,open,600100,event,205,142,63,0.80078125,0.3853658536585366,0.3853658536585366,0,0,0,7741,7536,0.09629999999998518,3910,3831
open_boundary,41,32,4,open,600101,event,205,145,60,0.80078125,0.4146341463414634,0.4146341463414634,0,0,0,8302,8097,0.09150000000002478,4194,4108
open_boundary,41,32,4,open,600102,event,211,132,79,0.82421875,0.25118483412322273,0.25118483412322273,0,0,0,9095,8884,0.09700000000000841,4574,4521
open_boundary,41,32,4,open,600103,event,205,126,79,0.80078125,0.22926829268292684,0.22926829268292684,0,0,0,7385,7180,0.15749999999999886,3716,3669
open_boundary,41,32,4,open,600104,event,210,156,54,0.8203125,0.4857142857142857,0.4857142857142857,0,0,0,6580,6370,0.105700000000013,3341,3239
open_boundary,41,32,4,open,600105,event,204,134,70,0.796875,0.3137254901960784,0.3137254901960784,0,0,0,4588,4384,0.0963000000000136,2326,2262
open_boundary,41,32,4,open,600106,event,208,141,67,0.8125,0.3557692307692308,0.3557692307692308,0,0,0,9267,9059,0.1033999999999935,4671,4596
open_boundary,41,32,4,open,600107,event,203,143,60,0.79296875,0.4088669950738916,0.4088669950738916,0,0,0,8245,8042,0.09780000000000655,4164,4081
open_boundary,41,32,4,open,600108,event,204,101,103,0.796875,-0.00980392156862745,0.00980392156862745,0,0,0,8749,8545,0.09329999999999927,4374,4375
open_boundary,41,32,4,open,600109,event,213,98,115,0.83203125,-0.07981220657276995,0.07981220657276995,0,0,0,6675,6462,0.10300000000000864,3329,3346
open_boundary,41,32,4,open,600110,event,213,143,70,0.83203125,0.3427230046948357,0.3427230046948357,0,0,0,9077,8864,0.09620000000001028,4575,4502
open_boundary,41,32,4,open,600111,event,202,124,78,0.7890625,0.22772277227722773,0.22772277227722773,0,0,0,10104,9902,0.1507999999999754,5075,5029
open_boundary,41,32,4,open,600112,event,211,138,73,0.82421875,0.3080568720379147,0.3080568720379147,0,0,0,6757,6546,0.09970000000001278,3411,3346
open_boundary,41,32,4,open,600113,event,209,139,70,0.81640625,0.33014354066985646,0.33014354066985646,0,0,0,8608,8399,0.09719999999998663,4339,4269
open_boundary,41,32,4,open,600114,event,210,133,77,0.8203125,0.26666666666666666,0.26666666666666666,0,0,0,4264,4054,0.09839999999999804,2160,2104
open_boundary,41,32,4,open,600115,event,203,119,84,0.79296875,0.1724137931034483,0.1724137931034483,0,0,0,6447,6244,0.09129999999998972,3241,3206
open_boundary,41,32,4,open,600116,event,212,117,95,0.828125,0.10377358490566038,0.10377358490566038,0,0,0,4746,4534,0.09640000000001692,2384,2362
open_boundary,41,32,4,open,600117,event,200,125,75,0.78125,0.25,0.25,0,0,0,5609,5409,0.09139999999999304,2830,2779
open_boundary,41,32,4,open,600118,event,207,138,69,0.80859375,0.3333333333333333,0.3333333333333333,0,0,0,5042,4835,0.15399999999999636,2556,2486
open_boundary,41,32,4,open,600119,event,209,134,75,0.81640625,0.2822966507177033,0.2822966507177033,0,0,0,5365,5156,0.10120000000000573,2712,2653
open_boundary,41,32,4,open,600120,event,207,136,71,0.80859375,0.3140096618357488,0.3140096618357488,0,0,0,4843,4636,0.0998000000000161,2454,2389
open_boundary,41,32,4,open,600121,event,205,80,125,0.80078125,-0.21951219512195122,0.21951219512195122,0,0,0,7378,7173,0.10099999999999909,3667,3711
open_boundary,41,32,4,open,600122,event,206,138,68,0.8046875,0.33980582524271846,0.33980582524271846,0,0,0,5572,5366,0.09459999999998558,2821,2751
open_boundary,41,32,4,open,600123,event,212,152,60,0.828125,0.4339622641509434,0.4339622641509434,0,0,0,6893,6681,0.09669999999999845,3493,3400
open_boundary,41,32,4,open,600124,event,206,66,140,0.8046875,-0.3592233009708738,0.3592233009708738,0,0,0,7841,7635,0.09769999999997481,3884,3957
open_boundary,41,32,4,open,600125,event,204,109,95,0.796875,0.06862745098039216,0.06862745098039216,0,0,0,5895,5691,0.1636000000000024,2955,2940
open_boundary,41,32,4,open,600126,event,202,76,126,0.7890625,-0.24752475247524752,0.24752475247524752,0,0,0,7386,7184,0.10439999999999827,3668,3718
open_boundary,41,32,4,open,600127,event,206,112,94,0.8046875,0.08737864077669903,0.08737864077669903,0,0,0,4714,4508,0.10140000000001237,2366,2348
open_boundary,41,32,4,open,600128,event,203,158,45,0.79296875,0.5566502463054187,0.5566502463054187,0,0,0,5758,5555,0.09829999999999472,2936,2822
open_boundary,random-0.5,32,4,open,600001,event,203,115,88,0.79296875,0.1330049261083744,0.1330049261083744,0,0,0,6899,6696,0.06389999999998963,,
open_boundary,random-0.5,32,4,open,600002,event,209,109,100,0.81640625,0.0430622009569378,0.0430622009569378,0,0,0,4872,4663,0.05729999999999791,,
open_boundary,random-0.5,32,4,open,600003,event,206,112,94,0.8046875,0.08737864077669903,0.08737864077669903,0,0,0,6928,6722,0.05740000000000123,,
open_boundary,random-0.5,32,4,open,600004,event,206,90,116,0.8046875,-0.1262135922330097,0.1262135922330097,0,0,0,7931,7725,0.05770000000001119,,
open_boundary,random-0.5,32,4,open,600005,event,206,125,81,0.8046875,0.21359223300970873,0.21359223300970873,0,0,0,7572,7366,0.05649999999999977,,
open_boundary,random-0.5,32,4,open,600006,event,206,94,112,0.8046875,-0.08737864077669903,0.08737864077669903,0,0,0,6922,6716,0.057799999999986085,,
open_boundary,random-0.5,32,4,open,600007,event,206,104,102,0.8046875,0.009708737864077669,0.009708737864077669,0,0,0,5772,5566,0.05649999999999977,,
open_boundary,random-0.5,32,4,open,600008,event,208,113,95,0.8125,0.08653846153846154,0.08653846153846154,0,0,0,5489,5281,0.05649999999999977,,
open_boundary,random-0.5,32,4,open,600009,event,207,116,91,0.80859375,0.12077294685990338,0.12077294685990338,0,0,0,7886,7679,0.07320000000001414,,
open_boundary,random-0.5,32,4,open,600010,event,208,99,109,0.8125,-0.04807692307692308,0.04807692307692308,0,0,0,5502,5294,0.06029999999998381,,
open_boundary,random-0.5,32,4,open,600011,event,205,114,91,0.80078125,0.11219512195121951,0.11219512195121951,0,0,0,6094,5889,0.058099999999996044,,
open_boundary,random-0.5,32,4,open,600012,event,204,114,90,0.796875,0.11764705882352941,0.11764705882352941,0,0,0,7220,7016,0.05649999999999977,,
open_boundary,random-0.5,32,4,open,600013,event,209,92,117,0.81640625,-0.11961722488038277,0.11961722488038277,0,0,0,6797,6588,0.05649999999999977,,
open_boundary,random-0.5,32,4,open,600014,event,209,112,97,0.81640625,0.07177033492822966,0.07177033492822966,0,0,0,6434,6225,0.08740000000000236,,
open_boundary,random-0.5,32,4,open,600015,event,216,103,113,0.84375,-0.046296296296296294,0.046296296296296294,0,0,0,15063,14847,0.055900000000008276,,
open_boundary,random-0.5,32,4,open,600016,event,202,95,107,0.7890625,-0.0594059405940594,0.0594059405940594,0,0,0,6822,6620,0.05369999999999209,,
open_boundary,random-0.5,32,4,open,600017,event,208,80,128,0.8125,-0.23076923076923078,0.23076923076923078,0,0,0,8126,7918,0.054299999999983584,,
open_boundary,random-0.5,32,4,open,600018,event,204,135,69,0.796875,0.3235294117647059,0.3235294117647059,0,0,0,8893,8689,0.0549000000000035,,
open_boundary,random-0.5,32,4,open,600019,event,209,92,117,0.81640625,-0.11961722488038277,0.11961722488038277,0,0,0,8120,7911,0.05689999999998463,,
open_boundary,random-0.5,32,4,open,600020,event,210,97,113,0.8203125,-0.0761904761904762,0.0761904761904762,0,0,0,5921,5711,0.05660000000000309,,
open_boundary,random-0.5,32,4,open,600021,event,210,92,118,0.8203125,-0.12380952380952381,0.12380952380952381,0,0,0,6227,6017,0.06610000000000582,,
open_boundary,random-0.5,32,4,open,600022,event,200,90,110,0.78125,-0.1,0.1,0,0,0,7451,7251,0.08289999999999509,,
open_boundary,random-0.5,32,4,open,600023,event,207,105,102,0.80859375,0.014492753623188406,0.014492753623188406,0,0,0,7816,7609,0.05570000000000164,,
open_boundary,random-0.5,32,4,open,600024,event,207,96,111,0.80859375,-0.07246376811594203,0.07246376811594203,0,0,0,10240,10033,0.05539999999999168,,
open_boundary,random-0.5,32,4,open,600025,event,206,82,124,0.8046875,-0.20388349514563106,0.20388349514563106,0,0,0,5902,5696,0.05870000000001596,,
open_boundary,random-0.5,32,4,open,600026,event,208,114,94,0.8125,0.09615384615384616,0.09615384615384616,0,0,0,8922,8714,0.05550000000002342,,
open_boundary,random-0.5,32,4,open,600027,event,201,98,103,0.78515625,-0.024875621890547265,0.024875621890547265,0,0,0,7610,7409,0.05500000000000682,,
open_boundary,random-0.5,32,4,open,600028,event,209,113,96,0.81640625,0.08133971291866028,0.08133971291866028,0,0,0,5809,5600,0.051400000000001,,
open_boundary,random-0.5,32,4,open,600029,event,208,112,96,0.8125,0.07692307692307693,0.07692307692307693,0,0,0,8592,8384,0.06690000000000396,,
open_boundary,random-0.5,32,4,open,600030,event,211,112,99,0.82421875,0.061611374407582936,0.061611374407582936,0,0,0,8355,8144,0.052400000000005775,,
open_boundary,random-0.5,32,4,open,600031,event,213,105,108,0.83203125,-0.014084507042253521,0.014084507042253521,0,0,0,7887,7674,0.054600000000021964,,
open_boundary,random-0.5,32,4,open,600032,event,216,104,112,0.84375,-0.037037037037037035,0.037037037037037035,0,0,0,6356,6140,0.054200000000008686,,
open_boundary,random-0.5,32,4,open,600033,event,210,98,112,0.8203125,-0.06666666666666667,0.06666666666666667,0,0,0,8827,8617,0.05169999999998254,,
open_boundary,random-0.5,32,4,open,600034,event,207,95,112,0.80859375,-0.0821256038647343,0.0821256038647343,0,0,0,8300,8093,0.050499999999999545,,
open_boundary,random-0.5,32,4,open,600035,event,207,109,98,0.80859375,0.05314009661835749,0.05314009661835749,0,0,0,8738,8531,0.1460999999999899,,
open_boundary,random-0.5,32,4,open,600036,event,212,113,99,0.828125,0.0660377358490566,0.0660377358490566,0,0,0,10343,10131,0.057799999999986085,,
open_boundary,random-0.5,32,4,open,600037,event,206,87,119,0.8046875,-0.1553398058252427,0.1553398058252427,0,0,0,4023,3817,0.05449999999999022,,
open_boundary,random-0.5,32,4,open,600038,event,206,107,99,0.8046875,0.038834951456310676,0.038834951456310676,0,0,0,10035,9829,0.05519999999998504,,
open_boundary,random-0.5,32,4,open,600039,event,204,98,106,0.796875,-0.0392156862745098,0.0392156862745098,0,0,0,7361,7157,0.054000000000002046,,
open_boundary,random-0.5,32,4,open,600040,event,207,98,109,0.80859375,-0.05314009661835749,0.05314009661835749,0,0,0,8622,8415,0.054000000000002046,,
open_boundary,random-0.5,32,4,open,600041,event,206,86,120,0.8046875,-0.1650485436893204,0.1650485436893204,0,0,0,5287,5081,0.05330000000000723,,
open_boundary,random-0.5,32,4,open,600042,event,202,109,93,0.7890625,0.07920792079207921,0.07920792079207921,0,0,0,8521,8319,0.0519000000000176,,
open_boundary,random-0.5,32,4,open,600043,event,208,98,110,0.8125,-0.057692307692307696,0.057692307692307696,0,0,0,9587,9379,0.054400000000015325,,
open_boundary,random-0.5,32,4,open,600044,event,207,109,98,0.80859375,0.05314009661835749,0.05314009661835749,0,0,0,7272,7065,0.05349999999998545,,
open_boundary,random-0.5,32,4,open,600045,event,204,100,104,0.796875,-0.0196078431372549,0.0196078431372549,0,0,0,10515,10311,0.05249999999998067,,
open_boundary,random-0.5,32,4,open,600046,event,211,116,95,0.82421875,0.0995260663507109,0.0995260663507109,0,0,0,8006,7795,0.052400000000005775,,
open_boundary,random-0.5,32,4,open,600047,event,203,93,110,0.79296875,-0.08374384236453201,0.08374384236453201,0,0,0,5610,5407,0.05169999999998254,,
open_boundary,random-0.5,32,4,open,600048,event,210,116,94,0.8203125,0.10476190476190476,0.10476190476190476,0,0,0,10263,10053,0.05449999999999022,,
open_boundary,random-0.5,32,4,open,600049,event,204,95,109,0.796875,-0.06862745098039216,0.06862745098039216,0,0,0,5302,5098,0.05339999999998213,,
open_boundary,random-0.5,32,4,open,600050,event,206,111,95,0.8046875,0.07766990291262135,0.07766990291262135,0,0,0,7542,7336,0.05180000000001428,,
open_boundary,random-0.5,32,4,open,600051,event,200,85,115,0.78125,-0.15,0.15,0,0,0,6060,5860,0.055899999999979855,,
open_boundary,random-0.5,32,4,open,600052,event,206,90,116,0.8046875,-0.1262135922330097,0.1262135922330097,0,0,0,5712,5506,0.05449999999999022,,
open_boundary,random-0.5,32,4,open,600053,event,204,127,77,0.796875,0.24509803921568626,0.24509803921568626,0,0,0,6307,6103,0.05129999999999768,,
open_boundary,random-0.5,32,4,open,600054,event,205,97,108,0.80078125,-0.05365853658536585,0.05365853658536585,0,0,0,8494,8289,0.05129999999999768,,
open_boundary,random-0.5,32,4,open,600055,event,211,94,117,0.82421875,-0.10900473933649289,0.10900473933649289,0,0,0,12680,12469,0.052099999999995816,,
open_boundary,random-0.5,32,4,open,600056,event,207,88,119,0.80859375,-0.1497584541062802,0.1497584541062802,0,0,0,6107,5900,0.05310000000000059,,
open_boundary,random-0.5,32,4,open,600057,event,212,98,114,0.828125,-0.07547169811320754,0.07547169811320754,0,0,0,13404,13192,0.05169999999998254,,
open_boundary,random-0.5,32,4,open,600058,event,206,100,106,0.8046875,-0.02912621359223301,0.02912621359223301,0,0,0,5520,5314,0.052500000000009095,,
open_boundary,random-0.5,32,4,open,600059,event,204,106,98,0.796875,0.0392156862745098,0.0392156862745098,0,0,0,6687,6483,0.05119999999999436,,
open_boundary,random-0.5,32,4,open,600060,event,208,120,88,0.8125,0.15384615384615385,0.15384615384615385,0,0,0,6617,6409,0.07789999999999964,,
open_boundary,random-0.5,32,4,open,600061,event,210,123,87,0.8203125,0.17142857142857143,0.17142857142857143,0,0,0,5075,4865,0.05349999999998545,,
open_boundary,random-0.5,32,4,open,600062,event,206,83,123,0.8046875,-0.1941747572815534,0.1941747572815534,0,0,0,6012,5806,0.0519000000000176,,
open_boundary,random-0.5,32,4,open,600063,event,205,93,112,0.80078125,-0.09268292682926829,0.09268292682926829,0,0,0,7046,6841,0.050700000000006185,,
open_boundary,random-0.5,32,4,open,600064,event,204,102,102,0.796875,0,0,0,0,0,4376,4172,0.05119999999999436,,
open_boundary,random-0.5,32,4,open,600065,event,203,102,101,0.79296875,0.0049261083743842365,0.0049261083743842365,0,0,0,5363,5160,0.05129999999999768,,
open_boundary,random-0.5,32,4,open,600066,event,209,112,97,0.81640625,0.07177033492822966,0.07177033492822966,0,0,0,7324,7115,0.05150000000000432,,
open_boundary,random-0.5,32,4,open,600067,event,206,111,95,0.8046875,0.07766990291262135,0.07766990291262135,0,0,0,4419,4213,0.07399999999998386,,
open_boundary,random-0.5,32,4,open,600068,event,202,80,122,0.7890625,-0.2079207920792079,0.2079207920792079,0,0,0,18770,18568,0.0514999999999759,,
open_boundary,random-0.5,32,4,open,600069,event,207,125,82,0.80859375,0.20772946859903382,0.20772946859903382,0,0,0,7639,7432,0.052700000000015734,,
open_boundary,random-0.5,32,4,open,600070,event,205,118,87,0.80078125,0.15121951219512195,0.15121951219512195,0,0,0,6167,5962,0.05169999999998254,,
open_boundary,random-0.5,32,4,open,600071,event,211,86,125,0.82421875,-0.1848341232227488,0.1848341232227488,0,0,0,6803,6592,0.056199999999989814,,
open_boundary,random-0.5,32,4,open,600072,event,208,117,91,0.8125,0.125,0.125,0,0,0,7579,7371,0.05389999999999873,,
open_boundary,random-0.5,32,4,open,600073,event,208,105,103,0.8125,0.009615384615384616,0.009615384615384616,0,0,0,6126,5918,0.05189999999998918,,
open_boundary,random-0.5,32,4,open,600074,event,207,81,126,0.80859375,-0.21739130434782608,0.21739130434782608,0,0,0,5546,5339,0.12839999999999918,,
open_boundary,random-0.5,32,4,open,600075,event,205,119,86,0.80078125,0.16097560975609757,0.16097560975609757,0,0,0,9395,9190,0.08429999999998472,,
open_boundary,random-0.5,32,4,open,600076,event,206,94,112,0.8046875,-0.08737864077669903,0.08737864077669903,0,0,0,4409,4203,0.05740000000000123,,
open_boundary,random-0.5,32,4,open,600077,event,209,108,101,0.81640625,0.03349282296650718,0.03349282296650718,0,0,0,11054,10845,0.06219999999999004,,
open_boundary,random-0.5,32,4,open,600078,event,210,108,102,0.8203125,0.02857142857142857,0.02857142857142857,0,0,0,6201,5991,0.0636000000000081,,
open_boundary,random-0.5,32,4,open,600079,event,203,116,87,0.79296875,0.14285714285714285,0.14285714285714285,0,0,0,4579,4376,0.054200000000008686,,
open_boundary,random-0.5,32,4,open,600080,event,210,110,100,0.8203125,0.047619047619047616,0.047619047619047616,0,0,0,9909,9699,0.05259999999998399,,
open_boundary,random-0.5,32,4,open,600081,event,211,108,103,0.82421875,0.023696682464454975,0.023696682464454975,0,0,0,5913,5702,0.052400000000005775,,
open_boundary,random-0.5,32,4,open,600082,event,205,117,88,0.80078125,0.14146341463414633,0.14146341463414633,0,0,0,9000,8795,0.054099999999976944,,
open_boundary,random-0.5,32,4,open,600083,event,209,100,109,0.81640625,-0.0430622009569378,0.0430622009569378,0,0,0,6515,6306,0.08169999999998367,,
open_boundary,random-0.5,32,4,open,600084,event,202,107,95,0.7890625,0.0594059405940594,0.0594059405940594,0,0,0,8345,8143,0.05519999999998504,,
open_boundary,random-0.5,32,4,open,600085,event,203,104,99,0.79296875,0.024630541871921183,0.024630541871921183,0,0,0,9293,9090,0.05310000000000059,,
open_boundary,random-0.5,32,4,open,600086,event,212,99,113,0.828125,-0.0660377358490566,0.0660377358490566,0,0,0,13230,13018,0.05469999999999686,,
open_boundary,random-0.5,32,4,open,600087,event,206,107,99,0.8046875,0.038834951456310676,0.038834951456310676,0,0,0,7241,7035,0.05339999999998213,,
open_boundary,random-0.5,32,4,open,600088,event,201,109,92,0.78515625,0.0845771144278607,0.0845771144278607,0,0,0,7690,7489,0.05379999999999541,,
open_boundary,random-0.5,32,4,open,600089,event,213,118,95,0.83203125,0.107981220657277,0.107981220657277,0,0,0,9853,9640,0.05670000000000641,,
open_boundary,random-0.5,32,4,open,600090,event,203,105,98,0.79296875,0.034482758620689655,0.034482758620689655,0,0,0,6798,6595,0.0543999999999869,,
open_boundary,random-0.5,32,4,open,600091,event,208,92,116,0.8125,-0.11538461538461539,0.11538461538461539,0,0,0,6032,5824,0.07030000000000314,,
open_boundary,random-0.5,32,4,open,600092,event,205,131,74,0.80078125,0.2780487804878049,0.2780487804878049,0,0,0,6604,6399,0.052099999999995816,,
open_boundary,random-0.5,32,4,open,600093,event,210,102,108,0.8203125,-0.02857142857142857,0.02857142857142857,0,0,0,5360,5150,0.05469999999999686,,
open_boundary,random-0.5,32,4,open,600094,event,209,93,116,0.81640625,-0.11004784688995216,0.11004784688995216,0,0,0,9972,9763,0.05370000000002051,,
open_boundary,random-0.5,32,4,open,600095,event,204,114,90,0.796875,0.11764705882352941,0.11764705882352941,0,0,0,7697,7493,0.05340000000001055,,
open_boundary,random-0.5,32,4,open,600096,event,211,97,114,0.82421875,-0.08056872037914692,0.08056872037914692,0,0,0,7994,7783,0.054600000000021964,,
open_boundary,random-0.5,32,4,open,600097,event,210,100,110,0.8203125,-0.047619047619047616,0.047619047619047616,0,0,0,7263,7053,0.05709999999999127,,
open_boundary,random-0.5,32,4,open,600098,event,210,82,128,0.8203125,-0.21904761904761905,0.21904761904761905,0,0,0,8688,8478,0.06669999999999732,,
open_boundary,random-0.5,32,4,open,600099,event,205,122,83,0.80078125,0.1902439024390244,0.1902439024390244,0,0,0,9120,8915,0.06090000000000373,,
open_boundary,random-0.5,32,4,open,600100,event,212,115,97,0.828125,0.08490566037735849,0.08490566037735849,0,0,0,7000,6788,0.058099999999996044,,
open_boundary,random-0.5,32,4,open,600101,event,207,125,82,0.80859375,0.20772946859903382,0.20772946859903382,0,0,0,6272,6065,0.056199999999989814,,
open_boundary,random-0.5,32,4,open,600102,event,209,114,95,0.81640625,0.09090909090909091,0.09090909090909091,0,0,0,9213,9004,0.06200000000001182,,
open_boundary,random-0.5,32,4,open,600103,event,202,88,114,0.7890625,-0.12871287128712872,0.12871287128712872,0,0,0,11242,11040,0.054100000000005366,,
open_boundary,random-0.5,32,4,open,600104,event,212,105,107,0.828125,-0.009433962264150943,0.009433962264150943,0,0,0,12851,12639,0.15449999999998454,,
open_boundary,random-0.5,32,4,open,600105,event,206,90,116,0.8046875,-0.1262135922330097,0.1262135922330097,0,0,0,4174,3968,0.07179999999999609,,
open_boundary,random-0.5,32,4,open,600106,event,205,112,93,0.80078125,0.09268292682926829,0.09268292682926829,0,0,0,10044,9839,0.06049999999999045,,
open_boundary,random-0.5,32,4,open,600107,event,207,92,115,0.80859375,-0.1111111111111111,0.1111111111111111,0,0,0,10747,10540,0.06029999999998381,,
open_boundary,random-0.5,32,4,open,600108,event,206,101,105,0.8046875,-0.019417475728155338,0.019417475728155338,0,0,0,8874,8668,0.0654999999999859,,
open_boundary,random-0.5,32,4,open,600109,event,203,95,108,0.79296875,-0.06403940886699508,0.06403940886699508,0,0,0,8568,8365,0.057999999999992724,,
open_boundary,random-0.5,32,4,open,600110,event,206,81,125,0.8046875,-0.21359223300970873,0.21359223300970873,0,0,0,12311,12105,0.058400000000006,,
open_boundary,random-0.5,32,4,open,600111,event,203,119,84,0.79296875,0.1724137931034483,0.1724137931034483,0,0,0,10847,10644,0.05729999999999791,,
open_boundary,random-0.5,32,4,open,600112,event,206,114,92,0.8046875,0.10679611650485436,0.10679611650485436,0,0,0,8257,8051,0.05719999999999459,,
open_boundary,random-0.5,32,4,open,600113,event,214,106,108,0.8359375,-0.009345794392523364,0.009345794392523364,0,0,0,7057,6843,0.06200000000001182,,
open_boundary,random-0.5,32,4,open,600114,event,208,120,88,0.8125,0.15384615384615385,0.15384615384615385,0,0,0,5686,5478,0.05819999999999936,,
open_boundary,random-0.5,32,4,open,600115,event,208,105,103,0.8125,0.009615384615384616,0.009615384615384616,0,0,0,6637,6429,0.054200000000008686,,
open_boundary,random-0.5,32,4,open,600116,event,203,109,94,0.79296875,0.07389162561576355,0.07389162561576355,0,0,0,6295,6092,0.05339999999998213,,
open_boundary,random-0.5,32,4,open,600117,event,208,88,120,0.8125,-0.15384615384615385,0.15384615384615385,0,0,0,5071,4863,0.059599999999988995,,
open_boundary,random-0.5,32,4,open,600118,event,204,109,95,0.796875,0.06862745098039216,0.06862745098039216,0,0,0,4493,4289,0.059799999999995634,,
open_boundary,random-0.5,32,4,open,600119,event,210,80,130,0.8203125,-0.23809523809523808,0.23809523809523808,0,0,0,6339,6129,0.05870000000001596,,
open_boundary,random-0.5,32,4,open,600120,event,207,109,98,0.80859375,0.05314009661835749,0.05314009661835749,0,0,0,4695,4488,0.05629999999999313,,
open_boundary,random-0.5,32,4,open,600121,event,208,109,99,0.8125,0.04807692307692308,0.04807692307692308,0,0,0,8729,8521,0.05660000000000309,,
open_boundary,random-0.5,32,4,open,600122,event,207,114,93,0.80859375,0.10144927536231885,0.10144927536231885,0,0,0,7293,7086,0.05679999999998131,,
open_boundary,random-0.5,32,4,open,600123,event,210,103,107,0.8203125,-0.01904761904761905,0.01904761904761905,0,0,0,7794,7584,0.06039999999998713,,
open_boundary,random-0.5,32,4,open,600124,event,204,109,95,0.796875,0.06862745098039216,0.06862745098039216,0,0,0,8567,8363,0.054100000000005366,,
open_boundary,random-0.5,32,4,open,600125,event,211,116,95,0.82421875,0.0995260663507109,0.0995260663507109,0,0,0,8175,7964,0.054200000000008686,,
open_boundary,random-0.5,32,4,open,600126,event,202,106,96,0.7890625,0.04950495049504951,0.04950495049504951,0,0,0,7622,7420,0.0519999999999925,,
open_boundary,random-0.5,32,4,open,600127,event,203,96,107,0.79296875,-0.054187192118226604,0.054187192118226604,0,0,0,4520,4317,0.054199999999980264,,
open_boundary,random-0.5,32,4,open,600128,event,208,108,100,0.8125,0.038461538461538464,0.038461538461538464,0,0,0,3714,3506,0.05340000000001055,,
open_boundary,0,32,8,open,600001,event,95,95,0,0.7421875,1,1,1,0,2,1376,1281,0.0841999999999814,1376,0
open_boundary,0,32,8,open,600002,event,90,90,0,0.703125,1,1,1,0,30,2348,2258,0.07349999999999568,2348,0
open_boundary,0,32,8,open,600003,event,89,89,0,0.6953125,1,1,1,0,4,1929,1840,0.07429999999999382,1929,0
open_boundary,0,32,8,open,600004,event,86,86,0,0.671875,1,1,1,0,14,4197,4111,0.07229999999998427,4197,0
open_boundary,0,32,8,open,600005,event,91,91,0,0.7109375,1,1,1,0,6,1363,1272,0.08190000000001874,1363,0
open_boundary,0,32,8,open,600006,event,95,95,0,0.7421875,1,1,1,0,4,2178,2083,0.07510000000002037,2178,0
open_boundary,0,32,8,open,600007,event,93,93,0,0.7265625,1,1,1,0,3,2162,2069,0.07579999999998677,2162,0
open_boundary,0,32,8,open,600008,event,93,93,0,0.7265625,1,1,1,0,1,2971,2878,0.07099999999999795,2971,0
open_boundary,0,32,8,open,600009,event,92,92,0,0.71875,1,1,1,0,14,1723,1631,0.09959999999998104,1723,0
open_boundary,0,32,8,open,600010,event,96,96,0,0.75,1,1,1,0,4,3252,3156,0.07720000000000482,3252,0
open_boundary,0,32,8,open,600011,event,90,90,0,0.703125,1,1,1,0,4,1654,1564,0.17499999999998295,1654,0
open_boundary,0,32,8,open,600012,event,92,92,0,0.71875,1,1,1,0,18,3641,3549,0.07370000000000232,3641,0
open_boundary,0,32,8,open,600013,event,93,93,0,0.7265625,1,1,1,0,2,1164,1071,0.07189999999999941,1164,0
open_boundary,0,32,8,open,600014,event,92,92,0,0.71875,1,1,1,0,2,1274,1182,0.07169999999999277,1274,0
open_boundary,0,32,8,open,600015,event,95,95,0,0.7421875,1,1,1,0,3,3490,3395,0.07409999999998718,3490,0
open_boundary,0,32,8,open,600016,event,92,92,0,0.71875,1,1,1,0,11,1802,1710,0.07030000000000314,1802,0
open_boundary,0,32,8,open,600017,event,96,96,0,0.75,1,1,1,0,3,1754,1658,0.07239999999998759,1754,0
open_boundary,0,32,8,open,600018,event,95,95,0,0.7421875,1,1,1,0,11,3495,3400,0.07349999999999568,3495,0
open_boundary,0,32,8,open,600019,event,95,95,0,0.7421875,1,1,1,0,1,3520,3425,0.07320000000001414,3520,0
open_boundary,0,32,8,open,600020,event,93,93,0,0.7265625,1,1,0,0,0,2973,2880,0.07079999999999131,2973,0
open_boundary,0,32,8,open,600021,event,92,92,0,0.71875,1,1,1,0,5,1287,1195,0.07019999999999982,1287,0
open_boundary,0,32,8,open,600022,event,90,90,0,0.703125,1,1,0,0,0,1382,1292,0.0689999999999884,1382,0
open_boundary,0,32,8,open,600023,event,90,90,0,0.703125,1,1,0,0,0,1311,1221,0.07620000000000005,1311,0
open_boundary,0,32,8,open,600024,event,92,92,0,0.71875,1,1,1,0,1,2941,2849,0.07280000000000086,2941,0
open_boundary,0,32,8,open,600025,event,93,93,0,0.7265625,1,1,1,0,5,1115,1022,0.07400000000001228,1115,0
open_boundary,0,32,8,open,600026,event,94,94,0,0.734375,1,1,1,0,2,4380,4286,0.07089999999999463,4380,0
open_boundary,0,32,8,open,600027,event,92,92,0,0.71875,1,1,1,0,10,2058,1966,0.15840000000000032,2058,0
open_boundary,0,32,8,open,600028,event,92,92,0,0.71875,1,1,1,0,1,2482,2390,0.07179999999999609,2482,0
open_boundary,0,32,8,open,600029,event,93,93,0,0.7265625,1,1,1,0,1,3426,3333,0.0700000000000216,3426,0
open_boundary,0,32,8,open,600030,event,90,90,0,0.703125,1,1,1,0,11,2191,2101,0.06770000000000209,2191,0
open_boundary,0,32,8,open,600031,event,91,91,0,0.7109375,1,1,0,0,0,2459,2368,0.06870000000000687,2459,0
open_boundary,0,32,8,open,600032,event,90,90,0,0.703125,1,1,1,0,6,1993,1903,0.06690000000000396,1993,0
open_boundary,0,32,8,open,600033,event,91,91,0,0.7109375,1,1,0,0,0,3176,3085,0.06970000000001164,3176,0
open_boundary,0,32,8,open,600034,event,91,91,0,0.7109375,1,1,1,0,6,863,772,0.06880000000001019,863,0
open_boundary,0,32,8,open,600035,event,93,93,0,0.7265625,1,1,1,0,7,1739,1646,0.06989999999998986,1739,0
open_boundary,0,32,8,open,600036,event,90,90,0,0.703125,1,1,1,0,6,2588,2498,0.07140000000001123,2588,0
open_boundary,0,32,8,open,600037,event,90,90,0,0.703125,1,1,1,0,11,1708,1618,0.06929999999999836,1708,0
open_boundary,0,32,8,open,600038,event,91,91,0,0.7109375,1,1,1,0,3,1302,1211,0.06800000000001205,1302,0
open_boundary,0,32,8,open,600039,event,96,96,0,0.75,1,1,0,0,0,3325,3229,0.07070000000001642,3325,0
open_boundary,0,32,8,open,600040,event,89,89,0,0.6953125,1,1,1,0,4,1749,1660,0.06929999999999836,1749,0
open_boundary,0,32,8,open,600041,event,96,96,0,0.75,1,1,1,0,6,2151,2055,0.07189999999999941,2151,0
open_boundary,0,32,8,open,600042,event,96,96,0,0.75,1,1,1,0,6,3164,3068,0.07250000000001933,3164,0
open_boundary,0,32,8,open,600043,event,93,93,0,0.7265625,1,1,1,0,13,1430,1337,0.06989999999998986,1430,0
open_boundary,0,32,8,open,600044,event,92,92,0,0.71875,1,1,1,0,31,2065,1973,0.16960000000000264,2065,0
open_boundary,0,32,8,open,600045,event,93,93,0,0.7265625,1,1,1,0,4,3209,3116,0.07459999999997535,3209,0
open_boundary,0,32,8,open,600046,event,96,96,0,0.75,1,1,0,0,0,1155,1059,0.07980000000000587,1155,0
open_boundary,0,32,8,open,600047,event,93,93,0,0.7265625,1,1,1,0,7,1309,1216,0.07189999999999941,1309,0
open_boundary,0,32,8,open,600048,event,97,97,0,0.7578125,1,1,1,0,7,1403,1306,0.07390000000000896,1403,0
open_boundary,0,32,8,open,600049,event,96,96,0,0.75,1,1,0,0,0,1977,1881,0.07149999999998613,1977,0
open_boundary,0,32,8,open,600050,event,87,87,0,0.6796875,1,1,1,0,4,2198,2111,0.06819999999999027,2198,0
open_boundary,0,32,8,open,600051,event,90,90,0,0.703125,1,1,1,0,4,2056,1966,0.07239999999998759,2056,0
open_boundary,0,32,8,open,600052,event,89,89,0,0.6953125,1,1,1,0,13,1139,1050,0.0689999999999884,1139,0
open_boundary,0,32,8,open,600053,event,88,88,0,0.6875,1,1,1,0,13,1297,1209,0.06960000000000832,1297,0
open_boundary,0,32,8,open,600054,event,93,93,0,0.7265625,1,1,1,0,15,607,514,0.07239999999998759,607,0
open_boundary,0,32,8,open,600055,event,92,92,0,0.71875,1,1,1,0,12,1633,1541,0.07189999999999941,1633,0
open_boundary,0,32,8,open,600056,event,95,95,0,0.7421875,1,1,1,0,9,2273,2178,0.07400000000001228,2273,0
open_boundary,0,32,8,open,600057,event,94,94,0,0.734375,1,1,1,0,2,871,777,0.07519999999999527,871,0
open_boundary,0,32,8,open,600058,event,91,91,0,0.7109375,1,1,0,0,0,2161,2070,0.07239999999998759,2161,0
open_boundary,0,32,8,open,600059,event,93,93,0,0.7265625,1,1,1,0,4,2736,2643,0.0730000000000075,2736,0
open_boundary,0,32,8,open,600060,event,91,91,0,0.7109375,1,1,0,0,0,2650,2559,0.13760000000002037,2650,0
open_boundary,0,32,8,open,600061,event,91,91,0,0.7109375,1,1,1,0,1,1623,1532,0.07110000000000127,1623,0
open_boundary,0,32,8,open,600062,event,89,89,0,0.6953125,1,1,1,0,2,2926,2837,0.06789999999998031,2926,0
open_boundary,0,32,8,open,600063,event,90,90,0,0.703125,1,1,1,0,1,1688,1598,0.06680000000000064,1688,0
open_boundary,0,32,8,open,600064,event,94,94,0,0.734375,1,1,0,0,0,2354,2260,0.07089999999999463,2354,0
open_boundary,0,32,8,open,600065,event,93,93,0,0.7265625,1,1,1,0,3,1699,1606,0.06780000000000541,1699,0
open_boundary,0,32,8,open,600066,event,94,94,0,0.734375,1,1,1,0,8,2884,2790,0.07110000000000127,2884,0
open_boundary,0,32,8,open,600067,event,89,89,0,0.6953125,1,1,1,0,7,2092,2003,0.06749999999999545,2092,0
open_boundary,0,32,8,open,600068,event,93,93,0,0.7265625,1,1,0,0,0,1419,1326,0.06999999999999318,1419,0
open_boundary,0,32,8,open,600069,event,88,88,0,0.6875,1,1,0,0,0,1608,1520,0.07089999999999463,1608,0
open_boundary,0,32,8,open,600070,event,88,88,0,0.6875,1,1,1,0,23,1577,1489,0.07290000000000418,1577,0
open_boundary,0,32,8,open,600071,event,88,88,0,0.6875,1,1,1,0,15,1419,1331,0.069500000000005,1419,0
open_boundary,0,32,8,open,600072,event,91,91,0,0.7109375,1,1,0,0,0,4247,4156,0.06809999999998695,4247,0
open_boundary,0,32,8,open,600073,event,95,95,0,0.7421875,1,1,1,0,8,1691,1596,0.07529999999999859,1691,0
open_boundary,0,32,8,open,600074,event,89,89,0,0.6953125,1,1,1,0,10,1787,1698,0.06679999999997221,1787,0
open_boundary,0,32,8,open,600075,event,92,92,0,0.71875,1,1,1,0,4,1903,1811,0.07110000000000127,1903,0
open_boundary,0,32,8,open,600076,event,93,93,0,0.7265625,1,1,1,0,13,1913,1820,0.06919999999999504,1913,0
open_boundary,0,32,8,open,600077,event,93,93,0,0.7265625,1,1,0,0,0,1998,1905,0.13530000000000086,1998,0
open_boundary,0,32,8,open,600078,event,91,91,0,0.7109375,1,1,1,0,4,1324,1233,0.07019999999999982,1324,0
open_boundary,0,32,8,open,600079,event,92,92,0,0.71875,1,1,0,0,0,1831,1739,0.0695999999999799,1831,0
open_boundary,0,32,8,open,600080,event,97,97,0,0.7578125,1,1,1,0,7,1241,1144,0.07219999999998095,1241,0
open_boundary,0,32,8,open,600081,event,90,90,0,0.703125,1,1,1,0,10,1209,1119,0.06800000000001205,1209,0
open_boundary,0,32,8,open,600082,event,93,93,0,0.7265625,1,1,1,0,2,1432,1339,0.06850000000000023,1432,0
open_boundary,0,32,8,open,600083,event,93,93,0,0.7265625,1,1,1,0,9,1823,1730,0.06919999999999504,1823,0
open_boundary,0,32,8,open,600084,event,92,92,0,0.71875,1,1,1,0,3,2975,2883,0.06839999999999691,2975,0
open_boundary,0,32,8,open,600085,event,90,90,0,0.703125,1,1,1,0,4,1767,1677,0.06909999999999172,1767,0
open_boundary,0,32,8,open,600086,event,92,92,0,0.71875,1,1,0,0,0,3197,3105,0.06900000000001683,3197,0
open_boundary,0,32,8,open,600087,event,91,91,0,0.7109375,1,1,1,0,14,1188,1097,0.06909999999999172,1188,0
open_boundary,0,32,8,open,600088,event,91,91,0,0.7109375,1,1,1,0,20,6237,6146,0.06850000000000023,6237,0
open_boundary,0,32,8,open,600089,event,92,92,0,0.71875,1,1,0,0,0,1158,1066,0.07080000000001974,1158,0
open_boundary,0,32,8,open,600090,event,96,96,0,0.75,1,1,1,0,7,912,816,0.07540000000000191,912,0
open_boundary,0,32,8,open,600091,event,95,95,0,0.7421875,1,1,1,0,4,1773,1678,0.07290000000000418,1773,0
open_boundary,0,32,8,open,600092,event,90,90,0,0.703125,1,1,1,0,9,2428,2338,0.07050000000000978,2428,0
open_boundary,0,32,8,open,600093,event,90,90,0,0.703125,1,1,1,0,10,1558,1468,0.1337000000000046,1558,0
open_boundary,0,32,8,open,600094,event,96,96,0,0.75,1,1,0,0,0,1347,1251,0.07439999999999714,1347,0
open_boundary,0,32,8,open,600095,event,90,90,0,0.703125,1,1,1,0,13,1224,1134,0.06729999999998881,1224,0
open_boundary,0,32,8,open,600096,event,95,95,0,0.7421875,1,1,1,0,3,2458,2363,0.07089999999999463,2458,0
open_boundary,0,32,8,open,600097,event,89,89,0,0.6953125,1,1,1,0,8,888,799,0.06790000000000873,888,0
open_boundary,0,32,8,open,600098,event,94,94,0,0.734375,1,1,0,0,0,1942,1848,0.06870000000000687,1942,0
open_boundary,0,32,8,open,600099,event,90,90,0,0.703125,1,1,1,0,3,1191,1101,0.06759999999999877,1191,0
open_boundary,0,32,8,open,600100,event,95,95,0,0.7421875,1,1,1,0,1,1836,1741,0.06960000000000832,1836,0
open_boundary,0,32,8,open,600101,event,90,90,0,0.703125,1,1,1,0,5,1402,1312,0.06829999999999359,1402,0
open_boundary,0,32,8,open,600102,event,90,90,0,0.703125,1,1,1,0,5,1576,1486,0.069500000000005,1576,0
open_boundary,0,32,8,open,600103,event,93,93,0,0.7265625,1,1,1,0,2,1385,1292,0.07070000000001642,1385,0
open_boundary,0,32,8,open,600104,event,90,90,0,0.703125,1,1,1,0,10,4823,4733,0.06880000000001019,4823,0
open_boundary,0,32,8,open,600105,event,88,88,0,0.6875,1,1,1,0,23,2947,2859,0.0671999999999855,2947,0
open_boundary,0,32,8,open,600106,event,94,94,0,0.734375,1,1,1,0,16,3379,3285,0.07329999999998904,3379,0
open_boundary,0,32,8,open,600107,event,92,92,0,0.71875,1,1,0,0,0,3483,3391,0.06770000000000209,3483,0
open_boundary,0,32,8,open,600108,event,96,96,0,0.75,1,1,1,0,5,2841,2745,0.07450000000000045,2841,0
open_boundary,0,32,8,open,600109,event,92,92,0,0.71875,1,1,1,0,2,1234,1142,0.06850000000000023,1234,0
open_boundary,0,32,8,open,600110,event,90,90,0,0.703125,1,1,1,0,5,2715,2625,0.1342000000000212,2715,0
open_boundary,0,32,8,open,600111,event,92,92,0,0.71875,1,1,1,0,21,1305,1213,0.07099999999999795,1305,0
open_boundary,0,32,8,open,600112,event,90,90,0,0.703125,1,1,0,0,0,2552,2462,0.06779999999997699,2552,0
open_boundary,0,32,8,open,600113,event,93,93,0,0.7265625,1,1,0,0,0,3539,3446,0.06929999999999836,3539,0
open_boundary,0,32,8,open,600114,event,91,91,0,0.7109375,1,1,0,0,0,3541,3450,0.06790000000000873,3541,0
open_boundary,0,32,8,open,600115,event,91,91,0,0.7109375,1,1,1,0,19,1652,1561,0.06820000000001869,1652,0
open_boundary,0,32,8,open,600116,event,98,98,0,0.765625,1,1,1,0,7,4377,4279,0.07349999999999568,4377,0
open_boundary,0,32,8,open,600117,event,88,88,0,0.6875,1,1,1,0,7,2517,2429,0.0671000000000106,2517,0
open_boundary,0,32,8,open,600118,event,92,92,0,0.71875,1,1,1,0,14,1329,1237,0.0689000000000135,1329,0
open_boundary,0,32,8,open,600119,event,89,89,0,0.6953125,1,1,1,0,11,1656,1567,0.06870000000000687,1656,0
open_boundary,0,32,8,open,600120,event,95,95,0,0.7421875,1,1,1,0,4,1191,1096,0.07030000000000314,1191,0
open_boundary,0,32,8,open,600121,event,92,92,0,0.71875,1,1,1,0,11,1150,1058,0.0700000000000216,1150,0
open_boundary,0,32,8,open,600122,event,94,94,0,0.734375,1,1,1,0,7,1467,1373,0.07130000000000791,1467,0
open_boundary,0,32,8,open,600123,event,94,94,0,0.734375,1,1,1,0,2,3661,3567,0.073599999999999,3661,0
open_boundary,0,32,8,open,600124,event,93,93,0,0.7265625,1,1,1,0,12,1527,1434,0.07109999999997285,1527,0
open_boundary,0,32,8,open,600125,event,89,89,0,0.6953125,1,1,1,0,6,4994,4905,0.06790000000000873,4994,0
open_boundary,0,32,8,open,600126,event,87,87,0,0.6796875,1,1,1,0,5,1118,1031,0.12819999999999254,1118,0
open_boundary,0,32,8,open,600127,event,91,91,0,0.7109375,1,1,1,0,18,2712,2621,0.07089999999999463,2712,0
open_boundary,0,32,8,open,600128,event,90,90,0,0.703125,1,1,1,0,4,2474,2384,0.06839999999999691,2474,0
open_boundary,35,32,8,open,600001,event,94,39,55,0.734375,-0.1702127659574468,0.1702127659574468,0,0,0,3152,3058,0.08150000000000546,1576,1576
open_boundary,35,32,8,open,600002,event,100,46,54,0.78125,-0.08,0.08,0,0,0,5892,5792,0.0846000000000231,2946,2946
open_boundary,35,32,8,open,600003,event,95,51,44,0.7421875,0.07368421052631578,0.07368421052631578,0,0,0,3319,3224,0.07900000000000773,1660,1659
open_boundary,35,32,8,open,600004,event,93,48,45,0.7265625,0.03225806451612903,0.03225806451612903,0,0,0,3871,3778,0.07900000000000773,1936,1935
open_boundary,35,32,8,open,600005,event,92,46,46,0.71875,0,0,0,0,0,3175,3083,0.07959999999999923,1588,1587
open_boundary,35,32,8,open,600006,event,102,58,44,0.796875,0.13725490196078433,0.13725490196078433,0,0,0,4412,4310,0.08599999999998431,2206,2206
open_boundary,35,32,8,open,600007,event,100,42,58,0.78125,-0.16,0.16,0,0,0,3384,3284,0.08510000000001128,1692,1692
open_boundary,35,32,8,open,600008,event,100,62,38,0.78125,0.24,0.24,0,0,0,9968,9868,0.10029999999997585,4984,4984
open_boundary,35,32,8,open,600009,event,92,42,50,0.71875,-0.08695652173913043,0.08695652173913043,0,0,0,5529,5437,0.07810000000000628,2765,2764
open_boundary,35,32,8,open,600010,event,93,50,43,0.7265625,0.07526881720430108,0.07526881720430108,0,0,0,3821,3728,0.09420000000000073,1911,1910
open_boundary,35,32,8,open,600011,event,91,55,36,0.7109375,0.2087912087912088,0.2087912087912088,0,0,0,3640,3549,0.08169999999998367,1820,1820
open_boundary,35,32,8,open,600012,event,89,45,44,0.6953125,0.011235955056179775,0.011235955056179775,0,0,0,3984,3895,0.07620000000000005,1992,1992
open_boundary,35,32,8,open,600013,event,95,53,42,0.7421875,0.11578947368421053,0.11578947368421053,0,0,0,3603,3508,0.08230000000000359,1802,1801
open_boundary,35,32,8,open,600014,event,96,49,47,0.75,0.020833333333333332,0.020833333333333332,0,0,0,6190,6094,0.1453999999999951,3095,3095
open_boundary,35,32,8,open,600015,event,94,57,37,0.734375,0.2127659574468085,0.2127659574468085,0,0,0,9062,8968,0.08020000000001914,4531,4531
open_boundary,35,32,8,open,600016,event,98,61,37,0.765625,0.24489795918367346,0.24489795918367346,0,0,0,2753,2655,0.0811999999999955,1377,1376
open_boundary,35,32,8,open,600017,event,89,49,40,0.6953125,0.10112359550561797,0.10112359550561797,0,0,0,2969,2880,0.07570000000001187,1485,1484
open_boundary,35,32,8,open,600018,event,94,48,46,0.734375,0.02127659574468085,0.02127659574468085,0,0,0,11223,11129,0.07740000000001146,5612,5611
open_boundary,35,32,8,open,600019,event,99,68,31,0.7734375,0.37373737373737376,0.37373737373737376,0,0,0,4173,4074,0.08050000000000068,2087,2086
open_boundary,35,32,8,open,600020,event,98,52,46,0.765625,0.061224489795918366,0.061224489795918366,0,0,0,7591,7493,0.07950000000002433,3796,3795
open_boundary,35,32,8,open,600021,event,93,39,54,0.7265625,-0.16129032258064516,0.16129032258064516,0,0,0,3757,3664,0.07630000000000337,1879,1878
open_boundary,35,32,8,open,600022,event,98,51,47,0.765625,0.04081632653061224,0.04081632653061224,0,0,0,5002,4904,0.07940000000002101,2501,2501
open_boundary,35,32,8,open,600023,event,103,62,41,0.8046875,0.20388349514563106,0.20388349514563106,0,0,0,5135,5032,0.08539999999999281,2568,2567
open_boundary,35,32,8,open,600024,event,95,37,58,0.7421875,-0.22105263157894736,0.22105263157894736,0,0,0,3164,3069,0.07929999999998927,1582,1582
open_boundary,35,32,8,open,600025,event,94,50,44,0.734375,0.06382978723404255,0.06382978723404255,0,0,0,2932,2838,0.0771000000000015,1466,1466
open_boundary,35,32,8,open,600026,event,96,39,57,0.75,-0.1875,0.1875,0,0,0,5543,5447,0.08039999999999736,2772,2771
open_boundary,35,32,8,open,600027,event,98,42,56,0.765625,-0.14285714285714285,0.14285714285714285,0,0,0,3752,3654,0.08080000000001064,1876,1876
open_boundary,35,32,8,open,600028,event,103,63,40,0.8046875,0.22330097087378642,0.22330097087378642,0,0,0,4821,4718,0.08620000000001937,2411,2410
open_boundary,35,32,8,open,600029,event,95,50,45,0.7421875,0.05263157894736842,0.05263157894736842,0,0,0,6817,6722,0.15279999999998495,3409,3408
open_boundary,35,32,8,open,600030,event,92,58,34,0.71875,0.2608695652173913,0.2608695652173913,0,0,0,3419,3327,0.07900000000000773,1710,1709
open_boundary,35,32,8,open,600031,event,93,55,38,0.7265625,0.1827956989247312,0.1827956989247312,0,0,0,3755,3662,0.07789999999999964,1878,1877
open_boundary,35,32,8,open,600032,event,91,58,33,0.7109375,0.27472527472527475,0.27472527472527475,0,0,0,3582,3491,0.07739999999998304,1791,1791
open_boundary,35,32,8,open,600033,event,99,46,53,0.7734375,-0.0707070707070707,0.0707070707070707,0,0,0,3492,3393,0.08079999999998222,1746,1746
open_boundary,35,32,8,open,600034,event,93,72,21,0.7265625,0.5483870967741935,0.5483870967741935,0,0,0,3711,3618,0.07689999999999486,1856,1855
open_boundary,35,32,8,open,600035,event,94,40,54,0.734375,-0.14893617021276595,0.14893617021276595,0,0,0,2729,2635,0.07900000000000773,1365,1364
open_boundary,35,32,8,open,600036,event,98,46,52,0.765625,-0.061224489795918366,0.061224489795918366,0,0,0,7778,7680,0.07910000000001105,3889,3889
open_boundary,35,32,8,open,600037,event,96,42,54,0.75,-0.125,0.125,0,0,0,3189,3093,0.07869999999999777,1595,1594
open_boundary,35,32,8,open,600038,event,99,54,45,0.7734375,0.09090909090909091,0.09090909090909091,0,0,0,2177,2078,0.08449999999999136,1089,1088
open_boundary,35,32,8,open,600039,event,97,57,40,0.7578125,0.17525773195876287,0.17525773195876287,0,0,0,11605,11508,0.0811999999999955,5803,5802
open_boundary,35,32,8,open,600040,event,89,52,37,0.6953125,0.16853932584269662,0.16853932584269662,0,0,0,2094,2005,0.07390000000000896,1047,1047
open_boundary,35,32,8,open,600041,event,92,50,42,0.71875,0.08695652173913043,0.08695652173913043,0,0,0,4253,4161,0.07679999999999154,2127,2126
open_boundary,35,32,8,open,600042,event,98,61,37,0.765625,0.24489795918367346,0.24489795918367346,0,0,0,2633,2535,0.08149999999997704,1317,1316
open_boundary,35,32,8,open,600043,event,95,41,54,0.7421875,-0.1368421052631579,0.1368421052631579,0,0,0,2237,2142,0.08310000000000173,1119,1118
open_boundary,35,32,8,open,600044,event,88,60,28,0.6875,0.36363636363636365,0.36363636363636365,0,0,0,2011,1923,0.13219999999998322,1006,1005
open_boundary,35,32,8,open,600045,event,94,43,51,0.734375,-0.0851063829787234,0.0851063829787234,0,0,0,3796,3702,0.07839999999998781,1898,1898
open_boundary,35,32,8,open,600046,event,96,42,54,0.75,-0.125,0.125,0,0,0,2307,2211,0.07939999999999259,1154,1153
open_boundary,35,32,8,open,600047,event,96,43,53,0.75,-0.10416666666666667,0.10416666666666667,0,0,0,5409,5313,0.07899999999997931,2705,2704
open_boundary,35,32,8,open,600048,event,100,49,51,0.78125,-0.02,0.02,0,0,0,3245,3145,0.08199999999999363,1623,1622
open_boundary,35,32,8,open,600049,event,91,42,49,0.7109375,-0.07692307692307693,0.07692307692307693,0,0,0,3592,3501,0.07990000000000919,1796,1796
open_boundary,35,32,8,open,600050,event,95,59,36,0.7421875,0.24210526315789474,0.24210526315789474,0,0,0,2315,2220,0.08199999999999363,1158,1157
open_boundary,35,32,8,open,600051,event,97,57,40,0.7578125,0.17525773195876287,0.17525773195876287,0,0,0,2833,2736,0.07949999999999591,1417,1416
open_boundary,35,32,8,open,600052,event,92,40,52,0.71875,-0.13043478260869565,0.13043478260869565,0,0,0,2448,2356,0.07580000000001519,1224,1224
open_boundary,35,32,8,open,600053,event,90,47,43,0.703125,0.044444444444444446,0.044444444444444446,0,0,0,3031,2941,0.07460000000000377,1516,1515
open_boundary,35,32,8,open,600054,event,97,62,35,0.7578125,0.27835051546391754,0.27835051546391754,0,0,0,3277,3180,0.08240000000000691,1639,1638
open_boundary,35,32,8,open,600055,event,97,55,42,0.7578125,0.13402061855670103,0.13402061855670103,0,0,0,4573,4476,0.08140000000000214,2287,2286
open_boundary,35,32,8,open,600056,event,93,63,30,0.7265625,0.3548387096774194,0.3548387096774194,0,0,0,3007,2914,0.07989999999998076,1504,1503
open_boundary,35,32,8,open,600057,event,101,40,61,0.7890625,-0.2079207920792079,0.2079207920792079,0,0,0,5341,5240,0.08610000000001605,2671,2670
open_boundary,35,32,8,open,600058,event,101,63,38,0.7890625,0.24752475247524752,0.24752475247524752,0,0,0,3325,3224,0.08169999999998367,1663,1662
open_boundary,35,32,8,open,600059,event,98,58,40,0.765625,0.1836734693877551,0.1836734693877551,0,0,0,6007,5909,0.1554999999999893,3004,3003
open_boundary,35,32,8,open,600060,event,95,50,45,0.7421875,0.05263157894736842,0.05263157894736842,0,0,0,5211,5116,0.08939999999998349,2606,2605
open_boundary,35,32,8,open,600061,event,103,52,51,0.8046875,0.009708737864077669,0.009708737864077669,0,0,0,6078,5975,0.08940000000001191,3039,3039
open_boundary,35,32,8,open,600062,event,98,42,56,0.765625,-0.14285714285714285,0.14285714285714285,0,0,0,8227,8129,0.08450000000001978,4114,4113
open_boundary,35,32,8,open,600063,event,94,56,38,0.734375,0.19148936170212766,0.19148936170212766,0,0,0,9106,9012,0.07970000000000255,4553,4553
open_boundary,35,32,8,open,600064,event,99,59,40,0.7734375,0.1919191919191919,0.1919191919191919,0,0,0,3977,3878,0.08360000000001833,1989,1988
open_boundary,35,32,8,open,600065,event,93,51,42,0.7265625,0.0967741935483871,0.0967741935483871,0,0,0,4141,4048,0.0776000000000181,2071,2070
open_boundary,35,32,8,open,600066,event,101,46,55,0.7890625,-0.0891089108910891,0.0891089108910891,0,0,0,6564,6463,0.08199999999999363,3282,3282
open_boundary,35,32,8,open,600067,event,96,58,38,0.75,0.20833333333333334,0.20833333333333334,0,0,0,4461,4365,0.07999999999998408,2231,2230
open_boundary,35,32,8,open,600068,event,97,46,51,0.7578125,-0.05154639175257732,0.05154639175257732,0,0,0,4700,4603,0.080600000000004,2350,2350
open_boundary,35,32,8,open,600069,event,96,62,34,0.75,0.2916666666666667,0.2916666666666667,0,0,0,8205,8109,0.07859999999999445,4103,4102
open_boundary,35,32,8,open,600070,event,92,57,35,0.71875,0.2391304347826087,0.2391304347826087,0,0,0,2877,2785,0.07720000000000482,1439,1438
open_boundary,35,32,8,open,600071,event,93,43,50,0.7265625,-0.07526881720430108,0.07526881720430108,0,0,0,4200,4107,0.08420000000000982,2100,2100
open_boundary,35,32,8,open,600072,event,99,41,58,0.7734375,-0.1717171717171717,0.1717171717171717,0,0,0,1934,1835,0.08230000000000359,967,967
open_boundary,35,32,8,open,600073,event,96,55,41,0.75,0.14583333333333334,0.14583333333333334,0,0,0,2051,1955,0.07939999999999259,1026,1025
open_boundary,35,32,8,open,600074,event,88,46,42,0.6875,0.045454545454545456,0.045454545454545456,0,0,0,6421,6333,0.14350000000001728,3211,3210
open_boundary,35,32,8,open,600075,event,95,61,34,0.7421875,0.28421052631578947,0.28421052631578947,0,0,0,6451,6356,0.08719999999999573,3226,3225
open_boundary,35,32,8,open,600076,event,91,51,40,0.7109375,0.12087912087912088,0.12087912087912088,0,0,0,1924,1833,0.08100000000001728,962,962
open_boundary,35,32,8,open,600077,event,100,46,54,0.78125,-0.08,0.08,0,0,0,6485,6385,0.10130000000000905,3243,3242
open_boundary,35,32,8,open,600078,event,94,51,43,0.734375,0.0851063829787234,0.0851063829787234,0,0,0,4607,4513,0.08100000000001728,2304,2303
open_boundary,35,32,8,open,600079,event,94,49,45,0.734375,0.0425531914893617,0.0425531914893617,0,0,0,3047,2953,0.081799999999987,1524,1523
open_boundary,35,32,8,open,600080,event,99,46,53,0.7734375,-0.0707070707070707,0.0707070707070707,0,0,0,5979,5880,0.08639999999999759,2990,2989
open_boundary,35,32,8,open,600081,event,97,47,50,0.7578125,-0.030927835051546393,0.030927835051546393,0,0,0,6720,6623,0.08579999999997767,3360,3360
open_boundary,35,32,8,open,600082,event,96,44,52,0.75,-0.08333333333333333,0.08333333333333333,0,0,0,3553,3457,0.08679999999998245,1777,1776
open_boundary,35,32,8,open,600083,event,100,45,55,0.78125,-0.1,0.1,0,0,0,7170,7070,0.09329999999999927,3585,3585
open_boundary,35,32,8,open,600084,event,95,49,46,0.7421875,0.031578947368421054,0.031578947368421054,0,0,0,3490,3395,0.08169999999998367,1745,1745
open_boundary,35,32,8,open,600085,event,103,53,50,0.8046875,0.02912621359223301,0.02912621359223301,0,0,0,3776,3673,0.09450000000001069,1888,1888
open_boundary,35,32,8,open,600086,event,96,60,36,0.75,0.25,0.25,0,0,0,2346,2250,0.08849999999998204,1173,1173
open_boundary,35,32,8,open,600087,event,89,59,30,0.6953125,0.3258426966292135,0.3258426966292135,0,0,0,2797,2708,0.07910000000001105,1399,1398
open_boundary,35,32,8,open,600088,event,102,56,46,0.796875,0.09803921568627451,0.09803921568627451,0,0,0,5291,5189,0.09309999999999263,2646,2645
open_boundary,35,32,8,open,600089,event,98,56,42,0.765625,0.14285714285714285,0.14285714285714285,0,0,0,4493,4395,0.15860000000000696,2247,2246
open_boundary,35,32,8,open,600090,event,94,64,30,0.734375,0.3617021276595745,0.3617021276595745,0,0,0,3631,3537,0.09049999999999159,1816,1815
open_boundary,35,32,8,open,600091,event,96,45,51,0.75,-0.0625,0.0625,0,0,0,8094,7998,0.07990000000000919,4047,4047
open_boundary,35,32,8,open,600092,event,101,56,45,0.7890625,0.10891089108910891,0.10891089108910891,0,0,0,4948,4847,0.09470000000001733,2474,2474
open_boundary,35,32,8,open,600093,event,102,61,41,0.796875,0.19607843137254902,0.19607843137254902,0,0,0,9294,9192,0.09180000000000632,4647,4647
open_boundary,35,32,8,open,600094,event,94,56,38,0.734375,0.19148936170212766,0.19148936170212766,0,0,0,1706,1612,0.081799999999987,853,853
open_boundary,35,32,8,open,600095,event,96,71,25,0.75,0.4791666666666667,0.4791666666666667,0,0,0,3284,3188,0.09159999999999968,1642,1642
open_boundary,35,32,8,open,600096,event,93,43,50,0.7265625,-0.07526881720430108,0.07526881720430108,0,0,0,2675,2582,0.08080000000001064,1338,1337
open_boundary,35,32,8,open,600097,event,96,57,39,0.75,0.1875,0.1875,0,0,0,5461,5365,0.09369999999998413,2731,2730
open_boundary,35,32,8,open,600098,event,98,43,55,0.765625,-0.12244897959183673,0.12244897959183673,0,0,0,2984,2886,0.08839999999997872,1492,1492
open_boundary,35,32,8,open,600099,event,93,45,48,0.7265625,-0.03225806451612903,0.03225806451612903,0,0,0,6207,6114,0.09090000000000487,3104,3103
open_boundary,35,32,8,open,600100,event,95,56,39,0.7421875,0.17894736842105263,0.17894736842105263,0,0,0,3326,3231,0.08330000000000837,1663,1663
open_boundary,35,32,8,open,600101,event,102,65,37,0.796875,0.27450980392156865,0.27450980392156865,0,0,0,6863,6761,0.10060000000001423,3432,3431
open_boundary,35,32,8,open,600102,event,98,46,52,0.765625,-0.061224489795918366,0.061224489795918366,0,0,0,4403,4305,0.08780000000001564,2202,2201
open_boundary,35,32,8,open,600103,event,102,56,46,0.796875,0.09803921568627451,0.09803921568627451,0,0,0,8167,8065,0.08770000000001232,4084,4083
open_boundary,35,32,8,open,600104,event,97,62,35,0.7578125,0.27835051546391754,0.27835051546391754,0,0,0,6501,6404,0.15690000000000737,3251,3250
open_boundary,35,32,8,open,600105,event,96,56,40,0.75,0.16666666666666666,0.16666666666666666,0,0,0,4984,4888,0.0835999999999899,2492,2492
open_boundary,35,32,8,open,600106,event,97,46,51,0.7578125,-0.05154639175257732,0.05154639175257732,0,0,0,6443,6346,0.08610000000004447,3222,3221
open_boundary,35,32,8,open,600107,event,98,59,39,0.765625,0.20408163265306123,0.20408163265306123,0,0,0,3097,2999,0.08909999999997353,1549,1548
open_boundary,35,32,8,open,600108,event,96,56,40,0.75,0.16666666666666666,0.16666666666666666,0,0,0,5945,5849,0.0805000000000291,2973,2972
open_boundary,35,32,8,open,600109,event,99,60,39,0.7734375,0.21212121212121213,0.21212121212121213,0,0,0,3302,3203,0.08080000000001064,1651,1651
open_boundary,35,32,8,open,600110,event,93,36,57,0.7265625,-0.22580645161290322,0.22580645161290322,0,0,0,5076,4983,0.08240000000000691,2538,2538
open_boundary,35,32,8,open,600111,event,90,40,50,0.703125,-0.1111111111111111,0.1111111111111111,0,0,0,5086,4996,0.07749999999998636,2543,2543
open_boundary,35,32,8,open,600112,event,93,46,47,0.7265625,-0.010752688172043012,0.010752688172043012,0,0,0,6265,6172,0.07900000000000773,3133,3132
open_boundary,35,32,8,open,600113,event,95,46,49,0.7421875,-0.031578947368421054,0.031578947368421054,0,0,0,3168,3073,0.08150000000000546,1584,1584
open_boundary,35,32,8,open,600114,event,91,46,45,0.7109375,0.01098901098901099,0.01098901098901099,0,0,0,5018,4927,0.07550000000003365,2509,2509
open_boundary,35,32,8,open,600115,event,89,30,59,0.6953125,-0.3258426966292135,0.3258426966292135,0,0,0,4575,4486,0.07469999999995025,2288,2287
open_boundary,35,32,8,open,600116,event,96,49,47,0.75,0.020833333333333332,0.020833333333333332,0,0,0,8132,8036,0.08150000000000546,4066,4066
open_boundary,35,32,8,open,600117,event,92,52,40,0.71875,0.13043478260869565,0.13043478260869565,0,0,0,4848,4756,0.07740000000001146,2424,2424
open_boundary,35,32,8,open,600118,event,98,37,61,0.765625,-0.24489795918367346,0.24489795918367346,0,0,0,1851,1753,0.083500000000015,926,925
open_boundary,35,32,8,open,600119,event,93,67,26,0.7265625,0.44086021505376344,0.44086021505376344,0,0,0,7249,7156,0.146000000000015,3625,3624
open_boundary,35,32,8,open,600120,event,97,31,66,0.7578125,-0.36082474226804123,0.36082474226804123,0,0,0,2424,2327,0.08400000000000318,1212,1212
open_boundary,35,32,8,open,600121,event,102,46,56,0.796875,-0.09803921568627451,0.09803921568627451,0,0,0,7969,7867,0.08330000000000837,3985,3984
open_boundary,35,32,8,open,600122,event,100,59,41,0.78125,0.18,0.18,0,0,0,4197,4097,0.08139999999997372,2099,2098
open_boundary,35,32,8,open,600123,event,97,50,47,0.7578125,0.030927835051546393,0.030927835051546393,0,0,0,3989,3892,0.07960000000002765,1995,1994
open_boundary,35,32,8,open,600124,event,93,47,46,0.7265625,0.010752688172043012,0.010752688172043012,0,0,0,2362,2269,0.07919999999995753,1181,1181
open_boundary,35,32,8,open,600125,event,91,46,45,0.7109375,0.01098901098901099,0.01098901098901099,0,0,0,3471,3380,0.07709999999997308,1736,1735
open_boundary,35,32,8,open,600126,event,96,52,44,0.75,0.08333333333333333,0.08333333333333333,0,0,0,5923,5827,0.0776000000000181,2962,2961
open_boundary,35,32,8,open,600127,event,97,40,57,0.7578125,-0.17525773195876287,0.17525773195876287,0,0,0,4715,4618,0.08339999999998327,2358,2357
open_boundary,35,32,8,open,600128,event,94,47,47,0.734375,0,0,0,0,0,2011,1917,0.08100000000001728,1006,1005
open_boundary,38,32,8,open,600001,event,86,43,43,0.671875,0,0,1,0,9,2095,2009,0.06939999999997326,1629,466
open_boundary,38,32,8,open,600002,event,94,47,47,0.734375,0,0,1,0,1,2424,2330,0.0736999999999739,1092,1332
open_boundary,38,32,8,open,600003,event,95,48,47,0.7421875,0.010526315789473684,0.010526315789473684,1,6,0,2302,2207,0.07529999999997017,414,1888
open_boundary,38,32,8,open,600004,event,95,48,47,0.7421875,0.010526315789473684,0.010526315789473684,1,5,0,3164,3069,0.0835999999999899,1014,2150
open_boundary,38,32,8,open,600005,event,91,46,45,0.7109375,0.01098901098901099,0.01098901098901099,1,7,0,1242,1151,0.07429999999999382,522,720
open_boundary,38,32,8,open,600006,event,85,43,42,0.6640625,0.011764705882352941,0.011764705882352941,1,15,0,1822,1737,0.07229999999998427,487,1335
open_boundary,38,32,8,open,600007,event,91,46,45,0.7109375,0.01098901098901099,0.01098901098901099,1,3,0,1645,1554,0.13759999999996353,1007,638
open_boundary,38,32,8,open,600008,event,88,44,44,0.6875,0,0,1,0,13,5087,4999,0.07429999999999382,4793,294
open_boundary,38,32,8,open,600009,event,101,51,50,0.7890625,0.009900990099009901,0.009900990099009901,1,3,0,2765,2664,0.07909999999998263,1167,1598
open_boundary,38,32,8,open,600010,event,100,50,50,0.78125,0,0,0,0,0,5407,5307,0.07709999999997308,4021,1386
open_boundary,38,32,8,open,600011,event,88,44,44,0.6875,0,0,1,0,7,3042,2954,0.07189999999997099,2734,308
open_boundary,38,32,8,open,600012,event,89,45,44,0.6953125,0.011235955056179775,0.011235955056179775,1,8,0,4591,4502,0.07339999999999236,500,4091
open_boundary,38,32,8,open,600013,event,94,47,47,0.734375,0,0,1,0,1,2715,2621,0.07519999999999527,1421,1294
open_boundary,38,32,8,open,600014,event,98,49,49,0.765625,0,0,1,0,3,4025,3927,0.07519999999999527,3366,659
open_boundary,38,32,8,open,600015,event,93,47,46,0.7265625,0.010752688172043012,0.010752688172043012,1,6,0,2229,2136,0.073599999999999,715,1514
open_boundary,38,32,8,open,600016,event,86,43,43,0.671875,0,0,1,0,22,1326,1240,0.06880000000001019,1031,295
open_boundary,38,32,8,open,600017,event,88,44,44,0.6875,0,0,1,0,13,2026,1938,0.07330000000001746,1390,636
open_boundary,38,32,8,open,600018,event,83,42,41,0.6484375,0.012048192771084338,0.012048192771084338,1,35,0,3593,3510,0.06850000000002865,226,3367
open_boundary,38,32,8,open,600019,event,92,46,46,0.71875,0,0,1,0,16,4048,3956,0.07409999999998718,3599,449
open_boundary,38,32,8,open,600020,event,90,45,45,0.703125,0,0,1,0,9,2789,2699,0.07209999999997763,2430,359
open_boundary,38,32,8,open,600021,event,90,45,45,0.703125,0,0,1,0,6,2406,2316,0.0724999999999909,1489,917
open_boundary,38,32,8,open,600022,event,81,41,40,0.6328125,0.012345679012345678,0.012345679012345678,1,63,0,1908,1827,0.06629999999995562,150,1758
open_boundary,38,32,8,open,600023,event,87,44,43,0.6796875,0.011494252873563218,0.011494252873563218,1,41,0,1831,1744,0.07229999999998427,230,1601
open_boundary,38,32,8,open,600024,event,93,47,46,0.7265625,0.010752688172043012,0.010752688172043012,1,3,0,2231,2138,0.13700000000000045,619,1612
open_boundary,38,32,8,open,600025,event,84,42,42,0.65625,0,0,1,0,22,1200,1116,0.07980000000003429,832,368
open_boundary,38,32,8,open,600026,event,81,41,40,0.6328125,0.012345679012345678,0.012345679012345678,1,20,0,1358,1277,0.07110000000000127,317,1041
open_boundary,38,32,8,open,600027,event,90,45,45,0.703125,0,0,1,0,5,1715,1625,0.08240000000000691,1262,453
open_boundary,38,32,8,open,600028,event,86,43,43,0.671875,0,0,1,0,24,2185,2099,0.07229999999998427,1802,383
open_boundary,38,32,8,open,600029,event,97,49,48,0.7578125,0.010309278350515464,0.010309278350515464,0,0,0,2622,2525,0.07889999999997599,1744,878
open_boundary,38,32,8,open,600030,event,90,45,45,0.703125,0,0,1,0,7,1737,1647,0.07999999999998408,893,844
open_boundary,38,32,8,open,600031,event,92,46,46,0.71875,0,0,1,0,6,1575,1483,0.07630000000000337,1096,479
open_boundary,38,32,8,open,600032,event,99,50,49,0.7734375,0.010101010101010102,0.010101010101010102,0,0,0,4281,4182,0.08150000000000546,1329,2952
open_boundary,38,32,8,open,600033,event,88,44,44,0.6875,0,0,1,0,14,2845,2757,0.07409999999998718,2420,425
open_boundary,38,32,8,open,600034,event,94,47,47,0.734375,0,0,0,0,0,2648,2554,0.07710000000002992,1385,1263
open_boundary,38,32,8,open,600035,event,93,47,46,0.7265625,0.010752688172043012,0.010752688172043012,1,2,0,1674,1581,0.0735000000000241,782,892
open_boundary,38,32,8,open,600036,event,95,48,47,0.7421875,0.010526315789473684,0.010526315789473684,1,3,0,3711,3616,0.07420000000001892,1039,2672
open_boundary,38,32,8,open,600037,event,97,49,48,0.7578125,0.010309278350515464,0.010309278350515464,0,0,0,2654,2557,0.07690000000002328,2092,562
open_boundary,38,32,8,open,600038,event,79,40,39,0.6171875,0.012658227848101266,0.012658227848101266,1,40,0,555,476,0.06510000000002947,213,342
open_boundary,38,32,8,open,600039,event,91,46,45,0.7109375,0.01098901098901099,0.01098901098901099,1,7,0,1545,1454,0.07319999999998572,825,720
open_boundary,38,32,8,open,600040,event,94,47,47,0.734375,0,0,1,0,2,1886,1792,0.07740000000001146,1175,711
open_boundary,38,32,8,open,600041,event,89,45,44,0.6953125,0.011235955056179775,0.011235955056179775,1,14,0,2233,2144,0.15059999999999718,538,1695
open_boundary,38,32,8,open,600042,event,98,49,49,0.765625,0,0,1,0,7,2846,2748,0.08319999999997663,1930,916
open_boundary,38,32,8,open,600043,event,84,42,42,0.65625,0,0,1,0,25,2150,2066,0.07189999999997099,1721,429
open_boundary,38,32,8,open,600044,event,93,47,46,0.7265625,0.010752688172043012,0.010752688172043012,1,13,0,2961,2868,0.0777999999999679,534,2427
open_boundary,38,32,8,open,600045,event,88,44,44,0.6875,0,0,1,0,20,1658,1570,0.07220000000000937,1260,398
open_boundary,38,32,8,open,600046,event,89,45,44,0.6953125,0.011235955056179775,0.011235955056179775,1,2,0,1600,1511,0.07179999999999609,550,1050
open_boundary,38,32,8,open,600047,event,89,45,44,0.6953125,0.011235955056179775,0.011235955056179775,1,1,0,2319,2230,0.07420000000001892,882,1437
open_boundary,38,32,8,open,600048,event,96,48,48,0.75,0,0,1,0,1,1306,1210,0.117999999999995,457,849
open_boundary,38,32,8,open,600049,event,92,46,46,0.71875,0,0,1,0,2,4056,3964,0.10750000000001592,1592,2464
open_boundary,38,32,8,open,600050,event,82,41,41,0.640625,0,0,1,0,18,4270,4188,0.0775000000000432,4029,241
open_boundary,38,32,8,open,600051,event,87,44,43,0.6796875,0.011494252873563218,0.011494252873563218,1,19,0,5643,5556,0.0735000000000241,428,5215
open_boundary,38,32,8,open,600052,event,94,47,47,0.734375,0,0,1,0,5,2946,2852,0.07620000000002847,2360,586
open_boundary,38,32,8,open,600053,event,93,47,46,0.7265625,0.010752688172043012,0.010752688172043012,1,6,0,2062,1969,0.07770000000004984,510,1552
open_boundary,38,32,8,open,600054,event,98,49,49,0.765625,0,0,0,0,0,2329,2231,0.08509999999995443,1915,414
open_boundary,38,32,8,open,600055,event,88,44,44,0.6875,0,0,1,0,4,1642,1554,0.07429999999999382,996,646
open_boundary,38,32,8,open,600056,event,94,47,47,0.734375,0,0,1,0,3,2123,2029,0.07499999999998863,1023,1100
open_boundary,38,32,8,open,600057,event,97,49,48,0.7578125,0.010309278350515464,0.010309278350515464,1,2,0,2195,2098,0.17319999999995161,847,1348
open_boundary,38,32,8,open,600058,event,97,49,48,0.7578125,0.010309278350515464,0.010309278350515464,1,3,0,1853,1756,0.08699999999998909,1014,839
open_boundary,38,32,8,open,600059,event,89,45,44,0.6953125,0.011235955056179775,0.011235955056179775,1,29,0,2544,2455,0.07219999999995252,258,2286
open_boundary,38,32,8,open,600060,event,88,44,44,0.6875,0,0,1,0,23,1592,1504,0.06979999999998654,1226,366
open_boundary,38,32,8,open,600061,event,91,46,45,0.7109375,0.01098901098901099,0.01098901098901099,1,5,0,2592,2501,0.07310000000001082,802,1790
open_boundary,38,32,8,open,600062,event,93,47,46,0.7265625,0.010752688172043012,0.010752688172043012,1,3,0,3048,2955,0.07609999999999673,598,2450
open_boundary,38,32,8,open,600063,event,95,48,47,0.7421875,0.010526315789473684,0.010526315789473684,1,2,0,4887,4792,0.07540000000000191,512,4375
open_boundary,38,32,8,open,600064,event,85,43,42,0.6640625,0.011764705882352941,0.011764705882352941,1,19,0,1097,1012,0.069500000000005,328,769
open_boundary,38,32,8,open,600065,event,91,46,45,0.7109375,0.01098901098901099,0.01098901098901099,1,6,0,2279,2188,0.07370000000003074,1114,1165
open_boundary,38,32,8,open,600066,event,91,46,45,0.7109375,0.01098901098901099,0.01098901098901099,1,8,0,1613,1522,0.07459999999997535,356,1257
open_boundary,38,32,8,open,600067,event,95,48,47,0.7421875,0.010526315789473684,0.010526315789473684,1,2,0,1518,1423,0.07429999999999382,677,841
open_boundary,38,32,8,open,600068,event,89,45,44,0.6953125,0.011235955056179775,0.011235955056179775,1,14,0,1564,1475,0.07580000000001519,488,1076
open_boundary,38,32,8,open,600069,event,86,43,43,0.671875,0,0,1,0,27,1799,1713,0.07179999999999609,1514,285
open_boundary,38,32,8,open,600070,event,87,44,43,0.6796875,0.011494252873563218,0.011494252873563218,1,41,0,2393,2306,0.07230000000004111,231,2162
open_boundary,38,32,8,open,600071,event,80,40,40,0.625,0,0,1,0,41,1159,1079,0.06839999999999691,949,210
open_boundary,38,32,8,open,600072,event,98,49,49,0.765625,0,0,0,0,0,2232,2134,0.07850000000001955,1354,878
open_boundary,38,32,8,open,600073,event,95,48,47,0.7421875,0.010526315789473684,0.010526315789473684,0,0,0,2524,2429,0.07499999999998863,811,1713
open_boundary,38,32,8,open,600074,event,88,44,44,0.6875,0,0,1,0,9,2213,2125,0.14789999999999281,1767,446
open_boundary,38,32,8,open,600075,event,79,40,39,0.6171875,0.012658227848101266,0.012658227848101266,1,46,0,1108,1029,0.07189999999997099,196,912
open_boundary,38,32,8,open,600076,event,96,48,48,0.75,0,0,1,0,7,3187,3091,0.07799999999997453,2762,425
open_boundary,38,32,8,open,600077,event,93,47,46,0.7265625,0.010752688172043012,0.010752688172043012,0,0,0,2652,2559,0.07409999999998718,703,1949
open_boundary,38,32,8,open,600078,event,84,42,42,0.65625,0,0,1,0,35,1826,1742,0.06729999999998881,1577,249
open_boundary,38,32,8,open,600079,event,97,49,48,0.7578125,0.010309278350515464,0.010309278350515464,1,2,0,3499,3402,0.11730000000000018,1100,2399
open_boundary,38,32,8,open,600080,event,96,48,48,0.75,0,0,1,0,17,2465,2369,0.07859999999999445,1817,648
open_boundary,38,32,8,open,600081,event,94,47,47,0.734375,0,0,0,0,0,3232,3138,0.07569999999998345,1402,1830
open_boundary,38,32,8,open,600082,event,90,45,45,0.703125,0,0,1,0,21,2671,2581,0.07450000000000045,2172,499
open_boundary,38,32,8,open,600083,event,76,38,38,0.59375,0,0,1,0,63,619,543,0.06380000000001473,445,174
open_boundary,38,32,8,open,600084,event,86,43,43,0.671875,0,0,1,0,17,2852,2766,0.06970000000001164,2685,167
open_boundary,38,32,8,open,600085,event,97,49,48,0.7578125,0.010309278350515464,0.010309278350515464,1,2,0,2715,2618,0.07699999999999818,1212,1503
open_boundary,38,32,8,open,600086,event,94,47,47,0.734375,0,0,0,0,0,3415,3321,0.07639999999997826,2308,1107
open_boundary,38,32,8,open,600087,event,96,48,48,0.75,0,0,1,0,1,3232,3136,0.07909999999998263,2366,866
open_boundary,38,32,8,open,600088,event,91,46,45,0.7109375,0.01098901098901099,0.01098901098901099,1,2,0,3655,3564,0.07380000000000564,1421,2234
open_boundary,38,32,8,open,600089,event,82,41,41,0.640625,0,0,1,0,38,1352,1270,0.06749999999999545,1181,171
open_boundary,38,32,8,open,600090,event,94,47,47,0.734375,0,0,1,0,3,2216,2122,0.07569999999998345,1737,479
open_boundary,38,32,8,open,600091,event,87,44,43,0.6796875,0.011494252873563218,0.011494252873563218,1,16,0,2303,2216,0.1431999999999789,414,1889
open_boundary,38,32,8,open,600092,event,81,41,40,0.6328125,0.012345679012345678,0.012345679012345678,1,33,0,2212,2131,0.07450000000000045,212,2000
open_boundary,38,32,8,open,600093,event,92,46,46,0.71875,0,0,0,0,0,3362,3270,0.07619999999997162,1101,2261
open_boundary,38,32,8,open,600094,event,90,45,45,0.703125,0,0,1,0,6,1493,1403,0.07179999999999609,806,687
open_boundary,38,32,8,open,600095,event,95,48,47,0.7421875,0.010526315789473684,0.010526315789473684,1,1,0,3705,3610,0.07400000000001228,764,2941
open_boundary,38,32,8,open,600096,event,93,47,46,0.7265625,0.010752688172043012,0.010752688172043012,1,6,0,2231,2138,0.0735000000000241,458,1773
open_boundary,38,32,8,open,600097,event,82,41,41,0.640625,0,0,1,0,32,1031,949,0.06710000000003902,804,227
open_boundary,38,32,8,open,600098,event,84,42,42,0.65625,0,0,1,0,26,2066,1982,0.06709999999998217,1753,313
open_boundary,38,32,8,open,600099,event,93,47,46,0.7265625,0.010752688172043012,0.010752688172043012,1,26,0,1921,1828,0.07339999999999236,468,1453
open_boundary,38,32,8,open,600100,event,85,43,42,0.6640625,0.011764705882352941,0.011764705882352941,1,31,0,1561,1476,0.06810000000001537,265,1296
open_boundary,38,32,8,open,600101,event,85,43,42,0.6640625,0.011764705882352941,0.011764705882352941,1,14,0,1112,1027,0.07220000000000937,190,922
open_boundary,38,32,8,open,600102,event,82,41,41,0.640625,0,0,1,0,23,2617,2535,0.073599999999999,2350,267
open_boundary,38,32,8,open,600103,event,85,43,42,0.6640625,0.011764705882352941,0.011764705882352941,1,33,0,2292,2207,0.06860000000000355,281,2011
open_boundary,38,32,8,open,600104,event,90,45,45,0.703125,0,0,1,0,28,2334,2244,0.08850000000001046,1944,390
open_boundary,38,32,8,open,600105,event,77,39,38,0.6015625,0.012987012987012988,0.012987012987012988,1,42,0,2363,2286,0.07290000000000418,265,2098
open_boundary,38,32,8,open,600106,event,93,47,46,0.7265625,0.010752688172043012,0.010752688172043012,1,1,0,2833,2740,0.08330000000000837,1276,1557
open_boundary,38,32,8,open,600107,event,89,45,44,0.6953125,0.011235955056179775,0.011235955056179775,1,13,0,4693,4604,0.07749999999998636,314,4379
open_boundary,38,32,8,open,600108,event,87,44,43,0.6796875,0.011494252873563218,0.011494252873563218,1,24,0,1992,1905,0.14470000000000027,436,1556
open_boundary,38,32,8,open,600109,event,84,42,42,0.65625,0,0,1,0,33,916,832,0.07400000000001228,694,222
open_boundary,38,32,8,open,600110,event,87,44,43,0.6796875,0.011494252873563218,0.011494252873563218,1,27,0,5133,5046,0.07489999999995689,268,4865
open_boundary,38,32,8,open,600111,event,83,42,41,0.6484375,0.012048192771084338,0.012048192771084338,1,9,0,1708,1625,0.08009999999995898,465,1243
open_boundary,38,32,8,open,600112,event,97,49,48,0.7578125,0.010309278350515464,0.010309278350515464,1,2,0,2661,2564,0.08009999999995898,1713,948
open_boundary,38,32,8,open,600113,event,86,43,43,0.671875,0,0,1,0,21,900,814,0.08310000000000173,495,405
open_boundary,38,32,8,open,600114,event,86,43,43,0.671875,0,0,1,0,21,2260,2174,0.07220000000000937,1842,418
open_boundary,38,32,8,open,600115,event,90,45,45,0.703125,0,0,1,0,1,2218,2128,0.09279999999995425,864,1354
open_boundary,38,32,8,open,600116,event,92,46,46,0.71875,0,0,1,0,12,4205,4113,0.08449999999999136,3693,512
open_boundary,38,32,8,open,600117,event,91,46,45,0.7109375,0.01098901098901099,0.01098901098901099,1,3,0,4048,3957,0.0765999999999849,766,3282
open_boundary,38,32,8,open,600118,event,94,47,47,0.734375,0,0,1,0,7,1578,1484,0.07949999999999591,824,754
open_boundary,38,32,8,open,600119,event,100,50,50,0.78125,0,0,0,0,0,5562,5462,0.08280000000002019,4343,1219
open_boundary,38,32,8,open,600120,event,89,45,44,0.6953125,0.011235955056179775,0.011235955056179775,1,24,0,1455,1366,0.07999999999998408,296,1159
open_boundary,38,32,8,open,600121,event,80,40,40,0.625,0,0,1,0,71,1608,1528,0.07209999999997763,1433,175
open_boundary,38,32,8,open,600122,event,94,47,47,0.734375,0,0,0,0,0,2901,2807,0.09320000000002437,1210,1691
open_boundary,38,32,8,open,600123,event,82,41,41,0.640625,0,0,1,0,39,1092,1010,0.07279999999997244,834,258
open_boundary,38,32,8,open,600124,event,83,42,41,0.6484375,0.012048192771084338,0.012048192771084338,1,36,0,2493,2410,0.0765999999999849,309,2184
open_boundary,38,32,8,open,600125,event,77,39,38,0.6015625,0.012987012987012988,0.012987012987012988,1,70,0,1392,1315,0.13889999999997826,128,1264
open_boundary,38,32,8,open,600126,event,83,42,41,0.6484375,0.012048192771084338,0.012048192771084338,1,19,0,712,629,0.07179999999999609,234,478
open_boundary,38,32,8,open,600127,event,90,45,45,0.703125,0,0,1,0,14,5767,5677,0.07409999999998718,5355,412
open_boundary,38,32,8,open,600128,event,92,46,46,0.71875,0,0,1,0,2,1729,1637,0.07639999999997826,756,973
open_boundary,41,32,8,open,600001,event,97,86,11,0.7578125,0.7731958762886598,0.7731958762886598,0,0,0,2179,2082,0.098700000000008,1127,1052
open_boundary,41,32,8,open,600002,event,94,88,6,0.734375,0.8723404255319149,0.8723404255319149,0,0,0,4890,4796,0.08379999999999654,2486,2404
open_boundary,41,32,8,open,600003,event,94,79,15,0.734375,0.6808510638297872,0.6808510638297872,0,0,0,1986,1892,0.07799999999997453,1025,961
open_boundary,41,32,8,open,600004,event,93,68,25,0.7265625,0.46236559139784944,0.46236559139784944,0,0,0,3145,3052,0.07829999999995607,1594,1551
open_boundary,41,32,8,open,600005,event,97,82,15,0.7578125,0.6907216494845361,0.6907216494845361,0,0,0,2869,2772,0.07999999999998408,1468,1401
open_boundary,41,32,8,open,600006,event,95,31,64,0.7421875,-0.3473684210526316,0.3473684210526316,0,0,0,4118,4023,0.09300000000001774,2043,2075
open_boundary,41,32,8,open,600007,event,92,61,31,0.71875,0.32608695652173914,0.32608695652173914,0,0,0,3398,3306,0.07789999999999964,1714,1684
open_boundary,41,32,8,open,600008,event,96,84,12,0.75,0.75,0.75,0,0,0,4718,4622,0.08400000000000318,2395,2323
open_boundary,41,32,8,open,600009,event,91,82,9,0.7109375,0.8021978021978022,0.8021978021978022,0,0,0,5651,5560,0.081799999999987,2862,2789
open_boundary,41,32,8,open,600010,event,96,39,57,0.75,-0.1875,0.1875,0,0,0,6367,6271,0.08330000000000837,3175,3192
open_boundary,41,32,8,open,600011,event,93,74,19,0.7265625,0.5913978494623656,0.5913978494623656,0,0,0,6361,6268,0.07589999999999009,3208,3153
open_boundary,41,32,8,open,600012,event,94,87,7,0.734375,0.851063829787234,0.851063829787234,0,0,0,6218,6124,0.0876999999999839,3149,3069
open_boundary,41,32,8,open,600013,event,100,77,23,0.78125,0.54,0.54,0,0,0,5570,5470,0.18400000000002592,2812,2758
open_boundary,41,32,8,open,600014,event,93,79,14,0.7265625,0.6989247311827957,0.6989247311827957,0,0,0,9155,9062,0.08969999999999345,4610,4545
open_boundary,41,32,8,open,600015,event,99,65,34,0.7734375,0.31313131313131315,0.31313131313131315,0,0,0,3088,2989,0.08239999999995007,1560,1528
open_boundary,41,32,8,open,600016,event,94,83,11,0.734375,0.7659574468085106,0.7659574468085106,0,0,0,2391,2297,0.07589999999999009,1232,1159
open_boundary,41,32,8,open,600017,event,100,71,29,0.78125,0.42,0.42,0,0,0,4769,4669,0.08240000000000691,2406,2363
open_boundary,41,32,8,open,600018,event,102,72,30,0.796875,0.4117647058823529,0.4117647058823529,0,0,0,5692,5590,0.08559999999999945,2867,2825
open_boundary,41,32,8,open,600019,event,89,53,36,0.6953125,0.19101123595505617,0.19101123595505617,0,0,0,3378,3289,0.08449999999999136,1698,1680
open_boundary,41,32,8,open,600020,event,94,88,6,0.734375,0.8723404255319149,0.8723404255319149,0,0,0,2668,2574,0.07850000000001955,1375,1293
open_boundary,41,32,8,open,600021,event,93,74,19,0.7265625,0.5913978494623656,0.5913978494623656,0,0,0,2653,2560,0.07639999999997826,1354,1299
open_boundary,41,32,8,open,600022,event,96,32,64,0.75,-0.3333333333333333,0.3333333333333333,0,0,0,2496,2400,0.08019999999999072,1232,1264
open_boundary,41,32,8,open,600023,event,97,74,23,0.7578125,0.5257731958762887,0.5257731958762887,0,0,0,4241,4144,0.07939999999996417,2146,2095
open_boundary,41,32,8,open,600024,event,96,90,6,0.75,0.875,0.875,0,0,0,5015,4919,0.07949999999999591,2550,2465
open_boundary,41,32,8,open,600025,event,92,78,14,0.71875,0.6956521739130435,0.6956521739130435,0,0,0,3036,2944,0.07679999999999154,1550,1486
open_boundary,41,32,8,open,600026,event,97,55,42,0.7578125,0.13402061855670103,0.13402061855670103,0,0,0,8551,8454,0.08059999999994716,4282,4269
open_boundary,41,32,8,open,600027,event,95,59,36,0.7421875,0.24210526315789474,0.24210526315789474,0,0,0,3693,3598,0.07819999999998117,1858,1835
open_boundary,41,32,8,open,600028,event,95,65,30,0.7421875,0.3684210526315789,0.3684210526315789,0,0,0,4922,4827,0.1563000000000443,2479,2443
open_boundary,41,32,8,open,600029,event,96,43,53,0.75,-0.10416666666666667,0.10416666666666667,0,0,0,5033,4937,0.102800000000002,2512,2521
open_boundary,41,32,8,open,600030,event,96,55,41,0.75,0.14583333333333334,0.14583333333333334,0,0,0,4027,3931,0.08029999999996562,2021,2006
open_boundary,41,32,8,open,600031,event,99,88,11,0.7734375,0.7777777777777778,0.7777777777777778,0,0,0,4482,4383,0.07980000000003429,2280,2202
open_boundary,41,32,8,open,600032,event,100,70,30,0.78125,0.4,0.4,0,0,0,4952,4852,0.08100000000001728,2496,2456
open_boundary,41,32,8,open,600033,event,94,63,31,0.734375,0.3404255319148936,0.3404255319148936,0,0,0,8040,7946,0.0765999999999849,4036,4004
open_boundary,41,32,8,open,600034,event,93,80,13,0.7265625,0.7204301075268817,0.7204301075268817,0,0,0,2043,1950,0.07729999999997972,1055,988
open_boundary,41,32,8,open,600035,event,100,83,17,0.78125,0.66,0.66,0,0,0,5659,5559,0.08150000000000546,2863,2796
open_boundary,41,32,8,open,600036,event,95,72,23,0.7421875,0.5157894736842106,0.5157894736842106,0,0,0,3248,3153,0.07810000000000628,1649,1599
open_boundary,41,32,8,open,600037,event,95,67,28,0.7421875,0.4105263157894737,0.4105263157894737,0,0,0,2777,2682,0.07819999999998117,1408,1369
open_boundary,41,32,8,open,600038,event,97,80,17,0.7578125,0.6494845360824743,0.6494845360824743,0,0,0,2577,2480,0.08499999999997954,1320,1257
open_boundary,41,32,8,open,600039,event,97,94,3,0.7578125,0.9381443298969072,0.9381443298969072,0,0,0,9373,9276,0.08990000000000009,4732,4641
open_boundary,41,32,8,open,600040,event,95,70,25,0.7421875,0.47368421052631576,0.47368421052631576,0,0,0,1719,1624,0.0858000000000061,882,837
open_boundary,41,32,8,open,600041,event,98,83,15,0.765625,0.6938775510204082,0.6938775510204082,0,0,0,1938,1840,0.07810000000000628,1003,935
open_boundary,41,32,8,open,600042,event,95,71,24,0.7421875,0.49473684210526314,0.49473684210526314,0,0,0,2323,2228,0.0764000000000351,1185,1138
open_boundary,41,32,8,open,600043,event,96,72,24,0.75,0.5,0.5,0,0,0,2462,2366,0.15359999999998308,1255,1207
open_boundary,41,32,8,open,600044,event,97,61,36,0.7578125,0.25773195876288657,0.25773195876288657,0,0,0,3647,3550,0.08429999999998472,1836,1811
open_boundary,41,32,8,open,600045,event,92,78,14,0.71875,0.6956521739130435,0.6956521739130435,0,0,0,7700,7608,0.07619999999997162,3882,3818
open_boundary,41,32,8,open,600046,event,97,89,8,0.7578125,0.8350515463917526,0.8350515463917526,0,0,0,3849,3752,0.08039999999999736,1965,1884
open_boundary,41,32,8,open,600047,event,90,81,9,0.703125,0.8,0.8,0,0,0,4928,4838,0.08189999999996189,2500,2428
open_boundary,41,32,8,open,600048,event,93,71,22,0.7265625,0.5268817204301075,0.5268817204301075,0,0,0,1941,1848,0.08390000000002829,995,946
open_boundary,41,32,8,open,600049,event,94,72,22,0.734375,0.5319148936170213,0.5319148936170213,0,0,0,6750,6656,0.0817000000000121,3400,3350
open_boundary,41,32,8,open,600050,event,94,70,24,0.734375,0.48936170212765956,0.48936170212765956,0,0,0,1806,1712,0.0875000000000341,926,880
open_boundary,41,32,8,open,600051,event,94,67,27,0.734375,0.425531914893617,0.425531914893617,0,0,0,3430,3336,0.08190000000001874,1735,1695
open_boundary,41,32,8,open,600052,event,95,71,24,0.7421875,0.49473684210526314,0.49473684210526314,0,0,0,4249,4154,0.07819999999998117,2148,2101
open_boundary,41,32,8,open,600053,event,98,80,18,0.765625,0.6326530612244898,0.6326530612244898,0,0,0,5848,5750,0.07920000000001437,2955,2893
open_boundary,41,32,8,open,600054,event,95,27,68,0.7421875,-0.43157894736842106,0.43157894736842106,0,0,0,4165,4070,0.07929999999998927,2062,2103
open_boundary,41,32,8,open,600055,event,101,89,12,0.7890625,0.7623762376237624,0.7623762376237624,0,0,0,4211,4110,0.08310000000000173,2144,2067
open_boundary,41,32,8,open,600056,event,95,73,22,0.7421875,0.5368421052631579,0.5368421052631579,0,0,0,4028,3933,0.07939999999996417,2040,1988
open_boundary,41,32,8,open,600057,event,92,38,54,0.71875,-0.17391304347826086,0.17391304347826086,0,0,0,2937,2845,0.07799999999997453,1461,1476
open_boundary,41,32,8,open,600058,event,88,67,21,0.6875,0.5227272727272727,0.5227272727272727,0,0,0,4188,4100,0.14470000000000027,2117,2071
open_boundary,41,32,8,open,600059,event,91,76,15,0.7109375,0.6703296703296703,0.6703296703296703,0,0,0,4223,4132,0.08080000000001064,2142,2081
open_boundary,41,32,8,open,600060,event,96,65,31,0.75,0.3541666666666667,0.3541666666666667,0,0,0,4404,4308,0.08280000000002019,2219,2185
open_boundary,41,32,8,open,600061,event,90,80,10,0.703125,0.7777777777777778,0.7777777777777778,0,0,0,4298,4208,0.07749999999998636,2184,2114
open_boundary,41,32,8,open,600062,event,95,81,14,0.7421875,0.7052631578947368,0.7052631578947368,0,0,0,4138,4043,0.07589999999999009,2103,2035
open_boundary,41,32,8,open,600063,event,103,50,53,0.8046875,-0.02912621359223301,0.02912621359223301,0,0,0,3805,3702,0.08550000000002456,1901,1904
open_boundary,41,32,8,open,600064,event,96,72,24,0.75,0.5,0.5,0,0,0,5249,5153,0.07810000000000628,2649,2600
open_boundary,41,32,8,open,600065,event,95,55,40,0.7421875,0.15789473684210525,0.15789473684210525,0,0,0,4506,4411,0.07800000000003138,2261,2245
open_boundary,41,32,8,open,600066,event,93,78,15,0.7265625,0.6774193548387096,0.6774193548387096,0,0,0,4697,4604,0.0776000000000181,2380,2317
open_boundary,41,32,8,open,600067,event,101,89,12,0.7890625,0.7623762376237624,0.7623762376237624,0,0,0,5097,4996,0.09199999999998454,2587,2510
open_boundary,41,32,8,open,600068,event,96,84,12,0.75,0.75,0.75,0,0,0,3326,3230,0.08159999999998035,1699,1627
open_boundary,41,32,8,open,600069,event,94,87,7,0.734375,0.851063829787234,0.851063829787234,0,0,0,3658,3564,0.0746000000000322,1869,1789
open_boundary,41,32,8,open,600070,event,95,87,8,0.7421875,0.8315789473684211,0.8315789473684211,0,0,0,3183,3088,0.09429999999997563,1631,1552
open_boundary,41,32,8,open,600071,event,94,72,22,0.734375,0.5319148936170213,0.5319148936170213,0,0,0,2058,1964,0.10129999999998063,1054,1004
open_boundary,41,32,8,open,600072,event,94,87,7,0.734375,0.851063829787234,0.851063829787234,0,0,0,4368,4274,0.08030000000002246,2224,2144
open_boundary,41,32,8,open,600073,event,98,76,22,0.765625,0.5510204081632653,0.5510204081632653,0,0,0,3051,2953,0.08049999999997226,1553,1498
open_boundary,41,32,8,open,600074,event,92,71,21,0.71875,0.5434782608695652,0.5434782608695652,0,0,0,5045,4953,0.141399999999976,2548,2497
open_boundary,41,32,8,open,600075,event,96,67,29,0.75,0.3958333333333333,0.3958333333333333,0,0,0,5531,5435,0.08780000000001564,2785,2746
open_boundary,41,32,8,open,600076,event,91,43,48,0.7109375,-0.054945054945054944,0.054945054945054944,0,0,0,1771,1680,0.07819999999998117,883,888
open_boundary,41,32,8,open,600077,event,94,79,15,0.734375,0.6808510638297872,0.6808510638297872,0,0,0,13115,13021,0.07729999999997972,6590,6525
open_boundary,41,32,8,open,600078,event,95,42,53,0.7421875,-0.11578947368421053,0.11578947368421053,0,0,0,2047,1952,0.07900000000000773,1018,1029
open_boundary,41,32,8,open,600079,event,90,80,10,0.703125,0.7777777777777778,0.7777777777777778,0,0,0,3420,3330,0.07210000000003447,1745,1675
open_boundary,41,32,8,open,600080,event,86,39,47,0.671875,-0.09302325581395349,0.09302325581395349,0,0,0,3925,3839,0.0747000000000071,1959,1966
open_boundary,41,32,8,open,600081,event,93,85,8,0.7265625,0.8279569892473119,0.8279569892473119,0,0,0,4121,4028,0.07849999999996271,2099,2022
open_boundary,41,32,8,open,600082,event,97,89,8,0.7578125,0.8350515463917526,0.8350515463917526,0,0,0,3943,3846,0.10869999999999891,2012,1931
open_boundary,41,32,8,open,600083,event,100,66,34,0.78125,0.32,0.32,0,0,0,5539,5439,0.0888999999999669,2786,2753
open_boundary,41,32,8,open,600084,event,96,42,54,0.75,-0.125,0.125,0,0,0,5651,5555,0.08370000000002165,2820,2831
open_boundary,41,32,8,open,600085,event,99,72,27,0.7734375,0.45454545454545453,0.45454545454545453,0,0,0,3949,3850,0.08140000000003056,1997,1952
open_boundary,41,32,8,open,600086,event,96,78,18,0.75,0.625,0.625,0,0,0,4772,4676,0.08440000000001646,2416,2356
open_boundary,41,32,8,open,600087,event,96,73,23,0.75,0.5208333333333334,0.5208333333333334,0,0,0,3370,3274,0.08089999999998554,1710,1660
open_boundary,41,32,8,open,600088,event,97,47,50,0.7578125,-0.030927835051546393,0.030927835051546393,0,0,0,6017,5920,0.08249999999998181,3007,3010
open_boundary,41,32,8,open,600089,event,96,77,19,0.75,0.6041666666666666,0.6041666666666666,0,0,0,3815,3719,0.14299999999997226,1937,1878
open_boundary,41,32,8,open,600090,event,93,77,16,0.7265625,0.6559139784946236,0.6559139784946236,0,0,0,6239,6146,0.07960000000002765,3150,3089
open_boundary,41,32,8,open,600091,event,97,79,18,0.7578125,0.6288659793814433,0.6288659793814433,0,0,0,4398,4301,0.08190000000001874,2230,2168
open_boundary,41,32,8,open,600092,event,94,90,4,0.734375,0.9148936170212766,0.9148936170212766,0,0,0,3296,3202,0.08159999999998035,1691,1605
open_boundary,41,32,8,open,600093,event,95,48,47,0.7421875,0.010526315789473684,0.010526315789473684,0,0,0,3199,3104,0.07889999999997599,1600,1599
open_boundary,41,32,8,open,600094,event,96,81,15,0.75,0.6875,0.6875,0,0,0,2554,2458,0.07740000000001146,1310,1244
open_boundary,41,32,8,open,600095,event,97,88,9,0.7578125,0.8144329896907216,0.8144329896907216,0,0,0,4485,4388,0.077699999999993,2282,2203
open_boundary,41,32,8,open,600096,event,97,75,22,0.7578125,0.5463917525773195,0.5463917525773195,0,0,0,3288,3191,0.08609999999998763,1671,1617
open_boundary,41,32,8,open,600097,event,90,84,6,0.703125,0.8666666666666667,0.8666666666666667,0,0,0,2006,1916,0.07330000000001746,1042,964
open_boundary,41,32,8,open,600098,event,93,86,7,0.7265625,0.8494623655913979,0.8494623655913979,0,0,0,3609,3516,0.0735000000000241,1844,1765
open_boundary,41,32,8,open,600099,event,90,81,9,0.703125,0.8,0.8,0,0,0,2358,2268,0.07170000000002119,1215,1143
open_boundary,41,32,8,open,600100,event,95,71,24,0.7421875,0.49473684210526314,0.49473684210526314,0,0,0,3569,3474,0.07830000000001291,1808,1761
open_boundary,41,32,8,open,600101,event,93,34,59,0.7265625,-0.26881720430107525,0.26881720430107525,0,0,0,1797,1704,0.08029999999996562,886,911
open_boundary,41,32,8,open,600102,event,100,30,70,0.78125,-0.4,0.4,0,0,0,4137,4037,0.08390000000002829,2049,2088
open_boundary,41,32,8,open,600103,event,92,48,44,0.71875,0.043478260869565216,0.043478260869565216,0,0,0,3910,3818,0.08719999999999573,1957,1953
open_boundary,41,32,8,open,600104,event,98,35,63,0.765625,-0.2857142857142857,0.2857142857142857,0,0,0,4529,4431,0.14449999999999363,2251,2278
open_boundary,41,32,8,open,600105,event,94,69,25,0.734375,0.46808510638297873,0.46808510638297873,0,0,0,3394,3300,0.08199999999999363,1719,1675
open_boundary,41,32,8,open,600106,event,89,69,20,0.6953125,0.550561797752809,0.550561797752809,0,0,0,8295,8206,0.08019999999999072,4172,4123
open_boundary,41,32,8,open,600107,event,93,52,41,0.7265625,0.11827956989247312,0.11827956989247312,0,0,0,4175,4082,0.07609999999999673,2093,2082
open_boundary,41,32,8,open,600108,event,97,41,56,0.7578125,-0.15463917525773196,0.15463917525773196,0,0,0,4331,4234,0.07949999999999591,2158,2173
open_boundary,41,32,8,open,600109,event,93,72,21,0.7265625,0.5483870967741935,0.5483870967741935,0,0,0,4535,4442,0.077699999999993,2293,2242
open_boundary,41,32,8,open,600110,event,93,68,25,0.7265625,0.46236559139784944,0.46236559139784944,0,0,0,5505,5412,0.07650000000001,2774,2731
open_boundary,41,32,8,open,600111,event,92,57,35,0.71875,0.2391304347826087,0.2391304347826087,0,0,0,1870,1778,0.07619999999997162,946,924
open_boundary,41,32,8,open,600112,event,101,48,53,0.7890625,-0.04950495049504951,0.04950495049504951,0,0,0,5380,5279,0.08449999999999136,2688,2692
open_boundary,41,32,8,open,600113,event,95,87,8,0.7421875,0.8315789473684211,0.8315789473684211,0,0,0,2777,2682,0.073599999999999,1428,1349
open_boundary,41,32,8,open,600114,event,92,41,51,0.71875,-0.10869565217391304,0.10869565217391304,0,0,0,4869,4777,0.07290000000000418,2430,2439
open_boundary,41,32,8,open,600115,event,94,54,40,0.734375,0.14893617021276595,0.14893617021276595,0,0,0,8115,8021,0.08030000000002246,4065,4050
open_boundary,41,32,8,open,600116,event,102,81,21,0.796875,0.5882352941176471,0.5882352941176471,0,0,0,4750,4648,0.11520000000001573,2405,2345
open_boundary,41,32,8,open,600117,event,95,70,25,0.7421875,0.47368421052631576,0.47368421052631576,0,0,0,3655,3560,0.08440000000001646,1850,1805
open_boundary,41,32,8,open,600118,event,94,75,19,0.734375,0.5957446808510638,0.5957446808510638,0,0,0,5324,5230,0.07810000000000628,2690,2634
open_boundary,41,32,8,open,600119,event,95,37,58,0.7421875,-0.22105263157894736,0.22105263157894736,0,0,0,3325,3230,0.11709999999999354,1652,1673
open_boundary,41,32,8,open,600120,event,96,65,31,0.75,0.3541666666666667,0.3541666666666667,0,0,0,3243,3147,0.16109999999997626,1639,1604
open_boundary,41,32,8,open,600121,event,90,51,39,0.703125,0.13333333333333333,0.13333333333333333,0,0,0,3641,3551,0.0805000000000291,1827,1814
open_boundary,41,32,8,open,600122,event,90,60,30,0.703125,0.3333333333333333,0.3333333333333333,0,0,0,4170,4080,0.08859999999998536,2100,2070
open_boundary,41,32,8,open,600123,event,95,79,16,0.7421875,0.6631578947368421,0.6631578947368421,0,0,0,3713,3618,0.07569999999998345,1888,1825
open_boundary,41,32,8,open,600124,event,99,41,58,0.7734375,-0.1717171717171717,0.1717171717171717,0,0,0,2455,2356,0.08229999999997517,1219,1236
open_boundary,41,32,8,open,600125,event,100,79,21,0.78125,0.58,0.58,0,0,0,2540,2440,0.08070000000003574,1299,1241
open_boundary,41,32,8,open,600126,event,90,48,42,0.703125,0.06666666666666667,0.06666666666666667,0,0,0,3741,3651,0.07459999999997535,1874,1867
open_boundary,41,32,8,open,600127,event,91,70,21,0.7109375,0.5384615384615384,0.5384615384615384,0,0,0,3667,3576,0.07569999999998345,1858,1809
open_boundary,41,32,8,open,600128,event,92,89,3,0.71875,0.9347826086956522,0.9347826086956522,0,0,0,2160,2068,0.07370000000003074,1123,1037
open_boundary,random-0.5,32,8,open,600001,event,99,63,36,0.7734375,0.2727272727272727,0.2727272727272727,0,0,0,4523,4424,0.07179999999999609,,
open_boundary,random-0.5,32,8,open,600002,event,92,54,38,0.71875,0.17391304347826086,0.17391304347826086,0,0,0,3322,3230,0.0595000000000141,,
open_boundary,random-0.5,32,8,open,600003,event,96,60,36,0.75,0.25,0.25,0,0,0,2243,2147,0.05729999999999791,,
open_boundary,random-0.5,32,8,open,600004,event,96,45,51,0.75,-0.0625,0.0625,0,0,0,7125,7029,0.05589999999995143,,
open_boundary,random-0.5,32,8,open,600005,event,95,67,28,0.7421875,0.4105263157894737,0.4105263157894737,0,0,0,3495,3400,0.057599999999979445,,
open_boundary,random-0.5,32,8,open,600006,event,94,35,59,0.734375,-0.2553191489361702,0.2553191489361702,0,0,0,4677,4583,0.05709999999999127,,
open_boundary,random-0.5,32,8,open,600007,event,94,44,50,0.734375,-0.06382978723404255,0.06382978723404255,0,0,0,2049,1955,0.05760000000003629,,
open_boundary,random-0.5,32,8,open,600008,event,92,47,45,0.71875,0.021739130434782608,0.021739130434782608,0,0,0,3723,3631,0.055900000000008276,,
open_boundary,random-0.5,32,8,open,600009,event,100,46,54,0.78125,-0.08,0.08,0,0,0,3462,3362,0.06340000000000146,,
open_boundary,random-0.5,32,8,open,600010,event,91,36,55,0.7109375,-0.2087912087912088,0.2087912087912088,0,0,0,3099,3008,0.059799999999995634,,
open_boundary,random-0.5,32,8,open,600011,event,98,51,47,0.765625,0.04081632653061224,0.04081632653061224,0,0,0,3137,3039,0.05920000000003256,,
open_boundary,random-0.5,32,8,open,600012,event,91,30,61,0.7109375,-0.34065934065934067,0.34065934065934067,0,0,0,12890,12799,0.05750000000000455,,
open_boundary,random-0.5,32,8,open,600013,event,92,35,57,0.71875,-0.2391304347826087,0.2391304347826087,0,0,0,2839,2747,0.05709999999999127,,
open_boundary,random-0.5,32,8,open,600014,event,103,60,43,0.8046875,0.1650485436893204,0.1650485436893204,0,0,0,3790,3687,0.06309999999996307,,
open_boundary,random-0.5,32,8,open,600015,event,100,69,31,0.78125,0.38,0.38,0,0,0,3657,3557,0.06079999999997199,,
open_boundary,random-0.5,32,8,open,600016,event,95,34,61,0.7421875,-0.28421052631578947,0.28421052631578947,0,0,0,3183,3088,0.06999999999999318,,
open_boundary,random-0.5,32,8,open,600017,event,95,42,53,0.7421875,-0.11578947368421053,0.11578947368421053,0,0,0,2528,2433,0.08740000000000236,,
open_boundary,random-0.5,32,8,open,600018,event,96,52,44,0.75,0.08333333333333333,0.08333333333333333,0,0,0,4329,4233,0.06090000000000373,,
open_boundary,random-0.5,32,8,open,600019,event,97,37,60,0.7578125,-0.23711340206185566,0.23711340206185566,0,0,0,6104,6007,0.05910000000000082,,
open_boundary,random-0.5,32,8,open,600020,event,91,28,63,0.7109375,-0.38461538461538464,0.38461538461538464,0,0,0,2447,2356,0.05669999999997799,,
open_boundary,random-0.5,32,8,open,600021,event,97,32,65,0.7578125,-0.3402061855670103,0.3402061855670103,0,0,0,4199,4102,0.05930000000000746,,
open_boundary,random-0.5,32,8,open,600022,event,101,46,55,0.7890625,-0.0891089108910891,0.0891089108910891,0,0,0,2991,2890,0.06120000000004211,,
open_boundary,random-0.5,32,8,open,600023,event,94,56,38,0.734375,0.19148936170212766,0.19148936170212766,0,0,0,2393,2299,0.061800000000005184,,
open_boundary,random-0.5,32,8,open,600024,event,95,36,59,0.7421875,-0.24210526315789474,0.24210526315789474,0,0,0,3733,3638,0.07820000000003802,,
open_boundary,random-0.5,32,8,open,600025,event,93,31,62,0.7265625,-0.3333333333333333,0.3333333333333333,0,0,0,3126,3033,0.059399999999982356,,
open_boundary,random-0.5,32,8,open,600026,event,90,42,48,0.703125,-0.06666666666666667,0.06666666666666667,0,0,0,2234,2144,0.05680000000000973,,
open_boundary,random-0.5,32,8,open,600027,event,95,49,46,0.7421875,0.031578947368421054,0.031578947368421054,0,0,0,2326,2231,0.05930000000000746,,
open_boundary,random-0.5,32,8,open,600028,event,102,47,55,0.796875,-0.0784313725490196,0.0784313725490196,0,0,0,2661,2559,0.06759999999997035,,
open_boundary,random-0.5,32,8,open,600029,event,96,36,60,0.75,-0.25,0.25,0,0,0,5133,5037,0.06339999999994461,,
open_boundary,random-0.5,32,8,open,600030,event,98,31,67,0.765625,-0.3673469387755102,0.3673469387755102,0,0,0,4455,4357,0.07129999999995107,,
open_boundary,random-0.5,32,8,open,600031,event,93,33,60,0.7265625,-0.2903225806451613,0.2903225806451613,0,0,0,2630,2537,0.059399999999982356,,
open_boundary,random-0.5,32,8,open,600032,event,93,43,50,0.7265625,-0.07526881720430108,0.07526881720430108,0,0,0,6487,6394,0.059599999999988995,,
open_boundary,random-0.5,32,8,open,600033,event,100,50,50,0.78125,0,0,0,0,0,4521,4421,0.06090000000000373,,
open_boundary,random-0.5,32,8,open,600034,event,95,37,58,0.7421875,-0.22105263157894736,0.22105263157894736,0,0,0,3892,3797,0.06020000000000891,,
open_boundary,random-0.5,32,8,open,600035,event,100,49,51,0.78125,-0.02,0.02,0,0,0,6059,5959,0.061700000000030286,,
open_boundary,random-0.5,32,8,open,600036,event,102,44,58,0.796875,-0.13725490196078433,0.13725490196078433,0,0,0,7425,7323,0.059799999999995634,,
open_boundary,random-0.5,32,8,open,600037,event,95,42,53,0.7421875,-0.11578947368421053,0.11578947368421053,0,0,0,3373,3278,0.060000000000002274,,
open_boundary,random-0.5,32,8,open,600038,event,100,71,29,0.78125,0.42,0.42,0,0,0,3607,3507,0.06520000000000437,,
open_boundary,random-0.5,32,8,open,600039,event,97,73,24,0.7578125,0.5051546391752577,0.5051546391752577,0,0,0,12078,11981,0.05880000000001928,,
open_boundary,random-0.5,32,8,open,600040,event,94,56,38,0.734375,0.19148936170212766,0.19148936170212766,0,0,0,3885,3791,0.08449999999999136,,
open_boundary,random-0.5,32,8,open,600041,event,95,52,43,0.7421875,0.09473684210526316,0.09473684210526316,0,0,0,2806,2711,0.059700000000020736,,
open_boundary,random-0.5,32,8,open,600042,event,96,48,48,0.75,0,0,0,0,0,3374,3278,0.058400000000006,,
open_boundary,random-0.5,32,8,open,600043,event,100,59,41,0.78125,0.18,0.18,0,0,0,4623,4523,0.0636000000000081,,
open_boundary,random-0.5,32,8,open,600044,event,92,40,52,0.71875,-0.13043478260869565,0.13043478260869565,0,0,0,6033,5941,0.05869999999998754,,
open_boundary,random-0.5,32,8,open,600045,event,98,46,52,0.765625,-0.061224489795918366,0.061224489795918366,0,0,0,7429,7331,0.06130000000001701,,
open_boundary,random-0.5,32,8,open,600046,event,92,41,51,0.71875,-0.10869565217391304,0.10869565217391304,0,0,0,2178,2086,0.06100000000003547,,
open_boundary,random-0.5,32,8,open,600047,event,98,56,42,0.765625,0.14285714285714285,0.14285714285714285,0,0,0,10172,10074,0.06639999999998736,,
open_boundary,random-0.5,32,8,open,600048,event,100,52,48,0.78125,0.04,0.04,0,0,0,5420,5320,0.059799999999995634,,
open_boundary,random-0.5,32,8,open,600049,event,96,24,72,0.75,-0.5,0.5,0,0,0,2945,2849,0.06049999999999045,,
open_boundary,random-0.5,32,8,open,600050,event,97,59,38,0.7578125,0.21649484536082475,0.21649484536082475,0,0,0,4858,4761,0.06049999999999045,,
open_boundary,random-0.5,32,8,open,600051,event,98,37,61,0.765625,-0.24489795918367346,0.24489795918367346,0,0,0,5227,5129,0.05750000000000455,,
open_boundary,random-0.5,32,8,open,600052,event,94,32,62,0.734375,-0.3191489361702128,0.3191489361702128,0,0,0,3245,3151,0.05510000000003856,,
open_boundary,random-0.5,32,8,open,600053,event,92,57,35,0.71875,0.2391304347826087,0.2391304347826087,0,0,0,2950,2858,0.05740000000002965,,
open_boundary,random-0.5,32,8,open,600054,event,90,50,40,0.703125,0.1111111111111111,0.1111111111111111,0,0,0,1969,1879,0.055900000000008276,,
open_boundary,random-0.5,32,8,open,600055,event,103,32,71,0.8046875,-0.3786407766990291,0.3786407766990291,0,0,0,6093,5990,0.19099999999997408,,
open_boundary,random-0.5,32,8,open,600056,event,98,46,52,0.765625,-0.061224489795918366,0.061224489795918366,0,0,0,3386,3288,0.07150000000001455,,
open_boundary,random-0.5,32,8,open,600057,event,98,28,70,0.765625,-0.42857142857142855,0.42857142857142855,0,0,0,4389,4291,0.06270000000000664,,
open_boundary,random-0.5,32,8,open,600058,event,90,47,43,0.703125,0.044444444444444446,0.044444444444444446,0,0,0,2775,2685,0.05729999999999791,,
open_boundary,random-0.5,32,8,open,600059,event,95,49,46,0.7421875,0.031578947368421054,0.031578947368421054,0,0,0,4771,4676,0.05800000000004957,,
open_boundary,random-0.5,32,8,open,600060,event,100,47,53,0.78125,-0.06,0.06,0,0,0,6524,6424,0.05860000000001264,,
open_boundary,random-0.5,32,8,open,600061,event,91,71,20,0.7109375,0.5604395604395604,0.5604395604395604,0,0,0,4101,4010,0.055499999999995,,
open_boundary,random-0.5,32,8,open,600062,event,97,16,81,0.7578125,-0.6701030927835051,0.6701030927835051,0,0,0,3458,3361,0.055799999999976535,,
open_boundary,random-0.5,32,8,open,600063,event,94,63,31,0.734375,0.3404255319148936,0.3404255319148936,0,0,0,4715,4621,0.05489999999997508,,
open_boundary,random-0.5,32,8,open,600064,event,96,50,46,0.75,0.041666666666666664,0.041666666666666664,0,0,0,5554,5458,0.05500000000000682,,
open_boundary,random-0.5,32,8,open,600065,event,98,54,44,0.765625,0.10204081632653061,0.10204081632653061,0,0,0,5498,5400,0.056400000000053296,,
open_boundary,random-0.5,32,8,open,600066,event,95,40,55,0.7421875,-0.15789473684210525,0.15789473684210525,0,0,0,4655,4560,0.055999999999983174,,
open_boundary,random-0.5,32,8,open,600067,event,96,65,31,0.75,0.3541666666666667,0.3541666666666667,0,0,0,4420,4324,0.05819999999999936,,
open_boundary,random-0.5,32,8,open,600068,event,96,31,65,0.75,-0.3541666666666667,0.3541666666666667,0,0,0,3905,3809,0.05629999999996471,,
open_boundary,random-0.5,32,8,open,600069,event,98,73,25,0.765625,0.4897959183673469,0.4897959183673469,0,0,0,4085,3987,0.05689999999998463,,
open_boundary,random-0.5,32,8,open,600070,event,93,61,32,0.7265625,0.3118279569892473,0.3118279569892473,0,0,0,4772,4679,0.06039999999995871,,
open_boundary,random-0.5,32,8,open,600071,event,93,24,69,0.7265625,-0.4838709677419355,0.4838709677419355,0,0,0,3353,3260,0.05629999999996471,,
open_boundary,random-0.5,32,8,open,600072,event,96,67,29,0.75,0.3958333333333333,0.3958333333333333,0,0,0,4327,4231,0.0553000000000452,,
open_boundary,random-0.5,32,8,open,600073,event,97,64,33,0.7578125,0.31958762886597936,0.31958762886597936,0,0,0,2713,2616,0.05770000000001119,,
open_boundary,random-0.5,32,8,open,600074,event,90,21,69,0.703125,-0.5333333333333333,0.5333333333333333,0,0,0,3251,3161,0.05320000000000391,,
open_boundary,random-0.5,32,8,open,600075,event,95,58,37,0.7421875,0.22105263157894736,0.22105263157894736,0,0,0,6325,6230,0.05609999999995807,,
open_boundary,random-0.5,32,8,open,600076,event,93,49,44,0.7265625,0.053763440860215055,0.053763440860215055,0,0,0,3990,3897,0.056100000000014916,,
open_boundary,random-0.5,32,8,open,600077,event,94,43,51,0.734375,-0.0851063829787234,0.0851063829787234,0,0,0,12692,12598,0.05699999999995953,,
open_boundary,random-0.5,32,8,open,600078,event,97,54,43,0.7578125,0.1134020618556701,0.1134020618556701,0,0,0,4093,3996,0.058500000000037744,,
open_boundary,random-0.5,32,8,open,600079,event,96,48,48,0.75,0,0,0,0,0,6624,6528,0.05510000000003856,,
open_boundary,random-0.5,32,8,open,600080,event,92,44,48,0.71875,-0.043478260869565216,0.043478260869565216,0,0,0,5377,5285,0.05389999999999873,,
open_boundary,random-0.5,32,8,open,600081,event,98,42,56,0.765625,-0.14285714285714285,0.14285714285714285,0,0,0,9105,9007,0.05609999999995807,,
open_boundary,random-0.5,32,8,open,600082,event,94,47,47,0.734375,0,0,0,0,0,3339,3245,0.055499999999995,,
open_boundary,random-0.5,32,8,open,600083,event,97,28,69,0.7578125,-0.422680412371134,0.422680412371134,0,0,0,3601,3504,0.057799999999986085,,
open_boundary,random-0.5,32,8,open,600084,event,96,58,38,0.75,0.20833333333333334,0.20833333333333334,0,0,0,5054,4958,0.05780000000004293,,
open_boundary,random-0.5,32,8,open,600085,event,92,72,20,0.71875,0.5652173913043478,0.5652173913043478,0,0,0,5393,5301,0.06509999999997262,,
open_boundary,random-0.5,32,8,open,600086,event,95,34,61,0.7421875,-0.28421052631578947,0.28421052631578947,0,0,0,2756,2661,0.05809999999996762,,
open_boundary,random-0.5,32,8,open,600087,event,97,39,58,0.7578125,-0.1958762886597938,0.1958762886597938,0,0,0,7822,7725,0.05869999999998754,,
open_boundary,random-0.5,32,8,open,600088,event,97,55,42,0.7578125,0.13402061855670103,0.13402061855670103,0,0,0,9292,9195,0.06329999999996971,,
open_boundary,random-0.5,32,8,open,600089,event,95,68,27,0.7421875,0.43157894736842106,0.43157894736842106,0,0,0,5019,4924,0.0594000000000392,,
open_boundary,random-0.5,32,8,open,600090,event,91,34,57,0.7109375,-0.25274725274725274,0.25274725274725274,0,0,0,4813,4722,0.05489999999997508,,
open_boundary,random-0.5,32,8,open,600091,event,95,37,58,0.7421875,-0.22105263157894736,0.22105263157894736,0,0,0,4095,4000,0.05729999999999791,,
open_boundary,random-0.5,32,8,open,600092,event,98,49,49,0.765625,0,0,0,0,0,3929,3831,0.06039999999995871,,
open_boundary,random-0.5,32,8,open,600093,event,96,46,50,0.75,-0.041666666666666664,0.041666666666666664,0,0,0,8720,8624,0.05750000000000455,,
open_boundary,random-0.5,32,8,open,600094,event,94,58,36,0.734375,0.23404255319148937,0.23404255319148937,0,0,0,2258,2164,0.055799999999976535,,
open_boundary,random-0.5,32,8,open,600095,event,99,57,42,0.7734375,0.15151515151515152,0.15151515151515152,0,0,0,4469,4370,0.05910000000000082,,
open_boundary,random-0.5,32,8,open,600096,event,95,30,65,0.7421875,-0.3684210526315789,0.3684210526315789,0,0,0,5358,5263,0.08280000000002019,,
open_boundary,random-0.5,32,8,open,600097,event,92,46,46,0.71875,0,0,0,0,0,4613,4521,0.05520000000001346,,
open_boundary,random-0.5,32,8,open,600098,event,93,50,43,0.7265625,0.07526881720430108,0.07526881720430108,0,0,0,4270,4177,0.05389999999999873,,
open_boundary,random-0.5,32,8,open,600099,event,97,58,39,0.7578125,0.1958762886597938,0.1958762886597938,0,0,0,7800,7703,0.05809999999996762,,
open_boundary,random-0.5,32,8,open,600100,event,95,35,60,0.7421875,-0.2631578947368421,0.2631578947368421,0,0,0,4146,4051,0.06270000000000664,,
open_boundary,random-0.5,32,8,open,600101,event,94,45,49,0.734375,-0.0425531914893617,0.0425531914893617,0,0,0,3101,3007,0.05459999999999354,,
open_boundary,random-0.5,32,8,open,600102,event,99,51,48,0.7734375,0.030303030303030304,0.030303030303030304,0,0,0,4735,4636,0.05729999999999791,,
open_boundary,random-0.5,32,8,open,600103,event,99,31,68,0.7734375,-0.37373737373737376,0.37373737373737376,0,0,0,4034,3935,0.080600000000004,,
open_boundary,random-0.5,32,8,open,600104,event,97,54,43,0.7578125,0.1134020618556701,0.1134020618556701,0,0,0,5196,5099,0.06029999999998381,,
open_boundary,random-0.5,32,8,open,600105,event,95,43,52,0.7421875,-0.09473684210526316,0.09473684210526316,0,0,0,5315,5220,0.06270000000000664,,
open_boundary,random-0.5,32,8,open,600106,event,95,51,44,0.7421875,0.07368421052631578,0.07368421052631578,0,0,0,7009,6914,0.06090000000000373,,
open_boundary,random-0.5,32,8,open,600107,event,96,49,47,0.75,0.020833333333333332,0.020833333333333332,0,0,0,2951,2855,0.057799999999986085,,
open_boundary,random-0.5,32,8,open,600108,event,97,46,51,0.7578125,-0.05154639175257732,0.05154639175257732,0,0,0,4412,4315,0.057900000000017826,,
open_boundary,random-0.5,32,8,open,600109,event,90,42,48,0.703125,-0.06666666666666667,0.06666666666666667,0,0,0,4058,3968,0.05649999999997135,,
open_boundary,random-0.5,32,8,open,600110,event,92,42,50,0.71875,-0.08695652173913043,0.08695652173913043,0,0,0,6441,6349,0.056500000000028194,,
open_boundary,random-0.5,32,8,open,600111,event,98,61,37,0.765625,0.24489795918367346,0.24489795918367346,0,0,0,4493,4395,0.0875000000000341,,
open_boundary,random-0.5,32,8,open,600112,event,100,58,42,0.78125,0.16,0.16,0,0,0,3781,3681,0.059399999999982356,,
open_boundary,random-0.5,32,8,open,600113,event,97,23,74,0.7578125,-0.5257731958762887,0.5257731958762887,0,0,0,7095,6998,0.05829999999997426,,
open_boundary,random-0.5,32,8,open,600114,event,97,72,25,0.7578125,0.4845360824742268,0.4845360824742268,0,0,0,4898,4801,0.06329999999996971,,
open_boundary,random-0.5,32,8,open,600115,event,91,38,53,0.7109375,-0.16483516483516483,0.16483516483516483,0,0,0,2405,2314,0.060300000000040654,,
open_boundary,random-0.5,32,8,open,600116,event,101,52,49,0.7890625,0.0297029702970297,0.0297029702970297,0,0,0,4052,3951,0.06310000000001992,,
open_boundary,random-0.5,32,8,open,600117,event,95,49,46,0.7421875,0.031578947368421054,0.031578947368421054,0,0,0,3789,3694,0.06049999999999045,,
open_boundary,random-0.5,32,8,open,600118,event,102,51,51,0.796875,0,0,0,0,0,3714,3612,0.06209999999998672,,
open_boundary,random-0.5,32,8,open,600119,event,96,43,53,0.75,-0.10416666666666667,0.10416666666666667,0,0,0,6101,6005,0.1039000000000101,,
open_boundary,random-0.5,32,8,open,600120,event,100,44,56,0.78125,-0.12,0.12,0,0,0,4116,4016,0.05930000000000746,,
open_boundary,random-0.5,32,8,open,600121,event,89,51,38,0.6953125,0.14606741573033707,0.14606741573033707,0,0,0,2663,2574,0.056100000000014916,,
open_boundary,random-0.5,32,8,open,600122,event,94,36,58,0.734375,-0.23404255319148937,0.23404255319148937,0,0,0,2875,2781,0.0595000000000141,,
open_boundary,random-0.5,32,8,open,600123,event,92,45,47,0.71875,-0.021739130434782608,0.021739130434782608,0,0,0,2438,2346,0.055900000000008276,,
open_boundary,random-0.5,32,8,open,600124,event,91,56,35,0.7109375,0.23076923076923078,0.23076923076923078,0,0,0,5066,4975,0.054700000000025284,,
open_boundary,random-0.5,32,8,open,600125,event,98,41,57,0.765625,-0.16326530612244897,0.16326530612244897,0,0,0,3815,3717,0.059399999999982356,,
open_boundary,random-0.5,32,8,open,600126,event,98,68,30,0.765625,0.3877551020408163,0.3877551020408163,0,0,0,3049,2951,0.059799999999995634,,
open_boundary,random-0.5,32,8,open,600127,event,94,32,62,0.734375,-0.3191489361702128,0.3191489361702128,0,0,0,3485,3391,0.05770000000001119,,
open_boundary,random-0.5,32,8,open,600128,event,89,51,38,0.6953125,0.14606741573033707,0.14606741573033707,0,0,0,3596,3507,0.05459999999999354,,
open_boundary,0,64,2,open,600001,event,1760,1760,0,0.859375,1,1,1,0,87,22801,21041,0.7762000000000171,22801,0
open_boundary,0,64,2,open,600002,event,1751,1751,0,0.85498046875,1,1,1,0,74,43171,41420,0.6687999999999761,43171,0
open_boundary,0,64,2,open,600003,event,1758,1758,0,0.8583984375,1,1,1,0,85,24560,22802,0.7820000000000391,24560,0
open_boundary,0,64,2,open,600004,event,1760,1760,0,0.859375,1,1,1,0,64,20583,18823,0.7533000000000243,20583,0
open_boundary,0,64,2,open,600005,event,1755,1755,0,0.85693359375,1,1,1,0,79,27562,25807,0.6444999999999936,27562,0
open_boundary,0,64,2,open,600006,event,1767,1767,0,0.86279296875,1,1,1,0,92,30551,28784,0.7046000000000276,30551,0
open_boundary,0,64,2,open,600007,event,1755,1755,0,0.85693359375,1,1,1,0,94,29999,28244,0.65949999999998,29999,0
open_boundary,0,64,2,open,600008,event,1758,1758,0,0.8583984375,1,1,1,0,88,23100,21342,0.6442000000000121,23100,0
open_boundary,0,64,2,open,600009,event,1749,1749,0,0.85400390625,1,1,1,0,109,25286,23537,0.698599999999999,25286,0
open_boundary,0,64,2,open,600010,event,1756,1756,0,0.857421875,1,1,1,0,105,18996,17240,0.6465999999999781,18996,0
open_boundary,0,64,2,open,600011,event,1760,1760,0,0.859375,1,1,1,0,107,26784,25024,0.6506999999999721,26784,0
open_boundary,0,64,2,open,600012,event,1769,1769,0,0.86376953125,1,1,1,0,73,33013,31244,0.6710999999999672,33013,0
open_boundary,0,64,2,open,600013,event,1752,1752,0,0.85546875,1,1,1,0,88,22935,21183,0.5908000000000015,22935,0
open_boundary,0,64,2,open,600014,event,1765,1765,0,0.86181640625,1,1,1,0,79,19632,17867,0.6161999999999921,19632,0
open_boundary,0,64,2,open,600015,event,1748,1748,0,0.853515625,1,1,1,0,90,39255,37507,0.6041000000000167,39255,0
open_boundary,0,64,2,open,600016,event,1762,1762,0,0.8603515625,1,1,1,0,91,18799,17037,0.6198999999999728,18799,0
open_boundary,0,64,2,open,600017,event,1769,1769,0,0.86376953125,1,1,1,0,69,23959,22190,0.6141999999999825,23959,0
open_boundary,0,64,2,open,600018,event,1763,1763,0,0.86083984375,1,1,1,0,91,23947,22184,0.5835999999999899,23947,0
open_boundary,0,64,2,open,600019,event,1752,1752,0,0.85546875,1,1,1,0,82,31045,29293,0.6216000000000008,31045,0
open_boundary,0,64,2,open,600020,event,1760,1760,0,0.859375,1,1,1,0,72,29642,27882,0.5982999999999947,29642,0
open_boundary,0,64,2,open,600021,event,1756,1756,0,0.857421875,1,1,1,0,87,24773,23017,0.6432000000000357,24773,0
open_boundary,0,64,2,open,600022,event,1758,1758,0,0.8583984375,1,1,1,0,89,24654,22896,0.6112999999999715,24654,0
open_boundary,0,64,2,open,600023,event,1775,1775,0,0.86669921875,1,1,1,0,102,21778,20003,0.6048999999999864,21778,0
open_boundary,0,64,2,open,600024,event,1761,1761,0,0.85986328125,1,1,1,0,94,26902,25141,0.5966999999999985,26902,0
open_boundary,0,64,2,open,600025,event,1764,1764,0,0.861328125,1,1,1,0,75,30277,28513,0.6136999999999944,30277,0
open_boundary,0,64,2,open,600026,event,1766,1766,0,0.8623046875,1,1,1,0,85,28734,26968,0.5919999999999845,28734,0
open_boundary,0,64,2,open,600027,event,1755,1755,0,0.85693359375,1,1,1,0,107,25218,23463,1.4086000000000354,25218,0
open_boundary,0,64,2,open,600028,event,1768,1768,0,0.86328125,1,1,1,0,82,23334,21566,0.642599999999959,23334,0
open_boundary,0,64,2,open,600029,event,1780,1780,0,0.869140625,1,1,1,0,85,36481,34701,0.6795000000000186,36481,0
open_boundary,0,64,2,open,600030,event,1764,1764,0,0.861328125,1,1,1,0,75,32401,30637,0.6252000000000066,32401,0
open_boundary,0,64,2,open,600031,event,1747,1747,0,0.85302734375,1,1,1,0,95,26256,24509,0.5989999999999895,26256,0
open_boundary,0,64,2,open,600032,event,1765,1765,0,0.86181640625,1,1,1,0,77,36459,34694,0.6002000000000294,36459,0
open_boundary,0,64,2,open,600033,event,1771,1771,0,0.86474609375,1,1,1,0,74,28941,27170,0.661200000000008,28941,0
open_boundary,0,64,2,open,600034,event,1763,1763,0,0.86083984375,1,1,1,0,95,26235,24472,0.6109000000000151,26235,0
open_boundary,0,64,2,open,600035,event,1757,1757,0,0.85791015625,1,1,1,0,89,32287,30530,0.6154999999999973,32287,0
open_boundary,0,64,2,open,600036,event,1745,1745,0,0.85205078125,1,1,1,0,104,19166,17421,0.61749999999995,19166,0
open_boundary,0,64,2,open,600037,event,1759,1759,0,0.85888671875,1,1,1,0,82,33965,32206,0.6800000000000068,33965,0
open_boundary,0,64,2,open,600038,event,1766,1766,0,0.8623046875,1,1,1,0,89,27221,25455,0.6112999999999715,27221,0
open_boundary,0,64,2,open,600039,event,1752,1752,0,0.85546875,1,1,1,0,94,27697,25945,0.6251000000000317,27697,0
open_boundary,0,64,2,open,600040,event,1755,1755,0,0.85693359375,1,1,1,0,93,24021,22266,0.626199999999983,24021,0
open_boundary,0,64,2,open,600041,event,1758,1758,0,0.8583984375,1,1,1,0,112,26189,24431,0.6141000000000076,26189,0
open_boundary,0,64,2,open,600042,event,1759,1759,0,0.85888671875,1,1,1,0,81,30113,28354,0.6227000000000089,30113,0
open_boundary,0,64,2,open,600043,event,1757,1757,0,0.85791015625,1,1,1,0,83,31991,30234,0.7607000000000426,31991,0
open_boundary,0,64,2,open,600044,event,1759,1759,0,0.85888671875,1,1,1,0,92,32061,30302,0.6501999999999839,32061,0
open_boundary,0,64,2,open,600045,event,1757,1757,0,0.85791015625,1,1,1,0,87,25823,24066,0.627900000000011,25823,0
open_boundary,0,64,2,open,600046,event,1759,1759,0,0.85888671875,1,1,1,0,92,20615,18856,0.620900000000006,20615,0
open_boundary,0,64,2,open,600047,event,1768,1768,0,0.86328125,1,1,1,0,79,24199,22431,0.6270000000000095,24199,0
open_boundary,0,64,2,open,600048,event,1765,1765,0,0.86181640625,1,1,1,0,93,28430,26665,0.6259000000000015,28430,0
open_boundary,0,64,2,open,600049,event,1772,1772,0,0.865234375,1,1,1,0,95,28255,26483,0.6422000000000025,28255,0
open_boundary,0,64,2,open,600050,event,1767,1767,0,0.86279296875,1,1,1,0,97,32428,30661,0.6156999999999471,32428,0
open_boundary,0,64,2,open,600051,event,1758,1758,0,0.8583984375,1,1,1,0,100,27190,25432,0.6268000000000029,27190,0
open_boundary,0,64,2,open,600052,event,1772,1772,0,0.865234375,1,1,1,0,75,32623,30851,0.6237000000000421,32623,0
open_boundary,0,64,2,open,600053,event,1736,1736,0,0.84765625,1,1,1,0,103,29122,27386,0.8308000000000106,29122,0
open_boundary,0,64,2,open,600054,event,1751,1751,0,0.85498046875,1,1,1,0,96,23840,22089,0.5975999999999999,23840,0
open_boundary,0,64,2,open,600055,event,1769,1769,0,0.86376953125,1,1,1,0,96,33822,32053,0.6184999999999832,33822,0
open_boundary,0,64,2,open,600056,event,1763,1763,0,0.86083984375,1,1,1,0,95,25160,23397,0.6192000000000348,25160,0
open_boundary,0,64,2,open,600057,event,1753,1753,0,0.85595703125,1,1,1,0,102,21324,19571,0.6199000000000296,21324,0
open_boundary,0,64,2,open,600058,event,1762,1762,0,0.8603515625,1,1,1,0,76,21328,19566,0.6498000000000275,21328,0
open_boundary,0,64,2,open,600059,event,1752,1752,0,0.85546875,1,1,1,0,92,26949,25197,0.6157000000000039,26949,0
open_boundary,0,64,2,open,600060,event,1771,1771,0,0.86474609375,1,1,1,0,84,34750,32979,0.7017000000000166,34750,0
open_boundary,0,64,2,open,600061,event,1769,1769,0,0.86376953125,1,1,1,0,82,24031,22262,0.7059000000000424,24031,0
open_boundary,0,64,2,open,600062,event,1758,1758,0,0.8583984375,1,1,1,0,84,26821,25063,0.5973000000000184,26821,0
open_boundary,0,64,2,open,600063,event,1766,1766,0,0.8623046875,1,1,1,0,106,40253,38487,0.6093999999999937,40253,0
open_boundary,0,64,2,open,600064,event,1771,1771,0,0.86474609375,1,1,1,0,94,27142,25371,0.5950000000000273,27142,0
open_boundary,0,64,2,open,600065,event,1758,1758,0,0.8583984375,1,1,1,0,95,23776,22018,0.6111999999999966,23776,0
open_boundary,0,64,2,open,600066,event,1772,1772,0,0.865234375,1,1,1,0,81,27598,25826,0.6163999999999987,27598,0
open_boundary,0,64,2,open,600067,event,1760,1760,0,0.859375,1,1,1,0,98,24545,22785,0.5875000000000341,24545,0
open_boundary,0,64,2,open,600068,event,1764,1764,0,0.861328125,1,1,1,0,74,29995,28231,0.6166000000000054,29995,0
open_boundary,0,64,2,open,600069,event,1763,1763,0,0.86083984375,1,1,1,0,84,30803,29040,0.748800000000017,30803,0
open_boundary,0,64,2,open,600070,event,1759,1759,0,0.85888671875,1,1,1,0,100,31751,29992,0.6302000000000021,31751,0
open_boundary,0,64,2,open,600071,event,1771,1771,0,0.86474609375,1,1,1,0,101,34811,33040,0.6777999999999906,34811,0
open_boundary,0,64,2,open,600072,event,1752,1752,0,0.85546875,1,1,1,0,107,24120,22368,0.6326999999999998,24120,0
open_boundary,0,64,2,open,600073,event,1786,1786,0,0.8720703125,1,1,1,0,85,25202,23416,0.6947000000000116,25202,0
open_boundary,0,64,2,open,600074,event,1773,1773,0,0.86572265625,1,1,1,0,77,18911,17138,0.6243999999999801,18911,0
open_boundary,0,64,2,open,600075,event,1756,1756,0,0.857421875,1,1,1,0,108,24180,22424,0.619700000000023,24180,0
open_boundary,0,64,2,open,600076,event,1758,1758,0,0.8583984375,1,1,1,0,77,20200,18442,0.6046000000000049,20200,0
open_boundary,0,64,2,open,600077,event,1765,1765,0,0.86181640625,1,1,1,0,75,33421,31656,0.605199999999968,33421,0
open_boundary,0,64,2,open,600078,event,1753,1753,0,0.85595703125,1,1,1,0,93,30906,29153,0.6586000000000354,30906,0
open_boundary,0,64,2,open,600079,event,1762,1762,0,0.8603515625,1,1,1,0,90,40095,38333,0.6379000000000019,40095,0
open_boundary,0,64,2,open,600080,event,1753,1753,0,0.85595703125,1,1,1,0,80,26621,24868,0.6179000000000201,26621,0
open_boundary,0,64,2,open,600081,event,1755,1755,0,0.85693359375,1,1,1,0,82,25817,24062,0.6067999999999643,25817,0
open_boundary,0,64,2,open,600082,event,1769,1769,0,0.86376953125,1,1,1,0,93,25561,23792,0.616800000000012,25561,0
open_boundary,0,64,2,open,600083,event,1750,1750,0,0.8544921875,1,1,1,0,88,22187,20437,0.5988000000000397,22187,0
open_boundary,0,64,2,open,600084,event,1777,1777,0,0.86767578125,1,1,1,0,60,28257,26480,0.6091000000000122,28257,0
open_boundary,0,64,2,open,600085,event,1772,1772,0,0.865234375,1,1,1,0,84,23681,21909,0.6158999999999537,23681,0
open_boundary,0,64,2,open,600086,event,1757,1757,0,0.85791015625,1,1,1,0,85,28083,26326,0.6761999999999944,28083,0
open_boundary,0,64,2,open,600087,event,1756,1756,0,0.857421875,1,1,1,0,86,28717,26961,0.5994999999999777,28717,0
open_boundary,0,64,2,open,600088,event,1761,1761,0,0.85986328125,1,1,1,0,83,23479,21718,0.6101000000000454,23479,0
open_boundary,0,64,2,open,600089,event,1774,1774,0,0.8662109375,1,1,1,0,71,25173,23399,0.6107000000000085,25173,0
open_boundary,0,64,2,open,600090,event,1767,1767,0,0.86279296875,1,1,1,0,81,24447,22680,0.6129999999999995,24447,0
open_boundary,0,64,2,open,600091,event,1766,1766,0,0.8623046875,1,1,1,0,84,24441,22675,0.625,24441,0
open_boundary,0,64,2,open,600092,event,1772,1772,0,0.865234375,1,1,1,0,73,27013,25241,0.6191000000000031,27013,0
open_boundary,0,64,2,open,600093,event,1754,1754,0,0.8564453125,1,1,1,0,89,22291,20537,0.5973999999999933,22291,0
open_boundary,0,64,2,open,600094,event,1781,1781,0,0.86962890625,1,1,1,0,83,33558,31777,0.6653999999999769,33558,0
open_boundary,0,64,2,open,600095,event,1755,1755,0,0.85693359375,1,1,1,0,104,22310,20555,0.6410999999999945,22310,0
open_boundary,0,64,2,open,600096,event,1756,1756,0,0.857421875,1,1,1,0,88,24026,22270,0.6046999999999798,24026,0
open_boundary,0,64,2,open,600097,event,1770,1770,0,0.8642578125,1,1,1,0,92,20793,19023,0.7238999999999578,20793,0
open_boundary,0,64,2,open,600098,event,1755,1755,0,0.85693359375,1,1,1,0,99,23394,21639,0.6122000000000298,23394,0
open_boundary,0,64,2,open,600099,event,1758,1758,0,0.8583984375,1,1,1,0,81,27531,25773,0.608600000000024,27531,0
open_boundary,0,64,2,open,600100,event,1755,1755,0,0.85693359375,1,1,1,0,94,22368,20613,0.6039000000000101,22368,0
open_boundary,0,64,2,open,600101,event,1764,1764,0,0.861328125,1,1,1,0,85,34595,32831,0.9504000000000019,34595,0
open_boundary,0,64,2,open,600102,event,1752,1752,0,0.85546875,1,1,1,0,103,30505,28753,0.6571999999999889,30505,0
open_boundary,0,64,2,open,600103,event,1769,1769,0,0.86376953125,1,1,1,0,91,23860,22091,0.7139999999999986,23860,0
open_boundary,0,64,2,open,600104,event,1771,1771,0,0.86474609375,1,1,1,0,82,30187,28416,0.6131000000000313,30187,0
open_boundary,0,64,2,open,600105,event,1768,1768,0,0.86328125,1,1,1,0,86,32259,30491,0.6504000000000474,32259,0
open_boundary,0,64,2,open,600106,event,1764,1764,0,0.861328125,1,1,1,0,90,40337,38573,0.646699999999953,40337,0
open_boundary,0,64,2,open,600107,event,1751,1751,0,0.85498046875,1,1,1,0,100,20562,18811,0.6838000000000193,20562,0
open_boundary,0,64,2,open,600108,event,1755,1755,0,0.85693359375,1,1,1,0,114,31616,29861,0.6753000000000497,31616,0
open_boundary,0,64,2,open,600109,event,1760,1760,0,0.859375,1,1,1,0,102,30846,29086,0.6612999999999829,30846,0
open_boundary,0,64,2,open,600110,event,1777,1777,0,0.86767578125,1,1,1,0,83,27366,25589,0.6429999999999723,27366,0
open_boundary,0,64,2,open,600111,event,1768,1768,0,0.86328125,1,1,1,0,85,27487,25719,0.6865999999999985,27487,0
open_boundary,0,64,2,open,600112,event,1766,1766,0,0.8623046875,1,1,1,0,92,28347,26581,0.619700000000023,28347,0
open_boundary,0,64,2,open,600113,event,1758,1758,0,0.8583984375,1,1,1,0,94,32873,31115,0.6435000000000173,32873,0
open_boundary,0,64,2,open,600114,event,1756,1756,0,0.857421875,1,1,1,0,95,23148,21392,0.6211000000000126,23148,0
open_boundary,0,64,2,open,600115,event,1757,1757,0,0.85791015625,1,1,1,0,81,26673,24916,0.7042999999999893,26673,0
open_boundary,0,64,2,open,600116,event,1764,1764,0,0.861328125,1,1,1,0,83,29148,27384,0.6696999999999775,29148,0
open_boundary,0,64,2,open,600117,event,1773,1773,0,0.86572265625,1,1,1,0,82,24324,22551,0.6620999999999526,24324,0
open_boundary,0,64,2,open,600118,event,1768,1768,0,0.86328125,1,1,1,0,76,27899,26131,0.6372000000000071,27899,0
open_boundary,0,64,2,open,600119,event,1756,1756,0,0.857421875,1,1,1,0,92,22436,20680,1.0594000000000392,22436,0
open_boundary,0,64,2,open,600120,event,1750,1750,0,0.8544921875,1,1,1,0,88,35345,33595,0.7497000000000185,35345,0
open_boundary,0,64,2,open,600121,event,1777,1777,0,0.86767578125,1,1,1,0,85,25262,23485,0.6610999999999763,25262,0
open_boundary,0,64,2,open,600122,event,1767,1767,0,0.86279296875,1,1,1,0,85,27261,25494,0.6287999999999556,27261,0
open_boundary,0,64,2,open,600123,event,1766,1766,0,0.8623046875,1,1,1,0,79,25747,23981,0.6223999999999705,25747,0
open_boundary,0,64,2,open,600124,event,1761,1761,0,0.85986328125,1,1,1,0,78,28473,26712,0.6321999999999548,28473,0
open_boundary,0,64,2,open,600125,event,1775,1775,0,0.86669921875,1,1,1,0,71,27517,25742,0.6376999999999953,27517,0
open_boundary,0,64,2,open,600126,event,1760,1760,0,0.859375,1,1,1,0,102,37806,36046,0.6161000000000172,37806,0
open_boundary,0,64,2,open,600127,event,1751,1751,0,0.85498046875,1,1,1,0,107,33611,31860,0.6745000000000232,33611,0
open_boundary,0,64,2,open,600128,event,1769,1769,0,0.86376953125,1,1,1,0,86,24222,22453,0.6263999999999896,24222,0
open_boundary,35,64,2,open,600001,event,1864,919,945,0.91015625,-0.013948497854077254,0.013948497854077254,0,0,0,63539,61675,0.719099999999969,31770,31769
open_boundary,35,64,2,open,600002,event,1850,934,916,0.9033203125,0.00972972972972973,0.00972972972972973,0,0,0,50928,49078,0.7611999999999739,25464,25464
open_boundary,35,64,2,open,600003,event,1861,965,896,0.90869140625,0.03707684040838259,0.03707684040838259,0,0,0,51358,49497,0.8458999999999719,25679,25679
open_boundary,35,64,2,open,600004,event,1882,932,950,0.9189453125,-0.009564293304994687,0.009564293304994687,0,0,0,65625,63743,0.8775999999999726,32813,32812
open_boundary,35,64,2,open,600005,event,1847,936,911,0.90185546875,0.01353546291283162,0.01353546291283162,0,0,0,63907,62060,0.7379000000000246,31954,31953
open_boundary,35,64,2,open,600006,event,1860,902,958,0.908203125,-0.030107526881720432,0.030107526881720432,0,0,0,38110,36250,0.7608999999999924,19055,19055
open_boundary,35,64,2,open,600007,event,1845,932,913,0.90087890625,0.010298102981029811,0.010298102981029811,0,0,0,56085,54240,0.7355999999999767,28043,28042
open_boundary,35,64,2,open,600008,event,1858,922,936,0.9072265625,-0.007534983853606028,0.007534983853606028,0,0,0,69502,67644,0.7749999999999773,34751,34751
open_boundary,35,64,2,open,600009,event,1857,932,925,0.90673828125,0.003769520732364028,0.003769520732364028,0,0,0,59294,57437,0.6958999999999946,29647,29647
open_boundary,35,64,2,open,600010,event,1856,936,920,0.90625,0.008620689655172414,0.008620689655172414,0,0,0,50604,48748,0.7240999999999644,25302,25302
open_boundary,35,64,2,open,600011,event,1863,921,942,0.90966796875,-0.011272141706924315,0.011272141706924315,0,0,0,50147,48284,0.7866999999999962,25074,25073
open_boundary,35,64,2,open,600012,event,1871,941,930,0.91357421875,0.005879208979155532,0.005879208979155532,0,0,0,61782,59911,0.8537999999999784,30891,30891
open_boundary,35,64,2,open,600013,event,1847,908,939,0.90185546875,-0.016783974011911208,0.016783974011911208,0,0,0,53095,51248,0.7395000000000209,26548,26547
open_boundary,35,64,2,open,600014,event,1863,949,914,0.90966796875,0.01878690284487386,0.01878690284487386,0,0,0,48202,46339,0.7343999999999937,24101,24101
open_boundary,35,64,2,open,600015,event,1845,929,916,0.90087890625,0.007046070460704607,0.007046070460704607,0,0,0,59174,57329,0.7222999999999615,29587,29587
open_boundary,35,64,2,open,600016,event,1857,927,930,0.90673828125,-0.0016155088852988692,0.0016155088852988692,0,0,0,71813,69956,0.7866000000000213,35907,35906
open_boundary,35,64,2,open,600017,event,1859,931,928,0.90771484375,0.0016137708445400753,0.0016137708445400753,0,0,0,49401,47542,0.7124000000000024,24701,24700
open_boundary,35,64,2,open,600018,event,1868,920,948,0.912109375,-0.014989293361884369,0.014989293361884369,0,0,0,57066,55198,0.7058999999999855,28533,28533
open_boundary,35,64,2,open,600019,event,1854,904,950,0.9052734375,-0.02481121898597627,0.02481121898597627,0,0,0,37454,35600,0.6973000000000411,18727,18727
open_boundary,35,64,2,open,600020,event,1851,910,941,0.90380859375,-0.016747703943814155,0.016747703943814155,0,0,0,43601,41750,0.710899999999981,21801,21800
open_boundary,35,64,2,open,600021,event,1846,913,933,0.9013671875,-0.010834236186348862,0.010834236186348862,0,0,0,47331,45485,0.7783000000000015,23666,23665
open_boundary,35,64,2,open,600022,event,1856,925,931,0.90625,-0.003232758620689655,0.003232758620689655,0,0,0,48304,46448,0.7363000000000284,24152,24152
open_boundary,35,64,2,open,600023,event,1850,925,925,0.9033203125,0,0,0,0,0,47948,46098,0.815400000000011,23974,23974
open_boundary,35,64,2,open,600024,event,1851,962,889,0.90380859375,0.03943814154511075,0.03943814154511075,0,0,0,52577,50726,0.7690999999999804,26289,26288
open_boundary,35,64,2,open,600025,event,1845,912,933,0.90087890625,-0.011382113821138212,0.011382113821138212,0,0,0,47804,45959,0.8756999999999948,23902,23902
open_boundary,35,64,2,open,600026,event,1865,891,974,0.91064453125,-0.04450402144772118,0.04450402144772118,0,0,0,58130,56265,0.7549000000000206,29065,29065
open_boundary,35,64,2,open,600027,event,1871,986,885,0.91357421875,0.053981827899518976,0.053981827899518976,0,0,0,62429,60558,0.7475000000000023,31215,31214
open_boundary,35,64,2,open,600028,event,1857,932,925,0.90673828125,0.003769520732364028,0.003769520732364028,0,0,0,66027,64170,0.7062000000000239,33014,33013
open_boundary,35,64,2,open,600029,event,1860,919,941,0.908203125,-0.011827956989247311,0.011827956989247311,0,0,0,43872,42012,0.7779000000000451,21936,21936
open_boundary,35,64,2,open,600030,event,1852,937,915,0.904296875,0.011879049676025918,0.011879049676025918,0,0,0,46745,44893,0.7235999999999763,23373,23372
open_boundary,35,64,2,open,600031,event,1865,972,893,0.91064453125,0.042359249329758715,0.042359249329758715,0,0,0,63172,61307,0.7453000000000429,31586,31586
open_boundary,35,64,2,open,600032,event,1869,941,928,0.91259765625,0.006955591225254147,0.006955591225254147,0,0,0,51585,49716,0.85450000000003,25793,25792
open_boundary,35,64,2,open,600033,event,1849,951,898,0.90283203125,0.028664142779881017,0.028664142779881017,0,0,0,61217,59368,0.8155999999999608,30609,30608
open_boundary,35,64,2,open,600034,event,1860,916,944,0.908203125,-0.015053763440860216,0.015053763440860216,0,0,0,51168,49308,0.7103999999999928,25584,25584
open_boundary,35,64,2,open,600035,event,1849,917,932,0.90283203125,-0.008112493239588967,0.008112493239588967,0,0,0,69991,68142,0.7343999999999937,34996,34995
open_boundary,35,64,2,open,600036,event,1849,894,955,0.90283203125,-0.03299080584099513,0.03299080584099513,0,0,0,58644,56795,0.7209000000000287,29322,29322
open_boundary,35,64,2,open,600037,event,1853,958,895,0.90478515625,0.033998920669185105,0.033998920669185105,0,0,0,43393,41540,0.7861000000000331,21697,21696
open_boundary,35,64,2,open,600038,event,1855,925,930,0.90576171875,-0.0026954177897574125,0.0026954177897574125,0,0,0,45982,44127,0.765199999999993,22991,22991
open_boundary,35,64,2,open,600039,event,1873,934,939,0.91455078125,-0.0026695141484249867,0.0026695141484249867,0,0,0,55102,53229,0.789100000000019,27551,27551
open_boundary,35,64,2,open,600040,event,1861,925,936,0.90869140625,-0.005910800644814616,0.005910800644814616,0,0,0,68126,66265,0.7875000000000227,34063,34063
open_boundary,35,64,2,open,600041,event,1847,910,937,0.90185546875,-0.014618299945858148,0.014618299945858148,0,0,0,45364,43517,0.805499999999995,22682,22682
open_boundary,35,64,2,open,600042,event,1846,909,937,0.9013671875,-0.015167930660888408,0.015167930660888408,0,0,0,45912,44066,0.8155999999999608,22956,22956
open_boundary,35,64,2,open,600043,event,1872,925,947,0.9140625,-0.011752136752136752,0.011752136752136752,0,0,0,56169,54297,0.8203000000000316,28085,28084
open_boundary,35,64,2,open,600044,event,1852,941,911,0.904296875,0.016198704103671708,0.016198704103671708,0,0,0,81896,80044,0.8764999999999645,40948,40948
open_boundary,35,64,2,open,600045,event,1867,911,956,0.91162109375,-0.024102838778789503,0.024102838778789503,0,0,0,58591,56724,0.9302999999999884,29296,29295
open_boundary,35,64,2,open,600046,event,1859,899,960,0.90771484375,-0.0328133405056482,0.0328133405056482,0,0,0,50755,48896,0.7325000000000159,25378,25377
open_boundary,35,64,2,open,600047,event,1866,941,925,0.9111328125,0.00857449088960343,0.00857449088960343,0,0,0,51532,49666,0.7341999999999871,25766,25766
open_boundary,35,64,2,open,600048,event,1863,944,919,0.90966796875,0.013419216317767043,0.013419216317767043,0,0,0,48134,46271,0.6285000000000309,24067,24067
open_boundary,35,64,2,open,600049,event,1854,913,941,0.9052734375,-0.015102481121898598,0.015102481121898598,0,0,0,62258,60404,0.7364999999999782,31129,31129
open_boundary,35,64,2,open,600050,event,1855,962,893,0.90576171875,0.03719676549865229,0.03719676549865229,0,0,0,43997,42142,0.6999000000000137,21999,21998
open_boundary,35,64,2,open,600051,event,1878,973,905,0.9169921875,0.0362087326943557,0.0362087326943557,0,0,0,66789,64911,0.6231999999999971,33395,33394
open_boundary,35,64,2,open,600052,event,1845,931,914,0.90087890625,0.00921409214092141,0.00921409214092141,0,0,0,40523,38678,0.6958999999999946,20262,20261
open_boundary,35,64,2,open,600053,event,1846,897,949,0.9013671875,-0.028169014084507043,0.028169014084507043,0,0,0,40115,38269,0.672300000000007,20058,20057
open_boundary,35,64,2,open,600054,event,1857,943,914,0.90673828125,0.015616585891222402,0.015616585891222402,0,0,0,39876,38019,0.7361999999999966,19938,19938
open_boundary,35,64,2,open,600055,event,1860,917,943,0.908203125,-0.013978494623655914,0.013978494623655914,0,0,0,47791,45931,0.7369000000000483,23896,23895
open_boundary,35,64,2,open,600056,event,1863,923,940,0.90966796875,-0.00912506709608159,0.00912506709608159,0,0,0,44646,42783,0.669900000000041,22323,22323
open_boundary,35,64,2,open,600057,event,1863,920,943,0.90966796875,-0.012345679012345678,0.012345679012345678,0,0,0,71858,69995,0.731899999999996,35929,35929
open_boundary,35,64,2,open,600058,event,1866,925,941,0.9111328125,-0.00857449088960343,0.00857449088960343,0,0,0,47546,45680,0.7393000000000143,23773,23773
open_boundary,35,64,2,open,600059,event,1865,960,905,0.91064453125,0.029490616621983913,0.029490616621983913,0,0,0,55408,53543,0.6619999999999777,27704,27704
open_boundary,35,64,2,open,600060,event,1861,920,941,0.90869140625,-0.011284255776464266,0.011284255776464266,0,0,0,52126,50265,0.7130999999999972,26063,26063
open_boundary,35,64,2,open,600061,event,1859,921,938,0.90771484375,-0.00914470145239376,0.00914470145239376,0,0,0,87064,85205,0.6365999999999872,43532,43532
open_boundary,35,64,2,open,600062,event,1862,943,919,0.9091796875,0.01288936627282492,0.01288936627282492,0,0,0,48164,46302,0.6782000000000039,24082,24082
open_boundary,35,64,2,open,600063,event,1857,924,933,0.90673828125,-0.004846526655896607,0.004846526655896607,0,0,0,54122,52265,0.69399999999996,27061,27061
open_boundary,35,64,2,open,600064,event,1858,916,942,0.9072265625,-0.013993541442411194,0.013993541442411194,0,0,0,45687,43829,0.6529999999999632,22844,22843
open_boundary,35,64,2,open,600065,event,1865,952,913,0.91064453125,0.02091152815013405,0.02091152815013405,0,0,0,70164,68299,0.6946999999999548,35082,35082
open_boundary,35,64,2,open,600066,event,1848,965,883,0.90234375,0.044372294372294376,0.044372294372294376,0,0,0,41156,39308,0.6655000000000086,20578,20578
open_boundary,35,64,2,open,600067,event,1863,901,962,0.90966796875,-0.03274288781535158,0.03274288781535158,0,0,0,54130,52267,0.7679999999999723,27065,27065
open_boundary,35,64,2,open,600068,event,1854,953,901,0.9052734375,0.028047464940668825,0.028047464940668825,0,0,0,43958,42104,0.7246000000000095,21979,21979
open_boundary,35,64,2,open,600069,event,1844,928,916,0.900390625,0.006507592190889371,0.006507592190889371,0,0,0,58610,56766,0.6386999999999716,29305,29305
open_boundary,35,64,2,open,600070,event,1860,955,905,0.908203125,0.026881720430107527,0.026881720430107527,0,0,0,99849,97989,0.7214000000000169,49925,49924
open_boundary,35,64,2,open,600071,event,1858,949,909,0.9072265625,0.021528525296017224,0.021528525296017224,0,0,0,57918,56060,0.6873999999999683,28959,28959
open_boundary,35,64,2,open,600072,event,1851,907,944,0.90380859375,-0.019989195029713667,0.019989195029713667,0,0,0,59007,57156,0.6356999999999857,29504,29503
open_boundary,35,64,2,open,600073,event,1841,919,922,0.89892578125,-0.0016295491580662683,0.0016295491580662683,0,0,0,31047,29206,0.6839999999999691,15524,15523
open_boundary,35,64,2,open,600074,event,1865,907,958,0.91064453125,-0.027345844504021447,0.027345844504021447,0,0,0,64759,62894,0.6811999999999898,32380,32379
open_boundary,35,64,2,open,600075,event,1871,919,952,0.91357421875,-0.017637626937466594,0.017637626937466594,0,0,0,67187,65316,0.7672999999999774,33594,33593
open_boundary,35,64,2,open,600076,event,1849,935,914,0.90283203125,0.011357490535424553,0.011357490535424553,0,0,0,55566,53717,0.7575999999999681,27783,27783
open_boundary,35,64,2,open,600077,event,1847,946,901,0.90185546875,0.024363833243096916,0.024363833243096916,0,0,0,49869,48022,0.6474000000000046,24935,24934
open_boundary,35,64,2,open,600078,event,1852,888,964,0.904296875,-0.04103671706263499,0.04103671706263499,0,0,0,49558,47706,0.7362999999999715,24779,24779
open_boundary,35,64,2,open,600079,event,1853,948,905,0.90478515625,0.023205612520237454,0.023205612520237454,0,0,0,96993,95140,0.7105999999999995,48497,48496
open_boundary,35,64,2,open,600080,event,1861,912,949,0.90869140625,-0.019881783987103708,0.019881783987103708,0,0,0,40793,38932,0.647199999999998,20397,20396
open_boundary,35,64,2,open,600081,event,1859,940,919,0.90771484375,0.011296395911780527,0.011296395911780527,0,0,0,49937,48078,0.7180000000000177,24969,24968
open_boundary,35,64,2,open,600082,event,1861,970,891,0.90869140625,0.04245029554003224,0.04245029554003224,0,0,0,50764,48903,0.6508000000000038,25382,25382
open_boundary,35,64,2,open,600083,event,1864,920,944,0.91015625,-0.012875536480686695,0.012875536480686695,0,0,0,79086,77222,0.6931999999999903,39543,39543
open_boundary,35,64,2,open,600084,event,1859,928,931,0.90771484375,-0.0016137708445400753,0.0016137708445400753,0,0,0,53496,51637,0.7017000000000166,26748,26748
open_boundary,35,64,2,open,600085,event,1851,912,939,0.90380859375,-0.014586709886547812,0.014586709886547812,0,0,0,51924,50073,0.6511999999999603,25962,25962
open_boundary,35,64,2,open,600086,event,1856,928,928,0.90625,0,0,0,0,0,38327,36471,0.7375999999999863,19164,19163
open_boundary,35,64,2,open,600087,event,1858,905,953,0.9072265625,-0.02583423035522067,0.02583423035522067,0,0,0,40179,38321,0.6754000000000246,20090,20089
open_boundary,35,64,2,open,600088,event,1850,911,939,0.9033203125,-0.015135135135135135,0.015135135135135135,0,0,0,70094,68244,0.7450999999999794,35047,35047
open_boundary,35,64,2,open,600089,event,1862,934,928,0.9091796875,0.00322234156820623,0.00322234156820623,0,0,0,46942,45080,0.7049000000000092,23471,23471
open_boundary,35,64,2,open,600090,event,1858,972,886,0.9072265625,0.04628632938643703,0.04628632938643703,0,0,0,55675,53817,0.6494999999999891,27838,27837
open_boundary,35,64,2,open,600091,event,1870,957,913,0.9130859375,0.023529411764705882,0.023529411764705882,0,0,0,47264,45394,0.776299999999992,23632,23632
open_boundary,35,64,2,open,600092,event,1859,958,901,0.90771484375,0.03066164604626143,0.03066164604626143,0,0,0,71990,70131,0.759900000000016,35995,35995
open_boundary,35,64,2,open,600093,event,1855,941,914,0.90576171875,0.014555256064690027,0.014555256064690027,0,0,0,43341,41486,0.6368999999999687,21671,21670
open_boundary,35,64,2,open,600094,event,1852,966,886,0.904296875,0.04319654427645788,0.04319654427645788,0,0,0,48332,46480,0.712099999999964,24166,24166
open_boundary,35,64,2,open,600095,event,1856,957,899,0.90625,0.03125,0.03125,0,0,0,51635,49779,0.7112999999999943,25818,25817
open_boundary,35,64,2,open,600096,event,1851,909,942,0.90380859375,-0.017828200972447326,0.017828200972447326,0,0,0,42871,41020,0.7170999999999594,21436,21435
open_boundary,35,64,2,open,600097,event,1863,924,939,0.90966796875,-0.008051529790660225,0.008051529790660225,0,0,0,62441,60578,0.7239000000000146,31221,31220
open_boundary,35,64,2,open,600098,event,1857,916,941,0.90673828125,-0.013462574044157244,0.013462574044157244,0,0,0,43344,41487,0.647199999999998,21672,21672
open_boundary,35,64,2,open,600099,event,1860,925,935,0.908203125,-0.005376344086021506,0.005376344086021506,0,0,0,45196,43336,0.7102999999999611,22598,22598
open_boundary,35,64,2,open,600100,event,1862,913,949,0.9091796875,-0.01933404940923738,0.01933404940923738,0,0,0,45115,43253,0.6961000000000013,22558,22557
open_boundary,35,64,2,open,600101,event,1836,947,889,0.896484375,0.03159041394335512,0.03159041394335512,0,0,0,46910,45074,0.6311999999999784,23455,23455
open_boundary,35,64,2,open,600102,event,1854,961,893,0.9052734375,0.036677454153182305,0.036677454153182305,0,0,0,62045,60191,0.7090000000000032,31023,31022
open_boundary,35,64,2,open,600103,event,1858,950,908,0.9072265625,0.022604951560818085,0.022604951560818085,0,0,0,56389,54531,0.6322000000000116,28195,28194
open_boundary,35,64,2,open,600104,event,1869,887,982,0.91259765625,-0.05082932049224184,0.05082932049224184,0,0,0,58311,56442,0.690400000000011,29156,29155
open_boundary,35,64,2,open,600105,event,1864,930,934,0.91015625,-0.002145922746781116,0.002145922746781116,0,0,0,50404,48540,0.7244999999999777,25202,25202
open_boundary,35,64,2,open,600106,event,1860,922,938,0.908203125,-0.008602150537634409,0.008602150537634409,0,0,0,43437,41577,0.634900000000016,21719,21718
open_boundary,35,64,2,open,600107,event,1861,950,911,0.90869140625,0.02095647501343364,0.02095647501343364,0,0,0,47126,45265,0.6999000000000137,23563,23563
open_boundary,35,64,2,open,600108,event,1864,949,915,0.91015625,0.018240343347639486,0.018240343347639486,0,0,0,40230,38366,0.6447999999999752,20115,20115
open_boundary,35,64,2,open,600109,event,1845,941,904,0.90087890625,0.02005420054200542,0.02005420054200542,0,0,0,83045,81200,0.698599999999999,41523,41522
open_boundary,35,64,2,open,600110,event,1848,916,932,0.90234375,-0.008658008658008658,0.008658008658008658,0,0,0,53379,51531,0.6854999999999905,26690,26689
open_boundary,35,64,2,open,600111,event,1858,930,928,0.9072265625,0.001076426264800861,0.001076426264800861,0,0,0,43371,41513,0.6383000000000152,21686,21685
open_boundary,35,64,2,open,600112,event,1858,895,963,0.9072265625,-0.03659849300322928,0.03659849300322928,0,0,0,44161,42303,0.6933999999999969,22081,22080
open_boundary,35,64,2,open,600113,event,1863,923,940,0.90966796875,-0.00912506709608159,0.00912506709608159,0,0,0,46749,44886,0.6899999999999977,23375,23374
open_boundary,35,64,2,open,600114,event,1861,928,933,0.90869140625,-0.0026867275658248252,0.0026867275658248252,0,0,0,62685,60824,0.6462999999999965,31343,31342
open_boundary,35,64,2,open,600115,event,1865,925,940,0.91064453125,-0.00804289544235925,0.00804289544235925,0,0,0,84861,82996,0.7749000000000024,42431,42430
open_boundary,35,64,2,open,600116,event,1857,921,936,0.90673828125,-0.008077544426494346,0.008077544426494346,0,0,0,58442,56585,0.6718999999999937,29221,29221
open_boundary,35,64,2,open,600117,event,1859,903,956,0.90771484375,-0.028509951586874662,0.028509951586874662,0,0,0,44000,42141,0.7364000000000033,22000,22000
open_boundary,35,64,2,open,600118,event,1859,935,924,0.90771484375,0.005917159763313609,0.005917159763313609,0,0,0,61380,59521,1.0314000000000192,30690,30690
open_boundary,35,64,2,open,600119,event,1871,935,936,0.91357421875,-0.0005344735435595938,0.0005344735435595938,0,0,0,62063,60192,0.6777000000000157,31032,31031
open_boundary,35,64,2,open,600120,event,1859,919,940,0.90771484375,-0.011296395911780527,0.011296395911780527,0,0,0,44700,42841,0.7378999999999678,22350,22350
open_boundary,35,64,2,open,600121,event,1858,950,908,0.9072265625,0.022604951560818085,0.022604951560818085,0,0,0,69031,67173,0.7169999999999845,34516,34515
open_boundary,35,64,2,open,600122,event,1859,893,966,0.90771484375,-0.0392684238838085,0.0392684238838085,0,0,0,46804,44945,0.6379000000000019,23402,23402
open_boundary,35,64,2,open,600123,event,1865,933,932,0.91064453125,0.0005361930294906167,0.0005361930294906167,0,0,0,49754,47889,0.712600000000009,24877,24877
open_boundary,35,64,2,open,600124,event,1857,953,904,0.90673828125,0.026386645126548196,0.026386645126548196,0,0,0,59355,57498,0.680499999999995,29678,29677
open_boundary,35,64,2,open,600125,event,1862,948,914,0.9091796875,0.018259935553168637,0.018259935553168637,0,0,0,57665,55803,0.7025000000000432,28833,28832
open_boundary,35,64,2,open,600126,event,1867,909,958,0.91162109375,-0.026245313336904125,0.026245313336904125,0,0,0,40616,38749,0.7074999999999818,20308,20308
open_boundary,35,64,2,open,600127,event,1852,951,901,0.904296875,0.026997840172786176,0.026997840172786176,0,0,0,60339,58487,0.6354000000000042,30170,30169
open_boundary,35,64,2,open,600128,event,1852,945,907,0.904296875,0.020518358531317494,0.020518358531317494,0,0,0,49383,47531,0.7282000000000153,24692,24691
open_boundary,38,64,2,open,600001,event,1862,931,931,0.9091796875,0,0,1,0,13,32642,30780,0.5785000000000196,20526,12116
open_boundary,38,64,2,open,600002,event,1839,920,919,0.89794921875,0.000543773790103317,0.000543773790103317,1,8,0,39232,37393,0.6376999999999953,14361,24871
open_boundary,38,64,2,open,600003,event,1847,924,923,0.90185546875,0.0005414185165132648,0.0005414185165132648,1,8,0,42075,40228,0.6499000000000024,12370,29705
open_boundary,38,64,2,open,600004,event,1838,919,919,0.8974609375,0,0,1,0,21,33041,31203,0.5705000000000382,23205,9836
open_boundary,38,64,2,open,600005,event,1840,920,920,0.8984375,0,0,1,0,14,35004,33164,0.6724000000000387,21975,13029
open_boundary,38,64,2,open,600006,event,1838,919,919,0.8974609375,0,0,1,0,12,37059,35221,0.622099999999989,25687,11372
open_boundary,38,64,2,open,600007,event,1849,925,924,0.90283203125,0.0005408328826392645,0.0005408328826392645,1,21,0,32097,30248,0.6626999999999725,9678,22419
open_boundary,38,64,2,open,600008,event,1819,910,909,0.88818359375,0.0005497526113249038,0.0005497526113249038,1,40,0,26992,25173,0.6184000000000083,7931,19061
open_boundary,38,64,2,open,600009,event,1856,928,928,0.90625,0,0,1,0,12,38451,36595,0.5706000000000131,27069,11382
open_boundary,38,64,2,open,600010,event,1865,933,932,0.91064453125,0.0005361930294906167,0.0005361930294906167,0,0,0,46702,44837,0.6499000000000024,19347,27355
open_boundary,38,64,2,open,600011,event,1855,928,927,0.90576171875,0.0005390835579514825,0.0005390835579514825,1,5,0,29739,27884,0.5625,11179,18560
open_boundary,38,64,2,open,600012,event,1829,915,914,0.89306640625,0.0005467468562055768,0.0005467468562055768,1,21,0,35404,33575,0.6879999999999882,9896,25508
open_boundary,38,64,2,open,600013,event,1862,931,931,0.9091796875,0,0,1,0,1,37484,35622,0.7902000000000271,19641,17843
open_boundary,38,64,2,open,600014,event,1860,930,930,0.908203125,0,0,0,0,0,45291,43431,0.7477999999999838,23012,22279
open_boundary,38,64,2,open,600015,event,1855,928,927,0.90576171875,0.0005390835579514825,0.0005390835579514825,1,11,0,38426,36571,0.7038000000000011,13109,25317
open_boundary,38,64,2,open,600016,event,1862,931,931,0.9091796875,0,0,1,0,4,55620,53758,0.6154999999999973,42500,13120
open_boundary,38,64,2,open,600017,event,1853,927,926,0.90478515625,0.0005396654074473826,0.0005396654074473826,1,10,0,35237,33384,0.7065000000000055,12040,23197
open_boundary,38,64,2,open,600018,event,1855,928,927,0.90576171875,0.0005390835579514825,0.0005390835579514825,1,2,0,37857,36002,0.6100000000000136,16262,21595
open_boundary,38,64,2,open,600019,event,1830,915,915,0.8935546875,0,0,1,0,24,29765,27935,0.6665000000000418,21182,8583
open_boundary,38,64,2,open,600020,event,1848,924,924,0.90234375,0,0,1,0,16,35031,33183,0.6533999999999764,25212,9819
open_boundary,38,64,2,open,600021,event,1836,918,918,0.896484375,0,0,1,0,14,32529,30693,0.6050999999999931,20703,11826
open_boundary,38,64,2,open,600022,event,1839,920,919,0.89794921875,0.000543773790103317,0.000543773790103317,1,14,0,30926,29087,0.6622999999999593,9864,21062
open_boundary,38,64,2,open,600023,event,1846,923,923,0.9013671875,0,0,1,0,3,36932,35086,0.6181000000000267,22159,14773
open_boundary,38,64,2,open,600024,event,1838,919,919,0.8974609375,0,0,1,0,8,32999,31161,0.6669999999999732,21333,11666
open_boundary,38,64,2,open,600025,event,1845,923,922,0.90087890625,0.0005420054200542005,0.0005420054200542005,1,15,0,30152,28307,0.585899999999981,11243,18909
open_boundary,38,64,2,open,600026,event,1860,930,930,0.908203125,0,0,1,0,2,39166,37306,0.6478000000000179,21670,17496
open_boundary,38,64,2,open,600027,event,1859,930,929,0.90771484375,0.0005379236148466917,0.0005379236148466917,0,0,0,37646,35787,0.6840000000000259,16707,20939
open_boundary,38,64,2,open,600028,event,1859,930,929,0.90771484375,0.0005379236148466917,0.0005379236148466917,1,8,0,53158,51299,0.5819999999999936,13969,39189
open_boundary,38,64,2,open,600029,event,1840,920,920,0.8984375,0,0,1,0,6,32591,30751,0.6663999999999533,20387,12204
open_boundary,38,64,2,open,600030,event,1841,921,920,0.89892578125,0.0005431830526887561,0.0005431830526887561,1,12,0,34644,32803,0.5756999999999834,10641,24003
open_boundary,38,64,2,open,600031,event,1834,917,917,0.8955078125,0,0,1,0,9,35190,33356,0.6667999999999665,24033,11157
open_boundary,38,64,2,open,600032,event,1841,921,920,0.89892578125,0.0005431830526887561,0.0005431830526887561,1,12,0,37986,36145,0.6639000000000124,13608,24378
open_boundary,38,64,2,open,600033,event,1852,926,926,0.904296875,0,0,1,0,3,43662,41810,0.5912000000000148,24914,18748
open_boundary,38,64,2,open,600034,event,1850,925,925,0.9033203125,0,0,1,0,4,36996,35146,0.6539999999999964,21168,15828
open_boundary,38,64,2,open,600035,event,1850,925,925,0.9033203125,0,0,1,0,8,47229,45379,0.6129999999999995,32254,14975
open_boundary,38,64,2,open,600036,event,1860,930,930,0.908203125,0,0,0,0,0,42285,40425,0.8048999999999751,21319,20966
open_boundary,38,64,2,open,600037,event,1845,923,922,0.90087890625,0.0005420054200542005,0.0005420054200542005,1,16,0,32107,30262,0.7253000000000043,9923,22184
open_boundary,38,64,2,open,600038,event,1858,929,929,0.9072265625,0,0,1,0,8,31131,29273,0.6548999999999978,18612,12519
open_boundary,38,64,2,open,600039,event,1846,923,923,0.9013671875,0,0,1,0,16,36178,34332,0.7221000000000117,24873,11305
open_boundary,38,64,2,open,600040,event,1850,925,925,0.9033203125,0,0,0,0,0,51943,50093,0.6069999999999709,17403,34540
open_boundary,38,64,2,open,600041,event,1838,919,919,0.8974609375,0,0,1,0,9,34844,33006,0.6957999999999629,24431,10413
open_boundary,38,64,2,open,600042,event,1857,929,928,0.90673828125,0.0005385029617662897,0.0005385029617662897,1,3,0,51115,49258,0.5941000000000258,16260,34855
open_boundary,38,64,2,open,600043,event,1844,922,922,0.900390625,0,0,1,0,11,32296,30452,0.6394000000000233,20652,11644
open_boundary,38,64,2,open,600044,event,1831,916,915,0.89404296875,0.0005461496450027307,0.0005461496450027307,1,20,0,31728,29897,0.6211000000000126,10145,21583
open_boundary,38,64,2,open,600045,event,1847,924,923,0.90185546875,0.0005414185165132648,0.0005414185165132648,1,6,0,31929,30082,0.5541999999999803,13949,17980
open_boundary,38,64,2,open,600046,event,1850,925,925,0.9033203125,0,0,1,0,17,34245,32395,0.6528999999999883,23045,11200
open_boundary,38,64,2,open,600047,event,1861,931,930,0.90869140625,0.0005373455131649651,0.0005373455131649651,1,1,0,45646,43785,0.5640000000000214,26364,19282
open_boundary,38,64,2,open,600048,event,1839,920,919,0.89794921875,0.000543773790103317,0.000543773790103317,1,16,0,25548,23709,0.6469999999999914,9546,16002
open_boundary,38,64,2,open,600049,event,1856,928,928,0.90625,0,0,1,0,9,36484,34628,0.6243000000000052,23767,12717
open_boundary,38,64,2,open,600050,event,1853,927,926,0.90478515625,0.0005396654074473826,0.0005396654074473826,1,11,0,33823,31970,0.5622000000000185,13831,19992
open_boundary,38,64,2,open,600051,event,1849,925,924,0.90283203125,0.0005408328826392645,0.0005408328826392645,1,12,0,38267,36418,0.6304999999999836,13318,24949
open_boundary,38,64,2,open,600052,event,1851,926,925,0.90380859375,0.0005402485143165856,0.0005402485143165856,1,3,0,35962,34111,0.5660000000000309,19101,16861
open_boundary,38,64,2,open,600053,event,1845,923,922,0.90087890625,0.0005420054200542005,0.0005420054200542005,1,9,0,33020,31175,0.6134999999999877,11360,21660
open_boundary,38,64,2,open,600054,event,1854,927,927,0.9052734375,0,0,1,0,2,36101,34247,0.6012000000000057,19894,16207
open_boundary,38,64,2,open,600055,event,1856,928,928,0.90625,0,0,1,0,1,39044,37188,0.5602000000000089,23335,15709
open_boundary,38,64,2,open,600056,event,1851,926,925,0.90380859375,0.0005402485143165856,0.0005402485143165856,1,3,0,45437,43586,0.6546999999999912,18935,26502
open_boundary,38,64,2,open,600057,event,1848,924,924,0.90234375,0,0,1,0,11,32809,30961,0.5457999999999856,20086,12723
open_boundary,38,64,2,open,600058,event,1826,913,913,0.8916015625,0,0,1,0,16,32704,30878,0.6278999999999542,23157,9547
open_boundary,38,64,2,open,600059,event,1843,922,921,0.89990234375,0.0005425935973955507,0.0005425935973955507,1,10,0,36309,34466,0.5671999999999571,10598,25711
open_boundary,38,64,2,open,600060,event,1844,922,922,0.900390625,0,0,1,0,11,36461,34617,0.6428999999999974,22258,14203
open_boundary,38,64,2,open,600061,event,1843,922,921,0.89990234375,0.0005425935973955507,0.0005425935973955507,1,18,0,32235,30392,0.7371000000000549,10888,21347
open_boundary,38,64,2,open,600062,event,1867,934,933,0.91162109375,0.0005356186395286556,0.0005356186395286556,1,4,0,36614,34747,0.5863999999999123,15307,21307
open_boundary,38,64,2,open,600063,event,1850,925,925,0.9033203125,0,0,1,0,6,36120,34270,0.6666000000000167,21690,14430
open_boundary,38,64,2,open,600064,event,1865,933,932,0.91064453125,0.0005361930294906167,0.0005361930294906167,1,5,0,39503,37638,0.5931999999999107,14877,24626
open_boundary,38,64,2,open,600065,event,1866,933,933,0.9111328125,0,0,0,0,0,60530,58664,0.6732000000000653,25833,34697
open_boundary,38,64,2,open,600066,event,1860,930,930,0.908203125,0,0,1,0,3,35129,33269,0.6526999999999816,22780,12349
open_boundary,38,64,2,open,600067,event,1859,930,929,0.90771484375,0.0005379236148466917,0.0005379236148466917,1,6,0,44124,42265,0.5852999999999611,14293,29831
open_boundary,38,64,2,open,600068,event,1840,920,920,0.8984375,0,0,1,0,13,32132,30292,0.6379000000000588,22562,9570
open_boundary,38,64,2,open,600069,event,1837,919,918,0.89697265625,0.0005443658138268917,0.0005443658138268917,1,23,0,28729,26892,0.5736000000000558,8681,20048
open_boundary,38,64,2,open,600070,event,1846,923,923,0.9013671875,0,0,1,0,2,38901,37055,0.6422000000000025,24306,14595
open_boundary,38,64,2,open,600071,event,1861,931,930,0.90869140625,0.0005373455131649651,0.0005373455131649651,1,6,0,37311,35450,0.6548999999999978,15864,21447
open_boundary,38,64,2,open,600072,event,1847,924,923,0.90185546875,0.0005414185165132648,0.0005414185165132648,1,8,0,50408,48561,0.5795000000000528,13474,36934
open_boundary,38,64,2,open,600073,event,1838,919,919,0.8974609375,0,0,1,0,3,29533,27695,0.6376000000000204,16209,13324
open_boundary,38,64,2,open,600074,event,1845,923,922,0.90087890625,0.0005420054200542005,0.0005420054200542005,1,9,0,36891,35046,0.57000000000005,13342,23549
open_boundary,38,64,2,open,600075,event,1846,923,923,0.9013671875,0,0,1,0,8,31592,29746,0.63900000000001,18834,12758
open_boundary,38,64,2,open,600076,event,1840,920,920,0.8984375,0,0,1,0,22,36356,34516,0.5611999999999853,28789,7567
open_boundary,38,64,2,open,600077,event,1839,920,919,0.89794921875,0.000543773790103317,0.000543773790103317,1,19,0,30016,28177,0.6313999999999851,9430,20586
open_boundary,38,64,2,open,600078,event,1821,911,910,0.88916015625,0.0005491488193300384,0.0005491488193300384,1,24,0,27255,25434,0.6156000000000859,7909,19346
open_boundary,38,64,2,open,600079,event,1840,920,920,0.8984375,0,0,1,0,15,42034,40194,0.5747000000000071,28263,13771
open_boundary,38,64,2,open,600080,event,1858,929,929,0.9072265625,0,0,1,0,5,31226,29368,0.6354999999999791,18953,12273
open_boundary,38,64,2,open,600081,event,1834,917,917,0.8955078125,0,0,1,0,11,35366,33532,0.5803999999999405,23970,11396
open_boundary,38,64,2,open,600082,event,1861,931,930,0.90869140625,0.0005373455131649651,0.0005373455131649651,1,1,0,40643,38782,0.7212000000000671,20244,20399
open_boundary,38,64,2,open,600083,event,1851,926,925,0.90380859375,0.0005402485143165856,0.0005402485143165856,1,1,0,43110,41259,0.650000000000091,15936,27174
open_boundary,38,64,2,open,600084,event,1851,926,925,0.90380859375,0.0005402485143165856,0.0005402485143165856,1,7,0,40352,38501,0.58299999999997,12070,28282
open_boundary,38,64,2,open,600085,event,1860,930,930,0.908203125,0,0,1,0,6,40963,39103,0.671799999999962,26541,14422
open_boundary,38,64,2,open,600086,event,1855,928,927,0.90576171875,0.0005390835579514825,0.0005390835579514825,1,6,0,29487,27632,0.5770999999999731,14365,15122
open_boundary,38,64,2,open,600087,event,1836,918,918,0.896484375,0,0,1,0,19,41495,39659,0.6387999999999465,32672,8823
open_boundary,38,64,2,open,600088,event,1862,931,931,0.9091796875,0,0,1,0,6,42475,40613,0.6638000000000375,26228,16247
open_boundary,38,64,2,open,600089,event,1841,921,920,0.89892578125,0.0005431830526887561,0.0005431830526887561,1,13,0,35378,33537,0.5838999999999714,11725,23653
open_boundary,38,64,2,open,600090,event,1845,923,922,0.90087890625,0.0005420054200542005,0.0005420054200542005,1,8,0,32350,30505,0.6182999999999765,13206,19144
open_boundary,38,64,2,open,600091,event,1861,931,930,0.90869140625,0.0005373455131649651,0.0005373455131649651,1,3,0,44338,42477,0.553299999999922,16328,28010
open_boundary,38,64,2,open,600092,event,1847,924,923,0.90185546875,0.0005414185165132648,0.0005414185165132648,1,10,0,37161,35314,0.6439000000000306,14876,22285
open_boundary,38,64,2,open,600093,event,1858,929,929,0.9072265625,0,0,1,0,4,31071,29213,0.6057999999999311,18878,12193
open_boundary,38,64,2,open,600094,event,1854,927,927,0.9052734375,0,0,1,0,5,36434,34580,0.6702000000000226,21818,14616
open_boundary,38,64,2,open,600095,event,1855,928,927,0.90576171875,0.0005390835579514825,0.0005390835579514825,1,2,0,38769,36914,0.654700000000048,15325,23444
open_boundary,38,64,2,open,600096,event,1847,924,923,0.90185546875,0.0005414185165132648,0.0005414185165132648,1,11,0,42040,40193,0.5932999999999993,11331,30709
open_boundary,38,64,2,open,600097,event,1856,928,928,0.90625,0,0,0,0,0,39812,37956,0.6526999999999816,24338,15474
open_boundary,38,64,2,open,600098,event,1815,908,907,0.88623046875,0.0005509641873278236,0.0005509641873278236,1,16,0,25862,24047,0.5411000000000286,8760,17102
open_boundary,38,64,2,open,600099,event,1831,916,915,0.89404296875,0.0005461496450027307,0.0005461496450027307,1,16,0,31026,29195,0.6321000000000367,9268,21758
open_boundary,38,64,2,open,600100,event,1850,925,925,0.9033203125,0,0,1,0,8,36789,34939,0.615799999999922,25171,11618
open_boundary,38,64,2,open,600101,event,1857,929,928,0.90673828125,0.0005385029617662897,0.0005385029617662897,1,2,0,41811,39954,0.554300000000012,16110,25701
open_boundary,38,64,2,open,600102,event,1860,930,930,0.908203125,0,0,1,0,2,43885,42025,0.6396000000000868,24095,19790
open_boundary,38,64,2,open,600103,event,1850,925,925,0.9033203125,0,0,1,0,11,30746,28896,0.594600000000014,20773,9973
open_boundary,38,64,2,open,600104,event,1851,926,925,0.90380859375,0.0005402485143165856,0.0005402485143165856,1,7,0,43621,41770,0.6193000000000666,12794,30827
open_boundary,38,64,2,open,600105,event,1864,932,932,0.91015625,0,0,1,0,3,37105,35241,0.6217000000000326,20727,16378
open_boundary,38,64,2,open,600106,event,1828,914,914,0.892578125,0,0,1,0,13,32595,30767,0.5489999999999782,22639,9956
open_boundary,38,64,2,open,600107,event,1862,931,931,0.9091796875,0,0,1,0,7,34980,33118,0.6558999999999742,22228,12752
open_boundary,38,64,2,open,600108,event,1839,920,919,0.89794921875,0.000543773790103317,0.000543773790103317,1,4,0,37446,35607,0.57000000000005,14570,22876
open_boundary,38,64,2,open,600109,event,1856,928,928,0.90625,0,0,1,0,17,38411,36555,0.6364999999999554,24948,13463
open_boundary,38,64,2,open,600110,event,1840,920,920,0.8984375,0,0,1,0,16,34893,33053,0.5816999999999553,24144,10749
open_boundary,38,64,2,open,600111,event,1863,932,931,0.90966796875,0.0005367686527106817,0.0005367686527106817,1,2,0,36848,34985,0.681699999999978,19323,17525
open_boundary,38,64,2,open,600112,event,1852,926,926,0.904296875,0,0,1,0,9,34092,32240,0.6924000000000206,21193,12899
open_boundary,38,64,2,open,600113,event,1850,925,925,0.9033203125,0,0,0,0,0,45091,43241,0.5720999999999776,24268,20823
open_boundary,38,64,2,open,600114,event,1856,928,928,0.90625,0,0,1,0,11,37398,35542,0.6790999999999485,25345,12053
open_boundary,38,64,2,open,600115,event,1856,928,928,0.90625,0,0,1,0,11,51857,50001,0.5907999999999447,39698,12159
open_boundary,38,64,2,open,600116,event,1836,918,918,0.896484375,0,0,1,0,19,34046,32210,0.6467000000000098,23845,10201
open_boundary,38,64,2,open,600117,event,1833,917,916,0.89501953125,0.0005455537370430987,0.0005455537370430987,1,26,0,39141,37308,0.6539999999999964,10122,29019
open_boundary,38,64,2,open,600118,event,1844,922,922,0.900390625,0,0,1,0,2,38385,36541,0.564899999999966,19902,18483
open_boundary,38,64,2,open,600119,event,1852,926,926,0.904296875,0,0,1,0,13,36634,34782,0.6340000000000146,24417,12217
open_boundary,38,64,2,open,600120,event,1850,925,925,0.9033203125,0,0,1,0,5,39519,37669,0.5750999999999067,24858,14661
open_boundary,38,64,2,open,600121,event,1860,930,930,0.908203125,0,0,1,0,1,50381,48521,0.6469000000000733,23359,27022
open_boundary,38,64,2,open,600122,event,1837,919,918,0.89697265625,0.0005443658138268917,0.0005443658138268917,1,7,0,32488,30651,0.5802999999999656,12616,19872
open_boundary,38,64,2,open,600123,event,1846,923,923,0.9013671875,0,0,1,0,21,48780,46934,0.6330000000000382,38974,9806
open_boundary,38,64,2,open,600124,event,1843,922,921,0.89990234375,0.0005425935973955507,0.0005425935973955507,1,9,0,33346,31503,0.6347999999999274,12138,21208
open_boundary,38,64,2,open,600125,event,1854,927,927,0.9052734375,0,0,1,0,5,33050,31196,0.5832000000000335,17490,15560
open_boundary,38,64,2,open,600126,event,1859,930,929,0.90771484375,0.0005379236148466917,0.0005379236148466917,1,10,0,34551,32692,0.6626999999999725,11348,23203
open_boundary,38,64,2,open,600127,event,1858,929,929,0.9072265625,0,0,1,0,6,39867,38009,0.5954999999999018,24873,14994
open_boundary,38,64,2,open,600128,event,1842,921,921,0.8994140625,0,0,1,0,13,31377,29535,0.6263000000000147,21097,10280
open_boundary,41,64,2,open,600001,event,1868,1010,858,0.912109375,0.08137044967880086,0.08137044967880086,0,0,0,46275,44407,0.6787000000000489,23214,23061
open_boundary,41,64,2,open,600002,event,1862,886,976,0.9091796875,-0.04833512352309345,0.04833512352309345,0,0,0,60778,58916,0.6469000000000733,30344,30434
open_boundary,41,64,2,open,600003,event,1854,851,1003,0.9052734375,-0.08198489751887811,0.08198489751887811,0,0,0,46354,44500,0.7297999999999547,23101,23253
open_boundary,41,64,2,open,600004,event,1851,1014,837,0.90380859375,0.09562398703403566,0.09562398703403566,0,0,0,40141,38290,0.6716000000000122,20159,19982
open_boundary,41,64,2,open,600005,event,1848,917,931,0.90234375,-0.007575757575757576,0.007575757575757576,0,0,0,59472,57624,0.7800999999999476,29729,29743
open_boundary,41,64,2,open,600006,event,1859,872,987,0.90771484375,-0.061861215707369556,0.061861215707369556,0,0,0,44835,42976,0.7711000000000467,22360,22475
open_boundary,41,64,2,open,600007,event,1853,883,970,0.90478515625,-0.04695089044792229,0.04695089044792229,0,0,0,48302,46449,0.6756000000000313,24108,24194
open_boundary,41,64,2,open,600008,event,1857,1014,843,0.90673828125,0.09208400646203554,0.09208400646203554,0,0,0,56769,54912,0.7274999999999636,28470,28299
open_boundary,41,64,2,open,600009,event,1861,1040,821,0.90869140625,0.11767866738312735,0.11767866738312735,0,0,0,51485,49624,0.8211000000000013,25852,25633
open_boundary,41,64,2,open,600010,event,1853,921,932,0.90478515625,-0.0059363194819212085,0.0059363194819212085,0,0,0,34310,32457,0.782799999999952,17150,17160
open_boundary,41,64,2,open,600011,event,1857,952,905,0.90673828125,0.025309639203015617,0.025309639203015617,0,0,0,33131,31274,0.7822999999999638,16589,16542
open_boundary,41,64,2,open,600012,event,1862,966,896,0.9091796875,0.03759398496240601,0.03759398496240601,0,0,0,51883,50021,0.8514000000000124,25977,25906
open_boundary,41,64,2,open,600013,event,1851,1047,804,0.90380859375,0.1312803889789303,0.1312803889789303,0,0,0,50180,48329,0.7510999999999513,25212,24968
open_boundary,41,64,2,open,600014,event,1850,1001,849,0.9033203125,0.08216216216216216,0.08216216216216216,0,0,0,45456,43606,0.7268000000000256,22804,22652
open_boundary,41,64,2,open,600015,event,1858,926,932,0.9072265625,-0.0032292787944025836,0.0032292787944025836,0,0,0,50598,48740,0.7798999999999978,25296,25302
open_boundary,41,64,2,open,600016,event,1866,995,871,0.9111328125,0.06645230439442658,0.06645230439442658,0,0,0,63506,61640,0.8451000000000022,31815,31691
open_boundary,41,64,2,open,600017,event,1848,892,956,0.90234375,-0.03463203463203463,0.03463203463203463,0,0,0,53917,52069,0.8138999999999896,26927,26990
open_boundary,41,64,2,open,600018,event,1855,1002,853,0.90576171875,0.0803234501347709,0.0803234501347709,0,0,0,44538,42683,0.6955000000000382,22344,22194
open_boundary,41,64,2,open,600019,event,1843,954,889,0.89990234375,0.0352685838307108,0.0352685838307108,0,0,0,38462,36619,0.7463999999999942,19264,19198
open_boundary,41,64,2,open,600020,event,1857,1011,846,0.90673828125,0.0888529886914378,0.0888529886914378,0,0,0,46994,45137,0.6757999999999811,23580,23414
open_boundary,41,64,2,open,600021,event,1865,850,1015,0.91064453125,-0.08847184986595175,0.08847184986595175,0,0,0,47289,45424,0.7946999999999207,23562,23727
open_boundary,41,64,2,open,600022,event,1848,975,873,0.90234375,0.05519480519480519,0.05519480519480519,0,0,0,39765,37917,0.7479999999999336,19934,19831
open_boundary,41,64,2,open,600023,event,1865,1021,844,0.91064453125,0.09490616621983915,0.09490616621983915,0,0,0,40412,38547,0.6680000000000064,20295,20117
open_boundary,41,64,2,open,600024,event,1852,952,900,0.904296875,0.028077753779697623,0.028077753779697623,0,0,0,46027,44175,0.7274999999999636,23040,22987
open_boundary,41,64,2,open,600025,event,1862,922,940,0.9091796875,-0.00966702470461869,0.00966702470461869,0,0,0,77510,75648,0.6576000000000022,38746,38764
open_boundary,41,64,2,open,600026,event,1853,955,898,0.90478515625,0.03076092822450081,0.03076092822450081,0,0,0,52988,51135,0.7490999999999985,26523,26465
open_boundary,41,64,2,open,600027,event,1859,1025,834,0.90771484375,0.10274341043571812,0.10274341043571812,0,0,0,41296,39437,0.7147999999999683,20744,20552
open_boundary,41,64,2,open,600028,event,1842,926,916,0.8994140625,0.0054288816503800215,0.0054288816503800215,0,0,0,41703,39861,0.6394000000000233,20857,20846
open_boundary,41,64,2,open,600029,event,1860,1026,834,0.908203125,0.1032258064516129,0.1032258064516129,0,0,0,44623,42763,0.7427999999999884,22408,22215
open_boundary,41,64,2,open,600030,event,1861,977,884,0.90869140625,0.04997313272434175,0.04997313272434175,0,0,0,54227,52366,0.7700999999999567,27160,27067
open_boundary,41,64,2,open,600031,event,1869,1043,826,0.91259765625,0.11610486891385768,0.11610486891385768,0,0,0,49795,47926,0.6644000000000005,25006,24789
open_boundary,41,64,2,open,600032,event,1868,968,900,0.912109375,0.03640256959314775,0.03640256959314775,0,0,0,62483,60615,0.7241999999999962,31276,31207
open_boundary,41,64,2,open,600033,event,1861,869,992,0.90869140625,-0.0660934981192907,0.0660934981192907,0,0,0,59821,57960,0.6556000000000495,29849,29972
open_boundary,41,64,2,open,600034,event,1859,910,949,0.90771484375,-0.02097902097902098,0.02097902097902098,0,0,0,43253,41394,0.7147999999999683,21607,21646
open_boundary,41,64,2,open,600035,event,1853,963,890,0.90478515625,0.03939557474365893,0.03939557474365893,0,0,0,60831,58978,0.7094000000000733,30452,30379
open_boundary,41,64,2,open,600036,event,1854,938,916,0.9052734375,0.011866235167206042,0.011866235167206042,0,0,0,52206,50352,0.6557999999999993,26114,26092
open_boundary,41,64,2,open,600037,event,1848,930,918,0.90234375,0.006493506493506494,0.006493506493506494,0,0,0,41269,39421,0.7138999999999669,20641,20628
open_boundary,41,64,2,open,600038,event,1849,958,891,0.90283203125,0.03623580313683072,0.03623580313683072,0,0,0,49990,48141,0.6890000000000782,25029,24961
open_boundary,41,64,2,open,600039,event,1869,906,963,0.91259765625,-0.030497592295345103,0.030497592295345103,0,0,0,46343,44474,0.6756000000000313,23143,23200
open_boundary,41,64,2,open,600040,event,1877,998,879,0.91650390625,0.0633990410229089,0.0633990410229089,0,0,0,53033,51156,0.740099999999984,26576,26457
open_boundary,41,64,2,open,600041,event,1853,860,993,0.90478515625,-0.07177549919050188,0.07177549919050188,0,0,0,41485,39632,0.6781000000000859,20676,20809
open_boundary,41,64,2,open,600042,event,1862,979,883,0.9091796875,0.05155746509129968,0.05155746509129968,0,0,0,55063,53201,0.7310999999999694,27580,27483
open_boundary,41,64,2,open,600043,event,1856,933,923,0.90625,0.005387931034482759,0.005387931034482759,0,0,0,50016,48160,0.7252000000000862,25013,25003
open_boundary,41,64,2,open,600044,event,1855,937,918,0.90576171875,0.010242587601078167,0.010242587601078167,0,0,0,66819,64964,0.6634000000000242,33419,33400
open_boundary,41,64,2,open,600045,event,1859,966,893,0.90771484375,0.0392684238838085,0.0392684238838085,0,0,0,63393,61534,0.7459999999999809,31733,31660
open_boundary,41,64,2,open,600046,event,1859,949,910,0.90771484375,0.02097902097902098,0.02097902097902098,0,0,0,52298,50439,0.6372000000000071,26169,26129
open_boundary,41,64,2,open,600047,event,1847,993,854,0.90185546875,0.0752571737953438,0.0752571737953438,0,0,0,39650,37803,0.7146000000000186,19895,19755
open_boundary,41,64,2,open,600048,event,1857,1079,778,0.90673828125,0.16208939149165322,0.16208939149165322,0,0,0,51413,49556,0.9387000000000398,25857,25556
open_boundary,41,64,2,open,600049,event,1862,951,911,0.9091796875,0.021482277121374866,0.021482277121374866,0,0,0,58592,56730,0.7022999999999229,29316,29276
open_boundary,41,64,2,open,600050,event,1845,901,944,0.90087890625,-0.023306233062330622,0.023306233062330622,0,0,0,65867,64022,0.8208999999999378,32912,32955
open_boundary,41,64,2,open,600051,event,1860,971,889,0.908203125,0.04408602150537634,0.04408602150537634,0,0,0,48781,46921,0.7980000000000018,24432,24349
open_boundary,41,64,2,open,600052,event,1849,883,966,0.90283203125,-0.04488912925905895,0.04488912925905895,0,0,0,46357,44508,0.6766999999999825,23137,23220
open_boundary,41,64,2,open,600053,event,1854,1026,828,0.9052734375,0.10679611650485436,0.10679611650485436,0,0,0,46231,44377,0.8212999999999511,23215,23016
open_boundary,41,64,2,open,600054,event,1837,962,875,0.89697265625,0.04735982580293958,0.04735982580293958,0,0,0,47093,45256,0.7186000000000377,23590,23503
open_boundary,41,64,2,open,600055,event,1858,991,867,0.9072265625,0.06673842841765339,0.06673842841765339,0,0,0,46060,44202,0.7823000000000775,23092,22968
open_boundary,41,64,2,open,600056,event,1849,990,859,0.90283203125,0.07084910762574365,0.07084910762574365,0,0,0,58312,56463,0.7332999999999856,29222,29090
open_boundary,41,64,2,open,600057,event,1845,864,981,0.90087890625,-0.06341463414634146,0.06341463414634146,0,0,0,52634,50789,0.6494000000000142,26259,26375
open_boundary,41,64,2,open,600058,event,1839,962,877,0.89794921875,0.046220772158781946,0.046220772158781946,0,0,0,53862,52023,0.752399999999966,26974,26888
open_boundary,41,64,2,open,600059,event,1848,924,924,0.90234375,0,0,0,0,0,56840,54992,0.7184999999999491,28420,28420
open_boundary,41,64,2,open,600060,event,1864,948,916,0.91015625,0.017167381974248927,0.017167381974248927,0,0,0,54423,52559,0.6535000000000082,27228,27195
open_boundary,41,64,2,open,600061,event,1870,925,945,0.9130859375,-0.0106951871657754,0.0106951871657754,0,0,0,60728,58858,0.7398000000000593,30354,30374
open_boundary,41,64,2,open,600062,event,1867,895,972,0.91162109375,-0.04124263524370648,0.04124263524370648,0,0,0,45964,44097,0.6992000000000189,22944,23020
open_boundary,41,64,2,open,600063,event,1844,1060,784,0.900390625,0.14967462039045554,0.14967462039045554,0,0,0,60963,59119,0.7688000000000557,30620,30343
open_boundary,41,64,2,open,600064,event,1851,969,882,0.90380859375,0.04700162074554295,0.04700162074554295,0,0,0,39045,37194,0.7205999999999904,19566,19479
open_boundary,41,64,2,open,600065,event,1864,842,1022,0.91015625,-0.09656652360515021,0.09656652360515021,0,0,0,77771,75907,0.6445999999999685,38796,38975
open_boundary,41,64,2,open,600066,event,1856,938,918,0.90625,0.010775862068965518,0.010775862068965518,0,0,0,47698,45842,0.7612000000000307,23859,23839
open_boundary,41,64,2,open,600067,event,1856,1007,849,0.90625,0.08512931034482758,0.08512931034482758,0,0,0,48533,46677,0.6544999999999845,24346,24187
open_boundary,41,64,2,open,600068,event,1849,860,989,0.90283203125,-0.06976744186046512,0.06976744186046512,0,0,0,44809,42960,0.6996000000000322,22340,22469
open_boundary,41,64,2,open,600069,event,1855,1007,848,0.90576171875,0.08571428571428572,0.08571428571428572,0,0,0,57093,55238,0.7453000000000429,28626,28467
open_boundary,41,64,2,open,600070,event,1852,993,859,0.904296875,0.07235421166306695,0.07235421166306695,0,0,0,43480,41628,0.6477999999999611,21807,21673
open_boundary,41,64,2,open,600071,event,1856,924,932,0.90625,-0.004310344827586207,0.004310344827586207,0,0,0,69900,68044,0.7207999999999402,34946,34954
open_boundary,41,64,2,open,600072,event,1841,898,943,0.89892578125,-0.024443237370994023,0.024443237370994023,0,0,0,68877,67036,0.7192000000000007,34416,34461
open_boundary,41,64,2,open,600073,event,1859,948,911,0.90771484375,0.019903173749327596,0.019903173749327596,0,0,0,43759,41900,0.6785999999999603,21898,21861
open_boundary,41,64,2,open,600074,event,1847,977,870,0.90185546875,0.05793178126691933,0.05793178126691933,0,0,0,51826,49979,0.7317000000000462,25967,25859
open_boundary,41,64,2,open,600075,event,1867,1015,852,0.91162109375,0.08730583824317087,0.08730583824317087,0,0,0,75164,73297,0.6533000000000584,37664,37500
open_boundary,41,64,2,open,600076,event,1870,907,963,0.9130859375,-0.029946524064171122,0.029946524064171122,0,0,0,66451,64581,0.7124999999999773,33198,33253
open_boundary,41,64,2,open,600077,event,1868,1009,859,0.912109375,0.08029978586723768,0.08029978586723768,0,0,0,49055,47187,0.7237999999999829,24603,24452
open_boundary,41,64,2,open,600078,event,1853,899,954,0.90478515625,-0.029681597409606044,0.029681597409606044,0,0,0,43857,42004,0.6394000000000233,21901,21956
open_boundary,41,64,2,open,600079,event,1858,983,875,0.9072265625,0.0581270182992465,0.0581270182992465,0,0,0,62435,60577,0.7142999999999802,31272,31163
open_boundary,41,64,2,open,600080,event,1858,1035,823,0.9072265625,0.11410118406889128,0.11410118406889128,0,0,0,35477,33619,0.7001999999999953,17845,17632
open_boundary,41,64,2,open,600081,event,1846,1001,845,0.9013671875,0.08450704225352113,0.08450704225352113,0,0,0,57795,55949,0.6602000000000317,28976,28819
open_boundary,41,64,2,open,600082,event,1863,1018,845,0.90966796875,0.09286097691894793,0.09286097691894793,0,0,0,60893,59030,0.7391000000000076,30533,30360
open_boundary,41,64,2,open,600083,event,1851,1002,849,0.90380859375,0.08265802269043761,0.08265802269043761,0,0,0,43538,41687,0.6398000000000366,21846,21692
open_boundary,41,64,2,open,600084,event,1855,933,922,0.90576171875,0.005929919137466307,0.005929919137466307,0,0,0,65336,63481,0.7024999999999864,32674,32662
open_boundary,41,64,2,open,600085,event,1857,891,966,0.90673828125,-0.04038772213247173,0.04038772213247173,0,0,0,47755,45898,0.7035999999999376,23840,23915
open_boundary,41,64,2,open,600086,event,1847,939,908,0.90185546875,0.016783974011911208,0.016783974011911208,0,0,0,55970,54123,0.6276000000000295,28001,27969
open_boundary,41,64,2,open,600087,event,1866,979,887,0.9111328125,0.04930332261521972,0.04930332261521972,0,0,0,40597,38731,0.7259000000000242,20345,20252
open_boundary,41,64,2,open,600088,event,1866,922,944,0.9111328125,-0.011789924973204717,0.011789924973204717,0,0,0,77225,75359,0.638300000000072,38602,38623
open_boundary,41,64,2,open,600089,event,1872,1055,817,0.9140625,0.12713675213675213,0.12713675213675213,0,0,0,57241,55369,0.6952999999999747,28740,28501
open_boundary,41,64,2,open,600090,event,1865,974,891,0.91064453125,0.04450402144772118,0.04450402144772118,0,0,0,66805,64940,0.7044999999999391,33444,33361
open_boundary,41,64,2,open,600091,event,1846,979,867,0.9013671875,0.06067172264355363,0.06067172264355363,0,0,0,61217,59371,0.6490999999999758,30665,30552
open_boundary,41,64,2,open,600092,event,1850,979,871,0.9033203125,0.05837837837837838,0.05837837837837838,0,0,0,61712,59862,0.72950000000003,30910,30802
open_boundary,41,64,2,open,600093,event,1855,979,876,0.90576171875,0.055525606469002696,0.055525606469002696,0,0,0,42212,40357,0.6994000000000824,21158,21054
open_boundary,41,64,2,open,600094,event,1861,823,1038,0.90869140625,-0.1155292853304675,0.1155292853304675,0,0,0,36780,34919,0.6332999999999629,18283,18497
open_boundary,41,64,2,open,600095,event,1855,1009,846,0.90576171875,0.08787061994609165,0.08787061994609165,0,0,0,47483,45628,0.7187000000000126,23823,23660
open_boundary,41,64,2,open,600096,event,1855,913,942,0.90576171875,-0.015633423180592992,0.015633423180592992,0,0,0,46056,44201,0.6418999999999642,23014,23042
open_boundary,41,64,2,open,600097,event,1854,905,949,0.9052734375,-0.023732470334412083,0.023732470334412083,0,0,0,46781,44927,0.6951000000000249,23369,23412
open_boundary,41,64,2,open,600098,event,1861,876,985,0.90869140625,-0.05857066093498119,0.05857066093498119,0,0,0,41686,39825,0.7228999999999814,20789,20897
open_boundary,41,64,2,open,600099,event,1870,1061,809,0.9130859375,0.13475935828877006,0.13475935828877006,0,0,0,54841,52971,0.6471000000000231,27547,27294
open_boundary,41,64,2,open,600100,event,1844,848,996,0.900390625,-0.08026030368763558,0.08026030368763558,0,0,0,44083,42239,0.7024000000000115,21968,22115
open_boundary,41,64,2,open,600101,event,1855,871,984,0.90576171875,-0.06091644204851752,0.06091644204851752,0,0,0,46151,44296,0.7033000000000129,23019,23132
open_boundary,41,64,2,open,600102,event,1849,849,1000,0.90283203125,-0.08166576527852894,0.08166576527852894,0,0,0,66266,64417,0.6775000000000091,33058,33208
open_boundary,41,64,2,open,600103,event,1861,1007,854,0.90869140625,0.08221386351423966,0.08221386351423966,0,0,0,38400,36539,0.7418999999999869,19277,19123
open_boundary,41,64,2,open,600104,event,1859,961,898,0.90771484375,0.03388918773534158,0.03388918773534158,0,0,0,55130,53271,0.6990999999999303,27597,27533
open_boundary,41,64,2,open,600105,event,1872,1069,803,0.9140625,0.1420940170940171,0.1420940170940171,0,0,0,65651,63779,0.7592999999999392,32959,32692
open_boundary,41,64,2,open,600106,event,1865,987,878,0.91064453125,0.05844504021447721,0.05844504021447721,0,0,0,67754,65889,0.7397999999999456,33932,33822
open_boundary,41,64,2,open,600107,event,1854,889,965,0.9052734375,-0.040992448759439054,0.040992448759439054,0,0,0,49827,47973,0.6618000000000848,24876,24951
open_boundary,41,64,2,open,600108,event,1861,991,870,0.90869140625,0.06501880709296078,0.06501880709296078,0,0,0,43826,41965,0.7386000000000195,21974,21852
open_boundary,41,64,2,open,600109,event,1853,951,902,0.90478515625,0.02644360496492175,0.02644360496492175,0,0,0,62560,60707,0.655399999999986,31305,31255
open_boundary,41,64,2,open,600110,event,1862,898,964,0.9091796875,-0.03544575725026853,0.03544575725026853,0,0,0,50587,48725,0.7035999999999376,25261,25326
open_boundary,41,64,2,open,600111,event,1854,1008,846,0.9052734375,0.08737864077669903,0.08737864077669903,0,0,0,38666,36812,0.702799999999911,19414,19252
open_boundary,41,64,2,open,600112,event,1859,917,942,0.90771484375,-0.013448090371167294,0.013448090371167294,0,0,0,44578,42719,0.6648999999999887,22277,22301
open_boundary,41,64,2,open,600113,event,1865,808,1057,0.91064453125,-0.13351206434316354,0.13351206434316354,0,0,0,71445,69580,0.7133000000000038,35598,35847
open_boundary,41,64,2,open,600114,event,1864,963,901,0.91015625,0.033261802575107295,0.033261802575107295,0,0,0,87489,85625,0.7109000000000378,43776,43713
open_boundary,41,64,2,open,600115,event,1864,971,893,0.91015625,0.04184549356223176,0.04184549356223176,0,0,0,75558,73694,0.6442000000000689,37818,37740
open_boundary,41,64,2,open,600116,event,1850,926,924,0.9033203125,0.001081081081081081,0.001081081081081081,0,0,0,82612,80762,0.7116000000000895,41307,41305
open_boundary,41,64,2,open,600117,event,1866,977,889,0.9111328125,0.04715969989281887,0.04715969989281887,0,0,0,63281,61415,0.6544999999999845,31685,31596
open_boundary,41,64,2,open,600118,event,1877,892,985,0.91650390625,-0.049547149706979224,0.049547149706979224,0,0,0,53789,51912,0.7257000000000744,26848,26941
open_boundary,41,64,2,open,600119,event,1860,970,890,0.908203125,0.043010752688172046,0.043010752688172046,0,0,0,43412,41552,0.7033999999999878,21746,21666
open_boundary,41,64,2,open,600120,event,1864,946,918,0.91015625,0.015021459227467811,0.015021459227467811,0,0,0,50383,48519,0.643100000000004,25206,25177
open_boundary,41,64,2,open,600121,event,1857,1004,853,0.90673828125,0.08131394722670975,0.08131394722670975,0,0,0,69103,67246,0.7257000000000744,34627,34476
open_boundary,41,64,2,open,600122,event,1840,1016,824,0.8984375,0.10434782608695652,0.10434782608695652,0,0,0,50266,48426,0.6901999999998907,25229,25037
open_boundary,41,64,2,open,600123,event,1856,892,964,0.90625,-0.03879310344827586,0.03879310344827586,0,0,0,48055,46199,0.6418999999999642,23992,24063
open_boundary,41,64,2,open,600124,event,1868,961,907,0.912109375,0.028907922912205567,0.028907922912205567,0,0,0,45549,43681,0.7001999999999953,22802,22747
open_boundary,41,64,2,open,600125,event,1852,1057,795,0.904296875,0.14146868250539957,0.14146868250539957,0,0,0,42278,40426,0.6406999999999243,21270,21008
open_boundary,41,64,2,open,600126,event,1855,996,859,0.90576171875,0.0738544474393531,0.0738544474393531,0,0,0,47927,46072,0.704900000000066,24032,23895
open_boundary,41,64,2,open,600127,event,1860,999,861,0.908203125,0.07419354838709677,0.07419354838709677,0,0,0,52103,50243,0.6911000000000058,26121,25982
open_boundary,41,64,2,open,600128,event,1860,913,947,0.908203125,-0.01827956989247312,0.01827956989247312,0,0,0,46229,44369,0.6414999999999509,23098,23131
open_boundary,random-0.5,64,2,open,600001,event,1860,939,921,0.908203125,0.00967741935483871,0.00967741935483871,0,0,0,41261,39401,0.25490000000002055,,
open_boundary,random-0.5,64,2,open,600002,event,1848,940,908,0.90234375,0.017316017316017316,0.017316017316017316,0,0,0,49013,47165,0.24860000000001037,,
open_boundary,random-0.5,64,2,open,600003,event,1852,993,859,0.904296875,0.07235421166306695,0.07235421166306695,0,0,0,49169,47317,0.2764000000000806,,
open_boundary,random-0.5,64,2,open,600004,event,1866,914,952,0.9111328125,-0.020364415862808145,0.020364415862808145,0,0,0,37926,36060,0.2604000000000042,,
open_boundary,random-0.5,64,2,open,600005,event,1870,924,946,0.9130859375,-0.011764705882352941,0.011764705882352941,0,0,0,64027,62157,0.3264000000000351,,
open_boundary,random-0.5,64,2,open,600006,event,1864,898,966,0.91015625,-0.03648068669527897,0.03648068669527897,0,0,0,41173,39309,0.25139999999998963,,
open_boundary,random-0.5,64,2,open,600007,event,1857,955,902,0.90673828125,0.028540656973613354,0.028540656973613354,0,0,0,47485,45628,0.2744999999999891,,
open_boundary,random-0.5,64,2,open,600008,event,1856,904,952,0.90625,-0.02586206896551724,0.02586206896551724,0,0,0,58048,56192,0.26940000000001874,,
open_boundary,random-0.5,64,2,open,600009,event,1846,940,906,0.9013671875,0.018418201516793065,0.018418201516793065,0,0,0,53658,51812,0.24210000000005039,,
open_boundary,random-0.5,64,2,open,600010,event,1859,925,934,0.90771484375,-0.004841312533620226,0.004841312533620226,0,0,0,46703,44844,0.24080000000003565,,
open_boundary,random-0.5,64,2,open,600011,event,1859,900,959,0.90771484375,-0.03173749327595481,0.03173749327595481,0,0,0,35848,33989,0.24270000000001346,,
open_boundary,random-0.5,64,2,open,600012,event,1859,904,955,0.90771484375,-0.027434104357181282,0.027434104357181282,0,0,0,47344,45485,0.24549999999999272,,
open_boundary,random-0.5,64,2,open,600013,event,1857,928,929,0.90673828125,-0.0005385029617662897,0.0005385029617662897,0,0,0,41508,39651,0.26739999999995234,,
open_boundary,random-0.5,64,2,open,600014,event,1861,933,928,0.90869140625,0.0026867275658248252,0.0026867275658248252,0,0,0,60687,58826,0.26310000000000855,,
open_boundary,random-0.5,64,2,open,600015,event,1857,907,950,0.90673828125,-0.023155627355950458,0.023155627355950458,0,0,0,49924,48067,0.2559999999999718,,
open_boundary,random-0.5,64,2,open,600016,event,1854,940,914,0.9052734375,0.014023732470334413,0.014023732470334413,0,0,0,53225,51371,0.25530000000003383,,
open_boundary,random-0.5,64,2,open,600017,event,1854,951,903,0.9052734375,0.025889967637540454,0.025889967637540454,0,0,0,43695,41841,0.2661000000000513,,
open_boundary,random-0.5,64,2,open,600018,event,1856,922,934,0.90625,-0.00646551724137931,0.00646551724137931,0,0,0,50567,48711,0.2699999999999818,,
open_boundary,random-0.5,64,2,open,600019,event,1849,947,902,0.90283203125,0.024337479718766902,0.024337479718766902,0,0,0,70436,68587,0.2519999999999527,,
open_boundary,random-0.5,64,2,open,600020,event,1850,881,969,0.9033203125,-0.04756756756756757,0.04756756756756757,0,0,0,43885,42035,0.24670000000003256,,
open_boundary,random-0.5,64,2,open,600021,event,1859,926,933,0.90771484375,-0.0037654653039268424,0.0037654653039268424,0,0,0,63133,61274,0.2963999999999487,,
open_boundary,random-0.5,64,2,open,600022,event,1862,903,959,0.9091796875,-0.03007518796992481,0.03007518796992481,0,0,0,78237,76375,0.2744999999999891,,
open_boundary,random-0.5,64,2,open,600023,event,1858,929,929,0.9072265625,0,0,0,0,0,72179,70321,0.3704999999999927,,
open_boundary,random-0.5,64,2,open,600024,event,1866,969,897,0.9111328125,0.03858520900321544,0.03858520900321544,0,0,0,58740,56874,0.2619999999999436,,
open_boundary,random-0.5,64,2,open,600025,event,1861,891,970,0.90869140625,-0.04245029554003224,0.04245029554003224,0,0,0,52229,50368,0.25080000000002656,,
open_boundary,random-0.5,64,2,open,600026,event,1866,917,949,0.9111328125,-0.01714898177920686,0.01714898177920686,0,0,0,45087,43221,0.2717000000000098,,
open_boundary,random-0.5,64,2,open,600027,event,1859,888,971,0.90771484375,-0.04464766003227542,0.04464766003227542,0,0,0,41515,39656,0.2968999999999369,,
open_boundary,random-0.5,64,2,open,600028,event,1869,938,931,0.91259765625,0.003745318352059925,0.003745318352059925,0,0,0,57131,55262,0.258199999999988,,
open_boundary,random-0.5,64,2,open,600029,event,1850,911,939,0.9033203125,-0.015135135135135135,0.015135135135135135,0,0,0,39548,37698,0.26130000000000564,,
open_boundary,random-0.5,64,2,open,600030,event,1851,845,1006,0.90380859375,-0.08698001080497028,0.08698001080497028,0,0,0,44255,42404,0.24649999999996908,,
open_boundary,random-0.5,64,2,open,600031,event,1861,952,909,0.90869140625,0.0231058570660935,0.0231058570660935,0,0,0,59521,57660,0.25,,
open_boundary,random-0.5,64,2,open,600032,event,1846,912,934,0.9013671875,-0.011917659804983749,0.011917659804983749,0,0,0,56496,54650,0.26120000000003074,,
open_boundary,random-0.5,64,2,open,600033,event,1866,953,913,0.9111328125,0.021436227224008574,0.021436227224008574,0,0,0,76914,75048,0.2537999999999556,,
open_boundary,random-0.5,64,2,open,600034,event,1858,928,930,0.9072265625,-0.001076426264800861,0.001076426264800861,0,0,0,47656,45798,0.24890000000004875,,
open_boundary,random-0.5,64,2,open,600035,event,1854,916,938,0.9052734375,-0.011866235167206042,0.011866235167206042,0,0,0,51373,49519,0.26089999999999236,,
open_boundary,random-0.5,64,2,open,600036,event,1862,894,968,0.9091796875,-0.0397422126745435,0.0397422126745435,0,0,0,48853,46991,0.25260000000002947,,
open_boundary,random-0.5,64,2,open,600037,event,1849,931,918,0.90283203125,0.007030827474310438,0.007030827474310438,0,0,0,38646,36797,0.2479000000000724,,
open_boundary,random-0.5,64,2,open,600038,event,1859,906,953,0.90771484375,-0.025282409897794515,0.025282409897794515,0,0,0,48822,46963,0.2518999999999778,,
open_boundary,random-0.5,64,2,open,600039,event,1863,950,913,0.90966796875,0.019860440150295224,0.019860440150295224,0,0,0,44789,42926,0.2645999999999731,,
open_boundary,random-0.5,64,2,open,600040,event,1863,921,942,0.90966796875,-0.011272141706924315,0.011272141706924315,0,0,0,53143,51280,0.35160000000007585,,
open_boundary,random-0.5,64,2,open,600041,event,1847,899,948,0.90185546875,-0.026529507309149974,0.026529507309149974,0,0,0,47302,45455,0.23879999999996926,,
open_boundary,random-0.5,64,2,open,600042,event,1862,914,948,0.9091796875,-0.018259935553168637,0.018259935553168637,0,0,0,50814,48952,0.233600000000024,,
open_boundary,random-0.5,64,2,open,600043,event,1848,888,960,0.90234375,-0.03896103896103896,0.03896103896103896,0,0,0,46758,44910,0.23140000000000782,,
open_boundary,random-0.5,64,2,open,600044,event,1845,902,943,0.90087890625,-0.022222222222222223,0.022222222222222223,0,0,0,55862,54017,0.2419000000001006,,
open_boundary,random-0.5,64,2,open,600045,event,1865,945,920,0.91064453125,0.013404825737265416,0.013404825737265416,0,0,0,56082,54217,0.25530000000003383,,
open_boundary,random-0.5,64,2,open,600046,event,1848,957,891,0.90234375,0.03571428571428571,0.03571428571428571,0,0,0,47066,45218,0.2556999999999334,,
open_boundary,random-0.5,64,2,open,600047,event,1853,907,946,0.90478515625,-0.021046950890447922,0.021046950890447922,0,0,0,40784,38931,0.23309999999992215,,
open_boundary,random-0.5,64,2,open,600048,event,1842,937,905,0.8994140625,0.01737242128121607,0.01737242128121607,0,0,0,45202,43360,0.23489999999992506,,
open_boundary,random-0.5,64,2,open,600049,event,1853,902,951,0.90478515625,-0.02644360496492175,0.02644360496492175,0,0,0,45990,44137,0.23710000000005493,,
open_boundary,random-0.5,64,2,open,600050,event,1841,935,906,0.89892578125,0.015752308527973928,0.015752308527973928,0,0,0,90428,88587,0.23249999999995907,,
open_boundary,random-0.5,64,2,open,600051,event,1836,893,943,0.896484375,-0.027233115468409588,0.027233115468409588,0,0,0,49189,47353,0.23140000000000782,,
open_boundary,random-0.5,64,2,open,600052,event,1867,904,963,0.91162109375,-0.03160149973219068,0.03160149973219068,0,0,0,52571,50704,0.23460000000000036,,
open_boundary,random-0.5,64,2,open,600053,event,1854,969,885,0.9052734375,0.045307443365695796,0.045307443365695796,0,0,0,46319,44465,0.2362999999999147,,
open_boundary,random-0.5,64,2,open,600054,event,1862,924,938,0.9091796875,-0.007518796992481203,0.007518796992481203,0,0,0,39864,38002,0.23769999999990432,,
open_boundary,random-0.5,64,2,open,600055,event,1874,927,947,0.9150390625,-0.010672358591248666,0.010672358591248666,0,0,0,50162,48288,0.2340999999998985,,
open_boundary,random-0.5,64,2,open,600056,event,1858,937,921,0.9072265625,0.008611410118406888,0.008611410118406888,0,0,0,45740,43882,0.23469999999997526,,
open_boundary,random-0.5,64,2,open,600057,event,1848,892,956,0.90234375,-0.03463203463203463,0.03463203463203463,0,0,0,54944,53096,0.31749999999999545,,
open_boundary,random-0.5,64,2,open,600058,event,1842,921,921,0.8994140625,0,0,0,0,0,46573,44731,0.2441000000000031,,
open_boundary,random-0.5,64,2,open,600059,event,1856,931,925,0.90625,0.003232758620689655,0.003232758620689655,0,0,0,57692,55836,0.258199999999988,,
open_boundary,random-0.5,64,2,open,600060,event,1840,849,991,0.8984375,-0.07717391304347826,0.07717391304347826,0,0,0,70702,68862,0.25310000000001764,,
open_boundary,random-0.5,64,2,open,600061,event,1859,936,923,0.90771484375,0.006993006993006993,0.006993006993006993,0,0,0,84402,82543,0.24530000000004293,,
open_boundary,random-0.5,64,2,open,600062,event,1846,903,943,0.9013671875,-0.021668472372697724,0.021668472372697724,0,0,0,41452,39606,0.2478999999999587,,
open_boundary,random-0.5,64,2,open,600063,event,1847,942,905,0.90185546875,0.020032485110990796,0.020032485110990796,0,0,0,54865,53018,0.2581000000000131,,
open_boundary,random-0.5,64,2,open,600064,event,1851,933,918,0.90380859375,0.008103727714748784,0.008103727714748784,0,0,0,36705,34854,0.2460999999999558,,
open_boundary,random-0.5,64,2,open,600065,event,1870,957,913,0.9130859375,0.023529411764705882,0.023529411764705882,0,0,0,67380,65510,0.2545000000000073,,
open_boundary,random-0.5,64,2,open,600066,event,1863,923,940,0.90966796875,-0.00912506709608159,0.00912506709608159,0,0,0,55797,53934,0.24869999999998527,,
open_boundary,random-0.5,64,2,open,600067,event,1854,950,904,0.9052734375,0.02481121898597627,0.02481121898597627,0,0,0,51643,49789,0.24490000000002965,,
open_boundary,random-0.5,64,2,open,600068,event,1873,948,925,0.91455078125,0.012279765082754938,0.012279765082754938,0,0,0,39980,38107,0.31730000000004566,,
open_boundary,random-0.5,64,2,open,600069,event,1837,970,867,0.89697265625,0.05606967882416984,0.05606967882416984,0,0,0,37995,36158,0.27300000000002456,,
open_boundary,random-0.5,64,2,open,600070,event,1852,890,962,0.904296875,-0.038876889848812095,0.038876889848812095,0,0,0,45465,43613,0.24639999999999418,,
open_boundary,random-0.5,64,2,open,600071,event,1853,906,947,0.90478515625,-0.022126281705342688,0.022126281705342688,0,0,0,67622,65769,0.24880000000007385,,
open_boundary,random-0.5,64,2,open,600072,event,1871,948,923,0.91357421875,0.013361838588989846,0.013361838588989846,0,0,0,61320,59449,0.2518000000000029,,
open_boundary,random-0.5,64,2,open,600073,event,1870,910,960,0.9130859375,-0.026737967914438502,0.026737967914438502,0,0,0,44456,42586,0.2501999999999498,,
open_boundary,random-0.5,64,2,open,600074,event,1850,921,929,0.9033203125,-0.004324324324324324,0.004324324324324324,0,0,0,46799,44949,0.24630000000001928,,
open_boundary,random-0.5,64,2,open,600075,event,1862,925,937,0.9091796875,-0.00644468313641246,0.00644468313641246,0,0,0,56768,54906,0.38589999999999236,,
open_boundary,random-0.5,64,2,open,600076,event,1860,900,960,0.908203125,-0.03225806451612903,0.03225806451612903,0,0,0,64478,62618,0.26149999999995543,,
open_boundary,random-0.5,64,2,open,600077,event,1852,907,945,0.904296875,-0.020518358531317494,0.020518358531317494,0,0,0,47067,45215,0.2458000000000311,,
open_boundary,random-0.5,64,2,open,600078,event,1836,915,921,0.896484375,-0.0032679738562091504,0.0032679738562091504,0,0,0,56768,54932,0.24320000000000164,,
open_boundary,random-0.5,64,2,open,600079,event,1853,929,924,0.90478515625,0.002698327037236913,0.002698327037236913,0,0,0,96509,94656,0.2558999999999969,,
open_boundary,random-0.5,64,2,open,600080,event,1859,894,965,0.90771484375,-0.038192576654115115,0.038192576654115115,0,0,0,38152,36293,0.24689999999998236,,
open_boundary,random-0.5,64,2,open,600081,event,1860,916,944,0.908203125,-0.015053763440860216,0.015053763440860216,0,0,0,52309,50449,0.2516000000000531,,
open_boundary,random-0.5,64,2,open,600082,event,1867,897,970,0.91162109375,-0.039100160685591856,0.039100160685591856,0,0,0,50016,48149,0.24709999999993215,,
open_boundary,random-0.5,64,2,open,600083,event,1860,921,939,0.908203125,-0.00967741935483871,0.00967741935483871,0,0,0,100978,99118,0.2533000000000811,,
open_boundary,random-0.5,64,2,open,600084,event,1854,910,944,0.9052734375,-0.018338727076591153,0.018338727076591153,0,0,0,46230,44376,0.26339999999993324,,
open_boundary,random-0.5,64,2,open,600085,event,1863,933,930,0.90966796875,0.001610305958132045,0.001610305958132045,0,0,0,67292,65429,0.26670000000001437,,
open_boundary,random-0.5,64,2,open,600086,event,1847,932,915,0.90185546875,0.009204114780725501,0.009204114780725501,0,0,0,56167,54320,0.25469999999995707,,
open_boundary,random-0.5,64,2,open,600087,event,1853,930,923,0.90478515625,0.0037776578521316784,0.0037776578521316784,0,0,0,57148,55295,0.2901000000000522,,
open_boundary,random-0.5,64,2,open,600088,event,1856,944,912,0.90625,0.017241379310344827,0.017241379310344827,0,0,0,57127,55271,0.2702000000000453,,
open_boundary,random-0.5,64,2,open,600089,event,1856,1004,852,0.90625,0.08189655172413793,0.08189655172413793,0,0,0,48049,46193,0.26070000000004256,,
open_boundary,random-0.5,64,2,open,600090,event,1863,959,904,0.90966796875,0.029522275899087493,0.029522275899087493,0,0,0,83513,81650,0.26290000000005875,,
open_boundary,random-0.5,64,2,open,600091,event,1863,920,943,0.90966796875,-0.012345679012345678,0.012345679012345678,0,0,0,53165,51302,0.2839999999999918,,
open_boundary,random-0.5,64,2,open,600092,event,1867,966,901,0.91162109375,0.03481521156936261,0.03481521156936261,0,0,0,55927,54060,0.35029999999994743,,
open_boundary,random-0.5,64,2,open,600093,event,1853,928,925,0.90478515625,0.0016189962223421479,0.0016189962223421479,0,0,0,39046,37193,0.25119999999992615,,
open_boundary,random-0.5,64,2,open,600094,event,1876,970,906,0.916015625,0.03411513859275053,0.03411513859275053,0,0,0,44836,42960,0.2505999999999631,,
open_boundary,random-0.5,64,2,open,600095,event,1858,953,905,0.9072265625,0.02583423035522067,0.02583423035522067,0,0,0,51023,49165,0.24850000000003547,,
open_boundary,random-0.5,64,2,open,600096,event,1867,907,960,0.91162109375,-0.028387787895018748,0.028387787895018748,0,0,0,61830,59963,0.25710000000003674,,
open_boundary,random-0.5,64,2,open,600097,event,1865,950,915,0.91064453125,0.01876675603217158,0.01876675603217158,0,0,0,49942,48077,0.26930000000004384,,
open_boundary,random-0.5,64,2,open,600098,event,1851,939,912,0.90380859375,0.014586709886547812,0.014586709886547812,0,0,0,37459,35608,0.2580999999998994,,
open_boundary,random-0.5,64,2,open,600099,event,1850,954,896,0.9033203125,0.03135135135135135,0.03135135135135135,0,0,0,46258,44408,0.24049999999999727,,
open_boundary,random-0.5,64,2,open,600100,event,1852,924,928,0.904296875,-0.0021598272138228943,0.0021598272138228943,0,0,0,67635,65783,0.2477000000000089,,
open_boundary,random-0.5,64,2,open,600101,event,1856,906,950,0.90625,-0.023706896551724137,0.023706896551724137,0,0,0,51189,49333,0.2601000000000795,,
open_boundary,random-0.5,64,2,open,600102,event,1853,932,921,0.90478515625,0.0059363194819212085,0.0059363194819212085,0,0,0,72500,70647,0.26890000000003056,,
open_boundary,random-0.5,64,2,open,600103,event,1866,901,965,0.9111328125,-0.03429796355841372,0.03429796355841372,0,0,0,52126,50260,0.25650000000007367,,
open_boundary,random-0.5,64,2,open,600104,event,1850,922,928,0.9033203125,-0.003243243243243243,0.003243243243243243,0,0,0,65566,63716,0.2518000000000029,,
open_boundary,random-0.5,64,2,open,600105,event,1864,883,981,0.91015625,-0.05257510729613734,0.05257510729613734,0,0,0,49240,47376,0.24310000000002674,,
open_boundary,random-0.5,64,2,open,600106,event,1849,914,935,0.90283203125,-0.011357490535424553,0.011357490535424553,0,0,0,61498,59649,0.2437999999999647,,
open_boundary,random-0.5,64,2,open,600107,event,1855,911,944,0.90576171875,-0.01778975741239892,0.01778975741239892,0,0,0,42029,40174,0.24749999999994543,,
open_boundary,random-0.5,64,2,open,600108,event,1860,905,955,0.908203125,-0.026881720430107527,0.026881720430107527,0,0,0,47789,45929,0.24649999999996908,,
open_boundary,random-0.5,64,2,open,600109,event,1852,926,926,0.904296875,0,0,0,0,0,62985,61133,0.3387000000000171,,
open_boundary,random-0.5,64,2,open,600110,event,1842,971,871,0.8994140625,0.05428881650380022,0.05428881650380022,0,0,0,55627,53785,0.2504000000000133,,
open_boundary,random-0.5,64,2,open,600111,event,1864,935,929,0.91015625,0.003218884120171674,0.003218884120171674,0,0,0,50501,48637,0.24459999999999127,,
open_boundary,random-0.5,64,2,open,600112,event,1859,930,929,0.90771484375,0.0005379236148466917,0.0005379236148466917,0,0,0,45075,43216,0.24579999999991742,,
open_boundary,random-0.5,64,2,open,600113,event,1857,963,894,0.90673828125,0.03715670436187399,0.03715670436187399,0,0,0,41150,39293,0.24130000000002383,,
open_boundary,random-0.5,64,2,open,600114,event,1855,887,968,0.90576171875,-0.04366576819407008,0.04366576819407008,0,0,0,54860,53005,0.24699999999995725,,
open_boundary,random-0.5,64,2,open,600115,event,1851,885,966,0.90380859375,-0.04376012965964344,0.04376012965964344,0,0,0,56571,54720,0.24220000000002528,,
open_boundary,random-0.5,64,2,open,600116,event,1846,906,940,0.9013671875,-0.018418201516793065,0.018418201516793065,0,0,0,59547,57701,0.24059999999997217,,
open_boundary,random-0.5,64,2,open,600117,event,1854,931,923,0.9052734375,0.004314994606256742,0.004314994606256742,0,0,0,59847,57993,0.2461999999999307,,
open_boundary,random-0.5,64,2,open,600118,event,1854,944,910,0.9052734375,0.018338727076591153,0.018338727076591153,0,0,0,66076,64222,0.2500999999999749,,
open_boundary,random-0.5,64,2,open,600119,event,1852,920,932,0.904296875,-0.0064794816414686825,0.0064794816414686825,0,0,0,51642,49790,0.2439999999999145,,
open_boundary,random-0.5,64,2,open,600120,event,1856,960,896,0.90625,0.034482758620689655,0.034482758620689655,0,0,0,43309,41453,0.24489999999991596,,
open_boundary,random-0.5,64,2,open,600121,event,1851,940,911,0.90380859375,0.015667206915180983,0.015667206915180983,0,0,0,54460,52609,0.24349999999992633,,
open_boundary,random-0.5,64,2,open,600122,event,1846,967,879,0.9013671875,0.047670639219934995,0.047670639219934995,0,0,0,49487,47641,0.24500000000000455,,
open_boundary,random-0.5,64,2,open,600123,event,1850,962,888,0.9033203125,0.04,0.04,0,0,0,48906,47056,0.2481000000000222,,
open_boundary,random-0.5,64,2,open,600124,event,1862,952,910,0.9091796875,0.022556390977443608,0.022556390977443608,0,0,0,44764,42902,0.24860000000001037,,
open_boundary,random-0.5,64,2,open,600125,event,1848,901,947,0.90234375,-0.024891774891774892,0.024891774891774892,0,0,0,40924,39076,0.26530000000002474,,
open_boundary,random-0.5,64,2,open,600126,event,1845,906,939,0.90087890625,-0.01788617886178862,0.01788617886178862,0,0,0,42989,41144,0.2717000000000098,,
open_boundary,random-0.5,64,2,open,600127,event,1844,961,883,0.900390625,0.04229934924078091,0.04229934924078091,0,0,0,60110,58266,0.33379999999999654,,
open_boundary,random-0.5,64,2,open,600128,event,1862,939,923,0.9091796875,0.008592910848549946,0.008592910848549946,0,0,0,51493,49631,0.2458000000000311,,
open_boundary,0,64,4,open,600001,event,818,818,0,0.798828125,1,1,1,0,14,18087,17269,0.3712000000000444,18087,0
open_boundary,0,64,4,open,600002,event,815,815,0,0.7958984375,1,1,1,0,9,25172,24357,0.35130000000003747,25172,0
open_boundary,0,64,4,open,600003,event,810,810,0,0.791015625,1,1,1,0,29,20483,19673,0.35210000000006403,20483,0
open_boundary,0,64,4,open,600004,event,813,813,0,0.7939453125,1,1,1,0,20,18088,17275,0.46450000000004366,18088,0
open_boundary,0,64,4,open,600005,event,816,816,0,0.796875,1,1,1,0,25,14818,14002,0.394800000000032,14818,0
open_boundary,0,64,4,open,600006,event,808,808,0,0.7890625,1,1,1,0,27,12871,12063,0.3687999999999647,12871,0
open_boundary,0,64,4,open,600007,event,814,814,0,0.794921875,1,1,1,0,31,31356,30542,0.4454999999999245,31356,0
open_boundary,0,64,4,open,600008,event,805,805,0,0.7861328125,1,1,1,0,21,11420,10615,0.49510000000009313,11420,0
open_boundary,0,64,4,open,600009,event,815,815,0,0.7958984375,1,1,1,0,14,27085,26270,0.37350000000003547,27085,0
open_boundary,0,64,4,open,600010,event,803,803,0,0.7841796875,1,1,1,0,25,16296,15493,0.4454999999999245,16296,0
open_boundary,0,64,4,open,600011,event,813,813,0,0.7939453125,1,1,1,0,6,23886,23073,0.33400000000006,23886,0
open_boundary,0,64,4,open,600012,event,813,813,0,0.7939453125,1,1,1,0,28,22438,21625,0.4474999999999909,22438,0
open_boundary,0,64,4,open,600013,event,806,806,0,0.787109375,1,1,1,0,32,19417,18611,0.3467000000000553,19417,0
open_boundary,0,64,4,open,600014,event,812,812,0,0.79296875,1,1,1,0,19,16306,15494,0.334699999999998,16306,0
open_boundary,0,64,4,open,600015,event,818,818,0,0.798828125,1,1,1,0,14,14981,14163,0.33379999999999654,14981,0
open_boundary,0,64,4,open,600016,event,820,820,0,0.80078125,1,1,1,0,12,21237,20417,0.41059999999993124,21237,0
open_boundary,0,64,4,open,600017,event,816,816,0,0.796875,1,1,1,0,29,20906,20090,0.32519999999999527,20906,0
open_boundary,0,64,4,open,600018,event,806,806,0,0.787109375,1,1,1,0,26,19312,18506,0.3265999999999849,19312,0
open_boundary,0,64,4,open,600019,event,802,802,0,0.783203125,1,1,1,0,21,14501,13699,0.4092000000000553,14501,0
open_boundary,0,64,4,open,600020,event,813,813,0,0.7939453125,1,1,1,0,19,17102,16289,0.35940000000005057,17102,0
open_boundary,0,64,4,open,600021,event,808,808,0,0.7890625,1,1,1,0,26,18960,18152,0.3408000000000584,18960,0
open_boundary,0,64,4,open,600022,event,812,812,0,0.79296875,1,1,1,0,27,23938,23126,0.37580000000002656,23938,0
open_boundary,0,64,4,open,600023,event,817,817,0,0.7978515625,1,1,1,0,34,17580,16763,0.42470000000002983,17580,0
open_boundary,0,64,4,open,600024,event,816,816,0,0.796875,1,1,1,0,28,21933,21117,0.3505000000000109,21933,0
open_boundary,0,64,4,open,600025,event,814,814,0,0.794921875,1,1,1,0,23,22447,21633,0.3389000000000806,22447,0
open_boundary,0,64,4,open,600026,event,802,802,0,0.783203125,1,1,1,0,22,14338,13536,0.34169999999994616,14338,0
open_boundary,0,64,4,open,600027,event,807,807,0,0.7880859375,1,1,1,0,16,19806,18999,0.4109999999999445,19806,0
open_boundary,0,64,4,open,600028,event,813,813,0,0.7939453125,1,1,1,0,29,24991,24178,0.3387000000000171,24991,0
open_boundary,0,64,4,open,600029,event,815,815,0,0.7958984375,1,1,1,0,37,18364,17549,0.338799999999992,18364,0
open_boundary,0,64,4,open,600030,event,805,805,0,0.7861328125,1,1,1,0,17,27152,26347,0.33390000000008513,27152,0
open_boundary,0,64,4,open,600031,event,821,821,0,0.8017578125,1,1,1,0,20,29852,29031,0.3967999999999847,29852,0
open_boundary,0,64,4,open,600032,event,808,808,0,0.7890625,1,1,1,0,35,23032,22224,0.33740000000000236,23032,0
open_boundary,0,64,4,open,600033,event,812,812,0,0.79296875,1,1,1,0,14,12999,12187,0.3330999999999449,12999,0
open_boundary,0,64,4,open,600034,event,802,802,0,0.783203125,1,1,1,0,37,26466,25664,0.33549999999991087,26466,0
open_boundary,0,64,4,open,600035,event,813,813,0,0.7939453125,1,1,1,0,16,18948,18135,0.40199999999992997,18948,0
open_boundary,0,64,4,open,600036,event,801,801,0,0.7822265625,1,1,1,0,44,23229,22428,0.32749999999998636,23229,0
open_boundary,0,64,4,open,600037,event,807,807,0,0.7880859375,1,1,1,0,33,21562,20755,0.3301000000000158,21562,0
open_boundary,0,64,4,open,600038,event,806,806,0,0.787109375,1,1,1,0,31,15362,14556,0.32929999999998927,15362,0
open_boundary,0,64,4,open,600039,event,814,814,0,0.794921875,1,1,1,0,24,21790,20976,0.3926999999999907,21790,0
open_boundary,0,64,4,open,600040,event,810,810,0,0.791015625,1,1,1,0,35,13916,13106,0.34169999999994616,13916,0
open_boundary,0,64,4,open,600041,event,808,808,0,0.7890625,1,1,1,0,31,16900,16092,0.35969999999997526,16900,0
open_boundary,0,64,4,open,600042,event,812,812,0,0.79296875,1,1,1,0,29,33972,33160,0.3347999999999729,33972,0
open_boundary,0,64,4,open,600043,event,802,802,0,0.783203125,1,1,1,0,26,24768,23966,0.3914999999999509,24768,0
open_boundary,0,64,4,open,600044,event,817,817,0,0.7978515625,1,1,1,0,20,18150,17333,0.4192000000000462,18150,0
open_boundary,0,64,4,open,600045,event,816,816,0,0.796875,1,1,1,0,22,15429,14613,0.3550999999999931,15429,0
open_boundary,0,64,4,open,600046,event,811,811,0,0.7919921875,1,1,1,0,20,18644,17833,0.36750000000006366,18644,0
open_boundary,0,64,4,open,600047,event,804,804,0,0.78515625,1,1,1,0,42,20203,19399,0.45069999999998345,20203,0
open_boundary,0,64,4,open,600048,event,815,815,0,0.7958984375,1,1,1,0,32,17678,16863,0.36600000000009913,17678,0
open_boundary,0,64,4,open,600049,event,812,812,0,0.79296875,1,1,1,0,23,30218,29406,0.3342999999999847,30218,0
open_boundary,0,64,4,open,600050,event,800,800,0,0.78125,1,1,1,0,19,15056,14256,0.41600000000005366,15056,0
open_boundary,0,64,4,open,600051,event,818,818,0,0.798828125,1,1,1,0,16,26444,25626,0.6415999999999258,26444,0
open_boundary,0,64,4,open,600052,event,811,811,0,0.7919921875,1,1,1,0,26,25470,24659,0.5009999999999764,25470,0
open_boundary,0,64,4,open,600053,event,822,822,0,0.802734375,1,1,1,0,18,23467,22645,0.4108999999999696,23467,0
open_boundary,0,64,4,open,600054,event,818,818,0,0.798828125,1,1,1,0,24,20060,19242,0.5425999999999931,20060,0
open_boundary,0,64,4,open,600055,event,808,808,0,0.7890625,1,1,1,0,32,16466,15658,0.3666000000000622,16466,0
open_boundary,0,64,4,open,600056,event,814,814,0,0.794921875,1,1,1,0,10,17053,16239,0.3522000000000389,17053,0
open_boundary,0,64,4,open,600057,event,800,800,0,0.78125,1,1,1,0,33,18135,17335,0.5600999999999203,18135,0
open_boundary,0,64,4,open,600058,event,813,813,0,0.7939453125,1,1,1,0,26,21136,20323,0.529100000000085,21136,0
open_boundary,0,64,4,open,600059,event,811,811,0,0.7919921875,1,1,1,0,19,22018,21207,0.3931999999999789,22018,0
open_boundary,0,64,4,open,600060,event,820,820,0,0.80078125,1,1,1,0,20,21613,20793,0.36760000000003856,21613,0
open_boundary,0,64,4,open,600061,event,814,814,0,0.794921875,1,1,1,0,12,20189,19375,0.35989999999992506,20189,0
open_boundary,0,64,4,open,600062,event,803,803,0,0.7841796875,1,1,1,0,18,21370,20567,0.43010000000003856,21370,0
open_boundary,0,64,4,open,600063,event,801,801,0,0.7822265625,1,1,1,0,31,16215,15414,0.3432999999999993,16215,0
open_boundary,0,64,4,open,600064,event,801,801,0,0.7822265625,1,1,1,0,36,24073,23272,0.33379999999999654,24073,0
open_boundary,0,64,4,open,600065,event,801,801,0,0.7822265625,1,1,1,0,36,27577,26776,0.34350000000006276,27577,0
open_boundary,0,64,4,open,600066,event,808,808,0,0.7890625,1,1,1,0,9,24682,23874,0.40980000000001837,24682,0
open_boundary,0,64,4,open,600067,event,799,799,0,0.7802734375,1,1,1,0,7,17717,16918,0.324799999999982,17717,0
open_boundary,0,64,4,open,600068,event,814,814,0,0.794921875,1,1,1,0,22,17677,16863,0.34000000000003183,17677,0
open_boundary,0,64,4,open,600069,event,806,806,0,0.787109375,1,1,1,0,10,23336,22530,0.3423999999999978,23336,0
open_boundary,0,64,4,open,600070,event,805,805,0,0.7861328125,1,1,1,0,31,27820,27015,0.4030999999999949,27820,0
open_boundary,0,64,4,open,600071,event,810,810,0,0.791015625,1,1,1,0,25,23813,23003,0.3270999999999731,23813,0
open_boundary,0,64,4,open,600072,event,802,802,0,0.783203125,1,1,1,0,9,22426,21624,0.32749999999998636,22426,0
open_boundary,0,64,4,open,600073,event,811,811,0,0.7919921875,1,1,1,0,34,22339,21528,0.31959999999992306,22339,0
open_boundary,0,64,4,open,600074,event,808,808,0,0.7890625,1,1,1,0,25,29347,28539,0.3949000000000069,29347,0
open_boundary,0,64,4,open,600075,event,808,808,0,0.7890625,1,1,1,0,24,14457,13649,0.34140000000002146,14457,0
open_boundary,0,64,4,open,600076,event,806,806,0,0.787109375,1,1,1,0,26,20732,19926,0.331299999999942,20732,0
open_boundary,0,64,4,open,600077,event,799,799,0,0.7802734375,1,1,1,0,27,33577,32778,0.3369000000000142,33577,0
open_boundary,0,64,4,open,600078,event,807,807,0,0.7880859375,1,1,1,0,33,19034,18227,0.39200000000005275,19034,0
open_boundary,0,64,4,open,600079,event,802,802,0,0.783203125,1,1,1,0,30,23140,22338,0.34010000000000673,23140,0
open_boundary,0,64,4,open,600080,event,805,805,0,0.7861328125,1,1,1,0,32,21020,20215,0.314200000000028,21020,0
open_boundary,0,64,4,open,600081,event,821,821,0,0.8017578125,1,1,1,0,15,15277,14456,0.5548999999999751,15277,0
open_boundary,0,64,4,open,600082,event,803,803,0,0.7841796875,1,1,1,0,39,23969,23166,0.35350000000005366,23969,0
open_boundary,0,64,4,open,600083,event,824,824,0,0.8046875,1,1,1,0,23,17901,17077,0.3611999999999398,17901,0
open_boundary,0,64,4,open,600084,event,807,807,0,0.7880859375,1,1,1,0,28,20311,19504,0.3391000000000304,20311,0
open_boundary,0,64,4,open,600085,event,806,806,0,0.787109375,1,1,1,0,17,22178,21372,0.4157999999999902,22178,0
open_boundary,0,64,4,open,600086,event,792,792,0,0.7734375,1,1,1,0,41,16974,16182,0.34410000000002583,16974,0
open_boundary,0,64,4,open,600087,event,812,812,0,0.79296875,1,1,1,0,34,16224,15412,0.33760000000006585,16224,0
open_boundary,0,64,4,open,600088,event,820,820,0,0.80078125,1,1,1,0,15,22290,21470,0.35029999999994743,22290,0
open_boundary,0,64,4,open,600089,event,805,805,0,0.7861328125,1,1,1,0,32,25587,24782,0.40430000000003474,25587,0
open_boundary,0,64,4,open,600090,event,804,804,0,0.78515625,1,1,1,0,19,17095,16291,0.3369000000000142,17095,0
open_boundary,0,64,4,open,600091,event,811,811,0,0.7919921875,1,1,1,0,17,21381,20570,0.36410000000000764,21381,0
open_boundary,0,64,4,open,600092,event,806,806,0,0.787109375,1,1,1,0,11,21222,20416,0.34520000000009077,21222,0
open_boundary,0,64,4,open,600093,event,814,814,0,0.794921875,1,1,1,0,21,18021,17207,0.42880000000002383,18021,0
open_boundary,0,64,4,open,600094,event,799,799,0,0.7802734375,1,1,1,0,30,17876,17077,0.3350000000000364,17876,0
open_boundary,0,64,4,open,600095,event,805,805,0,0.7861328125,1,1,1,0,18,17755,16950,0.3268000000000484,17755,0
open_boundary,0,64,4,open,600096,event,821,821,0,0.8017578125,1,1,1,0,9,19027,18206,0.3309000000000424,19027,0
open_boundary,0,64,4,open,600097,event,805,805,0,0.7861328125,1,1,1,0,13,15617,14812,0.39440000000001874,15617,0
open_boundary,0,64,4,open,600098,event,822,822,0,0.802734375,1,1,1,0,19,17989,17167,0.33170000000006894,17989,0
open_boundary,0,64,4,open,600099,event,813,813,0,0.7939453125,1,1,1,0,20,17228,16415,0.31550000000004275,17228,0
open_boundary,0,64,4,open,600100,event,813,813,0,0.7939453125,1,1,1,0,20,14093,13280,0.32129999999995107,14093,0
open_boundary,0,64,4,open,600101,event,808,808,0,0.7890625,1,1,1,0,19,23453,22645,0.4035000000000082,23453,0
open_boundary,0,64,4,open,600102,event,815,815,0,0.7958984375,1,1,1,0,14,15901,15086,0.3349999999999227,15901,0
open_boundary,0,64,4,open,600103,event,806,806,0,0.787109375,1,1,1,0,41,15881,15075,0.316599999999994,15881,0
open_boundary,0,64,4,open,600104,event,821,821,0,0.8017578125,1,1,1,0,21,18956,18135,0.32300000000009277,18956,0
open_boundary,0,64,4,open,600105,event,802,802,0,0.783203125,1,1,1,0,23,16797,15995,0.3867999999999938,16797,0
open_boundary,0,64,4,open,600106,event,805,805,0,0.7861328125,1,1,1,0,29,17315,16510,0.32979999999997744,17315,0
open_boundary,0,64,4,open,600107,event,819,819,0,0.7998046875,1,1,1,0,18,15190,14371,0.3169000000000324,15190,0
open_boundary,0,64,4,open,600108,event,802,802,0,0.783203125,1,1,1,0,43,20192,19390,0.31349999999997635,20192,0
open_boundary,0,64,4,open,600109,event,811,811,0,0.7919921875,1,1,1,0,15,20211,19400,0.3813999999999851,20211,0
open_boundary,0,64,4,open,600110,event,809,809,0,0.7900390625,1,1,1,0,27,21344,20535,0.32140000000003965,21344,0
open_boundary,0,64,4,open,600111,event,805,805,0,0.7861328125,1,1,1,0,20,27240,26435,0.3129999999999882,27240,0
open_boundary,0,64,4,open,600112,event,799,799,0,0.7802734375,1,1,1,0,29,14696,13897,0.3168000000000575,14696,0
open_boundary,0,64,4,open,600113,event,811,811,0,0.7919921875,1,1,1,0,50,16645,15834,0.3952000000000453,16645,0
open_boundary,0,64,4,open,600114,event,818,818,0,0.798828125,1,1,1,0,26,15795,14977,0.3325999999999567,15795,0
open_boundary,0,64,4,open,600115,event,815,815,0,0.7958984375,1,1,1,0,25,26062,25247,0.3808999999999969,26062,0
open_boundary,0,64,4,open,600116,event,813,813,0,0.7939453125,1,1,1,0,21,20780,19967,0.4067000000000007,20780,0
open_boundary,0,64,4,open,600117,event,815,815,0,0.7958984375,1,1,1,0,25,22414,21599,0.34999999999990905,22414,0
open_boundary,0,64,4,open,600118,event,800,800,0,0.78125,1,1,1,0,29,15878,15078,0.32519999999999527,15878,0
open_boundary,0,64,4,open,600119,event,803,803,0,0.7841796875,1,1,1,0,32,23087,22284,0.3324000000000069,23087,0
open_boundary,0,64,4,open,600120,event,815,815,0,0.7958984375,1,1,1,0,19,20260,19445,0.4178999999999178,20260,0
open_boundary,0,64,4,open,600121,event,816,816,0,0.796875,1,1,1,0,20,22614,21798,0.3304000000000542,22614,0
open_boundary,0,64,4,open,600122,event,816,816,0,0.796875,1,1,1,0,25,31150,30334,0.32600000000002183,31150,0
open_boundary,0,64,4,open,600123,event,801,801,0,0.7822265625,1,1,1,0,42,15215,14414,0.33569999999997435,15215,0
open_boundary,0,64,4,open,600124,event,799,799,0,0.7802734375,1,1,1,0,26,27543,26744,0.4214000000000624,27543,0
open_boundary,0,64,4,open,600125,event,814,814,0,0.794921875,1,1,1,0,31,19010,18196,0.33199999999999363,19010,0
open_boundary,0,64,4,open,600126,event,810,810,0,0.791015625,1,1,1,0,27,28116,27306,0.3347000000001117,28116,0
open_boundary,0,64,4,open,600127,event,798,798,0,0.779296875,1,1,1,0,33,19538,18740,0.3187000000000353,19538,0
open_boundary,0,64,4,open,600128,event,812,812,0,0.79296875,1,1,1,0,34,16079,15267,0.38659999999993033,16079,0
open_boundary,35,64,4,open,600001,event,830,436,394,0.810546875,0.05060240963855422,0.05060240963855422,0,0,0,43027,42197,0.3835000000000264,21514,21513
open_boundary,35,64,4,open,600002,event,838,387,451,0.818359375,-0.07637231503579953,0.07637231503579953,0,0,0,61088,60250,0.37360000000001037,30544,30544
open_boundary,35,64,4,open,600003,event,836,392,444,0.81640625,-0.06220095693779904,0.06220095693779904,0,0,0,33546,32710,0.39580000000000837,16773,16773
open_boundary,35,64,4,open,600004,event,831,438,393,0.8115234375,0.05415162454873646,0.05415162454873646,0,0,0,39843,39012,0.44400000000007367,19922,19921
open_boundary,35,64,4,open,600005,event,823,438,385,0.8037109375,0.06439854191980558,0.06439854191980558,0,0,0,39204,38381,0.37030000000004293,19602,19602
open_boundary,35,64,4,open,600006,event,836,424,412,0.81640625,0.014354066985645933,0.014354066985645933,0,0,0,48331,47495,0.3750999999999749,24166,24165
open_boundary,35,64,4,open,600007,event,827,420,407,0.8076171875,0.015719467956469165,0.015719467956469165,0,0,0,39955,39128,0.4500000000000455,19978,19977
open_boundary,35,64,4,open,600008,event,828,408,420,0.80859375,-0.014492753623188406,0.014492753623188406,0,0,0,49123,48295,0.3894000000000233,24562,24561
open_boundary,35,64,4,open,600009,event,822,401,421,0.802734375,-0.024330900243309004,0.024330900243309004,0,0,0,41814,40992,0.3654000000000224,20907,20907
open_boundary,35,64,4,open,600010,event,839,446,393,0.8193359375,0.0631704410011919,0.0631704410011919,0,0,0,27586,26747,0.3726999999998952,13793,13793
open_boundary,35,64,4,open,600011,event,828,443,385,0.80859375,0.07004830917874397,0.07004830917874397,0,0,0,37664,36836,0.4556999999999789,18832,18832
open_boundary,35,64,4,open,600012,event,834,410,424,0.814453125,-0.016786570743405275,0.016786570743405275,0,0,0,68970,68136,0.38239999999996144,34485,34485
open_boundary,35,64,4,open,600013,event,827,382,445,0.8076171875,-0.0761789600967352,0.0761789600967352,0,0,0,39656,38829,0.3686000000000149,19828,19828
open_boundary,35,64,4,open,600014,event,814,418,396,0.794921875,0.02702702702702703,0.02702702702702703,0,0,0,29446,28632,0.3673000000000002,14723,14723
open_boundary,35,64,4,open,600015,event,832,411,421,0.8125,-0.01201923076923077,0.01201923076923077,0,0,0,34267,33435,0.4399999999999409,17134,17133
open_boundary,35,64,4,open,600016,event,832,434,398,0.8125,0.04326923076923077,0.04326923076923077,0,0,0,51629,50797,0.37999999999999545,25815,25814
open_boundary,35,64,4,open,600017,event,824,420,404,0.8046875,0.019417475728155338,0.019417475728155338,0,0,0,46030,45206,0.3652999999999338,23015,23015
open_boundary,35,64,4,open,600018,event,835,420,415,0.8154296875,0.005988023952095809,0.005988023952095809,0,0,0,37743,36908,0.45709999999996853,18872,18871
open_boundary,35,64,4,open,600019,event,827,365,462,0.8076171875,-0.11729141475211609,0.11729141475211609,0,0,0,49286,48459,0.37760000000002947,24643,24643
open_boundary,35,64,4,open,600020,event,823,387,436,0.8037109375,-0.05953827460510328,0.05953827460510328,0,0,0,33914,33091,0.3667000000000371,16957,16957
open_boundary,35,64,4,open,600021,event,836,434,402,0.81640625,0.03827751196172249,0.03827751196172249,0,0,0,39791,38955,0.3808999999999969,19896,19895
open_boundary,35,64,4,open,600022,event,827,419,408,0.8076171875,0.013301088270858524,0.013301088270858524,0,0,0,34038,33211,0.4456000000000131,17019,17019
open_boundary,35,64,4,open,600023,event,819,424,395,0.7998046875,0.03540903540903541,0.03540903540903541,0,0,0,72203,71384,0.3707999999999174,36102,36101
open_boundary,35,64,4,open,600024,event,841,427,414,0.8212890625,0.015457788347205707,0.015457788347205707,0,0,0,39446,38605,0.3708000000000311,19723,19723
open_boundary,35,64,4,open,600025,event,830,404,426,0.810546875,-0.02650602409638554,0.02650602409638554,0,0,0,26655,25825,0.4339999999999691,13328,13327
open_boundary,35,64,4,open,600026,event,831,430,401,0.8115234375,0.03489771359807461,0.03489771359807461,0,0,0,36661,35830,0.38199999999994816,18331,18330
open_boundary,35,64,4,open,600027,event,845,422,423,0.8251953125,-0.001183431952662722,0.001183431952662722,0,0,0,61216,60371,0.38170000000002346,30608,30608
open_boundary,35,64,4,open,600028,event,831,408,423,0.8115234375,-0.018050541516245487,0.018050541516245487,0,0,0,43766,42935,0.3693000000000666,21883,21883
open_boundary,35,64,4,open,600029,event,821,394,427,0.8017578125,-0.040194884287454324,0.040194884287454324,0,0,0,32460,31639,0.44680000000005293,16230,16230
open_boundary,35,64,4,open,600030,event,830,396,434,0.810546875,-0.04578313253012048,0.04578313253012048,0,0,0,41305,40475,0.3794000000000324,20653,20652
open_boundary,35,64,4,open,600031,event,838,393,445,0.818359375,-0.06205250596658711,0.06205250596658711,0,0,0,44161,43323,0.38149999999996,22081,22080
open_boundary,35,64,4,open,600032,event,815,413,402,0.7958984375,0.013496932515337423,0.013496932515337423,0,0,0,33075,32260,0.37649999999996453,16538,16537
open_boundary,35,64,4,open,600033,event,844,415,429,0.82421875,-0.016587677725118485,0.016587677725118485,0,0,0,38671,37827,0.4497000000000071,19336,19335
open_boundary,35,64,4,open,600034,event,819,441,378,0.7998046875,0.07692307692307693,0.07692307692307693,0,0,0,46105,45286,0.41419999999993706,23053,23052
open_boundary,35,64,4,open,600035,event,841,415,426,0.8212890625,-0.013079667063020214,0.013079667063020214,0,0,0,37898,37057,0.38369999999997617,18949,18949
open_boundary,35,64,4,open,600036,event,834,390,444,0.814453125,-0.06474820143884892,0.06474820143884892,0,0,0,44476,43642,0.44249999999999545,22238,22238
open_boundary,35,64,4,open,600037,event,838,406,432,0.818359375,-0.031026252983293555,0.031026252983293555,0,0,0,42284,41446,0.38440000000002783,21142,21142
open_boundary,35,64,4,open,600038,event,827,422,405,0.8076171875,0.020556227327690448,0.020556227327690448,0,0,0,39797,38970,0.37829999999996744,19899,19898
open_boundary,35,64,4,open,600039,event,831,417,414,0.8115234375,0.0036101083032490976,0.0036101083032490976,0,0,0,36416,35585,0.3711999999999307,18208,18208
open_boundary,35,64,4,open,600040,event,829,404,425,0.8095703125,-0.025331724969843185,0.025331724969843185,0,0,0,30705,29876,0.43600000000003547,15353,15352
open_boundary,35,64,4,open,600041,event,831,371,460,0.8115234375,-0.10709987966305656,0.10709987966305656,0,0,0,45069,44238,0.3976999999999862,22535,22534
open_boundary,35,64,4,open,600042,event,835,414,421,0.8154296875,-0.008383233532934131,0.008383233532934131,0,0,0,38534,37699,0.38040000000000873,19267,19267
open_boundary,35,64,4,open,600043,event,829,407,422,0.8095703125,-0.018094089264173704,0.018094089264173704,0,0,0,48869,48040,0.443300000000022,24435,24434
open_boundary,35,64,4,open,600044,event,829,434,395,0.8095703125,0.047044632086851626,0.047044632086851626,0,0,0,25191,24362,0.37820000000010623,12596,12595
open_boundary,35,64,4,open,600045,event,829,392,437,0.8095703125,-0.054282267792521106,0.054282267792521106,0,0,0,42127,41298,0.42190000000005057,21064,21063
open_boundary,35,64,4,open,600046,event,818,414,404,0.798828125,0.012224938875305624,0.012224938875305624,0,0,0,50097,49279,0.41600000000005366,25049,25048
open_boundary,35,64,4,open,600047,event,836,436,400,0.81640625,0.0430622009569378,0.0430622009569378,0,0,0,44902,44066,0.46240000000000236,22451,22451
open_boundary,35,64,4,open,600048,event,838,387,451,0.818359375,-0.07637231503579953,0.07637231503579953,0,0,0,44744,43906,0.3826000000000249,22372,22372
open_boundary,35,64,4,open,600049,event,832,419,413,0.8125,0.007211538461538462,0.007211538461538462,0,0,0,34040,33208,0.3707999999999174,17020,17020
open_boundary,35,64,4,open,600050,event,817,400,417,0.7978515625,-0.0208078335373317,0.0208078335373317,0,0,0,32594,31777,0.3666000000000622,16297,16297
open_boundary,35,64,4,open,600051,event,808,452,356,0.7890625,0.1188118811881188,0.1188118811881188,0,0,0,52200,51392,0.4510999999999967,26100,26100
open_boundary,35,64,4,open,600052,event,832,443,389,0.8125,0.06490384615384616,0.06490384615384616,0,0,0,48537,47705,0.3712000000000444,24269,24268
open_boundary,35,64,4,open,600053,event,821,416,405,0.8017578125,0.013398294762484775,0.013398294762484775,0,0,0,47287,46466,0.36009999999998854,23644,23643
open_boundary,35,64,4,open,600054,event,834,396,438,0.814453125,-0.050359712230215826,0.050359712230215826,0,0,0,48114,47280,0.4456000000000131,24057,24057
open_boundary,35,64,4,open,600055,event,846,426,420,0.826171875,0.0070921985815602835,0.0070921985815602835,0,0,0,34014,33168,0.3892000000000735,17007,17007
open_boundary,35,64,4,open,600056,event,818,423,395,0.798828125,0.034229828850855744,0.034229828850855744,0,0,0,40437,39619,0.36149999999997817,20219,20218
open_boundary,35,64,4,open,600057,event,815,399,416,0.7958984375,-0.020858895705521473,0.020858895705521473,0,0,0,54380,53565,0.35980000000006385,27190,27190
open_boundary,35,64,4,open,600058,event,818,418,400,0.798828125,0.022004889975550123,0.022004889975550123,0,0,0,36754,35936,0.43060000000002674,18377,18377
open_boundary,35,64,4,open,600059,event,827,434,393,0.8076171875,0.049576783555018135,0.049576783555018135,0,0,0,60832,60005,0.3725000000000591,30416,30416
open_boundary,35,64,4,open,600060,event,826,432,394,0.806640625,0.04600484261501211,0.04600484261501211,0,0,0,47240,46414,0.36590000000001055,23620,23620
open_boundary,35,64,4,open,600061,event,829,417,412,0.8095703125,0.006031363088057901,0.006031363088057901,0,0,0,37001,36172,0.36580000000003565,18501,18500
open_boundary,35,64,4,open,600062,event,827,423,404,0.8076171875,0.022974607013301087,0.022974607013301087,0,0,0,39757,38930,0.4420000000000073,19879,19878
open_boundary,35,64,4,open,600063,event,819,440,379,0.7998046875,0.07448107448107448,0.07448107448107448,0,0,0,29824,29005,0.3654000000000224,14912,14912
open_boundary,35,64,4,open,600064,event,813,422,391,0.7939453125,0.038130381303813035,0.038130381303813035,0,0,0,45391,44578,0.359299999999962,22696,22695
open_boundary,35,64,4,open,600065,event,838,440,398,0.818359375,0.050119331742243436,0.050119331742243436,0,0,0,42687,41849,0.44109999999989213,21344,21343
open_boundary,35,64,4,open,600066,event,822,416,406,0.802734375,0.012165450121654502,0.012165450121654502,0,0,0,66305,65483,0.37740000000007967,33153,33152
open_boundary,35,64,4,open,600067,event,831,406,425,0.8115234375,-0.02286401925391095,0.02286401925391095,0,0,0,51512,50681,0.37400000000002365,25756,25756
open_boundary,35,64,4,open,600068,event,838,419,419,0.818359375,0,0,0,0,0,44735,43897,0.3805999999999585,22368,22367
open_boundary,35,64,4,open,600069,event,824,396,428,0.8046875,-0.038834951456310676,0.038834951456310676,0,0,0,49926,49102,0.44259999999997035,24963,24963
open_boundary,35,64,4,open,600070,event,836,440,396,0.81640625,0.05263157894736842,0.05263157894736842,0,0,0,47021,46185,0.3769999999999527,23511,23510
open_boundary,35,64,4,open,600071,event,841,430,411,0.8212890625,0.022592152199762187,0.022592152199762187,0,0,0,49913,49072,0.43810000000007676,24957,24956
open_boundary,35,64,4,open,600072,event,814,406,408,0.794921875,-0.002457002457002457,0.002457002457002457,0,0,0,31648,30834,0.47270000000003165,15824,15824
open_boundary,35,64,4,open,600073,event,816,440,376,0.796875,0.0784313725490196,0.0784313725490196,0,0,0,28904,28088,0.3908999999999878,14452,14452
open_boundary,35,64,4,open,600074,event,823,418,405,0.8037109375,0.015795868772782502,0.015795868772782502,0,0,0,35269,34446,0.3931999999999789,17635,17634
open_boundary,35,64,4,open,600075,event,831,398,433,0.8115234375,-0.0421179302045728,0.0421179302045728,0,0,0,36278,35447,0.4008000000000038,18139,18139
open_boundary,35,64,4,open,600076,event,826,405,421,0.806640625,-0.01937046004842615,0.01937046004842615,0,0,0,39395,38569,0.47680000000002565,19698,19697
open_boundary,35,64,4,open,600077,event,825,428,397,0.8056640625,0.037575757575757575,0.037575757575757575,0,0,0,73450,72625,0.3852999999999156,36725,36725
open_boundary,35,64,4,open,600078,event,833,428,405,0.8134765625,0.027611044417767107,0.027611044417767107,0,0,0,37651,36818,0.39170000000001437,18826,18825
open_boundary,35,64,4,open,600079,event,831,400,431,0.8115234375,-0.03730445246690734,0.03730445246690734,0,0,0,41682,40851,0.3992000000000644,20841,20841
open_boundary,35,64,4,open,600080,event,832,440,392,0.8125,0.057692307692307696,0.057692307692307696,0,0,0,34606,33774,0.4675999999999476,17303,17303
open_boundary,35,64,4,open,600081,event,842,410,432,0.822265625,-0.026128266033254157,0.026128266033254157,0,0,0,53751,52909,0.39009999999996126,26876,26875
open_boundary,35,64,4,open,600082,event,837,425,412,0.8173828125,0.015531660692951015,0.015531660692951015,0,0,0,37951,37114,0.3971000000000231,18976,18975
open_boundary,35,64,4,open,600083,event,841,407,434,0.8212890625,-0.03210463733650416,0.03210463733650416,0,0,0,30666,29825,0.44860000000005584,15333,15333
open_boundary,35,64,4,open,600084,event,831,420,411,0.8115234375,0.010830324909747292,0.010830324909747292,0,0,0,28332,27501,0.3977999999999611,14166,14166
open_boundary,35,64,4,open,600085,event,823,410,413,0.8037109375,-0.0036452004860267314,0.0036452004860267314,0,0,0,37440,36617,0.38599999999996726,18720,18720
open_boundary,35,64,4,open,600086,event,816,397,419,0.796875,-0.02696078431372549,0.02696078431372549,0,0,0,33883,33067,0.37780000000009295,16942,16941
open_boundary,35,64,4,open,600087,event,826,435,391,0.806640625,0.053268765133171914,0.053268765133171914,0,0,0,29880,29054,0.43479999999999563,14940,14940
open_boundary,35,64,4,open,600088,event,843,420,423,0.8232421875,-0.0035587188612099642,0.0035587188612099642,0,0,0,60827,59984,0.4074000000000524,30414,30413
open_boundary,35,64,4,open,600089,event,827,408,419,0.8076171875,-0.013301088270858524,0.013301088270858524,0,0,0,38936,38109,0.36220000000002983,19468,19468
open_boundary,35,64,4,open,600090,event,829,435,394,0.8095703125,0.04945717732207479,0.04945717732207479,0,0,0,56724,55895,0.43249999999989086,28362,28362
open_boundary,35,64,4,open,600091,event,828,419,409,0.80859375,0.012077294685990338,0.012077294685990338,0,0,0,42306,41478,0.3813000000000102,21153,21153
open_boundary,35,64,4,open,600092,event,837,451,386,0.8173828125,0.07765830346475508,0.07765830346475508,0,0,0,50349,49512,0.365099999999984,25175,25174
open_boundary,35,64,4,open,600093,event,841,417,424,0.8212890625,-0.008323424494649227,0.008323424494649227,0,0,0,53962,53121,0.3828999999999496,26981,26981
open_boundary,35,64,4,open,600094,event,833,411,422,0.8134765625,-0.013205282112845138,0.013205282112845138,0,0,0,40044,39211,0.45799999999997,20022,20022
open_boundary,35,64,4,open,600095,event,839,432,407,0.8193359375,0.029797377830750895,0.029797377830750895,0,0,0,49170,48331,0.38550000000009277,24585,24585
open_boundary,35,64,4,open,600096,event,809,409,400,0.7900390625,0.011124845488257108,0.011124845488257108,0,0,0,35450,34641,0.3835000000000264,17725,17725
open_boundary,35,64,4,open,600097,event,837,392,445,0.8173828125,-0.06332138590203107,0.06332138590203107,0,0,0,41810,40973,0.3975000000000364,20905,20905
open_boundary,35,64,4,open,600098,event,823,419,404,0.8037109375,0.018226002430133656,0.018226002430133656,0,0,0,35537,34714,0.4642999999999802,17769,17768
open_boundary,35,64,4,open,600099,event,841,426,415,0.8212890625,0.013079667063020214,0.013079667063020214,0,0,0,69010,68169,0.39620000000002165,34505,34505
open_boundary,35,64,4,open,600100,event,834,416,418,0.814453125,-0.002398081534772182,0.002398081534772182,0,0,0,41915,41081,0.38439999999991414,20958,20957
open_boundary,35,64,4,open,600101,event,828,396,432,0.80859375,-0.043478260869565216,0.043478260869565216,0,0,0,38544,37716,0.5658999999999423,19272,19272
open_boundary,35,64,4,open,600102,event,822,410,412,0.802734375,-0.0024330900243309003,0.0024330900243309003,0,0,0,28111,27289,0.4012000000000171,14056,14055
open_boundary,35,64,4,open,600103,event,827,380,447,0.8076171875,-0.08101571946795647,0.08101571946795647,0,0,0,40802,39975,0.4230000000000018,20401,20401
open_boundary,35,64,4,open,600104,event,831,419,412,0.8115234375,0.00842358604091456,0.00842358604091456,0,0,0,28665,27834,0.4218999999999369,14333,14332
open_boundary,35,64,4,open,600105,event,828,427,401,0.80859375,0.03140096618357488,0.03140096618357488,0,0,0,50233,49405,0.49110000000007403,25117,25116
open_boundary,35,64,4,open,600106,event,820,408,412,0.80078125,-0.004878048780487805,0.004878048780487805,0,0,0,35467,34647,0.4860999999999649,17734,17733
open_boundary,35,64,4,open,600107,event,843,434,409,0.8232421875,0.02965599051008304,0.02965599051008304,0,0,0,41351,40508,0.412900000000036,20676,20675
open_boundary,35,64,4,open,600108,event,831,412,419,0.8115234375,-0.00842358604091456,0.00842358604091456,0,0,0,71676,70845,0.5422999999999547,35838,35838
open_boundary,35,64,4,open,600109,event,849,462,387,0.8291015625,0.08833922261484099,0.08833922261484099,0,0,0,32159,31310,0.41400000000010095,16080,16079
open_boundary,35,64,4,open,600110,event,827,435,392,0.8076171875,0.05199516324062878,0.05199516324062878,0,0,0,52769,51942,0.38850000000002183,26385,26384
open_boundary,35,64,4,open,600111,event,827,423,404,0.8076171875,0.022974607013301087,0.022974607013301087,0,0,0,42313,41486,0.3872000000000071,21157,21156
open_boundary,35,64,4,open,600112,event,837,445,392,0.8173828125,0.06332138590203107,0.06332138590203107,0,0,0,49029,48192,0.46510000000000673,24515,24514
open_boundary,35,64,4,open,600113,event,839,407,432,0.8193359375,-0.029797377830750895,0.029797377830750895,0,0,0,39897,39058,0.3994000000000142,19949,19948
open_boundary,35,64,4,open,600114,event,829,416,413,0.8095703125,0.0036188178528347406,0.0036188178528347406,0,0,0,30139,29310,0.38780000000008386,15070,15069
open_boundary,35,64,4,open,600115,event,808,390,418,0.7890625,-0.034653465346534656,0.034653465346534656,0,0,0,44419,43611,0.3790000000000191,22210,22209
open_boundary,35,64,4,open,600116,event,821,377,444,0.8017578125,-0.08160779537149818,0.08160779537149818,0,0,0,36982,36161,0.4539999999999509,18491,18491
open_boundary,35,64,4,open,600117,event,828,399,429,0.80859375,-0.036231884057971016,0.036231884057971016,0,0,0,34678,33850,0.3915999999999258,17339,17339
open_boundary,35,64,4,open,600118,event,825,429,396,0.8056640625,0.04,0.04,0,0,0,46263,45438,0.3868999999999687,23132,23131
open_boundary,35,64,4,open,600119,event,823,412,411,0.8037109375,0.001215066828675577,0.001215066828675577,0,0,0,38719,37896,0.6517000000000053,19360,19359
open_boundary,35,64,4,open,600120,event,831,408,423,0.8115234375,-0.018050541516245487,0.018050541516245487,0,0,0,59409,58578,0.4117999999999711,29705,29704
open_boundary,35,64,4,open,600121,event,828,405,423,0.80859375,-0.021739130434782608,0.021739130434782608,0,0,0,35693,34865,0.3869999999999436,17847,17846
open_boundary,35,64,4,open,600122,event,825,407,418,0.8056640625,-0.013333333333333334,0.013333333333333334,0,0,0,34853,34028,0.3889000000000351,17427,17426
open_boundary,35,64,4,open,600123,event,822,397,425,0.802734375,-0.0340632603406326,0.0340632603406326,0,0,0,37011,36189,0.5042000000000826,18506,18505
open_boundary,35,64,4,open,600124,event,827,397,430,0.8076171875,-0.03990326481257558,0.03990326481257558,0,0,0,37457,36630,0.40600000000006276,18729,18728
open_boundary,35,64,4,open,600125,event,831,440,391,0.8115234375,0.05896510228640193,0.05896510228640193,0,0,0,50133,49302,0.3892999999999347,25067,25066
open_boundary,35,64,4,open,600126,event,817,419,398,0.7978515625,0.025703794369645042,0.025703794369645042,0,0,0,30490,29673,0.5008000000000266,15245,15245
open_boundary,35,64,4,open,600127,event,824,392,432,0.8046875,-0.04854368932038835,0.04854368932038835,0,0,0,48841,48017,0.4332000000000562,24421,24420
open_boundary,35,64,4,open,600128,event,828,390,438,0.80859375,-0.057971014492753624,0.057971014492753624,0,0,0,38181,37353,0.41660000000001673,19091,19090
open_boundary,38,64,4,open,600001,event,828,414,414,0.80859375,0,0,1,0,3,31217,30389,0.38250000000005,18598,12619
open_boundary,38,64,4,open,600002,event,815,408,407,0.7958984375,0.001226993865030675,0.001226993865030675,1,24,0,35443,34628,0.4433999999999969,5865,29578
open_boundary,38,64,4,open,600003,event,838,419,419,0.818359375,0,0,1,0,2,28884,28046,0.35809999999992215,18810,10074
open_boundary,38,64,4,open,600004,event,814,407,407,0.794921875,0,0,1,0,14,23712,22898,0.3412999999999329,17169,6543
open_boundary,38,64,4,open,600005,event,809,405,404,0.7900390625,0.0012360939431396785,0.0012360939431396785,1,39,0,22839,22030,0.33140000000003056,4436,18403
open_boundary,38,64,4,open,600006,event,826,413,413,0.806640625,0,0,1,0,1,30927,30101,0.4157999999999902,17981,12946
open_boundary,38,64,4,open,600007,event,830,415,415,0.810546875,0,0,1,0,4,27093,26263,0.3448999999999387,15353,11740
open_boundary,38,64,4,open,600008,event,835,418,417,0.8154296875,0.0011976047904191617,0.0011976047904191617,1,2,0,26586,25751,0.3705999999999676,10790,15796
open_boundary,38,64,4,open,600009,event,829,415,414,0.8095703125,0.0012062726176115801,0.0012062726176115801,1,6,0,19860,19031,0.3511000000000877,8925,10935
open_boundary,38,64,4,open,600010,event,825,413,412,0.8056640625,0.0012121212121212121,0.0012121212121212121,1,1,0,32695,31870,0.4410000000000309,13793,18902
open_boundary,38,64,4,open,600011,event,824,412,412,0.8046875,0,0,1,0,8,20364,19540,0.35400000000004184,10945,9419
open_boundary,38,64,4,open,600012,event,813,407,406,0.7939453125,0.0012300123001230013,0.0012300123001230013,1,3,0,33021,32208,0.3513999999998987,14340,18681
open_boundary,38,64,4,open,600013,event,819,410,409,0.7998046875,0.001221001221001221,0.001221001221001221,1,7,0,29824,29005,0.3749000000000251,9365,20459
open_boundary,38,64,4,open,600014,event,835,418,417,0.8154296875,0.0011976047904191617,0.0011976047904191617,1,1,0,25400,24565,0.4273999999999205,14236,11164
open_boundary,38,64,4,open,600015,event,812,406,406,0.79296875,0,0,1,0,27,27413,26601,0.3345999999999094,20992,6421
open_boundary,38,64,4,open,600016,event,828,414,414,0.80859375,0,0,1,0,6,38021,37193,0.3351999999999862,27901,10120
open_boundary,38,64,4,open,600017,event,820,410,410,0.80078125,0,0,1,0,5,31136,30316,0.5596000000000458,21121,10015
open_boundary,38,64,4,open,600018,event,809,405,404,0.7900390625,0.0012360939431396785,0.0012360939431396785,1,7,0,20750,19941,0.39220000000000255,8612,12138
open_boundary,38,64,4,open,600019,event,830,415,415,0.810546875,0,0,0,0,0,30436,29606,0.3704000000000178,12501,17935
open_boundary,38,64,4,open,600020,event,812,406,406,0.79296875,0,0,1,0,15,25805,24993,0.3766999999999143,18730,7075
open_boundary,38,64,4,open,600021,event,820,410,410,0.80078125,0,0,1,0,8,25723,24903,0.46290000000010423,17466,8257
open_boundary,38,64,4,open,600022,event,819,410,409,0.7998046875,0.001221001221001221,0.001221001221001221,1,16,0,19539,18720,0.6189000000000533,5694,13845
open_boundary,38,64,4,open,600023,event,794,397,397,0.775390625,0,0,1,0,53,15457,14663,0.39449999999999363,11239,4218
open_boundary,38,64,4,open,600024,event,830,415,415,0.810546875,0,0,1,0,1,31460,30630,0.39440000000001874,20320,11140
open_boundary,38,64,4,open,600025,event,827,414,413,0.8076171875,0.0012091898428053204,0.0012091898428053204,1,3,0,24322,23495,0.5185999999999922,8569,15753
open_boundary,38,64,4,open,600026,event,812,406,406,0.79296875,0,0,1,0,10,22929,22117,0.37980000000004566,16586,6343
open_boundary,38,64,4,open,600027,event,819,410,409,0.7998046875,0.001221001221001221,0.001221001221001221,1,18,0,22591,21772,0.3604000000000269,7468,15123
open_boundary,38,64,4,open,600028,event,820,410,410,0.80078125,0,0,1,0,13,24188,23368,0.36180000000001655,16724,7464
open_boundary,38,64,4,open,600029,event,831,416,415,0.8115234375,0.0012033694344163659,0.0012033694344163659,1,8,0,28242,27411,0.4493999999999687,8660,19582
open_boundary,38,64,4,open,600030,event,832,416,416,0.8125,0,0,0,0,0,36738,35906,0.3714999999999691,20111,16627
open_boundary,38,64,4,open,600031,event,816,408,408,0.796875,0,0,1,0,9,33435,32619,0.372600000000034,26485,6950
open_boundary,38,64,4,open,600032,event,826,413,413,0.806640625,0,0,1,0,13,34812,33986,0.3646999999999707,27355,7457
open_boundary,38,64,4,open,600033,event,842,421,421,0.822265625,0,0,1,0,1,35297,34455,0.45860000000004675,23830,11467
open_boundary,38,64,4,open,600034,event,821,411,410,0.8017578125,0.001218026796589525,0.001218026796589525,1,9,0,31824,31003,0.3667999999998983,9018,22806
open_boundary,38,64,4,open,600035,event,812,406,406,0.79296875,0,0,1,0,21,21997,21185,0.356899999999996,15491,6506
open_boundary,38,64,4,open,600036,event,835,418,417,0.8154296875,0.0011976047904191617,0.0011976047904191617,1,2,0,32864,32029,0.4461000000000013,15920,16944
open_boundary,38,64,4,open,600037,event,819,410,409,0.7998046875,0.001221001221001221,0.001221001221001221,1,10,0,29160,28341,0.3707999999999174,9595,19565
open_boundary,38,64,4,open,600038,event,803,402,401,0.7841796875,0.0012453300124533001,0.0012453300124533001,1,31,0,22123,21320,0.3550999999999931,5096,17027
open_boundary,38,64,4,open,600039,event,814,407,407,0.794921875,0,0,1,0,14,24051,23237,0.36019999999996344,17202,6849
open_boundary,38,64,4,open,600040,event,822,411,411,0.802734375,0,0,1,0,19,16792,15970,0.4481999999999289,11149,5643
open_boundary,38,64,4,open,600041,event,806,403,403,0.787109375,0,0,1,0,24,26078,25272,0.356200000000058,20863,5215
open_boundary,38,64,4,open,600042,event,829,415,414,0.8095703125,0.0012062726176115801,0.0012062726176115801,1,12,0,29832,29003,0.351099999999974,8560,21272
open_boundary,38,64,4,open,600043,event,825,413,412,0.8056640625,0.0012121212121212121,0.0012121212121212121,1,6,0,27428,26603,0.3526000000000522,9839,17589
open_boundary,38,64,4,open,600044,event,816,408,408,0.796875,0,0,1,0,18,26385,25569,0.4137000000000626,20411,5974
open_boundary,38,64,4,open,600045,event,829,415,414,0.8095703125,0.0012062726176115801,0.0012062726176115801,1,13,0,21391,20562,0.39189999999996417,8732,12659
open_boundary,38,64,4,open,600046,event,806,403,403,0.787109375,0,0,1,0,17,19843,19037,0.348700000000008,13814,6029
open_boundary,38,64,4,open,600047,event,828,414,414,0.80859375,0,0,1,0,3,33557,32729,0.3613000000000284,22737,10820
open_boundary,38,64,4,open,600048,event,808,404,404,0.7890625,0,0,1,0,22,27592,26784,0.41219999999998436,21391,6201
open_boundary,38,64,4,open,600049,event,818,409,409,0.798828125,0,0,1,0,20,22680,21862,0.35350000000005366,15663,7017
open_boundary,38,64,4,open,600050,event,797,399,398,0.7783203125,0.0012547051442910915,0.0012547051442910915,1,36,0,20383,19586,0.3731000000000222,4325,16058
open_boundary,38,64,4,open,600051,event,820,410,410,0.80078125,0,0,1,0,4,33893,33073,0.36990000000002965,21090,12803
open_boundary,38,64,4,open,600052,event,820,410,410,0.80078125,0,0,1,0,7,22173,21353,0.4374000000000251,12094,10079
open_boundary,38,64,4,open,600053,event,827,414,413,0.8076171875,0.0012091898428053204,0.0012091898428053204,1,6,0,25480,24653,0.3564999999999827,7693,17787
open_boundary,38,64,4,open,600054,event,804,402,402,0.78515625,0,0,1,0,37,16456,15652,0.33750000000009095,12235,4221
open_boundary,38,64,4,open,600055,event,816,408,408,0.796875,0,0,1,0,12,29678,28862,0.371599999999944,22614,7064
open_boundary,38,64,4,open,600056,event,810,405,405,0.791015625,0,0,1,0,26,29775,28965,0.4239000000000033,23486,6289
open_boundary,38,64,4,open,600057,event,827,414,413,0.8076171875,0.0012091898428053204,0.0012091898428053204,1,2,0,30080,29253,0.3645999999999958,13365,16715
open_boundary,38,64,4,open,600058,event,799,400,399,0.7802734375,0.0012515644555694619,0.0012515644555694619,1,17,0,26202,25403,0.3570999999999458,6214,19988
open_boundary,38,64,4,open,600059,event,828,414,414,0.80859375,0,0,1,0,1,44125,43297,0.3665000000000873,29419,14706
open_boundary,38,64,4,open,600060,event,833,417,416,0.8134765625,0.0012004801920768306,0.0012004801920768306,0,0,0,32394,31561,0.4653999999999314,16190,16204
open_boundary,38,64,4,open,600061,event,823,412,411,0.8037109375,0.001215066828675577,0.001215066828675577,1,7,0,26639,25816,0.36230000000000473,6550,20089
open_boundary,38,64,4,open,600062,event,821,411,410,0.8017578125,0.001218026796589525,0.001218026796589525,1,9,0,25524,24703,0.36220000000002983,10035,15489
open_boundary,38,64,4,open,600063,event,837,419,418,0.8173828125,0.0011947431302270011,0.0011947431302270011,1,6,0,24766,23929,0.45279999999991105,9161,15605
open_boundary,38,64,4,open,600064,event,814,407,407,0.794921875,0,0,1,0,20,27451,26637,0.3673999999999751,22058,5393
open_boundary,38,64,4,open,600065,event,835,418,417,0.8154296875,0.0011976047904191617,0.0011976047904191617,1,5,0,23278,22443,0.35580000000004475,10821,12457
open_boundary,38,64,4,open,600066,event,820,410,410,0.80078125,0,0,1,0,19,23773,22953,0.34810000000004493,17411,6362
open_boundary,38,64,4,open,600067,event,828,414,414,0.80859375,0,0,0,0,0,42947,42119,0.4190999999999576,18357,24590
open_boundary,38,64,4,open,600068,event,835,418,417,0.8154296875,0.0011976047904191617,0.0011976047904191617,0,0,0,36960,36125,0.3512999999999238,20018,16942
open_boundary,38,64,4,open,600069,event,816,408,408,0.796875,0,0,1,0,1,41469,40653,0.3446999999999889,25193,16276
open_boundary,38,64,4,open,600070,event,817,409,408,0.7978515625,0.0012239902080783353,0.0012239902080783353,1,14,0,22495,21678,0.3525000000000773,8045,14450
open_boundary,38,64,4,open,600071,event,820,410,410,0.80078125,0,0,1,0,3,26284,25464,0.41230000000007294,16039,10245
open_boundary,38,64,4,open,600072,event,820,410,410,0.80078125,0,0,1,0,6,31636,30816,0.3431999999999107,22478,9158
open_boundary,38,64,4,open,600073,event,832,416,416,0.8125,0,0,1,0,3,25208,24376,0.36559999999997217,15449,9759
open_boundary,38,64,4,open,600074,event,801,401,400,0.7822265625,0.0012484394506866417,0.0012484394506866417,1,38,0,27125,26324,0.3392000000000053,4491,22634
open_boundary,38,64,4,open,600075,event,815,408,407,0.7958984375,0.001226993865030675,0.001226993865030675,1,11,0,22638,21823,0.43880000000001473,5976,16662
open_boundary,38,64,4,open,600076,event,824,412,412,0.8046875,0,0,1,0,3,32711,31887,0.3766000000000531,19128,13583
open_boundary,38,64,4,open,600077,event,820,410,410,0.80078125,0,0,1,0,7,27119,26299,0.3502000000000862,16467,10652
open_boundary,38,64,4,open,600078,event,818,409,409,0.798828125,0,0,1,0,18,34714,33896,0.35039999999992233,28336,6378
open_boundary,38,64,4,open,600079,event,819,410,409,0.7998046875,0.001221001221001221,0.001221001221001221,1,5,0,18912,18093,0.4553999999999405,7038,11874
open_boundary,38,64,4,open,600080,event,823,412,411,0.8037109375,0.001215066828675577,0.001215066828675577,1,7,0,27638,26815,0.342899999999986,9415,18223
open_boundary,38,64,4,open,600081,event,827,414,413,0.8076171875,0.0012091898428053204,0.0012091898428053204,1,2,0,23179,22352,0.3390000000000555,9216,13963
open_boundary,38,64,4,open,600082,event,798,399,399,0.779296875,0,0,1,0,57,31021,30223,0.4033000000000584,27445,3576
open_boundary,38,64,4,open,600083,event,831,416,415,0.8115234375,0.0012033694344163659,0.0012033694344163659,0,0,0,30613,29782,0.39869999999996253,16509,14104
open_boundary,38,64,4,open,600084,event,817,409,408,0.7978515625,0.0012239902080783353,0.0012239902080783353,1,22,0,24963,24146,0.362700000000018,5725,19238
open_boundary,38,64,4,open,600085,event,827,414,413,0.8076171875,0.0012091898428053204,0.0012091898428053204,1,8,0,25947,25120,0.35199999999997544,9256,16691
open_boundary,38,64,4,open,600086,event,817,409,408,0.7978515625,0.0012239902080783353,0.0012239902080783353,1,12,0,23170,22353,0.4209000000000742,6700,16470
open_boundary,38,64,4,open,600087,event,819,410,409,0.7998046875,0.001221001221001221,0.001221001221001221,1,14,0,19437,18618,0.3526999999999134,6636,12801
open_boundary,38,64,4,open,600088,event,808,404,404,0.7890625,0,0,1,0,15,27875,27067,0.32979999999997744,20672,7203
open_boundary,38,64,4,open,600089,event,841,421,420,0.8212890625,0.0011890606420927466,0.0011890606420927466,1,7,0,39813,38972,0.34000000000003183,9518,30295
open_boundary,38,64,4,open,600090,event,830,415,415,0.810546875,0,0,1,0,5,35423,34593,0.4942999999999529,25003,10420
open_boundary,38,64,4,open,600091,event,818,409,409,0.798828125,0,0,1,0,2,30485,29667,0.3526000000000522,16224,14261
open_boundary,38,64,4,open,600092,event,829,415,414,0.8095703125,0.0012062726176115801,0.0012062726176115801,1,1,0,27795,26966,0.3524999999999636,13551,14244
open_boundary,38,64,4,open,600093,event,823,412,411,0.8037109375,0.001215066828675577,0.001215066828675577,1,4,0,21019,20196,0.3490000000000464,8543,12476
open_boundary,38,64,4,open,600094,event,818,409,409,0.798828125,0,0,1,0,13,24455,23637,0.4230999999999767,17570,6885
open_boundary,38,64,4,open,600095,event,807,404,403,0.7880859375,0.0012391573729863693,0.0012391573729863693,1,24,0,18978,18171,0.34000000000003183,5723,13255
open_boundary,38,64,4,open,600096,event,817,409,408,0.7978515625,0.0012239902080783353,0.0012239902080783353,1,22,0,36356,35539,0.3328999999999951,6431,29925
open_boundary,38,64,4,open,600097,event,799,400,399,0.7802734375,0.0012515644555694619,0.0012515644555694619,1,34,0,21311,20512,0.36200000000008004,4556,16755
open_boundary,38,64,4,open,600098,event,829,415,414,0.8095703125,0.0012062726176115801,0.0012062726176115801,1,7,0,35263,34434,0.4168000000000802,9628,25635
open_boundary,38,64,4,open,600099,event,809,405,404,0.7900390625,0.0012360939431396785,0.0012360939431396785,1,20,0,27708,26899,0.33740000000000236,6532,21176
open_boundary,38,64,4,open,600100,event,823,412,411,0.8037109375,0.001215066828675577,0.001215066828675577,1,6,0,21893,21070,0.35400000000004184,10428,11465
open_boundary,38,64,4,open,600101,event,825,413,412,0.8056640625,0.0012121212121212121,0.0012121212121212121,1,3,0,38992,38167,0.35559999999998126,12522,26470
open_boundary,38,64,4,open,600102,event,816,408,408,0.796875,0,0,1,0,11,19967,19151,0.4175000000000182,12153,7814
open_boundary,38,64,4,open,600103,event,817,409,408,0.7978515625,0.0012239902080783353,0.0012239902080783353,1,24,0,27204,26387,0.33199999999999363,5188,22016
open_boundary,38,64,4,open,600104,event,809,405,404,0.7900390625,0.0012360939431396785,0.0012360939431396785,1,12,0,21778,20969,0.3302000000001044,6094,15684
open_boundary,38,64,4,open,600105,event,828,414,414,0.80859375,0,0,1,0,3,33602,32774,0.4054999999999609,21531,12071
open_boundary,38,64,4,open,600106,event,824,412,412,0.8046875,0,0,1,0,9,23357,22533,0.34940000000005966,16006,7351
open_boundary,38,64,4,open,600107,event,823,412,411,0.8037109375,0.001215066828675577,0.001215066828675577,1,7,0,22038,21215,0.33199999999999363,9106,12932
open_boundary,38,64,4,open,600108,event,836,418,418,0.81640625,0,0,1,0,2,29713,28877,0.3605999999999767,17094,12619
open_boundary,38,64,4,open,600109,event,803,402,401,0.7841796875,0.0012453300124533001,0.0012453300124533001,1,21,0,21826,21023,0.43230000000005475,6580,15246
open_boundary,38,64,4,open,600110,event,829,415,414,0.8095703125,0.0012062726176115801,0.0012062726176115801,1,4,0,44029,43200,0.35439999999994143,11652,32377
open_boundary,38,64,4,open,600111,event,815,408,407,0.7958984375,0.001226993865030675,0.001226993865030675,1,25,0,21996,21181,0.3630000000000564,5794,16202
open_boundary,38,64,4,open,600112,event,813,407,406,0.7939453125,0.0012300123001230013,0.0012300123001230013,1,29,0,38665,37852,0.36099999999999,7127,31538
open_boundary,38,64,4,open,600113,event,836,418,418,0.81640625,0,0,1,0,1,36543,35707,0.4461000000000013,15270,21273
open_boundary,38,64,4,open,600114,event,819,410,409,0.7998046875,0.001221001221001221,0.001221001221001221,1,15,0,22995,22176,0.37829999999996744,5118,17877
open_boundary,38,64,4,open,600115,event,820,410,410,0.80078125,0,0,1,0,6,25669,24849,0.3564999999999827,14319,11350
open_boundary,38,64,4,open,600116,event,810,405,405,0.791015625,0,0,1,0,17,29358,28548,0.34989999999993415,21484,7874
open_boundary,38,64,4,open,600117,event,829,415,414,0.8095703125,0.0012062726176115801,0.0012062726176115801,1,9,0,23879,23050,0.41620000000000346,8689,15190
open_boundary,38,64,4,open,600118,event,826,413,413,0.806640625,0,0,0,0,0,39750,38924,0.344600000000014,23395,16355
open_boundary,38,64,4,open,600119,event,807,404,403,0.7880859375,0.0012391573729863693,0.0012391573729863693,1,3,0,30256,29449,0.33159999999998035,13357,16899
open_boundary,38,64,4,open,600120,event,796,398,398,0.77734375,0,0,1,0,33,21174,20378,0.3270999999999731,16677,4497
open_boundary,38,64,4,open,600121,event,819,410,409,0.7998046875,0.001221001221001221,0.001221001221001221,1,10,0,22671,21852,0.40999999999996817,7206,15465
open_boundary,38,64,4,open,600122,event,836,418,418,0.81640625,0,0,1,0,7,24477,23641,0.34180000000003474,15174,9303
open_boundary,38,64,4,open,600123,event,819,410,409,0.7998046875,0.001221001221001221,0.001221001221001221,1,6,0,23001,22182,0.3403999999999314,9570,13431
open_boundary,38,64,4,open,600124,event,811,406,405,0.7919921875,0.0012330456226880395,0.0012330456226880395,1,9,0,19300,18489,0.405399999999986,7964,11336
open_boundary,38,64,4,open,600125,event,820,410,410,0.80078125,0,0,1,0,14,19545,18725,0.42629999999996926,12450,7095
open_boundary,38,64,4,open,600126,event,835,418,417,0.8154296875,0.0011976047904191617,0.0011976047904191617,0,0,0,37290,36455,0.34360000000003765,22587,14703
open_boundary,38,64,4,open,600127,event,820,410,410,0.80078125,0,0,1,0,7,26524,25704,0.38220000000001164,18406,8118
open_boundary,38,64,4,open,600128,event,832,416,416,0.8125,0,0,1,0,10,29372,28540,0.42010000000004766,21480,7892
open_boundary,41,64,4,open,600001,event,819,349,470,0.7998046875,-0.14774114774114774,0.14774114774114774,0,0,0,33215,32396,0.37790000000006785,16547,16668
open_boundary,41,64,4,open,600002,event,830,481,349,0.810546875,0.15903614457831325,0.15903614457831325,0,0,0,57139,56309,0.5718999999999141,28636,28503
open_boundary,41,64,4,open,600003,event,831,563,268,0.8115234375,0.35499398315282793,0.35499398315282793,0,0,0,35248,34417,0.45269999999993615,17772,17476
open_boundary,41,64,4,open,600004,event,832,521,311,0.8125,0.25240384615384615,0.25240384615384615,0,0,0,34996,34164,0.5520000000000209,17603,17393
open_boundary,41,64,4,open,600005,event,829,407,422,0.8095703125,-0.018094089264173704,0.018094089264173704,0,0,0,33468,32639,0.4391999999999143,16727,16741
open_boundary,41,64,4,open,600006,event,831,451,380,0.8115234375,0.08543922984356198,0.08543922984356198,0,0,0,38251,37420,0.3885999999999967,19161,19090
open_boundary,41,64,4,open,600007,event,828,456,372,0.80859375,0.10144927536231885,0.10144927536231885,0,0,0,42280,41452,0.4017000000000053,21182,21098
open_boundary,41,64,4,open,600008,event,824,609,215,0.8046875,0.47815533980582525,0.47815533980582525,0,0,0,38356,37532,0.4715999999999667,19375,18981
open_boundary,41,64,4,open,600009,event,825,439,386,0.8056640625,0.06424242424242424,0.06424242424242424,0,0,0,38937,38112,0.38799999999991996,19495,19442
open_boundary,41,64,4,open,600010,event,822,461,361,0.802734375,0.12165450121654502,0.12165450121654502,0,0,0,52331,51509,0.3953999999999951,26216,26115
open_boundary,41,64,4,open,600011,event,829,507,322,0.8095703125,0.22316043425814233,0.22316043425814233,0,0,0,32935,32106,0.45680000000004384,16560,16375
open_boundary,41,64,4,open,600012,event,838,574,264,0.818359375,0.36992840095465396,0.36992840095465396,0,0,0,40936,40098,0.39170000000001437,20623,20313
open_boundary,41,64,4,open,600013,event,834,619,215,0.814453125,0.4844124700239808,0.4844124700239808,0,0,0,45337,44503,0.3827999999999747,22871,22466
open_boundary,41,64,4,open,600014,event,813,545,268,0.7939453125,0.34071340713407133,0.34071340713407133,0,0,0,29222,28409,0.4877999999999929,14750,14472
open_boundary,41,64,4,open,600015,event,820,500,320,0.80078125,0.21951219512195122,0.21951219512195122,0,0,0,37307,36487,0.5167999999999893,18744,18563
open_boundary,41,64,4,open,600016,event,822,504,318,0.802734375,0.22627737226277372,0.22627737226277372,0,0,0,35650,34828,0.3849999999999909,17918,17732
open_boundary,41,64,4,open,600017,event,828,382,446,0.80859375,-0.07729468599033816,0.07729468599033816,0,0,0,54835,54007,0.39599999999995816,27386,27449
open_boundary,41,64,4,open,600018,event,821,634,187,0.8017578125,0.5444579780755177,0.5444579780755177,0,0,0,59229,58408,0.4339999999999691,29838,29391
open_boundary,41,64,4,open,600019,event,827,395,432,0.8076171875,-0.044740024183796856,0.044740024183796856,0,0,0,48424,47597,0.38990000000001146,24194,24230
open_boundary,41,64,4,open,600020,event,837,481,356,0.8173828125,0.14934289127837516,0.14934289127837516,0,0,0,35456,34619,0.3730999999999085,17791,17665
open_boundary,41,64,4,open,600021,event,827,389,438,0.8076171875,-0.0592503022974607,0.0592503022974607,0,0,0,31746,30919,0.3725000000000591,15849,15897
open_boundary,41,64,4,open,600022,event,826,432,394,0.806640625,0.04600484261501211,0.04600484261501211,0,0,0,38063,37237,0.4431999999999334,19051,19012
open_boundary,41,64,4,open,600023,event,814,476,338,0.794921875,0.16953316953316952,0.16953316953316952,0,0,0,39038,38224,0.3649000000000342,19588,19450
open_boundary,41,64,4,open,600024,event,830,524,306,0.810546875,0.26265060240963856,0.26265060240963856,0,0,0,32290,31460,0.3748999999999114,16254,16036
open_boundary,41,64,4,open,600025,event,825,402,423,0.8056640625,-0.025454545454545455,0.025454545454545455,0,0,0,26924,26099,0.3753000000000384,13452,13472
open_boundary,41,64,4,open,600026,event,828,298,530,0.80859375,-0.28019323671497587,0.28019323671497587,0,0,0,30399,29571,0.44029999999997926,15084,15315
open_boundary,41,64,4,open,600027,event,817,529,288,0.7978515625,0.29498164014687883,0.29498164014687883,0,0,0,39983,39166,0.370900000000006,20112,19871
open_boundary,41,64,4,open,600028,event,827,419,408,0.8076171875,0.013301088270858524,0.013301088270858524,0,0,0,30210,29383,0.3693000000000666,15111,15099
open_boundary,41,64,4,open,600029,event,827,515,312,0.8076171875,0.24546553808948005,0.24546553808948005,0,0,0,43399,42572,0.4379000000000133,21801,21598
open_boundary,41,64,4,open,600030,event,816,410,406,0.796875,0.004901960784313725,0.004901960784313725,0,0,0,61492,60676,0.37429999999994834,30748,30744
open_boundary,41,64,4,open,600031,event,819,536,283,0.7998046875,0.3089133089133089,0.3089133089133089,0,0,0,54953,54134,0.3953000000000202,27603,27350
open_boundary,41,64,4,open,600032,event,833,465,368,0.8134765625,0.11644657863145258,0.11644657863145258,0,0,0,32560,31727,0.4533000000000129,16329,16231
open_boundary,41,64,4,open,600033,event,838,416,422,0.818359375,-0.007159904534606206,0.007159904534606206,0,0,0,37103,36265,0.5286000000000968,18549,18554
open_boundary,41,64,4,open,600034,event,819,507,312,0.7998046875,0.23809523809523808,0.23809523809523808,0,0,0,43745,42926,0.4311999999999898,21970,21775
open_boundary,41,64,4,open,600035,event,828,508,320,0.80859375,0.22705314009661837,0.22705314009661837,0,0,0,38139,37311,0.39859999999998763,19164,18975
open_boundary,41,64,4,open,600036,event,827,463,364,0.8076171875,0.11970979443772672,0.11970979443772672,0,0,0,57237,56410,0.40020000000004075,28668,28569
open_boundary,41,64,4,open,600037,event,828,525,303,0.80859375,0.26811594202898553,0.26811594202898553,0,0,0,40166,39338,0.48119999999994434,20194,19972
open_boundary,41,64,4,open,600038,event,836,501,335,0.81640625,0.19856459330143542,0.19856459330143542,0,0,0,34785,33949,0.4618000000000393,17476,17309
open_boundary,41,64,4,open,600039,event,828,444,384,0.80859375,0.07246376811594203,0.07246376811594203,0,0,0,35937,35109,0.39790000000004966,17999,17938
open_boundary,41,64,4,open,600040,event,817,499,318,0.7978515625,0.2215422276621787,0.2215422276621787,0,0,0,25462,24645,0.46220000000005257,12822,12640
open_boundary,41,64,4,open,600041,event,840,396,444,0.8203125,-0.05714285714285714,0.05714285714285714,0,0,0,43533,42693,0.38769999999999527,21743,21790
open_boundary,41,64,4,open,600042,event,836,531,305,0.81640625,0.2703349282296651,0.2703349282296651,0,0,0,36977,36141,0.3774999999999409,18602,18375
open_boundary,41,64,4,open,600043,event,841,452,389,0.8212890625,0.07491082045184304,0.07491082045184304,0,0,0,47020,46179,0.39039999999999964,23542,23478
open_boundary,41,64,4,open,600044,event,834,539,295,0.814453125,0.29256594724220625,0.29256594724220625,0,0,0,43854,43020,0.4820000000000846,22049,21805
open_boundary,41,64,4,open,600045,event,832,564,268,0.8125,0.3557692307692308,0.3557692307692308,0,0,0,55764,54932,0.3836000000000013,28030,27734
open_boundary,41,64,4,open,600046,event,842,453,389,0.822265625,0.07600950118764846,0.07600950118764846,0,0,0,43090,42248,0.38799999999991996,21577,21513
open_boundary,41,64,4,open,600047,event,827,504,323,0.8076171875,0.218863361547763,0.218863361547763,0,0,0,43645,42818,0.47040000000004056,21913,21732
open_boundary,41,64,4,open,600048,event,820,577,243,0.80078125,0.4073170731707317,0.4073170731707317,0,0,0,44373,43553,0.37419999999997344,22354,22019
open_boundary,41,64,4,open,600049,event,835,443,392,0.8154296875,0.06107784431137724,0.06107784431137724,0,0,0,81791,80956,0.4781000000000404,40921,40870
open_boundary,41,64,4,open,600050,event,826,428,398,0.806640625,0.03631961259079903,0.03631961259079903,0,0,0,29395,28569,0.39459999999996853,14713,14682
open_boundary,41,64,4,open,600051,event,818,467,351,0.798828125,0.14180929095354522,0.14180929095354522,0,0,0,49320,48502,0.4618000000000393,24718,24602
open_boundary,41,64,4,open,600052,event,840,471,369,0.8203125,0.12142857142857143,0.12142857142857143,0,0,0,34736,33896,0.38580000000001746,17419,17317
open_boundary,41,64,4,open,600053,event,818,393,425,0.798828125,-0.039119804400977995,0.039119804400977995,0,0,0,74369,73551,0.3645999999999958,37169,37200
open_boundary,41,64,4,open,600054,event,813,452,361,0.7939453125,0.11193111931119311,0.11193111931119311,0,0,0,49690,48877,0.3663999999999987,24891,24799
open_boundary,41,64,4,open,600055,event,817,495,322,0.7978515625,0.211750305997552,0.211750305997552,0,0,0,33768,32951,0.44810000000006767,16971,16797
open_boundary,41,64,4,open,600056,event,823,401,422,0.8037109375,-0.02551640340218712,0.02551640340218712,0,0,0,34938,34115,0.4255000000000564,17459,17479
open_boundary,41,64,4,open,600057,event,826,361,465,0.806640625,-0.12590799031476999,0.12590799031476999,0,0,0,34818,33992,0.38600000000008095,17357,17461
open_boundary,41,64,4,open,600058,event,839,461,378,0.8193359375,0.09892729439809297,0.09892729439809297,0,0,0,54744,53905,0.4457999999999629,27414,27330
open_boundary,41,64,4,open,600059,event,841,465,376,0.8212890625,0.10582639714625446,0.10582639714625446,0,0,0,47952,47111,0.4095999999999549,24021,23931
open_boundary,41,64,4,open,600060,event,834,465,369,0.814453125,0.11510791366906475,0.11510791366906475,0,0,0,32709,31875,0.3828999999999496,16403,16306
open_boundary,41,64,4,open,600061,event,828,537,291,0.80859375,0.2971014492753623,0.2971014492753623,0,0,0,42982,42154,0.3672000000000253,21614,21368
open_boundary,41,64,4,open,600062,event,829,535,294,0.8095703125,0.29071170084439085,0.29071170084439085,0,0,0,37703,36874,0.46260000000006585,18972,18731
open_boundary,41,64,4,open,600063,event,829,532,297,0.8095703125,0.28347406513872137,0.28347406513872137,0,0,0,38897,38068,0.417699999999968,19566,19331
open_boundary,41,64,4,open,600064,event,839,575,264,0.8193359375,0.3706793802145411,0.3706793802145411,0,0,0,31267,30428,0.42610000000001946,15789,15478
open_boundary,41,64,4,open,600065,event,831,420,411,0.8115234375,0.010830324909747292,0.010830324909747292,0,0,0,35406,34575,0.5257000000000289,17708,17698
open_boundary,41,64,4,open,600066,event,833,349,484,0.8134765625,-0.16206482593037214,0.16206482593037214,0,0,0,44404,43571,0.4017999999999802,22135,22269
open_boundary,41,64,4,open,600067,event,831,499,332,0.8115234375,0.2009626955475331,0.2009626955475331,0,0,0,53495,52664,0.3935999999999922,26831,26664
open_boundary,41,64,4,open,600068,event,830,510,320,0.810546875,0.2289156626506024,0.2289156626506024,0,0,0,27609,26779,0.3986000000001013,13900,13709
open_boundary,41,64,4,open,600069,event,835,496,339,0.8154296875,0.18802395209580838,0.18802395209580838,0,0,0,38101,37266,0.47929999999996653,19129,18972
open_boundary,41,64,4,open,600070,event,832,551,281,0.8125,0.3245192307692308,0.3245192307692308,0,0,0,59366,58534,0.3755999999999631,29818,29548
open_boundary,41,64,4,open,600071,event,841,536,305,0.8212890625,0.2746730083234245,0.2746730083234245,0,0,0,47067,46226,0.37360000000001037,23649,23418
open_boundary,41,64,4,open,600072,event,825,454,371,0.8056640625,0.1006060606060606,0.1006060606060606,0,0,0,36842,36017,0.37770000000000437,18463,18379
open_boundary,41,64,4,open,600073,event,837,453,384,0.8173828125,0.08243727598566308,0.08243727598566308,0,0,0,36859,36022,0.4510999999999967,18464,18395
open_boundary,41,64,4,open,600074,event,830,452,378,0.810546875,0.0891566265060241,0.0891566265060241,0,0,0,44694,43864,0.41230000000007294,22384,22310
open_boundary,41,64,4,open,600075,event,835,520,315,0.8154296875,0.24550898203592814,0.24550898203592814,0,0,0,31580,30745,0.37160000000005766,15893,15687
open_boundary,41,64,4,open,600076,event,831,476,355,0.8115234375,0.14560770156438027,0.14560770156438027,0,0,0,43951,43120,0.4451000000000249,22036,21915
open_boundary,41,64,4,open,600077,event,843,442,401,0.8232421875,0.04863582443653618,0.04863582443653618,0,0,0,45653,44810,0.3772000000000162,22847,22806
open_boundary,41,64,4,open,600078,event,826,458,368,0.806640625,0.1089588377723971,0.1089588377723971,0,0,0,46836,46010,0.3693999999999278,23463,23373
open_boundary,41,64,4,open,600079,event,836,536,300,0.81640625,0.2822966507177033,0.2822966507177033,0,0,0,31132,30296,0.40640000000007603,15684,15448
open_boundary,41,64,4,open,600080,event,827,580,247,0.8076171875,0.4026602176541717,0.4026602176541717,0,0,0,46787,45960,0.44269999999994525,23560,23227
open_boundary,41,64,4,open,600081,event,815,510,305,0.7958984375,0.25153374233128833,0.25153374233128833,0,0,0,33466,32651,0.38199999999994816,16836,16630
open_boundary,41,64,4,open,600082,event,832,497,335,0.8125,0.19471153846153846,0.19471153846153846,0,0,0,33497,32665,0.37770000000000437,16830,16667
open_boundary,41,64,4,open,600083,event,828,506,322,0.80859375,0.2222222222222222,0.2222222222222222,0,0,0,37258,36430,0.4412999999999556,18721,18537
open_boundary,41,64,4,open,600084,event,823,367,456,0.8037109375,-0.10814094775212636,0.10814094775212636,0,0,0,26770,25947,0.38639999999998054,13341,13429
open_boundary,41,64,4,open,600085,event,821,431,390,0.8017578125,0.049939098660170524,0.049939098660170524,0,0,0,38641,37820,0.3772000000000162,19341,19300
open_boundary,41,64,4,open,600086,event,828,451,377,0.80859375,0.0893719806763285,0.0893719806763285,0,0,0,44757,43929,0.3812000000000353,22416,22341
open_boundary,41,64,4,open,600087,event,824,497,327,0.8046875,0.20631067961165048,0.20631067961165048,0,0,0,26651,25827,0.43250000000000455,13411,13240
open_boundary,41,64,4,open,600088,event,822,444,378,0.802734375,0.08029197080291971,0.08029197080291971,0,0,0,38323,37501,0.37630000000001473,19195,19128
open_boundary,41,64,4,open,600089,event,838,419,419,0.818359375,0,0,0,0,0,44991,44153,0.3754000000000133,22496,22495
open_boundary,41,64,4,open,600090,event,832,360,472,0.8125,-0.1346153846153846,0.1346153846153846,0,0,0,43307,42475,0.3650000000000091,21598,21709
open_boundary,41,64,4,open,600091,event,819,456,363,0.7998046875,0.11355311355311355,0.11355311355311355,0,0,0,37624,36805,0.43489999999997053,18859,18765
open_boundary,41,64,4,open,600092,event,830,545,285,0.810546875,0.3132530120481928,0.3132530120481928,0,0,0,28459,27629,0.3664999999999736,14360,14099
open_boundary,41,64,4,open,600093,event,823,473,350,0.8037109375,0.14945321992709598,0.14945321992709598,0,0,0,25472,24649,0.36609999999996035,12798,12674
open_boundary,41,64,4,open,600094,event,834,404,430,0.814453125,-0.03117505995203837,0.03117505995203837,0,0,0,40778,39944,0.4775000000000773,20376,20402
open_boundary,41,64,4,open,600095,event,840,541,299,0.8203125,0.28809523809523807,0.28809523809523807,0,0,0,44962,44122,0.3871000000000322,22602,22360
open_boundary,41,64,4,open,600096,event,835,455,380,0.8154296875,0.08982035928143713,0.08982035928143713,0,0,0,65420,64585,0.4129999999998972,32748,32672
open_boundary,41,64,4,open,600097,event,824,514,310,0.8046875,0.24757281553398058,0.24757281553398058,0,0,0,43726,42902,0.3768000000000029,21965,21761
open_boundary,41,64,4,open,600098,event,829,517,312,0.8095703125,0.24728588661037396,0.24728588661037396,0,0,0,67324,66495,0.4499000000000706,33765,33559
open_boundary,41,64,4,open,600099,event,839,377,462,0.8193359375,-0.10131108462455304,0.10131108462455304,0,0,0,37978,37139,0.37429999999994834,18947,19031
open_boundary,41,64,4,open,600100,event,831,460,371,0.8115234375,0.10709987966305656,0.10709987966305656,0,0,0,31688,30857,0.362700000000018,15889,15799
open_boundary,41,64,4,open,600101,event,825,434,391,0.8056640625,0.052121212121212124,0.052121212121212124,0,0,0,56583,55758,0.433400000000006,28313,28270
open_boundary,41,64,4,open,600102,event,826,545,281,0.806640625,0.3196125907990315,0.3196125907990315,0,0,0,28652,27826,0.37619999999992615,14458,14194
open_boundary,41,64,4,open,600103,event,819,387,432,0.7998046875,-0.054945054945054944,0.054945054945054944,0,0,0,38035,37216,0.3645999999999958,18995,19040
open_boundary,41,64,4,open,600104,event,824,498,326,0.8046875,0.2087378640776699,0.2087378640776699,0,0,0,33041,32217,0.3667000000000371,16607,16434
open_boundary,41,64,4,open,600105,event,836,459,377,0.81640625,0.09808612440191387,0.09808612440191387,0,0,0,34306,33470,0.4534999999999627,17194,17112
open_boundary,41,64,4,open,600106,event,829,500,329,0.8095703125,0.20627261761158022,0.20627261761158022,0,0,0,29258,28429,0.38239999999996144,14715,14543
open_boundary,41,64,4,open,600107,event,816,483,333,0.796875,0.18382352941176472,0.18382352941176472,0,0,0,43711,42895,0.36979999999994106,21931,21780
open_boundary,41,64,4,open,600108,event,834,413,421,0.814453125,-0.009592326139088728,0.009592326139088728,0,0,0,43418,42584,0.3688999999999396,21705,21713
open_boundary,41,64,4,open,600109,event,835,348,487,0.8154296875,-0.1664670658682635,0.1664670658682635,0,0,0,50262,49427,0.43610000000001037,25062,25200
open_boundary,41,64,4,open,600110,event,835,467,368,0.8154296875,0.118562874251497,0.118562874251497,0,0,0,47035,46200,0.39570000000003347,23567,23468
open_boundary,41,64,4,open,600111,event,842,497,345,0.822265625,0.18052256532066507,0.18052256532066507,0,0,0,56685,55843,0.36990000000002965,28419,28266
open_boundary,41,64,4,open,600112,event,829,460,369,0.8095703125,0.1097708082026538,0.1097708082026538,0,0,0,64065,63236,0.45680000000004384,32078,31987
open_boundary,41,64,4,open,600113,event,830,420,410,0.810546875,0.012048192771084338,0.012048192771084338,0,0,0,36907,36077,0.40420000000005984,18459,18448
open_boundary,41,64,4,open,600114,event,836,384,452,0.81640625,-0.08133971291866028,0.08133971291866028,0,0,0,48254,47418,0.374300000000062,24093,24161
open_boundary,41,64,4,open,600115,event,819,488,331,0.7998046875,0.1916971916971917,0.1916971916971917,0,0,0,38535,37716,0.3611000000000786,19346,19189
open_boundary,41,64,4,open,600116,event,837,580,257,0.8173828125,0.3859020310633214,0.3859020310633214,0,0,0,45639,44802,0.44439999999997326,22981,22658
open_boundary,41,64,4,open,600117,event,834,513,321,0.814453125,0.2302158273381295,0.2302158273381295,0,0,0,35706,34872,0.37029999999992924,17949,17757
open_boundary,41,64,4,open,600118,event,816,466,350,0.796875,0.14215686274509803,0.14215686274509803,0,0,0,55169,54353,0.36350000000004457,27643,27526
open_boundary,41,64,4,open,600119,event,823,342,481,0.8037109375,-0.16889428918590524,0.16889428918590524,0,0,0,44571,43748,0.4333000000000311,22216,22355
open_boundary,41,64,4,open,600120,event,840,485,355,0.8203125,0.15476190476190477,0.15476190476190477,0,0,0,52151,51311,0.3906000000000631,26141,26010
open_boundary,41,64,4,open,600121,event,818,481,337,0.798828125,0.17603911980440098,0.17603911980440098,0,0,0,33591,32773,0.37400000000002365,16868,16723
open_boundary,41,64,4,open,600122,event,828,565,263,0.80859375,0.3647342995169082,0.3647342995169082,0,0,0,38117,37289,0.4030999999999949,19210,18907
open_boundary,41,64,4,open,600123,event,830,487,343,0.810546875,0.17349397590361446,0.17349397590361446,0,0,0,35593,34763,0.44500000000005,17869,17724
open_boundary,41,64,4,open,600124,event,827,426,401,0.8076171875,0.030229746070133012,0.030229746070133012,0,0,0,38298,37471,0.37620000000003984,19162,19136
open_boundary,41,64,4,open,600125,event,841,521,320,0.8212890625,0.2390011890606421,0.2390011890606421,0,0,0,40994,40153,0.37779999999997926,20598,20396
open_boundary,41,64,4,open,600126,event,827,442,385,0.8076171875,0.06892382103990327,0.06892382103990327,0,0,0,44523,43696,0.37570000000005166,22290,22233
open_boundary,41,64,4,open,600127,event,824,405,419,0.8046875,-0.01699029126213592,0.01699029126213592,0,0,0,51288,50464,0.4393000000000029,25637,25651
open_boundary,41,64,4,open,600128,event,844,412,432,0.82421875,-0.023696682464454975,0.023696682464454975,0,0,0,49343,48499,0.3849999999999909,24662,24681
open_boundary,random-0.5,64,4,open,600001,event,833,453,380,0.8134765625,0.08763505402160865,0.08763505402160865,0,0,0,35893,35060,0.20939999999995962,,
open_boundary,random-0.5,64,4,open,600002,event,825,418,407,0.8056640625,0.013333333333333334,0.013333333333333334,0,0,0,61794,60969,0.20260000000007494,,
open_boundary,random-0.5,64,4,open,600003,event,827,449,378,0.8076171875,0.08585247883917775,0.08585247883917775,0,0,0,39180,38353,0.21059999999999945,,
open_boundary,random-0.5,64,4,open,600004,event,831,425,406,0.8115234375,0.02286401925391095,0.02286401925391095,0,0,0,41776,40945,0.21510000000000673,,
open_boundary,random-0.5,64,4,open,600005,event,827,445,382,0.8076171875,0.0761789600967352,0.0761789600967352,0,0,0,45875,45048,0.2216999999999416,,
open_boundary,random-0.5,64,4,open,600006,event,835,390,445,0.8154296875,-0.0658682634730539,0.0658682634730539,0,0,0,39618,38783,0.20839999999998327,,
open_boundary,random-0.5,64,4,open,600007,event,823,409,414,0.8037109375,-0.006075334143377886,0.006075334143377886,0,0,0,52746,51923,0.2239000000000715,,
open_boundary,random-0.5,64,4,open,600008,event,828,356,472,0.80859375,-0.14009661835748793,0.14009661835748793,0,0,0,46676,45848,0.2844000000000051,,
open_boundary,random-0.5,64,4,open,600009,event,822,388,434,0.802734375,-0.05596107055961071,0.05596107055961071,0,0,0,44074,43252,0.2557000000000471,,
open_boundary,random-0.5,64,4,open,600010,event,826,410,416,0.806640625,-0.007263922518159807,0.007263922518159807,0,0,0,34690,33864,0.23669999999992797,,
open_boundary,random-0.5,64,4,open,600011,event,831,451,380,0.8115234375,0.08543922984356198,0.08543922984356198,0,0,0,59073,58242,0.240099999999984,,
open_boundary,random-0.5,64,4,open,600012,event,830,430,400,0.810546875,0.03614457831325301,0.03614457831325301,0,0,0,41235,40405,0.24459999999999127,,
open_boundary,random-0.5,64,4,open,600013,event,825,401,424,0.8056640625,-0.027878787878787878,0.027878787878787878,0,0,0,59616,58791,0.2400000000000091,,
open_boundary,random-0.5,64,4,open,600014,event,823,413,410,0.8037109375,0.0036452004860267314,0.0036452004860267314,0,0,0,26956,26133,0.2544000000000324,,
open_boundary,random-0.5,64,4,open,600015,event,842,387,455,0.822265625,-0.08076009501187649,0.08076009501187649,0,0,0,44048,43206,0.22629999999992378,,
open_boundary,random-0.5,64,4,open,600016,event,823,418,405,0.8037109375,0.015795868772782502,0.015795868772782502,0,0,0,33146,32323,0.20820000000003347,,
open_boundary,random-0.5,64,4,open,600017,event,828,430,398,0.80859375,0.03864734299516908,0.03864734299516908,0,0,0,54675,53847,0.23240000000009786,,
open_boundary,random-0.5,64,4,open,600018,event,826,408,418,0.806640625,-0.012106537530266344,0.012106537530266344,0,0,0,43144,42318,0.20879999999999654,,
open_boundary,random-0.5,64,4,open,600019,event,815,398,417,0.7958984375,-0.023312883435582823,0.023312883435582823,0,0,0,34210,33395,0.3508000000000493,,
open_boundary,random-0.5,64,4,open,600020,event,830,376,454,0.810546875,-0.09397590361445783,0.09397590361445783,0,0,0,24187,23357,0.20280000000002474,,
open_boundary,random-0.5,64,4,open,600021,event,833,449,384,0.8134765625,0.07803121248499399,0.07803121248499399,0,0,0,39698,38865,0.20439999999996417,,
open_boundary,random-0.5,64,4,open,600022,event,815,357,458,0.7958984375,-0.12392638036809817,0.12392638036809817,0,0,0,32146,31331,0.20299999999997453,,
open_boundary,random-0.5,64,4,open,600023,event,834,413,421,0.814453125,-0.009592326139088728,0.009592326139088728,0,0,0,58901,58067,0.197400000000016,,
open_boundary,random-0.5,64,4,open,600024,event,834,456,378,0.814453125,0.09352517985611511,0.09352517985611511,0,0,0,29149,28315,0.21820000000002437,,
open_boundary,random-0.5,64,4,open,600025,event,835,370,465,0.8154296875,-0.11377245508982035,0.11377245508982035,0,0,0,23814,22979,0.22069999999996526,,
open_boundary,random-0.5,64,4,open,600026,event,841,422,419,0.8212890625,0.0035671819262782403,0.0035671819262782403,0,0,0,34401,33560,0.19870000000003074,,
open_boundary,random-0.5,64,4,open,600027,event,835,385,450,0.8154296875,-0.07784431137724551,0.07784431137724551,0,0,0,46971,46136,0.2138999999999669,,
open_boundary,random-0.5,64,4,open,600028,event,838,436,402,0.818359375,0.0405727923627685,0.0405727923627685,0,0,0,50667,49829,0.19889999999998054,,
open_boundary,random-0.5,64,4,open,600029,event,840,445,395,0.8203125,0.05952380952380952,0.05952380952380952,0,0,0,39019,38179,0.1973000000000411,,
open_boundary,random-0.5,64,4,open,600030,event,835,388,447,0.8154296875,-0.07065868263473053,0.07065868263473053,0,0,0,42168,41333,0.21450000000004366,,
open_boundary,random-0.5,64,4,open,600031,event,832,415,417,0.8125,-0.002403846153846154,0.002403846153846154,0,0,0,62084,61252,0.20839999999998327,,
open_boundary,random-0.5,64,4,open,600032,event,834,419,415,0.814453125,0.004796163069544364,0.004796163069544364,0,0,0,55108,54274,0.22950000000003,,
open_boundary,random-0.5,64,4,open,600033,event,835,413,422,0.8154296875,-0.010778443113772455,0.010778443113772455,0,0,0,49851,49016,0.23299999999994725,,
open_boundary,random-0.5,64,4,open,600034,event,817,394,423,0.7978515625,-0.03549571603427173,0.03549571603427173,0,0,0,57559,56742,0.20439999999996417,,
open_boundary,random-0.5,64,4,open,600035,event,819,405,414,0.7998046875,-0.01098901098901099,0.01098901098901099,0,0,0,40492,39673,0.21800000000007458,,
open_boundary,random-0.5,64,4,open,600036,event,837,401,436,0.8173828125,-0.04181600955794504,0.04181600955794504,0,0,0,41097,40260,0.20850000000007185,,
open_boundary,random-0.5,64,4,open,600037,event,830,396,434,0.810546875,-0.04578313253012048,0.04578313253012048,0,0,0,32547,31717,0.3303999999999405,,
open_boundary,random-0.5,64,4,open,600038,event,825,397,428,0.8056640625,-0.037575757575757575,0.037575757575757575,0,0,0,34071,33246,0.2156999999999698,,
open_boundary,random-0.5,64,4,open,600039,event,822,440,382,0.802734375,0.0705596107055961,0.0705596107055961,0,0,0,30606,29784,0.19610000000000127,,
open_boundary,random-0.5,64,4,open,600040,event,830,405,425,0.810546875,-0.024096385542168676,0.024096385542168676,0,0,0,50646,49816,0.2156000000001086,,
open_boundary,random-0.5,64,4,open,600041,event,831,433,398,0.8115234375,0.0421179302045728,0.0421179302045728,0,0,0,39564,38733,0.19839999999999236,,
open_boundary,random-0.5,64,4,open,600042,event,826,427,399,0.806640625,0.03389830508474576,0.03389830508474576,0,0,0,46947,46121,0.1933999999999969,,
open_boundary,random-0.5,64,4,open,600043,event,817,419,398,0.7978515625,0.025703794369645042,0.025703794369645042,0,0,0,56273,55456,0.19389999999998508,,
open_boundary,random-0.5,64,4,open,600044,event,834,434,400,0.814453125,0.0407673860911271,0.0407673860911271,0,0,0,43544,42710,0.19410000000004857,,
open_boundary,random-0.5,64,4,open,600045,event,835,432,403,0.8154296875,0.03473053892215569,0.03473053892215569,0,0,0,43477,42642,0.19680000000005293,,
open_boundary,random-0.5,64,4,open,600046,event,828,437,391,0.80859375,0.05555555555555555,0.05555555555555555,0,0,0,42564,41736,0.19619999999997617,,
open_boundary,random-0.5,64,4,open,600047,event,840,387,453,0.8203125,-0.07857142857142857,0.07857142857142857,0,0,0,50907,50067,0.2035999999999376,,
open_boundary,random-0.5,64,4,open,600048,event,835,428,407,0.8154296875,0.025149700598802394,0.025149700598802394,0,0,0,31075,30240,0.20429999999998927,,
open_boundary,random-0.5,64,4,open,600049,event,828,391,437,0.80859375,-0.05555555555555555,0.05555555555555555,0,0,0,29555,28727,0.2545999999999822,,
open_boundary,random-0.5,64,4,open,600050,event,822,435,387,0.802734375,0.058394160583941604,0.058394160583941604,0,0,0,33575,32753,0.22029999999995198,,
open_boundary,random-0.5,64,4,open,600051,event,822,379,443,0.802734375,-0.07785888077858881,0.07785888077858881,0,0,0,37600,36778,0.21330000000000382,,
open_boundary,random-0.5,64,4,open,600052,event,828,383,445,0.80859375,-0.0748792270531401,0.0748792270531401,0,0,0,46942,46114,0.22899999999992815,,
open_boundary,random-0.5,64,4,open,600053,event,821,443,378,0.8017578125,0.07917174177831912,0.07917174177831912,0,0,0,49512,48691,0.2197999999999638,,
open_boundary,random-0.5,64,4,open,600054,event,833,416,417,0.8134765625,-0.0012004801920768306,0.0012004801920768306,0,0,0,38194,37361,0.209699999999998,,
open_boundary,random-0.5,64,4,open,600055,event,822,394,428,0.802734375,-0.0413625304136253,0.0413625304136253,0,0,0,39261,38439,0.20600000000001728,,
open_boundary,random-0.5,64,4,open,600056,event,844,420,424,0.82421875,-0.004739336492890996,0.004739336492890996,0,0,0,28531,27687,0.22010000000000218,,
open_boundary,random-0.5,64,4,open,600057,event,832,415,417,0.8125,-0.002403846153846154,0.002403846153846154,0,0,0,56891,56059,0.35989999999992506,,
open_boundary,random-0.5,64,4,open,600058,event,838,414,424,0.818359375,-0.011933174224343675,0.011933174224343675,0,0,0,38942,38104,0.22630000000003747,,
open_boundary,random-0.5,64,4,open,600059,event,823,405,418,0.8037109375,-0.015795868772782502,0.015795868772782502,0,0,0,44477,43654,0.19790000000000418,,
open_boundary,random-0.5,64,4,open,600060,event,837,425,412,0.8173828125,0.015531660692951015,0.015531660692951015,0,0,0,33465,32628,0.2054000000000542,,
open_boundary,random-0.5,64,4,open,600061,event,828,405,423,0.80859375,-0.021739130434782608,0.021739130434782608,0,0,0,43360,42532,0.20610000000010587,,
open_boundary,random-0.5,64,4,open,600062,event,828,361,467,0.80859375,-0.1280193236714976,0.1280193236714976,0,0,0,38411,37583,0.2013000000000602,,
open_boundary,random-0.5,64,4,open,600063,event,835,438,397,0.8154296875,0.04910179640718563,0.04910179640718563,0,0,0,41306,40471,0.23689999999999145,,
open_boundary,random-0.5,64,4,open,600064,event,837,422,415,0.8173828125,0.008363201911589008,0.008363201911589008,0,0,0,37605,36768,0.2544000000000324,,
open_boundary,random-0.5,64,4,open,600065,event,820,404,416,0.80078125,-0.014634146341463415,0.014634146341463415,0,0,0,34580,33760,0.21920000000000073,,
open_boundary,random-0.5,64,4,open,600066,event,828,433,395,0.80859375,0.04589371980676329,0.04589371980676329,0,0,0,41923,41095,0.21820000000002437,,
open_boundary,random-0.5,64,4,open,600067,event,822,438,384,0.802734375,0.06569343065693431,0.06569343065693431,0,0,0,62072,61250,0.22070000000007894,,
open_boundary,random-0.5,64,4,open,600068,event,836,426,410,0.81640625,0.019138755980861243,0.019138755980861243,0,0,0,33915,33079,0.24040000000002237,,
open_boundary,random-0.5,64,4,open,600069,event,827,438,389,0.8076171875,0.0592503022974607,0.0592503022974607,0,0,0,53281,52454,0.22649999999998727,,
open_boundary,random-0.5,64,4,open,600070,event,834,400,434,0.814453125,-0.0407673860911271,0.0407673860911271,0,0,0,38986,38152,0.22000000000002728,,
open_boundary,random-0.5,64,4,open,600071,event,826,408,418,0.806640625,-0.012106537530266344,0.012106537530266344,0,0,0,48578,47752,0.21900000000005093,,
open_boundary,random-0.5,64,4,open,600072,event,822,430,392,0.802734375,0.046228710462287104,0.046228710462287104,0,0,0,37209,36387,0.23140000000000782,,
open_boundary,random-0.5,64,4,open,600073,event,834,410,424,0.814453125,-0.016786570743405275,0.016786570743405275,0,0,0,28280,27446,0.223700000000008,,
open_boundary,random-0.5,64,4,open,600074,event,832,408,424,0.8125,-0.019230769230769232,0.019230769230769232,0,0,0,45957,45125,0.21699999999998454,,
open_boundary,random-0.5,64,4,open,600075,event,826,432,394,0.806640625,0.04600484261501211,0.04600484261501211,0,0,0,37224,36398,0.22239999999999327,,
open_boundary,random-0.5,64,4,open,600076,event,825,418,407,0.8056640625,0.013333333333333334,0.013333333333333334,0,0,0,41951,41126,0.231899999999996,,
open_boundary,random-0.5,64,4,open,600077,event,823,386,437,0.8037109375,-0.061968408262454436,0.061968408262454436,0,0,0,46529,45706,0.21669999999994616,,
open_boundary,random-0.5,64,4,open,600078,event,832,427,405,0.8125,0.026442307692307692,0.026442307692307692,0,0,0,31411,30579,0.22720000000003893,,
open_boundary,random-0.5,64,4,open,600079,event,839,420,419,0.8193359375,0.0011918951132300357,0.0011918951132300357,0,0,0,50508,49669,0.22720000000003893,,
open_boundary,random-0.5,64,4,open,600080,event,822,404,418,0.802734375,-0.0170316301703163,0.0170316301703163,0,0,0,35639,34817,0.2336999999999989,,
open_boundary,random-0.5,64,4,open,600081,event,832,422,410,0.8125,0.014423076923076924,0.014423076923076924,0,0,0,43173,42341,0.21620000000007167,,
open_boundary,random-0.5,64,4,open,600082,event,837,424,413,0.8173828125,0.013142174432497013,0.013142174432497013,0,0,0,36419,35582,0.21880000000010114,,
open_boundary,random-0.5,64,4,open,600083,event,823,424,399,0.8037109375,0.030376670716889428,0.030376670716889428,0,0,0,42797,41974,0.2157999999999447,,
open_boundary,random-0.5,64,4,open,600084,event,817,407,410,0.7978515625,-0.0036719706242350062,0.0036719706242350062,0,0,0,38337,37520,0.2255999999999858,,
open_boundary,random-0.5,64,4,open,600085,event,835,404,431,0.8154296875,-0.032335329341317366,0.032335329341317366,0,0,0,45843,45008,0.217899999999986,,
open_boundary,random-0.5,64,4,open,600086,event,830,412,418,0.810546875,-0.007228915662650603,0.007228915662650603,0,0,0,37481,36651,0.22420000000010987,,
open_boundary,random-0.5,64,4,open,600087,event,823,411,412,0.8037109375,-0.001215066828675577,0.001215066828675577,0,0,0,30304,29481,0.2195000000000391,,
open_boundary,random-0.5,64,4,open,600088,event,814,435,379,0.794921875,0.0687960687960688,0.0687960687960688,0,0,0,33666,32852,0.23469999999997526,,
open_boundary,random-0.5,64,4,open,600089,event,828,429,399,0.80859375,0.036231884057971016,0.036231884057971016,0,0,0,33879,33051,0.21859999999992397,,
open_boundary,random-0.5,64,4,open,600090,event,829,421,408,0.8095703125,0.015681544028950542,0.015681544028950542,0,0,0,54627,53798,0.22520000000008622,,
open_boundary,random-0.5,64,4,open,600091,event,824,381,443,0.8046875,-0.07524271844660194,0.07524271844660194,0,0,0,43038,42214,0.2401999999999589,,
open_boundary,random-0.5,64,4,open,600092,event,824,460,364,0.8046875,0.11650485436893204,0.11650485436893204,0,0,0,38970,38146,0.24090000000001055,,
open_boundary,random-0.5,64,4,open,600093,event,823,426,397,0.8037109375,0.03523693803159174,0.03523693803159174,0,0,0,28038,27215,0.21860000000003765,,
open_boundary,random-0.5,64,4,open,600094,event,819,365,454,0.7998046875,-0.10866910866910867,0.10866910866910867,0,0,0,47557,46738,0.2377999999999929,,
open_boundary,random-0.5,64,4,open,600095,event,836,425,411,0.81640625,0.01674641148325359,0.01674641148325359,0,0,0,44008,43172,0.3509000000000242,,
open_boundary,random-0.5,64,4,open,600096,event,829,368,461,0.8095703125,-0.11218335343787696,0.11218335343787696,0,0,0,43880,43051,0.22050000000001546,,
open_boundary,random-0.5,64,4,open,600097,event,827,372,455,0.8076171875,-0.1003627569528416,0.1003627569528416,0,0,0,69071,68244,0.20690000000001874,,
open_boundary,random-0.5,64,4,open,600098,event,823,398,425,0.8037109375,-0.032806804374240585,0.032806804374240585,0,0,0,35338,34515,0.1955000000000382,,
open_boundary,random-0.5,64,4,open,600099,event,825,453,372,0.8056640625,0.09818181818181818,0.09818181818181818,0,0,0,57436,56611,0.19260000000008404,,
open_boundary,random-0.5,64,4,open,600100,event,829,375,454,0.8095703125,-0.09529553679131483,0.09529553679131483,0,0,0,46366,45537,0.2177000000000362,,
open_boundary,random-0.5,64,4,open,600101,event,840,399,441,0.8203125,-0.05,0.05,0,0,0,45625,44785,0.20859999999993306,,
open_boundary,random-0.5,64,4,open,600102,event,828,408,420,0.80859375,-0.014492753623188406,0.014492753623188406,0,0,0,25333,24505,0.9406999999999925,,
open_boundary,random-0.5,64,4,open,600103,event,835,412,423,0.8154296875,-0.013173652694610778,0.013173652694610778,0,0,0,29183,28348,0.2177000000000362,,
open_boundary,random-0.5,64,4,open,600104,event,835,407,428,0.8154296875,-0.025149700598802394,0.025149700598802394,0,0,0,33647,32812,0.23599999999999,,
open_boundary,random-0.5,64,4,open,600105,event,834,409,425,0.814453125,-0.019184652278177457,0.019184652278177457,0,0,0,38006,37172,0.21600000000000819,,
open_boundary,random-0.5,64,4,open,600106,event,821,370,451,0.8017578125,-0.09866017052375152,0.09866017052375152,0,0,0,29565,28744,0.22490000000004784,,
open_boundary,random-0.5,64,4,open,600107,event,838,400,438,0.818359375,-0.045346062052505964,0.045346062052505964,0,0,0,35357,34519,0.21939999999995052,,
open_boundary,random-0.5,64,4,open,600108,event,837,407,430,0.8173828125,-0.027479091995221028,0.027479091995221028,0,0,0,36295,35458,0.2442999999999529,,
open_boundary,random-0.5,64,4,open,600109,event,826,423,403,0.806640625,0.024213075060532687,0.024213075060532687,0,0,0,32230,31404,0.21839999999997417,,
open_boundary,random-0.5,64,4,open,600110,event,831,420,411,0.8115234375,0.010830324909747292,0.010830324909747292,0,0,0,54528,53697,0.22280000000000655,,
open_boundary,random-0.5,64,4,open,600111,event,843,444,399,0.8232421875,0.05338078291814947,0.05338078291814947,0,0,0,65062,64219,0.22459999999989577,,
open_boundary,random-0.5,64,4,open,600112,event,823,429,394,0.8037109375,0.0425273390036452,0.0425273390036452,0,0,0,45381,44558,0.22950000000003,,
open_boundary,random-0.5,64,4,open,600113,event,828,444,384,0.80859375,0.07246376811594203,0.07246376811594203,0,0,0,47731,46903,0.22069999999996526,,
open_boundary,random-0.5,64,4,open,600114,event,841,400,441,0.8212890625,-0.04875148632580262,0.04875148632580262,0,0,0,36207,35366,0.22269999999991796,,
open_boundary,random-0.5,64,4,open,600115,event,835,371,464,0.8154296875,-0.11137724550898204,0.11137724550898204,0,0,0,49230,48395,0.21550000000002,,
open_boundary,random-0.5,64,4,open,600116,event,836,417,419,0.81640625,-0.0023923444976076554,0.0023923444976076554,0,0,0,44869,44033,0.23490000000003874,,
open_boundary,random-0.5,64,4,open,600117,event,834,388,446,0.814453125,-0.06954436450839328,0.06954436450839328,0,0,0,35682,34848,0.22070000000007894,,
open_boundary,random-0.5,64,4,open,600118,event,825,440,385,0.8056640625,0.06666666666666667,0.06666666666666667,0,0,0,46058,45233,0.21510000000000673,,
open_boundary,random-0.5,64,4,open,600119,event,835,384,451,0.8154296875,-0.08023952095808383,0.08023952095808383,0,0,0,54054,53219,0.22199999999998,,
open_boundary,random-0.5,64,4,open,600120,event,830,451,379,0.810546875,0.08674698795180723,0.08674698795180723,0,0,0,58272,57442,0.2258000000000493,,
open_boundary,random-0.5,64,4,open,600121,event,825,401,424,0.8056640625,-0.027878787878787878,0.027878787878787878,0,0,0,51436,50611,0.21619999999995798,,
open_boundary,random-0.5,64,4,open,600122,event,819,454,365,0.7998046875,0.10866910866910867,0.10866910866910867,0,0,0,55004,54185,0.21339999999997872,,
open_boundary,random-0.5,64,4,open,600123,event,835,424,411,0.8154296875,0.015568862275449102,0.015568862275449102,0,0,0,41546,40711,0.2198999999999387,,
open_boundary,random-0.5,64,4,open,600124,event,839,427,412,0.8193359375,0.017878426698450536,0.017878426698450536,0,0,0,34642,33803,0.23419999999998709,,
open_boundary,random-0.5,64,4,open,600125,event,837,441,396,0.8173828125,0.053763440860215055,0.053763440860215055,0,0,0,39888,39051,0.2237999999999829,,
open_boundary,random-0.5,64,4,open,600126,event,827,418,409,0.8076171875,0.010882708585247884,0.010882708585247884,0,0,0,42313,41486,0.2218000000000302,,
open_boundary,random-0.5,64,4,open,600127,event,830,425,405,0.810546875,0.024096385542168676,0.024096385542168676,0,0,0,42800,41970,0.22010000000000218,,
open_boundary,random-0.5,64,4,open,600128,event,829,405,424,0.8095703125,-0.022919179734620022,0.022919179734620022,0,0,0,45130,44301,0.23440000000005057,,
open_boundary,0,64,8,open,600001,event,386,386,0,0.75390625,1,1,1,0,9,14969,14583,0.43629999999996016,14969,0
open_boundary,0,64,8,open,600002,event,381,381,0,0.744140625,1,1,1,0,10,12946,12565,0.3141000000000531,12946,0
open_boundary,0,64,8,open,600003,event,382,382,0,0.74609375,1,1,1,0,21,14788,14406,0.3089999999999691,14788,0
open_boundary,0,64,8,open,600004,event,388,388,0,0.7578125,1,1,1,0,19,15162,14774,0.3269999999999982,15162,0
open_boundary,0,64,8,open,600005,event,376,376,0,0.734375,1,1,1,0,14,10836,10460,0.3029000000000224,10836,0
open_boundary,0,64,8,open,600006,event,378,378,0,0.73828125,1,1,1,0,27,8121,7743,0.28759999999999764,8121,0
open_boundary,0,64,8,open,600007,event,383,383,0,0.748046875,1,1,1,0,16,12415,12032,0.32320000000004256,12415,0
open_boundary,0,64,8,open,600008,event,389,389,0,0.759765625,1,1,1,0,8,18076,17687,0.2985000000001037,18076,0
open_boundary,0,64,8,open,600009,event,387,387,0,0.755859375,1,1,1,0,14,16110,15723,0.29129999999997835,16110,0
open_boundary,0,64,8,open,600010,event,381,381,0,0.744140625,1,1,1,0,35,11387,11006,0.40260000000000673,11387,0
open_boundary,0,64,8,open,600011,event,382,382,0,0.74609375,1,1,1,0,5,12488,12106,0.292699999999968,12488,0
open_boundary,0,64,8,open,600012,event,384,384,0,0.75,1,1,1,0,17,15544,15160,0.2898999999999887,15544,0
open_boundary,0,64,8,open,600013,event,382,382,0,0.74609375,1,1,1,0,12,20078,19696,0.286899999999946,20078,0
open_boundary,0,64,8,open,600014,event,378,378,0,0.73828125,1,1,1,0,13,11262,10884,0.2884999999999991,11262,0
open_boundary,0,64,8,open,600015,event,374,374,0,0.73046875,1,1,1,0,39,9195,8821,0.3083000000000311,9195,0
open_boundary,0,64,8,open,600016,event,377,377,0,0.736328125,1,1,1,0,22,18788,18411,0.3201999999999998,18788,0
open_boundary,0,64,8,open,600017,event,374,374,0,0.73046875,1,1,1,0,10,8745,8371,0.36749999999995,8745,0
open_boundary,0,64,8,open,600018,event,391,391,0,0.763671875,1,1,1,0,14,29825,29434,0.4472000000000662,29825,0
open_boundary,0,64,8,open,600019,event,378,378,0,0.73828125,1,1,1,0,12,9668,9290,0.3004000000000815,9668,0
open_boundary,0,64,8,open,600020,event,382,382,0,0.74609375,1,1,1,0,3,10880,10498,0.3387000000000171,10880,0
open_boundary,0,64,8,open,600021,event,388,388,0,0.7578125,1,1,1,0,16,13073,12685,0.3451000000000022,13073,0
open_boundary,0,64,8,open,600022,event,386,386,0,0.75390625,1,1,1,0,15,11638,11252,0.36209999999994125,11638,0
open_boundary,0,64,8,open,600023,event,375,375,0,0.732421875,1,1,1,0,11,6541,6166,0.3324999999999818,6541,0
open_boundary,0,64,8,open,600024,event,382,382,0,0.74609375,1,1,1,0,12,10110,9728,0.3263000000000602,10110,0
open_boundary,0,64,8,open,600025,event,383,383,0,0.748046875,1,1,1,0,4,17601,17218,0.29290000000003147,17601,0
open_boundary,0,64,8,open,600026,event,386,386,0,0.75390625,1,1,1,0,25,20965,20579,0.532799999999952,20965,0
open_boundary,0,64,8,open,600027,event,379,379,0,0.740234375,1,1,1,0,11,11914,11535,0.37639999999998963,11914,0
open_boundary,0,64,8,open,600028,event,386,386,0,0.75390625,1,1,1,0,13,14023,13637,0.3464999999999918,14023,0
open_boundary,0,64,8,open,600029,event,390,390,0,0.76171875,1,1,1,0,33,14185,13795,0.34019999999998163,14185,0
open_boundary,0,64,8,open,600030,event,377,377,0,0.736328125,1,1,1,0,5,8145,7768,0.34759999999994307,8145,0
open_boundary,0,64,8,open,600031,event,387,387,0,0.755859375,1,1,1,0,1,21722,21335,0.3673000000000002,21722,0
open_boundary,0,64,8,open,600032,event,380,380,0,0.7421875,1,1,1,0,6,8601,8221,0.32380000000000564,8601,0
open_boundary,0,64,8,open,600033,event,386,386,0,0.75390625,1,1,1,0,6,11281,10895,0.5217000000000098,11281,0
open_boundary,0,64,8,open,600034,event,383,383,0,0.748046875,1,1,1,0,6,7962,7579,0.5374000000000478,7962,0
open_boundary,0,64,8,open,600035,event,380,380,0,0.7421875,1,1,1,0,40,14002,13622,0.3392999999999802,14002,0
open_boundary,0,64,8,open,600036,event,378,378,0,0.73828125,1,1,1,0,23,10922,10544,0.30740000000002965,10922,0
open_boundary,0,64,8,open,600037,event,386,386,0,0.75390625,1,1,1,0,26,9811,9425,0.3226999999999407,9811,0
open_boundary,0,64,8,open,600038,event,376,376,0,0.734375,1,1,1,0,14,13915,13539,0.30149999999991905,13915,0
open_boundary,0,64,8,open,600039,event,372,372,0,0.7265625,1,1,1,0,27,11958,11586,0.3079000000000178,11958,0
open_boundary,0,64,8,open,600040,event,381,381,0,0.744140625,1,1,1,0,29,25160,24779,0.35180000000002565,25160,0
open_boundary,0,64,8,open,600041,event,382,382,0,0.74609375,1,1,1,0,15,13477,13095,0.29910000000006676,13477,0
open_boundary,0,64,8,open,600042,event,380,380,0,0.7421875,1,1,1,0,15,18074,17694,0.3786999999999807,18074,0
open_boundary,0,64,8,open,600043,event,388,388,0,0.7578125,1,1,1,0,11,16963,16575,0.30779999999992924,16963,0
open_boundary,0,64,8,open,600044,event,379,379,0,0.740234375,1,1,1,0,27,15797,15418,0.29139999999995325,15797,0
open_boundary,0,64,8,open,600045,event,382,382,0,0.74609375,1,1,1,0,17,14911,14529,0.30609999999990123,14911,0
open_boundary,0,64,8,open,600046,event,385,385,0,0.751953125,1,1,1,0,6,7133,6748,0.296100000000024,7133,0
open_boundary,0,64,8,open,600047,event,386,386,0,0.75390625,1,1,1,0,2,16072,15686,0.300200000000018,16072,0
open_boundary,0,64,8,open,600048,event,372,372,0,0.7265625,1,1,1,0,15,6817,6445,0.2887000000000626,6817,0
open_boundary,0,64,8,open,600049,event,388,388,0,0.7578125,1,1,1,0,31,16664,16276,0.2942999999999074,16664,0
open_boundary,0,64,8,open,600050,event,386,386,0,0.75390625,1,1,1,0,18,8084,7698,0.360300000000052,8084,0
open_boundary,0,64,8,open,600051,event,388,388,0,0.7578125,1,1,1,0,3,10966,10578,0.30700000000001637,10966,0
open_boundary,0,64,8,open,600052,event,376,376,0,0.734375,1,1,1,0,29,10833,10457,0.32200000000000273,10833,0
open_boundary,0,64,8,open,600053,event,391,391,0,0.763671875,1,1,1,0,13,14202,13811,0.30340000000001055,14202,0
open_boundary,0,64,8,open,600054,event,385,385,0,0.751953125,1,1,1,0,20,25829,25444,0.293700000000058,25829,0
open_boundary,0,64,8,open,600055,event,385,385,0,0.751953125,1,1,1,0,12,14083,13698,0.28759999999999764,14083,0
open_boundary,0,64,8,open,600056,event,384,384,0,0.75,1,1,1,0,39,12691,12307,0.28969999999992524,12691,0
open_boundary,0,64,8,open,600057,event,386,386,0,0.75390625,1,1,1,0,12,11684,11298,0.30129999999996926,11684,0
open_boundary,0,64,8,open,600058,event,379,379,0,0.740234375,1,1,1,0,12,13127,12748,0.36619999999993524,13127,0
open_boundary,0,64,8,open,600059,event,378,378,0,0.73828125,1,1,1,0,3,13360,12982,0.2925999999999931,13360,0
open_boundary,0,64,8,open,600060,event,388,388,0,0.7578125,1,1,1,0,18,20457,20069,0.2867999999999711,20457,0
open_boundary,0,64,8,open,600061,event,388,388,0,0.7578125,1,1,1,0,6,18681,18293,0.29139999999995325,18681,0
open_boundary,0,64,8,open,600062,event,383,383,0,0.748046875,1,1,1,0,27,15697,15314,0.2886999999999489,15697,0
open_boundary,0,64,8,open,600063,event,380,380,0,0.7421875,1,1,1,0,26,15339,14959,0.29179999999996653,15339,0
open_boundary,0,64,8,open,600064,event,383,383,0,0.748046875,1,1,1,0,2,8335,7952,0.28350000000000364,8335,0
open_boundary,0,64,8,open,600065,event,386,386,0,0.75390625,1,1,1,0,16,11212,10826,0.29319999999995616,11212,0
open_boundary,0,64,8,open,600066,event,377,377,0,0.736328125,1,1,1,0,34,10177,9800,0.2824000000000524,10177,0
open_boundary,0,64,8,open,600067,event,379,379,0,0.740234375,1,1,1,0,15,9693,9314,0.3813000000000102,9693,0
open_boundary,0,64,8,open,600068,event,386,386,0,0.75390625,1,1,1,0,23,14627,14241,0.30979999999999563,14627,0
open_boundary,0,64,8,open,600069,event,372,372,0,0.7265625,1,1,1,0,37,15420,15048,0.2878000000000611,15420,0
open_boundary,0,64,8,open,600070,event,382,382,0,0.74609375,1,1,1,0,10,12259,11877,0.35409999999990305,12259,0
open_boundary,0,64,8,open,600071,event,386,386,0,0.75390625,1,1,1,0,27,13297,12911,0.5033999999999423,13297,0
open_boundary,0,64,8,open,600072,event,379,379,0,0.740234375,1,1,1,0,18,10281,9902,0.29129999999997835,10281,0
open_boundary,0,64,8,open,600073,event,382,382,0,0.74609375,1,1,1,0,18,9102,8720,0.27480000000002747,9102,0
open_boundary,0,64,8,open,600074,event,382,382,0,0.74609375,1,1,1,0,8,15608,15226,0.29120000000000346,15608,0
open_boundary,0,64,8,open,600075,event,384,384,0,0.75,1,1,1,0,7,13281,12897,0.3833000000000766,13281,0
open_boundary,0,64,8,open,600076,event,376,376,0,0.734375,1,1,1,0,29,19585,19209,0.2844000000000051,19585,0
open_boundary,0,64,8,open,600077,event,381,381,0,0.744140625,1,1,1,0,21,7698,7317,0.26900000000000546,7698,0
open_boundary,0,64,8,open,600078,event,386,386,0,0.75390625,1,1,1,0,6,9667,9281,0.27129999999999654,9667,0
open_boundary,0,64,8,open,600079,event,375,375,0,0.732421875,1,1,1,0,22,9743,9368,0.26510000000007494,9743,0
open_boundary,0,64,8,open,600080,event,383,383,0,0.748046875,1,1,1,0,12,13308,12925,0.3126999999999498,13308,0
open_boundary,0,64,8,open,600081,event,386,386,0,0.75390625,1,1,1,0,24,10049,9663,0.28739999999993415,10049,0
open_boundary,0,64,8,open,600082,event,382,382,0,0.74609375,1,1,1,0,13,15917,15535,0.2685999999999922,15917,0
open_boundary,0,64,8,open,600083,event,385,385,0,0.751953125,1,1,1,0,16,9206,8821,0.3686000000000149,9206,0
open_boundary,0,64,8,open,600084,event,380,380,0,0.7421875,1,1,1,0,11,22869,22489,0.2904999999999518,22869,0
open_boundary,0,64,8,open,600085,event,382,382,0,0.74609375,1,1,1,0,20,9089,8707,0.27049999999997,9089,0
open_boundary,0,64,8,open,600086,event,376,376,0,0.734375,1,1,1,0,30,21659,21283,0.26480000000003656,21659,0
open_boundary,0,64,8,open,600087,event,375,375,0,0.732421875,1,1,1,0,10,21408,21033,0.2761000000000422,21408,0
open_boundary,0,64,8,open,600088,event,380,380,0,0.7421875,1,1,1,0,13,12929,12549,0.26740000000006603,12929,0
open_boundary,0,64,8,open,600089,event,378,378,0,0.73828125,1,1,1,0,7,14786,14408,0.26520000000004984,14786,0
open_boundary,0,64,8,open,600090,event,388,388,0,0.7578125,1,1,1,0,11,15912,15524,0.2807999999999993,15912,0
open_boundary,0,64,8,open,600091,event,374,374,0,0.73046875,1,1,1,0,20,15663,15289,0.3471000000000686,15663,0
open_boundary,0,64,8,open,600092,event,379,379,0,0.740234375,1,1,1,0,15,11398,11019,0.2864999999999327,11398,0
open_boundary,0,64,8,open,600093,event,385,385,0,0.751953125,1,1,1,0,10,17334,16949,0.27280000000007476,17334,0
open_boundary,0,64,8,open,600094,event,388,388,0,0.7578125,1,1,1,0,8,10803,10415,0.28150000000005093,10803,0
open_boundary,0,64,8,open,600095,event,380,380,0,0.7421875,1,1,1,0,19,17627,17247,0.26350000000002183,17627,0
open_boundary,0,64,8,open,600096,event,381,381,0,0.744140625,1,1,1,0,35,12088,11707,0.27530000000001564,12088,0
open_boundary,0,64,8,open,600097,event,383,383,0,0.748046875,1,1,1,0,8,11393,11010,0.28159999999991214,11393,0
open_boundary,0,64,8,open,600098,event,385,385,0,0.751953125,1,1,1,0,16,20968,20583,0.28119999999989886,20968,0
open_boundary,0,64,8,open,600099,event,384,384,0,0.75,1,1,1,0,7,17111,16727,0.3934000000000424,17111,0
open_boundary,0,64,8,open,600100,event,384,384,0,0.75,1,1,1,0,12,13946,13562,0.2857999999999947,13946,0
open_boundary,0,64,8,open,600101,event,383,383,0,0.748046875,1,1,1,0,10,13101,12718,0.2799999999999727,13101,0
open_boundary,0,64,8,open,600102,event,388,388,0,0.7578125,1,1,1,0,23,11885,11497,0.2707999999998947,11885,0
open_boundary,0,64,8,open,600103,event,391,391,0,0.763671875,1,1,1,0,4,19031,18640,0.2807000000000244,19031,0
open_boundary,0,64,8,open,600104,event,380,380,0,0.7421875,1,1,1,0,13,12978,12598,0.28449999999998,12978,0
open_boundary,0,64,8,open,600105,event,389,389,0,0.759765625,1,1,1,0,4,15434,15045,0.2857999999999947,15434,0
open_boundary,0,64,8,open,600106,event,384,384,0,0.75,1,1,1,0,17,10150,9766,0.2784000000000333,10150,0
open_boundary,0,64,8,open,600107,event,375,375,0,0.732421875,1,1,1,0,10,13544,13169,0.35619999999994434,13544,0
open_boundary,0,64,8,open,600108,event,379,379,0,0.740234375,1,1,1,0,9,14511,14132,0.28340000000002874,14511,0
open_boundary,0,64,8,open,600109,event,383,383,0,0.748046875,1,1,1,0,14,17021,16638,0.32189999999991414,17021,0
open_boundary,0,64,8,open,600110,event,386,386,0,0.75390625,1,1,1,0,2,17269,16883,0.34360000000003765,17269,0
open_boundary,0,64,8,open,600111,event,382,382,0,0.74609375,1,1,1,0,14,19039,18657,0.29980000000000473,19039,0
open_boundary,0,64,8,open,600112,event,394,394,0,0.76953125,1,1,1,0,18,11456,11062,0.310100000000034,11456,0
open_boundary,0,64,8,open,600113,event,386,386,0,0.75390625,1,1,1,0,11,10829,10443,0.2925000000000182,10829,0
open_boundary,0,64,8,open,600114,event,388,388,0,0.7578125,1,1,1,0,14,18160,17772,0.2927000000000817,18160,0
open_boundary,0,64,8,open,600115,event,378,378,0,0.73828125,1,1,1,0,5,14535,14157,0.28290000000004056,14535,0
open_boundary,0,64,8,open,600116,event,382,382,0,0.74609375,1,1,1,0,24,17050,16668,0.2880000000000109,17050,0
open_boundary,0,64,8,open,600117,event,370,370,0,0.72265625,1,1,1,0,7,11138,10768,0.2822000000001026,11138,0
open_boundary,0,64,8,open,600118,event,391,391,0,0.763671875,1,1,1,0,8,7042,6651,0.28949999999997544,7042,0
open_boundary,0,64,8,open,600119,event,380,380,0,0.7421875,1,1,1,0,40,9729,9349,0.3351000000000113,9729,0
open_boundary,0,64,8,open,600120,event,387,387,0,0.755859375,1,1,1,0,14,14033,13646,0.4637000000000171,14033,0
open_boundary,0,64,8,open,600121,event,387,387,0,0.755859375,1,1,1,0,35,19069,18682,0.3162999999999556,19069,0
open_boundary,0,64,8,open,600122,event,389,389,0,0.759765625,1,1,1,0,27,15216,14827,0.3103000000000975,15216,0
open_boundary,0,64,8,open,600123,event,385,385,0,0.751953125,1,1,1,0,28,12927,12542,0.3245000000000573,12927,0
open_boundary,0,64,8,open,600124,event,382,382,0,0.74609375,1,1,1,0,6,15189,14807,0.41279999999994743,15189,0
open_boundary,0,64,8,open,600125,event,383,383,0,0.748046875,1,1,1,0,16,14122,13739,0.32519999999999527,14122,0
open_boundary,0,64,8,open,600126,event,375,375,0,0.732421875,1,1,1,0,15,10351,9976,0.2959999999999354,10351,0
open_boundary,0,64,8,open,600127,event,380,380,0,0.7421875,1,1,1,0,5,8584,8204,0.2843999999998914,8584,0
open_boundary,0,64,8,open,600128,event,387,387,0,0.755859375,1,1,1,0,4,22895,22508,0.2900000000000773,22895,0
open_boundary,35,64,8,open,600001,event,386,183,203,0.75390625,-0.05181347150259067,0.05181347150259067,0,0,0,31417,31031,0.3269999999999982,15709,15708
open_boundary,35,64,8,open,600002,event,384,189,195,0.75,-0.015625,0.015625,0,0,0,27596,27212,0.3210000000000264,13798,13798
open_boundary,35,64,8,open,600003,event,379,203,176,0.740234375,0.0712401055408971,0.0712401055408971,0,0,0,24244,23865,0.324100000000044,12122,12122
open_boundary,35,64,8,open,600004,event,372,210,162,0.7265625,0.12903225806451613,0.12903225806451613,0,0,0,27684,27312,0.4056000000000495,13842,13842
open_boundary,35,64,8,open,600005,event,391,207,184,0.763671875,0.058823529411764705,0.058823529411764705,0,0,0,32721,32330,0.33140000000003056,16361,16360
open_boundary,35,64,8,open,600006,event,385,170,215,0.751953125,-0.11688311688311688,0.11688311688311688,0,0,0,18855,18470,0.3211000000000013,9428,9427
open_boundary,35,64,8,open,600007,event,378,188,190,0.73828125,-0.005291005291005291,0.005291005291005291,0,0,0,23784,23406,0.3123999999999114,11892,11892
open_boundary,35,64,8,open,600008,event,371,181,190,0.724609375,-0.02425876010781671,0.02425876010781671,0,0,0,45221,44850,0.30730000000005475,22611,22610
open_boundary,35,64,8,open,600009,event,377,197,180,0.736328125,0.04509283819628647,0.04509283819628647,0,0,0,47272,46895,0.3163000000000693,23636,23636
open_boundary,35,64,8,open,600010,event,385,212,173,0.751953125,0.1012987012987013,0.1012987012987013,0,0,0,51466,51081,0.3202999999999747,25733,25733
open_boundary,35,64,8,open,600011,event,398,201,197,0.77734375,0.010050251256281407,0.010050251256281407,0,0,0,29271,28873,0.42840000000001055,14636,14635
open_boundary,35,64,8,open,600012,event,383,185,198,0.748046875,-0.033942558746736295,0.033942558746736295,0,0,0,36349,35966,0.3261999999999716,18175,18174
open_boundary,35,64,8,open,600013,event,382,195,187,0.74609375,0.020942408376963352,0.020942408376963352,0,0,0,42668,42286,0.31959999999992306,21334,21334
open_boundary,35,64,8,open,600014,event,383,181,202,0.748046875,-0.05483028720626632,0.05483028720626632,0,0,0,20257,19874,0.3160000000000309,10129,10128
open_boundary,35,64,8,open,600015,event,388,206,182,0.7578125,0.061855670103092786,0.061855670103092786,0,0,0,22170,21782,0.32590000000004693,11085,11085
open_boundary,35,64,8,open,600016,event,393,207,186,0.767578125,0.05343511450381679,0.05343511450381679,0,0,0,50148,49755,0.3225999999999658,25074,25074
open_boundary,35,64,8,open,600017,event,376,170,206,0.734375,-0.09574468085106383,0.09574468085106383,0,0,0,14642,14266,0.31730000000004566,7321,7321
open_boundary,35,64,8,open,600018,event,389,195,194,0.759765625,0.002570694087403599,0.002570694087403599,0,0,0,36892,36503,0.32380000000000564,18446,18446
open_boundary,35,64,8,open,600019,event,384,197,187,0.75,0.026041666666666668,0.026041666666666668,0,0,0,27056,26672,0.384900000000016,13528,13528
open_boundary,35,64,8,open,600020,event,382,203,179,0.74609375,0.06282722513089005,0.06282722513089005,0,0,0,20120,19738,0.3202999999999747,10060,10060
open_boundary,35,64,8,open,600021,event,390,212,178,0.76171875,0.08717948717948718,0.08717948717948718,0,0,0,43785,43395,0.3351000000000113,21893,21892
open_boundary,35,64,8,open,600022,event,389,201,188,0.759765625,0.033419023136246784,0.033419023136246784,0,0,0,38891,38502,0.32159999999998945,19446,19445
open_boundary,35,64,8,open,600023,event,389,205,184,0.759765625,0.05398457583547558,0.05398457583547558,0,0,0,23361,22972,0.32749999999998636,11681,11680
open_boundary,35,64,8,open,600024,event,377,189,188,0.736328125,0.002652519893899204,0.002652519893899204,0,0,0,25365,24988,0.31989999999996144,12683,12682
open_boundary,35,64,8,open,600025,event,397,181,216,0.775390625,-0.08816120906801007,0.08816120906801007,0,0,0,30129,29732,0.322400000000016,15065,15064
open_boundary,35,64,8,open,600026,event,385,187,198,0.751953125,-0.02857142857142857,0.02857142857142857,0,0,0,17872,17487,0.3347999999999729,8936,8936
open_boundary,35,64,8,open,600027,event,379,195,184,0.740234375,0.029023746701846966,0.029023746701846966,0,0,0,28400,28021,0.4318000000000666,14200,14200
open_boundary,35,64,8,open,600028,event,384,176,208,0.75,-0.08333333333333333,0.08333333333333333,0,0,0,28674,28290,0.3768000000000029,14337,14337
open_boundary,35,64,8,open,600029,event,389,185,204,0.759765625,-0.04884318766066838,0.04884318766066838,0,0,0,33396,33007,0.3342000000000098,16698,16698
open_boundary,35,64,8,open,600030,event,395,213,182,0.771484375,0.07848101265822785,0.07848101265822785,0,0,0,36660,36265,0.3345000000000482,18330,18330
open_boundary,35,64,8,open,600031,event,379,195,184,0.740234375,0.029023746701846966,0.029023746701846966,0,0,0,22846,22467,0.36009999999998854,11423,11423
open_boundary,35,64,8,open,600032,event,371,163,208,0.724609375,-0.12129380053908356,0.12129380053908356,0,0,0,29554,29183,0.3505000000000109,14777,14777
open_boundary,35,64,8,open,600033,event,387,216,171,0.755859375,0.11627906976744186,0.11627906976744186,0,0,0,28792,28405,0.3392000000000053,14396,14396
open_boundary,35,64,8,open,600034,event,382,244,138,0.74609375,0.2774869109947644,0.2774869109947644,0,0,0,19486,19104,0.3380000000000791,9743,9743
open_boundary,35,64,8,open,600035,event,393,216,177,0.767578125,0.09923664122137404,0.09923664122137404,0,0,0,32407,32014,0.43240000000002965,16204,16203
open_boundary,35,64,8,open,600036,event,380,190,190,0.7421875,0,0,0,0,0,19017,18637,0.33399999999994634,9509,9508
open_boundary,35,64,8,open,600037,event,386,166,220,0.75390625,-0.13989637305699482,0.13989637305699482,0,0,0,20699,20313,0.36559999999997217,10350,10349
open_boundary,35,64,8,open,600038,event,394,198,196,0.76953125,0.005076142131979695,0.005076142131979695,0,0,0,27719,27325,0.33740000000000236,13860,13859
open_boundary,35,64,8,open,600039,event,381,210,171,0.744140625,0.10236220472440945,0.10236220472440945,0,0,0,28701,28320,0.32650000000001,14351,14350
open_boundary,35,64,8,open,600040,event,384,205,179,0.75,0.06770833333333333,0.06770833333333333,0,0,0,42733,42349,0.3269999999999982,21367,21366
open_boundary,35,64,8,open,600041,event,382,182,200,0.74609375,-0.04712041884816754,0.04712041884816754,0,0,0,27010,26628,0.4030999999999949,13505,13505
open_boundary,35,64,8,open,600042,event,374,219,155,0.73046875,0.1711229946524064,0.1711229946524064,0,0,0,24543,24169,0.4175000000000182,12272,12271
open_boundary,35,64,8,open,600043,event,383,158,225,0.748046875,-0.17493472584856398,0.17493472584856398,0,0,0,17325,16942,0.3327000000000453,8663,8662
open_boundary,35,64,8,open,600044,event,386,188,198,0.75390625,-0.025906735751295335,0.025906735751295335,0,0,0,12859,12473,0.3365000000000009,6430,6429
open_boundary,35,64,8,open,600045,event,381,201,180,0.744140625,0.05511811023622047,0.05511811023622047,0,0,0,30254,29873,0.31989999999996144,15127,15127
open_boundary,35,64,8,open,600046,event,383,184,199,0.748046875,-0.0391644908616188,0.0391644908616188,0,0,0,20172,19789,0.31790000000000873,10086,10086
open_boundary,35,64,8,open,600047,event,383,205,178,0.748046875,0.07049608355091384,0.07049608355091384,0,0,0,35102,34719,0.3170000000000073,17551,17551
open_boundary,35,64,8,open,600048,event,379,197,182,0.740234375,0.0395778364116095,0.0395778364116095,0,0,0,23419,23040,0.3229000000000042,11710,11709
open_boundary,35,64,8,open,600049,event,370,203,167,0.72265625,0.0972972972972973,0.0972972972972973,0,0,0,27265,26895,0.3686999999999898,13633,13632
open_boundary,35,64,8,open,600050,event,382,187,195,0.74609375,-0.020942408376963352,0.020942408376963352,0,0,0,22940,22558,0.4560999999999922,11470,11470
open_boundary,35,64,8,open,600051,event,392,191,201,0.765625,-0.025510204081632654,0.025510204081632654,0,0,0,24046,23654,0.34979999999995925,12023,12023
open_boundary,35,64,8,open,600052,event,388,205,183,0.7578125,0.05670103092783505,0.05670103092783505,0,0,0,47271,46883,0.3331999999999198,23636,23635
open_boundary,35,64,8,open,600053,event,373,187,186,0.728515625,0.002680965147453083,0.002680965147453083,0,0,0,26191,25818,0.3383999999999787,13096,13095
open_boundary,35,64,8,open,600054,event,376,180,196,0.734375,-0.0425531914893617,0.0425531914893617,0,0,0,25038,24662,0.31979999999998654,12519,12519
open_boundary,35,64,8,open,600055,event,387,209,178,0.755859375,0.08010335917312661,0.08010335917312661,0,0,0,21289,20902,0.3330999999999449,10645,10644
open_boundary,35,64,8,open,600056,event,388,214,174,0.7578125,0.10309278350515463,0.10309278350515463,0,0,0,29778,29390,0.3610999999999649,14889,14889
open_boundary,35,64,8,open,600057,event,393,215,178,0.767578125,0.09414758269720101,0.09414758269720101,0,0,0,34087,33694,0.32159999999998945,17044,17043
open_boundary,35,64,8,open,600058,event,379,179,200,0.740234375,-0.055408970976253295,0.055408970976253295,0,0,0,28207,27828,0.4174000000000433,14104,14103
open_boundary,35,64,8,open,600059,event,389,210,179,0.759765625,0.07969151670951156,0.07969151670951156,0,0,0,27501,27112,0.32190000000002783,13751,13750
open_boundary,35,64,8,open,600060,event,384,209,175,0.75,0.08854166666666667,0.08854166666666667,0,0,0,23363,22979,0.3061999999999898,11682,11681
open_boundary,35,64,8,open,600061,event,382,188,194,0.74609375,-0.015706806282722512,0.015706806282722512,0,0,0,33341,32959,0.318300000000022,16671,16670
open_boundary,35,64,8,open,600062,event,395,177,218,0.771484375,-0.10379746835443038,0.10379746835443038,0,0,0,34530,34135,0.3128000000000384,17265,17265
open_boundary,35,64,8,open,600063,event,377,170,207,0.736328125,-0.09814323607427056,0.09814323607427056,0,0,0,28764,28387,0.304300000000012,14382,14382
open_boundary,35,64,8,open,600064,event,384,202,182,0.75,0.052083333333333336,0.052083333333333336,0,0,0,31067,30683,0.297800000000052,15534,15533
open_boundary,35,64,8,open,600065,event,392,207,185,0.765625,0.05612244897959184,0.05612244897959184,0,0,0,39431,39039,0.3102000000000089,19716,19715
open_boundary,35,64,8,open,600066,event,389,175,214,0.759765625,-0.10025706940874037,0.10025706940874037,0,0,0,43477,43088,0.3895999999999731,21739,21738
open_boundary,35,64,8,open,600067,event,402,224,178,0.78515625,0.11442786069651742,0.11442786069651742,0,0,0,38533,38131,0.3226999999999407,19267,19266
open_boundary,35,64,8,open,600068,event,379,189,190,0.740234375,-0.002638522427440633,0.002638522427440633,0,0,0,33932,33553,0.2941000000000713,16966,16966
open_boundary,35,64,8,open,600069,event,387,187,200,0.755859375,-0.03359173126614987,0.03359173126614987,0,0,0,21083,20696,0.29939999999999145,10542,10541
open_boundary,35,64,8,open,600070,event,386,190,196,0.75390625,-0.015544041450777202,0.015544041450777202,0,0,0,31219,30833,0.3226999999999407,15610,15609
open_boundary,35,64,8,open,600071,event,383,195,188,0.748046875,0.018276762402088774,0.018276762402088774,0,0,0,22906,22523,0.3129999999999882,11453,11453
open_boundary,35,64,8,open,600072,event,385,213,172,0.751953125,0.10649350649350649,0.10649350649350649,0,0,0,21164,20779,0.29529999999999745,10582,10582
open_boundary,35,64,8,open,600073,event,381,176,205,0.744140625,-0.07611548556430446,0.07611548556430446,0,0,0,28032,27651,0.36099999999999,14016,14016
open_boundary,35,64,8,open,600074,event,382,208,174,0.74609375,0.08900523560209424,0.08900523560209424,0,0,0,30160,29778,0.3140999999999394,15080,15080
open_boundary,35,64,8,open,600075,event,387,166,221,0.755859375,-0.1421188630490956,0.1421188630490956,0,0,0,25706,25319,0.29749999999989996,12853,12853
open_boundary,35,64,8,open,600076,event,387,228,159,0.755859375,0.17829457364341086,0.17829457364341086,0,0,0,20860,20473,0.29739999999992506,10430,10430
open_boundary,35,64,8,open,600077,event,381,185,196,0.744140625,-0.028871391076115485,0.028871391076115485,0,0,0,20597,20216,0.2959999999999354,10299,10298
open_boundary,35,64,8,open,600078,event,371,185,186,0.724609375,-0.0026954177897574125,0.0026954177897574125,0,0,0,17364,16993,0.2844000000000051,8682,8682
open_boundary,35,64,8,open,600079,event,387,176,211,0.755859375,-0.09043927648578812,0.09043927648578812,0,0,0,40497,40110,0.30970000000002074,20249,20248
open_boundary,35,64,8,open,600080,event,385,168,217,0.751953125,-0.12727272727272726,0.12727272727272726,0,0,0,42378,41993,0.3623999999999796,21189,21189
open_boundary,35,64,8,open,600081,event,380,190,190,0.7421875,0,0,0,0,0,29062,28682,0.40809999999999036,14531,14531
open_boundary,35,64,8,open,600082,event,387,180,207,0.755859375,-0.06976744186046512,0.06976744186046512,0,0,0,30978,30591,0.3350000000000364,15489,15489
open_boundary,35,64,8,open,600083,event,387,187,200,0.755859375,-0.03359173126614987,0.03359173126614987,0,0,0,36193,35806,0.3143999999999778,18097,18096
open_boundary,35,64,8,open,600084,event,387,204,183,0.755859375,0.05426356589147287,0.05426356589147287,0,0,0,60733,60346,0.3108000000000857,30367,30366
open_boundary,35,64,8,open,600085,event,384,174,210,0.75,-0.09375,0.09375,0,0,0,37664,37280,0.3102999999999838,18832,18832
open_boundary,35,64,8,open,600086,event,389,184,205,0.759765625,-0.05398457583547558,0.05398457583547558,0,0,0,39736,39347,0.3647999999999456,19868,19868
open_boundary,35,64,8,open,600087,event,375,186,189,0.732421875,-0.008,0.008,0,0,0,43800,43425,0.3342999999999847,21900,21900
open_boundary,35,64,8,open,600088,event,388,164,224,0.7578125,-0.15463917525773196,0.15463917525773196,0,0,0,27380,26992,0.3450000000000273,13690,13690
open_boundary,35,64,8,open,600089,event,376,166,210,0.734375,-0.11702127659574468,0.11702127659574468,0,0,0,41395,41019,0.4096999999999298,20698,20697
open_boundary,35,64,8,open,600090,event,386,180,206,0.75390625,-0.06735751295336788,0.06735751295336788,0,0,0,52286,51900,0.3228000000000293,26143,26143
open_boundary,35,64,8,open,600091,event,376,173,203,0.734375,-0.0797872340425532,0.0797872340425532,0,0,0,47268,46892,0.32349999999996726,23634,23634
open_boundary,35,64,8,open,600092,event,374,200,174,0.73046875,0.06951871657754011,0.06951871657754011,0,0,0,22678,22304,0.3407000000000835,11339,11339
open_boundary,35,64,8,open,600093,event,382,192,190,0.74609375,0.005235602094240838,0.005235602094240838,0,0,0,47780,47398,0.33400000000006,23890,23890
open_boundary,35,64,8,open,600094,event,402,192,210,0.78515625,-0.04477611940298507,0.04477611940298507,0,0,0,23208,22806,0.3491999999999962,11604,11604
open_boundary,35,64,8,open,600095,event,400,190,210,0.78125,-0.05,0.05,0,0,0,27561,27161,0.3325999999999567,13781,13780
open_boundary,35,64,8,open,600096,event,373,198,175,0.728515625,0.06166219839142091,0.06166219839142091,0,0,0,30140,29767,0.32119999999997617,15070,15070
open_boundary,35,64,8,open,600097,event,374,240,134,0.73046875,0.28342245989304815,0.28342245989304815,0,0,0,31014,30640,0.42840000000001055,15507,15507
open_boundary,35,64,8,open,600098,event,391,203,188,0.763671875,0.03836317135549872,0.03836317135549872,0,0,0,28085,27694,0.3845999999999776,14043,14042
open_boundary,35,64,8,open,600099,event,387,181,206,0.755859375,-0.06459948320413436,0.06459948320413436,0,0,0,28314,27927,0.35800000000006094,14157,14157
open_boundary,35,64,8,open,600100,event,387,145,242,0.755859375,-0.25064599483204136,0.25064599483204136,0,0,0,36115,35728,0.36549999999999727,18058,18057
open_boundary,35,64,8,open,600101,event,381,198,183,0.744140625,0.03937007874015748,0.03937007874015748,0,0,0,32510,32129,0.3590000000000373,16255,16255
open_boundary,35,64,8,open,600102,event,388,217,171,0.7578125,0.11855670103092783,0.11855670103092783,0,0,0,27105,26717,0.3914000000000897,13553,13552
open_boundary,35,64,8,open,600103,event,381,207,174,0.744140625,0.08661417322834646,0.08661417322834646,0,0,0,18521,18140,0.3705999999999676,9261,9260
open_boundary,35,64,8,open,600104,event,389,225,164,0.759765625,0.15681233933161953,0.15681233933161953,0,0,0,39240,38851,0.448099999999954,19620,19620
open_boundary,35,64,8,open,600105,event,394,224,170,0.76953125,0.13705583756345177,0.13705583756345177,0,0,0,27753,27359,0.34540000000004056,13877,13876
open_boundary,35,64,8,open,600106,event,379,170,209,0.740234375,-0.10290237467018469,0.10290237467018469,0,0,0,28678,28299,0.3412999999999329,14339,14339
open_boundary,35,64,8,open,600107,event,366,201,165,0.71484375,0.09836065573770492,0.09836065573770492,0,0,0,46661,46295,0.33169999999995525,23331,23330
open_boundary,35,64,8,open,600108,event,382,211,171,0.74609375,0.10471204188481675,0.10471204188481675,0,0,0,18242,17860,0.31169999999997344,9121,9121
open_boundary,35,64,8,open,600109,event,389,192,197,0.759765625,-0.012853470437017995,0.012853470437017995,0,0,0,19607,19218,0.33190000000001874,9804,9803
open_boundary,35,64,8,open,600110,event,378,193,185,0.73828125,0.021164021164021163,0.021164021164021163,0,0,0,29548,29170,0.32979999999997744,14774,14774
open_boundary,35,64,8,open,600111,event,389,175,214,0.759765625,-0.10025706940874037,0.10025706940874037,0,0,0,33750,33361,0.3260999999999967,16875,16875
open_boundary,35,64,8,open,600112,event,395,213,182,0.771484375,0.07848101265822785,0.07848101265822785,0,0,0,30611,30216,0.42220000000008895,15306,15305
open_boundary,35,64,8,open,600113,event,373,190,183,0.728515625,0.01876675603217158,0.01876675603217158,0,0,0,14001,13628,0.33169999999995525,7001,7000
open_boundary,35,64,8,open,600114,event,379,201,178,0.740234375,0.06068601583113457,0.06068601583113457,0,0,0,30988,30609,0.32000000000005,15494,15494
open_boundary,35,64,8,open,600115,event,384,188,196,0.75,-0.020833333333333332,0.020833333333333332,0,0,0,26974,26590,0.32140000000003965,13487,13487
open_boundary,35,64,8,open,600116,event,383,211,172,0.748046875,0.10182767624020887,0.10182767624020887,0,0,0,29287,28904,0.3180999999999585,14644,14643
open_boundary,35,64,8,open,600117,event,380,219,161,0.7421875,0.15263157894736842,0.15263157894736842,0,0,0,25085,24705,0.32720000000006166,12543,12542
open_boundary,35,64,8,open,600118,event,396,226,170,0.7734375,0.1414141414141414,0.1414141414141414,0,0,0,24400,24004,0.32740000000001146,12200,12200
open_boundary,35,64,8,open,600119,event,386,156,230,0.75390625,-0.19170984455958548,0.19170984455958548,0,0,0,26636,26250,0.3188999999999851,13318,13318
open_boundary,35,64,8,open,600120,event,378,198,180,0.73828125,0.047619047619047616,0.047619047619047616,0,0,0,28503,28125,0.4075000000000273,14252,14251
open_boundary,35,64,8,open,600121,event,381,196,185,0.744140625,0.028871391076115485,0.028871391076115485,0,0,0,30374,29993,0.3205000000000382,15187,15187
open_boundary,35,64,8,open,600122,event,383,187,196,0.748046875,-0.02349869451697128,0.02349869451697128,0,0,0,38815,38432,0.3161000000000058,19408,19407
open_boundary,35,64,8,open,600123,event,375,198,177,0.732421875,0.056,0.056,0,0,0,26839,26464,0.327199999999948,13420,13419
open_boundary,35,64,8,open,600124,event,390,173,217,0.76171875,-0.11282051282051282,0.11282051282051282,0,0,0,26663,26273,0.3531000000000404,13332,13331
open_boundary,35,64,8,open,600125,event,388,172,216,0.7578125,-0.1134020618556701,0.1134020618556701,0,0,0,45614,45226,0.33550000000002456,22807,22807
open_boundary,35,64,8,open,600126,event,383,189,194,0.748046875,-0.013054830287206266,0.013054830287206266,0,0,0,30560,30177,0.31899999999996,15280,15280
open_boundary,35,64,8,open,600127,event,390,204,186,0.76171875,0.046153846153846156,0.046153846153846156,0,0,0,29149,28759,0.31730000000004566,14575,14574
open_boundary,35,64,8,open,600128,event,377,193,184,0.736328125,0.023872679045092837,0.023872679045092837,0,0,0,37002,36625,0.4154999999999518,18501,18501
open_boundary,38,64,8,open,600001,event,367,184,183,0.716796875,0.0027247956403269754,0.0027247956403269754,1,11,0,18965,18598,0.40809999999999036,4457,14508
open_boundary,38,64,8,open,600002,event,380,190,190,0.7421875,0,0,1,0,1,21364,20984,0.32119999999997617,12506,8858
open_boundary,38,64,8,open,600003,event,380,190,190,0.7421875,0,0,1,0,6,19148,18768,0.324799999999982,12623,6525
open_boundary,38,64,8,open,600004,event,393,197,196,0.767578125,0.002544529262086514,0.002544529262086514,0,0,0,33681,33288,0.3249000000000706,14818,18863
open_boundary,38,64,8,open,600005,event,385,193,192,0.751953125,0.0025974025974025974,0.0025974025974025974,1,1,0,25992,25607,0.33979999999996835,8438,17554
open_boundary,38,64,8,open,600006,event,381,191,190,0.744140625,0.0026246719160104987,0.0026246719160104987,1,7,0,16682,16301,0.36620000000004893,3686,12996
open_boundary,38,64,8,open,600007,event,379,190,189,0.740234375,0.002638522427440633,0.002638522427440633,1,2,0,17353,16974,0.3243999999999687,8107,9246
open_boundary,38,64,8,open,600008,event,379,190,189,0.740234375,0.002638522427440633,0.002638522427440633,1,5,0,17499,17120,0.39809999999999945,8092,9407
open_boundary,38,64,8,open,600009,event,378,189,189,0.73828125,0,0,1,0,7,17599,17221,0.288599999999974,12409,5190
open_boundary,38,64,8,open,600010,event,365,183,182,0.712890625,0.0027397260273972603,0.0027397260273972603,1,32,0,12917,12552,0.29359999999996944,2629,10288
open_boundary,38,64,8,open,600011,event,375,188,187,0.732421875,0.0026666666666666666,0.0026666666666666666,1,9,0,14666,14291,0.29579999999998563,3553,11113
open_boundary,38,64,8,open,600012,event,381,191,190,0.744140625,0.0026246719160104987,0.0026246719160104987,1,5,0,21909,21528,0.29160000000001673,7172,14737
open_boundary,38,64,8,open,600013,event,360,180,180,0.703125,0,0,1,0,51,13917,13557,0.28549999999995634,11992,1925
open_boundary,38,64,8,open,600014,event,350,175,175,0.68359375,0,0,1,0,67,11289,10939,0.2949999999999591,9813,1476
open_boundary,38,64,8,open,600015,event,377,189,188,0.736328125,0.002652519893899204,0.002652519893899204,1,2,0,13263,12886,0.35190000000000055,3861,9402
open_boundary,38,64,8,open,600016,event,379,190,189,0.740234375,0.002638522427440633,0.002638522427440633,1,3,0,28146,27767,0.38149999999996,9270,18876
open_boundary,38,64,8,open,600017,event,340,170,170,0.6640625,0,0,1,0,115,8267,7927,0.2923999999999296,6733,1534
open_boundary,38,64,8,open,600018,event,352,176,176,0.6875,0,0,1,0,56,13216,12864,0.29159999999990305,11302,1914
open_boundary,38,64,8,open,600019,event,368,184,184,0.71875,0,0,1,0,32,15179,14811,0.29189999999994143,12575,2604
open_boundary,38,64,8,open,600020,event,381,191,190,0.744140625,0.0026246719160104987,0.0026246719160104987,1,12,0,10344,9963,0.3206000000000131,3634,6710
open_boundary,38,64,8,open,600021,event,369,185,184,0.720703125,0.0027100271002710027,0.0027100271002710027,1,23,0,13442,13073,0.3180999999999585,3689,9753
open_boundary,38,64,8,open,600022,event,389,195,194,0.759765625,0.002570694087403599,0.002570694087403599,1,13,0,17841,17452,0.37649999999996453,5601,12240
open_boundary,38,64,8,open,600023,event,388,194,194,0.7578125,0,0,1,0,1,16304,15916,0.31179999999994834,8523,7781
open_boundary,38,64,8,open,600024,event,359,180,179,0.701171875,0.002785515320334262,0.002785515320334262,1,41,0,12428,12069,0.28769999999997253,1755,10673
open_boundary,38,64,8,open,600025,event,374,187,187,0.73046875,0,0,1,0,15,12011,11637,0.40820000000007894,8697,3314
open_boundary,38,64,8,open,600026,event,384,192,192,0.75,0,0,1,0,7,15842,15458,0.30119999999999436,11159,4683
open_boundary,38,64,8,open,600027,event,366,183,183,0.71484375,0,0,1,0,50,16863,16497,0.3067999999999529,14148,2715
open_boundary,38,64,8,open,600028,event,379,190,189,0.740234375,0.002638522427440633,0.002638522427440633,1,6,0,17945,17566,0.2927999999999429,6423,11522
open_boundary,38,64,8,open,600029,event,376,188,188,0.734375,0,0,1,0,26,25687,25311,0.30740000000002965,23166,2521
open_boundary,38,64,8,open,600030,event,378,189,189,0.73828125,0,0,1,0,9,16700,16322,0.2777999999999565,12679,4021
open_boundary,38,64,8,open,600031,event,384,192,192,0.75,0,0,1,0,6,18262,17878,0.30759999999997945,14403,3859
open_boundary,38,64,8,open,600032,event,372,186,186,0.7265625,0,0,1,0,21,18060,17688,0.27979999999990923,14218,3842
open_boundary,38,64,8,open,600033,event,366,183,183,0.71484375,0,0,1,0,5,12198,11832,0.38170000000002346,8649,3549
open_boundary,38,64,8,open,600034,event,360,180,180,0.703125,0,0,1,0,60,8789,8429,0.27300000000002456,6785,2004
open_boundary,38,64,8,open,600035,event,368,184,184,0.71875,0,0,1,0,24,10474,10106,0.2906000000000404,7240,3234
open_boundary,38,64,8,open,600036,event,351,176,175,0.685546875,0.002849002849002849,0.002849002849002849,1,79,0,7662,7311,0.2721000000000231,1574,6088
open_boundary,38,64,8,open,600037,event,388,194,194,0.7578125,0,0,1,0,1,18449,18061,0.3187000000000353,9891,8558
open_boundary,38,64,8,open,600038,event,358,179,179,0.69921875,0,0,1,0,43,10169,9811,0.2763999999999669,7883,2286
open_boundary,38,64,8,open,600039,event,371,186,185,0.724609375,0.0026954177897574125,0.0026954177897574125,1,34,0,16609,16238,0.2824000000000524,2483,14126
open_boundary,38,64,8,open,600040,event,362,181,181,0.70703125,0,0,1,0,40,9607,9245,0.26720000000000255,7457,2150
open_boundary,38,64,8,open,600041,event,375,188,187,0.732421875,0.0026666666666666666,0.0026666666666666666,1,18,0,16047,15672,0.28890000000001237,3965,12082
open_boundary,38,64,8,open,600042,event,359,180,179,0.701171875,0.002785515320334262,0.002785515320334262,1,28,0,8299,7940,0.8629999999999427,3937,4362
open_boundary,38,64,8,open,600043,event,373,187,186,0.728515625,0.002680965147453083,0.002680965147453083,1,4,0,13858,13485,0.30189999999993233,4621,9237
open_boundary,38,64,8,open,600044,event,380,190,190,0.7421875,0,0,1,0,23,23885,23505,0.31379999999990105,21299,2586
open_boundary,38,64,8,open,600045,event,378,189,189,0.73828125,0,0,1,0,9,14658,14280,0.29470000000014807,11000,3658
open_boundary,38,64,8,open,600046,event,358,179,179,0.69921875,0,0,1,0,40,25919,25561,0.292699999999968,23876,2043
open_boundary,38,64,8,open,600047,event,387,194,193,0.755859375,0.002583979328165375,0.002583979328165375,1,20,0,24725,24338,0.29129999999986467,3593,21132
open_boundary,38,64,8,open,600048,event,359,180,179,0.701171875,0.002785515320334262,0.002785515320334262,1,33,0,18561,18202,0.296100000000024,2240,16321
open_boundary,38,64,8,open,600049,event,366,183,183,0.71484375,0,0,1,0,10,16873,16507,0.2821999999998752,12718,4155
open_boundary,38,64,8,open,600050,event,366,183,183,0.71484375,0,0,1,0,42,25820,25454,0.3766000000000531,23994,1826
open_boundary,38,64,8,open,600051,event,376,188,188,0.734375,0,0,1,0,13,15571,15195,0.2983999999999014,11162,4409
open_boundary,38,64,8,open,600052,event,377,189,188,0.736328125,0.002652519893899204,0.002652519893899204,1,1,0,25034,24657,0.2882999999999356,11898,13136
open_boundary,38,64,8,open,600053,event,381,191,190,0.744140625,0.0026246719160104987,0.0026246719160104987,1,18,0,14056,13675,0.2907999999999902,3187,10869
open_boundary,38,64,8,open,600054,event,374,187,187,0.73046875,0,0,1,0,32,14483,14109,0.28960000000006403,11455,3028
open_boundary,38,64,8,open,600055,event,362,181,181,0.70703125,0,0,1,0,36,19263,18901,0.27919999999994616,16518,2745
open_boundary,38,64,8,open,600056,event,376,188,188,0.734375,0,0,1,0,21,24242,23866,0.28739999999993415,21288,2954
open_boundary,38,64,8,open,600057,event,375,188,187,0.732421875,0.0026666666666666666,0.0026666666666666666,1,4,0,14134,13759,0.2927999999999429,4855,9279
open_boundary,38,64,8,open,600058,event,339,170,169,0.662109375,0.0029498525073746312,0.0029498525073746312,1,140,0,5428,5089,0.33829999999989013,1167,4261
open_boundary,38,64,8,open,600059,event,334,167,167,0.65234375,0,0,1,0,118,31314,30980,0.2807000000000244,29973,1341
open_boundary,38,64,8,open,600060,event,354,177,177,0.69140625,0,0,1,0,61,11130,10776,0.2740000000001146,9421,1709
open_boundary,38,64,8,open,600061,event,382,191,191,0.74609375,0,0,1,0,12,15065,14683,0.2999999999999545,10671,4394
open_boundary,38,64,8,open,600062,event,379,190,189,0.740234375,0.002638522427440633,0.002638522427440633,1,11,0,21594,21215,0.2887000000000626,4615,16979
open_boundary,38,64,8,open,600063,event,362,181,181,0.70703125,0,0,1,0,35,14275,13913,0.2769999999998163,11780,2495
open_boundary,38,64,8,open,600064,event,382,191,191,0.74609375,0,0,1,0,10,9245,8863,0.30080000000020846,5349,3896
open_boundary,38,64,8,open,600065,event,377,189,188,0.736328125,0.002652519893899204,0.002652519893899204,1,4,0,21178,20801,0.29539999999997235,5829,15349
open_boundary,38,64,8,open,600066,event,393,197,196,0.767578125,0.002544529262086514,0.002544529262086514,1,4,0,19719,19326,0.30579999999986285,6721,12998
open_boundary,38,64,8,open,600067,event,373,187,186,0.728515625,0.002680965147453083,0.002680965147453083,1,13,0,23807,23434,0.3850999999999658,4068,19739
open_boundary,38,64,8,open,600068,event,382,191,191,0.74609375,0,0,1,0,1,20218,19836,0.3508999999999105,11391,8827
open_boundary,38,64,8,open,600069,event,382,191,191,0.74609375,0,0,1,0,7,14561,14179,0.35359999999991487,10104,4457
open_boundary,38,64,8,open,600070,event,375,188,187,0.732421875,0.0026666666666666666,0.0026666666666666666,1,8,0,9842,9467,0.30130000000008295,4137,5705
open_boundary,38,64,8,open,600071,event,379,190,189,0.740234375,0.002638522427440633,0.002638522427440633,1,2,0,20829,20450,0.35140000000001237,8049,12780
open_boundary,38,64,8,open,600072,event,383,192,191,0.748046875,0.0026109660574412533,0.0026109660574412533,1,1,0,22161,21778,0.3083999999998923,9192,12969
open_boundary,38,64,8,open,600073,event,374,187,187,0.73046875,0,0,1,0,12,19418,19044,0.30760000000009313,13028,6390
open_boundary,38,64,8,open,600074,event,375,188,187,0.732421875,0.0026666666666666666,0.0026666666666666666,0,0,0,20873,20498,0.3024000000000342,8120,12753
open_boundary,38,64,8,open,600075,event,366,183,183,0.71484375,0,0,1,0,26,17442,17076,0.40039999999999054,15364,2078
open_boundary,38,64,8,open,600076,event,360,180,180,0.703125,0,0,1,0,42,12815,12455,0.2925000000000182,10825,1990
open_boundary,38,64,8,open,600077,event,374,187,187,0.73046875,0,0,1,0,29,12232,11858,0.2960000000000491,9960,2272
open_boundary,38,64,8,open,600078,event,389,195,194,0.759765625,0.002570694087403599,0.002570694087403599,1,3,0,16014,15625,0.2998999999999796,8162,7852
open_boundary,38,64,8,open,600079,event,386,193,193,0.75390625,0,0,1,0,1,17534,17148,0.31169999999997344,6019,11515
open_boundary,38,64,8,open,600080,event,388,194,194,0.7578125,0,0,1,0,5,22891,22503,0.2986000000000786,16230,6661
open_boundary,38,64,8,open,600081,event,390,195,195,0.76171875,0,0,1,0,4,22636,22246,0.3003000000001066,17299,5337
open_boundary,38,64,8,open,600082,event,390,195,195,0.76171875,0,0,1,0,3,27906,27516,0.30770000000006803,21331,6575
open_boundary,38,64,8,open,600083,event,382,191,191,0.74609375,0,0,1,0,4,19210,18828,0.38220000000001164,13765,5445
open_boundary,38,64,8,open,600084,event,392,196,196,0.765625,0,0,1,0,2,26509,26117,0.34969999999998436,16436,10073
open_boundary,38,64,8,open,600085,event,384,192,192,0.75,0,0,1,0,8,12545,12161,0.33229999999980464,7436,5109
open_boundary,38,64,8,open,600086,event,360,180,180,0.703125,0,0,1,0,55,12791,12431,0.28919999999993706,10817,1974
open_boundary,38,64,8,open,600087,event,377,189,188,0.736328125,0.002652519893899204,0.002652519893899204,1,5,0,31183,30806,0.2931999999998425,6612,24571
open_boundary,38,64,8,open,600088,event,364,182,182,0.7109375,0,0,1,0,36,11309,10945,0.35920000000010077,7919,3390
open_boundary,38,64,8,open,600089,event,380,190,190,0.7421875,0,0,1,0,3,13994,13614,0.30569999999988795,6892,7102
open_boundary,38,64,8,open,600090,event,377,189,188,0.736328125,0.002652519893899204,0.002652519893899204,1,1,0,17392,17015,0.30130000000008295,5729,11663
open_boundary,38,64,8,open,600091,event,373,187,186,0.728515625,0.002680965147453083,0.002680965147453083,1,24,0,24072,23699,0.30520000000001346,4224,19848
open_boundary,38,64,8,open,600092,event,391,196,195,0.763671875,0.0025575447570332483,0.0025575447570332483,1,3,0,19730,19339,0.38769999999999527,8573,11157
open_boundary,38,64,8,open,600093,event,382,191,191,0.74609375,0,0,1,0,12,37235,36853,0.30349999999998545,32655,4580
open_boundary,38,64,8,open,600094,event,357,179,178,0.697265625,0.0028011204481792717,0.0028011204481792717,1,23,0,12475,12118,0.28769999999985885,4603,7872
open_boundary,38,64,8,open,600095,event,351,176,175,0.685546875,0.002849002849002849,0.002849002849002849,1,53,0,8795,8444,0.2779000000000451,1921,6874
open_boundary,38,64,8,open,600096,event,362,181,181,0.70703125,0,0,1,0,31,20231,19869,0.2826999999999771,17640,2591
open_boundary,38,64,8,open,600097,event,359,180,179,0.701171875,0.002785515320334262,0.002785515320334262,1,22,0,18162,17803,0.2941000000000713,3571,14591
open_boundary,38,64,8,open,600098,event,379,190,189,0.740234375,0.002638522427440633,0.002638522427440633,0,0,0,20493,20114,0.302599999999984,6745,13748
open_boundary,38,64,8,open,600099,event,367,184,183,0.716796875,0.0027247956403269754,0.0027247956403269754,1,14,0,17164,16797,0.28719999999998436,3008,14156
open_boundary,38,64,8,open,600100,event,370,185,185,0.72265625,0,0,1,0,26,15405,15035,0.3630000000000564,12361,3044
open_boundary,38,64,8,open,600101,event,337,169,168,0.658203125,0.002967359050445104,0.002967359050445104,1,144,0,13392,13055,0.26860000000010587,1264,12128
open_boundary,38,64,8,open,600102,event,376,188,188,0.734375,0,0,1,0,2,17172,16796,0.2900999999999385,11041,6131
open_boundary,38,64,8,open,600103,event,376,188,188,0.734375,0,0,1,0,22,13689,13313,0.2966000000001259,10688,3001
open_boundary,38,64,8,open,600104,event,376,188,188,0.734375,0,0,1,0,2,16975,16599,0.29719999999997526,12179,4796
open_boundary,38,64,8,open,600105,event,371,186,185,0.724609375,0.0026954177897574125,0.0026954177897574125,1,16,0,14015,13644,0.29100000000016735,3726,10289
open_boundary,38,64,8,open,600106,event,374,187,187,0.73046875,0,0,1,0,14,21845,21471,0.3148000000001048,19341,2504
open_boundary,38,64,8,open,600107,event,371,186,185,0.724609375,0.0026954177897574125,0.0026954177897574125,1,5,0,20675,20304,0.31589999999982865,6296,14379
open_boundary,38,64,8,open,600108,event,385,193,192,0.751953125,0.0025974025974025974,0.0025974025974025974,1,5,0,17634,17249,0.29729999999995016,4083,13551
open_boundary,38,64,8,open,600109,event,380,190,190,0.7421875,0,0,1,0,16,13954,13574,0.39800000000013824,10882,3072
open_boundary,38,64,8,open,600110,event,368,184,184,0.71875,0,0,1,0,24,21654,21286,0.2837000000001808,18307,3347
open_boundary,38,64,8,open,600111,event,384,192,192,0.75,0,0,1,0,1,22295,21911,0.2841999999998279,10108,12187
open_boundary,38,64,8,open,600112,event,377,189,188,0.736328125,0.002652519893899204,0.002652519893899204,1,25,0,18779,18402,0.2764999999999418,2754,16025
open_boundary,38,64,8,open,600113,event,374,187,187,0.73046875,0,0,1,0,3,12293,11919,0.2782999999999447,5771,6522
open_boundary,38,64,8,open,600114,event,388,194,194,0.7578125,0,0,1,0,4,21513,21125,0.28379999999992833,15149,6364
open_boundary,38,64,8,open,600115,event,376,188,188,0.734375,0,0,1,0,9,16104,15728,0.27670000000011896,12049,4055
open_boundary,38,64,8,open,600116,event,345,173,172,0.673828125,0.002898550724637681,0.002898550724637681,1,89,0,19307,18962,0.253400000000056,1407,17900
open_boundary,38,64,8,open,600117,event,375,188,187,0.732421875,0.0026666666666666666,0.0026666666666666666,1,28,0,19986,19611,0.3614000000000033,2574,17412
open_boundary,38,64,8,open,600118,event,379,190,189,0.740234375,0.002638522427440633,0.002638522427440633,1,2,0,16281,15902,0.27939999999989595,5390,10891
open_boundary,38,64,8,open,600119,event,370,185,185,0.72265625,0,0,1,0,23,10706,10336,0.2705000000000837,7996,2710
open_boundary,38,64,8,open,600120,event,370,185,185,0.72265625,0,0,1,0,20,13576,13206,0.2783000000001721,10096,3480
open_boundary,38,64,8,open,600121,event,361,181,180,0.705078125,0.002770083102493075,0.002770083102493075,1,63,0,10794,10433,0.2678000000000793,1515,9279
open_boundary,38,64,8,open,600122,event,359,180,179,0.701171875,0.002785515320334262,0.002785515320334262,1,45,0,11330,10971,0.27080000000000837,1941,9389
open_boundary,38,64,8,open,600123,event,361,181,180,0.705078125,0.002770083102493075,0.002770083102493075,1,27,0,14168,13807,0.2664999999999509,2325,11843
open_boundary,38,64,8,open,600124,event,370,185,185,0.72265625,0,0,1,0,22,22046,21676,0.2805000000000746,19559,2487
open_boundary,38,64,8,open,600125,event,369,185,184,0.720703125,0.0027100271002710027,0.0027100271002710027,1,16,0,17405,17036,0.3404000000000451,4077,13328
open_boundary,38,64,8,open,600126,event,373,187,186,0.728515625,0.002680965147453083,0.002680965147453083,1,15,0,22772,22399,0.2842000000000553,2510,20262
open_boundary,38,64,8,open,600127,event,351,176,175,0.685546875,0.002849002849002849,0.002849002849002849,1,56,0,10254,9903,0.26520000000004984,1859,8395
open_boundary,38,64,8,open,600128,event,382,191,191,0.74609375,0,0,1,0,3,19593,19211,0.28089999999997417,9822,9771
open_boundary,41,64,8,open,600001,event,392,289,103,0.765625,0.4744897959183674,0.4744897959183674,0,0,0,37576,37184,0.3064999999999145,18881,18695
open_boundary,41,64,8,open,600002,event,393,334,59,0.767578125,0.6997455470737913,0.6997455470737913,0,0,0,28721,28328,0.3122000000000753,14498,14223
open_boundary,41,64,8,open,600003,event,386,341,45,0.75390625,0.7668393782383419,0.7668393782383419,0,0,0,21674,21288,0.2899999999999636,10985,10689
open_boundary,41,64,8,open,600004,event,375,246,129,0.732421875,0.312,0.312,0,0,0,20507,20132,0.2898999999999887,10312,10195
open_boundary,41,64,8,open,600005,event,380,226,154,0.7421875,0.18947368421052632,0.18947368421052632,0,0,0,32021,31641,0.36459999999988213,16047,15974
open_boundary,41,64,8,open,600006,event,385,67,318,0.751953125,-0.6519480519480519,0.6519480519480519,0,0,0,15994,15609,0.30920000000014625,7872,8122
open_boundary,41,64,8,open,600007,event,388,315,73,0.7578125,0.6237113402061856,0.6237113402061856,0,0,0,20656,20268,0.294399999999996,10449,10207
open_boundary,41,64,8,open,600008,event,389,335,54,0.759765625,0.7223650385604113,0.7223650385604113,0,0,0,37340,36951,0.29340000000001965,18811,18529
open_boundary,41,64,8,open,600009,event,382,332,50,0.74609375,0.7382198952879581,0.7382198952879581,0,0,0,31950,31568,0.2898999999999887,16116,15834
open_boundary,41,64,8,open,600010,event,387,281,106,0.755859375,0.45219638242894056,0.45219638242894056,0,0,0,36127,35740,0.3199000000001888,18151,17976
open_boundary,41,64,8,open,600011,event,386,231,155,0.75390625,0.19689119170984457,0.19689119170984457,0,0,0,26505,26119,0.43640000000004875,13291,13214
open_boundary,41,64,8,open,600012,event,393,344,49,0.767578125,0.7506361323155216,0.7506361323155216,0,0,0,25527,25134,0.3343999999999596,12911,12616
open_boundary,41,64,8,open,600013,event,388,347,41,0.7578125,0.788659793814433,0.788659793814433,0,0,0,28076,27688,0.38229999999998654,14191,13885
open_boundary,41,64,8,open,600014,event,382,297,85,0.74609375,0.5549738219895288,0.5549738219895288,0,0,0,16083,15701,0.29929999999990287,8148,7935
open_boundary,41,64,8,open,600015,event,365,267,98,0.712890625,0.46301369863013697,0.46301369863013697,0,0,0,18859,18494,0.2839000000001306,9514,9345
open_boundary,41,64,8,open,600016,event,389,217,172,0.759765625,0.11568123393316196,0.11568123393316196,0,0,0,39443,39054,0.3121000000001004,19744,19699
open_boundary,41,64,8,open,600017,event,384,316,68,0.75,0.6458333333333334,0.6458333333333334,0,0,0,25050,24666,0.2904999999998381,12649,12401
open_boundary,41,64,8,open,600018,event,380,335,45,0.7421875,0.7631578947368421,0.7631578947368421,0,0,0,20504,20124,0.28569999999990614,10397,10107
open_boundary,41,64,8,open,600019,event,380,273,107,0.7421875,0.4368421052631579,0.4368421052631579,0,0,0,37558,37178,0.29149999999981446,18862,18696
open_boundary,41,64,8,open,600020,event,380,303,77,0.7421875,0.5947368421052631,0.5947368421052631,0,0,0,12309,11929,0.2923000000000684,6268,6041
open_boundary,41,64,8,open,600021,event,374,270,104,0.73046875,0.44385026737967914,0.44385026737967914,0,0,0,24415,24041,0.38620000000014443,12291,12124
open_boundary,41,64,8,open,600022,event,385,67,318,0.751953125,-0.6519480519480519,0.6519480519480519,0,0,0,44667,44282,0.3632999999999811,22208,22459
open_boundary,41,64,8,open,600023,event,384,261,123,0.75,0.359375,0.359375,0,0,0,27140,26756,0.3545999999998912,13639,13501
open_boundary,41,64,8,open,600024,event,387,306,81,0.755859375,0.5813953488372093,0.5813953488372093,0,0,0,26755,26368,0.3329999999998563,13490,13265
open_boundary,41,64,8,open,600025,event,387,297,90,0.755859375,0.5348837209302325,0.5348837209302325,0,0,0,36291,35904,0.3307999999999538,18249,18042
open_boundary,41,64,8,open,600026,event,384,299,85,0.75,0.5572916666666666,0.5572916666666666,0,0,0,22280,21896,0.3527999999998883,11247,11033
open_boundary,41,64,8,open,600027,event,386,223,163,0.75390625,0.15544041450777202,0.15544041450777202,0,0,0,23339,22953,0.3293999999998505,11700,11639
open_boundary,41,64,8,open,600028,event,390,167,223,0.76171875,-0.14358974358974358,0.14358974358974358,0,0,0,29441,29051,0.3708999999998923,14693,14748
open_boundary,41,64,8,open,600029,event,378,319,59,0.73828125,0.6878306878306878,0.6878306878306878,0,0,0,29961,29583,0.41249999999990905,15111,14850
open_boundary,41,64,8,open,600030,event,386,240,146,0.75390625,0.24352331606217617,0.24352331606217617,0,0,0,29024,28638,0.31399999999985084,14559,14465
open_boundary,41,64,8,open,600031,event,378,275,103,0.73828125,0.455026455026455,0.455026455026455,0,0,0,24580,24202,0.3733999999999469,12376,12204
open_boundary,41,64,8,open,600032,event,387,292,95,0.755859375,0.5090439276485789,0.5090439276485789,0,0,0,23388,23001,0.33399999999983265,11793,11595
open_boundary,41,64,8,open,600033,event,391,156,235,0.763671875,-0.2020460358056266,0.2020460358056266,0,0,0,32142,31751,0.33130000000005566,16032,16110
open_boundary,41,64,8,open,600034,event,374,231,143,0.73046875,0.23529411764705882,0.23529411764705882,0,0,0,22633,22259,0.3714999999999691,11361,11272
open_boundary,41,64,8,open,600035,event,379,277,102,0.740234375,0.46174142480211083,0.46174142480211083,0,0,0,44081,43702,0.3126999999999498,22128,21953
open_boundary,41,64,8,open,600036,event,380,314,66,0.7421875,0.6526315789473685,0.6526315789473685,0,0,0,19252,18872,0.3048999999998614,9750,9502
open_boundary,41,64,8,open,600037,event,379,240,139,0.740234375,0.26649076517150394,0.26649076517150394,0,0,0,33538,33159,0.43010000000003856,16820,16718
open_boundary,41,64,8,open,600038,event,388,313,75,0.7578125,0.6134020618556701,0.6134020618556701,0,0,0,22004,21616,0.32150000000001455,11121,10883
open_boundary,41,64,8,open,600039,event,380,320,60,0.7421875,0.6842105263157895,0.6842105263157895,0,0,0,31001,30621,0.28670000000010987,15631,15370
open_boundary,41,64,8,open,600040,event,389,189,200,0.759765625,-0.028277634961439587,0.028277634961439587,0,0,0,30437,30048,0.29899999999997817,15213,15224
open_boundary,41,64,8,open,600041,event,376,284,92,0.734375,0.5106382978723404,0.5106382978723404,0,0,0,46312,45936,0.30529999999998836,23252,23060
open_boundary,41,64,8,open,600042,event,384,314,70,0.75,0.6354166666666666,0.6354166666666666,0,0,0,31792,31408,0.40069999999991524,16018,15774
open_boundary,41,64,8,open,600043,event,389,214,175,0.759765625,0.10025706940874037,0.10025706940874037,0,0,0,30845,30456,0.34029999999984284,15442,15403
open_boundary,41,64,8,open,600044,event,402,226,176,0.78515625,0.12437810945273632,0.12437810945273632,0,0,0,28396,27994,0.45900000000006,14223,14173
open_boundary,41,64,8,open,600045,event,398,357,41,0.77734375,0.7939698492462312,0.7939698492462312,0,0,0,27782,27384,0.33169999999995525,14049,13733
open_boundary,41,64,8,open,600046,event,381,295,86,0.744140625,0.5485564304461942,0.5485564304461942,0,0,0,26335,25954,0.3231999999998152,13272,13063
open_boundary,41,64,8,open,600047,event,387,320,67,0.755859375,0.6537467700258398,0.6537467700258398,0,0,0,39295,38908,0.3217000000001917,19774,19521
open_boundary,41,64,8,open,600048,event,378,296,82,0.73828125,0.5661375661375662,0.5661375661375662,0,0,0,25626,25248,0.308699999999817,12920,12706
open_boundary,41,64,8,open,600049,event,376,233,143,0.734375,0.2393617021276596,0.2393617021276596,0,0,0,22538,22162,0.3125999999999749,11314,11224
open_boundary,41,64,8,open,600050,event,376,320,56,0.734375,0.7021276595744681,0.7021276595744681,0,0,0,20078,19702,0.3109999999999218,10171,9907
open_boundary,41,64,8,open,600051,event,391,270,121,0.763671875,0.38107416879795397,0.38107416879795397,0,0,0,14484,14093,0.32809999999994943,7317,7167
open_boundary,41,64,8,open,600052,event,393,305,88,0.767578125,0.5521628498727735,0.5521628498727735,0,0,0,47911,47518,0.4311999999999898,24064,23847
open_boundary,41,64,8,open,600053,event,383,304,79,0.748046875,0.587467362924282,0.587467362924282,0,0,0,21731,21348,0.3239000000000942,10978,10753
open_boundary,41,64,8,open,600054,event,380,87,293,0.7421875,-0.5421052631578948,0.5421052631578948,0,0,0,23584,23204,0.32130000000006476,11689,11895
open_boundary,41,64,8,open,600055,event,382,321,61,0.74609375,0.680628272251309,0.680628272251309,0,0,0,29240,28858,0.36209999999982756,14750,14490
open_boundary,41,64,8,open,600056,event,377,268,109,0.736328125,0.4217506631299735,0.4217506631299735,0,0,0,37734,37357,0.33320000000003347,18947,18787
open_boundary,41,64,8,open,600057,event,380,245,135,0.7421875,0.2894736842105263,0.2894736842105263,0,0,0,27270,26890,0.35940000000005057,13690,13580
open_boundary,41,64,8,open,600058,event,386,297,89,0.75390625,0.538860103626943,0.538860103626943,0,0,0,14236,13850,0.35380000000009204,7222,7014
open_boundary,41,64,8,open,600059,event,377,268,109,0.736328125,0.4217506631299735,0.4217506631299735,0,0,0,27215,26838,0.32169999999996435,13687,13528
open_boundary,41,64,8,open,600060,event,379,244,135,0.740234375,0.287598944591029,0.287598944591029,0,0,0,32251,31872,0.453899999999976,16180,16071
open_boundary,41,64,8,open,600061,event,381,301,80,0.744140625,0.5800524934383202,0.5800524934383202,0,0,0,24411,24030,0.3484000000000833,12316,12095
open_boundary,41,64,8,open,600062,event,384,220,164,0.75,0.14583333333333334,0.14583333333333334,0,0,0,39442,39058,0.3285000000000764,19749,19693
open_boundary,41,64,8,open,600063,event,380,285,95,0.7421875,0.5,0.5,0,0,0,33324,32944,0.31529999999997926,16757,16567
open_boundary,41,64,8,open,600064,event,387,333,54,0.755859375,0.7209302325581395,0.7209302325581395,0,0,0,23155,22768,0.318000000000211,11717,11438
open_boundary,41,64,8,open,600065,event,385,249,136,0.751953125,0.2935064935064935,0.2935064935064935,0,0,0,31510,31125,0.32339999999999236,15812,15698
open_boundary,41,64,8,open,600066,event,380,268,112,0.7421875,0.4105263157894737,0.4105263157894737,0,0,0,25092,24712,0.32579999999984466,12624,12468
open_boundary,41,64,8,open,600067,event,381,320,61,0.744140625,0.6797900262467191,0.6797900262467191,0,0,0,22721,22340,0.3145999999999276,11490,11231
open_boundary,41,64,8,open,600068,event,385,223,162,0.751953125,0.15844155844155844,0.15844155844155844,0,0,0,44011,43626,0.4492999999999938,22036,21975
open_boundary,41,64,8,open,600069,event,377,284,93,0.736328125,0.506631299734748,0.506631299734748,0,0,0,32433,32056,0.3973999999998341,16312,16121
open_boundary,41,64,8,open,600070,event,395,303,92,0.771484375,0.5341772151898734,0.5341772151898734,0,0,0,46633,46238,0.3318000000001575,23422,23211
open_boundary,41,64,8,open,600071,event,381,133,248,0.744140625,-0.30183727034120733,0.30183727034120733,0,0,0,26722,26341,0.3267000000000735,13304,13418
open_boundary,41,64,8,open,600072,event,379,168,211,0.740234375,-0.11345646437994723,0.11345646437994723,0,0,0,21965,21586,0.3183999999998832,10961,11004
open_boundary,41,64,8,open,600073,event,379,256,123,0.740234375,0.35092348284960423,0.35092348284960423,0,0,0,30301,29922,0.3247999999998683,15217,15084
open_boundary,41,64,8,open,600074,event,377,225,152,0.736328125,0.19363395225464192,0.19363395225464192,0,0,0,19645,19268,0.32749999999987267,9859,9786
open_boundary,41,64,8,open,600075,event,388,280,108,0.7578125,0.44329896907216493,0.44329896907216493,0,0,0,45364,44976,0.4329000000000178,22768,22596
open_boundary,41,64,8,open,600076,event,379,257,122,0.740234375,0.3562005277044855,0.3562005277044855,0,0,0,34826,34447,0.33140000000003056,17481,17345
open_boundary,41,64,8,open,600077,event,381,312,69,0.744140625,0.6377952755905512,0.6377952755905512,0,0,0,22873,22492,0.3148000000001048,11558,11315
open_boundary,41,64,8,open,600078,event,386,318,68,0.75390625,0.6476683937823834,0.6476683937823834,0,0,0,22150,21764,0.36179999999990287,11200,10950
open_boundary,41,64,8,open,600079,event,394,318,76,0.76953125,0.6142131979695431,0.6142131979695431,0,0,0,57357,56963,0.3364000000001397,28800,28557
open_boundary,41,64,8,open,600080,event,391,328,63,0.763671875,0.6777493606138107,0.6777493606138107,0,0,0,39149,38758,0.3427999999998974,19707,19442
open_boundary,41,64,8,open,600081,event,388,302,86,0.7578125,0.5567010309278351,0.5567010309278351,0,0,0,19346,18958,0.32999999999992724,9781,9565
open_boundary,41,64,8,open,600082,event,374,312,62,0.73046875,0.6684491978609626,0.6684491978609626,0,0,0,23190,22816,0.30760000000009313,11720,11470
open_boundary,41,64,8,open,600083,event,387,318,69,0.755859375,0.6434108527131783,0.6434108527131783,0,0,0,38098,37711,0.4108000000001084,19174,18924
open_boundary,41,64,8,open,600084,event,390,240,150,0.76171875,0.23076923076923078,0.23076923076923078,0,0,0,33388,32998,0.330600000000004,16739,16649
open_boundary,41,64,8,open,600085,event,388,131,257,0.7578125,-0.3247422680412371,0.3247422680412371,0,0,0,22078,21690,0.3351000000000113,10976,11102
open_boundary,41,64,8,open,600086,event,383,269,114,0.748046875,0.4046997389033943,0.4046997389033943,0,0,0,39422,39039,0.3295999999998003,19789,19633
open_boundary,41,64,8,open,600087,event,385,322,63,0.751953125,0.6727272727272727,0.6727272727272727,0,0,0,22530,22145,0.3170999999999822,11395,11135
open_boundary,41,64,8,open,600088,event,375,210,165,0.732421875,0.12,0.12,0,0,0,27459,27084,0.33849999999983993,13752,13707
open_boundary,41,64,8,open,600089,event,390,269,121,0.76171875,0.37948717948717947,0.37948717948717947,0,0,0,40558,40168,0.32520000000022264,20353,20205
open_boundary,41,64,8,open,600090,event,376,206,170,0.734375,0.09574468085106383,0.09574468085106383,0,0,0,25884,25508,0.310799999999972,12960,12924
open_boundary,41,64,8,open,600091,event,374,246,128,0.73046875,0.3155080213903743,0.3155080213903743,0,0,0,34113,33739,0.4024000000001706,17116,16997
open_boundary,41,64,8,open,600092,event,390,313,77,0.76171875,0.6051282051282051,0.6051282051282051,0,0,0,30562,30172,0.32600000000002183,15399,15163
open_boundary,41,64,8,open,600093,event,384,308,76,0.75,0.6041666666666666,0.6041666666666666,0,0,0,39053,38669,0.31520000000000437,19643,19410
open_boundary,41,64,8,open,600094,event,378,186,192,0.73828125,-0.015873015873015872,0.015873015873015872,0,0,0,31902,31524,0.32339999999999236,15948,15954
open_boundary,41,64,8,open,600095,event,381,310,71,0.744140625,0.6272965879265092,0.6272965879265092,0,0,0,31402,31021,0.32300000000009277,15821,15581
open_boundary,41,64,8,open,600096,event,383,328,55,0.748046875,0.7127937336814621,0.7127937336814621,0,0,0,45173,44790,0.3166000000001077,22723,22450
open_boundary,41,64,8,open,600097,event,376,258,118,0.734375,0.3723404255319149,0.3723404255319149,0,0,0,22389,22013,0.3243999999999687,11265,11124
open_boundary,41,64,8,open,600098,event,383,340,43,0.748046875,0.7754569190600522,0.7754569190600522,0,0,0,25549,25166,0.3108999999999469,12923,12626
open_boundary,41,64,8,open,600099,event,392,296,96,0.765625,0.5102040816326531,0.5102040816326531,0,0,0,43588,43196,0.41249999999990905,21894,21694
open_boundary,41,64,8,open,600100,event,383,330,53,0.748046875,0.7232375979112271,0.7232375979112271,0,0,0,26675,26292,0.3613000000000284,13476,13199
open_boundary,41,64,8,open,600101,event,380,288,92,0.7421875,0.5157894736842106,0.5157894736842106,0,0,0,30614,30234,0.33080000000018117,15405,15209
open_boundary,41,64,8,open,600102,event,389,263,126,0.759765625,0.35218508997429304,0.35218508997429304,0,0,0,28362,27973,0.3449000000000524,14250,14112
open_boundary,41,64,8,open,600103,event,375,296,79,0.732421875,0.5786666666666667,0.5786666666666667,0,0,0,37512,37137,0.34120000000007167,18865,18647
open_boundary,41,64,8,open,600104,event,379,336,43,0.740234375,0.7730870712401056,0.7730870712401056,0,0,0,22065,21686,0.35179999999991196,11179,10886
open_boundary,41,64,8,open,600105,event,379,280,99,0.740234375,0.47757255936675463,0.47757255936675463,0,0,0,51922,51543,0.33780000000001564,26052,25870
open_boundary,41,64,8,open,600106,event,388,308,80,0.7578125,0.5876288659793815,0.5876288659793815,0,0,0,20184,19796,0.35410000000001673,10206,9978
open_boundary,41,64,8,open,600107,event,371,300,71,0.724609375,0.6172506738544474,0.6172506738544474,0,0,0,19575,19204,0.42460000000005493,9902,9673
open_boundary,41,64,8,open,600108,event,382,199,183,0.74609375,0.041884816753926704,0.041884816753926704,0,0,0,23101,22719,0.32750000000010004,11559,11542
open_boundary,41,64,8,open,600109,event,386,178,208,0.75390625,-0.07772020725388601,0.07772020725388601,0,0,0,22038,21652,0.3268000000000484,11004,11034
open_boundary,41,64,8,open,600110,event,387,253,134,0.755859375,0.30749354005167956,0.30749354005167956,0,0,0,30954,30567,0.3260999999999967,15537,15417
open_boundary,41,64,8,open,600111,event,389,252,137,0.759765625,0.29562982005141386,0.29562982005141386,0,0,0,29935,29546,0.3239000000000942,15025,14910
open_boundary,41,64,8,open,600112,event,382,276,106,0.74609375,0.44502617801047123,0.44502617801047123,0,0,0,20751,20369,0.32590000000004693,10461,10290
open_boundary,41,64,8,open,600113,event,384,291,93,0.75,0.515625,0.515625,0,0,0,23339,22955,0.3147000000001299,11769,11570
open_boundary,41,64,8,open,600114,event,379,253,126,0.740234375,0.33509234828496043,0.33509234828496043,0,0,0,31301,30922,0.39049999999997453,15714,15587
open_boundary,41,64,8,open,600115,event,381,266,115,0.744140625,0.3963254593175853,0.3963254593175853,0,0,0,28045,27664,0.3138000000001284,14098,13947
open_boundary,41,64,8,open,600116,event,385,323,62,0.751953125,0.6779220779220779,0.6779220779220779,0,0,0,26512,26127,0.31539999999995416,13387,13125
open_boundary,41,64,8,open,600117,event,386,294,92,0.75390625,0.5233160621761658,0.5233160621761658,0,0,0,47786,47400,0.31559999999990396,23994,23792
open_boundary,41,64,8,open,600118,event,384,313,71,0.75,0.6302083333333334,0.6302083333333334,0,0,0,17536,17152,0.31399999999985084,8889,8647
open_boundary,41,64,8,open,600119,event,382,225,157,0.74609375,0.17801047120418848,0.17801047120418848,0,0,0,36251,35869,0.31730000000015934,18160,18091
open_boundary,41,64,8,open,600120,event,364,324,40,0.7109375,0.7802197802197802,0.7802197802197802,0,0,0,22336,21972,0.3228999999998905,11310,11026
open_boundary,41,64,8,open,600121,event,379,169,210,0.740234375,-0.10817941952506596,0.10817941952506596,0,0,0,34835,34456,0.3190999999999349,17397,17438
open_boundary,41,64,8,open,600122,event,385,323,62,0.751953125,0.6779220779220779,0.6779220779220779,0,0,0,30689,30304,0.3954000000001088,15475,15214
open_boundary,41,64,8,open,600123,event,387,283,104,0.755859375,0.4625322997416021,0.4625322997416021,0,0,0,21636,21249,0.3168000000000575,10908,10728
open_boundary,41,64,8,open,600124,event,380,112,268,0.7421875,-0.4105263157894737,0.4105263157894737,0,0,0,35945,35565,0.32219999999983884,17895,18050
open_boundary,41,64,8,open,600125,event,379,240,139,0.740234375,0.26649076517150394,0.26649076517150394,0,0,0,26607,26228,0.33969999999999345,13354,13253
open_boundary,41,64,8,open,600126,event,384,237,147,0.75,0.234375,0.234375,0,0,0,38693,38309,0.3188999999999851,19392,19301
open_boundary,41,64,8,open,600127,event,387,225,162,0.755859375,0.16279069767441862,0.16279069767441862,0,0,0,34589,34202,0.34740000000010696,17326,17263
open_boundary,41,64,8,open,600128,event,389,348,41,0.759765625,0.7892030848329049,0.7892030848329049,0,0,0,29361,28972,0.3204000000000633,14834,14527
open_boundary,random-0.5,64,8,open,600001,event,379,217,162,0.740234375,0.14511873350923482,0.14511873350923482,0,0,0,22736,22357,0.22659999999996217,,
open_boundary,random-0.5,64,8,open,600002,event,391,195,196,0.763671875,-0.0025575447570332483,0.0025575447570332483,0,0,0,24407,24016,0.2396000000001095,,
open_boundary,random-0.5,64,8,open,600003,event,389,202,187,0.759765625,0.038560411311053984,0.038560411311053984,0,0,0,26565,26176,0.2636999999999716,,
open_boundary,random-0.5,64,8,open,600004,event,390,179,211,0.76171875,-0.08205128205128205,0.08205128205128205,0,0,0,49259,48869,0.24549999999999272,,
open_boundary,random-0.5,64,8,open,600005,event,387,209,178,0.755859375,0.08010335917312661,0.08010335917312661,0,0,0,18732,18345,0.24099999999998545,,
open_boundary,random-0.5,64,8,open,600006,event,381,184,197,0.744140625,-0.03412073490813648,0.03412073490813648,0,0,0,16706,16325,0.23640000000000327,,
open_boundary,random-0.5,64,8,open,600007,event,394,193,201,0.76953125,-0.02030456852791878,0.02030456852791878,0,0,0,48806,48412,0.2737999999999374,,
open_boundary,random-0.5,64,8,open,600008,event,389,157,232,0.759765625,-0.1928020565552699,0.1928020565552699,0,0,0,43906,43517,0.2480000000000473,,
open_boundary,random-0.5,64,8,open,600009,event,386,182,204,0.75390625,-0.05699481865284974,0.05699481865284974,0,0,0,32863,32477,0.25080000000002656,,
open_boundary,random-0.5,64,8,open,600010,event,385,180,205,0.751953125,-0.06493506493506493,0.06493506493506493,0,0,0,47586,47201,0.23979999999983193,,
open_boundary,random-0.5,64,8,open,600011,event,382,239,143,0.74609375,0.2513089005235602,0.2513089005235602,0,0,0,20599,20217,0.2562000000000353,,
open_boundary,random-0.5,64,8,open,600012,event,378,215,163,0.73828125,0.13756613756613756,0.13756613756613756,0,0,0,34212,33834,0.23739999999997963,,
open_boundary,random-0.5,64,8,open,600013,event,376,157,219,0.734375,-0.16489361702127658,0.16489361702127658,0,0,0,28213,27837,0.23669999999992797,,
open_boundary,random-0.5,64,8,open,600014,event,380,175,205,0.7421875,-0.07894736842105263,0.07894736842105263,0,0,0,14250,13870,0.3444999999999254,,
open_boundary,random-0.5,64,8,open,600015,event,392,205,187,0.765625,0.04591836734693878,0.04591836734693878,0,0,0,34795,34403,0.2299000000000433,,
open_boundary,random-0.5,64,8,open,600016,event,389,176,213,0.759765625,-0.09511568123393316,0.09511568123393316,0,0,0,36509,36120,0.2596000000000913,,
open_boundary,random-0.5,64,8,open,600017,event,396,177,219,0.7734375,-0.10606060606060606,0.10606060606060606,0,0,0,38023,37627,0.2436999999999898,,
open_boundary,random-0.5,64,8,open,600018,event,383,214,169,0.748046875,0.1174934725848564,0.1174934725848564,0,0,0,26199,25816,0.223700000000008,,
open_boundary,random-0.5,64,8,open,600019,event,379,170,209,0.740234375,-0.10290237467018469,0.10290237467018469,0,0,0,21264,20885,0.2556999999999334,,
open_boundary,random-0.5,64,8,open,600020,event,376,166,210,0.734375,-0.11702127659574468,0.11702127659574468,0,0,0,24951,24575,0.23749999999995453,,
open_boundary,random-0.5,64,8,open,600021,event,392,206,186,0.765625,0.05102040816326531,0.05102040816326531,0,0,0,69396,69004,0.24220000000013897,,
open_boundary,random-0.5,64,8,open,600022,event,380,195,185,0.7421875,0.02631578947368421,0.02631578947368421,0,0,0,26547,26167,0.23220000000014807,,
open_boundary,random-0.5,64,8,open,600023,event,366,190,176,0.71484375,0.03825136612021858,0.03825136612021858,0,0,0,13619,13253,0.24250000000006366,,
open_boundary,random-0.5,64,8,open,600024,event,380,192,188,0.7421875,0.010526315789473684,0.010526315789473684,0,0,0,31898,31518,0.22289999999998145,,
open_boundary,random-0.5,64,8,open,600025,event,391,162,229,0.763671875,-0.17135549872122763,0.17135549872122763,0,0,0,35047,34656,0.2278000000001157,,
open_boundary,random-0.5,64,8,open,600026,event,392,205,187,0.765625,0.04591836734693878,0.04591836734693878,0,0,0,37198,36806,0.22499999999990905,,
open_boundary,random-0.5,64,8,open,600027,event,398,227,171,0.77734375,0.1407035175879397,0.1407035175879397,0,0,0,58853,58455,0.2258999999999105,,
open_boundary,random-0.5,64,8,open,600028,event,387,207,180,0.755859375,0.06976744186046512,0.06976744186046512,0,0,0,44285,43898,0.2238999999999578,,
open_boundary,random-0.5,64,8,open,600029,event,387,192,195,0.755859375,-0.007751937984496124,0.007751937984496124,0,0,0,40046,39659,0.2234000000000833,,
open_boundary,random-0.5,64,8,open,600030,event,375,187,188,0.732421875,-0.0026666666666666666,0.0026666666666666666,0,0,0,33057,32682,0.21490000000017062,,
open_boundary,random-0.5,64,8,open,600031,event,378,202,176,0.73828125,0.06878306878306878,0.06878306878306878,0,0,0,31556,31178,0.2260999999998603,,
open_boundary,random-0.5,64,8,open,600032,event,385,168,217,0.751953125,-0.12727272727272726,0.12727272727272726,0,0,0,28078,27693,0.22469999999998436,,
open_boundary,random-0.5,64,8,open,600033,event,385,189,196,0.751953125,-0.01818181818181818,0.01818181818181818,0,0,0,23011,22626,0.22879999999986467,,
open_boundary,random-0.5,64,8,open,600034,event,395,175,220,0.771484375,-0.11392405063291139,0.11392405063291139,0,0,0,16203,15808,0.23129999999991924,,
open_boundary,random-0.5,64,8,open,600035,event,378,181,197,0.73828125,-0.042328042328042326,0.042328042328042326,0,0,0,38816,38438,0.23669999999992797,,
open_boundary,random-0.5,64,8,open,600036,event,390,185,205,0.76171875,-0.05128205128205128,0.05128205128205128,0,0,0,48406,48016,0.28340000000002874,,
open_boundary,random-0.5,64,8,open,600037,event,389,162,227,0.759765625,-0.16709511568123395,0.16709511568123395,0,0,0,18039,17650,0.24440000000004147,,
open_boundary,random-0.5,64,8,open,600038,event,375,203,172,0.732421875,0.08266666666666667,0.08266666666666667,0,0,0,21200,20825,0.2378000000001066,,
open_boundary,random-0.5,64,8,open,600039,event,388,192,196,0.7578125,-0.010309278350515464,0.010309278350515464,0,0,0,26011,25623,0.25700000000006185,,
open_boundary,random-0.5,64,8,open,600040,event,387,167,220,0.755859375,-0.13695090439276486,0.13695090439276486,0,0,0,35177,34790,0.2398000000000593,,
open_boundary,random-0.5,64,8,open,600041,event,399,207,192,0.779296875,0.03759398496240601,0.03759398496240601,0,0,0,20769,20370,0.24630000000001928,,
open_boundary,random-0.5,64,8,open,600042,event,386,181,205,0.75390625,-0.06217616580310881,0.06217616580310881,0,0,0,29914,29528,0.24789999999984502,,
open_boundary,random-0.5,64,8,open,600043,event,383,208,175,0.748046875,0.08616187989556136,0.08616187989556136,0,0,0,20077,19694,0.2503999999998996,,
open_boundary,random-0.5,64,8,open,600044,event,385,193,192,0.751953125,0.0025974025974025974,0.0025974025974025974,0,0,0,23096,22711,0.25979999999981374,,
open_boundary,random-0.5,64,8,open,600045,event,380,188,192,0.7421875,-0.010526315789473684,0.010526315789473684,0,0,0,37083,36703,0.253800000000183,,
open_boundary,random-0.5,64,8,open,600046,event,390,192,198,0.76171875,-0.015384615384615385,0.015384615384615385,0,0,0,28661,28271,0.24340000000006512,,
open_boundary,random-0.5,64,8,open,600047,event,393,145,248,0.767578125,-0.26208651399491095,0.26208651399491095,0,0,0,50630,50237,0.2661000000000513,,
open_boundary,random-0.5,64,8,open,600048,event,384,193,191,0.75,0.005208333333333333,0.005208333333333333,0,0,0,30164,29780,0.24070000000006075,,
open_boundary,random-0.5,64,8,open,600049,event,381,172,209,0.744140625,-0.09711286089238845,0.09711286089238845,0,0,0,22622,22241,0.23949999999990723,,
open_boundary,random-0.5,64,8,open,600050,event,380,183,197,0.7421875,-0.03684210526315789,0.03684210526315789,0,0,0,14453,14073,0.23869999999988067,,
open_boundary,random-0.5,64,8,open,600051,event,377,159,218,0.736328125,-0.15649867374005305,0.15649867374005305,0,0,0,19151,18774,0.25300000000015643,,
open_boundary,random-0.5,64,8,open,600052,event,376,163,213,0.734375,-0.13297872340425532,0.13297872340425532,0,0,0,25490,25114,0.2360999999998512,,
open_boundary,random-0.5,64,8,open,600053,event,379,223,156,0.740234375,0.17678100263852242,0.17678100263852242,0,0,0,24731,24352,0.2357999999999265,,
open_boundary,random-0.5,64,8,open,600054,event,395,182,213,0.771484375,-0.07848101265822785,0.07848101265822785,0,0,0,25382,24987,0.24840000000017426,,
open_boundary,random-0.5,64,8,open,600055,event,379,188,191,0.740234375,-0.0079155672823219,0.0079155672823219,0,0,0,37049,36670,0.2544000000000324,,
open_boundary,random-0.5,64,8,open,600056,event,372,191,181,0.7265625,0.026881720430107527,0.026881720430107527,0,0,0,35119,34747,0.23260000000004766,,
open_boundary,random-0.5,64,8,open,600057,event,386,169,217,0.75390625,-0.12435233160621761,0.12435233160621761,0,0,0,22389,22003,0.2415000000000873,,
open_boundary,random-0.5,64,8,open,600058,event,387,193,194,0.755859375,-0.002583979328165375,0.002583979328165375,0,0,0,13505,13118,0.2977000000000771,,
open_boundary,random-0.5,64,8,open,600059,event,378,175,203,0.73828125,-0.07407407407407407,0.07407407407407407,0,0,0,28696,28318,0.2741000000000895,,
open_boundary,random-0.5,64,8,open,600060,event,388,188,200,0.7578125,-0.030927835051546393,0.030927835051546393,0,0,0,45943,45555,0.23900000000003274,,
open_boundary,random-0.5,64,8,open,600061,event,378,213,165,0.73828125,0.12698412698412698,0.12698412698412698,0,0,0,24752,24374,0.2300000000000182,,
open_boundary,random-0.5,64,8,open,600062,event,392,119,273,0.765625,-0.39285714285714285,0.39285714285714285,0,0,0,26515,26123,0.2358999999999014,,
open_boundary,random-0.5,64,8,open,600063,event,376,175,201,0.734375,-0.06914893617021277,0.06914893617021277,0,0,0,22006,21630,0.2622000000001208,,
open_boundary,random-0.5,64,8,open,600064,event,384,187,197,0.75,-0.026041666666666668,0.026041666666666668,0,0,0,31343,30959,0.2377000000001317,,
open_boundary,random-0.5,64,8,open,600065,event,376,196,180,0.734375,0.0425531914893617,0.0425531914893617,0,0,0,27650,27274,0.2502999999999247,,
open_boundary,random-0.5,64,8,open,600066,event,390,206,184,0.76171875,0.05641025641025641,0.05641025641025641,0,0,0,35785,35395,0.24119999999993524,,
open_boundary,random-0.5,64,8,open,600067,event,384,226,158,0.75,0.17708333333333334,0.17708333333333334,0,0,0,19144,18760,0.24869999999987158,,
open_boundary,random-0.5,64,8,open,600068,event,396,171,225,0.7734375,-0.13636363636363635,0.13636363636363635,0,0,0,33296,32900,0.24450000000001637,,
open_boundary,random-0.5,64,8,open,600069,event,374,256,118,0.73046875,0.3689839572192513,0.3689839572192513,0,0,0,18891,18517,0.23330000000009932,,
open_boundary,random-0.5,64,8,open,600070,event,387,195,192,0.755859375,0.007751937984496124,0.007751937984496124,0,0,0,32119,31732,0.23690000000010514,,
open_boundary,random-0.5,64,8,open,600071,event,384,184,200,0.75,-0.041666666666666664,0.041666666666666664,0,0,0,18212,17828,0.28510000000005675,,
open_boundary,random-0.5,64,8,open,600072,event,379,276,103,0.740234375,0.45646437994722955,0.45646437994722955,0,0,0,21272,20893,0.23849999999993088,,
open_boundary,random-0.5,64,8,open,600073,event,384,183,201,0.75,-0.046875,0.046875,0,0,0,28098,27714,0.23700000000008004,,
open_boundary,random-0.5,64,8,open,600074,event,377,144,233,0.736328125,-0.23607427055702918,0.23607427055702918,0,0,0,15491,15114,0.23260000000004766,,
open_boundary,random-0.5,64,8,open,600075,event,383,190,193,0.748046875,-0.007832898172323759,0.007832898172323759,0,0,0,18549,18166,0.24200000000018917,,
open_boundary,random-0.5,64,8,open,600076,event,380,154,226,0.7421875,-0.18947368421052632,0.18947368421052632,0,0,0,24583,24203,0.22490000000016153,,
open_boundary,random-0.5,64,8,open,600077,event,387,199,188,0.755859375,0.028423772609819122,0.028423772609819122,0,0,0,20788,20401,0.24479999999994106,,
open_boundary,random-0.5,64,8,open,600078,event,392,202,190,0.765625,0.030612244897959183,0.030612244897959183,0,0,0,36166,35774,0.24279999999998836,,
open_boundary,random-0.5,64,8,open,600079,event,388,219,169,0.7578125,0.12886597938144329,0.12886597938144329,0,0,0,29686,29298,0.2476000000001477,,
open_boundary,random-0.5,64,8,open,600080,event,378,161,217,0.73828125,-0.14814814814814814,0.14814814814814814,0,0,0,21417,21039,0.23099999999999454,,
open_boundary,random-0.5,64,8,open,600081,event,377,186,191,0.736328125,-0.013262599469496022,0.013262599469496022,0,0,0,28891,28514,0.24400000000014188,,
open_boundary,random-0.5,64,8,open,600082,event,386,182,204,0.75390625,-0.05699481865284974,0.05699481865284974,0,0,0,29407,29021,0.2401999999999589,,
open_boundary,random-0.5,64,8,open,600083,event,390,169,221,0.76171875,-0.13333333333333333,0.13333333333333333,0,0,0,30943,30553,0.2543000000000575,,
open_boundary,random-0.5,64,8,open,600084,event,381,207,174,0.744140625,0.08661417322834646,0.08661417322834646,0,0,0,50664,50283,0.23500000000012733,,
open_boundary,random-0.5,64,8,open,600085,event,398,191,207,0.77734375,-0.04020100502512563,0.04020100502512563,0,0,0,24946,24548,0.24250000000006366,,
open_boundary,random-0.5,64,8,open,600086,event,388,169,219,0.7578125,-0.12886597938144329,0.12886597938144329,0,0,0,25131,24743,0.23260000000004766,,
open_boundary,random-0.5,64,8,open,600087,event,381,192,189,0.744140625,0.007874015748031496,0.007874015748031496,0,0,0,36958,36577,0.24669999999991887,,
open_boundary,random-0.5,64,8,open,600088,event,385,194,191,0.751953125,0.007792207792207792,0.007792207792207792,0,0,0,39099,38714,0.23919999999998254,,
open_boundary,random-0.5,64,8,open,600089,event,378,226,152,0.73828125,0.19576719576719576,0.19576719576719576,0,0,0,22282,21904,0.23200000000019827,,
open_boundary,random-0.5,64,8,open,600090,event,389,181,208,0.759765625,-0.06940874035989718,0.06940874035989718,0,0,0,44786,44397,0.23230000000012296,,
open_boundary,random-0.5,64,8,open,600091,event,385,196,189,0.751953125,0.01818181818181818,0.01818181818181818,0,0,0,31905,31520,0.26880000000005566,,
open_boundary,random-0.5,64,8,open,600092,event,369,212,157,0.720703125,0.14905149051490515,0.14905149051490515,0,0,0,24963,24594,0.3731999999999971,,
open_boundary,random-0.5,64,8,open,600093,event,398,240,158,0.77734375,0.20603015075376885,0.20603015075376885,0,0,0,39081,38683,0.27129999999988286,,
open_boundary,random-0.5,64,8,open,600094,event,380,149,231,0.7421875,-0.21578947368421053,0.21578947368421053,0,0,0,30644,30264,0.24649999999996908,,
open_boundary,random-0.5,64,8,open,600095,event,384,203,181,0.75,0.057291666666666664,0.057291666666666664,0,0,0,32374,31990,0.2400000000000091,,
open_boundary,random-0.5,64,8,open,600096,event,373,164,209,0.728515625,-0.12064343163538874,0.12064343163538874,0,0,0,32271,31898,0.2256999999999607,,
open_boundary,random-0.5,64,8,open,600097,event,389,188,201,0.759765625,-0.033419023136246784,0.033419023136246784,0,0,0,23215,22826,0.223700000000008,,
open_boundary,random-0.5,64,8,open,600098,event,385,167,218,0.751953125,-0.13246753246753246,0.13246753246753246,0,0,0,28333,27948,0.22299999999995634,,
open_boundary,random-0.5,64,8,open,600099,event,379,224,155,0.740234375,0.1820580474934037,0.1820580474934037,0,0,0,25162,24783,0.23959999999988213,,
open_boundary,random-0.5,64,8,open,600100,event,379,178,201,0.740234375,-0.06068601583113457,0.06068601583113457,0,0,0,23054,22675,0.2240999999999076,,
open_boundary,random-0.5,64,8,open,600101,event,375,246,129,0.732421875,0.312,0.312,0,0,0,28835,28460,0.2399000000000342,,
open_boundary,random-0.5,64,8,open,600102,event,380,229,151,0.7421875,0.20526315789473684,0.20526315789473684,0,0,0,24774,24394,0.23020000000019536,,
open_boundary,random-0.5,64,8,open,600103,event,386,189,197,0.75390625,-0.02072538860103627,0.02072538860103627,0,0,0,20008,19622,0.23540000000002692,,
open_boundary,random-0.5,64,8,open,600104,event,392,178,214,0.765625,-0.09183673469387756,0.09183673469387756,0,0,0,28121,27729,0.23839999999995598,,
open_boundary,random-0.5,64,8,open,600105,event,384,165,219,0.75,-0.140625,0.140625,0,0,0,32489,32105,0.2357999999999265,,
open_boundary,random-0.5,64,8,open,600106,event,385,186,199,0.751953125,-0.033766233766233764,0.033766233766233764,0,0,0,20435,20050,0.21920000000000073,,
open_boundary,random-0.5,64,8,open,600107,event,369,146,223,0.720703125,-0.2086720867208672,0.2086720867208672,0,0,0,26442,26073,0.20980000000008658,,
open_boundary,random-0.5,64,8,open,600108,event,372,188,184,0.7265625,0.010752688172043012,0.010752688172043012,0,0,0,19843,19471,0.213799999999992,,
open_boundary,random-0.5,64,8,open,600109,event,393,169,224,0.767578125,-0.13994910941475827,0.13994910941475827,0,0,0,20796,20403,0.25289999999995416,,
open_boundary,random-0.5,64,8,open,600110,event,382,166,216,0.74609375,-0.13089005235602094,0.13089005235602094,0,0,0,36732,36350,0.2219000000000051,,
open_boundary,random-0.5,64,8,open,600111,event,378,218,160,0.73828125,0.15343915343915343,0.15343915343915343,0,0,0,35775,35397,0.23019999999996799,,
open_boundary,random-0.5,64,8,open,600112,event,373,202,171,0.728515625,0.08310991957104558,0.08310991957104558,0,0,0,41045,40672,0.22159999999985303,,
open_boundary,random-0.5,64,8,open,600113,event,378,188,190,0.73828125,-0.005291005291005291,0.005291005291005291,0,0,0,39394,39016,0.25670000000013715,,
open_boundary,random-0.5,64,8,open,600114,event,387,212,175,0.755859375,0.09560723514211886,0.09560723514211886,0,0,0,34273,33886,0.2321999999999207,,
open_boundary,random-0.5,64,8,open,600115,event,377,182,195,0.736328125,-0.034482758620689655,0.034482758620689655,0,0,0,19401,19024,0.22690000000011423,,
open_boundary,random-0.5,64,8,open,600116,event,385,203,182,0.751953125,0.05454545454545454,0.05454545454545454,0,0,0,29825,29440,0.23460000000000036,,
open_boundary,random-0.5,64,8,open,600117,event,390,185,205,0.76171875,-0.05128205128205128,0.05128205128205128,0,0,0,19591,19201,0.25700000000006185,,
open_boundary,random-0.5,64,8,open,600118,event,388,221,167,0.7578125,0.13917525773195877,0.13917525773195877,0,0,0,26345,25957,0.23210000000017317,,
open_boundary,random-0.5,64,8,open,600119,event,373,158,215,0.728515625,-0.15281501340482573,0.15281501340482573,0,0,0,18023,17650,0.22900000000004184,,
open_boundary,random-0.5,64,8,open,600120,event,384,185,199,0.75,-0.036458333333333336,0.036458333333333336,0,0,0,23775,23391,0.2261999999998352,,
open_boundary,random-0.5,64,8,open,600121,event,386,171,215,0.75390625,-0.11398963730569948,0.11398963730569948,0,0,0,32247,31861,0.25489999999990687,,
open_boundary,random-0.5,64,8,open,600122,event,385,224,161,0.751953125,0.16363636363636364,0.16363636363636364,0,0,0,27755,27370,0.2359999999998763,,
open_boundary,random-0.5,64,8,open,600123,event,376,194,182,0.734375,0.031914893617021274,0.031914893617021274,0,0,0,30025,29649,0.2257999999999356,,
open_boundary,random-0.5,64,8,open,600124,event,383,206,177,0.748046875,0.07571801566579635,0.07571801566579635,0,0,0,27821,27438,0.2312000000001717,,
open_boundary,random-0.5,64,8,open,600125,event,378,205,173,0.73828125,0.08465608465608465,0.08465608465608465,0,0,0,25339,24961,0.25099999999997635,,
open_boundary,random-0.5,64,8,open,600126,event,391,214,177,0.763671875,0.09462915601023018,0.09462915601023018,0,0,0,58092,57701,0.24099999999998545,,
open_boundary,random-0.5,64,8,open,600127,event,376,206,170,0.734375,0.09574468085106383,0.09574468085106383,0,0,0,18717,18341,0.2533000000000811,,
open_boundary,random-0.5,64,8,open,600128,event,400,226,174,0.78125,0.13,0.13,0,0,0,28601,28201,0.24669999999991887,,
open_boundary,0,128,2,open,600001,event,7056,7056,0,0.861328125,1,1,1,0,324,118034,110978,2.608699999999999,118034,0
open_boundary,0,128,2,open,600002,event,7036,7036,0,0.85888671875,1,1,1,0,356,167182,160146,2.6422000000000025,167182,0
open_boundary,0,128,2,open,600003,event,7053,7053,0,0.8609619140625,1,1,1,0,329,116300,109247,2.9349999999999454,116300,0
open_boundary,0,128,2,open,600004,event,7043,7043,0,0.8597412109375,1,1,1,0,337,122218,115175,2.4948000000001684,122218,0
open_boundary,0,128,2,open,600005,event,7073,7073,0,0.8634033203125,1,1,1,0,321,115306,108233,2.570699999999988,115306,0
open_boundary,0,128,2,open,600006,event,7088,7088,0,0.865234375,1,1,1,0,309,110756,103668,2.5667000000000826,110756,0
open_boundary,0,128,2,open,600007,event,7057,7057,0,0.8614501953125,1,1,1,0,336,152128,145071,2.6257000000000517,152128,0
open_boundary,0,128,2,open,600008,event,7096,7096,0,0.8662109375,1,1,1,0,319,127345,120249,2.6674000000000433,127345,0
open_boundary,0,128,2,open,600009,event,7061,7061,0,0.8619384765625,1,1,1,0,361,137366,130305,2.4477999999999156,137366,0
open_boundary,0,128,2,open,600010,event,7064,7064,0,0.8623046875,1,1,1,0,329,126847,119783,2.3781000000001313,126847,0
open_boundary,0,128,2,open,600011,event,7026,7026,0,0.857666015625,1,1,1,0,346,150634,143608,2.4096000000001823,150634,0
open_boundary,0,128,2,open,600012,event,7053,7053,0,0.8609619140625,1,1,1,0,320,172082,165029,2.4079000000001543,172082,0
open_boundary,0,128,2,open,600013,event,7042,7042,0,0.859619140625,1,1,1,0,346,143427,136385,2.366899999999987,143427,0
open_boundary,0,128,2,open,600014,event,7061,7061,0,0.8619384765625,1,1,1,0,315,111079,104018,2.712099999999964,111079,0
open_boundary,0,128,2,open,600015,event,7056,7056,0,0.861328125,1,1,1,0,328,110679,103623,2.56049999999982,110679,0
open_boundary,0,128,2,open,600016,event,7106,7106,0,0.867431640625,1,1,1,0,311,116421,109315,2.4547000000000025,116421,0
open_boundary,0,128,2,open,600017,event,7056,7056,0,0.861328125,1,1,1,0,354,199999,192943,2.386600000000044,199999,0
open_boundary,0,128,2,open,600018,event,7088,7088,0,0.865234375,1,1,1,0,313,131960,124872,2.3737999999998465,131960,0
open_boundary,0,128,2,open,600019,event,7044,7044,0,0.85986328125,1,1,1,0,352,100093,93049,2.5580999999999676,100093,0
open_boundary,0,128,2,open,600020,event,7068,7068,0,0.86279296875,1,1,1,0,335,137642,130574,2.5896999999999935,137642,0
open_boundary,0,128,2,open,600021,event,7023,7023,0,0.8572998046875,1,1,1,0,335,129073,122050,2.4000999999998385,129073,0
open_boundary,0,128,2,open,600022,event,7050,7050,0,0.860595703125,1,1,1,0,320,120124,113074,2.4855999999999767,120124,0
open_boundary,0,128,2,open,600023,event,7072,7072,0,0.86328125,1,1,1,0,350,120875,113803,2.4150999999999385,120875,0
open_boundary,0,128,2,open,600024,event,7071,7071,0,0.8631591796875,1,1,1,0,315,145406,138335,2.3840000000000146,145406,0
open_boundary,0,128,2,open,600025,event,7056,7056,0,0.861328125,1,1,1,0,328,108098,101042,2.3297000000000025,108098,0
open_boundary,0,128,2,open,600026,event,7067,7067,0,0.8626708984375,1,1,1,0,339,111151,104084,2.3869999999999436,111151,0
open_boundary,0,128,2,open,600027,event,7063,7063,0,0.8621826171875,1,1,1,0,324,114862,107799,2.33199999999988,114862,0
open_boundary,0,128,2,open,600028,event,7063,7063,0,0.8621826171875,1,1,1,0,319,126460,119397,2.6971000000000913,126460,0
open_boundary,0,128,2,open,600029,event,7057,7057,0,0.8614501953125,1,1,1,0,342,158640,151583,2.4665999999999713,158640,0
open_boundary,0,128,2,open,600030,event,7067,7067,0,0.8626708984375,1,1,1,0,333,117863,110796,2.5750000000000455,117863,0
open_boundary,0,128,2,open,600031,event,7090,7090,0,0.865478515625,1,1,1,0,323,145887,138797,2.373399999999947,145887,0
open_boundary,0,128,2,open,600032,event,7038,7038,0,0.859130859375,1,1,1,0,339,113903,106865,2.8132000000000517,113903,0
open_boundary,0,128,2,open,600033,event,7046,7046,0,0.860107421875,1,1,1,0,348,154950,147904,2.8798000000001593,154950,0
open_boundary,0,128,2,open,600034,event,7066,7066,0,0.862548828125,1,1,1,0,309,117497,110431,2.475400000000036,117497,0
open_boundary,0,128,2,open,600035,event,7086,7086,0,0.864990234375,1,1,1,0,307,123175,116089,2.3022000000000844,123175,0
open_boundary,0,128,2,open,600036,event,7034,7034,0,0.858642578125,1,1,1,0,305,123881,116847,2.5864000000001397,123881,0
open_boundary,0,128,2,open,600037,event,7062,7062,0,0.862060546875,1,1,1,0,320,106315,99253,2.3830999999997857,106315,0
open_boundary,0,128,2,open,600038,event,7071,7071,0,0.8631591796875,1,1,1,0,312,135875,128804,2.407600000000002,135875,0
open_boundary,0,128,2,open,600039,event,7065,7065,0,0.8624267578125,1,1,1,0,303,140004,132939,2.6390000000001237,140004,0
open_boundary,0,128,2,open,600040,event,7058,7058,0,0.861572265625,1,1,1,0,320,110640,103582,2.376899999999978,110640,0
open_boundary,0,128,2,open,600041,event,7065,7065,0,0.8624267578125,1,1,1,0,309,155156,148091,2.3627000000001317,155156,0
open_boundary,0,128,2,open,600042,event,7075,7075,0,0.8636474609375,1,1,1,0,341,118570,111495,2.304499999999962,118570,0
open_boundary,0,128,2,open,600043,event,7080,7080,0,0.8642578125,1,1,1,0,304,170267,163187,2.468499999999949,170267,0
open_boundary,0,128,2,open,600044,event,7045,7045,0,0.8599853515625,1,1,1,0,336,149675,142630,2.39020000000005,149675,0
open_boundary,0,128,2,open,600045,event,7048,7048,0,0.8603515625,1,1,1,0,321,110070,103022,2.7315000000000964,110070,0
open_boundary,0,128,2,open,600046,event,7050,7050,0,0.860595703125,1,1,1,0,329,142279,135229,2.284599999999955,142279,0
open_boundary,0,128,2,open,600047,event,7037,7037,0,0.8590087890625,1,1,1,0,357,128407,121370,2.3233000000000175,128407,0
open_boundary,0,128,2,open,600048,event,7074,7074,0,0.863525390625,1,1,1,0,310,126166,119092,2.352200000000039,126166,0
open_boundary,0,128,2,open,600049,event,7045,7045,0,0.8599853515625,1,1,1,0,364,125954,118909,2.345100000000002,125954,0
open_boundary,0,128,2,open,600050,event,7060,7060,0,0.86181640625,1,1,1,0,352,130757,123697,2.379699999999957,130757,0
open_boundary,0,128,2,open,600051,event,7075,7075,0,0.8636474609375,1,1,1,0,310,128835,121760,2.445899999999938,128835,0
open_boundary,0,128,2,open,600052,event,7083,7083,0,0.8646240234375,1,1,1,0,314,150126,143043,2.320900000000165,150126,0
open_boundary,0,128,2,open,600053,event,7068,7068,0,0.86279296875,1,1,1,0,337,155370,148302,2.6731999999999516,155370,0
open_boundary,0,128,2,open,600054,event,7045,7045,0,0.8599853515625,1,1,1,0,347,107212,100167,2.384999999999991,107212,0
open_boundary,0,128,2,open,600055,event,7046,7046,0,0.860107421875,1,1,1,0,336,155809,148763,2.3489999999999327,155809,0
open_boundary,0,128,2,open,600056,event,7057,7057,0,0.8614501953125,1,1,1,0,330,115014,107957,2.3522999999997865,115014,0
open_boundary,0,128,2,open,600057,event,7075,7075,0,0.8636474609375,1,1,1,0,315,141475,134400,2.4121000000000095,141475,0
open_boundary,0,128,2,open,600058,event,7033,7033,0,0.8585205078125,1,1,1,0,372,187349,180316,2.462400000000116,187349,0
open_boundary,0,128,2,open,600059,event,7038,7038,0,0.859130859375,1,1,1,0,354,107427,100389,2.367300000000114,107427,0
open_boundary,0,128,2,open,600060,event,7056,7056,0,0.861328125,1,1,1,0,326,122824,115768,2.583499999999958,122824,0
open_boundary,0,128,2,open,600061,event,7064,7064,0,0.8623046875,1,1,1,0,316,151880,144816,2.6544000000001233,151880,0
open_boundary,0,128,2,open,600062,event,7058,7058,0,0.861572265625,1,1,1,0,334,101869,94811,2.5915999999999713,101869,0
open_boundary,0,128,2,open,600063,event,7090,7090,0,0.865478515625,1,1,1,0,310,114348,107258,2.5604000000000724,114348,0
open_boundary,0,128,2,open,600064,event,7077,7077,0,0.8638916015625,1,1,1,0,334,120869,113792,2.621499999999969,120869,0
open_boundary,0,128,2,open,600065,event,7051,7051,0,0.8607177734375,1,1,1,0,325,180322,173271,2.4150999999999385,180322,0
open_boundary,0,128,2,open,600066,event,7058,7058,0,0.861572265625,1,1,1,0,333,144720,137662,2.315900000000056,144720,0
open_boundary,0,128,2,open,600067,event,7079,7079,0,0.8641357421875,1,1,1,0,339,168597,161518,2.642599999999902,168597,0
open_boundary,0,128,2,open,600068,event,7050,7050,0,0.860595703125,1,1,1,0,354,128370,121320,2.3161999999999807,128370,0
open_boundary,0,128,2,open,600069,event,7050,7050,0,0.860595703125,1,1,1,0,378,158212,151162,2.5469000000000506,158212,0
open_boundary,0,128,2,open,600070,event,7100,7100,0,0.86669921875,1,1,1,0,317,136832,129732,2.7445999999999913,136832,0
open_boundary,0,128,2,open,600071,event,7042,7042,0,0.859619140625,1,1,1,0,373,135009,127967,2.5157000000001517,135009,0
open_boundary,0,128,2,open,600072,event,7092,7092,0,0.86572265625,1,1,1,0,330,137045,129953,2.4710000000000036,137045,0
open_boundary,0,128,2,open,600073,event,7044,7044,0,0.85986328125,1,1,1,0,336,128987,121943,2.393100000000004,128987,0
open_boundary,0,128,2,open,600074,event,7055,7055,0,0.8612060546875,1,1,1,0,327,155545,148490,2.4284999999999854,155545,0
open_boundary,0,128,2,open,600075,event,7073,7073,0,0.8634033203125,1,1,1,0,336,170246,163173,2.5,170246,0
open_boundary,0,128,2,open,600076,event,7101,7101,0,0.8668212890625,1,1,1,0,303,129788,122687,2.554399999999987,129788,0
open_boundary,0,128,2,open,600077,event,7042,7042,0,0.859619140625,1,1,1,0,320,150578,143536,2.4611999999999625,150578,0
open_boundary,0,128,2,open,600078,event,7047,7047,0,0.8602294921875,1,1,1,0,355,140204,133157,2.4325000000001182,140204,0
open_boundary,0,128,2,open,600079,event,7059,7059,0,0.8616943359375,1,1,1,0,279,142658,135599,2.4420000000000073,142658,0
open_boundary,0,128,2,open,600080,event,7092,7092,0,0.86572265625,1,1,1,0,294,131741,124649,2.4949000000001433,131741,0
open_boundary,0,128,2,open,600081,event,7062,7062,0,0.862060546875,1,1,1,0,288,130209,123147,2.52579999999989,130209,0
open_boundary,0,128,2,open,600082,event,7050,7050,0,0.860595703125,1,1,1,0,327,127357,120307,2.489699999999857,127357,0
open_boundary,0,128,2,open,600083,event,7042,7042,0,0.859619140625,1,1,1,0,318,143878,136836,2.3974000000000615,143878,0
open_boundary,0,128,2,open,600084,event,7080,7080,0,0.8642578125,1,1,1,0,304,134664,127584,2.586900000000014,134664,0
open_boundary,0,128,2,open,600085,event,7089,7089,0,0.8653564453125,1,1,1,0,319,111661,104572,2.5451000000000477,111661,0
open_boundary,0,128,2,open,600086,event,7066,7066,0,0.862548828125,1,1,1,0,339,103261,96195,2.651200000000017,103261,0
open_boundary,0,128,2,open,600087,event,7045,7045,0,0.8599853515625,1,1,1,0,354,129161,122116,2.6090999999998985,129161,0
open_boundary,0,128,2,open,600088,event,7070,7070,0,0.863037109375,1,1,1,0,342,111617,104547,3.146199999999908,111617,0
open_boundary,0,128,2,open,600089,event,7072,7072,0,0.86328125,1,1,1,0,317,127694,120622,2.848500000000058,127694,0
open_boundary,0,128,2,open,600090,event,7053,7053,0,0.8609619140625,1,1,1,0,322,125806,118753,2.6128000000001066,125806,0
open_boundary,0,128,2,open,600091,event,7059,7059,0,0.8616943359375,1,1,1,0,333,164840,157781,2.432499999999891,164840,0
open_boundary,0,128,2,open,600092,event,7089,7089,0,0.8653564453125,1,1,1,0,316,95960,88871,2.3997000000001663,95960,0
open_boundary,0,128,2,open,600093,event,7066,7066,0,0.862548828125,1,1,1,0,316,121994,114928,2.51299999999992,121994,0
open_boundary,0,128,2,open,600094,event,7063,7063,0,0.8621826171875,1,1,1,0,331,128615,121552,2.751700000000028,128615,0
open_boundary,0,128,2,open,600095,event,7050,7050,0,0.860595703125,1,1,1,0,348,128825,121775,2.619899999999916,128825,0
open_boundary,0,128,2,open,600096,event,7074,7074,0,0.863525390625,1,1,1,0,296,143858,136784,2.444099999999935,143858,0
open_boundary,0,128,2,open,600097,event,7074,7074,0,0.863525390625,1,1,1,0,328,200934,193860,2.488200000000006,200934,0
open_boundary,0,128,2,open,600098,event,7068,7068,0,0.86279296875,1,1,1,0,311,149152,142084,2.5649000000000797,149152,0
open_boundary,0,128,2,open,600099,event,7046,7046,0,0.860107421875,1,1,1,0,332,125402,118356,2.6213000000000193,125402,0
open_boundary,0,128,2,open,600100,event,7088,7088,0,0.865234375,1,1,1,0,295,125852,118764,2.3846000000000913,125852,0
open_boundary,0,128,2,open,600101,event,7066,7066,0,0.862548828125,1,1,1,0,334,135544,128478,2.334100000000035,135544,0
open_boundary,0,128,2,open,600102,event,7066,7066,0,0.862548828125,1,1,1,0,333,151177,144111,2.360500000000002,151177,0
open_boundary,0,128,2,open,600103,event,7068,7068,0,0.86279296875,1,1,1,0,335,171723,164655,2.3134999999999764,171723,0
open_boundary,0,128,2,open,600104,event,7061,7061,0,0.8619384765625,1,1,1,0,321,138697,131636,2.2608000000000175,138697,0
open_boundary,0,128,2,open,600105,event,7090,7090,0,0.865478515625,1,1,1,0,347,144170,137080,2.395200000000159,144170,0
open_boundary,0,128,2,open,600106,event,7058,7058,0,0.861572265625,1,1,1,0,366,140405,133347,2.498399999999947,140405,0
open_boundary,0,128,2,open,600107,event,7065,7065,0,0.8624267578125,1,1,1,0,318,132812,125747,2.4419000000000324,132812,0
open_boundary,0,128,2,open,600108,event,7075,7075,0,0.8636474609375,1,1,1,0,328,139616,132541,2.4523999999998978,139616,0
open_boundary,0,128,2,open,600109,event,7096,7096,0,0.8662109375,1,1,1,0,328,143723,136627,2.404800000000023,143723,0
open_boundary,0,128,2,open,600110,event,7075,7075,0,0.8636474609375,1,1,1,0,313,139683,132608,2.4204999999999472,139683,0
open_boundary,0,128,2,open,600111,event,7063,7063,0,0.8621826171875,1,1,1,0,307,152869,145806,2.4429000000000087,152869,0
open_boundary,0,128,2,open,600112,event,7082,7082,0,0.864501953125,1,1,1,0,299,125222,118140,2.466999999999871,125222,0
open_boundary,0,128,2,open,600113,event,7076,7076,0,0.86376953125,1,1,1,0,334,123651,116575,2.5625,123651,0
open_boundary,0,128,2,open,600114,event,7064,7064,0,0.8623046875,1,1,1,0,332,146082,139018,2.4546000000000276,146082,0
open_boundary,0,128,2,open,600115,event,7068,7068,0,0.86279296875,1,1,1,0,279,106944,99876,2.5774999999998727,106944,0
open_boundary,0,128,2,open,600116,event,7055,7055,0,0.8612060546875,1,1,1,0,313,122244,115189,2.570600000000013,122244,0
open_boundary,0,128,2,open,600117,event,7088,7088,0,0.865234375,1,1,1,0,333,109786,102698,2.697199999999839,109786,0
open_boundary,0,128,2,open,600118,event,7068,7068,0,0.86279296875,1,1,1,0,292,121839,114771,2.8182999999999083,121839,0
open_boundary,0,128,2,open,600119,event,7064,7064,0,0.8623046875,1,1,1,0,334,132004,124940,2.778099999999995,132004,0
open_boundary,0,128,2,open,600120,event,7081,7081,0,0.8643798828125,1,1,1,0,289,158770,151689,2.6031000000000404,158770,0
open_boundary,0,128,2,open,600121,event,7066,7066,0,0.862548828125,1,1,1,0,334,128900,121834,2.5661999999999807,128900,0
open_boundary,0,128,2,open,600122,event,7088,7088,0,0.865234375,1,1,1,0,302,134257,127169,2.506299999999783,134257,0
open_boundary,0,128,2,open,600123,event,7036,7036,0,0.85888671875,1,1,1,0,373,132880,125844,2.580799999999954,132880,0
open_boundary,0,128,2,open,600124,event,7055,7055,0,0.8612060546875,1,1,1,0,302,140605,133550,2.800799999999981,140605,0
open_boundary,0,128,2,open,600125,event,7093,7093,0,0.8658447265625,1,1,1,0,303,99166,92073,2.584799999999859,99166,0
open_boundary,0,128,2,open,600126,event,7060,7060,0,0.86181640625,1,1,1,0,311,120088,113028,2.478800000000092,120088,0
open_boundary,0,128,2,open,600127,event,7022,7022,0,0.857177734375,1,1,1,0,338,134211,127189,2.4621000000001914,134211,0
open_boundary,0,128,2,open,600128,event,7046,7046,0,0.860107421875,1,1,1,0,344,117963,110917,2.5172999999999774,117963,0
open_boundary,35,128,2,open,600001,event,7444,3703,3741,0.90869140625,-0.005104782375067168,0.005104782375067168,0,0,0,290166,282722,2.9006999999999152,145083,145083
open_boundary,35,128,2,open,600002,event,7410,3722,3688,0.904541015625,0.004588394062078272,0.004588394062078272,0,0,0,278806,271396,2.974100000000135,139403,139403
open_boundary,35,128,2,open,600003,event,7449,3679,3770,0.9093017578125,-0.012216404886561954,0.012216404886561954,0,0,0,211605,204156,3.6420000000000528,105803,105802
open_boundary,35,128,2,open,600004,event,7424,3702,3722,0.90625,-0.0026939655172413795,0.0026939655172413795,0,0,0,238822,231398,3.7241999999998825,119411,119411
open_boundary,35,128,2,open,600005,event,7423,3744,3679,0.9061279296875,0.008756567425569177,0.008756567425569177,0,0,0,259755,252332,3.679300000000012,129878,129877
open_boundary,35,128,2,open,600006,event,7425,3697,3728,0.9063720703125,-0.004175084175084175,0.004175084175084175,0,0,0,254854,247429,4.6831999999999425,127427,127427
open_boundary,35,128,2,open,600007,event,7424,3645,3779,0.90625,-0.01804956896551724,0.01804956896551724,0,0,0,217777,210353,4.627999999999929,108889,108888
open_boundary,35,128,2,open,600008,event,7399,3736,3663,0.9031982421875,0.009866198134883092,0.009866198134883092,0,0,0,237771,230372,3.550799999999981,118886,118885
open_boundary,35,128,2,open,600009,event,7420,3697,3723,0.90576171875,-0.003504043126684636,0.003504043126684636,0,0,0,293425,286005,3.6950999999999112,146713,146712
open_boundary,35,128,2,open,600010,event,7431,3683,3748,0.9071044921875,-0.008747140357959898,0.008747140357959898,0,0,0,276826,269395,4.247499999999945,138413,138413
open_boundary,35,128,2,open,600011,event,7393,3653,3740,0.9024658203125,-0.011767888543216556,0.011767888543216556,0,0,0,243912,236519,3.9067999999999756,121956,121956
open_boundary,35,128,2,open,600012,event,7415,3749,3666,0.9051513671875,0.011193526635198922,0.011193526635198922,0,0,0,225110,217695,3.929200000000037,112555,112555
open_boundary,35,128,2,open,600013,event,7413,3734,3679,0.9049072265625,0.0074193983542425465,0.0074193983542425465,0,0,0,258017,250604,3.297800000000052,129009,129008
open_boundary,35,128,2,open,600014,event,7419,3700,3719,0.9056396484375,-0.002560992047445747,0.002560992047445747,0,0,0,223512,216093,2.962199999999939,111756,111756
open_boundary,35,128,2,open,600015,event,7411,3703,3708,0.9046630859375,-0.0006746727836999055,0.0006746727836999055,0,0,0,248161,240750,3.0517999999999574,124081,124080
open_boundary,35,128,2,open,600016,event,7417,3740,3677,0.9053955078125,0.008494000269650802,0.008494000269650802,0,0,0,291703,284286,2.9493999999999687,145852,145851
open_boundary,35,128,2,open,600017,event,7436,3733,3703,0.90771484375,0.004034427111350188,0.004034427111350188,0,0,0,257961,250525,2.9312999999999647,128981,128980
open_boundary,35,128,2,open,600018,event,7398,3712,3686,0.903076171875,0.003514463368477967,0.003514463368477967,0,0,0,217256,209858,3.770999999999958,108628,108628
open_boundary,35,128,2,open,600019,event,7424,3758,3666,0.90625,0.012392241379310345,0.012392241379310345,0,0,0,281634,274210,3.310600000000022,140817,140817
open_boundary,35,128,2,open,600020,event,7435,3730,3705,0.9075927734375,0.0033624747814391394,0.0033624747814391394,0,0,0,337644,330209,5.3279,168822,168822
open_boundary,35,128,2,open,600021,event,7421,3681,3740,0.9058837890625,-0.007950410995822665,0.007950410995822665,0,0,0,271595,264174,4.8016999999999825,135798,135797
open_boundary,35,128,2,open,600022,event,7411,3732,3679,0.9046630859375,0.007151531507218999,0.007151531507218999,0,0,0,271218,263807,3.281400000000076,135609,135609
open_boundary,35,128,2,open,600023,event,7437,3630,3807,0.9078369140625,-0.02379991932230738,0.02379991932230738,0,0,0,206743,199306,3.082200000000057,103372,103371
open_boundary,35,128,2,open,600024,event,7399,3780,3619,0.9031982421875,0.021759697256385997,0.021759697256385997,0,0,0,205791,198392,2.978900000000067,102896,102895
open_boundary,35,128,2,open,600025,event,7410,3749,3661,0.904541015625,0.011875843454790824,0.011875843454790824,0,0,0,296141,288731,2.9614000000001397,148071,148070
open_boundary,35,128,2,open,600026,event,7421,3721,3700,0.9058837890625,0.002829807303597898,0.002829807303597898,0,0,0,267847,260426,3.2206999999998516,133924,133923
open_boundary,35,128,2,open,600027,event,7417,3716,3701,0.9053955078125,0.0020223810165835242,0.0020223810165835242,0,0,0,235714,228297,3.0751000000000204,117857,117857
open_boundary,35,128,2,open,600028,event,7443,3681,3762,0.9085693359375,-0.010882708585247884,0.010882708585247884,0,0,0,219176,211733,3.08829999999989,109588,109588
open_boundary,35,128,2,open,600029,event,7422,3709,3713,0.906005859375,-0.0005389382915656157,0.0005389382915656157,0,0,0,246309,238887,3.1865000000000236,123155,123154
open_boundary,35,128,2,open,600030,event,7429,3745,3684,0.9068603515625,0.00821106474626464,0.00821106474626464,0,0,0,251819,244390,3.11830000000009,125910,125909
open_boundary,35,128,2,open,600031,event,7406,3713,3693,0.904052734375,0.0027005130974885228,0.0027005130974885228,0,0,0,224260,216854,3.084100000000035,112130,112130
open_boundary,35,128,2,open,600032,event,7432,3722,3710,0.9072265625,0.0016146393972012918,0.0016146393972012918,0,0,0,247167,239735,3.199100000000044,123584,123583
open_boundary,35,128,2,open,600033,event,7449,3744,3705,0.9093017578125,0.005235602094240838,0.005235602094240838,0,0,0,271637,264188,3.0300999999999476,135819,135818
open_boundary,35,128,2,open,600034,event,7413,3696,3717,0.9049072265625,-0.0028328611898017,0.0028328611898017,0,0,0,225701,218288,3.0187999999998283,112851,112850
open_boundary,35,128,2,open,600035,event,7405,3753,3652,0.9039306640625,0.013639432815665091,0.013639432815665091,0,0,0,228533,221128,2.9634000000000924,114267,114266
open_boundary,35,128,2,open,600036,event,7418,3730,3688,0.905517578125,0.0056619034780264225,0.0056619034780264225,0,0,0,264787,257369,3.029399999999896,132394,132393
open_boundary,35,128,2,open,600037,event,7430,3783,3647,0.906982421875,0.018304172274562585,0.018304172274562585,0,0,0,281783,274353,2.9593999999999596,140892,140891
open_boundary,35,128,2,open,600038,event,7456,3749,3707,0.91015625,0.005633047210300429,0.005633047210300429,0,0,0,259271,251815,2.9186999999999443,129636,129635
open_boundary,35,128,2,open,600039,event,7423,3686,3737,0.9061279296875,-0.006870537518523508,0.006870537518523508,0,0,0,196936,189513,3.124900000000025,98468,98468
open_boundary,35,128,2,open,600040,event,7423,3711,3712,0.9061279296875,-0.0001347164219318335,0.0001347164219318335,0,0,0,216567,209144,3.071999999999889,108284,108283
open_boundary,35,128,2,open,600041,event,7449,3752,3697,0.9093017578125,0.007383541414955027,0.007383541414955027,0,0,0,209307,201858,3.030300000000125,104654,104653
open_boundary,35,128,2,open,600042,event,7441,3709,3732,0.9083251953125,-0.0030909823948394033,0.0030909823948394033,0,0,0,342793,335352,3.0173999999999523,171397,171396
open_boundary,35,128,2,open,600043,event,7434,3718,3716,0.907470703125,0.0002690341673392521,0.0002690341673392521,0,0,0,227075,219641,3.0389000000000124,113538,113537
open_boundary,35,128,2,open,600044,event,7401,3697,3704,0.9034423828125,-0.0009458181326847723,0.0009458181326847723,0,0,0,239215,231814,2.9993999999999232,119608,119607
open_boundary,35,128,2,open,600045,event,7427,3693,3734,0.9066162109375,-0.005520398545846236,0.005520398545846236,0,0,0,222644,215217,3.1866999999999734,111322,111322
open_boundary,35,128,2,open,600046,event,7417,3761,3656,0.9053955078125,0.014156667116084671,0.014156667116084671,0,0,0,310131,302714,3.073699999999917,155066,155065
open_boundary,35,128,2,open,600047,event,7412,3703,3709,0.90478515625,-0.0008094981111710739,0.0008094981111710739,0,0,0,232176,224764,2.8717999999998938,116088,116088
open_boundary,35,128,2,open,600048,event,7422,3728,3694,0.906005859375,0.004580975478307734,0.004580975478307734,0,0,0,235915,228493,2.951799999999821,117958,117957
open_boundary,35,128,2,open,600049,event,7405,3710,3695,0.9039306640625,0.002025658338960162,0.002025658338960162,0,0,0,255665,248260,3.003600000000006,127833,127832
open_boundary,35,128,2,open,600050,event,7426,3714,3712,0.906494140625,0.00026932399676811203,0.00026932399676811203,0,0,0,194743,187317,2.8826000000001386,97372,97371
open_boundary,35,128,2,open,600051,event,7417,3710,3707,0.9053955078125,0.00040447620331670486,0.00040447620331670486,0,0,0,224592,217175,2.9825999999998203,112296,112296
open_boundary,35,128,2,open,600052,event,7408,3781,3627,0.904296875,0.020788336933045357,0.020788336933045357,0,0,0,239801,232393,2.9394999999999527,119901,119900
open_boundary,35,128,2,open,600053,event,7405,3684,3721,0.9039306640625,-0.0049966239027683995,0.0049966239027683995,0,0,0,284264,276859,2.805099999999811,142132,142132
open_boundary,35,128,2,open,600054,event,7422,3730,3692,0.906005859375,0.005119913769873349,0.005119913769873349,0,0,0,366496,359074,2.888099999999895,183248,183248
open_boundary,35,128,2,open,600055,event,7433,3756,3677,0.9073486328125,0.010628279295035651,0.010628279295035651,0,0,0,210880,203447,2.8396999999999935,105440,105440
open_boundary,35,128,2,open,600056,event,7452,3687,3765,0.90966796875,-0.010466988727858293,0.010466988727858293,0,0,0,260206,252754,2.9365000000000236,130103,130103
open_boundary,35,128,2,open,600057,event,7447,3779,3668,0.9090576171875,0.014905331005774137,0.014905331005774137,0,0,0,279999,272552,2.7825000000000273,140000,139999
open_boundary,35,128,2,open,600058,event,7397,3704,3693,0.9029541015625,0.001487089360551575,0.001487089360551575,0,0,0,200213,192816,2.7841000000000804,100107,100106
open_boundary,35,128,2,open,600059,event,7419,3715,3704,0.9056396484375,0.001482679606415959,0.001482679606415959,0,0,0,287647,280228,2.769700000000057,143824,143823
open_boundary,35,128,2,open,600060,event,7404,3711,3693,0.90380859375,0.0024311183144246355,0.0024311183144246355,0,0,0,237465,230061,2.9104999999999563,118733,118732
open_boundary,35,128,2,open,600061,event,7404,3733,3671,0.90380859375,0.008373851971907077,0.008373851971907077,0,0,0,275474,268070,2.7472999999999956,137737,137737
open_boundary,35,128,2,open,600062,event,7443,3736,3707,0.9085693359375,0.003896278382372699,0.003896278382372699,0,0,0,216970,209527,2.852300000000014,108485,108485
open_boundary,35,128,2,open,600063,event,7423,3719,3704,0.9061279296875,0.0020207463289775023,0.0020207463289775023,0,0,0,295300,287877,2.9086999999999534,147650,147650
open_boundary,35,128,2,open,600064,event,7407,3655,3752,0.9041748046875,-0.013095720264614554,0.013095720264614554,0,0,0,228925,221518,2.7532000000001062,114463,114462
open_boundary,35,128,2,open,600065,event,7432,3710,3722,0.9072265625,-0.0016146393972012918,0.0016146393972012918,0,0,0,256349,248917,2.8556999999998425,128175,128174
open_boundary,35,128,2,open,600066,event,7438,3775,3663,0.907958984375,0.015057811239580532,0.015057811239580532,0,0,0,207954,200516,2.788400000000138,103977,103977
open_boundary,35,128,2,open,600067,event,7408,3751,3657,0.904296875,0.012688984881209503,0.012688984881209503,0,0,0,203878,196470,2.7664000000002034,101939,101939
open_boundary,35,128,2,open,600068,event,7431,3663,3768,0.9071044921875,-0.014129995962858296,0.014129995962858296,0,0,0,216718,209287,2.684099999999944,108359,108359
open_boundary,35,128,2,open,600069,event,7421,3675,3746,0.9058837890625,-0.00956744374073575,0.00956744374073575,0,0,0,203948,196527,2.776100000000042,101974,101974
open_boundary,35,128,2,open,600070,event,7406,3723,3683,0.904052734375,0.0054010261949770455,0.0054010261949770455,0,0,0,189112,181706,2.791800000000194,94556,94556
open_boundary,35,128,2,open,600071,event,7438,3684,3754,0.907958984375,-0.009411132024737832,0.009411132024737832,0,0,0,239225,231787,2.852000000000089,119613,119612
open_boundary,35,128,2,open,600072,event,7421,3737,3684,0.9058837890625,0.007141894623366123,0.007141894623366123,0,0,0,274801,267380,2.7954999999999472,137401,137400
open_boundary,35,128,2,open,600073,event,7420,3704,3716,0.90576171875,-0.0016172506738544475,0.0016172506738544475,0,0,0,226543,219123,2.962900000000218,113272,113271
open_boundary,35,128,2,open,600074,event,7430,3714,3716,0.906982421875,-0.00026917900403768504,0.00026917900403768504,0,0,0,216903,209473,2.8170000000000073,108452,108451
open_boundary,35,128,2,open,600075,event,7424,3730,3694,0.90625,0.004849137931034483,0.004849137931034483,0,0,0,293209,285785,2.8182999999999083,146605,146604
open_boundary,35,128,2,open,600076,event,7377,3638,3739,0.9005126953125,-0.013691202385793683,0.013691202385793683,0,0,0,250858,243481,2.817399999999907,125429,125429
open_boundary,35,128,2,open,600077,event,7416,3719,3697,0.9052734375,0.0029665587918015104,0.0029665587918015104,0,0,0,229828,222412,2.912399999999934,114914,114914
open_boundary,35,128,2,open,600078,event,7463,3726,3737,0.9110107421875,-0.0014739380946000268,0.0014739380946000268,0,0,0,236422,228959,2.896099999999933,118211,118211
open_boundary,35,128,2,open,600079,event,7438,3682,3756,0.907958984375,-0.009948910997579994,0.009948910997579994,0,0,0,189344,181906,2.9563000000000557,94672,94672
open_boundary,35,128,2,open,600080,event,7413,3687,3726,0.9049072265625,-0.005261027923917442,0.005261027923917442,0,0,0,271464,264051,2.7817000000000007,135732,135732
open_boundary,35,128,2,open,600081,event,7416,3692,3724,0.9052734375,-0.004314994606256742,0.004314994606256742,0,0,0,315254,307838,2.9929000000001906,157627,157627
open_boundary,35,128,2,open,600082,event,7425,3749,3676,0.9063720703125,0.009831649831649832,0.009831649831649832,0,0,0,244140,236715,3.031400000000076,122070,122070
open_boundary,35,128,2,open,600083,event,7446,3743,3703,0.908935546875,0.005372011818426001,0.005372011818426001,0,0,0,253697,246251,2.8307000000002063,126849,126848
open_boundary,35,128,2,open,600084,event,7414,3733,3681,0.905029296875,0.007013757755597518,0.007013757755597518,0,0,0,337589,330175,2.8881999999998698,168795,168794
open_boundary,35,128,2,open,600085,event,7429,3600,3829,0.9068603515625,-0.0308251447031902,0.0308251447031902,0,0,0,199834,192405,2.8647000000000844,99917,99917
open_boundary,35,128,2,open,600086,event,7455,3768,3687,0.9100341796875,0.010865191146881288,0.010865191146881288,0,0,0,258946,251491,3.06269999999995,129473,129473
open_boundary,35,128,2,open,600087,event,7404,3649,3755,0.90380859375,-0.01431658562938952,0.01431658562938952,0,0,0,272580,265176,2.9075000000000273,136290,136290
open_boundary,35,128,2,open,600088,event,7422,3704,3718,0.906005859375,-0.001886284020479655,0.001886284020479655,0,0,0,268879,261457,3.0584000000001197,134440,134439
open_boundary,35,128,2,open,600089,event,7424,3717,3707,0.90625,0.0013469827586206897,0.0013469827586206897,0,0,0,214760,207336,2.963899999999967,107380,107380
open_boundary,35,128,2,open,600090,event,7428,3715,3713,0.90673828125,0.00026925148088314486,0.00026925148088314486,0,0,0,258311,250883,2.8992000000000644,129156,129155
open_boundary,35,128,2,open,600091,event,7435,3730,3705,0.9075927734375,0.0033624747814391394,0.0033624747814391394,0,0,0,254554,247119,2.8826000000001386,127277,127277
open_boundary,35,128,2,open,600092,event,7442,3726,3716,0.908447265625,0.0013437248051599033,0.0013437248051599033,0,0,0,222833,215391,2.7970000000000255,111417,111416
open_boundary,35,128,2,open,600093,event,7412,3766,3646,0.90478515625,0.016189962223421478,0.016189962223421478,0,0,0,212849,205437,2.8265000000001237,106425,106424
open_boundary,35,128,2,open,600094,event,7413,3777,3636,0.9049072265625,0.019020639417239985,0.019020639417239985,0,0,0,274146,266733,3.123700000000099,137073,137073
open_boundary,35,128,2,open,600095,event,7439,3667,3772,0.9080810546875,-0.014114800376394676,0.014114800376394676,0,0,0,255530,248091,2.842300000000023,127765,127765
open_boundary,35,128,2,open,600096,event,7451,3735,3716,0.9095458984375,0.0025499932894913436,0.0025499932894913436,0,0,0,342620,335169,2.9032999999999447,171310,171310
open_boundary,35,128,2,open,600097,event,7448,3751,3697,0.9091796875,0.007250268528464017,0.007250268528464017,0,0,0,263020,255572,2.9497999999998683,131510,131510
open_boundary,35,128,2,open,600098,event,7451,3753,3698,0.9095458984375,0.007381559522211784,0.007381559522211784,0,0,0,299702,292251,3.2267000000001644,149851,149851
open_boundary,35,128,2,open,600099,event,7440,3779,3661,0.908203125,0.015860215053763442,0.015860215053763442,0,0,0,190721,183281,3.1028000000001157,95361,95360
open_boundary,35,128,2,open,600100,event,7405,3727,3678,0.9039306640625,0.006617150573936529,0.006617150573936529,0,0,0,227428,220023,3.118400000000065,113714,113714
open_boundary,35,128,2,open,600101,event,7429,3790,3639,0.9068603515625,0.02032575043747476,0.02032575043747476,0,0,0,245351,237922,2.9449999999999363,122676,122675
open_boundary,35,128,2,open,600102,event,7437,3687,3750,0.9078369140625,-0.008471157724889069,0.008471157724889069,0,0,0,255709,248272,2.927400000000034,127855,127854
open_boundary,35,128,2,open,600103,event,7427,3718,3709,0.9066162109375,0.001211794802746735,0.001211794802746735,0,0,0,266952,259525,3.20679999999993,133476,133476
open_boundary,35,128,2,open,600104,event,7451,3739,3712,0.9095458984375,0.00362367467454033,0.00362367467454033,0,0,0,244489,237038,3.0370000000000346,122245,122244
open_boundary,35,128,2,open,600105,event,7420,3674,3746,0.90576171875,-0.009703504043126684,0.009703504043126684,0,0,0,234641,227221,3.142799999999852,117321,117320
open_boundary,35,128,2,open,600106,event,7430,3689,3741,0.906982421875,-0.006998654104979811,0.006998654104979811,0,0,0,310529,303099,3.0574000000001433,155265,155264
open_boundary,35,128,2,open,600107,event,7412,3695,3717,0.90478515625,-0.0029681597409606042,0.0029681597409606042,0,0,0,211696,204284,8.723299999999881,105848,105848
open_boundary,35,128,2,open,600108,event,7447,3722,3725,0.9090576171875,-0.00040284678393984153,0.00040284678393984153,0,0,0,267134,259687,3.889900000000125,133567,133567
open_boundary,35,128,2,open,600109,event,7448,3621,3827,0.9091796875,-0.02765843179377014,0.02765843179377014,0,0,0,313304,305856,3.2181000000000495,156652,156652
open_boundary,35,128,2,open,600110,event,7432,3702,3730,0.9072265625,-0.003767491926803014,0.003767491926803014,0,0,0,296868,289436,3.107699999999795,148434,148434
open_boundary,35,128,2,open,600111,event,7451,3663,3788,0.9095458984375,-0.01677627164139042,0.01677627164139042,0,0,0,269611,262160,3.039099999999962,134806,134805
open_boundary,35,128,2,open,600112,event,7434,3710,3724,0.907470703125,-0.0018832391713747645,0.0018832391713747645,0,0,0,265150,257716,2.9164999999998145,132575,132575
open_boundary,35,128,2,open,600113,event,7432,3713,3719,0.9072265625,-0.0008073196986006459,0.0008073196986006459,0,0,0,252749,245317,3.0317000000000007,126375,126374
open_boundary,35,128,2,open,600114,event,7456,3756,3700,0.91015625,0.0075107296137339056,0.0075107296137339056,0,0,0,256966,249510,2.8724999999999454,128483,128483
open_boundary,35,128,2,open,600115,event,7447,3753,3694,0.9090576171875,0.007922653417483551,0.007922653417483551,0,0,0,315359,307912,2.7631000000001222,157680,157679
open_boundary,35,128,2,open,600116,event,7422,3754,3668,0.906005859375,0.011587173268660739,0.011587173268660739,0,0,0,199377,191955,2.860400000000027,99689,99688
open_boundary,35,128,2,open,600117,event,7459,3765,3694,0.9105224609375,0.00951870223890602,0.00951870223890602,0,0,0,236611,229152,2.797399999999925,118306,118305
open_boundary,35,128,2,open,600118,event,7428,3689,3739,0.90673828125,-0.006731287022078622,0.006731287022078622,0,0,0,208569,201141,2.9553000000000793,104285,104284
open_boundary,35,128,2,open,600119,event,7431,3721,3710,0.9071044921875,0.0014802852913470596,0.0014802852913470596,0,0,0,223992,216561,2.849100000000135,111996,111996
open_boundary,35,128,2,open,600120,event,7419,3759,3660,0.9056396484375,0.01334411645774363,0.01334411645774363,0,0,0,319613,312194,2.7795999999998457,159807,159806
open_boundary,35,128,2,open,600121,event,7450,3676,3774,0.909423828125,-0.013154362416107382,0.013154362416107382,0,0,0,254377,246927,2.727000000000089,127189,127188
open_boundary,35,128,2,open,600122,event,7414,3782,3632,0.905029296875,0.020231993525762073,0.020231993525762073,0,0,0,288778,281364,2.7473999999999705,144389,144389
open_boundary,35,128,2,open,600123,event,7395,3727,3668,0.9027099609375,0.007978363759296822,0.007978363759296822,0,0,0,375776,368381,2.6224999999999454,187888,187888
open_boundary,35,128,2,open,600124,event,7422,3696,3726,0.906005859375,-0.004042037186742118,0.004042037186742118,0,0,0,218044,210622,2.7473999999999705,109022,109022
open_boundary,35,128,2,open,600125,event,7420,3742,3678,0.90576171875,0.00862533692722372,0.00862533692722372,0,0,0,295814,288394,2.715599999999995,147907,147907
open_boundary,35,128,2,open,600126,event,7416,3683,3733,0.9052734375,-0.00674217907227616,0.00674217907227616,0,0,0,252221,244805,2.7523000000001048,126111,126110
open_boundary,35,128,2,open,600127,event,7430,3731,3699,0.906982421875,0.004306864064602961,0.004306864064602961,0,0,0,354272,346842,2.7462000000000444,177136,177136
open_boundary,35,128,2,open,600128,event,7427,3662,3765,0.9066162109375,-0.013868318298101522,0.013868318298101522,0,0,0,233753,226326,2.8091000000001713,116877,116876
open_boundary,38,128,2,open,600001,event,7428,3714,3714,0.90673828125,0,0,1,0,28,183026,175598,2.4189000000001215,129055,53971
open_boundary,38,128,2,open,600002,event,7431,3716,3715,0.9071044921875,0.00013457139012245997,0.00013457139012245997,1,21,0,176741,169310,2.4553000000000793,61404,115337
open_boundary,38,128,2,open,600003,event,7436,3718,3718,0.90771484375,0,0,1,0,8,178836,171400,2.381599999999935,101911,76925
open_boundary,38,128,2,open,600004,event,7412,3706,3706,0.90478515625,0,0,1,0,9,185212,177800,2.5068999999998596,112248,72964
open_boundary,38,128,2,open,600005,event,7417,3709,3708,0.9053955078125,0.00013482540110556829,0.00013482540110556829,0,0,0,207991,200574,2.3236000000001695,114522,93469
open_boundary,38,128,2,open,600006,event,7447,3724,3723,0.9090576171875,0.0001342822613132805,0.0001342822613132805,1,1,0,204661,197214,2.45679999999993,94230,110431
open_boundary,38,128,2,open,600007,event,7425,3713,3712,0.9063720703125,0.00013468013468013467,0.00013468013468013467,1,11,0,166699,159274,2.3134999999999764,63207,103492
open_boundary,38,128,2,open,600008,event,7345,3673,3672,0.8966064453125,0.00013614703880190606,0.00013614703880190606,1,47,0,155524,148179,2.4400000000000546,43444,112080
open_boundary,38,128,2,open,600009,event,7435,3718,3717,0.9075927734375,0.00013449899125756557,0.00013449899125756557,1,17,0,197846,190411,2.3215999999999894,66818,131028
open_boundary,38,128,2,open,600010,event,7407,3704,3703,0.9041748046875,0.00013500742540839745,0.00013500742540839745,1,24,0,193163,185756,2.4699000000000524,61939,131224
open_boundary,38,128,2,open,600011,event,7414,3707,3707,0.905029296875,0,0,1,0,8,190476,183062,2.361599999999953,114526,75950
open_boundary,38,128,2,open,600012,event,7429,3715,3714,0.9068603515625,0.00013460761879122358,0.00013460761879122358,1,4,0,203061,195632,2.447900000000118,95594,107467
open_boundary,38,128,2,open,600013,event,7440,3720,3720,0.908203125,0,0,0,0,0,219407,211967,2.3187000000000353,86565,132842
open_boundary,38,128,2,open,600014,event,7395,3698,3697,0.9027099609375,0.0001352265043948614,0.0001352265043948614,1,8,0,184550,177155,2.3736999999998716,82110,102440
open_boundary,38,128,2,open,600015,event,7430,3715,3715,0.906982421875,0,0,1,0,8,212902,205472,2.397999999999911,141779,71123
open_boundary,38,128,2,open,600016,event,7429,3715,3714,0.9068603515625,0.00013460761879122358,0.00013460761879122358,1,3,0,194974,187545,2.385099999999966,75135,119839
open_boundary,38,128,2,open,600017,event,7387,3694,3693,0.9017333984375,0.0001353729524840937,0.0001353729524840937,1,44,0,168807,161420,2.3933999999999287,49799,119008
open_boundary,38,128,2,open,600018,event,7414,3707,3707,0.905029296875,0,0,1,0,10,195606,188192,2.368400000000065,126721,68885
open_boundary,38,128,2,open,600019,event,7376,3688,3688,0.900390625,0,0,1,0,46,165772,158396,2.439200000000028,116897,48875
open_boundary,38,128,2,open,600020,event,7428,3714,3714,0.90673828125,0,0,1,0,18,158227,150799,2.327199999999948,100354,57873
open_boundary,38,128,2,open,600021,event,7419,3710,3709,0.9056396484375,0.00013478905512872354,0.00013478905512872354,1,4,0,215219,207800,2.361599999999953,82714,132505
open_boundary,38,128,2,open,600022,event,7430,3715,3715,0.906982421875,0,0,1,0,8,222827,215397,2.3134999999999764,149084,73743
open_boundary,38,128,2,open,600023,event,7411,3706,3705,0.9046630859375,0.00013493455673998112,0.00013493455673998112,1,13,0,174162,166751,2.419200000000046,63409,110753
open_boundary,38,128,2,open,600024,event,7408,3704,3704,0.904296875,0,0,0,0,0,216268,208860,2.3992000000000644,113316,102952
open_boundary,38,128,2,open,600025,event,7403,3702,3701,0.9036865234375,0.00013508037282182898,0.00013508037282182898,1,11,0,152243,144840,2.481999999999971,67611,84632
open_boundary,38,128,2,open,600026,event,7417,3709,3708,0.9053955078125,0.00013482540110556829,0.00013482540110556829,1,23,0,176179,168762,2.4125000000001364,54293,121886
open_boundary,38,128,2,open,600027,event,7422,3711,3711,0.906005859375,0,0,1,0,10,156177,148755,2.455500000000029,90719,65458
open_boundary,38,128,2,open,600028,event,7422,3711,3711,0.906005859375,0,0,1,0,15,183103,175681,2.471900000000005,121505,61598
open_boundary,38,128,2,open,600029,event,7419,3710,3709,0.9056396484375,0.00013478905512872354,0.00013478905512872354,1,12,0,191621,184202,2.5153000000000247,61029,130592
open_boundary,38,128,2,open,600030,event,7422,3711,3711,0.906005859375,0,0,1,0,2,229015,221593,2.404899999999998,122244,106771
open_boundary,38,128,2,open,600031,event,7395,3698,3697,0.9027099609375,0.0001352265043948614,0.0001352265043948614,1,20,0,207886,200491,2.431100000000015,57384,150502
open_boundary,38,128,2,open,600032,event,7440,3720,3720,0.908203125,0,0,1,0,1,205924,198484,2.4542999999998756,91119,114805
open_boundary,38,128,2,open,600033,event,7394,3697,3697,0.902587890625,0,0,1,0,13,214526,207132,2.357099999999946,149356,65170
open_boundary,38,128,2,open,600034,event,7365,3683,3682,0.8990478515625,0.00013577732518669383,0.00013577732518669383,1,42,0,166471,159106,2.405100000000175,48498,117973
open_boundary,38,128,2,open,600035,event,7401,3701,3700,0.9034423828125,0.00013511687609782462,0.00013511687609782462,1,17,0,156378,148977,2.4057999999999993,61759,94619
open_boundary,38,128,2,open,600036,event,7409,3705,3704,0.9044189453125,0.00013497098123903362,0.00013497098123903362,1,26,0,199432,192023,2.3936999999998534,58612,140820
open_boundary,38,128,2,open,600037,event,7407,3704,3703,0.9041748046875,0.00013500742540839745,0.00013500742540839745,1,44,0,145392,137985,2.3327999999999065,47064,98328
open_boundary,38,128,2,open,600038,event,7404,3702,3702,0.90380859375,0,0,1,0,19,164152,156748,2.4545000000000528,102747,61405
open_boundary,38,128,2,open,600039,event,7456,3728,3728,0.91015625,0,0,1,0,6,171437,163981,2.3788999999999305,91683,79754
open_boundary,38,128,2,open,600040,event,7418,3709,3709,0.905517578125,0,0,1,0,10,176487,169069,2.4381000000000768,111601,64886
open_boundary,38,128,2,open,600041,event,7431,3716,3715,0.9071044921875,0.00013457139012245997,0.00013457139012245997,1,9,0,165594,158163,2.344000000000051,60233,105361
open_boundary,38,128,2,open,600042,event,7403,3702,3701,0.9036865234375,0.00013508037282182898,0.00013508037282182898,1,10,0,178460,171057,2.4044000000001233,68535,109925
open_boundary,38,128,2,open,600043,event,7456,3728,3728,0.91015625,0,0,1,0,7,182752,175296,2.370200000000068,107354,75398
open_boundary,38,128,2,open,600044,event,7447,3724,3723,0.9090576171875,0.0001342822613132805,0.0001342822613132805,1,2,0,171669,164222,2.508600000000115,84104,87565
open_boundary,38,128,2,open,600045,event,7394,3697,3697,0.902587890625,0,0,1,0,33,160651,153257,2.3700000000001182,108827,51824
open_boundary,38,128,2,open,600046,event,7426,3713,3713,0.906494140625,0,0,1,0,20,174319,166893,2.474899999999934,110302,64017
open_boundary,38,128,2,open,600047,event,7425,3713,3712,0.9063720703125,0.00013468013468013467,0.00013468013468013467,1,10,0,173372,165947,2.3339999999998327,73847,99525
open_boundary,38,128,2,open,600048,event,7414,3707,3707,0.905029296875,0,0,1,0,3,198434,191020,2.417599999999993,111521,86913
open_boundary,38,128,2,open,600049,event,7358,3679,3679,0.898193359375,0,0,1,0,68,136227,128869,2.3230999999998403,96414,39813
open_boundary,38,128,2,open,600050,event,7403,3702,3701,0.9036865234375,0.00013508037282182898,0.00013508037282182898,1,22,0,150997,143594,2.3260999999999967,54946,96051
open_boundary,38,128,2,open,600051,event,7407,3704,3703,0.9041748046875,0.00013500742540839745,0.00013500742540839745,1,23,0,171221,163814,2.4567000000001826,51599,119622
open_boundary,38,128,2,open,600052,event,7427,3714,3713,0.9066162109375,0.00013464386697185942,0.00013464386697185942,1,10,0,190069,182642,2.483400000000074,70930,119139
open_boundary,38,128,2,open,600053,event,7399,3700,3699,0.9031982421875,0.00013515339910798757,0.00013515339910798757,1,16,0,143958,136559,2.494000000000142,60512,83446
open_boundary,38,128,2,open,600054,event,7391,3696,3695,0.9022216796875,0.00013529968881071573,0.00013529968881071573,1,28,0,172479,165088,2.434900000000198,54579,117900
open_boundary,38,128,2,open,600055,event,7409,3705,3704,0.9044189453125,0.00013497098123903362,0.00013497098123903362,1,8,0,166453,159044,2.4793999999999414,74706,91747
open_boundary,38,128,2,open,600056,event,7423,3712,3711,0.9061279296875,0.0001347164219318335,0.0001347164219318335,1,16,0,186063,178640,2.6245000000001255,59019,127044
open_boundary,38,128,2,open,600057,event,7424,3712,3712,0.90625,0,0,1,0,8,178089,170665,2.695699999999988,105842,72247
open_boundary,38,128,2,open,600058,event,7427,3714,3713,0.9066162109375,0.00013464386697185942,0.00013464386697185942,1,16,0,164098,156671,2.680599999999913,59698,104400
open_boundary,38,128,2,open,600059,event,7410,3705,3705,0.904541015625,0,0,1,0,35,159263,151853,2.5882000000001426,108249,51014
open_boundary,38,128,2,open,600060,event,7384,3692,3692,0.9013671875,0,0,1,0,35,158745,151361,2.7086000000001604,108921,49824
open_boundary,38,128,2,open,600061,event,7427,3714,3713,0.9066162109375,0.00013464386697185942,0.00013464386697185942,1,16,0,182572,175145,3.02819999999997,64465,118107
open_boundary,38,128,2,open,600062,event,7393,3697,3696,0.9024658203125,0.00013526308670363857,0.00013526308670363857,1,39,0,138272,130879,2.6810999999997875,45782,92490
open_boundary,38,128,2,open,600063,event,7431,3716,3715,0.9071044921875,0.00013457139012245997,0.00013457139012245997,1,23,0,179479,172048,2.577600000000075,63862,115617
open_boundary,38,128,2,open,600064,event,7416,3708,3708,0.9052734375,0,0,0,0,0,230800,223384,2.388300000000072,134684,96116
open_boundary,38,128,2,open,600065,event,7407,3704,3703,0.9041748046875,0.00013500742540839745,0.00013500742540839745,1,13,0,195507,188100,2.4625999999998385,71030,124477
open_boundary,38,128,2,open,600066,event,7426,3713,3713,0.906494140625,0,0,1,0,6,194364,186938,2.3576000000000477,115850,78514
open_boundary,38,128,2,open,600067,event,7368,3684,3684,0.8994140625,0,0,1,0,37,167886,160518,2.338999999999942,119536,48350
open_boundary,38,128,2,open,600068,event,7397,3699,3698,0.9029541015625,0.000135189941868325,0.000135189941868325,1,6,0,201539,194142,2.4476999999999407,77126,124413
open_boundary,38,128,2,open,600069,event,7374,3687,3687,0.900146484375,0,0,1,0,35,129294,121920,2.3245999999999185,81098,48196
open_boundary,38,128,2,open,600070,event,7418,3709,3709,0.905517578125,0,0,1,0,5,176472,169054,2.4628000000000156,104520,71952
open_boundary,38,128,2,open,600071,event,7439,3720,3719,0.9080810546875,0.00013442667025137788,0.00013442667025137788,1,23,0,165257,157818,2.4313999999999396,55000,110257
open_boundary,38,128,2,open,600072,event,7433,3717,3716,0.9073486328125,0.0001345351809498184,0.0001345351809498184,1,14,0,153102,145669,2.449700000000121,64807,88295
open_boundary,38,128,2,open,600073,event,7453,3727,3726,0.9097900390625,0.0001341741580571582,0.0001341741580571582,1,2,0,250464,243011,2.371399999999994,94954,155510
open_boundary,38,128,2,open,600074,event,7394,3697,3697,0.902587890625,0,0,1,0,11,164648,157254,2.4635000000000673,99043,65605
open_boundary,38,128,2,open,600075,event,7419,3710,3709,0.9056396484375,0.00013478905512872354,0.00013478905512872354,1,14,0,178725,171306,2.339599999999791,62104,116621
open_boundary,38,128,2,open,600076,event,7392,3696,3696,0.90234375,0,0,1,0,20,152616,145224,2.4885000000001583,90124,62492
open_boundary,38,128,2,open,600077,event,7418,3709,3709,0.905517578125,0,0,1,0,2,187646,180228,2.5027000000000044,102866,84780
open_boundary,38,128,2,open,600078,event,7397,3699,3698,0.9029541015625,0.000135189941868325,0.000135189941868325,1,20,0,198833,191436,2.3927000000001044,62627,136206
open_boundary,38,128,2,open,600079,event,7444,3722,3722,0.90869140625,0,0,1,0,11,153434,145990,2.415899999999965,90445,62989
open_boundary,38,128,2,open,600080,event,7393,3697,3696,0.9024658203125,0.00013526308670363857,0.00013526308670363857,1,30,0,149789,142396,2.4230999999999767,49141,100648
open_boundary,38,128,2,open,600081,event,7434,3717,3717,0.907470703125,0,0,0,0,0,235539,228105,2.3322000000002845,140724,94815
open_boundary,38,128,2,open,600082,event,7387,3694,3693,0.9017333984375,0.0001353729524840937,0.0001353729524840937,1,37,0,131612,124225,2.4574000000002343,50931,80681
open_boundary,38,128,2,open,600083,event,7403,3702,3701,0.9036865234375,0.00013508037282182898,0.00013508037282182898,1,18,0,173723,166320,2.604899999999816,64648,109075
open_boundary,38,128,2,open,600084,event,7440,3720,3720,0.908203125,0,0,1,0,13,258519,251079,2.439600000000155,190969,67550
open_boundary,38,128,2,open,600085,event,7433,3717,3716,0.9073486328125,0.0001345351809498184,0.0001345351809498184,1,9,0,158197,150764,2.4627000000000407,62149,96048
open_boundary,38,128,2,open,600086,event,7435,3718,3717,0.9075927734375,0.00013449899125756557,0.00013449899125756557,1,12,0,165098,157663,2.49330000000009,63344,101754
open_boundary,38,128,2,open,600087,event,7401,3701,3700,0.9034423828125,0.00013511687609782462,0.00013511687609782462,1,13,0,175462,168061,2.362799999999879,68119,107343
open_boundary,38,128,2,open,600088,event,7421,3711,3710,0.9058837890625,0.00013475272874275703,0.00013475272874275703,0,0,0,239470,232049,2.495400000000245,131759,107711
open_boundary,38,128,2,open,600089,event,7387,3694,3693,0.9017333984375,0.0001353729524840937,0.0001353729524840937,1,13,0,172072,164685,2.348500000000058,71845,100227
open_boundary,38,128,2,open,600090,event,7426,3713,3713,0.906494140625,0,0,1,0,1,272219,264793,2.356499999999869,162789,109430
open_boundary,38,128,2,open,600091,event,7433,3717,3716,0.9073486328125,0.0001345351809498184,0.0001345351809498184,1,3,0,207446,200013,2.4942000000000917,93683,113763
open_boundary,38,128,2,open,600092,event,7400,3700,3700,0.9033203125,0,0,1,0,36,132877,125477,2.3443999999999505,83591,49286
open_boundary,38,128,2,open,600093,event,7405,3703,3702,0.9039306640625,0.0001350438892640108,0.0001350438892640108,1,20,0,147203,139798,2.4218000000000757,53600,93603
open_boundary,38,128,2,open,600094,event,7421,3711,3710,0.9058837890625,0.00013475272874275703,0.00013475272874275703,1,3,0,210334,202913,2.4171000000001186,89615,120719
open_boundary,38,128,2,open,600095,event,7443,3722,3721,0.9085693359375,0.00013435442697836894,0.00013435442697836894,1,10,0,169172,161729,2.442399999999907,64611,104561
open_boundary,38,128,2,open,600096,event,7452,3726,3726,0.90966796875,0,0,1,0,6,231533,224081,2.4122999999999593,128346,103187
open_boundary,38,128,2,open,600097,event,7419,3710,3709,0.9056396484375,0.00013478905512872354,0.00013478905512872354,1,9,0,211363,203944,2.9121000000000095,79852,131511
open_boundary,38,128,2,open,600098,event,7400,3700,3700,0.9033203125,0,0,1,0,13,200200,192800,2.5347999999999047,140227,59973
open_boundary,38,128,2,open,600099,event,7394,3697,3697,0.902587890625,0,0,1,0,21,173293,165899,2.606999999999971,118235,55058
open_boundary,38,128,2,open,600100,event,7414,3707,3707,0.905029296875,0,0,1,0,12,184194,176780,2.6111000000000786,107638,76556
open_boundary,38,128,2,open,600101,event,7438,3719,3719,0.907958984375,0,0,1,0,4,192588,185150,2.536200000000008,117118,75470
open_boundary,38,128,2,open,600102,event,7438,3719,3719,0.907958984375,0,0,1,0,10,188935,181497,2.4455000000002656,120588,68347
open_boundary,38,128,2,open,600103,event,7410,3705,3705,0.904541015625,0,0,1,0,18,140326,132916,2.4232999999999265,80645,59681
open_boundary,38,128,2,open,600104,event,7437,3719,3718,0.9078369140625,0.0001344628210299852,0.0001344628210299852,1,9,0,176074,168637,2.3518000000003667,71200,104874
open_boundary,38,128,2,open,600105,event,7413,3707,3706,0.9049072265625,0.00013489815189531904,0.00013489815189531904,1,13,0,161653,154240,2.401299999999992,60901,100752
open_boundary,38,128,2,open,600106,event,7377,3689,3688,0.9005126953125,0.00013555645926528398,0.00013555645926528398,1,44,0,228377,221000,2.256000000000313,54512,173865
open_boundary,38,128,2,open,600107,event,7427,3714,3713,0.9066162109375,0.00013464386697185942,0.00013464386697185942,1,1,0,210607,203180,3.322900000000118,107773,102834
open_boundary,38,128,2,open,600108,event,7407,3704,3703,0.9041748046875,0.00013500742540839745,0.00013500742540839745,1,17,0,204064,196657,2.442700000000059,64390,139674
open_boundary,38,128,2,open,600109,event,7413,3707,3706,0.9049072265625,0.00013489815189531904,0.00013489815189531904,1,25,0,163258,155845,2.552299999999832,56614,106644
open_boundary,38,128,2,open,600110,event,7404,3702,3702,0.90380859375,0,0,1,0,27,147793,140389,2.6012000000000626,96707,51086
open_boundary,38,128,2,open,600111,event,7423,3712,3711,0.9061279296875,0.0001347164219318335,0.0001347164219318335,1,8,0,237550,230127,2.73070000000007,74769,162781
open_boundary,38,128,2,open,600112,event,7408,3704,3704,0.904296875,0,0,1,0,20,169779,162371,2.7921000000001186,110901,58878
open_boundary,38,128,2,open,600113,event,7419,3710,3709,0.9056396484375,0.00013478905512872354,0.00013478905512872354,1,6,0,211184,203765,2.588999999999942,74692,136492
open_boundary,38,128,2,open,600114,event,7399,3700,3699,0.9031982421875,0.00013515339910798757,0.00013515339910798757,1,41,0,146699,139300,2.529700000000048,49933,96766
open_boundary,38,128,2,open,600115,event,7419,3710,3709,0.9056396484375,0.00013478905512872354,0.00013478905512872354,1,7,0,181059,173640,2.4564000000000306,69555,111504
open_boundary,38,128,2,open,600116,event,7413,3707,3706,0.9049072265625,0.00013489815189531904,0.00013489815189531904,1,24,0,138679,131266,2.401600000000144,53580,85099
open_boundary,38,128,2,open,600117,event,7380,3690,3690,0.90087890625,0,0,1,0,25,156260,148880,2.3620999999998276,98987,57273
open_boundary,38,128,2,open,600118,event,7413,3707,3706,0.9049072265625,0.00013489815189531904,0.00013489815189531904,1,6,0,180079,172666,2.3544999999999163,70718,109361
open_boundary,38,128,2,open,600119,event,7415,3708,3707,0.9051513671875,0.00013486176668914363,0.00013486176668914363,1,11,0,176897,169482,2.4774999999999636,69294,107603
open_boundary,38,128,2,open,600120,event,7384,3692,3692,0.9013671875,0,0,1,0,28,144936,137552,2.6671000000001186,95120,49816
open_boundary,38,128,2,open,600121,event,7428,3714,3714,0.90673828125,0,0,1,0,12,228925,221497,2.4884000000001834,162778,66147
open_boundary,38,128,2,open,600122,event,7411,3706,3705,0.9046630859375,0.00013493455673998112,0.00013493455673998112,1,41,0,204655,197244,2.477100000000064,50492,154163
open_boundary,38,128,2,open,600123,event,7418,3709,3709,0.905517578125,0,0,1,0,13,177324,169906,2.4322000000001935,113217,64107
open_boundary,38,128,2,open,600124,event,7418,3709,3709,0.905517578125,0,0,1,0,7,226374,218956,2.556799999999839,151622,74752
open_boundary,38,128,2,open,600125,event,7380,3690,3690,0.90087890625,0,0,1,0,21,171833,164453,2.5205000000000837,112970,58863
open_boundary,38,128,2,open,600126,event,7435,3718,3717,0.9075927734375,0.00013449899125756557,0.00013449899125756557,1,24,0,171819,164384,2.4034999999998945,60471,111348
open_boundary,38,128,2,open,600127,event,7390,3695,3695,0.902099609375,0,0,1,0,14,182246,174856,2.334799999999632,117096,65150
open_boundary,38,128,2,open,600128,event,7454,3727,3727,0.909912109375,0,0,1,0,5,183414,175960,2.2641999999996187,106513,76901
open_boundary,41,128,2,open,600001,event,7426,3838,3588,0.906494140625,0.033665499596014004,0.033665499596014004,0,0,0,309014,301588,2.605000000000018,154632,154382
open_boundary,41,128,2,open,600002,event,7426,3675,3751,0.906494140625,-0.010234311877188257,0.010234311877188257,0,0,0,219665,212239,2.592899999999645,109795,109870
open_boundary,41,128,2,open,600003,event,7416,3923,3493,0.9052734375,0.057982740021574976,0.057982740021574976,0,0,0,222841,215425,2.864599999999882,111636,111205
open_boundary,41,128,2,open,600004,event,7402,3754,3648,0.903564453125,0.0143204539313699,0.0143204539313699,0,0,0,342023,334621,2.8608000000003813,171065,170958
open_boundary,41,128,2,open,600005,event,7439,3956,3483,0.9080810546875,0.06358381502890173,0.06358381502890173,0,0,0,270335,262896,2.756000000000313,135404,134931
open_boundary,41,128,2,open,600006,event,7418,3643,3775,0.905517578125,-0.01779455378808304,0.01779455378808304,0,0,0,198570,191152,2.6060999999999694,99219,99351
open_boundary,41,128,2,open,600007,event,7424,4110,3314,0.90625,0.10721982758620689,0.10721982758620689,0,0,0,216915,209491,2.822900000000118,108856,108059
open_boundary,41,128,2,open,600008,event,7452,3885,3567,0.90966796875,0.0426731078904992,0.0426731078904992,0,0,0,246093,238641,2.577600000000075,123206,122887
open_boundary,41,128,2,open,600009,event,7419,4017,3402,0.9056396484375,0.08289526890416499,0.08289526890416499,0,0,0,342536,335117,3.1502000000000407,171576,170960
open_boundary,41,128,2,open,600010,event,7387,3864,3523,0.9017333984375,0.046162176797075946,0.046162176797075946,0,0,0,258838,251451,2.7085000000001855,129590,129248
open_boundary,41,128,2,open,600011,event,7424,3746,3678,0.90625,0.009159482758620689,0.009159482758620689,0,0,0,217391,209967,3.0211999999996806,108730,108661
open_boundary,41,128,2,open,600012,event,7438,3918,3520,0.907958984375,0.053509007797795105,0.053509007797795105,0,0,0,270713,263275,2.656600000000253,135556,135157
open_boundary,41,128,2,open,600013,event,7436,3869,3567,0.90771484375,0.04061323292092523,0.04061323292092523,0,0,0,320479,313043,2.695299999999861,160391,160088
open_boundary,41,128,2,open,600014,event,7438,3684,3754,0.907958984375,-0.009411132024737832,0.009411132024737832,0,0,0,287167,279729,3.0432999999998174,143549,143618
open_boundary,41,128,2,open,600015,event,7407,3811,3596,0.9041748046875,0.029026596462805455,0.029026596462805455,0,0,0,248358,240951,2.7116000000000895,124287,124071
open_boundary,41,128,2,open,600016,event,7419,3749,3670,0.9056396484375,0.01064833535516916,0.01064833535516916,0,0,0,241910,234491,2.692700000000059,120995,120915
open_boundary,41,128,2,open,600017,event,7433,3783,3650,0.9073486328125,0.017893179066325843,0.017893179066325843,0,0,0,206863,199430,2.6975000000002183,103498,103365
open_boundary,41,128,2,open,600018,event,7439,3674,3765,0.9080810546875,-0.012232826992875387,0.012232826992875387,0,0,0,251715,244276,2.68080000000009,125812,125903
open_boundary,41,128,2,open,600019,event,7441,3754,3687,0.9083251953125,0.009004166106706088,0.009004166106706088,0,0,0,240881,233440,2.832499999999982,120474,120407
open_boundary,41,128,2,open,600020,event,7433,3854,3579,0.9073486328125,0.036997174761200055,0.036997174761200055,0,0,0,276517,269084,2.6932999999999083,138396,138121
open_boundary,41,128,2,open,600021,event,7433,3758,3675,0.9073486328125,0.011166420018834925,0.011166420018834925,0,0,0,299687,292254,2.720600000000104,149885,149802
open_boundary,41,128,2,open,600022,event,7439,3893,3546,0.9080810546875,0.04664605457722812,0.04664605457722812,0,0,0,317229,309790,2.6107999999999265,158788,158441
open_boundary,41,128,2,open,600023,event,7438,3779,3659,0.907958984375,0.016133369185264857,0.016133369185264857,0,0,0,190743,183305,2.6864000000000487,95432,95311
open_boundary,41,128,2,open,600024,event,7432,3881,3551,0.9072265625,0.04440258342303552,0.04440258342303552,0,0,0,311725,304293,2.704099999999926,156028,155697
open_boundary,41,128,2,open,600025,event,7425,3745,3680,0.9063720703125,0.008754208754208754,0.008754208754208754,0,0,0,238602,231177,2.7939000000001215,119334,119268
open_boundary,41,128,2,open,600026,event,7440,3911,3529,0.908203125,0.05134408602150538,0.05134408602150538,0,0,0,204582,197142,3.084600000000137,102482,102100
open_boundary,41,128,2,open,600027,event,7419,3671,3748,0.9056396484375,-0.010378757244911713,0.010378757244911713,0,0,0,196116,188697,2.703599999999824,98020,98096
open_boundary,41,128,2,open,600028,event,7434,3913,3521,0.907470703125,0.05273069679849341,0.05273069679849341,0,0,0,281899,274465,2.8442000000000007,141146,140753
open_boundary,41,128,2,open,600029,event,7434,3904,3530,0.907470703125,0.05030938929244014,0.05030938929244014,0,0,0,242585,235151,2.654700000000048,121480,121105
open_boundary,41,128,2,open,600030,event,7453,3886,3567,0.9097900390625,0.042801556420233464,0.042801556420233464,0,0,0,259780,252327,2.6995999999999185,130050,129730
open_boundary,41,128,2,open,600031,event,7415,3628,3787,0.9051513671875,-0.021443020903573837,0.021443020903573837,0,0,0,296508,289093,2.9987999999998465,148175,148333
open_boundary,41,128,2,open,600032,event,7424,3809,3615,0.90625,0.026131465517241378,0.026131465517241378,0,0,0,230353,222929,2.9349999999999454,115274,115079
open_boundary,41,128,2,open,600033,event,7430,3814,3616,0.906982421875,0.02664872139973082,0.02664872139973082,0,0,0,239635,232205,3.108400000000074,119917,119718
open_boundary,41,128,2,open,600034,event,7419,3831,3588,0.9056396484375,0.032753740396279825,0.032753740396279825,0,0,0,238491,231072,2.9463999999998123,119367,119124
open_boundary,41,128,2,open,600035,event,7405,3882,3523,0.9039306640625,0.048480756245779875,0.048480756245779875,0,0,0,226640,219235,3.097900000000209,113500,113140
open_boundary,41,128,2,open,600036,event,7410,3717,3693,0.904541015625,0.0032388663967611335,0.0032388663967611335,0,0,0,254321,246911,3.0304000000000997,127173,127148
open_boundary,41,128,2,open,600037,event,7424,3743,3681,0.90625,0.008351293103448275,0.008351293103448275,0,0,0,271251,263827,3.0515000000000327,135657,135594
open_boundary,41,128,2,open,600038,event,7423,3935,3488,0.9061279296875,0.06021824060352957,0.06021824060352957,0,0,0,401731,394308,2.951599999999871,201089,200642
open_boundary,41,128,2,open,600039,event,7435,3687,3748,0.9075927734375,-0.008204438466711499,0.008204438466711499,0,0,0,207866,200431,2.9407999999998538,103903,103963
open_boundary,41,128,2,open,600040,event,7407,3947,3460,0.9041748046875,0.06574861617388957,0.06574861617388957,0,0,0,202198,194791,2.8135999999999513,101343,100855
open_boundary,41,128,2,open,600041,event,7417,3675,3742,0.9053955078125,-0.009033301874073075,0.009033301874073075,0,0,0,238142,230725,2.7544000000002598,119038,119104
open_boundary,41,128,2,open,600042,event,7421,3960,3461,0.9058837890625,0.06724161164263576,0.06724161164263576,0,0,0,299943,292522,2.6959999999999127,150221,149722
open_boundary,41,128,2,open,600043,event,7414,4030,3384,0.905029296875,0.08713245211761532,0.08713245211761532,0,0,0,266038,258624,2.8596000000002277,133342,132696
open_boundary,41,128,2,open,600044,event,7431,3645,3786,0.9071044921875,-0.018974566007266856,0.018974566007266856,0,0,0,214806,207375,2.6188999999999396,107333,107473
open_boundary,41,128,2,open,600045,event,7424,3825,3599,0.90625,0.030441810344827586,0.030441810344827586,0,0,0,253586,246162,2.7430999999996857,126906,126680
open_boundary,41,128,2,open,600046,event,7403,3961,3442,0.9036865234375,0.07010671349452924,0.07010671349452924,0,0,0,211581,204178,2.6109999999998763,106050,105531
open_boundary,41,128,2,open,600047,event,7438,3710,3728,0.907958984375,-0.0024200053777897286,0.0024200053777897286,0,0,0,265574,258136,3.1201999999998407,132778,132796
open_boundary,41,128,2,open,600048,event,7417,3839,3578,0.9053955078125,0.03518942968855333,0.03518942968855333,0,0,0,235396,227979,2.9284999999999854,117829,117567
open_boundary,41,128,2,open,600049,event,7397,3885,3512,0.9029541015625,0.05042584831688522,0.05042584831688522,0,0,0,263084,255687,2.9342999999998938,131729,131355
open_boundary,41,128,2,open,600050,event,7419,3690,3729,0.9056396484375,-0.005256773150020219,0.005256773150020219,0,0,0,203454,196035,2.9903999999996813,101708,101746
open_boundary,41,128,2,open,600051,event,7416,3917,3499,0.9052734375,0.056364617044228696,0.056364617044228696,0,0,0,218752,211336,2.909599999999955,109585,109167
open_boundary,41,128,2,open,600052,event,7393,3737,3656,0.9024658203125,0.010956310022994725,0.010956310022994725,0,0,0,225543,218150,3.063300000000254,112812,112731
open_boundary,41,128,2,open,600053,event,7462,3869,3593,0.910888671875,0.036987402841061376,0.036987402841061376,0,0,0,197902,190440,2.897899999999936,99089,98813
open_boundary,41,128,2,open,600054,event,7400,3827,3573,0.9033203125,0.03432432432432433,0.03432432432432433,0,0,0,225629,218229,2.923500000000331,112942,112687
open_boundary,41,128,2,open,600055,event,7428,3984,3444,0.90673828125,0.07269789983844911,0.07269789983844911,0,0,0,226338,218910,2.9035000000003492,113439,112899
open_boundary,41,128,2,open,600056,event,7429,3502,3927,0.9068603515625,-0.057208237986270026,0.057208237986270026,0,0,0,225128,217699,2.821899999999914,112352,112776
open_boundary,41,128,2,open,600057,event,7420,3848,3572,0.90576171875,0.03719676549865229,0.03719676549865229,0,0,0,278087,270667,2.751900000000205,139182,138905
open_boundary,41,128,2,open,600058,event,7418,3673,3745,0.905517578125,-0.009706120248045295,0.009706120248045295,0,0,0,287041,279623,2.6603000000000065,143485,143556
open_boundary,41,128,2,open,600059,event,7416,3750,3666,0.9052734375,0.011326860841423949,0.011326860841423949,0,0,0,352323,344907,2.8447000000001026,176204,176119
open_boundary,41,128,2,open,600060,event,7431,3757,3674,0.9071044921875,0.011169425380164176,0.011169425380164176,0,0,0,293616,286185,2.8940999999999804,146850,146766
open_boundary,41,128,2,open,600061,event,7415,3673,3742,0.9051513671875,-0.00930546190155091,0.00930546190155091,0,0,0,270969,263554,2.8292999999998756,135450,135519
open_boundary,41,128,2,open,600062,event,7399,3742,3657,0.9031982421875,0.011488038924178942,0.011488038924178942,0,0,0,233795,226396,2.722899999999754,116940,116855
open_boundary,41,128,2,open,600063,event,7447,3566,3881,0.9090576171875,-0.042298912313683365,0.042298912313683365,0,0,0,285513,278066,2.941100000000006,142599,142914
open_boundary,41,128,2,open,600064,event,7421,3628,3793,0.9058837890625,-0.022234200242554913,0.022234200242554913,0,0,0,291494,284073,2.901800000000094,145665,145829
open_boundary,41,128,2,open,600065,event,7413,3727,3686,0.9049072265625,0.00553082422770808,0.00553082422770808,0,0,0,289023,281610,2.7424999999998363,144532,144491
open_boundary,41,128,2,open,600066,event,7426,3658,3768,0.906494140625,-0.014812819822246161,0.014812819822246161,0,0,0,217394,209968,2.8541000000000167,108642,108752
open_boundary,41,128,2,open,600067,event,7411,3724,3687,0.9046630859375,0.004992578599379301,0.004992578599379301,0,0,0,214841,207430,3.071100000000115,107439,107402
open_boundary,41,128,2,open,600068,event,7410,3652,3758,0.904541015625,-0.014304993252361673,0.014304993252361673,0,0,0,218758,211348,2.8784999999998035,109326,109432
open_boundary,41,128,2,open,600069,event,7442,3670,3772,0.908447265625,-0.013705993012631014,0.013705993012631014,0,0,0,234088,226646,2.926400000000285,116993,117095
open_boundary,41,128,2,open,600070,event,7428,3880,3548,0.90673828125,0.044695745826602046,0.044695745826602046,0,0,0,257390,249962,2.5978000000000065,128861,128529
open_boundary,41,128,2,open,600071,event,7444,3802,3642,0.90869140625,0.021493820526598602,0.021493820526598602,0,0,0,222493,215049,2.7331999999996697,111327,111166
open_boundary,41,128,2,open,600072,event,7433,3809,3624,0.9073486328125,0.0248890084757164,0.0248890084757164,0,0,0,187870,180437,2.639099999999871,94028,93842
open_boundary,41,128,2,open,600073,event,7433,3939,3494,0.9073486328125,0.05986815552266918,0.05986815552266918,0,0,0,257112,249679,2.7159999999998945,128779,128333
open_boundary,41,128,2,open,600074,event,7433,3844,3589,0.9073486328125,0.034306471142203684,0.034306471142203684,0,0,0,260793,253360,2.752599999999802,130524,130269
open_boundary,41,128,2,open,600075,event,7457,3911,3546,0.9102783203125,0.048947297840954807,0.048947297840954807,0,0,0,207402,199945,2.6731999999997242,103884,103518
open_boundary,41,128,2,open,600076,event,7429,3708,3721,0.9068603515625,-0.0017498990442859066,0.0017498990442859066,0,0,0,249142,241713,2.6008999999999105,124565,124577
open_boundary,41,128,2,open,600077,event,7445,3610,3835,0.9088134765625,-0.03022162525184688,0.03022162525184688,0,0,0,287409,279964,2.8095000000002983,143592,143817
open_boundary,41,128,2,open,600078,event,7414,3637,3777,0.905029296875,-0.018883193957377933,0.018883193957377933,0,0,0,199999,192585,2.6593000000002576,99930,100069
open_boundary,41,128,2,open,600079,event,7385,3870,3515,0.9014892578125,0.04807041299932295,0.04807041299932295,0,0,0,281213,273828,2.6763999999998305,140784,140429
open_boundary,41,128,2,open,600080,event,7425,3936,3489,0.9063720703125,0.0602020202020202,0.0602020202020202,0,0,0,207615,200190,2.598700000000008,104031,103584
open_boundary,41,128,2,open,600081,event,7427,3845,3582,0.9066162109375,0.03541133701359903,0.03541133701359903,0,0,0,337027,329600,2.7109999999997854,168645,168382
open_boundary,41,128,2,open,600082,event,7431,3798,3633,0.9071044921875,0.022204279370205894,0.022204279370205894,0,0,0,226292,218861,2.6619000000000597,113229,113063
open_boundary,41,128,2,open,600083,event,7435,3912,3523,0.9075927734375,0.052320107599193005,0.052320107599193005,0,0,0,253825,246390,2.678899999999885,127107,126718
open_boundary,41,128,2,open,600084,event,7431,3703,3728,0.9071044921875,-0.003364284753061499,0.003364284753061499,0,0,0,255412,247981,2.6986000000001695,127694,127718
open_boundary,41,128,2,open,600085,event,7451,3796,3655,0.9095458984375,0.01892363441148839,0.01892363441148839,0,0,0,187583,180132,2.602600000000166,93862,93721
open_boundary,41,128,2,open,600086,event,7442,3842,3600,0.908447265625,0.03251814028486966,0.03251814028486966,0,0,0,224028,216586,2.7317000000002736,112135,111893
open_boundary,41,128,2,open,600087,event,7405,4054,3351,0.9039306640625,0.0949358541525996,0.0949358541525996,0,0,0,513138,505733,2.824200000000019,256921,256217
open_boundary,41,128,2,open,600088,event,7443,3938,3505,0.9085693359375,0.05817546688163375,0.05817546688163375,0,0,0,201055,193612,2.9661000000000968,100744,100311
open_boundary,41,128,2,open,600089,event,7431,3592,3839,0.9071044921875,-0.033239133360247614,0.033239133360247614,0,0,0,260945,253514,2.911000000000058,130349,130596
open_boundary,41,128,2,open,600090,event,7438,4000,3438,0.907958984375,0.07555794568432374,0.07555794568432374,0,0,0,303146,295708,3.0136999999999716,151854,151292
open_boundary,41,128,2,open,600091,event,7428,3644,3784,0.90673828125,-0.01884760366182014,0.01884760366182014,0,0,0,259895,252467,3.707800000000134,129878,130017
open_boundary,41,128,2,open,600092,event,7417,3692,3725,0.9053955078125,-0.004449238236483754,0.004449238236483754,0,0,0,226481,219064,3.0043000000000575,113224,113257
open_boundary,41,128,2,open,600093,event,7431,3723,3708,0.9071044921875,0.0020185708518368995,0.0020185708518368995,0,0,0,219549,212118,2.855999999999767,109782,109767
open_boundary,41,128,2,open,600094,event,7426,3713,3713,0.906494140625,0,0,0,0,0,220239,212813,2.9095000000002074,110120,110119
open_boundary,41,128,2,open,600095,event,7423,3728,3695,0.9061279296875,0.004445641923750505,0.004445641923750505,0,0,0,264925,257502,2.7474999999999454,132479,132446
open_boundary,41,128,2,open,600096,event,7398,3739,3659,0.903076171875,0.010813733441470668,0.010813733441470668,0,0,0,266557,259159,3.034599999999955,133319,133238
open_boundary,41,128,2,open,600097,event,7393,3778,3615,0.9024658203125,0.022047883132693086,0.022047883132693086,0,0,0,316307,308914,2.701100000000224,158235,158072
open_boundary,41,128,2,open,600098,event,7428,3779,3649,0.90673828125,0.017501346257404415,0.017501346257404415,0,0,0,199834,192406,2.8918000000003303,99982,99852
open_boundary,41,128,2,open,600099,event,7407,3750,3657,0.9041748046875,0.012555690562980963,0.012555690562980963,0,0,0,314754,307347,2.620300000000043,157424,157330
open_boundary,41,128,2,open,600100,event,7423,3789,3634,0.9061279296875,0.02088104539943419,0.02088104539943419,0,0,0,339070,331647,2.600300000000061,169613,169457
open_boundary,41,128,2,open,600101,event,7420,3860,3560,0.90576171875,0.04043126684636118,0.04043126684636118,0,0,0,225717,218297,2.856199999999717,113009,112708
open_boundary,41,128,2,open,600102,event,7435,3640,3795,0.9075927734375,-0.020847343644922665,0.020847343644922665,0,0,0,270053,262618,2.8283000000001266,134949,135104
open_boundary,41,128,2,open,600103,event,7423,3997,3426,0.9061279296875,0.07692307692307693,0.07692307692307693,0,0,0,231204,223781,2.8868999999999687,115888,115316
open_boundary,41,128,2,open,600104,event,7441,3866,3575,0.9083251953125,0.039107646821663754,0.039107646821663754,0,0,0,230649,223208,2.805000000000291,115470,115179
open_boundary,41,128,2,open,600105,event,7416,3766,3650,0.9052734375,0.01564185544768069,0.01564185544768069,0,0,0,269160,261744,2.7786000000000968,134638,134522
open_boundary,41,128,2,open,600106,event,7423,3820,3603,0.9061279296875,0.02923346355920787,0.02923346355920787,0,0,0,247957,240534,2.8036000000001877,124087,123870
open_boundary,41,128,2,open,600107,event,7396,3778,3618,0.90283203125,0.02163331530557058,0.02163331530557058,0,0,0,206988,199592,2.867500000000291,103574,103414
open_boundary,41,128,2,open,600108,event,7416,3939,3477,0.9052734375,0.06229773462783172,0.06229773462783172,0,0,0,290608,283192,2.902900000000045,145535,145073
open_boundary,41,128,2,open,600109,event,7454,3765,3689,0.909912109375,0.010195867990340756,0.010195867990340756,0,0,0,292613,285159,2.835700000000088,146345,146268
open_boundary,41,128,2,open,600110,event,7396,3872,3524,0.90283203125,0.04705246078961601,0.04705246078961601,0,0,0,224824,217428,2.6951999999996588,112586,112238
open_boundary,41,128,2,open,600111,event,7417,3691,3726,0.9053955078125,-0.00471888903869489,0.00471888903869489,0,0,0,238303,230886,2.871599999999944,119134,119169
open_boundary,41,128,2,open,600112,event,7426,3700,3726,0.906494140625,-0.0035012119579854563,0.0035012119579854563,0,0,0,273473,266047,2.8559000000000196,136724,136749
open_boundary,41,128,2,open,600113,event,7421,3650,3771,0.9058837890625,-0.0163050801778736,0.0163050801778736,0,0,0,238808,231387,3.612499999999727,119344,119464
open_boundary,41,128,2,open,600114,event,7405,3717,3688,0.9039306640625,0.003916272788656313,0.003916272788656313,0,0,0,337672,330267,2.8548000000000684,168851,168821
open_boundary,41,128,2,open,600115,event,7445,3914,3531,0.9088134765625,0.05144392209536602,0.05144392209536602,0,0,0,284768,277323,2.9737999999997555,142576,142192
open_boundary,41,128,2,open,600116,event,7415,3777,3638,0.9051513671875,0.018745785569790965,0.018745785569790965,0,0,0,269697,262282,2.8944000000001324,134918,134779
open_boundary,41,128,2,open,600117,event,7415,3801,3614,0.9051513671875,0.02521915037086986,0.02521915037086986,0,0,0,245778,238363,2.9726000000000568,122983,122795
open_boundary,41,128,2,open,600118,event,7410,4014,3396,0.904541015625,0.08340080971659919,0.08340080971659919,0,0,0,204509,197099,2.972400000000107,102564,101945
open_boundary,41,128,2,open,600119,event,7404,3838,3566,0.90380859375,0.036736898973527825,0.036736898973527825,0,0,0,432493,425089,2.792899999999918,216383,216110
open_boundary,41,128,2,open,600120,event,7456,3733,3723,0.91015625,0.0013412017167381974,0.0013412017167381974,0,0,0,255301,247845,2.9394999999999527,127656,127645
open_boundary,41,128,2,open,600121,event,7421,3854,3567,0.9058837890625,0.03867403314917127,0.03867403314917127,0,0,0,249776,242355,2.759099999999762,125032,124744
open_boundary,41,128,2,open,600122,event,7428,3774,3654,0.90673828125,0.01615508885298869,0.01615508885298869,0,0,0,199392,191964,3.0619000000001506,99756,99636
open_boundary,41,128,2,open,600123,event,7429,3807,3622,0.9068603515625,0.024902409476376362,0.024902409476376362,0,0,0,263296,255867,3.3153000000002066,131741,131555
open_boundary,41,128,2,open,600124,event,7425,3829,3596,0.9063720703125,0.031380471380471384,0.031380471380471384,0,0,0,245828,238403,3.405999999999949,123031,122797
open_boundary,41,128,2,open,600125,event,7436,3981,3455,0.90771484375,0.07073695535233997,0.07073695535233997,0,0,0,218179,210743,3.0282999999999447,109353,108826
open_boundary,41,128,2,open,600126,event,7437,3773,3664,0.9078369140625,0.014656447492268387,0.014656447492268387,0,0,0,267834,260397,3.0201999999999316,133972,133862
open_boundary,41,128,2,open,600127,event,7445,3492,3953,0.9088134765625,-0.061920752182672935,0.061920752182672935,0,0,0,294595,287150,2.8408999999996922,147067,147528
open_boundary,41,128,2,open,600128,event,7413,3691,3722,0.9049072265625,-0.00418184270875489,0.00418184270875489,0,0,0,221036,213623,2.865400000000136,110503,110533
open_boundary,random-0.5,128,2,open,600001,event,7410,3697,3713,0.904541015625,-0.0021592442645074223,0.0021592442645074223,0,0,0,340268,332858,1.0247000000003936,,
open_boundary,random-0.5,128,2,open,600002,event,7406,3687,3719,0.904052734375,-0.004320820955981636,0.004320820955981636,0,0,0,231059,223653,1.0722999999998137,,
open_boundary,random-0.5,128,2,open,600003,event,7444,3817,3627,0.90869140625,0.025523911875335842,0.025523911875335842,0,0,0,238736,231292,1.0648000000001048,,
open_boundary,random-0.5,128,2,open,600004,event,7383,3670,3713,0.9012451171875,-0.005824190708384126,0.005824190708384126,0,0,0,239487,232104,1.1165000000000873,,
open_boundary,random-0.5,128,2,open,600005,event,7432,3741,3691,0.9072265625,0.006727664155005382,0.006727664155005382,0,0,0,219126,211694,1.1621000000000095,,
open_boundary,random-0.5,128,2,open,600006,event,7440,3713,3727,0.908203125,-0.001881720430107527,0.001881720430107527,0,0,0,200223,192783,0.9830999999999221,,
open_boundary,random-0.5,128,2,open,600007,event,7451,3671,3780,0.9095458984375,-0.014628908871292444,0.014628908871292444,0,0,0,267995,260544,1.0023000000001048,,
open_boundary,random-0.5,128,2,open,600008,event,7448,3755,3693,0.9091796875,0.00832438238453276,0.00832438238453276,0,0,0,276282,268834,1.0133999999998196,,
open_boundary,random-0.5,128,2,open,600009,event,7437,3711,3726,0.9078369140625,-0.002016942315449778,0.002016942315449778,0,0,0,294538,287101,1.0613000000003012,,
open_boundary,random-0.5,128,2,open,600010,event,7403,3613,3790,0.9036865234375,-0.023909225989463732,0.023909225989463732,0,0,0,245971,238568,1.007499999999709,,
open_boundary,random-0.5,128,2,open,600011,event,7448,3644,3804,0.9091796875,-0.021482277121374866,0.021482277121374866,0,0,0,298504,291056,1.0549999999998363,,
open_boundary,random-0.5,128,2,open,600012,event,7418,3702,3716,0.905517578125,-0.0018873011593421407,0.0018873011593421407,0,0,0,214502,207084,1.0895000000000437,,
open_boundary,random-0.5,128,2,open,600013,event,7423,3688,3735,0.9061279296875,-0.006331671830796174,0.006331671830796174,0,0,0,233446,226023,1.0493000000001302,,
open_boundary,random-0.5,128,2,open,600014,event,7445,3669,3776,0.9088134765625,-0.014372061786433849,0.014372061786433849,0,0,0,250774,243329,1.2341999999998734,,
open_boundary,random-0.5,128,2,open,600015,event,7418,3618,3800,0.905517578125,-0.02453491507144783,0.02453491507144783,0,0,0,249560,242142,1.1180999999996857,,
open_boundary,random-0.5,128,2,open,600016,event,7439,3659,3780,0.9080810546875,-0.01626562710041672,0.01626562710041672,0,0,0,226474,219035,1.089600000000246,,
open_boundary,random-0.5,128,2,open,600017,event,7418,3751,3667,0.905517578125,0.011323806956052845,0.011323806956052845,0,0,0,246079,238661,1.0338999999999032,,
open_boundary,random-0.5,128,2,open,600018,event,7468,3742,3726,0.91162109375,0.0021424745581146223,0.0021424745581146223,0,0,0,242062,234594,1.0304000000000997,,
open_boundary,random-0.5,128,2,open,600019,event,7421,3833,3588,0.9058837890625,0.033014418541975475,0.033014418541975475,0,0,0,250222,242801,1.0566000000003442,,
open_boundary,random-0.5,128,2,open,600020,event,7458,3669,3789,0.910400390625,-0.016090104585679808,0.016090104585679808,0,0,0,283578,276120,1.1078000000002248,,
open_boundary,random-0.5,128,2,open,600021,event,7418,3707,3711,0.905517578125,-0.0005392289026691831,0.0005392289026691831,0,0,0,256796,249378,1.0772999999999229,,
open_boundary,random-0.5,128,2,open,600022,event,7429,3597,3832,0.9068603515625,-0.03163279041593754,0.03163279041593754,0,0,0,344434,337005,1.1184000000002925,,
open_boundary,random-0.5,128,2,open,600023,event,7437,3716,3721,0.9078369140625,-0.000672314105149926,0.000672314105149926,0,0,0,206688,199251,1.2411000000001877,,
open_boundary,random-0.5,128,2,open,600024,event,7432,3834,3598,0.9072265625,0.031754574811625406,0.031754574811625406,0,0,0,310878,303446,1.081000000000131,,
open_boundary,random-0.5,128,2,open,600025,event,7431,3678,3753,0.9071044921875,-0.010092854259184497,0.010092854259184497,0,0,0,256753,249322,1.0786000000002787,,
open_boundary,random-0.5,128,2,open,600026,event,7414,3628,3786,0.905029296875,-0.021311033180469383,0.021311033180469383,0,0,0,361261,353847,1.0840000000002874,,
open_boundary,random-0.5,128,2,open,600027,event,7416,3737,3679,0.9052734375,0.007820927723840345,0.007820927723840345,0,0,0,228643,221227,1.035399999999754,,
open_boundary,random-0.5,128,2,open,600028,event,7451,3755,3696,0.9095458984375,0.007918400214736276,0.007918400214736276,0,0,0,257890,250439,1.0388000000002648,,
open_boundary,random-0.5,128,2,open,600029,event,7453,3743,3710,0.9097900390625,0.0044277472158862205,0.0044277472158862205,0,0,0,237989,230536,1.048699999999826,,
open_boundary,random-0.5,128,2,open,600030,event,7435,3561,3874,0.9075927734375,-0.04209818426361802,0.04209818426361802,0,0,0,307981,300546,1.0383999999999105,,
open_boundary,random-0.5,128,2,open,600031,event,7412,3708,3704,0.90478515625,0.0005396654074473826,0.0005396654074473826,0,0,0,246178,238766,1.1484000000000378,,
open_boundary,random-0.5,128,2,open,600032,event,7438,3637,3801,0.907958984375,-0.022048937886528636,0.022048937886528636,0,0,0,232184,224746,1.0734999999999673,,
open_boundary,random-0.5,128,2,open,600033,event,7433,3787,3646,0.9073486328125,0.01896946051392439,0.01896946051392439,0,0,0,276041,268608,1.0716000000002168,,
open_boundary,random-0.5,128,2,open,600034,event,7435,3674,3761,0.9075927734375,-0.011701412239408205,0.011701412239408205,0,0,0,286217,278782,1.039900000000216,,
open_boundary,random-0.5,128,2,open,600035,event,7418,3665,3753,0.905517578125,-0.011863035858722027,0.011863035858722027,0,0,0,201541,194123,1.008299999999963,,
open_boundary,random-0.5,128,2,open,600036,event,7398,3700,3698,0.903076171875,0.0002703433360367667,0.0002703433360367667,0,0,0,329524,322126,0.974999999999909,,
open_boundary,random-0.5,128,2,open,600037,event,7435,3696,3739,0.9075927734375,-0.005783456624075319,0.005783456624075319,0,0,0,205520,198085,1.0194000000001324,,
open_boundary,random-0.5,128,2,open,600038,event,7456,3722,3734,0.91015625,-0.001609442060085837,0.001609442060085837,0,0,0,255654,248198,1.0611999999996442,,
open_boundary,random-0.5,128,2,open,600039,event,7439,3772,3667,0.9080810546875,0.014114800376394676,0.014114800376394676,0,0,0,233738,226299,1.0626000000002023,,
open_boundary,random-0.5,128,2,open,600040,event,7443,3699,3744,0.9085693359375,-0.006045949214026602,0.006045949214026602,0,0,0,214285,206842,1.1576000000000022,,
open_boundary,random-0.5,128,2,open,600041,event,7426,3676,3750,0.906494140625,-0.009964987880420145,0.009964987880420145,0,0,0,268437,261011,1.0541999999995824,,
open_boundary,random-0.5,128,2,open,600042,event,7422,3674,3748,0.906005859375,-0.009970358393963891,0.009970358393963891,0,0,0,259225,251803,1.0690999999997075,,
open_boundary,random-0.5,128,2,open,600043,event,7402,3638,3764,0.903564453125,-0.017022426371251013,0.017022426371251013,0,0,0,197052,189650,0.9701000000000022,,
open_boundary,random-0.5,128,2,open,600044,event,7420,3698,3722,0.90576171875,-0.003234501347708895,0.003234501347708895,0,0,0,253701,246281,0.9828000000002248,,
open_boundary,random-0.5,128,2,open,600045,event,7429,3790,3639,0.9068603515625,0.02032575043747476,0.02032575043747476,0,0,0,234085,226656,0.9904999999998836,,
open_boundary,random-0.5,128,2,open,600046,event,7434,3699,3735,0.907470703125,-0.004842615012106538,0.004842615012106538,0,0,0,288023,280589,1.0937999999996464,,
open_boundary,random-0.5,128,2,open,600047,event,7418,3633,3785,0.905517578125,-0.020490698301428956,0.020490698301428956,0,0,0,257198,249780,1.0900000000001455,,
open_boundary,random-0.5,128,2,open,600048,event,7455,3736,3719,0.9100341796875,0.002280348759221999,0.002280348759221999,0,0,0,232377,224922,1.0818999999996777,,
open_boundary,random-0.5,128,2,open,600049,event,7450,3746,3704,0.909423828125,0.005637583892617449,0.005637583892617449,0,0,0,314571,307121,1.1907000000001062,,
open_boundary,random-0.5,128,2,open,600050,event,7417,3783,3634,0.9053955078125,0.020088984764729676,0.020088984764729676,0,0,0,241037,233620,1.0136999999999716,,
open_boundary,random-0.5,128,2,open,600051,event,7420,3653,3767,0.90576171875,-0.015363881401617251,0.015363881401617251,0,0,0,231018,223598,1.0401999999999134,,
open_boundary,random-0.5,128,2,open,600052,event,7429,3716,3713,0.9068603515625,0.00040382285637367073,0.00040382285637367073,0,0,0,210446,203017,1.064600000000155,,
open_boundary,random-0.5,128,2,open,600053,event,7441,3751,3690,0.9083251953125,0.008197822873269723,0.008197822873269723,0,0,0,245199,237758,1.063300000000254,,
open_boundary,random-0.5,128,2,open,600054,event,7391,3612,3779,0.9022216796875,-0.02259504803138953,0.02259504803138953,0,0,0,240175,232784,1.0394999999998618,,
open_boundary,random-0.5,128,2,open,600055,event,7427,3718,3709,0.9066162109375,0.001211794802746735,0.001211794802746735,0,0,0,247373,239946,1.0300000000002,,
open_boundary,random-0.5,128,2,open,600056,event,7450,3677,3773,0.909423828125,-0.012885906040268456,0.012885906040268456,0,0,0,304333,296883,1.0302999999998974,,
open_boundary,random-0.5,128,2,open,600057,event,7416,3706,3710,0.9052734375,-0.0005393743257820927,0.0005393743257820927,0,0,0,289798,282382,0.9969999999998436,,
open_boundary,random-0.5,128,2,open,600058,event,7417,3599,3818,0.9053955078125,-0.029526762842119456,0.029526762842119456,0,0,0,197245,189828,1.0951000000000022,,
open_boundary,random-0.5,128,2,open,600059,event,7415,3641,3774,0.9051513671875,-0.017936614969656102,0.017936614969656102,0,0,0,231639,224224,1.0437000000001717,,
open_boundary,random-0.5,128,2,open,600060,event,7404,3569,3835,0.90380859375,-0.035926526202052944,0.035926526202052944,0,0,0,238147,230743,1.0994000000000597,,
open_boundary,random-0.5,128,2,open,600061,event,7460,3777,3683,0.91064453125,0.01260053619302949,0.01260053619302949,0,0,0,233924,226464,1.050499999999829,,
open_boundary,random-0.5,128,2,open,600062,event,7423,3688,3735,0.9061279296875,-0.006331671830796174,0.006331671830796174,0,0,0,209403,201980,0.9999000000002525,,
open_boundary,random-0.5,128,2,open,600063,event,7391,3638,3753,0.9022216796875,-0.015559464213232309,0.015559464213232309,0,0,0,228500,221109,0.9764000000000124,,
open_boundary,random-0.5,128,2,open,600064,event,7463,3790,3673,0.9110107421875,0.01567734155165483,0.01567734155165483,0,0,0,229197,221734,0.9726999999998043,,
open_boundary,random-0.5,128,2,open,600065,event,7418,3785,3633,0.905517578125,0.020490698301428956,0.020490698301428956,0,0,0,305336,297918,1.0403000000001157,,
open_boundary,random-0.5,128,2,open,600066,event,7442,3670,3772,0.908447265625,-0.013705993012631014,0.013705993012631014,0,0,0,369324,361882,1.1639000000000124,,
open_boundary,random-0.5,128,2,open,600067,event,7421,3780,3641,0.9058837890625,0.018730629295243228,0.018730629295243228,0,0,0,212979,205558,1.0001000000002023,,
open_boundary,random-0.5,128,2,open,600068,event,7447,3790,3657,0.9090576171875,0.01785954075466631,0.01785954075466631,0,0,0,206185,198738,1.040400000000318,,
open_boundary,random-0.5,128,2,open,600069,event,7429,3738,3691,0.9068603515625,0.0063265580831875085,0.0063265580831875085,0,0,0,217375,209946,1.01299999999992,,
open_boundary,random-0.5,128,2,open,600070,event,7431,3642,3789,0.9071044921875,-0.019781994348001614,0.019781994348001614,0,0,0,348193,340762,1.0610000000001492,,
open_boundary,random-0.5,128,2,open,600071,event,7407,3551,3856,0.9041748046875,-0.041177264749561224,0.041177264749561224,0,0,0,244592,237185,1.1460000000001855,,
open_boundary,random-0.5,128,2,open,600072,event,7402,3773,3629,0.903564453125,0.019454201567144017,0.019454201567144017,0,0,0,235779,228377,1.0751000000000204,,
open_boundary,random-0.5,128,2,open,600073,event,7422,3660,3762,0.906005859375,-0.0137429264349232,0.0137429264349232,0,0,0,322344,314922,1.0063000000000102,,
open_boundary,random-0.5,128,2,open,600074,event,7473,3708,3765,0.9122314453125,-0.0076274588518667205,0.0076274588518667205,0,0,0,253551,246078,0.9438999999997577,,
open_boundary,random-0.5,128,2,open,600075,event,7423,3742,3681,0.9061279296875,0.008217701737841842,0.008217701737841842,0,0,0,298792,291369,1.1239999999997963,,
open_boundary,random-0.5,128,2,open,600076,event,7420,3662,3758,0.90576171875,-0.01293800539083558,0.01293800539083558,0,0,0,258349,250929,1.0261000000000422,,
open_boundary,random-0.5,128,2,open,600077,event,7445,3699,3746,0.9088134765625,-0.006312961719274681,0.006312961719274681,0,0,0,288691,281246,1.0608000000001994,,
open_boundary,random-0.5,128,2,open,600078,event,7419,3715,3704,0.9056396484375,0.001482679606415959,0.001482679606415959,0,0,0,220823,213404,1.008299999999963,,
open_boundary,random-0.5,128,2,open,600079,event,7443,3695,3748,0.9085693359375,-0.007120784629853554,0.007120784629853554,0,0,0,198248,190805,0.9874999999997272,,
open_boundary,random-0.5,128,2,open,600080,event,7428,3713,3715,0.90673828125,-0.00026925148088314486,0.00026925148088314486,0,0,0,253735,246307,0.9985999999998967,,
open_boundary,random-0.5,128,2,open,600081,event,7419,3642,3777,0.9056396484375,-0.01819652244237768,0.01819652244237768,0,0,0,244671,237252,1.00649999999996,,
open_boundary,random-0.5,128,2,open,600082,event,7427,3703,3724,0.9066162109375,-0.002827521206409048,0.002827521206409048,0,0,0,231137,223710,1.0271999999999935,,
open_boundary,random-0.5,128,2,open,600083,event,7434,3745,3689,0.907470703125,0.007532956685499058,0.007532956685499058,0,0,0,250069,242635,1.1078000000002248,,
open_boundary,random-0.5,128,2,open,600084,event,7440,3709,3731,0.908203125,-0.002956989247311828,0.002956989247311828,0,0,0,314780,307340,1.2523999999998523,,
open_boundary,random-0.5,128,2,open,600085,event,7458,3707,3751,0.910400390625,-0.0058997050147492625,0.0058997050147492625,0,0,0,225709,218251,1.2292999999999665,,
open_boundary,random-0.5,128,2,open,600086,event,7432,3725,3707,0.9072265625,0.0024219590958019376,0.0024219590958019376,0,0,0,218293,210861,1.0464999999999236,,
open_boundary,random-0.5,128,2,open,600087,event,7405,3745,3660,0.9039306640625,0.011478730587440918,0.011478730587440918,0,0,0,509613,502208,1.0296000000003005,,
open_boundary,random-0.5,128,2,open,600088,event,7434,3776,3658,0.907470703125,0.015873015873015872,0.015873015873015872,0,0,0,264154,256720,1.0127999999999702,,
open_boundary,random-0.5,128,2,open,600089,event,7437,3788,3649,0.9078369140625,0.018690332123167945,0.018690332123167945,0,0,0,223708,216271,0.9439000000002125,,
open_boundary,random-0.5,128,2,open,600090,event,7426,3732,3694,0.906494140625,0.005117155938594129,0.005117155938594129,0,0,0,373211,365785,0.9867999999996755,,
open_boundary,random-0.5,128,2,open,600091,event,7442,3771,3671,0.908447265625,0.013437248051599033,0.013437248051599033,0,0,0,194982,187540,1.028400000000147,,
open_boundary,random-0.5,128,2,open,600092,event,7453,3714,3739,0.9097900390625,-0.0033543539514289547,0.0033543539514289547,0,0,0,222411,214958,0.9922999999998865,,
open_boundary,random-0.5,128,2,open,600093,event,7431,3790,3641,0.9071044921875,0.020051137128246535,0.020051137128246535,0,0,0,191433,184002,1.1811999999999898,,
open_boundary,random-0.5,128,2,open,600094,event,7425,3690,3735,0.9063720703125,-0.006060606060606061,0.006060606060606061,0,0,0,226704,219279,1.0230000000001382,,
open_boundary,random-0.5,128,2,open,600095,event,7438,3740,3698,0.907958984375,0.0056466792148427,0.0056466792148427,0,0,0,183752,176314,1.2442999999998392,,
open_boundary,random-0.5,128,2,open,600096,event,7399,3632,3767,0.9031982421875,-0.018245708879578323,0.018245708879578323,0,0,0,263414,256015,1.064300000000003,,
open_boundary,random-0.5,128,2,open,600097,event,7441,3772,3669,0.9083251953125,0.013842225507324285,0.013842225507324285,0,0,0,261010,253569,1.0144000000000233,,
open_boundary,random-0.5,128,2,open,600098,event,7470,3810,3660,0.911865234375,0.020080321285140562,0.020080321285140562,0,0,0,225134,217664,1.0812000000000808,,
open_boundary,random-0.5,128,2,open,600099,event,7435,3771,3664,0.9075927734375,0.014391392064559515,0.014391392064559515,0,0,0,230975,223540,0.9631000000003951,,
open_boundary,random-0.5,128,2,open,600100,event,7422,3714,3708,0.906005859375,0.0008084074373484236,0.0008084074373484236,0,0,0,334300,326878,1.1480999999998858,,
open_boundary,random-0.5,128,2,open,600101,event,7408,3712,3696,0.904296875,0.0021598272138228943,0.0021598272138228943,0,0,0,271328,263920,1.165899999999965,,
open_boundary,random-0.5,128,2,open,600102,event,7419,3719,3700,0.9056396484375,0.002560992047445747,0.002560992047445747,0,0,0,241714,234295,1.0224000000002889,,
open_boundary,random-0.5,128,2,open,600103,event,7448,3661,3787,0.9091796875,-0.016917293233082706,0.016917293233082706,0,0,0,224563,217115,1.1725000000001273,,
open_boundary,random-0.5,128,2,open,600104,event,7419,3698,3721,0.9056396484375,-0.0031001482679606416,0.0031001482679606416,0,0,0,256923,249504,1.1122000000000298,,
open_boundary,random-0.5,128,2,open,600105,event,7422,3668,3754,0.906005859375,-0.011587173268660739,0.011587173268660739,0,0,0,234622,227200,1.0697000000000116,,
open_boundary,random-0.5,128,2,open,600106,event,7425,3708,3717,0.9063720703125,-0.0012121212121212121,0.0012121212121212121,0,0,0,287823,280398,1.061500000000251,,
open_boundary,random-0.5,128,2,open,600107,event,7456,3684,3772,0.91015625,-0.011802575107296138,0.011802575107296138,0,0,0,198689,191233,1.0821999999998297,,
open_boundary,random-0.5,128,2,open,600108,event,7430,3597,3833,0.906982421875,-0.03176312247644684,0.03176312247644684,0,0,0,331615,324185,1.0381999999999607,,
open_boundary,random-0.5,128,2,open,600109,event,7421,3778,3643,0.9058837890625,0.0181916183802722,0.0181916183802722,0,0,0,278480,271059,0.9735000000000582,,
open_boundary,random-0.5,128,2,open,600110,event,7440,3750,3690,0.908203125,0.008064516129032258,0.008064516129032258,0,0,0,219144,211704,1.1684999999997672,,
open_boundary,random-0.5,128,2,open,600111,event,7406,3778,3628,0.904052734375,0.020253848231163923,0.020253848231163923,0,0,0,251484,244078,1.1117000000003827,,
open_boundary,random-0.5,128,2,open,600112,event,7419,3748,3671,0.9056396484375,0.010378757244911713,0.010378757244911713,0,0,0,268593,261174,1.1808999999998377,,
open_boundary,random-0.5,128,2,open,600113,event,7445,3700,3745,0.9088134765625,-0.006044325050369375,0.006044325050369375,0,0,0,393746,386301,1.0762999999997191,,
open_boundary,random-0.5,128,2,open,600114,event,7406,3638,3768,0.904052734375,-0.017553335133675397,0.017553335133675397,0,0,0,310950,303544,1.1806000000001404,,
open_boundary,random-0.5,128,2,open,600115,event,7412,3666,3746,0.90478515625,-0.010793308148947653,0.010793308148947653,0,0,0,289027,281615,1.008900000000267,,
open_boundary,random-0.5,128,2,open,600116,event,7445,3745,3700,0.9088134765625,0.006044325050369375,0.006044325050369375,0,0,0,235108,227663,1.0021999999999025,,
open_boundary,random-0.5,128,2,open,600117,event,7410,3657,3753,0.904541015625,-0.012955465587044534,0.012955465587044534,0,0,0,192381,184971,1.1046000000001186,,
open_boundary,random-0.5,128,2,open,600118,event,7414,3736,3678,0.905029296875,0.007823037496628,0.007823037496628,0,0,0,193923,186509,1.0470000000000255,,
open_boundary,random-0.5,128,2,open,600119,event,7420,3803,3617,0.90576171875,0.025067385444743934,0.025067385444743934,0,0,0,215419,207999,1.2723000000000866,,
open_boundary,random-0.5,128,2,open,600120,event,7466,3734,3732,0.911376953125,0.0002678810608090008,0.0002678810608090008,0,0,0,231560,224094,1.0497999999997774,,
open_boundary,random-0.5,128,2,open,600121,event,7444,3770,3674,0.90869140625,0.012896292315959162,0.012896292315959162,0,0,0,237512,230068,1.0542999999997846,,
open_boundary,random-0.5,128,2,open,600122,event,7434,3780,3654,0.907470703125,0.01694915254237288,0.01694915254237288,0,0,0,292123,284689,1.046900000000278,,
open_boundary,random-0.5,128,2,open,600123,event,7458,3781,3677,0.910400390625,0.013944757307589166,0.013944757307589166,0,0,0,267871,260413,1.102100000000064,,
open_boundary,random-0.5,128,2,open,600124,event,7429,3726,3703,0.9068603515625,0.0030959752321981426,0.0030959752321981426,0,0,0,257571,250142,0.9848000000001775,,
open_boundary,random-0.5,128,2,open,600125,event,7413,3781,3632,0.9049072265625,0.020099824632402535,0.020099824632402535,0,0,0,235375,227962,1.0719999999996617,,
open_boundary,random-0.5,128,2,open,600126,event,7427,3725,3702,0.9066162109375,0.003096808940352767,0.003096808940352767,0,0,0,287964,280537,1.0639999999998508,,
open_boundary,random-0.5,128,2,open,600127,event,7413,3719,3694,0.9049072265625,0.0033724537973829757,0.0033724537973829757,0,0,0,183269,175856,0.9839999999999236,,
open_boundary,random-0.5,128,2,open,600128,event,7451,3694,3757,0.9095458984375,-0.008455240907260771,0.008455240907260771,0,0,0,244342,236891,1.2109999999997854,,
open_boundary,0,128,4,open,600001,event,3289,3289,0,0.802978515625,1,1,1,0,22,101211,97922,1.5673000000001593,101211,0
open_boundary,0,128,4,open,600002,event,3270,3270,0,0.79833984375,1,1,1,0,57,113884,110614,1.671400000000176,113884,0
open_boundary,0,128,4,open,600003,event,3256,3256,0,0.794921875,1,1,1,0,74,103800,100544,1.4187000000001717,103800,0
open_boundary,0,128,4,open,600004,event,3286,3286,0,0.80224609375,1,1,1,0,70,124978,121692,1.6114999999999782,124978,0
open_boundary,0,128,4,open,600005,event,3276,3276,0,0.7998046875,1,1,1,0,59,92024,88748,1.4663000000000466,92024,0
open_boundary,0,128,4,open,600006,event,3270,3270,0,0.79833984375,1,1,1,0,71,103246,99976,1.5707000000002154,103246,0
open_boundary,0,128,4,open,600007,event,3264,3264,0,0.796875,1,1,1,0,69,98329,95065,1.4054999999998472,98329,0
open_boundary,0,128,4,open,600008,event,3268,3268,0,0.7978515625,1,1,1,0,50,102342,99074,1.5061000000000604,102342,0
open_boundary,0,128,4,open,600009,event,3262,3262,0,0.79638671875,1,1,1,0,50,106408,103146,1.45470000000023,106408,0
open_boundary,0,128,4,open,600010,event,3281,3281,0,0.801025390625,1,1,1,0,50,76275,72994,1.4728000000000065,76275,0
open_boundary,0,128,4,open,600011,event,3273,3273,0,0.799072265625,1,1,1,0,57,104071,100798,1.4731000000001586,104071,0
open_boundary,0,128,4,open,600012,event,3273,3273,0,0.799072265625,1,1,1,0,44,82757,79484,1.604200000000219,82757,0
open_boundary,0,128,4,open,600013,event,3276,3276,0,0.7998046875,1,1,1,0,71,96583,93307,1.4344999999998436,96583,0
open_boundary,0,128,4,open,600014,event,3274,3274,0,0.79931640625,1,1,1,0,57,95207,91933,1.469000000000051,95207,0
open_boundary,0,128,4,open,600015,event,3271,3271,0,0.798583984375,1,1,1,0,50,121989,118718,1.458599999999933,121989,0
open_boundary,0,128,4,open,600016,event,3301,3301,0,0.805908203125,1,1,1,0,44,115509,112208,1.459100000000035,115509,0
open_boundary,0,128,4,open,600017,event,3280,3280,0,0.80078125,1,1,1,0,66,108757,105477,1.338100000000395,108757,0
open_boundary,0,128,4,open,600018,event,3264,3264,0,0.796875,1,1,1,0,50,122208,118944,1.569300000000112,122208,0
open_boundary,0,128,4,open,600019,event,3261,3261,0,0.796142578125,1,1,1,0,67,82213,78952,1.3776000000002568,82213,0
open_boundary,0,128,4,open,600020,event,3267,3267,0,0.797607421875,1,1,1,0,35,82879,79612,1.420799999999872,82879,0
open_boundary,0,128,4,open,600021,event,3270,3270,0,0.79833984375,1,1,1,0,51,129530,126260,1.4744000000000597,129530,0
open_boundary,0,128,4,open,600022,event,3289,3289,0,0.802978515625,1,1,1,0,56,123583,120294,1.4367999999999483,123583,0
open_boundary,0,128,4,open,600023,event,3280,3280,0,0.80078125,1,1,1,0,59,112341,109061,1.4329000000002452,112341,0
open_boundary,0,128,4,open,600024,event,3278,3278,0,0.80029296875,1,1,1,0,39,106038,102760,1.420600000000377,106038,0
open_boundary,0,128,4,open,600025,event,3275,3275,0,0.799560546875,1,1,1,0,59,109557,106282,1.4393999999997504,109557,0
open_boundary,0,128,4,open,600026,event,3268,3268,0,0.7978515625,1,1,1,0,51,134230,130962,1.3389000000001943,134230,0
open_boundary,0,128,4,open,600027,event,3258,3258,0,0.79541015625,1,1,1,0,74,142909,139651,1.3897000000001754,142909,0
open_boundary,0,128,4,open,600028,event,3287,3287,0,0.802490234375,1,1,1,0,54,123917,120630,1.3433999999997468,123917,0
open_boundary,0,128,4,open,600029,event,3291,3291,0,0.803466796875,1,1,1,0,57,138404,135113,1.5862999999999374,138404,0
open_boundary,0,128,4,open,600030,event,3264,3264,0,0.796875,1,1,1,0,60,88370,85106,1.4602999999997337,88370,0
open_boundary,0,128,4,open,600031,event,3256,3256,0,0.794921875,1,1,1,0,75,121723,118467,1.7483000000001994,121723,0
open_boundary,0,128,4,open,600032,event,3288,3288,0,0.802734375,1,1,1,0,55,102099,98811,1.371599999999944,102099,0
open_boundary,0,128,4,open,600033,event,3272,3272,0,0.798828125,1,1,1,0,62,100839,97567,1.4535000000000764,100839,0
open_boundary,0,128,4,open,600034,event,3259,3259,0,0.795654296875,1,1,1,0,58,111231,107972,1.362999999999829,111231,0
open_boundary,0,128,4,open,600035,event,3294,3294,0,0.80419921875,1,1,1,0,53,95294,92000,1.4203000000002248,95294,0
open_boundary,0,128,4,open,600036,event,3253,3253,0,0.794189453125,1,1,1,0,61,96055,92802,1.3465000000001055,96055,0
open_boundary,0,128,4,open,600037,event,3293,3293,0,0.803955078125,1,1,1,0,57,125873,122580,1.4463999999998123,125873,0
open_boundary,0,128,4,open,600038,event,3280,3280,0,0.80078125,1,1,1,0,52,114977,111697,1.362300000000232,114977,0
open_boundary,0,128,4,open,600039,event,3269,3269,0,0.798095703125,1,1,1,0,76,100221,96952,1.4620999999997366,100221,0
open_boundary,0,128,4,open,600040,event,3271,3271,0,0.798583984375,1,1,1,0,78,99943,96672,1.3439000000003034,99943,0
open_boundary,0,128,4,open,600041,event,3276,3276,0,0.7998046875,1,1,1,0,53,117262,113986,1.405500000000302,117262,0
open_boundary,0,128,4,open,600042,event,3252,3252,0,0.7939453125,1,1,1,0,54,111009,107757,1.322099999999864,111009,0
open_boundary,0,128,4,open,600043,event,3264,3264,0,0.796875,1,1,1,0,57,121407,118143,1.421100000000024,121407,0
open_boundary,0,128,4,open,600044,event,3256,3256,0,0.794921875,1,1,1,0,71,118693,115437,1.3825000000001637,118693,0
open_boundary,0,128,4,open,600045,event,3260,3260,0,0.7958984375,1,1,1,0,75,116558,113298,1.5851999999999862,116558,0
open_boundary,0,128,4,open,600046,event,3277,3277,0,0.800048828125,1,1,1,0,42,105883,102606,1.34900000000016,105883,0
open_boundary,0,128,4,open,600047,event,3272,3272,0,0.798828125,1,1,1,0,61,134763,131491,1.458100000000286,134763,0
open_boundary,0,128,4,open,600048,event,3259,3259,0,0.795654296875,1,1,1,0,68,86575,83316,1.4358999999999469,86575,0
open_boundary,0,128,4,open,600049,event,3277,3277,0,0.800048828125,1,1,1,0,82,94889,91612,1.4382000000000517,94889,0
open_boundary,0,128,4,open,600050,event,3304,3304,0,0.806640625,1,1,1,0,61,87638,84334,1.413600000000315,87638,0
open_boundary,0,128,4,open,600051,event,3248,3248,0,0.79296875,1,1,1,0,88,103211,99963,1.3345000000003893,103211,0
open_boundary,0,128,4,open,600052,event,3277,3277,0,0.800048828125,1,1,1,0,87,121198,117921,1.4032000000001972,121198,0
open_boundary,0,128,4,open,600053,event,3258,3258,0,0.79541015625,1,1,1,0,76,88478,85220,1.4241000000001804,88478,0
open_boundary,0,128,4,open,600054,event,3278,3278,0,0.80029296875,1,1,1,0,62,85533,82255,1.70049999999992,85533,0
open_boundary,0,128,4,open,600055,event,3265,3265,0,0.797119140625,1,1,1,0,67,100455,97190,1.4791999999997643,100455,0
open_boundary,0,128,4,open,600056,event,3279,3279,0,0.800537109375,1,1,1,0,75,95559,92280,1.5935999999996966,95559,0
open_boundary,0,128,4,open,600057,event,3266,3266,0,0.79736328125,1,1,1,0,51,89228,85962,1.4985999999998967,89228,0
open_boundary,0,128,4,open,600058,event,3255,3255,0,0.794677734375,1,1,1,0,67,104552,101297,1.575800000000072,104552,0
open_boundary,0,128,4,open,600059,event,3288,3288,0,0.802734375,1,1,1,0,66,97869,94581,1.5268000000000939,97869,0
open_boundary,0,128,4,open,600060,event,3266,3266,0,0.79736328125,1,1,1,0,45,117101,113835,1.5563999999999396,117101,0
open_boundary,0,128,4,open,600061,event,3286,3286,0,0.80224609375,1,1,1,0,55,102141,98855,1.4252000000001317,102141,0
open_boundary,0,128,4,open,600062,event,3244,3244,0,0.7919921875,1,1,1,0,67,82411,79167,1.578899999999976,82411,0
open_boundary,0,128,4,open,600063,event,3270,3270,0,0.79833984375,1,1,1,0,49,160377,157107,1.5283999999996922,160377,0
open_boundary,0,128,4,open,600064,event,3260,3260,0,0.7958984375,1,1,1,0,65,90032,86772,1.577099999999973,90032,0
open_boundary,0,128,4,open,600065,event,3227,3227,0,0.787841796875,1,1,1,0,68,110483,107256,1.4326999999998407,110483,0
open_boundary,0,128,4,open,600066,event,3276,3276,0,0.7998046875,1,1,1,0,50,145289,142013,1.5634000000000015,145289,0
open_boundary,0,128,4,open,600067,event,3266,3266,0,0.79736328125,1,1,1,0,66,107449,104183,1.4236000000000786,107449,0
open_boundary,0,128,4,open,600068,event,3267,3267,0,0.797607421875,1,1,1,0,62,88092,84825,1.6079999999997199,88092,0
open_boundary,0,128,4,open,600069,event,3284,3284,0,0.8017578125,1,1,1,0,57,98713,95429,1.6294000000002598,98713,0
open_boundary,0,128,4,open,600070,event,3274,3274,0,0.79931640625,1,1,1,0,42,107923,104649,1.742200000000139,107923,0
open_boundary,0,128,4,open,600071,event,3264,3264,0,0.796875,1,1,1,0,62,106420,103156,1.5958999999998014,106420,0
open_boundary,0,128,4,open,600072,event,3242,3242,0,0.79150390625,1,1,1,0,67,110821,107579,1.6743999999998778,110821,0
open_boundary,0,128,4,open,600073,event,3259,3259,0,0.795654296875,1,1,1,0,92,110175,106916,1.5589999999997417,110175,0
open_boundary,0,128,4,open,600074,event,3287,3287,0,0.802490234375,1,1,1,0,56,95951,92664,1.6239999999997963,95951,0
open_boundary,0,128,4,open,600075,event,3252,3252,0,0.7939453125,1,1,1,0,48,107206,103954,1.516399999999976,107206,0
open_boundary,0,128,4,open,600076,event,3270,3270,0,0.79833984375,1,1,1,0,57,106263,102993,1.6414999999997235,106263,0
open_boundary,0,128,4,open,600077,event,3273,3273,0,0.799072265625,1,1,1,0,68,118504,115231,1.594000000000051,118504,0
open_boundary,0,128,4,open,600078,event,3278,3278,0,0.80029296875,1,1,1,0,63,139901,136623,1.5245000000004438,139901,0
open_boundary,0,128,4,open,600079,event,3250,3250,0,0.79345703125,1,1,1,0,76,86359,83109,1.609899999999925,86359,0
open_boundary,0,128,4,open,600080,event,3284,3284,0,0.8017578125,1,1,1,0,50,112494,109210,1.500300000000152,112494,0
open_boundary,0,128,4,open,600081,event,3259,3259,0,0.795654296875,1,1,1,0,77,91307,88048,1.586699999999837,91307,0
open_boundary,0,128,4,open,600082,event,3262,3262,0,0.79638671875,1,1,1,0,65,103161,99899,1.5192999999999302,103161,0
open_boundary,0,128,4,open,600083,event,3257,3257,0,0.795166015625,1,1,1,0,69,100346,97089,1.5878999999999905,100346,0
open_boundary,0,128,4,open,600084,event,3271,3271,0,0.798583984375,1,1,1,0,69,110172,106901,1.505699999999706,110172,0
open_boundary,0,128,4,open,600085,event,3280,3280,0,0.80078125,1,1,1,0,57,112935,109655,1.6132000000002336,112935,0
open_boundary,0,128,4,open,600086,event,3271,3271,0,0.798583984375,1,1,1,0,68,131957,128686,1.4220000000000255,131957,0
open_boundary,0,128,4,open,600087,event,3279,3279,0,0.800537109375,1,1,1,0,47,91183,87904,1.6038000000003194,91183,0
open_boundary,0,128,4,open,600088,event,3261,3261,0,0.796142578125,1,1,1,0,69,96993,93732,1.4342000000001462,96993,0
open_boundary,0,128,4,open,600089,event,3266,3266,0,0.79736328125,1,1,1,0,52,90178,86912,1.5159000000003289,90178,0
open_boundary,0,128,4,open,600090,event,3262,3262,0,0.79638671875,1,1,1,0,70,101796,98534,1.4377999999996973,101796,0
open_boundary,0,128,4,open,600091,event,3284,3284,0,0.8017578125,1,1,1,0,42,127888,124604,1.525499999999738,127888,0
open_boundary,0,128,4,open,600092,event,3262,3262,0,0.79638671875,1,1,1,0,45,147765,144503,1.3913000000002285,147765,0
open_boundary,0,128,4,open,600093,event,3252,3252,0,0.7939453125,1,1,1,0,81,107004,103752,1.4855999999999767,107004,0
open_boundary,0,128,4,open,600094,event,3265,3265,0,0.797119140625,1,1,1,0,55,104567,101302,1.4740999999999076,104567,0
open_boundary,0,128,4,open,600095,event,3286,3286,0,0.80224609375,1,1,1,0,54,92677,89391,1.540400000000318,92677,0
open_boundary,0,128,4,open,600096,event,3294,3294,0,0.80419921875,1,1,1,0,75,91181,87887,1.560699999999997,91181,0
open_boundary,0,128,4,open,600097,event,3274,3274,0,0.79931640625,1,1,1,0,90,98334,95060,1.715099999999893,98334,0
open_boundary,0,128,4,open,600098,event,3269,3269,0,0.798095703125,1,1,1,0,36,100119,96850,1.7983000000003813,100119,0
open_boundary,0,128,4,open,600099,event,3284,3284,0,0.8017578125,1,1,1,0,53,114053,110769,1.6941000000001623,114053,0
open_boundary,0,128,4,open,600100,event,3243,3243,0,0.791748046875,1,1,1,0,64,94423,91180,1.5778999999997723,94423,0
open_boundary,0,128,4,open,600101,event,3270,3270,0,0.79833984375,1,1,1,0,60,98000,94730,1.753099999999904,98000,0
open_boundary,0,128,4,open,600102,event,3252,3252,0,0.7939453125,1,1,1,0,74,87602,84350,1.9175000000000182,87602,0
open_boundary,0,128,4,open,600103,event,3261,3261,0,0.796142578125,1,1,1,0,66,82145,78884,1.8754000000003543,82145,0
open_boundary,0,128,4,open,600104,event,3279,3279,0,0.800537109375,1,1,1,0,61,95476,92197,1.6683000000002721,95476,0
open_boundary,0,128,4,open,600105,event,3255,3255,0,0.794677734375,1,1,1,0,62,112987,109732,1.6718999999998232,112987,0
open_boundary,0,128,4,open,600106,event,3251,3251,0,0.793701171875,1,1,1,0,53,114005,110754,1.7669000000000779,114005,0
open_boundary,0,128,4,open,600107,event,3277,3277,0,0.800048828125,1,1,1,0,52,110891,107614,1.5446999999999207,110891,0
open_boundary,0,128,4,open,600108,event,3285,3285,0,0.802001953125,1,1,1,0,52,92491,89206,1.6644999999998618,92491,0
open_boundary,0,128,4,open,600109,event,3259,3259,0,0.795654296875,1,1,1,0,49,198845,195586,1.5032000000001062,198845,0
open_boundary,0,128,4,open,600110,event,3266,3266,0,0.79736328125,1,1,1,0,52,125309,122043,1.7296000000001186,125309,0
open_boundary,0,128,4,open,600111,event,3280,3280,0,0.80078125,1,1,1,0,61,92805,89525,1.4207000000001244,92805,0
open_boundary,0,128,4,open,600112,event,3267,3267,0,0.797607421875,1,1,1,0,62,111897,108630,1.5310999999996966,111897,0
open_boundary,0,128,4,open,600113,event,3245,3245,0,0.792236328125,1,1,1,0,78,109713,106468,1.46120000000019,109713,0
open_boundary,0,128,4,open,600114,event,3277,3277,0,0.800048828125,1,1,1,0,52,109053,105776,1.800000000000182,109053,0
open_boundary,0,128,4,open,600115,event,3276,3276,0,0.7998046875,1,1,1,0,51,124830,121554,1.7253000000000611,124830,0
open_boundary,0,128,4,open,600116,event,3283,3283,0,0.801513671875,1,1,1,0,42,109619,106336,1.5702000000001135,109619,0
open_boundary,0,128,4,open,600117,event,3294,3294,0,0.80419921875,1,1,1,0,71,104580,101286,1.4176000000002205,104580,0
open_boundary,0,128,4,open,600118,event,3290,3290,0,0.80322265625,1,1,1,0,69,111011,107721,1.966200000000299,111011,0
open_boundary,0,128,4,open,600119,event,3275,3275,0,0.799560546875,1,1,1,0,56,125360,122085,1.6520999999997912,125360,0
open_boundary,0,128,4,open,600120,event,3267,3267,0,0.797607421875,1,1,1,0,56,102127,98860,1.7318999999997686,102127,0
open_boundary,0,128,4,open,600121,event,3265,3265,0,0.797119140625,1,1,1,0,55,125122,121857,1.419300000000021,125122,0
open_boundary,0,128,4,open,600122,event,3294,3294,0,0.80419921875,1,1,1,0,44,151386,148092,1.605199999999968,151386,0
open_boundary,0,128,4,open,600123,event,3279,3279,0,0.800537109375,1,1,1,0,53,81724,78445,1.4250999999999294,81724,0
open_boundary,0,128,4,open,600124,event,3286,3286,0,0.80224609375,1,1,1,0,48,149969,146683,1.512300000000323,149969,0
open_boundary,0,128,4,open,600125,event,3261,3261,0,0.796142578125,1,1,1,0,81,105544,102283,1.425799999999981,105544,0
open_boundary,0,128,4,open,600126,event,3251,3251,0,0.793701171875,1,1,1,0,62,127659,124408,1.7073999999997795,127659,0
open_boundary,0,128,4,open,600127,event,3272,3272,0,0.798828125,1,1,1,0,58,142928,139656,1.4248999999999796,142928,0
open_boundary,0,128,4,open,600128,event,3275,3275,0,0.799560546875,1,1,1,0,61,163293,160018,1.572099999999864,163293,0
open_boundary,35,128,4,open,600001,event,3311,1639,1672,0.808349609375,-0.009966777408637873,0.009966777408637873,0,0,0,222831,219520,1.8926000000001295,111416,111415
open_boundary,35,128,4,open,600002,event,3345,1625,1720,0.816650390625,-0.028400597907324365,0.028400597907324365,0,0,0,214043,210698,1.7376000000003842,107022,107021
open_boundary,35,128,4,open,600003,event,3322,1663,1659,0.81103515625,0.0012040939193257074,0.0012040939193257074,0,0,0,296503,293181,1.9333000000001448,148252,148251
open_boundary,35,128,4,open,600004,event,3314,1596,1718,0.80908203125,-0.036813518406759206,0.036813518406759206,0,0,0,186823,183509,1.6489000000001397,93412,93411
open_boundary,35,128,4,open,600005,event,3304,1681,1623,0.806640625,0.017554479418886198,0.017554479418886198,0,0,0,211958,208654,1.7782000000001972,105979,105979
open_boundary,35,128,4,open,600006,event,3318,1601,1717,0.81005859375,-0.03496081977094635,0.03496081977094635,0,0,0,221553,218235,1.7272000000002663,110777,110776
open_boundary,35,128,4,open,600007,event,3336,1673,1663,0.814453125,0.002997601918465228,0.002997601918465228,0,0,0,211037,207701,1.8026999999997315,105519,105518
open_boundary,35,128,4,open,600008,event,3322,1673,1649,0.81103515625,0.007224563515954244,0.007224563515954244,0,0,0,168735,165413,1.6901000000002568,84368,84367
open_boundary,35,128,4,open,600009,event,3321,1671,1650,0.810791015625,0.006323396567299007,0.006323396567299007,0,0,0,211080,207759,1.8123999999997977,105540,105540
open_boundary,35,128,4,open,600010,event,3333,1638,1695,0.813720703125,-0.017101710171017102,0.017101710171017102,0,0,0,187763,184430,1.8119000000001506,93882,93881
open_boundary,35,128,4,open,600011,event,3295,1656,1639,0.804443359375,0.005159332321699545,0.005159332321699545,0,0,0,187041,183746,1.521600000000035,93521,93520
open_boundary,35,128,4,open,600012,event,3325,1655,1670,0.811767578125,-0.004511278195488722,0.004511278195488722,0,0,0,174052,170727,1.6570000000001528,87026,87026
open_boundary,35,128,4,open,600013,event,3327,1679,1648,0.812255859375,0.009317703636910129,0.009317703636910129,0,0,0,175276,171949,1.5412999999998647,87638,87638
open_boundary,35,128,4,open,600014,event,3313,1680,1633,0.808837890625,0.014186537881074554,0.014186537881074554,0,0,0,220888,217575,1.6829999999999927,110444,110444
open_boundary,35,128,4,open,600015,event,3301,1720,1581,0.805908203125,0.042108451984247196,0.042108451984247196,0,0,0,240220,236919,1.6105000000002292,120110,120110
open_boundary,35,128,4,open,600016,event,3323,1710,1613,0.811279296875,0.029190490520613902,0.029190490520613902,0,0,0,199396,196073,1.6876999999999498,99698,99698
open_boundary,35,128,4,open,600017,event,3325,1666,1659,0.811767578125,0.002105263157894737,0.002105263157894737,0,0,0,191337,188012,1.689600000000155,95669,95668
open_boundary,35,128,4,open,600018,event,3317,1722,1595,0.809814453125,0.038287609285498944,0.038287609285498944,0,0,0,242656,239339,1.7373999999999796,121328,121328
open_boundary,35,128,4,open,600019,event,3330,1666,1664,0.81298828125,0.0006006006006006006,0.0006006006006006006,0,0,0,232220,228890,1.7105999999998858,116110,116110
open_boundary,35,128,4,open,600020,event,3309,1689,1620,0.807861328125,0.02085222121486854,0.02085222121486854,0,0,0,179030,175721,1.7451999999998407,89515,89515
open_boundary,35,128,4,open,600021,event,3330,1621,1709,0.81298828125,-0.026426426426426425,0.026426426426426425,0,0,0,171816,168486,1.8616000000001804,85908,85908
open_boundary,35,128,4,open,600022,event,3319,1708,1611,0.810302734375,0.029225670382645376,0.029225670382645376,0,0,0,234570,231251,1.9596999999998843,117285,117285
open_boundary,35,128,4,open,600023,event,3328,1681,1647,0.8125,0.010216346153846154,0.010216346153846154,0,0,0,262034,258706,2.000600000000304,131017,131017
open_boundary,35,128,4,open,600024,event,3337,1633,1704,0.814697265625,-0.02127659574468085,0.02127659574468085,0,0,0,223638,220301,1.6564000000003034,111819,111819
open_boundary,35,128,4,open,600025,event,3321,1701,1620,0.810791015625,0.024390243902439025,0.024390243902439025,0,0,0,212445,209124,1.7521999999999025,106223,106222
open_boundary,35,128,4,open,600026,event,3311,1765,1546,0.808349609375,0.06614315916641499,0.06614315916641499,0,0,0,225811,222500,1.8218999999999141,112906,112905
open_boundary,35,128,4,open,600027,event,3326,1616,1710,0.81201171875,-0.02826217678893566,0.02826217678893566,0,0,0,239655,236329,2.4325000000003456,119828,119827
open_boundary,35,128,4,open,600028,event,3324,1625,1699,0.8115234375,-0.022262334536702767,0.022262334536702767,0,0,0,231806,228482,2.1035000000001673,115903,115903
open_boundary,35,128,4,open,600029,event,3334,1707,1627,0.81396484375,0.02399520095980804,0.02399520095980804,0,0,0,281447,278113,1.9409999999998035,140724,140723
open_boundary,35,128,4,open,600030,event,3315,1692,1623,0.809326171875,0.02081447963800905,0.02081447963800905,0,0,0,203990,200675,1.9841000000001259,101995,101995
open_boundary,35,128,4,open,600031,event,3303,1693,1610,0.806396484375,0.02512867090523766,0.02512867090523766,0,0,0,185489,182186,1.9311999999999898,92745,92744
open_boundary,35,128,4,open,600032,event,3316,1638,1678,0.8095703125,-0.012062726176115802,0.012062726176115802,0,0,0,314787,311471,1.9628999999999905,157394,157393
open_boundary,35,128,4,open,600033,event,3311,1692,1619,0.808349609375,0.022047719722138325,0.022047719722138325,0,0,0,322004,318693,1.7091999999997824,161002,161002
open_boundary,35,128,4,open,600034,event,3286,1660,1626,0.80224609375,0.010346926354230066,0.010346926354230066,0,0,0,248430,245144,1.7654999999999745,124215,124215
open_boundary,35,128,4,open,600035,event,3324,1642,1682,0.8115234375,-0.012033694344163659,0.012033694344163659,0,0,0,162679,159355,1.7231000000001586,81340,81339
open_boundary,35,128,4,open,600036,event,3312,1661,1651,0.80859375,0.0030193236714975845,0.0030193236714975845,0,0,0,199834,196522,1.8481999999999061,99917,99917
open_boundary,35,128,4,open,600037,event,3329,1671,1658,0.812744140625,0.0039050765995794533,0.0039050765995794533,0,0,0,233161,229832,1.7885999999998603,116581,116580
open_boundary,35,128,4,open,600038,event,3308,1655,1653,0.8076171875,0.0006045949214026602,0.0006045949214026602,0,0,0,182583,179275,1.7034999999996217,91292,91291
open_boundary,35,128,4,open,600039,event,3323,1636,1687,0.811279296875,-0.01534757749021968,0.01534757749021968,0,0,0,190000,186677,1.763800000000174,95000,95000
open_boundary,35,128,4,open,600040,event,3313,1684,1629,0.808837890625,0.016601267733172352,0.016601267733172352,0,0,0,190910,187597,1.5752000000002226,95455,95455
open_boundary,35,128,4,open,600041,event,3338,1678,1660,0.81494140625,0.005392450569203115,0.005392450569203115,0,0,0,232734,229396,1.7020000000002256,116367,116367
open_boundary,35,128,4,open,600042,event,3290,1590,1700,0.80322265625,-0.03343465045592705,0.03343465045592705,0,0,0,253485,250195,1.576300000000174,126743,126742
open_boundary,35,128,4,open,600043,event,3318,1615,1703,0.81005859375,-0.02652200120554551,0.02652200120554551,0,0,0,174444,171126,1.6474000000002889,87222,87222
open_boundary,35,128,4,open,600044,event,3319,1596,1723,0.810302734375,-0.03826453751129858,0.03826453751129858,0,0,0,223122,219803,1.570600000000013,111561,111561
open_boundary,35,128,4,open,600045,event,3323,1623,1700,0.811279296875,-0.02317183268131207,0.02317183268131207,0,0,0,208230,204907,1.6880999999998494,104115,104115
open_boundary,35,128,4,open,600046,event,3305,1728,1577,0.806884765625,0.04568835098335855,0.04568835098335855,0,0,0,219506,216201,1.5758999999998196,109753,109753
open_boundary,35,128,4,open,600047,event,3319,1608,1711,0.810302734375,-0.031033443808376016,0.031033443808376016,0,0,0,175977,172658,1.6580000000003565,87989,87988
open_boundary,35,128,4,open,600048,event,3335,1651,1684,0.814208984375,-0.009895052473763119,0.009895052473763119,0,0,0,180622,177287,1.6655000000000655,90311,90311
open_boundary,35,128,4,open,600049,event,3321,1717,1604,0.810791015625,0.0340258958145137,0.0340258958145137,0,0,0,333215,329894,1.5774000000001251,166608,166607
open_boundary,35,128,4,open,600050,event,3313,1627,1686,0.808837890625,-0.01780863265922125,0.01780863265922125,0,0,0,242237,238924,1.614799999999832,121119,121118
open_boundary,35,128,4,open,600051,event,3317,1656,1661,0.809814453125,-0.0015073861923424782,0.0015073861923424782,0,0,0,178718,175401,1.6563999999998487,89359,89359
open_boundary,35,128,4,open,600052,event,3313,1649,1664,0.808837890625,-0.004527618472683369,0.004527618472683369,0,0,0,209689,206376,1.880800000000363,104845,104844
open_boundary,35,128,4,open,600053,event,3305,1592,1713,0.806884765625,-0.036611195158850224,0.036611195158850224,0,0,0,251448,248143,2.031500000000051,125724,125724
open_boundary,35,128,4,open,600054,event,3332,1714,1618,0.8134765625,0.028811524609843937,0.028811524609843937,0,0,0,218386,215054,1.8131000000003041,109193,109193
open_boundary,35,128,4,open,600055,event,3311,1670,1641,0.808349609375,0.008758683177287828,0.008758683177287828,0,0,0,335625,332314,1.6379000000001724,167813,167812
open_boundary,35,128,4,open,600056,event,3312,1643,1669,0.80859375,-0.00785024154589372,0.00785024154589372,0,0,0,227544,224232,1.7697999999995773,113772,113772
open_boundary,35,128,4,open,600057,event,3304,1644,1660,0.806640625,-0.004842615012106538,0.004842615012106538,0,0,0,228127,224823,1.6789999999996326,114064,114063
open_boundary,35,128,4,open,600058,event,3329,1612,1717,0.812744140625,-0.03154100330429559,0.03154100330429559,0,0,0,204867,201538,1.7335000000002765,102434,102433
open_boundary,35,128,4,open,600059,event,3322,1610,1712,0.81103515625,-0.030704394942805538,0.030704394942805538,0,0,0,231120,227798,1.7442999999998392,115560,115560
open_boundary,35,128,4,open,600060,event,3333,1648,1685,0.813720703125,-0.0111011101110111,0.0111011101110111,0,0,0,227946,224613,1.6550999999999476,113973,113973
open_boundary,35,128,4,open,600061,event,3329,1687,1642,0.812744140625,0.013517572844698107,0.013517572844698107,0,0,0,192134,188805,1.74770000000035,96067,96067
open_boundary,35,128,4,open,600062,event,3331,1641,1690,0.813232421875,-0.014710297208045632,0.014710297208045632,0,0,0,316459,313128,1.5965000000001055,158230,158229
open_boundary,35,128,4,open,600063,event,3326,1655,1671,0.81201171875,-0.004810583283223091,0.004810583283223091,0,0,0,225754,222428,1.7017000000000735,112877,112877
open_boundary,35,128,4,open,600064,event,3324,1634,1690,0.8115234375,-0.01684717208182912,0.01684717208182912,0,0,0,214321,210997,1.6515999999996893,107161,107160
open_boundary,35,128,4,open,600065,event,3351,1692,1659,0.818115234375,0.009847806624888093,0.009847806624888093,0,0,0,313567,310216,2.093800000000101,156784,156783
open_boundary,35,128,4,open,600066,event,3320,1700,1620,0.810546875,0.024096385542168676,0.024096385542168676,0,0,0,193352,190032,2.0079000000000633,96676,96676
open_boundary,35,128,4,open,600067,event,3327,1629,1698,0.812255859375,-0.020739404869251576,0.020739404869251576,0,0,0,250148,246821,2.0867000000002918,125074,125074
open_boundary,35,128,4,open,600068,event,3327,1745,1582,0.812255859375,0.048993086865043584,0.048993086865043584,0,0,0,151449,148122,1.9531000000001768,75725,75724
open_boundary,35,128,4,open,600069,event,3326,1676,1650,0.81201171875,0.007817197835237523,0.007817197835237523,0,0,0,230025,226699,1.6486999999997352,115013,115012
open_boundary,35,128,4,open,600070,event,3309,1540,1769,0.807861328125,-0.06920519794499849,0.06920519794499849,0,0,0,198778,195469,1.8096999999997934,99389,99389
open_boundary,35,128,4,open,600071,event,3320,1692,1628,0.810546875,0.01927710843373494,0.01927710843373494,0,0,0,231879,228559,1.6795999999999367,115940,115939
open_boundary,35,128,4,open,600072,event,3320,1640,1680,0.810546875,-0.012048192771084338,0.012048192771084338,0,0,0,181979,178659,1.7665000000001783,90990,90989
open_boundary,35,128,4,open,600073,event,3322,1671,1651,0.81103515625,0.006020469596628537,0.006020469596628537,0,0,0,211152,207830,1.6356999999998152,105576,105576
open_boundary,35,128,4,open,600074,event,3324,1755,1569,0.8115234375,0.05595667870036101,0.05595667870036101,0,0,0,244225,240901,1.709899999999834,122113,122112
open_boundary,35,128,4,open,600075,event,3315,1603,1712,0.809326171875,-0.03288084464555053,0.03288084464555053,0,0,0,321150,317835,1.516399999999976,160575,160575
open_boundary,35,128,4,open,600076,event,3334,1664,1670,0.81396484375,-0.001799640071985603,0.001799640071985603,0,0,0,173674,170340,1.6756999999997788,86837,86837
open_boundary,35,128,4,open,600077,event,3300,1636,1664,0.8056640625,-0.008484848484848486,0.008484848484848486,0,0,0,213898,210598,1.657799999999952,106949,106949
open_boundary,35,128,4,open,600078,event,3319,1641,1678,0.810302734375,-0.011147936125338957,0.011147936125338957,0,0,0,172838,169519,1.6035000000001673,86419,86419
open_boundary,35,128,4,open,600079,event,3301,1628,1673,0.805908203125,-0.013632232656770675,0.013632232656770675,0,0,0,231925,228624,1.893500000000131,115963,115962
open_boundary,35,128,4,open,600080,event,3334,1588,1746,0.81396484375,-0.047390521895620874,0.047390521895620874,0,0,0,240027,236693,1.9212000000002263,120014,120013
open_boundary,35,128,4,open,600081,event,3326,1645,1681,0.81201171875,-0.010823812387251955,0.010823812387251955,0,0,0,172191,168865,1.7626000000000204,86096,86095
open_boundary,35,128,4,open,600082,event,3314,1622,1692,0.80908203125,-0.02112251056125528,0.02112251056125528,0,0,0,239711,236397,1.9038000000000466,119856,119855
open_boundary,35,128,4,open,600083,event,3321,1649,1672,0.810791015625,-0.006925624811803674,0.006925624811803674,0,0,0,211869,208548,1.8351000000002387,105935,105934
open_boundary,35,128,4,open,600084,event,3324,1644,1680,0.8115234375,-0.010830324909747292,0.010830324909747292,0,0,0,201701,198377,1.641399999999976,100851,100850
open_boundary,35,128,4,open,600085,event,3312,1680,1632,0.80859375,0.014492753623188406,0.014492753623188406,0,0,0,194900,191588,1.8156000000003587,97450,97450
open_boundary,35,128,4,open,600086,event,3335,1703,1632,0.814208984375,0.021289355322338832,0.021289355322338832,0,0,0,191962,188627,1.7309000000000196,95981,95981
open_boundary,35,128,4,open,600087,event,3308,1676,1632,0.8076171875,0.013301088270858524,0.013301088270858524,0,0,0,186178,182870,1.685099999999693,93089,93089
open_boundary,35,128,4,open,600088,event,3301,1620,1681,0.805908203125,-0.01847924871251136,0.01847924871251136,0,0,0,186080,182779,1.7512000000001535,93040,93040
open_boundary,35,128,4,open,600089,event,3318,1618,1700,0.81005859375,-0.02471368294153104,0.02471368294153104,0,0,0,224404,221086,1.6163000000001375,112202,112202
open_boundary,35,128,4,open,600090,event,3332,1646,1686,0.8134765625,-0.012004801920768308,0.012004801920768308,0,0,0,181018,177686,1.7156999999997424,90509,90509
open_boundary,35,128,4,open,600091,event,3340,1653,1687,0.8154296875,-0.010179640718562874,0.010179640718562874,0,0,0,224944,221604,1.5679000000000087,112472,112472
open_boundary,35,128,4,open,600092,event,3281,1621,1660,0.801025390625,-0.011886619932947273,0.011886619932947273,0,0,0,158736,155455,1.7137000000002445,79368,79368
open_boundary,35,128,4,open,600093,event,3312,1613,1699,0.80859375,-0.025966183574879228,0.025966183574879228,0,0,0,200758,197446,1.5886000000000422,100379,100379
open_boundary,35,128,4,open,600094,event,3327,1772,1555,0.812255859375,0.0652239254583709,0.0652239254583709,0,0,0,233136,229809,1.7645000000002256,116568,116568
open_boundary,35,128,4,open,600095,event,3317,1688,1629,0.809814453125,0.017787157069641242,0.017787157069641242,0,0,0,180410,177093,1.7977000000000771,90205,90205
open_boundary,35,128,4,open,600096,event,3308,1634,1674,0.8076171875,-0.012091898428053204,0.012091898428053204,0,0,0,174577,171269,1.6626000000001113,87289,87288
open_boundary,35,128,4,open,600097,event,3334,1636,1698,0.81396484375,-0.01859628074385123,0.01859628074385123,0,0,0,269440,266106,1.648899999999685,134720,134720
open_boundary,35,128,4,open,600098,event,3320,1660,1660,0.810546875,0,0,0,0,0,170646,167326,1.5772000000001754,85323,85323
open_boundary,35,128,4,open,600099,event,3310,1690,1620,0.80810546875,0.021148036253776436,0.021148036253776436,0,0,0,285787,282477,1.6790000000000873,142894,142893
open_boundary,35,128,4,open,600100,event,3331,1661,1670,0.813232421875,-0.002701891323926749,0.002701891323926749,0,0,0,193569,190238,1.5996000000000095,96785,96784
open_boundary,35,128,4,open,600101,event,3331,1615,1716,0.813232421875,-0.03032122485740018,0.03032122485740018,0,0,0,228908,225577,1.7557000000001608,114454,114454
open_boundary,35,128,4,open,600102,event,3338,1615,1723,0.81494140625,-0.03235470341521869,0.03235470341521869,0,0,0,195907,192569,1.6143000000001848,97954,97953
open_boundary,35,128,4,open,600103,event,3313,1626,1687,0.808837890625,-0.018412315122245698,0.018412315122245698,0,0,0,170608,167295,1.6228000000000975,85304,85304
open_boundary,35,128,4,open,600104,event,3327,1644,1683,0.812255859375,-0.011722272317403066,0.011722272317403066,0,0,0,190496,187169,1.6153999999996813,95248,95248
open_boundary,35,128,4,open,600105,event,3331,1617,1714,0.813232421875,-0.029120384268988293,0.029120384268988293,0,0,0,268788,265457,1.6268999999997504,134394,134394
open_boundary,35,128,4,open,600106,event,3338,1642,1696,0.81494140625,-0.016177351707609346,0.016177351707609346,0,0,0,197474,194136,1.8847999999998137,98737,98737
open_boundary,35,128,4,open,600107,event,3349,1670,1679,0.817626953125,-0.0026873693639892504,0.0026873693639892504,0,0,0,164251,160902,1.5688999999997577,82126,82125
open_boundary,35,128,4,open,600108,event,3326,1666,1660,0.81201171875,0.0018039687312086591,0.0018039687312086591,0,0,0,254488,251162,1.9423999999999069,127244,127244
open_boundary,35,128,4,open,600109,event,3321,1675,1646,0.810791015625,0.008732309545317675,0.008732309545317675,0,0,0,225174,221853,1.5594999999998436,112587,112587
open_boundary,35,128,4,open,600110,event,3339,1657,1682,0.815185546875,-0.007487271638215035,0.007487271638215035,0,0,0,210538,207199,1.6806000000001404,105269,105269
open_boundary,35,128,4,open,600111,event,3316,1651,1665,0.8095703125,-0.004221954161640531,0.004221954161640531,0,0,0,183343,180027,1.57549999999992,91672,91671
open_boundary,35,128,4,open,600112,event,3336,1622,1714,0.814453125,-0.027577937649880094,0.027577937649880094,0,0,0,199489,196153,1.6514999999999418,99745,99744
open_boundary,35,128,4,open,600113,event,3337,1716,1621,0.814697265625,0.02846868444710818,0.02846868444710818,0,0,0,249210,245873,1.5596999999997934,124605,124605
open_boundary,35,128,4,open,600114,event,3320,1672,1648,0.810546875,0.007228915662650603,0.007228915662650603,0,0,0,203340,200020,1.6379000000001724,101670,101670
open_boundary,35,128,4,open,600115,event,3322,1679,1643,0.81103515625,0.010836845273931367,0.010836845273931367,0,0,0,262882,259560,1.8089999999997417,131441,131441
open_boundary,35,128,4,open,600116,event,3333,1681,1652,0.813720703125,0.0087008700870087,0.0087008700870087,0,0,0,229301,225968,1.6158999999997832,114651,114650
open_boundary,35,128,4,open,600117,event,3330,1538,1792,0.81298828125,-0.07627627627627627,0.07627627627627627,0,0,0,225641,222311,1.7016999999996187,112821,112820
open_boundary,35,128,4,open,600118,event,3324,1681,1643,0.8115234375,0.011432009626955475,0.011432009626955475,0,0,0,206283,202959,1.5446999999999207,103142,103141
open_boundary,35,128,4,open,600119,event,3308,1700,1608,0.8076171875,0.02781136638452237,0.02781136638452237,0,0,0,277153,273845,1.6165999999998348,138577,138576
open_boundary,35,128,4,open,600120,event,3338,1664,1674,0.81494140625,-0.0029958058717795086,0.0029958058717795086,0,0,0,195271,191933,1.5797999999999774,97636,97635
open_boundary,35,128,4,open,600121,event,3326,1617,1709,0.81201171875,-0.027660853878532773,0.027660853878532773,0,0,0,260550,257224,1.6981000000000677,130275,130275
open_boundary,35,128,4,open,600122,event,3332,1718,1614,0.8134765625,0.031212484993997598,0.031212484993997598,0,0,0,221842,218510,1.6255000000001019,110921,110921
open_boundary,35,128,4,open,600123,event,3321,1685,1636,0.810791015625,0.014754591990364349,0.014754591990364349,0,0,0,172205,168884,1.6709999999998217,86103,86102
open_boundary,35,128,4,open,600124,event,3310,1623,1687,0.80810546875,-0.01933534743202417,0.01933534743202417,0,0,0,270577,267267,1.6374000000000706,135289,135288
open_boundary,35,128,4,open,600125,event,3306,1615,1691,0.80712890625,-0.022988505747126436,0.022988505747126436,0,0,0,164572,161266,1.6346000000003187,82286,82286
open_boundary,35,128,4,open,600126,event,3308,1672,1636,0.8076171875,0.010882708585247884,0.010882708585247884,0,0,0,351616,348308,1.6876000000002023,175808,175808
open_boundary,35,128,4,open,600127,event,3314,1727,1587,0.80908203125,0.04224502112251056,0.04224502112251056,0,0,0,273379,270065,1.5383999999999105,136690,136689
open_boundary,35,128,4,open,600128,event,3313,1657,1656,0.808837890625,0.00030184123151222455,0.00030184123151222455,0,0,0,274111,270798,1.819499999999607,137056,137055
open_boundary,38,128,4,open,600001,event,3297,1649,1648,0.804931640625,0.00030330603579011223,0.00030330603579011223,1,15,0,154619,151322,1.5545000000001892,44721,109898
open_boundary,38,128,4,open,600002,event,3320,1660,1660,0.810546875,0,0,1,0,2,169474,166154,1.6966999999999643,106362,63112
open_boundary,38,128,4,open,600003,event,3315,1658,1657,0.809326171875,0.00030165912518853697,0.00030165912518853697,1,17,0,144412,141097,1.5338999999999032,46531,97881
open_boundary,38,128,4,open,600004,event,3300,1650,1650,0.8056640625,0,0,1,0,4,139376,136076,1.6570999999999003,77165,62211
open_boundary,38,128,4,open,600005,event,3300,1650,1650,0.8056640625,0,0,1,0,21,140339,137039,1.5381000000002132,100314,40025
open_boundary,38,128,4,open,600006,event,3315,1658,1657,0.809326171875,0.00030165912518853697,0.00030165912518853697,1,12,0,153552,150237,1.5700000000001637,48694,104858
open_boundary,38,128,4,open,600007,event,3299,1650,1649,0.805419921875,0.0003031221582297666,0.0003031221582297666,1,19,0,168172,164873,1.4726000000000568,41489,126683
open_boundary,38,128,4,open,600008,event,3240,1620,1620,0.791015625,0,0,1,0,53,89582,86342,1.5748999999996158,60723,28859
open_boundary,38,128,4,open,600009,event,3308,1654,1654,0.8076171875,0,0,1,0,5,160990,157682,1.526299999999992,112001,48989
open_boundary,38,128,4,open,600010,event,3251,1626,1625,0.793701171875,0.00030759766225776686,0.00030759766225776686,1,63,0,116756,113505,1.5284999999998945,28070,88686
open_boundary,38,128,4,open,600011,event,3290,1645,1645,0.80322265625,0,0,1,0,21,114574,111284,1.4939999999996871,68311,46263
open_boundary,38,128,4,open,600012,event,3319,1660,1659,0.810302734375,0.00030129557095510696,0.00030129557095510696,1,12,0,130636,127317,1.5891999999998916,47735,82901
open_boundary,38,128,4,open,600013,event,3326,1663,1663,0.81201171875,0,0,1,0,1,177116,173790,1.5902000000000953,111970,65146
open_boundary,38,128,4,open,600014,event,3303,1652,1651,0.806396484375,0.0003027550711474417,0.0003027550711474417,1,36,0,146798,143495,1.504399999999805,34333,112465
open_boundary,38,128,4,open,600015,event,3301,1651,1650,0.805908203125,0.0003029385034837928,0.0003029385034837928,1,10,0,142180,138879,1.6585000000000036,52670,89510
open_boundary,38,128,4,open,600016,event,3313,1657,1656,0.808837890625,0.00030184123151222455,0.00030184123151222455,1,5,0,191824,188511,1.496299999999792,61745,130079
open_boundary,38,128,4,open,600017,event,3292,1646,1646,0.8037109375,0,0,1,0,29,126978,123686,1.6050000000000182,92313,34665
open_boundary,38,128,4,open,600018,event,3289,1645,1644,0.802978515625,0.0003040437823046519,0.0003040437823046519,1,6,0,136138,132849,1.5504000000000815,60796,75342
open_boundary,38,128,4,open,600019,event,3309,1655,1654,0.807861328125,0.0003022061045633122,0.0003022061045633122,1,15,0,141965,138656,1.6008999999999105,47442,94523
open_boundary,38,128,4,open,600020,event,3296,1648,1648,0.8046875,0,0,1,0,18,120676,117380,1.5102999999999156,83183,37493
open_boundary,38,128,4,open,600021,event,3326,1663,1663,0.81201171875,0,0,1,0,13,139483,136157,1.7514000000001033,96381,43102
open_boundary,38,128,4,open,600022,event,3268,1634,1634,0.7978515625,0,0,1,0,36,131779,128511,1.495300000000043,93226,38553
open_boundary,38,128,4,open,600023,event,3308,1654,1654,0.8076171875,0,0,1,0,2,146549,143241,1.6478000000001884,69094,77455
open_boundary,38,128,4,open,600024,event,3312,1656,1656,0.80859375,0,0,1,0,10,151997,148685,1.4131999999999607,106990,45007
open_boundary,38,128,4,open,600025,event,3315,1658,1657,0.809326171875,0.00030165912518853697,0.00030165912518853697,1,17,0,147835,144520,1.71100000000024,44620,103215
open_boundary,38,128,4,open,600026,event,3264,1632,1632,0.796875,0,0,1,0,72,125905,122641,1.580500000000029,100611,25294
open_boundary,38,128,4,open,600027,event,3310,1655,1655,0.80810546875,0,0,1,0,36,120518,117208,1.6390999999998712,81611,38907
open_boundary,38,128,4,open,600028,event,3320,1660,1660,0.810546875,0,0,1,0,4,192575,189255,1.4738999999999578,115066,77509
open_boundary,38,128,4,open,600029,event,3269,1635,1634,0.798095703125,0.0003059039461609055,0.0003059039461609055,1,10,0,152362,149093,1.559700000000248,50138,102224
open_boundary,38,128,4,open,600030,event,3309,1655,1654,0.807861328125,0.0003022061045633122,0.0003022061045633122,1,15,0,157529,154220,1.5198999999997795,43209,114320
open_boundary,38,128,4,open,600031,event,3292,1646,1646,0.8037109375,0,0,1,0,14,162544,159252,1.5907999999999447,114094,48450
open_boundary,38,128,4,open,600032,event,3275,1638,1637,0.799560546875,0.0003053435114503817,0.0003053435114503817,1,26,0,145160,141885,1.466099999999642,38341,106819
open_boundary,38,128,4,open,600033,event,3328,1664,1664,0.8125,0,0,1,0,13,176765,173437,1.5673999999999069,127220,49545
open_boundary,38,128,4,open,600034,event,3308,1654,1654,0.8076171875,0,0,1,0,19,147036,143728,1.585399999999936,100855,46181
open_boundary,38,128,4,open,600035,event,3297,1649,1648,0.804931640625,0.00030330603579011223,0.00030330603579011223,1,19,0,145037,141740,1.4404999999997017,43766,101271
open_boundary,38,128,4,open,600036,event,3283,1642,1641,0.801513671875,0.0003045994517209869,0.0003045994517209869,1,28,0,116022,112739,1.6149000000000342,42897,73125
open_boundary,38,128,4,open,600037,event,3271,1636,1635,0.798583984375,0.0003057169061449098,0.0003057169061449098,1,40,0,113153,109882,1.557800000000043,31816,81337
open_boundary,38,128,4,open,600038,event,3283,1642,1641,0.801513671875,0.0003045994517209869,0.0003045994517209869,1,17,0,143457,140174,1.5810999999998785,52349,91108
open_boundary,38,128,4,open,600039,event,3315,1658,1657,0.809326171875,0.00030165912518853697,0.00030165912518853697,1,22,0,131431,128116,1.5066999999999098,41805,89626
open_boundary,38,128,4,open,600040,event,3268,1634,1634,0.7978515625,0,0,1,0,58,117489,114221,1.6311000000000604,86517,30972
open_boundary,38,128,4,open,600041,event,3293,1647,1646,0.803955078125,0.0003036744609778318,0.0003036744609778318,1,32,0,157108,153815,1.4335000000000946,34794,122314
open_boundary,38,128,4,open,600042,event,3287,1644,1643,0.802490234375,0.000304228780042592,0.000304228780042592,1,23,0,152735,149448,1.4657000000001972,46171,106564
open_boundary,38,128,4,open,600043,event,3340,1670,1670,0.8154296875,0,0,1,0,8,116412,113072,1.3960000000001855,60659,55753
open_boundary,38,128,4,open,600044,event,3313,1657,1656,0.808837890625,0.00030184123151222455,0.00030184123151222455,1,4,0,151331,148018,1.5119999999997162,53744,97587
open_boundary,38,128,4,open,600045,event,3312,1656,1656,0.80859375,0,0,1,0,8,136312,133000,1.4511999999999716,82924,53388
open_boundary,38,128,4,open,600046,event,3302,1651,1651,0.80615234375,0,0,1,0,2,147608,144306,1.5779999999999745,75226,72382
open_boundary,38,128,4,open,600047,event,3335,1668,1667,0.814208984375,0.0002998500749625187,0.0002998500749625187,1,25,0,147728,144393,1.3931000000002314,37685,110043
open_boundary,38,128,4,open,600048,event,3320,1660,1660,0.810546875,0,0,1,0,26,128901,125581,1.5127999999999702,89710,39191
open_boundary,38,128,4,open,600049,event,3287,1644,1643,0.802490234375,0.000304228780042592,0.000304228780042592,1,25,0,180279,176992,1.382799999999861,39460,140819
open_boundary,38,128,4,open,600050,event,3288,1644,1644,0.802734375,0,0,1,0,16,147806,144518,1.4522999999999229,99051,48755
open_boundary,38,128,4,open,600051,event,3328,1664,1664,0.8125,0,0,0,0,0,182889,179561,1.3809999999998581,101551,81338
open_boundary,38,128,4,open,600052,event,3295,1648,1647,0.804443359375,0.00030349013657056146,0.00030349013657056146,1,48,0,204207,200912,1.427299999999832,31519,172688
open_boundary,38,128,4,open,600053,event,3277,1639,1638,0.800048828125,0.0003051571559353067,0.0003051571559353067,1,6,0,282827,279550,1.3672999999998865,58433,224394
open_boundary,38,128,4,open,600054,event,3309,1655,1654,0.807861328125,0.0003022061045633122,0.0003022061045633122,1,4,0,152351,149042,1.4394000000002052,64189,88162
open_boundary,38,128,4,open,600055,event,3297,1649,1648,0.804931640625,0.00030330603579011223,0.00030330603579011223,1,32,0,189730,186433,1.459100000000035,34566,155164
open_boundary,38,128,4,open,600056,event,3278,1639,1639,0.80029296875,0,0,1,0,58,116052,112774,1.3196000000002641,85904,30148
open_boundary,38,128,4,open,600057,event,3273,1637,1636,0.799072265625,0.00030553009471432935,0.00030553009471432935,1,57,0,121899,118626,1.457600000000184,28334,93565
open_boundary,38,128,4,open,600058,event,3316,1658,1658,0.8095703125,0,0,1,0,14,144562,141246,1.3565000000003238,91550,53012
open_boundary,38,128,4,open,600059,event,3314,1657,1657,0.80908203125,0,0,1,0,11,123024,119710,1.5590000000001965,72895,50129
open_boundary,38,128,4,open,600060,event,3246,1623,1623,0.79248046875,0,0,1,0,70,203309,200063,1.5960000000000036,175402,27907
open_boundary,38,128,4,open,600061,event,3312,1656,1656,0.80859375,0,0,1,0,11,130409,127097,1.6399999999998727,79314,51095
open_boundary,38,128,4,open,600062,event,3322,1661,1661,0.81103515625,0,0,1,0,6,165512,162190,1.4810999999999694,106978,58534
open_boundary,38,128,4,open,600063,event,3315,1658,1657,0.809326171875,0.00030165912518853697,0.00030165912518853697,1,6,0,148066,144751,1.5922999999997955,63478,84588
open_boundary,38,128,4,open,600064,event,3295,1648,1647,0.804443359375,0.00030349013657056146,0.00030349013657056146,1,25,0,136590,133295,1.5072999999997592,42069,94521
open_boundary,38,128,4,open,600065,event,3308,1654,1654,0.8076171875,0,0,1,0,7,140300,136992,1.6012000000000626,79327,60973
open_boundary,38,128,4,open,600066,event,3282,1641,1641,0.80126953125,0,0,1,0,34,114883,111601,1.4689000000003034,81328,33555
open_boundary,38,128,4,open,600067,event,3322,1661,1661,0.81103515625,0,0,1,0,2,214142,210820,1.7478000000000975,138294,75848
open_boundary,38,128,4,open,600068,event,3314,1657,1657,0.80908203125,0,0,1,0,19,126114,122800,1.5632000000000517,81026,45088
open_boundary,38,128,4,open,600069,event,3313,1657,1656,0.808837890625,0.00030184123151222455,0.00030184123151222455,1,16,0,142695,139382,1.554200000000037,46690,96005
open_boundary,38,128,4,open,600070,event,3321,1661,1660,0.810791015625,0.00030111412225233364,0.00030111412225233364,0,0,0,233780,230459,1.4262000000003354,136341,97439
open_boundary,38,128,4,open,600071,event,3287,1644,1643,0.802490234375,0.000304228780042592,0.000304228780042592,1,21,0,149567,146280,1.5045999999997548,40565,109002
open_boundary,38,128,4,open,600072,event,3302,1651,1651,0.80615234375,0,0,1,0,16,134739,131437,1.452099999999973,90015,44724
open_boundary,38,128,4,open,600073,event,3305,1653,1652,0.806884765625,0.000302571860816944,0.000302571860816944,1,11,0,141100,137795,1.5059000000001106,44006,97094
open_boundary,38,128,4,open,600074,event,3304,1652,1652,0.806640625,0,0,1,0,20,181202,177898,1.397200000000339,139797,41405
open_boundary,38,128,4,open,600075,event,3288,1644,1644,0.802734375,0,0,1,0,30,131912,128624,1.466399999999794,96974,34938
open_boundary,38,128,4,open,600076,event,3284,1642,1642,0.8017578125,0,0,1,0,35,119100,115816,1.481800000000021,85465,33635
open_boundary,38,128,4,open,600077,event,3320,1660,1660,0.810546875,0,0,1,0,2,171377,168057,1.906500000000051,103654,67723
open_boundary,38,128,4,open,600078,event,3291,1646,1645,0.803466796875,0.00030385900941962927,0.00030385900941962927,1,17,0,166928,163637,1.7555999999999585,44384,122544
open_boundary,38,128,4,open,600079,event,3301,1651,1650,0.805908203125,0.0003029385034837928,0.0003029385034837928,1,28,0,123814,120513,1.4854999999997744,36890,86924
open_boundary,38,128,4,open,600080,event,3308,1654,1654,0.8076171875,0,0,1,0,7,139302,135994,1.7427999999999884,75052,64250
open_boundary,38,128,4,open,600081,event,3308,1654,1654,0.8076171875,0,0,1,0,6,165016,161708,1.5857999999998356,100107,64909
open_boundary,38,128,4,open,600082,event,3311,1656,1655,0.808349609375,0.0003020235578375113,0.0003020235578375113,0,0,0,207452,204141,1.5670000000000073,116684,90768
open_boundary,38,128,4,open,600083,event,3308,1654,1654,0.8076171875,0,0,1,0,16,149876,146568,1.474999999999909,100956,48920
open_boundary,38,128,4,open,600084,event,3322,1661,1661,0.81103515625,0,0,1,0,10,153053,149731,1.6507000000001426,101038,52015
open_boundary,38,128,4,open,600085,event,3289,1645,1644,0.802978515625,0.0003040437823046519,0.0003040437823046519,1,36,0,177588,174299,1.5237999999999374,34718,142870
open_boundary,38,128,4,open,600086,event,3300,1650,1650,0.8056640625,0,0,1,0,5,142320,139020,1.5886999999997897,83219,59101
open_boundary,38,128,4,open,600087,event,3300,1650,1650,0.8056640625,0,0,1,0,13,151242,147942,1.442700000000059,101251,49991
open_boundary,38,128,4,open,600088,event,3263,1632,1631,0.796630859375,0.00030646644192460924,0.00030646644192460924,1,57,0,144143,140880,1.5046000000002095,28103,116040
open_boundary,38,128,4,open,600089,event,3296,1648,1648,0.8046875,0,0,1,0,15,136418,133122,1.4658999999996922,86698,49720
open_boundary,38,128,4,open,600090,event,3292,1646,1646,0.8037109375,0,0,1,0,33,154491,151199,1.5502999999998792,117767,36724
open_boundary,38,128,4,open,600091,event,3264,1632,1632,0.796875,0,0,1,0,39,99754,96490,1.4230999999999767,66867,32887
open_boundary,38,128,4,open,600092,event,3302,1651,1651,0.80615234375,0,0,1,0,30,154979,151677,1.5489999999999782,118799,36180
open_boundary,38,128,4,open,600093,event,3298,1649,1649,0.80517578125,0,0,1,0,6,146476,143178,1.4909999999999854,83743,62733
open_boundary,38,128,4,open,600094,event,3298,1649,1649,0.80517578125,0,0,1,0,15,154429,151131,1.5929000000000997,108889,45540
open_boundary,38,128,4,open,600095,event,3270,1635,1635,0.79833984375,0,0,1,0,65,130722,127452,1.513300000000072,100217,30505
open_boundary,38,128,4,open,600096,event,3304,1652,1652,0.806640625,0,0,1,0,8,117920,114616,1.5515000000000327,65759,52161
open_boundary,38,128,4,open,600097,event,3294,1647,1647,0.80419921875,0,0,1,0,11,126795,123501,1.5350000000003092,79563,47232
open_boundary,38,128,4,open,600098,event,3298,1649,1649,0.80517578125,0,0,1,0,20,136638,133340,1.4614999999998872,89857,46781
open_boundary,38,128,4,open,600099,event,3319,1660,1659,0.810302734375,0.00030129557095510696,0.00030129557095510696,1,7,0,151419,148100,1.6849999999999454,56528,94891
open_boundary,38,128,4,open,600100,event,3287,1644,1643,0.802490234375,0.000304228780042592,0.000304228780042592,1,42,0,110544,107257,1.6188999999999396,31823,78721
open_boundary,38,128,4,open,600101,event,3320,1660,1660,0.810546875,0,0,1,0,17,144377,141057,1.5806000000002314,98780,45597
open_boundary,38,128,4,open,600102,event,3311,1656,1655,0.808349609375,0.0003020235578375113,0.0003020235578375113,1,22,0,127849,124538,1.5165999999999258,38947,88902
open_boundary,38,128,4,open,600103,event,3291,1646,1645,0.803466796875,0.00030385900941962927,0.00030385900941962927,1,51,0,104159,100868,1.5941000000002532,29872,74287
open_boundary,38,128,4,open,600104,event,3326,1663,1663,0.81201171875,0,0,1,0,8,140302,136976,1.4955999999997402,82116,58186
open_boundary,38,128,4,open,600105,event,3331,1666,1665,0.813232421875,0.0003002101471029721,0.0003002101471029721,1,1,0,187855,184524,1.5933999999997468,114704,73151
open_boundary,38,128,4,open,600106,event,3292,1646,1646,0.8037109375,0,0,1,0,34,140769,137477,1.4704000000001543,107148,33621
open_boundary,38,128,4,open,600107,event,3296,1648,1648,0.8046875,0,0,1,0,15,167184,163888,1.587500000000091,123199,43985
open_boundary,38,128,4,open,600108,event,3291,1646,1645,0.803466796875,0.00030385900941962927,0.00030385900941962927,1,23,0,180861,177570,1.487999999999829,41620,139241
open_boundary,38,128,4,open,600109,event,3308,1654,1654,0.8076171875,0,0,1,0,26,113993,110685,1.4983999999999469,71544,42449
open_boundary,38,128,4,open,600110,event,3310,1655,1655,0.80810546875,0,0,1,0,8,139382,136072,1.4814000000001215,89751,49631
open_boundary,38,128,4,open,600111,event,3301,1651,1650,0.805908203125,0.0003029385034837928,0.0003029385034837928,1,11,0,138874,135573,1.5212999999998829,52272,86602
open_boundary,38,128,4,open,600112,event,3308,1654,1654,0.8076171875,0,0,1,0,7,175216,171908,1.5159000000003289,113911,61305
open_boundary,38,128,4,open,600113,event,3278,1639,1639,0.80029296875,0,0,1,0,51,109217,105939,1.4887000000003354,80829,28388
open_boundary,38,128,4,open,600114,event,3324,1662,1662,0.8115234375,0,0,1,0,10,167255,163931,1.4441999999999098,122164,45091
open_boundary,38,128,4,open,600115,event,3306,1653,1653,0.80712890625,0,0,1,0,37,144285,140979,1.4875999999999294,110326,33959
open_boundary,38,128,4,open,600116,event,3251,1626,1625,0.793701171875,0.00030759766225776686,0.00030759766225776686,1,74,0,133320,130069,1.4967999999998938,26218,107102
open_boundary,38,128,4,open,600117,event,3308,1654,1654,0.8076171875,0,0,1,0,17,139676,136368,1.5298000000002503,93947,45729
open_boundary,38,128,4,open,600118,event,3315,1658,1657,0.809326171875,0.00030165912518853697,0.00030165912518853697,1,4,0,141461,138146,1.4758999999999105,63843,77618
open_boundary,38,128,4,open,600119,event,3315,1658,1657,0.809326171875,0.00030165912518853697,0.00030165912518853697,1,3,0,218739,215424,1.4014999999999418,72838,145901
open_boundary,38,128,4,open,600120,event,3293,1647,1646,0.803955078125,0.0003036744609778318,0.0003036744609778318,1,23,0,142767,139474,1.5378000000000611,39466,103301
open_boundary,38,128,4,open,600121,event,3284,1642,1642,0.8017578125,0,0,1,0,34,134436,131152,1.419499999999971,93564,40872
open_boundary,38,128,4,open,600122,event,3292,1646,1646,0.8037109375,0,0,1,0,14,160536,157244,1.5592999999998938,116329,44207
open_boundary,38,128,4,open,600123,event,3328,1664,1664,0.8125,0,0,1,0,1,178980,175652,1.4791000000000167,75877,103103
open_boundary,38,128,4,open,600124,event,3323,1662,1661,0.811279296875,0.0003009328919650918,0.0003009328919650918,1,4,0,171492,168169,1.5202000000003864,59207,112285
open_boundary,38,128,4,open,600125,event,3319,1660,1659,0.810302734375,0.00030129557095510696,0.00030129557095510696,1,2,0,142431,139112,1.4650000000001455,60083,82348
open_boundary,38,128,4,open,600126,event,3304,1652,1652,0.806640625,0,0,1,0,10,172554,169250,1.5263999999997395,109228,63326
open_boundary,38,128,4,open,600127,event,3267,1634,1633,0.797607421875,0.00030609121518212427,0.00030609121518212427,1,24,0,153468,150201,1.4250999999999294,41596,111872
open_boundary,38,128,4,open,600128,event,3311,1656,1655,0.808349609375,0.0003020235578375113,0.0003020235578375113,1,17,0,140079,136768,1.522899999999936,48706,91373
open_boundary,41,128,4,open,600001,event,3315,1766,1549,0.809326171875,0.06546003016591252,0.06546003016591252,0,0,0,264957,261642,1.5670000000000073,132587,132370
open_boundary,41,128,4,open,600002,event,3324,1600,1724,0.8115234375,-0.03730445246690734,0.03730445246690734,0,0,0,204878,201554,1.6269000000002052,102377,102501
open_boundary,41,128,4,open,600003,event,3305,1960,1345,0.806884765625,0.18608169440242056,0.18608169440242056,0,0,0,229058,225753,1.5359000000003107,114837,114221
open_boundary,41,128,4,open,600004,event,3338,1943,1395,0.81494140625,0.16417016177351706,0.16417016177351706,0,0,0,226495,223157,1.600999999999658,113522,112973
open_boundary,41,128,4,open,600005,event,3311,1911,1400,0.808349609375,0.1543340380549683,0.1543340380549683,0,0,0,210439,207128,1.6224999999999454,105475,104964
open_boundary,41,128,4,open,600006,event,3328,1881,1447,0.8125,0.13040865384615385,0.13040865384615385,0,0,0,203719,200391,1.5165999999999258,102077,101642
open_boundary,41,128,4,open,600007,event,3330,2159,1171,0.81298828125,0.2966966966966967,0.2966966966966967,0,0,0,223191,219861,1.6361000000001695,112090,111101
open_boundary,41,128,4,open,600008,event,3313,1722,1591,0.808837890625,0.03954120132810142,0.03954120132810142,0,0,0,206839,203526,1.5524999999997817,103485,103354
open_boundary,41,128,4,open,600009,event,3303,1902,1401,0.806396484375,0.1516802906448683,0.1516802906448683,0,0,0,215159,211856,1.8076999999998407,107830,107329
open_boundary,41,128,4,open,600010,event,3299,1897,1402,0.805419921875,0.15004546832373447,0.15004546832373447,0,0,0,184640,181341,1.5960000000000036,92568,92072
open_boundary,41,128,4,open,600011,event,3331,1758,1573,0.813232421875,0.055538877214049834,0.055538877214049834,0,0,0,254086,250755,1.7384999999999309,127136,126950
open_boundary,41,128,4,open,600012,event,3332,1806,1526,0.8134765625,0.08403361344537816,0.08403361344537816,0,0,0,182717,179385,1.65099999999984,91499,91218
open_boundary,41,128,4,open,600013,event,3315,1958,1357,0.809326171875,0.1812971342383107,0.1812971342383107,0,0,0,160169,156854,1.717200000000048,80385,79784
open_boundary,41,128,4,open,600014,event,3335,1810,1525,0.814208984375,0.08545727136431784,0.08545727136431784,0,0,0,211418,208083,1.5865999999996347,105852,105566
open_boundary,41,128,4,open,600015,event,3323,1674,1649,0.811279296875,0.007523322299127295,0.007523322299127295,0,0,0,264641,261318,1.7229000000002088,132333,132308
open_boundary,41,128,4,open,600016,event,3284,1991,1293,0.8017578125,0.21254567600487212,0.21254567600487212,0,0,0,189657,186373,1.794499999999971,95178,94479
open_boundary,41,128,4,open,600017,event,3324,1878,1446,0.8115234375,0.1299638989169675,0.1299638989169675,0,0,0,209787,206463,1.5925000000002,105110,104677
open_boundary,41,128,4,open,600018,event,3332,2126,1206,0.8134765625,0.27611044417767105,0.27611044417767105,0,0,0,218042,214710,1.7583999999997104,109481,108561
open_boundary,41,128,4,open,600019,event,3300,1888,1412,0.8056640625,0.14424242424242426,0.14424242424242426,0,0,0,197997,194697,1.5938000000001011,99237,98760
open_boundary,41,128,4,open,600020,event,3309,1787,1522,0.807861328125,0.08008461770927773,0.08008461770927773,0,0,0,170011,166702,1.6345000000001164,85138,84873
open_boundary,41,128,4,open,600021,event,3315,1835,1480,0.809326171875,0.10708898944193061,0.10708898944193061,0,0,0,224306,220991,1.5893000000000939,112331,111975
open_boundary,41,128,4,open,600022,event,3312,1948,1364,0.80859375,0.17632850241545894,0.17632850241545894,0,0,0,202375,199063,1.6642000000001644,101480,100895
open_boundary,41,128,4,open,600023,event,3330,1730,1600,0.81298828125,0.03903903903903904,0.03903903903903904,0,0,0,242915,239585,1.5676999999996042,121523,121392
open_boundary,41,128,4,open,600024,event,3320,1838,1482,0.810546875,0.10722891566265061,0.10722891566265061,0,0,0,194747,191427,1.8072000000001935,97552,97195
open_boundary,41,128,4,open,600025,event,3351,1744,1607,0.818115234375,0.0408833184124142,0.0408833184124142,0,0,0,237494,234143,1.7053000000000793,118816,118678
open_boundary,41,128,4,open,600026,event,3319,2076,1243,0.810302734375,0.2509792106056041,0.2509792106056041,0,0,0,218175,214856,1.5466999999998734,109504,108671
open_boundary,41,128,4,open,600027,event,3288,1998,1290,0.802734375,0.21532846715328466,0.21532846715328466,0,0,0,217919,214631,1.9027000000000953,109314,108605
open_boundary,41,128,4,open,600028,event,3327,1819,1508,0.812255859375,0.0934776074541629,0.0934776074541629,0,0,0,246903,243576,1.61620000000039,123607,123296
open_boundary,41,128,4,open,600029,event,3326,1909,1417,0.81201171875,0.14792543595911004,0.14792543595911004,0,0,0,247213,243887,1.627400000000307,123853,123360
open_boundary,41,128,4,open,600030,event,3320,1998,1322,0.810546875,0.2036144578313253,0.2036144578313253,0,0,0,228655,225335,1.5612999999998465,114666,113989
open_boundary,41,128,4,open,600031,event,3298,1910,1388,0.80517578125,0.15827774408732564,0.15827774408732564,0,0,0,204296,200998,1.6335000000003674,102409,101887
open_boundary,41,128,4,open,600032,event,3323,1853,1470,0.811279296875,0.11525729762263015,0.11525729762263015,0,0,0,220490,217167,1.7158999999996922,110437,110053
open_boundary,41,128,4,open,600033,event,3315,1433,1882,0.809326171875,-0.13544494720965308,0.13544494720965308,0,0,0,283910,280595,1.6135000000003856,141731,142179
open_boundary,41,128,4,open,600034,event,3310,1815,1495,0.80810546875,0.09667673716012085,0.09667673716012085,0,0,0,187071,183761,1.6992999999997664,93696,93375
open_boundary,41,128,4,open,600035,event,3295,1927,1368,0.804443359375,0.16965098634294384,0.16965098634294384,0,0,0,215378,212083,1.5466000000001259,107969,107409
open_boundary,41,128,4,open,600036,event,3306,1716,1590,0.80712890625,0.038112522686025406,0.038112522686025406,0,0,0,332672,329366,1.9160999999999149,166399,166273
open_boundary,41,128,4,open,600037,event,3326,1789,1537,0.81201171875,0.07576668671076368,0.07576668671076368,0,0,0,220735,217409,1.7253999999998086,110494,110241
open_boundary,41,128,4,open,600038,event,3320,1696,1624,0.810546875,0.021686746987951807,0.021686746987951807,0,0,0,166369,163049,1.7395000000001346,83221,83148
open_boundary,41,128,4,open,600039,event,3312,1651,1661,0.80859375,-0.0030193236714975845,0.0030193236714975845,0,0,0,208493,205181,1.623199999999997,104242,104251
open_boundary,41,128,4,open,600040,event,3320,1883,1437,0.810546875,0.13433734939759037,0.13433734939759037,0,0,0,198816,195496,1.7311000000004242,99631,99185
open_boundary,41,128,4,open,600041,event,3332,1634,1698,0.8134765625,-0.01920768307322929,0.01920768307322929,0,0,0,215713,212381,1.6670999999996639,107825,107888
open_boundary,41,128,4,open,600042,event,3305,1914,1391,0.806884765625,0.15824508320726172,0.15824508320726172,0,0,0,190712,187407,1.8079999999999927,95618,95094
open_boundary,41,128,4,open,600043,event,3312,1956,1356,0.80859375,0.18115942028985507,0.18115942028985507,0,0,0,171859,168547,1.6170000000001892,86230,85629
open_boundary,41,128,4,open,600044,event,3317,1754,1563,0.809814453125,0.05758215254748267,0.05758215254748267,0,0,0,231660,228343,1.7282000000000153,115926,115734
open_boundary,41,128,4,open,600045,event,3325,1869,1456,0.811767578125,0.12421052631578948,0.12421052631578948,0,0,0,301853,298528,1.869799999999941,151133,150720
open_boundary,41,128,4,open,600046,event,3319,1780,1539,0.810302734375,0.07261223260018078,0.07261223260018078,0,0,0,168260,164941,1.668999999999869,84251,84009
open_boundary,41,128,4,open,600047,event,3322,1921,1401,0.81103515625,0.15653220951234195,0.15653220951234195,0,0,0,274608,271286,1.7444000000000415,137564,137044
open_boundary,41,128,4,open,600048,event,3324,2021,1303,0.8115234375,0.21600481347773767,0.21600481347773767,0,0,0,204196,200872,1.6218000000003485,102457,101739
open_boundary,41,128,4,open,600049,event,3330,1492,1838,0.81298828125,-0.1039039039039039,0.1039039039039039,0,0,0,288223,284893,1.684099999999944,143939,144284
open_boundary,41,128,4,open,600050,event,3322,1740,1582,0.81103515625,0.047561709813365445,0.047561709813365445,0,0,0,203810,200488,1.6125999999999294,101984,101826
open_boundary,41,128,4,open,600051,event,3305,1456,1849,0.806884765625,-0.118910741301059,0.118910741301059,0,0,0,202056,198751,1.6626000000001113,100832,101224
open_boundary,41,128,4,open,600052,event,3310,2011,1299,0.80810546875,0.21510574018126888,0.21510574018126888,0,0,0,203714,200404,1.674199999999928,102213,101501
open_boundary,41,128,4,open,600053,event,3344,1602,1742,0.81640625,-0.041866028708133975,0.041866028708133975,0,0,0,197711,194367,1.7676000000001295,98786,98925
open_boundary,41,128,4,open,600054,event,3315,2004,1311,0.809326171875,0.20904977375565612,0.20904977375565612,0,0,0,173009,169694,1.7204999999999018,86851,86158
open_boundary,41,128,4,open,600055,event,3298,1909,1389,0.80517578125,0.15767131594906003,0.15767131594906003,0,0,0,216070,212772,1.522200000000339,108295,107775
open_boundary,41,128,4,open,600056,event,3302,2027,1275,0.80615234375,0.22774076317383404,0.22774076317383404,0,0,0,221705,218403,1.855199999999968,111229,110476
open_boundary,41,128,4,open,600057,event,3289,1397,1892,0.802978515625,-0.1505016722408027,0.1505016722408027,0,0,0,167238,163949,1.623700000000099,83372,83866
open_boundary,41,128,4,open,600058,event,3307,1718,1589,0.807373046875,0.039008164499546416,0.039008164499546416,0,0,0,201797,198490,1.7300999999997657,100963,100834
open_boundary,41,128,4,open,600059,event,3311,1988,1323,0.808349609375,0.20084566596194503,0.20084566596194503,0,0,0,187488,184177,1.6300000000001091,94077,93411
open_boundary,41,128,4,open,600060,event,3324,1828,1496,0.8115234375,0.09987966305655836,0.09987966305655836,0,0,0,233616,230292,1.7103000000001884,116974,116642
open_boundary,41,128,4,open,600061,event,3334,2049,1285,0.81396484375,0.22915416916616677,0.22915416916616677,0,0,0,285399,282065,1.5859000000000378,143082,142317
open_boundary,41,128,4,open,600062,event,3314,1925,1389,0.80908203125,0.16173808086904043,0.16173808086904043,0,0,0,234963,231649,1.6760999999996784,117750,117213
open_boundary,41,128,4,open,600063,event,3322,1781,1541,0.81103515625,0.07224563515954245,0.07224563515954245,0,0,0,279365,276043,1.7260000000001128,139803,139562
open_boundary,41,128,4,open,600064,event,3330,1978,1352,0.81298828125,0.187987987987988,0.187987987987988,0,0,0,234754,231424,1.6521999999999935,117690,117064
open_boundary,41,128,4,open,600065,event,3333,1626,1707,0.813720703125,-0.024302430243024302,0.024302430243024302,0,0,0,207601,204268,1.659400000000005,103760,103841
open_boundary,41,128,4,open,600066,event,3330,1599,1731,0.81298828125,-0.03963963963963964,0.03963963963963964,0,0,0,267678,264348,1.5301999999996951,133773,133905
open_boundary,41,128,4,open,600067,event,3303,1727,1576,0.806396484375,0.0457160157432637,0.0457160157432637,0,0,0,231629,228326,1.630800000000363,115890,115739
open_boundary,41,128,4,open,600068,event,3297,1691,1606,0.804931640625,0.025781013042159538,0.025781013042159538,0,0,0,212559,209262,1.6489000000001397,106322,106237
open_boundary,41,128,4,open,600069,event,3336,2120,1216,0.814453125,0.2709832134292566,0.2709832134292566,0,0,0,213764,210428,1.792699999999968,107334,106430
open_boundary,41,128,4,open,600070,event,3307,2054,1253,0.807373046875,0.2422134865436952,0.2422134865436952,0,0,0,176605,173298,1.6141999999999825,88703,87902
open_boundary,41,128,4,open,600071,event,3321,1983,1338,0.810791015625,0.1942186088527552,0.1942186088527552,0,0,0,211070,207749,1.694999999999709,105858,105212
open_boundary,41,128,4,open,600072,event,3358,1697,1661,0.81982421875,0.01072066706372841,0.01072066706372841,0,0,0,203674,200316,1.6370999999999185,101855,101819
open_boundary,41,128,4,open,600073,event,3324,1810,1514,0.8115234375,0.08904933814681107,0.08904933814681107,0,0,0,165457,162133,1.681300000000192,82877,82580
open_boundary,41,128,4,open,600074,event,3313,1607,1706,0.808837890625,-0.02988228191971023,0.02988228191971023,0,0,0,209039,205726,1.6395000000002256,104470,104569
open_boundary,41,128,4,open,600075,event,3304,1943,1361,0.806640625,0.1761501210653753,0.1761501210653753,0,0,0,206806,203502,1.5570999999999913,103694,103112
open_boundary,41,128,4,open,600076,event,3337,1840,1497,0.814697265625,0.1027869343721906,0.1027869343721906,0,0,0,218720,215383,1.6471000000001368,109532,109188
open_boundary,41,128,4,open,600077,event,3341,1782,1559,0.815673828125,0.06674648308889554,0.06674648308889554,0,0,0,306518,303177,1.5460000000002765,153371,153147
open_boundary,41,128,4,open,600078,event,3315,2052,1263,0.809326171875,0.23800904977375564,0.23800904977375564,0,0,0,244861,241546,1.584899999999834,122825,122036
open_boundary,41,128,4,open,600079,event,3319,1985,1334,0.810302734375,0.19614341669177462,0.19614341669177462,0,0,0,267743,264424,1.4739000000004125,134197,133546
open_boundary,41,128,4,open,600080,event,3319,1839,1480,0.810302734375,0.1081651099728834,0.1081651099728834,0,0,0,201188,197869,1.583299999999781,100774,100414
open_boundary,41,128,4,open,600081,event,3321,2027,1294,0.810791015625,0.22071665161096055,0.22071665161096055,0,0,0,239143,235822,1.50879999999961,119938,119205
open_boundary,41,128,4,open,600082,event,3324,1799,1525,0.8115234375,0.08243080625752106,0.08243080625752106,0,0,0,302760,299436,1.625800000000254,151517,151243
open_boundary,41,128,4,open,600083,event,3318,1805,1513,0.81005859375,0.08800482218203737,0.08800482218203737,0,0,0,247193,243875,1.6082000000001244,123743,123450
open_boundary,41,128,4,open,600084,event,3321,2001,1320,0.810791015625,0.2050587172538392,0.2050587172538392,0,0,0,200705,197384,1.494300000000294,100693,100012
open_boundary,41,128,4,open,600085,event,3334,1870,1464,0.81396484375,0.1217756448710258,0.1217756448710258,0,0,0,206207,202873,1.6707000000001244,103307,102900
open_boundary,41,128,4,open,600086,event,3284,1683,1601,0.8017578125,0.024969549330085262,0.024969549330085262,0,0,0,212136,208852,1.5104999999998654,106109,106027
open_boundary,41,128,4,open,600087,event,3342,2154,1188,0.81591796875,0.289048473967684,0.289048473967684,0,0,0,253043,249701,1.6110999999996238,127005,126038
open_boundary,41,128,4,open,600088,event,3294,1832,1462,0.80419921875,0.11232544019429265,0.11232544019429265,0,0,0,206326,203032,1.5293000000001484,103348,102978
open_boundary,41,128,4,open,600089,event,3320,1894,1426,0.810546875,0.14096385542168674,0.14096385542168674,0,0,0,195278,191958,1.625999999999749,97873,97405
open_boundary,41,128,4,open,600090,event,3338,1940,1398,0.81494140625,0.16237267825044938,0.16237267825044938,0,0,0,216965,213627,1.5489999999999782,108754,108211
open_boundary,41,128,4,open,600091,event,3301,2012,1289,0.805908203125,0.2190245380187822,0.2190245380187822,0,0,0,184725,181424,1.6253999999998996,92724,92001
open_boundary,41,128,4,open,600092,event,3313,1699,1614,0.808837890625,0.02565650467853909,0.02565650467853909,0,0,0,185028,181715,1.754099999999653,92557,92471
open_boundary,41,128,4,open,600093,event,3327,1881,1446,0.812255859375,0.13074842200180342,0.13074842200180342,0,0,0,182419,179092,1.5144000000000233,91427,90992
open_boundary,41,128,4,open,600094,event,3319,1407,1912,0.810302734375,-0.152154263332329,0.152154263332329,0,0,0,232961,229642,1.6783999999997832,116228,116733
open_boundary,41,128,4,open,600095,event,3333,1892,1441,0.813720703125,0.1353135313531353,0.1353135313531353,0,0,0,301139,297806,1.6071999999999207,150795,150344
open_boundary,41,128,4,open,600096,event,3307,1680,1627,0.807373046875,0.016026610220743878,0.016026610220743878,0,0,0,206824,203517,1.7278000000001157,103439,103385
open_boundary,41,128,4,open,600097,event,3329,1661,1668,0.812744140625,-0.0021027335536197055,0.0021027335536197055,0,0,0,194095,190766,1.5603000000000975,97044,97051
open_boundary,41,128,4,open,600098,event,3309,1706,1603,0.807861328125,0.031127228770021154,0.031127228770021154,0,0,0,209525,206216,1.6640999999999622,104814,104711
open_boundary,41,128,4,open,600099,event,3331,1910,1421,0.813232421875,0.14680276193335334,0.14680276193335334,0,0,0,231525,228194,1.516700000000128,116007,115518
open_boundary,41,128,4,open,600100,event,3311,2049,1262,0.808349609375,0.2376925400181214,0.2376925400181214,0,0,0,291017,287706,1.6047000000003209,145902,145115
open_boundary,41,128,4,open,600101,event,3305,2052,1253,0.806884765625,0.24175491679273828,0.24175491679273828,0,0,0,205511,202206,1.5651000000002568,103155,102356
open_boundary,41,128,4,open,600102,event,3319,1504,1815,0.810302734375,-0.09370292256703826,0.09370292256703826,0,0,0,219863,216544,1.6607999999996537,109776,110087
open_boundary,41,128,4,open,600103,event,3315,1864,1451,0.809326171875,0.12458521870286576,0.12458521870286576,0,0,0,177415,174100,1.6203999999997905,88914,88501
open_boundary,41,128,4,open,600104,event,3311,1627,1684,0.808349609375,-0.017215342796738146,0.017215342796738146,0,0,0,199791,196480,1.5492000000003827,99867,99924
open_boundary,41,128,4,open,600105,event,3342,2052,1290,0.81591796875,0.22800718132854578,0.22800718132854578,0,0,0,225057,221715,1.6404999999999745,112910,112147
open_boundary,41,128,4,open,600106,event,3317,1771,1546,0.809814453125,0.06783237865541152,0.06783237865541152,0,0,0,188767,185450,1.519800000000032,94496,94271
open_boundary,41,128,4,open,600107,event,3324,1838,1486,0.8115234375,0.10589651022864019,0.10589651022864019,0,0,0,194583,191259,1.695799999999963,97468,97115
open_boundary,41,128,4,open,600108,event,3317,1927,1390,0.809814453125,0.16189327705758216,0.16189327705758216,0,0,0,232061,228744,1.5252000000000407,116299,115762
open_boundary,41,128,4,open,600109,event,3331,1687,1644,0.813232421875,0.0129090363254278,0.0129090363254278,0,0,0,200699,197368,1.6498999999998887,100371,100328
open_boundary,41,128,4,open,600110,event,3317,1540,1777,0.809814453125,-0.07145010551703346,0.07145010551703346,0,0,0,280100,276783,1.5342999999998028,139932,140168
open_boundary,41,128,4,open,600111,event,3320,1925,1395,0.810546875,0.15963855421686746,0.15963855421686746,0,0,0,197584,194264,1.8213000000000648,99057,98527
open_boundary,41,128,4,open,600112,event,3323,1751,1572,0.811279296875,0.05386698766175143,0.05386698766175143,0,0,0,214380,211057,1.6786000000001877,107280,107100
open_boundary,41,128,4,open,600113,event,3311,1407,1904,0.808349609375,-0.15010570824524314,0.15010570824524314,0,0,0,259083,255772,1.5752999999999702,129293,129790
open_boundary,41,128,4,open,600114,event,3300,2076,1224,0.8056640625,0.2581818181818182,0.2581818181818182,0,0,0,220635,217335,1.8440999999997985,110744,109891
open_boundary,41,128,4,open,600115,event,3321,1667,1654,0.810791015625,0.003914483589280337,0.003914483589280337,0,0,0,172881,169560,1.753099999999904,86447,86434
open_boundary,41,128,4,open,600116,event,3302,1776,1526,0.80615234375,0.07571168988491823,0.07571168988491823,0,0,0,242234,238932,1.841099999999642,121242,120992
open_boundary,41,128,4,open,600117,event,3349,1761,1588,0.817626953125,0.05165721110779337,0.05165721110779337,0,0,0,200469,197120,1.6657000000000153,100321,100148
open_boundary,41,128,4,open,600118,event,3319,2030,1289,0.810302734375,0.22326001807773427,0.22326001807773427,0,0,0,228602,225283,1.7486999999996442,114672,113930
open_boundary,41,128,4,open,600119,event,3341,1841,1500,0.815673828125,0.1020652499251721,0.1020652499251721,0,0,0,197630,194289,1.7290000000002692,98986,98644
open_boundary,41,128,4,open,600120,event,3333,1566,1767,0.813720703125,-0.06030603060306031,0.06030603060306031,0,0,0,240821,237488,1.6674000000002707,120310,120511
open_boundary,41,128,4,open,600121,event,3309,1897,1412,0.807861328125,0.1465699607132064,0.1465699607132064,0,0,0,222293,218984,2.0300999999999476,111389,110904
open_boundary,41,128,4,open,600122,event,3329,1861,1468,0.812744140625,0.11805346951036347,0.11805346951036347,0,0,0,279467,276138,1.592899999999645,139930,139537
open_boundary,41,128,4,open,600123,event,3318,1617,1701,0.81005859375,-0.02531645569620253,0.02531645569620253,0,0,0,157940,154622,1.6678000000001703,78928,79012
open_boundary,41,128,4,open,600124,event,3314,2069,1245,0.80908203125,0.24864212432106217,0.24864212432106217,0,0,0,273855,270541,1.5113999999998668,137340,136515
open_boundary,41,128,4,open,600125,event,3310,1826,1484,0.80810546875,0.10332326283987915,0.10332326283987915,0,0,0,229718,226408,1.6950000000001637,115030,114688
open_boundary,41,128,4,open,600126,event,3306,1615,1691,0.80712890625,-0.022988505747126436,0.022988505747126436,0,0,0,190974,187668,1.5502000000001317,95449,95525
open_boundary,41,128,4,open,600127,event,3339,1790,1549,0.815185546875,0.07217729859239293,0.07217729859239293,0,0,0,219205,215866,1.6855000000000473,109723,109482
open_boundary,41,128,4,open,600128,event,3302,1959,1343,0.80615234375,0.18655360387643852,0.18655360387643852,0,0,0,178500,175198,1.512699999999768,89558,88942
open_boundary,random-0.5,128,4,open,600001,event,3296,1603,1693,0.8046875,-0.027305825242718445,0.027305825242718445,0,0,0,221432,218136,0.8524000000002161,,
open_boundary,random-0.5,128,4,open,600002,event,3330,1691,1639,0.81298828125,0.015615615615615615,0.015615615615615615,0,0,0,167956,164626,1.08849999999984,,
open_boundary,random-0.5,128,4,open,600003,event,3336,1755,1581,0.814453125,0.052158273381294966,0.052158273381294966,0,0,0,226131,222795,0.8433999999997468,,
open_boundary,random-0.5,128,4,open,600004,event,3305,1681,1624,0.806884765625,0.017246596066565808,0.017246596066565808,0,0,0,214109,210804,0.9088999999999032,,
open_boundary,random-0.5,128,4,open,600005,event,3319,1643,1676,0.810302734375,-0.009942753841518529,0.009942753841518529,0,0,0,210537,207218,0.885899999999765,,
open_boundary,random-0.5,128,4,open,600006,event,3290,1566,1724,0.80322265625,-0.04802431610942249,0.04802431610942249,0,0,0,236214,232924,0.9347999999999956,,
open_boundary,random-0.5,128,4,open,600007,event,3328,1689,1639,0.8125,0.015024038461538462,0.015024038461538462,0,0,0,218026,214698,0.8928999999998268,,
open_boundary,random-0.5,128,4,open,600008,event,3303,1621,1682,0.806396484375,-0.018468059339993945,0.018468059339993945,0,0,0,151453,148150,0.8967999999999847,,
open_boundary,random-0.5,128,4,open,600009,event,3317,1713,1604,0.809814453125,0.032861018993066024,0.032861018993066024,0,0,0,169899,166582,0.8135000000002037,,
open_boundary,random-0.5,128,4,open,600010,event,3336,1636,1700,0.814453125,-0.019184652278177457,0.019184652278177457,0,0,0,216229,212893,0.8188000000000102,,
open_boundary,random-0.5,128,4,open,600011,event,3306,1574,1732,0.80712890625,-0.04779189352692075,0.04779189352692075,0,0,0,145113,141807,0.8438999999998487,,
open_boundary,random-0.5,128,4,open,600012,event,3324,1659,1665,0.8115234375,-0.0018050541516245488,0.0018050541516245488,0,0,0,165301,161977,1.007600000000366,,
open_boundary,random-0.5,128,4,open,600013,event,3312,1626,1686,0.80859375,-0.018115942028985508,0.018115942028985508,0,0,0,195548,192236,0.9870999999998276,,
open_boundary,random-0.5,128,4,open,600014,event,3340,1610,1730,0.8154296875,-0.03592814371257485,0.03592814371257485,0,0,0,235216,231876,1.333299999999781,,
open_boundary,random-0.5,128,4,open,600015,event,3312,1590,1722,0.80859375,-0.03985507246376811,0.03985507246376811,0,0,0,280154,276842,1.312800000000152,,
open_boundary,random-0.5,128,4,open,600016,event,3304,1689,1615,0.806640625,0.022397094430992737,0.022397094430992737,0,0,0,216361,213057,2.2496000000001004,,
open_boundary,random-0.5,128,4,open,600017,event,3322,1709,1613,0.81103515625,0.028898254063816978,0.028898254063816978,0,0,0,206184,202862,1.4613000000003922,,
open_boundary,random-0.5,128,4,open,600018,event,3339,1683,1656,0.815185546875,0.008086253369272238,0.008086253369272238,0,0,0,206502,203163,1.0595000000002983,,
open_boundary,random-0.5,128,4,open,600019,event,3300,1619,1681,0.8056640625,-0.018787878787878787,0.018787878787878787,0,0,0,198484,195184,1.0032000000001062,,
open_boundary,random-0.5,128,4,open,600020,event,3294,1603,1691,0.80419921875,-0.02671523982999393,0.02671523982999393,0,0,0,175397,172103,0.9747000000002117,,
open_boundary,random-0.5,128,4,open,600021,event,3323,1676,1647,0.811279296875,0.008727053866987662,0.008727053866987662,0,0,0,230596,227273,0.9425000000001091,,
open_boundary,random-0.5,128,4,open,600022,event,3305,1599,1706,0.806884765625,-0.03237518910741301,0.03237518910741301,0,0,0,200110,196805,1.3177999999998065,,
open_boundary,random-0.5,128,4,open,600023,event,3339,1668,1671,0.815185546875,-0.0008984725965858042,0.0008984725965858042,0,0,0,214677,211338,1.0133999999998196,,
open_boundary,random-0.5,128,4,open,600024,event,3312,1693,1619,0.80859375,0.022342995169082124,0.022342995169082124,0,0,0,183957,180645,1.0068999999998596,,
open_boundary,random-0.5,128,4,open,600025,event,3293,1598,1695,0.803955078125,-0.029456422714849682,0.029456422714849682,0,0,0,250304,247011,0.9731000000001586,,
open_boundary,random-0.5,128,4,open,600026,event,3319,1590,1729,0.810302734375,-0.04188008436275987,0.04188008436275987,0,0,0,215306,211987,0.938499999999749,,
open_boundary,random-0.5,128,4,open,600027,event,3322,1585,1737,0.81103515625,-0.045755568934376885,0.045755568934376885,0,0,0,226795,223473,0.9398999999998523,,
open_boundary,random-0.5,128,4,open,600028,event,3330,1683,1647,0.81298828125,0.010810810810810811,0.010810810810810811,0,0,0,291954,288624,0.9400999999998021,,
open_boundary,random-0.5,128,4,open,600029,event,3310,1636,1674,0.80810546875,-0.011480362537764351,0.011480362537764351,0,0,0,257247,253937,0.9286999999999352,,
open_boundary,random-0.5,128,4,open,600030,event,3298,1534,1764,0.80517578125,-0.06973923590054579,0.06973923590054579,0,0,0,163926,160628,0.9128000000000611,,
open_boundary,random-0.5,128,4,open,600031,event,3307,1697,1610,0.807373046875,0.02630783187178712,0.02630783187178712,0,0,0,190353,187046,0.912499999999909,,
open_boundary,random-0.5,128,4,open,600032,event,3307,1602,1705,0.807373046875,-0.031146053825219233,0.031146053825219233,0,0,0,176549,173242,0.9073000000003049,,
open_boundary,random-0.5,128,4,open,600033,event,3302,1716,1586,0.80615234375,0.03937007874015748,0.03937007874015748,0,0,0,212668,209366,0.9083000000000538,,
open_boundary,random-0.5,128,4,open,600034,event,3322,1643,1679,0.81103515625,-0.010836845273931367,0.010836845273931367,0,0,0,160009,156687,0.8272999999999229,,
open_boundary,random-0.5,128,4,open,600035,event,3316,1693,1623,0.8095703125,0.021109770808202654,0.021109770808202654,0,0,0,197323,194007,0.8766000000000531,,
open_boundary,random-0.5,128,4,open,600036,event,3304,1635,1669,0.806640625,-0.010290556900726392,0.010290556900726392,0,0,0,250792,247488,0.8965000000002874,,
open_boundary,random-0.5,128,4,open,600037,event,3309,1666,1643,0.807861328125,0.00695074040495618,0.00695074040495618,0,0,0,225296,221987,0.9079999999999018,,
open_boundary,random-0.5,128,4,open,600038,event,3306,1602,1704,0.80712890625,-0.030852994555353903,0.030852994555353903,0,0,0,175471,172165,0.9319000000000415,,
open_boundary,random-0.5,128,4,open,600039,event,3331,1727,1604,0.813232421875,0.036925848093665566,0.036925848093665566,0,0,0,148357,145026,0.9131999999999607,,
open_boundary,random-0.5,128,4,open,600040,event,3301,1696,1605,0.805908203125,0.027567403817025143,0.027567403817025143,0,0,0,192037,188736,0.9226000000003296,,
open_boundary,random-0.5,128,4,open,600041,event,3315,1594,1721,0.809326171875,-0.038310708898944196,0.038310708898944196,0,0,0,160348,157033,0.9083999999998014,,
open_boundary,random-0.5,128,4,open,600042,event,3323,1707,1616,0.811279296875,0.02738489316882335,0.02738489316882335,0,0,0,188460,185137,1.1089999999999236,,
open_boundary,random-0.5,128,4,open,600043,event,3319,1606,1713,0.810302734375,-0.032238626092196444,0.032238626092196444,0,0,0,183648,180329,0.8233000000000175,,
open_boundary,random-0.5,128,4,open,600044,event,3322,1676,1646,0.81103515625,0.009030704394942806,0.009030704394942806,0,0,0,195012,191690,0.9001000000002932,,
open_boundary,random-0.5,128,4,open,600045,event,3350,1715,1635,0.81787109375,0.023880597014925373,0.023880597014925373,0,0,0,189172,185822,0.9117999999998574,,
open_boundary,random-0.5,128,4,open,600046,event,3302,1709,1593,0.80615234375,0.03513022410660206,0.03513022410660206,0,0,0,185915,182613,0.9237999999995736,,
open_boundary,random-0.5,128,4,open,600047,event,3328,1635,1693,0.8125,-0.017427884615384616,0.017427884615384616,0,0,0,247760,244432,0.9466999999999643,,
open_boundary,random-0.5,128,4,open,600048,event,3304,1660,1644,0.806640625,0.004842615012106538,0.004842615012106538,0,0,0,186264,182960,0.9634000000000924,,
open_boundary,random-0.5,128,4,open,600049,event,3332,1564,1768,0.8134765625,-0.061224489795918366,0.061224489795918366,0,0,0,234303,230971,0.9223000000001775,,
open_boundary,random-0.5,128,4,open,600050,event,3343,1731,1612,0.816162109375,0.03559676936883039,0.03559676936883039,0,0,0,185636,182293,0.8961000000003878,,
open_boundary,random-0.5,128,4,open,600051,event,3306,1588,1718,0.80712890625,-0.03932244404113733,0.03932244404113733,0,0,0,189967,186661,0.8722999999999956,,
open_boundary,random-0.5,128,4,open,600052,event,3322,1599,1723,0.81103515625,-0.03732691149909693,0.03732691149909693,0,0,0,193497,190175,0.9018000000000939,,
open_boundary,random-0.5,128,4,open,600053,event,3309,1722,1587,0.807861328125,0.04079782411604715,0.04079782411604715,0,0,0,225359,222050,0.8841999999999643,,
open_boundary,random-0.5,128,4,open,600054,event,3308,1568,1740,0.8076171875,-0.05199516324062878,0.05199516324062878,0,0,0,192091,188783,0.8710000000000946,,
open_boundary,random-0.5,128,4,open,600055,event,3315,1658,1657,0.809326171875,0.00030165912518853697,0.00030165912518853697,0,0,0,213006,209691,0.8778999999999542,,
open_boundary,random-0.5,128,4,open,600056,event,3313,1668,1645,0.808837890625,0.006942348324781165,0.006942348324781165,0,0,0,224060,220747,0.8769000000002052,,
open_boundary,random-0.5,128,4,open,600057,event,3320,1628,1692,0.810546875,-0.01927710843373494,0.01927710843373494,0,0,0,170627,167307,0.8807000000001608,,
open_boundary,random-0.5,128,4,open,600058,event,3327,1645,1682,0.812255859375,-0.011121130147279832,0.011121130147279832,0,0,0,249763,246436,0.8566000000000713,,
open_boundary,random-0.5,128,4,open,600059,event,3313,1652,1661,0.808837890625,-0.0027165710836100213,0.0027165710836100213,0,0,0,183791,180478,0.8784999999998035,,
open_boundary,random-0.5,128,4,open,600060,event,3305,1518,1787,0.806884765625,-0.08139183055975795,0.08139183055975795,0,0,0,204619,201314,0.8867999999997664,,
open_boundary,random-0.5,128,4,open,600061,event,3305,1656,1649,0.806884765625,0.002118003025718608,0.002118003025718608,0,0,0,199390,196085,1.0833999999999833,,
open_boundary,random-0.5,128,4,open,600062,event,3297,1622,1675,0.804931640625,-0.016075219896875947,0.016075219896875947,0,0,0,175054,171757,1.12729999999965,,
open_boundary,random-0.5,128,4,open,600063,event,3307,1689,1618,0.807373046875,0.021469609918355004,0.021469609918355004,0,0,0,285817,282510,0.9200000000000728,,
open_boundary,random-0.5,128,4,open,600064,event,3310,1681,1629,0.80810546875,0.01570996978851964,0.01570996978851964,0,0,0,177316,174006,0.9039999999999964,,
open_boundary,random-0.5,128,4,open,600065,event,3309,1662,1647,0.807861328125,0.004533091568449683,0.004533091568449683,0,0,0,190263,186954,0.93520000000035,,
open_boundary,random-0.5,128,4,open,600066,event,3322,1679,1643,0.81103515625,0.010836845273931367,0.010836845273931367,0,0,0,243733,240411,0.9971000000000458,,
open_boundary,random-0.5,128,4,open,600067,event,3343,1713,1630,0.816162109375,0.024827998803469937,0.024827998803469937,0,0,0,235947,232604,0.9497999999998683,,
open_boundary,random-0.5,128,4,open,600068,event,3310,1677,1633,0.80810546875,0.013293051359516616,0.013293051359516616,0,0,0,190499,187189,0.927599999999984,,
open_boundary,random-0.5,128,4,open,600069,event,3353,1718,1635,0.818603515625,0.024753951685058156,0.024753951685058156,0,0,0,245704,242351,0.9307999999996355,,
open_boundary,random-0.5,128,4,open,600070,event,3316,1614,1702,0.8095703125,-0.026537997587454766,0.026537997587454766,0,0,0,204611,201295,0.9311999999999898,,
open_boundary,random-0.5,128,4,open,600071,event,3329,1666,1663,0.812744140625,0.0009011715229798738,0.0009011715229798738,0,0,0,188143,184814,0.9236000000000786,,
open_boundary,random-0.5,128,4,open,600072,event,3304,1737,1567,0.806640625,0.051452784503631964,0.051452784503631964,0,0,0,174815,171511,0.9205999999999221,,
open_boundary,random-0.5,128,4,open,600073,event,3319,1625,1694,0.810302734375,-0.02078939439590238,0.02078939439590238,0,0,0,197741,194422,0.9126999999998588,,
open_boundary,random-0.5,128,4,open,600074,event,3322,1612,1710,0.81103515625,-0.029500301023479832,0.029500301023479832,0,0,0,225267,221945,0.9447000000000116,,
open_boundary,random-0.5,128,4,open,600075,event,3326,1688,1638,0.81201171875,0.01503307276007216,0.01503307276007216,0,0,0,215536,212210,0.9443999999998596,,
open_boundary,random-0.5,128,4,open,600076,event,3297,1589,1708,0.804931640625,-0.036093418259023353,0.036093418259023353,0,0,0,178359,175062,0.9900000000002365,,
open_boundary,random-0.5,128,4,open,600077,event,3319,1613,1706,0.810302734375,-0.028020488098824948,0.028020488098824948,0,0,0,228589,225270,0.9221999999999753,,
open_boundary,random-0.5,128,4,open,600078,event,3324,1684,1640,0.8115234375,0.013237063778580024,0.013237063778580024,0,0,0,226537,223213,0.8823000000002139,,
open_boundary,random-0.5,128,4,open,600079,event,3328,1657,1671,0.8125,-0.004206730769230769,0.004206730769230769,0,0,0,209509,206181,0.8720000000002983,,
open_boundary,random-0.5,128,4,open,600080,event,3340,1619,1721,0.8154296875,-0.03053892215568862,0.03053892215568862,0,0,0,233604,230264,0.9197999999996682,,
open_boundary,random-0.5,128,4,open,600081,event,3307,1675,1632,0.807373046875,0.013002721499848805,0.013002721499848805,0,0,0,235771,232464,1.1048000000000684,,
open_boundary,random-0.5,128,4,open,600082,event,3317,1676,1641,0.809814453125,0.010551703346397347,0.010551703346397347,0,0,0,211433,208116,0.9691000000002532,,
open_boundary,random-0.5,128,4,open,600083,event,3341,1649,1692,0.815673828125,-0.012870398084405866,0.012870398084405866,0,0,0,208386,205045,0.8996999999999389,,
open_boundary,random-0.5,128,4,open,600084,event,3302,1610,1692,0.80615234375,-0.02483343428225318,0.02483343428225318,0,0,0,182668,179366,0.8940999999999804,,
open_boundary,random-0.5,128,4,open,600085,event,3312,1667,1645,0.80859375,0.006642512077294686,0.006642512077294686,0,0,0,192836,189524,0.8490999999999076,,
open_boundary,random-0.5,128,4,open,600086,event,3316,1670,1646,0.8095703125,0.007237635705669481,0.007237635705669481,0,0,0,185285,181969,0.8710999999998421,,
open_boundary,random-0.5,128,4,open,600087,event,3321,1686,1635,0.810791015625,0.015356820234869015,0.015356820234869015,0,0,0,200284,196963,0.8721999999997934,,
open_boundary,random-0.5,128,4,open,600088,event,3305,1692,1613,0.806884765625,0.02390317700453858,0.02390317700453858,0,0,0,170770,167465,0.8730000000000473,,
open_boundary,random-0.5,128,4,open,600089,event,3320,1789,1531,0.810546875,0.07771084337349397,0.07771084337349397,0,0,0,195228,191908,0.9171000000001186,,
open_boundary,random-0.5,128,4,open,600090,event,3319,1712,1607,0.810302734375,0.03163603495028623,0.03163603495028623,0,0,0,221908,218589,0.9095999999999549,,
open_boundary,random-0.5,128,4,open,600091,event,3298,1636,1662,0.80517578125,-0.007883565797453002,0.007883565797453002,0,0,0,224654,221356,0.8710999999998421,,
open_boundary,random-0.5,128,4,open,600092,event,3344,1722,1622,0.81640625,0.029904306220095694,0.029904306220095694,0,0,0,221888,218544,0.8954999999996289,,
open_boundary,random-0.5,128,4,open,600093,event,3325,1698,1627,0.811767578125,0.021353383458646617,0.021353383458646617,0,0,0,213167,209842,0.8838999999998123,,
open_boundary,random-0.5,128,4,open,600094,event,3332,1733,1599,0.8134765625,0.040216086434573826,0.040216086434573826,0,0,0,213907,210575,0.8901000000000749,,
open_boundary,random-0.5,128,4,open,600095,event,3324,1698,1626,0.8115234375,0.021660649819494584,0.021660649819494584,0,0,0,197032,193708,0.8768999999997504,,
open_boundary,random-0.5,128,4,open,600096,event,3315,1585,1730,0.809326171875,-0.043740573152337855,0.043740573152337855,0,0,0,277246,273931,0.8937999999998283,,
open_boundary,random-0.5,128,4,open,600097,event,3313,1614,1699,0.808837890625,-0.02565650467853909,0.02565650467853909,0,0,0,232859,229546,0.8632000000002336,,
open_boundary,random-0.5,128,4,open,600098,event,3320,1751,1569,0.810546875,0.054819277108433734,0.054819277108433734,0,0,0,169423,166103,0.8686000000002423,,
open_boundary,random-0.5,128,4,open,600099,event,3324,1706,1618,0.8115234375,0.026474127557160047,0.026474127557160047,0,0,0,280991,277667,0.8575000000000728,,
open_boundary,random-0.5,128,4,open,600100,event,3306,1631,1675,0.80712890625,-0.013309134906231096,0.013309134906231096,0,0,0,220564,217258,1.1221999999997934,,
open_boundary,random-0.5,128,4,open,600101,event,3313,1688,1625,0.808837890625,0.019015997585270148,0.019015997585270148,0,0,0,235620,232307,1.0533000000000357,,
open_boundary,random-0.5,128,4,open,600102,event,3309,1701,1608,0.807861328125,0.028105167724388033,0.028105167724388033,0,0,0,191905,188596,0.8686999999999898,,
open_boundary,random-0.5,128,4,open,600103,event,3345,1551,1794,0.816650390625,-0.0726457399103139,0.0726457399103139,0,0,0,220899,217554,0.871599999999944,,
open_boundary,random-0.5,128,4,open,600104,event,3329,1658,1671,0.812744140625,-0.0039050765995794533,0.0039050765995794533,0,0,0,187862,184533,0.9182000000000698,,
open_boundary,random-0.5,128,4,open,600105,event,3327,1574,1753,0.812255859375,-0.053802224226029455,0.053802224226029455,0,0,0,213271,209944,0.8816999999999098,,
open_boundary,random-0.5,128,4,open,600106,event,3325,1607,1718,0.811767578125,-0.03338345864661654,0.03338345864661654,0,0,0,163531,160206,0.8866000000002714,,
open_boundary,random-0.5,128,4,open,600107,event,3324,1606,1718,0.8115234375,-0.03369434416365824,0.03369434416365824,0,0,0,196189,192865,0.8753000000001521,,
open_boundary,random-0.5,128,4,open,600108,event,3313,1592,1721,0.808837890625,-0.03893751886507697,0.03893751886507697,0,0,0,182383,179070,0.8795000000000073,,
open_boundary,random-0.5,128,4,open,600109,event,3307,1681,1626,0.807373046875,0.016631387964922893,0.016631387964922893,0,0,0,219927,216620,0.8706999999999425,,
open_boundary,random-0.5,128,4,open,600110,event,3307,1685,1622,0.807373046875,0.019050498941638946,0.019050498941638946,0,0,0,189047,185740,0.8600000000001273,,
open_boundary,random-0.5,128,4,open,600111,event,3317,1752,1565,0.809814453125,0.05637624359360868,0.05637624359360868,0,0,0,192136,188819,0.8691999999996369,,
open_boundary,random-0.5,128,4,open,600112,event,3318,1611,1707,0.81005859375,-0.028933092224231464,0.028933092224231464,0,0,0,205691,202373,0.9052000000001499,,
open_boundary,random-0.5,128,4,open,600113,event,3332,1750,1582,0.8134765625,0.05042016806722689,0.05042016806722689,0,0,0,225564,222232,0.9236999999998261,,
open_boundary,random-0.5,128,4,open,600114,event,3313,1608,1705,0.808837890625,-0.029278599456685782,0.029278599456685782,0,0,0,267293,263980,0.9454999999998108,,
open_boundary,random-0.5,128,4,open,600115,event,3318,1568,1750,0.81005859375,-0.05485232067510549,0.05485232067510549,0,0,0,189893,186575,0.8735000000001492,,
open_boundary,random-0.5,128,4,open,600116,event,3300,1579,1721,0.8056640625,-0.04303030303030303,0.04303030303030303,0,0,0,234878,231578,0.8449000000000524,,
open_boundary,random-0.5,128,4,open,600117,event,3311,1635,1676,0.808349609375,-0.012382965871337965,0.012382965871337965,0,0,0,228163,224852,0.8562999999999192,,
open_boundary,random-0.5,128,4,open,600118,event,3340,1724,1616,0.8154296875,0.032335329341317366,0.032335329341317366,0,0,0,171456,168116,0.8973999999998341,,
open_boundary,random-0.5,128,4,open,600119,event,3312,1684,1628,0.80859375,0.016908212560386472,0.016908212560386472,0,0,0,259608,256296,0.9072999999998501,,
open_boundary,random-0.5,128,4,open,600120,event,3316,1794,1522,0.8095703125,0.08202653799758745,0.08202653799758745,0,0,0,200201,196885,1.037499999999909,,
open_boundary,random-0.5,128,4,open,600121,event,3312,1686,1626,0.80859375,0.018115942028985508,0.018115942028985508,0,0,0,187068,183756,0.8566000000000713,,
open_boundary,random-0.5,128,4,open,600122,event,3311,1744,1567,0.808349609375,0.053458169737239505,0.053458169737239505,0,0,0,230407,227096,0.8197000000000116,,
open_boundary,random-0.5,128,4,open,600123,event,3332,1720,1612,0.8134765625,0.03241296518607443,0.03241296518607443,0,0,0,322538,319206,0.7674999999999272,,
open_boundary,random-0.5,128,4,open,600124,event,3326,1676,1650,0.81201171875,0.007817197835237523,0.007817197835237523,0,0,0,339108,335782,0.8091999999996915,,
open_boundary,random-0.5,128,4,open,600125,event,3297,1632,1665,0.804931640625,-0.010009099181073703,0.010009099181073703,0,0,0,259398,256101,0.8674999999998363,,
open_boundary,random-0.5,128,4,open,600126,event,3304,1602,1702,0.806640625,-0.03026634382566586,0.03026634382566586,0,0,0,233319,230015,0.8748999999997977,,
open_boundary,random-0.5,128,4,open,600127,event,3328,1696,1632,0.8125,0.019230769230769232,0.019230769230769232,0,0,0,195896,192568,0.8780000000001564,,
open_boundary,random-0.5,128,4,open,600128,event,3308,1681,1627,0.8076171875,0.016324062877871828,0.016324062877871828,0,0,0,276648,273340,0.9205999999999221,,
open_boundary,0,128,8,open,600001,event,1541,1541,0,0.75244140625,1,1,1,0,40,74515,72974,1.2825000000002547,74515,0
open_boundary,0,128,8,open,600002,event,1557,1557,0,0.76025390625,1,1,1,0,46,91121,89564,1.1894000000002052,91121,0
open_boundary,0,128,8,open,600003,event,1553,1553,0,0.75830078125,1,1,1,0,42,92983,91430,1.4327000000002954,92983,0
open_boundary,0,128,8,open,600004,event,1552,1552,0,0.7578125,1,1,1,0,53,55622,54070,1.098399999999856,55622,0
open_boundary,0,128,8,open,600005,event,1571,1571,0,0.76708984375,1,1,1,0,20,68967,67396,1.274199999999837,68967,0
open_boundary,0,128,8,open,600006,event,1563,1563,0,0.76318359375,1,1,1,0,30,68675,67112,1.1860000000001492,68675,0
open_boundary,0,128,8,open,600007,event,1559,1559,0,0.76123046875,1,1,1,0,26,92221,90662,1.2809000000002015,92221,0
open_boundary,0,128,8,open,600008,event,1564,1564,0,0.763671875,1,1,1,0,15,73381,71817,1.0996000000000095,73381,0
open_boundary,0,128,8,open,600009,event,1571,1571,0,0.76708984375,1,1,1,0,28,108838,107267,1.1736000000000786,108838,0
open_boundary,0,128,8,open,600010,event,1551,1551,0,0.75732421875,1,1,1,0,13,120059,118508,1.1518999999998414,120059,0
open_boundary,0,128,8,open,600011,event,1562,1562,0,0.7626953125,1,1,1,0,55,95593,94031,1.2824000000000524,95593,0
open_boundary,0,128,8,open,600012,event,1570,1570,0,0.7666015625,1,1,1,0,14,71633,70063,1.117699999999786,71633,0
open_boundary,0,128,8,open,600013,event,1556,1556,0,0.759765625,1,1,1,0,34,67755,66199,1.1247000000003027,67755,0
open_boundary,0,128,8,open,600014,event,1545,1545,0,0.75439453125,1,1,1,0,42,144391,142846,1.164100000000417,144391,0
open_boundary,0,128,8,open,600015,event,1576,1576,0,0.76953125,1,1,1,0,11,87960,86384,1.218499999999949,87960,0
open_boundary,0,128,8,open,600016,event,1556,1556,0,0.759765625,1,1,1,0,31,80523,78967,1.1575000000002547,80523,0
open_boundary,0,128,8,open,600017,event,1562,1562,0,0.7626953125,1,1,1,0,48,62301,60739,1.1929000000000087,62301,0
open_boundary,0,128,8,open,600018,event,1565,1565,0,0.76416015625,1,1,1,0,30,72466,70901,1.1776999999997315,72466,0
open_boundary,0,128,8,open,600019,event,1554,1554,0,0.7587890625,1,1,1,0,15,70522,68968,1.2152999999998428,70522,0
open_boundary,0,128,8,open,600020,event,1542,1542,0,0.7529296875,1,1,1,0,27,79547,78005,1.0858000000002903,79547,0
open_boundary,0,128,8,open,600021,event,1576,1576,0,0.76953125,1,1,1,0,57,113876,112300,1.1095000000000255,113876,0
open_boundary,0,128,8,open,600022,event,1552,1552,0,0.7578125,1,1,1,0,46,63815,62263,1.1136999999998807,63815,0
open_boundary,0,128,8,open,600023,event,1577,1577,0,0.77001953125,1,1,1,0,27,131884,130307,1.2279999999996107,131884,0
open_boundary,0,128,8,open,600024,event,1566,1566,0,0.7646484375,1,1,1,0,36,62682,61116,1.1324000000004162,62682,0
open_boundary,0,128,8,open,600025,event,1571,1571,0,0.76708984375,1,1,1,0,30,103694,102123,1.1210000000000946,103694,0
open_boundary,0,128,8,open,600026,event,1561,1561,0,0.76220703125,1,1,1,0,40,123553,121992,1.1277000000000044,123553,0
open_boundary,0,128,8,open,600027,event,1560,1560,0,0.76171875,1,1,1,0,11,69388,67828,1.196100000000115,69388,0
open_boundary,0,128,8,open,600028,event,1561,1561,0,0.76220703125,1,1,1,0,32,57557,55996,1.1251999999999498,57557,0
open_boundary,0,128,8,open,600029,event,1550,1550,0,0.7568359375,1,1,1,0,65,68605,67055,1.3481999999999061,68605,0
open_boundary,0,128,8,open,600030,event,1557,1557,0,0.76025390625,1,1,1,0,25,65263,63706,1.2062000000000808,65263,0
open_boundary,0,128,8,open,600031,event,1558,1558,0,0.7607421875,1,1,1,0,55,87631,86073,1.3095000000002983,87631,0
open_boundary,0,128,8,open,600032,event,1560,1560,0,0.76171875,1,1,1,0,22,63748,62188,1.1898999999998523,63748,0
open_boundary,0,128,8,open,600033,event,1559,1559,0,0.76123046875,1,1,1,0,27,104832,103273,1.1852999999996428,104832,0
open_boundary,0,128,8,open,600034,event,1563,1563,0,0.76318359375,1,1,1,0,44,74094,72531,1.2173000000002503,74094,0
open_boundary,0,128,8,open,600035,event,1549,1549,0,0.75634765625,1,1,1,0,35,80958,79409,1.3906999999999243,80958,0
open_boundary,0,128,8,open,600036,event,1556,1556,0,0.759765625,1,1,1,0,58,111974,110418,1.1864000000000487,111974,0
open_boundary,0,128,8,open,600037,event,1545,1545,0,0.75439453125,1,1,1,0,56,48578,47033,1.1792999999997846,48578,0
open_boundary,0,128,8,open,600038,event,1547,1547,0,0.75537109375,1,1,1,0,33,94474,92927,1.1806000000001404,94474,0
open_boundary,0,128,8,open,600039,event,1565,1565,0,0.76416015625,1,1,1,0,26,63113,61548,1.3174999999996544,63113,0
open_boundary,0,128,8,open,600040,event,1555,1555,0,0.75927734375,1,1,1,0,64,62807,61252,1.174199999999928,62807,0
open_boundary,0,128,8,open,600041,event,1545,1545,0,0.75439453125,1,1,1,0,43,77562,76017,1.1774000000000342,77562,0
open_boundary,0,128,8,open,600042,event,1577,1577,0,0.77001953125,1,1,1,0,46,61208,59631,1.4072999999998501,61208,0
open_boundary,0,128,8,open,600043,event,1549,1549,0,0.75634765625,1,1,1,0,45,83964,82415,1.316200000000208,83964,0
open_boundary,0,128,8,open,600044,event,1555,1555,0,0.75927734375,1,1,1,0,50,70631,69076,1.1799000000000888,70631,0
open_boundary,0,128,8,open,600045,event,1570,1570,0,0.7666015625,1,1,1,0,18,74211,72641,1.2546000000002095,74211,0
open_boundary,0,128,8,open,600046,event,1550,1550,0,0.7568359375,1,1,1,0,53,71665,70115,1.250999999999749,71665,0
open_boundary,0,128,8,open,600047,event,1561,1561,0,0.76220703125,1,1,1,0,39,66101,64540,1.3226999999997133,66101,0
open_boundary,0,128,8,open,600048,event,1561,1561,0,0.76220703125,1,1,1,0,50,56722,55161,1.2256999999999607,56722,0
open_boundary,0,128,8,open,600049,event,1566,1566,0,0.7646484375,1,1,1,0,36,71323,69757,1.2043000000003303,71323,0
open_boundary,0,128,8,open,600050,event,1568,1568,0,0.765625,1,1,1,0,46,89993,88425,1.2187000000003536,89993,0
open_boundary,0,128,8,open,600051,event,1555,1555,0,0.75927734375,1,1,1,0,41,64493,62938,1.3415999999997439,64493,0
open_boundary,0,128,8,open,600052,event,1562,1562,0,0.7626953125,1,1,1,0,29,101116,99554,1.2109999999997854,101116,0
open_boundary,0,128,8,open,600053,event,1563,1563,0,0.76318359375,1,1,1,0,41,63052,61489,1.1903000000002066,63052,0
open_boundary,0,128,8,open,600054,event,1564,1564,0,0.763671875,1,1,1,0,32,75657,74093,1.2122999999996864,75657,0
open_boundary,0,128,8,open,600055,event,1568,1568,0,0.765625,1,1,1,0,39,60568,59000,1.2815999999997985,60568,0
open_boundary,0,128,8,open,600056,event,1571,1571,0,0.76708984375,1,1,1,0,40,102994,101423,1.2229999999999563,102994,0
open_boundary,0,128,8,open,600057,event,1553,1553,0,0.75830078125,1,1,1,0,41,67178,65625,1.195600000000013,67178,0
open_boundary,0,128,8,open,600058,event,1555,1555,0,0.75927734375,1,1,1,0,69,64149,62594,1.1825000000003456,64149,0
open_boundary,0,128,8,open,600059,event,1549,1549,0,0.75634765625,1,1,1,0,59,117310,115761,1.3110000000001492,117310,0
open_boundary,0,128,8,open,600060,event,1555,1555,0,0.75927734375,1,1,1,0,34,94072,92517,1.184099999999944,94072,0
open_boundary,0,128,8,open,600061,event,1547,1547,0,0.75537109375,1,1,1,0,31,71317,69770,1.2217999999998028,71317,0
open_boundary,0,128,8,open,600062,event,1555,1555,0,0.75927734375,1,1,1,0,32,109775,108220,1.2597000000000662,109775,0
open_boundary,0,128,8,open,600063,event,1555,1555,0,0.75927734375,1,1,1,0,27,96839,95284,1.3279999999999745,96839,0
open_boundary,0,128,8,open,600064,event,1554,1554,0,0.7587890625,1,1,1,0,24,81372,79818,1.2204999999999018,81372,0
open_boundary,0,128,8,open,600065,event,1570,1570,0,0.7666015625,1,1,1,0,14,58038,56468,1.20049999999992,58038,0
open_boundary,0,128,8,open,600066,event,1564,1564,0,0.763671875,1,1,1,0,30,69263,67699,1.2035000000000764,69263,0
open_boundary,0,128,8,open,600067,event,1565,1565,0,0.76416015625,1,1,1,0,23,59858,58293,1.340099999999893,59858,0
open_boundary,0,128,8,open,600068,event,1559,1559,0,0.76123046875,1,1,1,0,15,63654,62095,1.2659000000003289,63654,0
open_boundary,0,128,8,open,600069,event,1543,1543,0,0.75341796875,1,1,1,0,38,101609,100066,1.1694000000002234,101609,0
open_boundary,0,128,8,open,600070,event,1549,1549,0,0.75634765625,1,1,1,0,26,59506,57957,1.1304000000000087,59506,0
open_boundary,0,128,8,open,600071,event,1554,1554,0,0.7587890625,1,1,1,0,28,53905,52351,1.2588000000000648,53905,0
open_boundary,0,128,8,open,600072,event,1577,1577,0,0.77001953125,1,1,1,0,24,89399,87822,1.2289999999998145,89399,0
open_boundary,0,128,8,open,600073,event,1572,1572,0,0.767578125,1,1,1,0,28,85624,84052,1.3132000000000517,85624,0
open_boundary,0,128,8,open,600074,event,1549,1549,0,0.75634765625,1,1,1,0,17,67060,65511,1.1631000000002132,67060,0
open_boundary,0,128,8,open,600075,event,1571,1571,0,0.76708984375,1,1,1,0,24,80607,79036,1.3033999999997832,80607,0
open_boundary,0,128,8,open,600076,event,1552,1552,0,0.7578125,1,1,1,0,35,55179,53627,1.1422999999999774,55179,0
open_boundary,0,128,8,open,600077,event,1557,1557,0,0.76025390625,1,1,1,0,31,95398,93841,1.2407000000002881,95398,0
open_boundary,0,128,8,open,600078,event,1561,1561,0,0.76220703125,1,1,1,0,23,64007,62446,1.3593000000000757,64007,0
open_boundary,0,128,8,open,600079,event,1561,1561,0,0.76220703125,1,1,1,0,32,119425,117864,1.5911999999998443,119425,0
open_boundary,0,128,8,open,600080,event,1558,1558,0,0.7607421875,1,1,1,0,30,64542,62984,1.1750999999999294,64542,0
open_boundary,0,128,8,open,600081,event,1547,1547,0,0.75537109375,1,1,1,0,20,90966,89419,1.1315999999997075,90966,0
open_boundary,0,128,8,open,600082,event,1559,1559,0,0.76123046875,1,1,1,0,22,83271,81712,1.147599999999784,83271,0
open_boundary,0,128,8,open,600083,event,1561,1561,0,0.76220703125,1,1,1,0,26,77508,75947,1.268999999999778,77508,0
open_boundary,0,128,8,open,600084,event,1563,1563,0,0.76318359375,1,1,1,0,21,72494,70931,1.2224999999998545,72494,0
open_boundary,0,128,8,open,600085,event,1562,1562,0,0.7626953125,1,1,1,0,10,110936,109374,1.221299999999701,110936,0
open_boundary,0,128,8,open,600086,event,1552,1552,0,0.7578125,1,1,1,0,41,77656,76104,1.1341000000002168,77656,0
open_boundary,0,128,8,open,600087,event,1566,1566,0,0.7646484375,1,1,1,0,58,73438,71872,1.1221000000000458,73438,0
open_boundary,0,128,8,open,600088,event,1572,1572,0,0.767578125,1,1,1,0,15,96160,94588,1.1929000000000087,96160,0
open_boundary,0,128,8,open,600089,event,1540,1540,0,0.751953125,1,1,1,0,44,91281,89741,1.1134999999999309,91281,0
open_boundary,0,128,8,open,600090,event,1565,1565,0,0.76416015625,1,1,1,0,18,78406,76841,1.1194000000000415,78406,0
open_boundary,0,128,8,open,600091,event,1565,1565,0,0.76416015625,1,1,1,0,27,106317,104752,1.102400000000216,106317,0
open_boundary,0,128,8,open,600092,event,1562,1562,0,0.7626953125,1,1,1,0,16,67410,65848,1.233600000000024,67410,0
open_boundary,0,128,8,open,600093,event,1563,1563,0,0.76318359375,1,1,1,0,45,70339,68776,1.1044999999999163,70339,0
open_boundary,0,128,8,open,600094,event,1570,1570,0,0.7666015625,1,1,1,0,28,54508,52938,1.1090999999996711,54508,0
open_boundary,0,128,8,open,600095,event,1555,1555,0,0.75927734375,1,1,1,0,37,104900,103345,1.1177000000002408,104900,0
open_boundary,0,128,8,open,600096,event,1561,1561,0,0.76220703125,1,1,1,0,14,87187,85626,1.2604999999998654,87187,0
open_boundary,0,128,8,open,600097,event,1557,1557,0,0.76025390625,1,1,1,0,34,64820,63263,1.1732999999999265,64820,0
open_boundary,0,128,8,open,600098,event,1553,1553,0,0.75830078125,1,1,1,0,37,49370,47817,1.105199999999968,49370,0
open_boundary,0,128,8,open,600099,event,1562,1562,0,0.7626953125,1,1,1,0,23,66855,65293,1.115599999999631,66855,0
open_boundary,0,128,8,open,600100,event,1570,1570,0,0.7666015625,1,1,1,0,36,114591,113021,1.210099999999784,114591,0
open_boundary,0,128,8,open,600101,event,1558,1558,0,0.7607421875,1,1,1,0,25,104846,103288,1.1233999999999469,104846,0
open_boundary,0,128,8,open,600102,event,1568,1568,0,0.765625,1,1,1,0,40,67627,66059,1.1875,67627,0
open_boundary,0,128,8,open,600103,event,1561,1561,0,0.76220703125,1,1,1,0,30,73975,72414,1.1480999999998858,73975,0
open_boundary,0,128,8,open,600104,event,1569,1569,0,0.76611328125,1,1,1,0,10,88750,87181,1.2169000000003507,88750,0
open_boundary,0,128,8,open,600105,event,1567,1567,0,0.76513671875,1,1,1,0,13,74762,73195,1.1462000000001353,74762,0
open_boundary,0,128,8,open,600106,event,1553,1553,0,0.75830078125,1,1,1,0,33,103779,102226,1.094499999999698,103779,0
open_boundary,0,128,8,open,600107,event,1566,1566,0,0.7646484375,1,1,1,0,24,52534,50968,1.1442999999999302,52534,0
open_boundary,0,128,8,open,600108,event,1551,1551,0,0.75732421875,1,1,1,0,21,60678,59127,1.2921999999998661,60678,0
open_boundary,0,128,8,open,600109,event,1573,1573,0,0.76806640625,1,1,1,0,9,74318,72745,1.1010000000001128,74318,0
open_boundary,0,128,8,open,600110,event,1560,1560,0,0.76171875,1,1,1,0,44,53346,51786,1.0902000000000953,53346,0
open_boundary,0,128,8,open,600111,event,1578,1578,0,0.7705078125,1,1,1,0,9,75804,74226,1.1404999999999745,75804,0
open_boundary,0,128,8,open,600112,event,1555,1555,0,0.75927734375,1,1,1,0,28,100615,99060,1.2002999999999702,100615,0
open_boundary,0,128,8,open,600113,event,1558,1558,0,0.7607421875,1,1,1,0,45,56783,55225,1.2717999999999847,56783,0
open_boundary,0,128,8,open,600114,event,1555,1555,0,0.75927734375,1,1,1,0,63,53757,52202,1.250300000000152,53757,0
open_boundary,0,128,8,open,600115,event,1555,1555,0,0.75927734375,1,1,1,0,37,129788,128233,1.2094999999999345,129788,0
open_boundary,0,128,8,open,600116,event,1570,1570,0,0.7666015625,1,1,1,0,40,69909,68339,1.6044999999999163,69909,0
open_boundary,0,128,8,open,600117,event,1573,1573,0,0.76806640625,1,1,1,0,20,69581,68008,1.35149999999976,69581,0
open_boundary,0,128,8,open,600118,event,1544,1544,0,0.75390625,1,1,1,0,40,76371,74827,1.253400000000056,76371,0
open_boundary,0,128,8,open,600119,event,1571,1571,0,0.76708984375,1,1,1,0,48,65013,63442,1.5434999999997672,65013,0
open_boundary,0,128,8,open,600120,event,1549,1549,0,0.75634765625,1,1,1,0,61,66909,65360,1.4812000000001717,66909,0
open_boundary,0,128,8,open,600121,event,1547,1547,0,0.75537109375,1,1,1,0,41,119892,118345,1.3059000000002925,119892,0
open_boundary,0,128,8,open,600122,event,1557,1557,0,0.76025390625,1,1,1,0,24,65776,64219,1.2298000000000684,65776,0
open_boundary,0,128,8,open,600123,event,1553,1553,0,0.75830078125,1,1,1,0,22,68744,67191,1.4797000000003209,68744,0
open_boundary,0,128,8,open,600124,event,1566,1566,0,0.7646484375,1,1,1,0,11,118201,116635,1.4319000000000415,118201,0
open_boundary,0,128,8,open,600125,event,1568,1568,0,0.765625,1,1,1,0,18,94469,92901,1.262699999999768,94469,0
open_boundary,0,128,8,open,600126,event,1573,1573,0,0.76806640625,1,1,1,0,37,86803,85230,1.2365999999997257,86803,0
open_boundary,0,128,8,open,600127,event,1565,1565,0,0.76416015625,1,1,1,0,34,67066,65501,1.2052999999996246,67066,0
open_boundary,0,128,8,open,600128,event,1553,1553,0,0.75830078125,1,1,1,0,18,75080,73527,1.5145000000002256,75080,0
open_boundary,35,128,8,open,600001,event,1541,758,783,0.75244140625,-0.016223231667748216,0.016223231667748216,0,0,0,161547,160006,1.3074999999998909,80774,80773
open_boundary,35,128,8,open,600002,event,1490,728,762,0.7275390625,-0.022818791946308724,0.022818791946308724,0,0,0,190222,188732,1.262499999999818,95111,95111
open_boundary,35,128,8,open,600003,event,1533,740,793,0.74853515625,-0.03457273320287019,0.03457273320287019,0,0,0,182703,181170,1.33199999999988,91352,91351
open_boundary,35,128,8,open,600004,event,1556,740,816,0.759765625,-0.04884318766066838,0.04884318766066838,0,0,0,136793,135237,1.4254000000000815,68397,68396
open_boundary,35,128,8,open,600005,event,1533,785,748,0.74853515625,0.024135681669928244,0.024135681669928244,0,0,0,176982,175449,1.3052000000002408,88491,88491
open_boundary,35,128,8,open,600006,event,1550,768,782,0.7568359375,-0.00903225806451613,0.00903225806451613,0,0,0,141869,140319,1.3836999999998625,70935,70934
open_boundary,35,128,8,open,600007,event,1525,737,788,0.74462890625,-0.03344262295081967,0.03344262295081967,0,0,0,138026,136501,1.2994999999996253,69013,69013
open_boundary,35,128,8,open,600008,event,1539,793,746,0.75146484375,0.030539311241065625,0.030539311241065625,0,0,0,154833,153294,1.4150999999997111,77417,77416
open_boundary,35,128,8,open,600009,event,1515,789,726,0.73974609375,0.041584158415841586,0.041584158415841586,0,0,0,169649,168134,1.2699999999999818,84825,84824
open_boundary,35,128,8,open,600010,event,1527,740,787,0.74560546875,-0.03077930582842174,0.03077930582842174,0,0,0,148205,146678,1.304399999999987,74103,74102
open_boundary,35,128,8,open,600011,event,1519,787,732,0.74169921875,0.03620803159973667,0.03620803159973667,0,0,0,203529,202010,1.363299999999981,101765,101764
open_boundary,35,128,8,open,600012,event,1545,792,753,0.75439453125,0.02524271844660194,0.02524271844660194,0,0,0,144450,142905,1.4054000000000997,72225,72225
open_boundary,35,128,8,open,600013,event,1531,786,745,0.74755859375,0.026779882429784456,0.026779882429784456,0,0,0,239962,238431,1.2791999999999462,119981,119981
open_boundary,35,128,8,open,600014,event,1524,796,728,0.744140625,0.04461942257217848,0.04461942257217848,0,0,0,171467,169943,1.2925000000000182,85734,85733
open_boundary,35,128,8,open,600015,event,1524,726,798,0.744140625,-0.047244094488188976,0.047244094488188976,0,0,0,223059,221535,1.2769000000002961,111530,111529
open_boundary,35,128,8,open,600016,event,1540,783,757,0.751953125,0.016883116883116882,0.016883116883116882,0,0,0,206446,204906,1.4124000000001615,103223,103223
open_boundary,35,128,8,open,600017,event,1553,813,740,0.75830078125,0.04700579523502898,0.04700579523502898,0,0,0,213892,212339,1.29300000000012,106946,106946
open_boundary,35,128,8,open,600018,event,1547,776,771,0.75537109375,0.003232062055591467,0.003232062055591467,0,0,0,193022,191475,1.2846999999997024,96511,96511
open_boundary,35,128,8,open,600019,event,1531,725,806,0.74755859375,-0.052906596995427824,0.052906596995427824,0,0,0,181857,180326,1.369799999999941,90929,90928
open_boundary,35,128,8,open,600020,event,1521,749,772,0.74267578125,-0.015121630506245891,0.015121630506245891,0,0,0,197405,195884,1.2739999999998872,98703,98702
open_boundary,35,128,8,open,600021,event,1530,776,754,0.7470703125,0.01437908496732026,0.01437908496732026,0,0,0,191986,190456,1.3957000000000335,95993,95993
open_boundary,35,128,8,open,600022,event,1551,785,766,0.75732421875,0.012250161186331399,0.012250161186331399,0,0,0,161749,160198,1.3868999999999687,80875,80874
open_boundary,35,128,8,open,600023,event,1527,760,767,0.74560546875,-0.0045841519318926,0.0045841519318926,0,0,0,106676,105149,1.5194000000001324,53338,53338
open_boundary,35,128,8,open,600024,event,1523,751,772,0.74365234375,-0.013788575180564675,0.013788575180564675,0,0,0,195210,193687,1.2703999999998814,97605,97605
open_boundary,35,128,8,open,600025,event,1528,889,639,0.74609375,0.16361256544502617,0.16361256544502617,0,0,0,220937,219409,1.3123999999997977,110469,110468
open_boundary,35,128,8,open,600026,event,1548,841,707,0.755859375,0.08656330749354005,0.08656330749354005,0,0,0,187335,185787,1.339600000000246,93668,93667
open_boundary,35,128,8,open,600027,event,1533,798,735,0.74853515625,0.0410958904109589,0.0410958904109589,0,0,0,206486,204953,1.3862999999996646,103243,103243
open_boundary,35,128,8,open,600028,event,1522,758,764,0.7431640625,-0.003942181340341655,0.003942181340341655,0,0,0,146065,144543,1.2622000000001208,73033,73032
open_boundary,35,128,8,open,600029,event,1536,871,665,0.75,0.13411458333333334,0.13411458333333334,0,0,0,122824,121288,1.4692000000000007,61412,61412
open_boundary,35,128,8,open,600030,event,1522,716,806,0.7431640625,-0.05913272010512484,0.05913272010512484,0,0,0,151077,149555,1.3798000000001593,75539,75538
open_boundary,35,128,8,open,600031,event,1552,838,714,0.7578125,0.07989690721649484,0.07989690721649484,0,0,0,140827,139275,1.4411999999997533,70414,70413
open_boundary,35,128,8,open,600032,event,1550,825,725,0.7568359375,0.06451612903225806,0.06451612903225806,0,0,0,207777,206227,1.2936000000004242,103889,103888
open_boundary,35,128,8,open,600033,event,1523,823,700,0.74365234375,0.08076165462902167,0.08076165462902167,0,0,0,148275,146752,1.2734999999997854,74138,74137
open_boundary,35,128,8,open,600034,event,1545,831,714,0.75439453125,0.07572815533980583,0.07572815533980583,0,0,0,141393,139848,1.3659999999999854,70697,70696
open_boundary,35,128,8,open,600035,event,1542,795,747,0.7529296875,0.0311284046692607,0.0311284046692607,0,0,0,160783,159241,1.4221999999999753,80392,80391
open_boundary,35,128,8,open,600036,event,1545,714,831,0.75439453125,-0.07572815533980583,0.07572815533980583,0,0,0,199552,198007,1.3748000000000502,99776,99776
open_boundary,35,128,8,open,600037,event,1543,785,758,0.75341796875,0.017498379779650033,0.017498379779650033,0,0,0,137169,135626,1.3287000000000262,68585,68584
open_boundary,35,128,8,open,600038,event,1541,802,739,0.75244140625,0.040882543802725504,0.040882543802725504,0,0,0,179163,177622,1.3185000000003129,89582,89581
open_boundary,35,128,8,open,600039,event,1535,750,785,0.74951171875,-0.02280130293159609,0.02280130293159609,0,0,0,167306,165771,1.3980999999998858,83653,83653
open_boundary,35,128,8,open,600040,event,1524,772,752,0.744140625,0.013123359580052493,0.013123359580052493,0,0,0,152998,151474,1.264100000000326,76499,76499
open_boundary,35,128,8,open,600041,event,1529,713,816,0.74658203125,-0.06736429038587312,0.06736429038587312,0,0,0,231119,229590,1.326799999999821,115560,115559
open_boundary,35,128,8,open,600042,event,1529,749,780,0.74658203125,-0.020274689339437543,0.020274689339437543,0,0,0,229725,228196,1.4057999999999993,114863,114862
open_boundary,35,128,8,open,600043,event,1514,733,781,0.7392578125,-0.031704095112285335,0.031704095112285335,0,0,0,175430,173916,1.5279999999997926,87715,87715
open_boundary,35,128,8,open,600044,event,1557,771,786,0.76025390625,-0.009633911368015413,0.009633911368015413,0,0,0,135406,133849,1.3574000000003252,67703,67703
open_boundary,35,128,8,open,600045,event,1521,760,761,0.74267578125,-0.0006574621959237344,0.0006574621959237344,0,0,0,251944,250423,1.3813000000000102,125972,125972
open_boundary,35,128,8,open,600046,event,1539,736,803,0.75146484375,-0.043534762833008445,0.043534762833008445,0,0,0,142436,140897,1.433100000000195,71218,71218
open_boundary,35,128,8,open,600047,event,1501,743,758,0.73291015625,-0.009993337774816789,0.009993337774816789,0,0,0,165419,163918,1.5533000000000357,82710,82709
open_boundary,35,128,8,open,600048,event,1549,784,765,0.75634765625,0.012265978050355068,0.012265978050355068,0,0,0,218575,217026,1.3670999999999367,109288,109287
open_boundary,35,128,8,open,600049,event,1541,805,736,0.75244140625,0.04477611940298507,0.04477611940298507,0,0,0,233110,231569,1.353399999999965,116555,116555
open_boundary,35,128,8,open,600050,event,1550,818,732,0.7568359375,0.05548387096774193,0.05548387096774193,0,0,0,158597,157047,1.803400000000238,79299,79298
open_boundary,35,128,8,open,600051,event,1547,734,813,0.75537109375,-0.05106658047834518,0.05106658047834518,0,0,0,172621,171074,1.5559999999995853,86311,86310
open_boundary,35,128,8,open,600052,event,1540,700,840,0.751953125,-0.09090909090909091,0.09090909090909091,0,0,0,181824,180284,1.3753999999998996,90912,90912
open_boundary,35,128,8,open,600053,event,1550,820,730,0.7568359375,0.05806451612903226,0.05806451612903226,0,0,0,168097,166547,1.376800000000003,84049,84048
open_boundary,35,128,8,open,600054,event,1520,762,758,0.7421875,0.002631578947368421,0.002631578947368421,0,0,0,147803,146283,1.3549000000002707,73902,73901
open_boundary,35,128,8,open,600055,event,1558,767,791,0.7607421875,-0.01540436456996149,0.01540436456996149,0,0,0,165606,164048,1.5025000000000546,82803,82803
open_boundary,35,128,8,open,600056,event,1513,773,740,0.73876953125,0.021810971579643092,0.021810971579643092,0,0,0,150632,149119,1.3157000000001062,75316,75316
open_boundary,35,128,8,open,600057,event,1528,795,733,0.74609375,0.04057591623036649,0.04057591623036649,0,0,0,176017,174489,1.3112999999998465,88009,88008
open_boundary,35,128,8,open,600058,event,1530,818,712,0.7470703125,0.06928104575163399,0.06928104575163399,0,0,0,210234,208704,1.285200000000259,105117,105117
open_boundary,35,128,8,open,600059,event,1538,771,767,0.7509765625,0.002600780234070221,0.002600780234070221,0,0,0,151155,149617,1.4074999999998,75578,75577
open_boundary,35,128,8,open,600060,event,1533,831,702,0.74853515625,0.08414872798434442,0.08414872798434442,0,0,0,213477,211944,1.26949999999988,106739,106738
open_boundary,35,128,8,open,600061,event,1541,796,745,0.75244140625,0.03309539260220636,0.03309539260220636,0,0,0,197051,195510,1.3374999999996362,98526,98525
open_boundary,35,128,8,open,600062,event,1531,761,770,0.74755859375,-0.005878510777269758,0.005878510777269758,0,0,0,103037,101506,1.489100000000235,51519,51518
open_boundary,35,128,8,open,600063,event,1533,742,791,0.74853515625,-0.0319634703196347,0.0319634703196347,0,0,0,125968,124435,1.2860999999998057,62984,62984
open_boundary,35,128,8,open,600064,event,1540,768,772,0.751953125,-0.0025974025974025974,0.0025974025974025974,0,0,0,176160,174620,1.3195000000000618,88080,88080
open_boundary,35,128,8,open,600065,event,1550,800,750,0.7568359375,0.03225806451612903,0.03225806451612903,0,0,0,176162,174612,1.3349000000002889,88081,88081
open_boundary,35,128,8,open,600066,event,1529,762,767,0.74658203125,-0.0032701111837802484,0.0032701111837802484,0,0,0,190602,189073,1.45699999999988,95301,95301
open_boundary,35,128,8,open,600067,event,1547,740,807,0.75537109375,-0.04330963154492566,0.04330963154492566,0,0,0,147261,145714,1.2820000000001528,73631,73630
open_boundary,35,128,8,open,600068,event,1537,815,722,0.75048828125,0.0605074821080026,0.0605074821080026,0,0,0,113927,112390,1.3304000000002816,56964,56963
open_boundary,35,128,8,open,600069,event,1526,751,775,0.7451171875,-0.015727391874180863,0.015727391874180863,0,0,0,194200,192674,1.2364999999999782,97100,97100
open_boundary,35,128,8,open,600070,event,1523,772,751,0.74365234375,0.013788575180564675,0.013788575180564675,0,0,0,127160,125637,1.3811000000000604,63580,63580
open_boundary,35,128,8,open,600071,event,1521,841,680,0.74267578125,0.10585141354372124,0.10585141354372124,0,0,0,151064,149543,1.251100000000406,75532,75532
open_boundary,35,128,8,open,600072,event,1518,770,748,0.7412109375,0.014492753623188406,0.014492753623188406,0,0,0,175413,173895,1.2241000000003623,87707,87706
open_boundary,35,128,8,open,600073,event,1526,777,749,0.7451171875,0.01834862385321101,0.01834862385321101,0,0,0,156684,155158,1.238299999999981,78342,78342
open_boundary,35,128,8,open,600074,event,1544,793,751,0.75390625,0.027202072538860103,0.027202072538860103,0,0,0,244883,243339,1.3470000000002074,122442,122441
open_boundary,35,128,8,open,600075,event,1551,765,786,0.75732421875,-0.013539651837524178,0.013539651837524178,0,0,0,175363,173812,1.2352000000000771,87682,87681
open_boundary,35,128,8,open,600076,event,1554,732,822,0.7587890625,-0.05791505791505792,0.05791505791505792,0,0,0,119737,118183,1.292699999999968,59869,59868
open_boundary,35,128,8,open,600077,event,1532,802,730,0.748046875,0.04699738903394256,0.04699738903394256,0,0,0,188884,187352,1.2368999999998778,94442,94442
open_boundary,35,128,8,open,600078,event,1535,695,840,0.74951171875,-0.09446254071661238,0.09446254071661238,0,0,0,233376,231841,1.3293000000003303,116688,116688
open_boundary,35,128,8,open,600079,event,1544,815,729,0.75390625,0.05569948186528497,0.05569948186528497,0,0,0,156833,155289,1.2480999999997948,78417,78416
open_boundary,35,128,8,open,600080,event,1522,710,812,0.7431640625,-0.06701708278580815,0.06701708278580815,0,0,0,148391,146869,1.2580000000002656,74196,74195
open_boundary,35,128,8,open,600081,event,1528,712,816,0.74609375,-0.06806282722513089,0.06806282722513089,0,0,0,151961,150433,1.259900000000016,75981,75980
open_boundary,35,128,8,open,600082,event,1515,754,761,0.73974609375,-0.0046204620462046205,0.0046204620462046205,0,0,0,171230,169715,1.3813000000000102,85615,85615
open_boundary,35,128,8,open,600083,event,1529,786,743,0.74658203125,0.028122956180510136,0.028122956180510136,0,0,0,128960,127431,1.2528999999999542,64480,64480
open_boundary,35,128,8,open,600084,event,1535,777,758,0.74951171875,0.012377850162866449,0.012377850162866449,0,0,0,159744,158209,1.2424999999998363,79872,79872
open_boundary,35,128,8,open,600085,event,1546,734,812,0.7548828125,-0.050452781371280724,0.050452781371280724,0,0,0,138387,136841,1.2472999999999956,69194,69193
open_boundary,35,128,8,open,600086,event,1530,749,781,0.7470703125,-0.02091503267973856,0.02091503267973856,0,0,0,119261,117731,1.3485000000000582,59631,59630
open_boundary,35,128,8,open,600087,event,1518,784,734,0.7412109375,0.03293807641633729,0.03293807641633729,0,0,0,210072,208554,1.2256000000002132,105036,105036
open_boundary,35,128,8,open,600088,event,1539,817,722,0.75146484375,0.06172839506172839,0.06172839506172839,0,0,0,173676,172137,1.2459999999996398,86838,86838
open_boundary,35,128,8,open,600089,event,1559,778,781,0.76123046875,-0.001924310455420141,0.001924310455420141,0,0,0,161607,160048,1.2478000000000975,80804,80803
open_boundary,35,128,8,open,600090,event,1523,741,782,0.74365234375,-0.026920551543007223,0.026920551543007223,0,0,0,153025,151502,1.309400000000096,76513,76512
open_boundary,35,128,8,open,600091,event,1542,724,818,0.7529296875,-0.0609597924773022,0.0609597924773022,0,0,0,120282,118740,1.314600000000155,60141,60141
open_boundary,35,128,8,open,600092,event,1539,745,794,0.75146484375,-0.03183885640025991,0.03183885640025991,0,0,0,131346,129807,1.4110999999998057,65673,65673
open_boundary,35,128,8,open,600093,event,1532,693,839,0.748046875,-0.09530026109660575,0.09530026109660575,0,0,0,159050,157518,1.2993000000001302,79525,79525
open_boundary,35,128,8,open,600094,event,1521,696,825,0.74267578125,-0.08481262327416174,0.08481262327416174,0,0,0,188555,187034,1.3505999999997584,94278,94277
open_boundary,35,128,8,open,600095,event,1540,755,785,0.751953125,-0.01948051948051948,0.01948051948051948,0,0,0,242736,241196,1.2853000000000065,121368,121368
open_boundary,35,128,8,open,600096,event,1535,803,732,0.74951171875,0.04625407166123779,0.04625407166123779,0,0,0,185796,184261,1.294499999999971,92898,92898
open_boundary,35,128,8,open,600097,event,1533,765,768,0.74853515625,-0.0019569471624266144,0.0019569471624266144,0,0,0,173750,172217,1.3308999999999287,86875,86875
open_boundary,35,128,8,open,600098,event,1495,707,788,0.72998046875,-0.05418060200668896,0.05418060200668896,0,0,0,190122,188627,1.4506999999998698,95061,95061
open_boundary,35,128,8,open,600099,event,1570,754,816,0.7666015625,-0.03949044585987261,0.03949044585987261,0,0,0,159504,157934,1.4009000000000924,79752,79752
open_boundary,35,128,8,open,600100,event,1524,751,773,0.744140625,-0.014435695538057743,0.014435695538057743,0,0,0,111086,109562,1.3667999999997846,55543,55543
open_boundary,35,128,8,open,600101,event,1540,752,788,0.751953125,-0.023376623376623377,0.023376623376623377,0,0,0,170605,169065,1.3890999999998712,85303,85302
open_boundary,35,128,8,open,600102,event,1560,814,746,0.76171875,0.04358974358974359,0.04358974358974359,0,0,0,131447,129887,2.359899999999925,65724,65723
open_boundary,35,128,8,open,600103,event,1527,750,777,0.74560546875,-0.01768172888015717,0.01768172888015717,0,0,0,178244,176717,1.3468000000002576,89122,89122
open_boundary,35,128,8,open,600104,event,1548,741,807,0.755859375,-0.04263565891472868,0.04263565891472868,0,0,0,197705,196157,1.2959999999998217,98853,98852
open_boundary,35,128,8,open,600105,event,1539,843,696,0.75146484375,0.09551656920077972,0.09551656920077972,0,0,0,151675,150136,1.298200000000179,75838,75837
open_boundary,35,128,8,open,600106,event,1513,688,825,0.73876953125,-0.09054857898215465,0.09054857898215465,0,0,0,115070,113557,1.4666000000001986,57535,57535
open_boundary,35,128,8,open,600107,event,1536,765,771,0.75,-0.00390625,0.00390625,0,0,0,171265,169729,1.2879999999995562,85633,85632
open_boundary,35,128,8,open,600108,event,1539,769,770,0.75146484375,-0.000649772579597141,0.000649772579597141,0,0,0,124269,122730,1.288000000000011,62135,62134
open_boundary,35,128,8,open,600109,event,1516,765,751,0.740234375,0.009234828496042216,0.009234828496042216,0,0,0,189751,188235,1.3353000000001884,94876,94875
open_boundary,35,128,8,open,600110,event,1531,798,733,0.74755859375,0.042455911169170475,0.042455911169170475,0,0,0,340049,338518,1.2328000000002248,170025,170024
open_boundary,35,128,8,open,600111,event,1526,733,793,0.7451171875,-0.039318479685452164,0.039318479685452164,0,0,0,221920,220394,1.2739000000001397,110960,110960
open_boundary,35,128,8,open,600112,event,1545,806,739,0.75439453125,0.04336569579288026,0.04336569579288026,0,0,0,124991,123446,1.3261999999999716,62496,62495
open_boundary,35,128,8,open,600113,event,1533,738,795,0.74853515625,-0.03718199608610567,0.03718199608610567,0,0,0,171125,169592,1.4828999999999724,85563,85562
open_boundary,35,128,8,open,600114,event,1553,780,773,0.75830078125,0.004507405022537025,0.004507405022537025,0,0,0,129650,128097,1.2092999999999847,64825,64825
open_boundary,35,128,8,open,600115,event,1536,727,809,0.75,-0.053385416666666664,0.053385416666666664,0,0,0,115585,114049,1.2007000000003245,57793,57792
open_boundary,35,128,8,open,600116,event,1536,758,778,0.75,-0.013020833333333334,0.013020833333333334,0,0,0,179384,177848,1.2092000000002372,89692,89692
open_boundary,35,128,8,open,600117,event,1551,782,769,0.75732421875,0.008381689232753063,0.008381689232753063,0,0,0,187211,185660,1.3962999999998829,93606,93605
open_boundary,35,128,8,open,600118,event,1536,757,779,0.75,-0.014322916666666666,0.014322916666666666,0,0,0,141754,140218,1.304399999999987,70877,70877
open_boundary,35,128,8,open,600119,event,1535,767,768,0.74951171875,-0.0006514657980456026,0.0006514657980456026,0,0,0,200508,198973,1.2669999999998254,100254,100254
open_boundary,35,128,8,open,600120,event,1529,795,734,0.74658203125,0.03989535644211903,0.03989535644211903,0,0,0,173265,171736,1.181999999999789,86633,86632
open_boundary,35,128,8,open,600121,event,1534,756,778,0.7490234375,-0.014341590612777053,0.014341590612777053,0,0,0,371694,370160,1.2899999999999636,185847,185847
open_boundary,35,128,8,open,600122,event,1530,715,815,0.7470703125,-0.06535947712418301,0.06535947712418301,0,0,0,198995,197465,1.2316999999998188,99498,99497
open_boundary,35,128,8,open,600123,event,1540,750,790,0.751953125,-0.025974025974025976,0.025974025974025976,0,0,0,175480,173940,1.1952000000001135,87740,87740
open_boundary,35,128,8,open,600124,event,1520,751,769,0.7421875,-0.011842105263157895,0.011842105263157895,0,0,0,236080,234560,1.199200000000019,118040,118040
open_boundary,35,128,8,open,600125,event,1532,805,727,0.748046875,0.050913838120104436,0.050913838120104436,0,0,0,157886,156354,1.2755999999999403,78943,78943
open_boundary,35,128,8,open,600126,event,1541,739,802,0.75244140625,-0.040882543802725504,0.040882543802725504,0,0,0,186512,184971,1.2692999999999302,93256,93256
open_boundary,35,128,8,open,600127,event,1527,738,789,0.74560546875,-0.03339882121807466,0.03339882121807466,0,0,0,127910,126383,1.2058999999999287,63955,63955
open_boundary,35,128,8,open,600128,event,1510,718,792,0.7373046875,-0.04900662251655629,0.04900662251655629,0,0,0,155946,154436,1.3216999999999643,77973,77973
open_boundary,38,128,8,open,600001,event,1515,758,757,0.73974609375,0.0006600660066006601,0.0006600660066006601,1,23,0,80637,79122,1.3968999999997322,22028,58609
open_boundary,38,128,8,open,600002,event,1463,732,731,0.71435546875,0.000683526999316473,0.000683526999316473,1,108,0,84148,82685,1.1660999999999149,11243,72905
open_boundary,38,128,8,open,600003,event,1509,755,754,0.73681640625,0.0006626905235255136,0.0006626905235255136,1,20,0,203012,201503,1.1282000000001062,32215,170797
open_boundary,38,128,8,open,600004,event,1517,759,758,0.74072265625,0.0006591957811470006,0.0006591957811470006,1,4,0,106878,105361,1.166700000000219,49870,57008
open_boundary,38,128,8,open,600005,event,1474,737,737,0.7197265625,0,0,1,0,71,126156,124682,1.2580000000002656,110575,15581
open_boundary,38,128,8,open,600006,event,1494,747,747,0.7294921875,0,0,1,0,38,77216,75722,1.1205999999997402,58807,18409
open_boundary,38,128,8,open,600007,event,1515,758,757,0.73974609375,0.0006600660066006601,0.0006600660066006601,1,24,0,94427,92912,1.1123999999999796,22463,71964
open_boundary,38,128,8,open,600008,event,1494,747,747,0.7294921875,0,0,1,0,55,97469,95975,1.1547999999997955,84951,12518
open_boundary,38,128,8,open,600009,event,1542,771,771,0.7529296875,0,0,1,0,10,104806,103264,1.2615000000000691,70936,33870
open_boundary,38,128,8,open,600010,event,1511,756,755,0.73779296875,0.0006618133686300463,0.0006618133686300463,1,24,0,116712,115201,1.1280000000001564,24271,92441
open_boundary,38,128,8,open,600011,event,1498,749,749,0.7314453125,0,0,1,0,45,90722,89224,1.195799999999963,72196,18526
open_boundary,38,128,8,open,600012,event,1516,758,758,0.740234375,0,0,1,0,21,88206,86690,1.1639000000000124,64393,23813
open_boundary,38,128,8,open,600013,event,1529,765,764,0.74658203125,0.0006540222367560497,0.0006540222367560497,1,12,0,123071,121542,1.200800000000072,28979,94092
open_boundary,38,128,8,open,600014,event,1537,769,768,0.75048828125,0.0006506180871828237,0.0006506180871828237,1,5,0,119753,118216,1.363800000000083,31206,88547
open_boundary,38,128,8,open,600015,event,1494,747,747,0.7294921875,0,0,1,0,37,83275,81781,1.1585000000000036,66394,16881
open_boundary,38,128,8,open,600016,event,1520,760,760,0.7421875,0,0,1,0,43,89112,87592,1.1507000000001426,71484,17628
open_boundary,38,128,8,open,600017,event,1511,756,755,0.73779296875,0.0006618133686300463,0.0006618133686300463,1,21,0,75398,73887,1.2002999999999702,19928,55470
open_boundary,38,128,8,open,600018,event,1466,733,733,0.7158203125,0,0,1,0,116,78555,77089,1.3312000000000808,66446,12109
open_boundary,38,128,8,open,600019,event,1483,742,741,0.72412109375,0.0006743088334457181,0.0006743088334457181,1,81,0,89267,87784,1.1442999999999302,13481,75786
open_boundary,38,128,8,open,600020,event,1539,770,769,0.75146484375,0.000649772579597141,0.000649772579597141,1,20,0,90408,88869,1.1354000000001179,27916,62492
open_boundary,38,128,8,open,600021,event,1508,754,754,0.736328125,0,0,1,0,41,67226,65718,1.1269999999999527,47235,19991
open_boundary,38,128,8,open,600022,event,1523,762,761,0.74365234375,0.0006565988181221273,0.0006565988181221273,1,22,0,148861,147338,1.2343000000000757,30069,118792
open_boundary,38,128,8,open,600023,event,1489,745,744,0.72705078125,0.000671591672263264,0.000671591672263264,1,110,0,75180,73691,1.1907999999998538,11863,63317
open_boundary,38,128,8,open,600024,event,1494,747,747,0.7294921875,0,0,1,0,43,100882,99388,1.110700000000179,84686,16196
open_boundary,38,128,8,open,600025,event,1517,759,758,0.74072265625,0.0006591957811470006,0.0006591957811470006,1,1,0,152408,150891,1.1833999999998923,61332,91076
open_boundary,38,128,8,open,600026,event,1494,747,747,0.7294921875,0,0,1,0,57,78278,76784,1.280399999999645,60714,17564
open_boundary,38,128,8,open,600027,event,1514,757,757,0.7392578125,0,0,1,0,11,154849,153335,1.2532000000001062,123055,31794
open_boundary,38,128,8,open,600028,event,1488,744,744,0.7265625,0,0,1,0,29,78270,76782,1.2514000000001033,58212,20058
open_boundary,38,128,8,open,600029,event,1521,761,760,0.74267578125,0.0006574621959237344,0.0006574621959237344,1,12,0,107834,106313,1.23700000000008,33946,73888
open_boundary,38,128,8,open,600030,event,1526,763,763,0.7451171875,0,0,1,0,17,100390,98864,1.3377000000000407,73737,26653
open_boundary,38,128,8,open,600031,event,1500,750,750,0.732421875,0,0,1,0,18,83203,81703,1.199200000000019,59377,23826
open_boundary,38,128,8,open,600032,event,1511,756,755,0.73779296875,0.0006618133686300463,0.0006618133686300463,1,23,0,90542,89031,1.248199999999997,21513,69029
open_boundary,38,128,8,open,600033,event,1538,769,769,0.7509765625,0,0,0,0,0,156097,154559,1.2166999999999462,101455,54642
open_boundary,38,128,8,open,600034,event,1526,763,763,0.7451171875,0,0,1,0,8,89663,88137,1.3578999999999724,54468,35195
open_boundary,38,128,8,open,600035,event,1494,747,747,0.7294921875,0,0,1,0,69,79085,77591,1.2817000000000007,65834,13251
open_boundary,38,128,8,open,600036,event,1493,747,746,0.72900390625,0.0006697923643670462,0.0006697923643670462,1,48,0,139507,138014,1.2179999999998472,15564,123943
open_boundary,38,128,8,open,600037,event,1541,771,770,0.75244140625,0.0006489292667099286,0.0006489292667099286,1,16,0,90642,89101,1.22400000000016,23431,67211
open_boundary,38,128,8,open,600038,event,1482,741,741,0.7236328125,0,0,1,0,33,75963,74481,1.1925999999998567,54723,21240
open_boundary,38,128,8,open,600039,event,1498,749,749,0.7314453125,0,0,1,0,41,102898,101400,1.3580000000001746,85013,17885
open_boundary,38,128,8,open,600040,event,1487,744,743,0.72607421875,0.0006724949562878278,0.0006724949562878278,1,61,0,110966,109479,1.2317000000002736,15676,95290
open_boundary,38,128,8,open,600041,event,1528,764,764,0.74609375,0,0,1,0,38,125601,124073,1.2192000000000007,104574,21027
open_boundary,38,128,8,open,600042,event,1506,753,753,0.7353515625,0,0,1,0,19,96961,95455,1.1975999999999658,71896,25065
open_boundary,38,128,8,open,600043,event,1522,761,761,0.7431640625,0,0,1,0,6,148978,147456,1.3027999999999338,101796,47182
open_boundary,38,128,8,open,600044,event,1502,751,751,0.7333984375,0,0,1,0,81,66779,65277,1.215599999999995,51879,14900
open_boundary,38,128,8,open,600045,event,1508,754,754,0.736328125,0,0,1,0,7,123918,122410,1.2701999999999316,93191,30727
open_boundary,38,128,8,open,600046,event,1526,763,763,0.7451171875,0,0,1,0,7,121369,119843,1.2804000000000997,88953,32416
open_boundary,38,128,8,open,600047,event,1486,743,743,0.7255859375,0,0,1,0,40,87548,86062,1.2863000000002103,68018,19530
open_boundary,38,128,8,open,600048,event,1556,778,778,0.759765625,0,0,1,0,7,116220,114664,1.1925999999998567,82926,33294
open_boundary,38,128,8,open,600049,event,1484,742,742,0.724609375,0,0,1,0,51,87154,85670,1.1496999999999389,71373,15781
open_boundary,38,128,8,open,600050,event,1497,749,748,0.73095703125,0.0006680026720106881,0.0006680026720106881,1,38,0,103801,102304,1.2217000000000553,20651,83150
open_boundary,38,128,8,open,600051,event,1506,753,753,0.7353515625,0,0,1,0,34,93760,92254,1.298399999999674,74479,19281
open_boundary,38,128,8,open,600052,event,1463,732,731,0.71435546875,0.000683526999316473,0.000683526999316473,1,106,0,103104,101641,1.1291000000001077,10935,92169
open_boundary,38,128,8,open,600053,event,1502,751,751,0.7333984375,0,0,1,0,41,88823,87321,1.1384000000002743,70924,17899
open_boundary,38,128,8,open,600054,event,1511,756,755,0.73779296875,0.0006618133686300463,0.0006618133686300463,1,55,0,112467,110956,1.1812999999997373,18049,94418
open_boundary,38,128,8,open,600055,event,1531,766,765,0.74755859375,0.0006531678641410843,0.0006531678641410843,1,8,0,95537,94006,1.3286000000002787,26854,68683
open_boundary,38,128,8,open,600056,event,1514,757,757,0.7392578125,0,0,1,0,20,93251,91737,1.4592999999999847,65537,27714
open_boundary,38,128,8,open,600057,event,1530,765,765,0.7470703125,0,0,0,0,0,203090,201560,1.4963999999999942,94374,108716
open_boundary,38,128,8,open,600058,event,1426,713,713,0.6962890625,0,0,1,0,148,125336,123910,1.237500000000182,116288,9048
open_boundary,38,128,8,open,600059,event,1459,730,729,0.71240234375,0.0006854009595613434,0.0006854009595613434,1,107,0,78890,77431,1.2121999999999389,10548,68342
open_boundary,38,128,8,open,600060,event,1465,733,732,0.71533203125,0.0006825938566552901,0.0006825938566552901,1,98,0,84770,83305,1.348700000000008,12035,72735
open_boundary,38,128,8,open,600061,event,1486,743,743,0.7255859375,0,0,1,0,49,97722,96236,1.2600999999999658,82150,15572
open_boundary,38,128,8,open,600062,event,1500,750,750,0.732421875,0,0,1,0,25,93234,91734,1.1856000000002496,71726,21508
open_boundary,38,128,8,open,600063,event,1529,765,764,0.74658203125,0.0006540222367560497,0.0006540222367560497,1,38,0,97286,95757,1.1803999999997359,22623,74663
open_boundary,38,128,8,open,600064,event,1468,734,734,0.716796875,0,0,1,0,98,76151,74683,1.2947000000003754,63975,12176
open_boundary,38,128,8,open,600065,event,1509,755,754,0.73681640625,0.0006626905235255136,0.0006626905235255136,1,66,0,64217,62708,1.158600000000206,15644,48573
open_boundary,38,128,8,open,600066,event,1509,755,754,0.73681640625,0.0006626905235255136,0.0006626905235255136,1,20,0,111156,109647,1.1721000000002277,29333,81823
open_boundary,38,128,8,open,600067,event,1511,756,755,0.73779296875,0.0006618133686300463,0.0006618133686300463,1,39,0,62857,61346,1.2303999999999178,18176,44681
open_boundary,38,128,8,open,600068,event,1529,765,764,0.74658203125,0.0006540222367560497,0.0006540222367560497,1,9,0,79528,77999,1.4367000000002008,32279,47249
open_boundary,38,128,8,open,600069,event,1544,772,772,0.75390625,0,0,1,0,8,153775,152231,1.33620000000019,114541,39234
open_boundary,38,128,8,open,600070,event,1491,746,745,0.72802734375,0.0006706908115358819,0.0006706908115358819,1,55,0,72242,70751,1.2374999999997272,15829,56413
open_boundary,38,128,8,open,600071,event,1494,747,747,0.7294921875,0,0,1,0,48,89071,87577,1.1799999999998363,73609,15462
open_boundary,38,128,8,open,600072,event,1504,752,752,0.734375,0,0,1,0,15,96942,95438,1.5037999999999556,71276,25666
open_boundary,38,128,8,open,600073,event,1535,768,767,0.74951171875,0.0006514657980456026,0.0006514657980456026,1,10,0,109422,107887,1.2180999999995947,32113,77309
open_boundary,38,128,8,open,600074,event,1505,753,752,0.73486328125,0.000664451827242525,0.000664451827242525,1,54,0,71927,70422,1.1875,17572,54355
open_boundary,38,128,8,open,600075,event,1510,755,755,0.7373046875,0,0,1,0,38,92671,91161,1.193300000000363,71721,20950
open_boundary,38,128,8,open,600076,event,1516,758,758,0.740234375,0,0,0,0,0,121624,120108,1.2970000000000255,67859,53765
open_boundary,38,128,8,open,600077,event,1518,759,759,0.7412109375,0,0,1,0,4,98193,96675,1.196400000000267,54952,43241
open_boundary,38,128,8,open,600078,event,1517,759,758,0.74072265625,0.0006591957811470006,0.0006591957811470006,1,13,0,93458,91941,1.1628000000000611,32356,61102
open_boundary,38,128,8,open,600079,event,1524,762,762,0.744140625,0,0,1,0,27,84555,83031,1.190900000000056,60069,24486
open_boundary,38,128,8,open,600080,event,1518,759,759,0.7412109375,0,0,1,0,21,82369,80851,1.2627000000002226,57905,24464
open_boundary,38,128,8,open,600081,event,1509,755,754,0.73681640625,0.0006626905235255136,0.0006626905235255136,1,31,0,83090,81581,1.1846000000000458,19026,64064
open_boundary,38,128,8,open,600082,event,1464,732,732,0.71484375,0,0,1,0,110,55227,53763,1.1437999999998283,43544,11683
open_boundary,38,128,8,open,600083,event,1538,769,769,0.7509765625,0,0,1,0,25,108045,106507,1.2019000000000233,83368,24677
open_boundary,38,128,8,open,600084,event,1483,742,741,0.72412109375,0.0006743088334457181,0.0006743088334457181,1,70,0,87490,86007,1.180699999999888,15849,71641
open_boundary,38,128,8,open,600085,event,1499,750,749,0.73193359375,0.00066711140760507,0.00066711140760507,1,50,0,130649,129150,1.312800000000152,16889,113760
open_boundary,38,128,8,open,600086,event,1528,764,764,0.74609375,0,0,1,0,10,85189,83661,1.1966000000002168,49759,35430
open_boundary,38,128,8,open,600087,event,1507,754,753,0.73583984375,0.0006635700066357001,0.0006635700066357001,1,34,0,91306,89799,1.2145999999997912,21021,70285
open_boundary,38,128,8,open,600088,event,1502,751,751,0.7333984375,0,0,1,0,29,85657,84155,1.2907000000000153,68526,17131
open_boundary,38,128,8,open,600089,event,1515,758,757,0.73974609375,0.0006600660066006601,0.0006600660066006601,1,3,0,103252,101737,1.4736000000002605,39999,63253
open_boundary,38,128,8,open,600090,event,1547,774,773,0.75537109375,0.0006464124111182935,0.0006464124111182935,1,9,0,96981,95434,1.2614000000003216,36237,60744
open_boundary,38,128,8,open,600091,event,1539,770,769,0.75146484375,0.000649772579597141,0.000649772579597141,1,4,0,114739,113200,1.2384000000001834,35306,79433
open_boundary,38,128,8,open,600092,event,1482,741,741,0.7236328125,0,0,1,0,62,89626,88144,1.1678000000001703,72413,17213
open_boundary,38,128,8,open,600093,event,1460,730,730,0.712890625,0,0,1,0,125,63228,61768,1.2789000000002488,52382,10846
open_boundary,38,128,8,open,600094,event,1523,762,761,0.74365234375,0.0006565988181221273,0.0006565988181221273,1,28,0,88333,86810,1.2372000000000298,20587,67746
open_boundary,38,128,8,open,600095,event,1502,751,751,0.7333984375,0,0,1,0,44,92192,90690,1.236699999999928,74541,17651
open_boundary,38,128,8,open,600096,event,1536,768,768,0.75,0,0,1,0,5,133152,131616,1.222899999999754,91915,41237
open_boundary,38,128,8,open,600097,event,1497,749,748,0.73095703125,0.0006680026720106881,0.0006680026720106881,1,49,0,83826,82329,1.2802999999994427,17703,66123
open_boundary,38,128,8,open,600098,event,1494,747,747,0.7294921875,0,0,1,0,48,151602,150108,1.1533999999992375,133803,17799
open_boundary,38,128,8,open,600099,event,1503,752,751,0.73388671875,0.0006653359946773121,0.0006653359946773121,1,36,0,98024,96521,1.2022999999999229,18730,79294
open_boundary,38,128,8,open,600100,event,1514,757,757,0.7392578125,0,0,1,0,25,70855,69341,1.2245999999995547,46445,24410
open_boundary,38,128,8,open,600101,event,1498,749,749,0.7314453125,0,0,1,0,36,84568,83070,1.2761000000000422,60428,24140
open_boundary,38,128,8,open,600102,event,1509,755,754,0.73681640625,0.0006626905235255136,0.0006626905235255136,1,3,0,112616,111107,1.1840000000001965,46586,66030
open_boundary,38,128,8,open,600103,event,1494,747,747,0.7294921875,0,0,1,0,61,78700,77206,1.193000000000211,61851,16849
open_boundary,38,128,8,open,600104,event,1518,759,759,0.7412109375,0,0,1,0,18,93428,91910,1.224500000000262,66325,27103
open_boundary,38,128,8,open,600105,event,1519,760,759,0.74169921875,0.0006583278472679394,0.0006583278472679394,1,9,0,110541,109022,1.372599999999693,28707,81834
open_boundary,38,128,8,open,600106,event,1521,761,760,0.74267578125,0.0006574621959237344,0.0006574621959237344,1,37,0,92676,91155,1.2125999999998385,20133,72543
open_boundary,38,128,8,open,600107,event,1514,757,757,0.7392578125,0,0,1,0,4,86008,84494,1.193000000000211,53214,32794
open_boundary,38,128,8,open,600108,event,1524,762,762,0.744140625,0,0,1,0,68,79585,78061,1.1835000000000946,64247,15338
open_boundary,38,128,8,open,600109,event,1500,750,750,0.732421875,0,0,1,0,44,93753,92253,1.1631999999999607,74004,19749
open_boundary,38,128,8,open,600110,event,1481,741,740,0.72314453125,0.0006752194463200541,0.0006752194463200541,1,98,0,85663,84182,1.270499999999629,12277,73386
open_boundary,38,128,8,open,600111,event,1527,764,763,0.74560546875,0.0006548788474132286,0.0006548788474132286,1,8,0,158118,156591,1.1882999999997992,38680,119438
open_boundary,38,128,8,open,600112,event,1527,764,763,0.74560546875,0.0006548788474132286,0.0006548788474132286,1,14,0,115016,113489,1.170999999999367,25516,89500
open_boundary,38,128,8,open,600113,event,1544,772,772,0.75390625,0,0,1,0,10,76733,75189,1.1779999999998836,44622,32111
open_boundary,38,128,8,open,600114,event,1513,757,756,0.73876953125,0.0006609385327164573,0.0006609385327164573,1,19,0,79990,78477,1.257900000000518,23541,56449
open_boundary,38,128,8,open,600115,event,1452,726,726,0.708984375,0,0,1,0,140,76368,74916,1.1521999999995387,65085,11283
open_boundary,38,128,8,open,600116,event,1537,769,768,0.75048828125,0.0006506180871828237,0.0006506180871828237,1,9,0,133121,131584,1.2024000000001251,26372,106749
open_boundary,38,128,8,open,600117,event,1535,768,767,0.74951171875,0.0006514657980456026,0.0006514657980456026,1,12,0,116861,115326,1.17029999999977,31486,85375
open_boundary,38,128,8,open,600118,event,1514,757,757,0.7392578125,0,0,1,0,13,76402,74888,1.2483000000001994,45586,30816
open_boundary,38,128,8,open,600119,event,1539,770,769,0.75146484375,0.000649772579597141,0.000649772579597141,1,5,0,121723,120184,1.1703999999999724,35785,85938
open_boundary,38,128,8,open,600120,event,1444,722,722,0.705078125,0,0,1,0,125,79131,77687,1.1203000000004977,68051,11080
open_boundary,38,128,8,open,600121,event,1525,763,762,0.74462890625,0.0006557377049180328,0.0006557377049180328,0,0,0,198486,196961,1.2179000000005544,86535,111951
open_boundary,38,128,8,open,600122,event,1532,766,766,0.748046875,0,0,1,0,6,129255,127723,1.3473000000003594,80829,48426
open_boundary,38,128,8,open,600123,event,1545,773,772,0.75439453125,0.0006472491909385113,0.0006472491909385113,0,0,0,178685,177140,1.2799000000004526,103262,75423
open_boundary,38,128,8,open,600124,event,1507,754,753,0.73583984375,0.0006635700066357001,0.0006635700066357001,1,12,0,153774,152267,1.1929000000000087,30634,123140
open_boundary,38,128,8,open,600125,event,1514,757,757,0.7392578125,0,0,1,0,21,90684,89170,1.16150000000016,64765,25919
open_boundary,38,128,8,open,600126,event,1529,765,764,0.74658203125,0.0006540222367560497,0.0006540222367560497,1,12,0,115719,114190,1.264299999999821,27833,87886
open_boundary,38,128,8,open,600127,event,1481,741,740,0.72314453125,0.0006752194463200541,0.0006752194463200541,1,74,0,93468,91987,1.1263999999991938,13310,80158
open_boundary,38,128,8,open,600128,event,1506,753,753,0.7353515625,0,0,1,0,35,98939,97433,1.218499999999949,79143,19796
open_boundary,41,128,8,open,600001,event,1541,993,548,0.75244140625,0.28877352368591824,0.28877352368591824,0,0,0,165875,164334,1.2338999999992666,83160,82715
open_boundary,41,128,8,open,600002,event,1543,1193,350,0.75341796875,0.5463383020090732,0.5463383020090732,0,0,0,131096,129553,1.322200000000521,65970,65126
open_boundary,41,128,8,open,600003,event,1529,1135,394,0.74658203125,0.48463047743623283,0.48463047743623283,0,0,0,173431,171902,1.222700000000259,87086,86345
open_boundary,41,128,8,open,600004,event,1528,1301,227,0.74609375,0.7028795811518325,0.7028795811518325,0,0,0,210868,209340,1.197200000000521,105971,104897
open_boundary,41,128,8,open,600005,event,1535,524,1011,0.74951171875,-0.3172638436482085,0.3172638436482085,0,0,0,135480,133945,1.2752000000000407,67497,67983
open_boundary,41,128,8,open,600006,event,1515,956,559,0.73974609375,0.262046204620462,0.262046204620462,0,0,0,137185,135670,1.4131999999999607,68791,68394
open_boundary,41,128,8,open,600007,event,1537,972,565,0.75048828125,0.2648015614834092,0.2648015614834092,0,0,0,164378,162841,1.2658000000001266,82393,81985
open_boundary,41,128,8,open,600008,event,1538,1094,444,0.7509765625,0.4226267880364109,0.4226267880364109,0,0,0,127836,126298,1.2346999999999753,64243,63593
open_boundary,41,128,8,open,600009,event,1523,1132,391,0.74365234375,0.4865397242284964,0.4865397242284964,0,0,0,139041,137518,1.2328000000006796,69891,69150
open_boundary,41,128,8,open,600010,event,1541,1111,430,0.75244140625,0.4419208306294614,0.4419208306294614,0,0,0,221851,220310,1.3540000000002692,111266,110585
open_boundary,41,128,8,open,600011,event,1530,779,751,0.7470703125,0.018300653594771243,0.018300653594771243,0,0,0,182584,181054,1.2380000000002838,91306,91278
open_boundary,41,128,8,open,600012,event,1523,1165,358,0.74365234375,0.5298752462245568,0.5298752462245568,0,0,0,198174,196651,1.2174999999997453,99491,98683
open_boundary,41,128,8,open,600013,event,1535,1270,265,0.74951171875,0.6547231270358306,0.6547231270358306,0,0,0,153983,152448,1.222500000000764,77494,76489
open_boundary,41,128,8,open,600014,event,1524,1122,402,0.744140625,0.47244094488188976,0.47244094488188976,0,0,0,175009,173485,1.333799999999428,87865,87144
open_boundary,41,128,8,open,600015,event,1546,1007,539,0.7548828125,0.3027166882276843,0.3027166882276843,0,0,0,208545,206999,1.259900000000016,104507,104038
open_boundary,41,128,8,open,600016,event,1546,1169,377,0.7548828125,0.5122897800776197,0.5122897800776197,0,0,0,170701,169155,1.3266999999996187,85747,84954
open_boundary,41,128,8,open,600017,event,1523,753,770,0.74365234375,-0.011162179908076166,0.011162179908076166,0,0,0,190658,189135,1.3207999999995081,95321,95337
open_boundary,41,128,8,open,600018,event,1535,1313,222,0.74951171875,0.7107491856677525,0.7107491856677525,0,0,0,167941,166406,1.4512999999997191,84516,83425
open_boundary,41,128,8,open,600019,event,1527,1093,434,0.74560546875,0.4315651604453176,0.4315651604453176,0,0,0,120103,118576,1.2318999999997686,60381,59722
open_boundary,41,128,8,open,600020,event,1526,984,542,0.7451171875,0.28964613368283093,0.28964613368283093,0,0,0,242106,240580,1.2259000000003653,121274,120832
open_boundary,41,128,8,open,600021,event,1523,778,745,0.74365234375,0.021667760998030205,0.021667760998030205,0,0,0,141457,139934,1.266099999999824,70745,70712
open_boundary,41,128,8,open,600022,event,1526,1070,456,0.7451171875,0.40235910878112713,0.40235910878112713,0,0,0,228056,226530,1.42450000000008,114335,113721
open_boundary,41,128,8,open,600023,event,1533,1101,432,0.74853515625,0.436399217221135,0.436399217221135,0,0,0,94600,93067,1.3010999999996784,47635,46965
open_boundary,41,128,8,open,600024,event,1548,1156,392,0.755859375,0.4935400516795866,0.4935400516795866,0,0,0,156572,155024,1.2802000000001499,78668,77904
open_boundary,41,128,8,open,600025,event,1553,1005,548,0.75830078125,0.29426915647134577,0.29426915647134577,0,0,0,115471,113918,1.242099999999482,57964,57507
open_boundary,41,128,8,open,600026,event,1522,406,1116,0.7431640625,-0.4664914586070959,0.4664914586070959,0,0,0,182645,181123,1.3908999999994194,90968,91677
open_boundary,41,128,8,open,600027,event,1552,1200,352,0.7578125,0.5463917525773195,0.5463917525773195,0,0,0,217968,216416,1.3172999999997046,109408,108560
open_boundary,41,128,8,open,600028,event,1546,1220,326,0.7548828125,0.5782664941785253,0.5782664941785253,0,0,0,116034,114488,1.2436999999999898,58464,57570
open_boundary,41,128,8,open,600029,event,1533,967,566,0.74853515625,0.26157860404435745,0.26157860404435745,0,0,0,150759,149226,1.2341000000005806,75580,75179
open_boundary,41,128,8,open,600030,event,1545,867,678,0.75439453125,0.12233009708737864,0.12233009708737864,0,0,0,158492,156947,1.5066999999999098,79341,79151
open_boundary,41,128,8,open,600031,event,1537,1251,286,0.75048828125,0.6278464541314248,0.6278464541314248,0,0,0,168647,167110,1.2789999999995416,84806,83841
open_boundary,41,128,8,open,600032,event,1548,905,643,0.755859375,0.16925064599483206,0.16925064599483206,0,0,0,292212,290664,1.2753999999995358,146237,145975
open_boundary,41,128,8,open,600033,event,1523,983,540,0.74365234375,0.29087327642810246,0.29087327642810246,0,0,0,149267,147744,1.2417999999997846,74855,74412
open_boundary,41,128,8,open,600034,event,1521,1056,465,0.74267578125,0.388560157790927,0.388560157790927,0,0,0,173280,171759,1.332100000000537,86936,86344
open_boundary,41,128,8,open,600035,event,1526,1061,465,0.7451171875,0.3905635648754915,0.3905635648754915,0,0,0,191135,189609,1.2662000000000262,95866,95269
open_boundary,41,128,8,open,600036,event,1549,911,638,0.75634765625,0.1762427372498386,0.1762427372498386,0,0,0,278884,277335,1.2414000000007945,139579,139305
open_boundary,41,128,8,open,600037,event,1534,1019,515,0.7490234375,0.3285528031290743,0.3285528031290743,0,0,0,127133,125599,1.2653000000000247,63819,63314
open_boundary,41,128,8,open,600038,event,1525,1040,485,0.74462890625,0.3639344262295082,0.3639344262295082,0,0,0,174690,173165,1.3221000000003187,87623,87067
open_boundary,41,128,8,open,600039,event,1546,1020,526,0.7548828125,0.31953428201811124,0.31953428201811124,0,0,0,169751,168205,1.2619000000004235,85123,84628
open_boundary,41,128,8,open,600040,event,1538,1128,410,0.7509765625,0.4668400520156047,0.4668400520156047,0,0,0,261860,260322,1.2376000000003842,131289,130571
open_boundary,41,128,8,open,600041,event,1512,796,716,0.73828125,0.05291005291005291,0.05291005291005291,0,0,0,154366,152854,1.3359000000000378,77223,77143
open_boundary,41,128,8,open,600042,event,1548,1031,517,0.755859375,0.33204134366925064,0.33204134366925064,0,0,0,190084,188536,1.487500000000182,95299,94785
open_boundary,41,128,8,open,600043,event,1530,1146,384,0.7470703125,0.4980392156862745,0.4980392156862745,0,0,0,176769,175239,1.3751000000002023,88766,88003
open_boundary,41,128,8,open,600044,event,1539,1095,444,0.75146484375,0.42300194931773877,0.42300194931773877,0,0,0,153759,152220,1.3406000000004497,77205,76554
open_boundary,41,128,8,open,600045,event,1544,1221,323,0.75390625,0.5816062176165803,0.5816062176165803,0,0,0,148609,147065,1.4717000000000553,74754,73855
open_boundary,41,128,8,open,600046,event,1541,918,623,0.75244140625,0.19143413367942894,0.19143413367942894,0,0,0,165107,163566,1.2929999999996653,82701,82406
open_boundary,41,128,8,open,600047,event,1521,1114,407,0.74267578125,0.4648257725180802,0.4648257725180802,0,0,0,155767,154246,1.2921999999998661,78237,77530
open_boundary,41,128,8,open,600048,event,1534,1175,359,0.7490234375,0.5319426336375489,0.5319426336375489,0,0,0,161838,160304,1.3325999999997293,81327,80511
open_boundary,41,128,8,open,600049,event,1527,728,799,0.74560546875,-0.04649639816633923,0.04649639816633923,0,0,0,169313,167786,1.4256999999997788,84621,84692
open_boundary,41,128,8,open,600050,event,1528,1298,230,0.74609375,0.6989528795811518,0.6989528795811518,0,0,0,235150,233622,1.253700000000208,118109,117041
open_boundary,41,128,8,open,600051,event,1520,1152,368,0.7421875,0.5157894736842106,0.5157894736842106,0,0,0,99622,98102,1.2615000000005239,50203,49419
open_boundary,41,128,8,open,600052,event,1537,1030,507,0.75048828125,0.3402732595966168,0.3402732595966168,0,0,0,176111,174574,1.329399999999623,88317,87794
open_boundary,41,128,8,open,600053,event,1540,743,797,0.751953125,-0.03506493506493506,0.03506493506493506,0,0,0,177979,176439,1.4032999999999447,88963,89016
open_boundary,41,128,8,open,600054,event,1525,1050,475,0.74462890625,0.3770491803278688,0.3770491803278688,0,0,0,144826,143301,1.271099999999933,72701,72125
open_boundary,41,128,8,open,600055,event,1538,1058,480,0.7509765625,0.37581274382314694,0.37581274382314694,0,0,0,130866,129328,1.2782999999999447,65722,65144
open_boundary,41,128,8,open,600056,event,1522,921,601,0.7431640625,0.2102496714848883,0.2102496714848883,0,0,0,151495,149973,1.3053999999992811,75908,75587
open_boundary,41,128,8,open,600057,event,1520,496,1024,0.7421875,-0.3473684210526316,0.3473684210526316,0,0,0,192922,191402,1.404899999999543,96197,96725
open_boundary,41,128,8,open,600058,event,1544,956,588,0.75390625,0.23834196891191708,0.23834196891191708,0,0,0,206049,204505,1.311000000000604,103209,102840
open_boundary,41,128,8,open,600059,event,1528,862,666,0.74609375,0.12827225130890052,0.12827225130890052,0,0,0,120934,119406,1.3432999999995445,60565,60369
open_boundary,41,128,8,open,600060,event,1548,1132,416,0.755859375,0.4625322997416021,0.4625322997416021,0,0,0,163336,161788,1.327900000000227,82026,81310
open_boundary,41,128,8,open,600061,event,1546,1197,349,0.7548828125,0.5485122897800776,0.5485122897800776,0,0,0,145489,143943,1.3812999999991007,73169,72320
open_boundary,41,128,8,open,600062,event,1519,1113,406,0.74169921875,0.46543778801843316,0.46543778801843316,0,0,0,134034,132515,1.2490000000007058,67371,66663
open_boundary,41,128,8,open,600063,event,1521,1013,508,0.74267578125,0.3320184089414859,0.3320184089414859,0,0,0,198533,197012,1.2874999999994543,99519,99014
open_boundary,41,128,8,open,600064,event,1530,1112,418,0.7470703125,0.45359477124183006,0.45359477124183006,0,0,0,158093,156563,1.26470000000063,79394,78699
open_boundary,41,128,8,open,600065,event,1517,712,805,0.74072265625,-0.061305207646671064,0.061305207646671064,0,0,0,189660,188143,1.373199999999997,94784,94876
open_boundary,41,128,8,open,600066,event,1533,1005,528,0.74853515625,0.3111545988258317,0.3111545988258317,0,0,0,182158,180625,1.3506999999999607,91318,90840
open_boundary,41,128,8,open,600067,event,1558,1076,482,0.7607421875,0.38125802310654683,0.38125802310654683,0,0,0,142428,140870,1.393000000000029,71511,70917
open_boundary,41,128,8,open,600068,event,1541,1101,440,0.75244140625,0.4289422452952628,0.4289422452952628,0,0,0,161465,159924,1.3977999999997337,81063,80402
open_boundary,41,128,8,open,600069,event,1546,1279,267,0.7548828125,0.6545924967658473,0.6545924967658473,0,0,0,167580,166034,1.5861999999997352,84296,83284
open_boundary,41,128,8,open,600070,event,1546,1324,222,0.7548828125,0.7128072445019404,0.7128072445019404,0,0,0,132705,131159,1.2950000000000728,66904,65801
open_boundary,41,128,8,open,600071,event,1509,1129,380,0.73681640625,0.4963552021206097,0.4963552021206097,0,0,0,143431,141922,1.2761000000000422,72090,71341
open_boundary,41,128,8,open,600072,event,1519,752,767,0.74169921875,-0.009874917709019092,0.009874917709019092,0,0,0,142144,140625,1.2789999999995416,71065,71079
open_boundary,41,128,8,open,600073,event,1537,1097,440,0.75048828125,0.42745608327911516,0.42745608327911516,0,0,0,148914,147377,1.4218999999993684,74786,74128
open_boundary,41,128,8,open,600074,event,1529,867,662,0.74658203125,0.1340745585349902,0.1340745585349902,0,0,0,201562,200033,1.2827000000006592,100884,100678
open_boundary,41,128,8,open,600075,event,1556,1166,390,0.759765625,0.4987146529562982,0.4987146529562982,0,0,0,120244,118688,1.2705999999998312,60510,59734
open_boundary,41,128,8,open,600076,event,1522,998,524,0.7431640625,0.3114323258869908,0.3114323258869908,0,0,0,148302,146780,1.2703999999994267,74388,73914
open_boundary,41,128,8,open,600077,event,1522,953,569,0.7431640625,0.25229960578186594,0.25229960578186594,0,0,0,131837,130315,1.3854000000001179,66111,65726
open_boundary,41,128,8,open,600078,event,1521,904,617,0.74267578125,0.18869165023011178,0.18869165023011178,0,0,0,133694,132173,1.3033000000004904,66991,66703
open_boundary,41,128,8,open,600079,event,1524,1134,390,0.744140625,0.4881889763779528,0.4881889763779528,0,0,0,158127,156603,1.268000000000029,79436,78691
open_boundary,41,128,8,open,600080,event,1518,1199,319,0.7412109375,0.5797101449275363,0.5797101449275363,0,0,0,110235,108717,1.2578000000003158,55558,54677
open_boundary,41,128,8,open,600081,event,1526,1172,354,0.7451171875,0.5360419397116645,0.5360419397116645,0,0,0,190023,188497,1.3634000000001834,95421,94602
open_boundary,41,128,8,open,600082,event,1513,1123,390,0.73876953125,0.48446794448116326,0.48446794448116326,0,0,0,204753,203240,1.2475000000004002,102743,102010
open_boundary,41,128,8,open,600083,event,1531,1222,309,0.74755859375,0.5963422599608099,0.5963422599608099,0,0,0,123477,121946,1.3914000000004307,62195,61282
open_boundary,41,128,8,open,600084,event,1528,837,691,0.74609375,0.09554973821989529,0.09554973821989529,0,0,0,162204,160676,1.26720000000023,81175,81029
open_boundary,41,128,8,open,600085,event,1546,575,971,0.7548828125,-0.25614489003880986,0.25614489003880986,0,0,0,146008,144462,1.370600000000195,72806,73202
open_boundary,41,128,8,open,600086,event,1538,940,598,0.7509765625,0.2223667100130039,0.2223667100130039,0,0,0,186645,185107,1.2322999999996682,93494,93151
open_boundary,41,128,8,open,600087,event,1535,990,545,0.74951171875,0.2899022801302932,0.2899022801302932,0,0,0,191559,190024,1.2732999999998356,96002,95557
open_boundary,41,128,8,open,600088,event,1534,876,658,0.7490234375,0.1421121251629726,0.1421121251629726,0,0,0,121292,119758,1.2967999999991662,60755,60537
open_boundary,41,128,8,open,600089,event,1538,785,753,0.7509765625,0.02080624187256177,0.02080624187256177,0,0,0,228251,226713,1.4864000000006854,114142,114109
open_boundary,41,128,8,open,600090,event,1531,1205,326,0.74755859375,0.5741345525800131,0.5741345525800131,0,0,0,147844,146313,1.3029000000005908,74362,73482
open_boundary,41,128,8,open,600091,event,1536,850,686,0.75,0.10677083333333333,0.10677083333333333,0,0,0,212483,210947,1.2253000000000611,106324,106159
open_boundary,41,128,8,open,600092,event,1533,1093,440,0.74853515625,0.42596216568819306,0.42596216568819306,0,0,0,125376,123843,1.3144000000002052,63015,62361
open_boundary,41,128,8,open,600093,event,1531,1012,519,0.74755859375,0.32201175702155455,0.32201175702155455,0,0,0,176962,175431,1.2250999999996566,88728,88234
open_boundary,41,128,8,open,600094,event,1540,1145,395,0.751953125,0.487012987012987,0.487012987012987,0,0,0,117880,116340,1.2669999999998254,59315,58565
open_boundary,41,128,8,open,600095,event,1532,1057,475,0.748046875,0.37989556135770236,0.37989556135770236,0,0,0,155380,153848,1.2806000000000495,77981,77399
open_boundary,41,128,8,open,600096,event,1525,931,594,0.74462890625,0.22098360655737706,0.22098360655737706,0,0,0,185359,183834,1.3279999999995198,92848,92511
open_boundary,41,128,8,open,600097,event,1520,1032,488,0.7421875,0.35789473684210527,0.35789473684210527,0,0,0,118046,116526,1.2006000000001222,59295,58751
open_boundary,41,128,8,open,600098,event,1534,1047,487,0.7490234375,0.3650586701434159,0.3650586701434159,0,0,0,155842,154308,1.2127999999993335,78201,77641
open_boundary,41,128,8,open,600099,event,1510,805,705,0.7373046875,0.06622516556291391,0.06622516556291391,0,0,0,143862,142352,1.2273999999997613,71981,71881
open_boundary,41,128,8,open,600100,event,1509,1065,444,0.73681640625,0.4115308151093439,0.4115308151093439,0,0,0,141313,139804,1.349500000000262,70967,70346
open_boundary,41,128,8,open,600101,event,1523,827,696,0.74365234375,0.08601444517399869,0.08601444517399869,0,0,0,150370,148847,1.4191000000000713,75251,75119
open_boundary,41,128,8,open,600102,event,1524,995,529,0.744140625,0.30577427821522307,0.30577427821522307,0,0,0,139130,137606,1.28899999999976,69798,69332
open_boundary,41,128,8,open,600103,event,1549,1176,373,0.75634765625,0.5183989670755326,0.5183989670755326,0,0,0,100954,99405,1.2732999999998356,50879,50075
open_boundary,41,128,8,open,600104,event,1523,1208,315,0.74365234375,0.5863427445830598,0.5863427445830598,0,0,0,143287,141764,1.4242999999996755,72090,71197
open_boundary,41,128,8,open,600105,event,1534,1215,319,0.7490234375,0.5840938722294654,0.5840938722294654,0,0,0,158576,157042,1.257900000000518,79736,78840
open_boundary,41,128,8,open,600106,event,1520,1035,485,0.7421875,0.3618421052631579,0.3618421052631579,0,0,0,169764,168244,1.2633000000005268,85157,84607
open_boundary,41,128,8,open,600107,event,1533,1131,402,0.74853515625,0.4755381604696673,0.4755381604696673,0,0,0,150657,149124,1.2583000000004176,75693,74964
open_boundary,41,128,8,open,600108,event,1527,976,551,0.74560546875,0.2783235101506221,0.2783235101506221,0,0,0,183422,181895,1.3860999999997148,91924,91498
open_boundary,41,128,8,open,600109,event,1524,1058,466,0.744140625,0.3884514435695538,0.3884514435695538,0,0,0,183923,182399,1.2649000000001251,92258,91665
open_boundary,41,128,8,open,600110,event,1560,1273,287,0.76171875,0.632051282051282,0.632051282051282,0,0,0,120710,119150,1.355899999999565,60848,59862
open_boundary,41,128,8,open,600111,event,1528,1216,312,0.74609375,0.5916230366492147,0.5916230366492147,0,0,0,214562,213034,1.2199000000000524,107733,106829
open_boundary,41,128,8,open,600112,event,1553,797,756,0.75830078125,0.026400515132002575,0.026400515132002575,0,0,0,202978,201425,1.5592999999998938,101510,101468
open_boundary,41,128,8,open,600113,event,1526,1096,430,0.7451171875,0.436435124508519,0.436435124508519,0,0,0,181396,179870,1.307699999999386,91031,90365
open_boundary,41,128,8,open,600114,event,1545,688,857,0.75439453125,-0.10938511326860842,0.10938511326860842,0,0,0,148345,146800,1.261700000000019,74088,74257
open_boundary,41,128,8,open,600115,event,1551,1049,502,0.75732421875,0.35267569310122504,0.35267569310122504,0,0,0,151121,149570,1.273099999999431,75834,75287
open_boundary,41,128,8,open,600116,event,1535,1157,378,0.74951171875,0.5074918566775244,0.5074918566775244,0,0,0,157700,156165,1.3334999999997308,79240,78460
open_boundary,41,128,8,open,600117,event,1538,1067,471,0.7509765625,0.38751625487646296,0.38751625487646296,0,0,0,142034,140496,1.3057000000007974,71315,70719
open_boundary,41,128,8,open,600118,event,1535,1060,475,0.74951171875,0.3811074918566775,0.3811074918566775,0,0,0,143903,142368,1.4224000000003798,72244,71659
open_boundary,41,128,8,open,600119,event,1544,1215,329,0.75390625,0.5738341968911918,0.5738341968911918,0,0,0,154579,153035,1.3898000000008324,77733,76846
open_boundary,41,128,8,open,600120,event,1535,937,598,0.74951171875,0.22084690553745928,0.22084690553745928,0,0,0,149124,147589,1.4030000000002474,74732,74392
open_boundary,41,128,8,open,600121,event,1533,1012,521,0.74853515625,0.3202870189171559,0.3202870189171559,0,0,0,199069,197536,1.2956999999996697,99780,99289
open_boundary,41,128,8,open,600122,event,1561,1267,294,0.76220703125,0.6233183856502242,0.6233183856502242,0,0,0,215743,214182,1.2448999999996886,108358,107385
open_boundary,41,128,8,open,600123,event,1535,1037,498,0.74951171875,0.3511400651465798,0.3511400651465798,0,0,0,222943,221408,1.3283000000001266,111741,111202
open_boundary,41,128,8,open,600124,event,1530,1052,478,0.7470703125,0.37516339869281046,0.37516339869281046,0,0,0,167142,165612,1.4439000000002125,83858,83284
open_boundary,41,128,8,open,600125,event,1534,1102,432,0.7490234375,0.4367666232073012,0.4367666232073012,0,0,0,165356,163822,1.518699999999626,83013,82343
open_boundary,41,128,8,open,600126,event,1535,1005,530,0.74951171875,0.30944625407166126,0.30944625407166126,0,0,0,211483,209948,1.344000000000051,105979,105504
open_boundary,41,128,8,open,600127,event,1523,715,808,0.74365234375,-0.06106369008535785,0.06106369008535785,0,0,0,168656,167133,1.2917999999999665,84282,84374
open_boundary,41,128,8,open,600128,event,1530,652,878,0.7470703125,-0.1477124183006536,0.1477124183006536,0,0,0,141889,140359,1.4567999999999302,70832,71057
open_boundary,random-0.5,128,8,open,600001,event,1542,842,700,0.7529296875,0.09208819714656291,0.09208819714656291,0,0,0,192383,190841,0.941899999999805,,
open_boundary,random-0.5,128,8,open,600002,event,1524,805,719,0.744140625,0.05643044619422572,0.05643044619422572,0,0,0,107088,105564,0.9202000000004773,,
open_boundary,random-0.5,128,8,open,600003,event,1542,862,680,0.7529296875,0.11802853437094682,0.11802853437094682,0,0,0,235689,234147,0.9153999999998632,,
open_boundary,random-0.5,128,8,open,600004,event,1543,801,742,0.75341796875,0.03823720025923526,0.03823720025923526,0,0,0,177735,176192,0.9798000000000684,,
open_boundary,random-0.5,128,8,open,600005,event,1542,805,737,0.7529296875,0.04409857328145266,0.04409857328145266,0,0,0,157305,155763,0.9535999999998239,,
open_boundary,random-0.5,128,8,open,600006,event,1535,685,850,0.74951171875,-0.10749185667752444,0.10749185667752444,0,0,0,134309,132774,1.0103999999992084,,
open_boundary,random-0.5,128,8,open,600007,event,1532,820,712,0.748046875,0.07049608355091384,0.07049608355091384,0,0,0,146731,145199,1.0343000000002576,,
open_boundary,random-0.5,128,8,open,600008,event,1538,726,812,0.7509765625,-0.055916775032509754,0.055916775032509754,0,0,0,115946,114408,0.980199999999968,,
open_boundary,random-0.5,128,8,open,600009,event,1533,787,746,0.74853515625,0.02674494455316373,0.02674494455316373,0,0,0,204054,202521,1.0820999999996275,,
open_boundary,random-0.5,128,8,open,600010,event,1524,717,807,0.744140625,-0.05905511811023622,0.05905511811023622,0,0,0,168596,167072,0.9426999999996042,,
open_boundary,random-0.5,128,8,open,600011,event,1549,774,775,0.75634765625,-0.0006455777921239509,0.0006455777921239509,0,0,0,133281,131732,0.9686000000001513,,
open_boundary,random-0.5,128,8,open,600012,event,1530,793,737,0.7470703125,0.036601307189542485,0.036601307189542485,0,0,0,111877,110347,0.8993000000000393,,
open_boundary,random-0.5,128,8,open,600013,event,1523,758,765,0.74365234375,-0.004596191726854892,0.004596191726854892,0,0,0,147306,145783,0.9456000000000131,,
open_boundary,random-0.5,128,8,open,600014,event,1537,781,756,0.75048828125,0.01626545217957059,0.01626545217957059,0,0,0,137181,135644,0.9730999999992491,,
open_boundary,random-0.5,128,8,open,600015,event,1533,706,827,0.74853515625,-0.07893020221787345,0.07893020221787345,0,0,0,168868,167335,0.9665000000004511,,
open_boundary,random-0.5,128,8,open,600016,event,1515,781,734,0.73974609375,0.031023102310231022,0.031023102310231022,0,0,0,121222,119707,0.9763000000002648,,
open_boundary,random-0.5,128,8,open,600017,event,1548,776,772,0.755859375,0.002583979328165375,0.002583979328165375,0,0,0,127917,126369,1.0080000000007203,,
open_boundary,random-0.5,128,8,open,600018,event,1536,843,693,0.75,0.09765625,0.09765625,0,0,0,152752,151216,0.9595999999992273,,
open_boundary,random-0.5,128,8,open,600019,event,1538,829,709,0.7509765625,0.07802340702210664,0.07802340702210664,0,0,0,207631,206093,0.9774999999999636,,
open_boundary,random-0.5,128,8,open,600020,event,1558,781,777,0.7607421875,0.0025673940949935813,0.0025673940949935813,0,0,0,133771,132213,0.9679999999998472,,
open_boundary,random-0.5,128,8,open,600021,event,1534,780,754,0.7490234375,0.01694915254237288,0.01694915254237288,0,0,0,139664,138130,0.9812000000001717,,
open_boundary,random-0.5,128,8,open,600022,event,1499,680,819,0.73193359375,-0.09272848565710473,0.09272848565710473,0,0,0,136488,134989,0.9567000000006374,,
open_boundary,random-0.5,128,8,open,600023,event,1538,740,798,0.7509765625,-0.0377113133940182,0.0377113133940182,0,0,0,239199,237661,0.9879000000000815,,
open_boundary,random-0.5,128,8,open,600024,event,1546,809,737,0.7548828125,0.04657179818887452,0.04657179818887452,0,0,0,166483,164937,1.0288000000000466,,
open_boundary,random-0.5,128,8,open,600025,event,1539,696,843,0.75146484375,-0.09551656920077972,0.09551656920077972,0,0,0,145179,143640,1.184200000000601,,
open_boundary,random-0.5,128,8,open,600026,event,1533,765,768,0.74853515625,-0.0019569471624266144,0.0019569471624266144,0,0,0,169132,167599,1.012800000000425,,
open_boundary,random-0.5,128,8,open,600027,event,1543,712,831,0.75341796875,-0.07712248865845756,0.07712248865845756,0,0,0,202228,200685,0.9697000000005573,,
open_boundary,random-0.5,128,8,open,600028,event,1558,850,708,0.7607421875,0.09114249037227215,0.09114249037227215,0,0,0,124460,122902,0.9835999999995693,,
open_boundary,random-0.5,128,8,open,600029,event,1525,790,735,0.74462890625,0.036065573770491806,0.036065573770491806,0,0,0,236321,234796,0.9786000000003696,,
open_boundary,random-0.5,128,8,open,600030,event,1538,627,911,0.7509765625,-0.1846553966189857,0.1846553966189857,0,0,0,192352,190814,1.0118000000002212,,
open_boundary,random-0.5,128,8,open,600031,event,1542,775,767,0.7529296875,0.005188067444876783,0.005188067444876783,0,0,0,129945,128403,0.9817999999995664,,
open_boundary,random-0.5,128,8,open,600032,event,1550,789,761,0.7568359375,0.01806451612903226,0.01806451612903226,0,0,0,215730,214180,0.9835999999995693,,
open_boundary,random-0.5,128,8,open,600033,event,1548,758,790,0.755859375,-0.020671834625323,0.020671834625323,0,0,0,136631,135083,1.1750999999994747,,
open_boundary,random-0.5,128,8,open,600034,event,1547,747,800,0.75537109375,-0.03425985778926956,0.03425985778926956,0,0,0,176719,175172,1.2661000000007334,,
open_boundary,random-0.5,128,8,open,600035,event,1505,672,833,0.73486328125,-0.10697674418604651,0.10697674418604651,0,0,0,159259,157754,0.9963999999999942,,
open_boundary,random-0.5,128,8,open,600036,event,1546,704,842,0.7548828125,-0.08926261319534282,0.08926261319534282,0,0,0,283814,282268,0.9245999999993728,,
open_boundary,random-0.5,128,8,open,600037,event,1538,710,828,0.7509765625,-0.07672301690507152,0.07672301690507152,0,0,0,101656,100118,0.9151999999994587,,
open_boundary,random-0.5,128,8,open,600038,event,1552,795,757,0.7578125,0.024484536082474227,0.024484536082474227,0,0,0,178531,176979,0.9600000000000364,,
open_boundary,random-0.5,128,8,open,600039,event,1513,791,722,0.73876953125,0.04560475875743556,0.04560475875743556,0,0,0,126189,124676,0.9641999999994368,,
open_boundary,random-0.5,128,8,open,600040,event,1521,776,745,0.74267578125,0.020381328073635765,0.020381328073635765,0,0,0,156369,154848,1.1700000000000728,,
open_boundary,random-0.5,128,8,open,600041,event,1532,702,830,0.748046875,-0.0835509138381201,0.0835509138381201,0,0,0,179193,177661,1.0152999999991152,,
open_boundary,random-0.5,128,8,open,600042,event,1523,806,717,0.74365234375,0.058437294812869335,0.058437294812869335,0,0,0,193881,192358,0.9844999999995707,,
open_boundary,random-0.5,128,8,open,600043,event,1549,769,780,0.75634765625,-0.0071013557133634605,0.0071013557133634605,0,0,0,228086,226537,0.9940999999998894,,
open_boundary,random-0.5,128,8,open,600044,event,1541,768,773,0.75244140625,-0.003244646333549643,0.003244646333549643,0,0,0,142264,140723,1.0425999999997657,,
open_boundary,random-0.5,128,8,open,600045,event,1522,686,836,0.7431640625,-0.09855453350854139,0.09855453350854139,0,0,0,162946,161424,1.0007999999997992,,
open_boundary,random-0.5,128,8,open,600046,event,1534,853,681,0.7490234375,0.1121251629726206,0.1121251629726206,0,0,0,151467,149933,1.0042999999996027,,
open_boundary,random-0.5,128,8,open,600047,event,1543,735,808,0.75341796875,-0.047310434219053794,0.047310434219053794,0,0,0,166470,164927,0.9850999999998749,,
open_boundary,random-0.5,128,8,open,600048,event,1518,737,781,0.7412109375,-0.028985507246376812,0.028985507246376812,0,0,0,144459,142941,0.9818000000004758,,
open_boundary,random-0.5,128,8,open,600049,event,1565,709,856,0.76416015625,-0.0939297124600639,0.0939297124600639,0,0,0,164791,163226,0.9822000000003754,,
open_boundary,random-0.5,128,8,open,600050,event,1541,811,730,0.75244140625,0.05256327060350422,0.05256327060350422,0,0,0,197016,195475,1.0471999999999753,,
open_boundary,random-0.5,128,8,open,600051,event,1546,749,797,0.7548828125,-0.031047865459249677,0.031047865459249677,0,0,0,170204,168658,1.059400000000096,,
open_boundary,random-0.5,128,8,open,600052,event,1551,702,849,0.75732421875,-0.09477756286266925,0.09477756286266925,0,0,0,102207,100656,1.0293000000001484,,
open_boundary,random-0.5,128,8,open,600053,event,1535,848,687,0.74951171875,0.10488599348534201,0.10488599348534201,0,0,0,182633,181098,0.9813999999996668,,
open_boundary,random-0.5,128,8,open,600054,event,1525,759,766,0.74462890625,-0.0045901639344262295,0.0045901639344262295,0,0,0,151217,149692,0.9954999999999927,,
open_boundary,random-0.5,128,8,open,600055,event,1535,806,729,0.74951171875,0.0501628664495114,0.0501628664495114,0,0,0,187431,185896,0.9787999999998647,,
open_boundary,random-0.5,128,8,open,600056,event,1517,732,785,0.74072265625,-0.03493737640079104,0.03493737640079104,0,0,0,253751,252234,0.9882999999999811,,
open_boundary,random-0.5,128,8,open,600057,event,1534,711,823,0.7490234375,-0.07301173402868318,0.07301173402868318,0,0,0,168612,167078,1.016099999999824,,
open_boundary,random-0.5,128,8,open,600058,event,1542,769,773,0.7529296875,-0.0025940337224383916,0.0025940337224383916,0,0,0,189414,187872,1.0554999999994834,,
open_boundary,random-0.5,128,8,open,600059,event,1532,731,801,0.748046875,-0.04569190600522193,0.04569190600522193,0,0,0,223634,222102,1.0729999999994106,,
open_boundary,random-0.5,128,8,open,600060,event,1551,714,837,0.75732421875,-0.07930367504835589,0.07930367504835589,0,0,0,158822,157271,0.9997000000003027,,
open_boundary,random-0.5,128,8,open,600061,event,1543,743,800,0.75341796875,-0.03694102397926118,0.03694102397926118,0,0,0,177662,176119,1.0429999999996653,,
open_boundary,random-0.5,128,8,open,600062,event,1546,651,895,0.7548828125,-0.15782664941785252,0.15782664941785252,0,0,0,188727,187181,1.0114999999996144,,
open_boundary,random-0.5,128,8,open,600063,event,1531,798,733,0.74755859375,0.042455911169170475,0.042455911169170475,0,0,0,168000,166469,1.302599999999984,,
open_boundary,random-0.5,128,8,open,600064,event,1539,727,812,0.75146484375,-0.05523066926575698,0.05523066926575698,0,0,0,155152,153613,1.0304999999998472,,
open_boundary,random-0.5,128,8,open,600065,event,1520,741,779,0.7421875,-0.025,0.025,0,0,0,140646,139126,0.9688000000005559,,
open_boundary,random-0.5,128,8,open,600066,event,1525,784,741,0.74462890625,0.02819672131147541,0.02819672131147541,0,0,0,340381,338856,0.967200000000048,,
open_boundary,random-0.5,128,8,open,600067,event,1515,764,751,0.73974609375,0.008580858085808581,0.008580858085808581,0,0,0,154609,153094,0.9686000000001513,,
open_boundary,random-0.5,128,8,open,600068,event,1543,789,754,0.75341796875,0.02268308489954634,0.02268308489954634,0,0,0,139568,138025,1.0547000000005937,,
open_boundary,random-0.5,128,8,open,600069,event,1521,819,702,0.74267578125,0.07692307692307693,0.07692307692307693,0,0,0,115523,114002,1.1372000000001208,,
open_boundary,random-0.5,128,8,open,600070,event,1539,776,763,0.75146484375,0.008447043534762833,0.008447043534762833,0,0,0,157550,156011,1.0453999999999724,,
open_boundary,random-0.5,128,8,open,600071,event,1554,752,802,0.7587890625,-0.032175032175032175,0.032175032175032175,0,0,0,165751,164197,1.0931000000000495,,
open_boundary,random-0.5,128,8,open,600072,event,1557,787,770,0.76025390625,0.010918432883750802,0.010918432883750802,0,0,0,130188,128631,1.0460000000002765,,
open_boundary,random-0.5,128,8,open,600073,event,1529,746,783,0.74658203125,-0.02419882275997384,0.02419882275997384,0,0,0,132771,131242,0.9650000000001455,,
open_boundary,random-0.5,128,8,open,600074,event,1529,731,798,0.74658203125,-0.04381948986265533,0.04381948986265533,0,0,0,203016,201487,0.9940999999998894,,
open_boundary,random-0.5,128,8,open,600075,event,1524,752,772,0.744140625,-0.013123359580052493,0.013123359580052493,0,0,0,142433,140909,1.2067000000006374,,
open_boundary,random-0.5,128,8,open,600076,event,1543,689,854,0.75341796875,-0.10693454309786131,0.10693454309786131,0,0,0,111443,109900,1.6074999999991633,,
open_boundary,random-0.5,128,8,open,600077,event,1543,761,782,0.75341796875,-0.013609850939727802,0.013609850939727802,0,0,0,155616,154073,0.9818000000004758,,
open_boundary,random-0.5,128,8,open,600078,event,1549,737,812,0.75634765625,-0.04841833440929632,0.04841833440929632,0,0,0,119652,118103,0.9781000000002678,,
open_boundary,random-0.5,128,8,open,600079,event,1528,745,783,0.74609375,-0.024869109947643978,0.024869109947643978,0,0,0,167208,165680,0.9762000000000626,,
open_boundary,random-0.5,128,8,open,600080,event,1565,779,786,0.76416015625,-0.0044728434504792336,0.0044728434504792336,0,0,0,228441,226876,0.962800000000243,,
open_boundary,random-0.5,128,8,open,600081,event,1528,801,727,0.74609375,0.04842931937172775,0.04842931937172775,0,0,0,145813,144285,0.9081999999998516,,
open_boundary,random-0.5,128,8,open,600082,event,1550,746,804,0.7568359375,-0.03741935483870968,0.03741935483870968,0,0,0,131369,129819,0.9081999999998516,,
open_boundary,random-0.5,128,8,open,600083,event,1527,753,774,0.74560546875,-0.0137524557956778,0.0137524557956778,0,0,0,153349,151822,1.0424000000002707,,
open_boundary,random-0.5,128,8,open,600084,event,1542,752,790,0.7529296875,-0.02464332036316472,0.02464332036316472,0,0,0,215679,214137,1.1201000000000931,,
open_boundary,random-0.5,128,8,open,600085,event,1536,730,806,0.75,-0.049479166666666664,0.049479166666666664,0,0,0,182669,181133,1.0534000000006927,,
open_boundary,random-0.5,128,8,open,600086,event,1512,781,731,0.73828125,0.03306878306878307,0.03306878306878307,0,0,0,126802,125290,0.9896999999991749,,
open_boundary,random-0.5,128,8,open,600087,event,1539,749,790,0.75146484375,-0.02664067576348278,0.02664067576348278,0,0,0,174399,172860,0.9805000000005748,,
open_boundary,random-0.5,128,8,open,600088,event,1513,797,716,0.73876953125,0.053536021150033045,0.053536021150033045,0,0,0,170102,168589,0.9789000000000669,,
open_boundary,random-0.5,128,8,open,600089,event,1524,805,719,0.744140625,0.05643044619422572,0.05643044619422572,0,0,0,115698,114174,0.9750999999996566,,
open_boundary,random-0.5,128,8,open,600090,event,1534,810,724,0.7490234375,0.0560625814863103,0.0560625814863103,0,0,0,159640,158106,1.0554000000001906,,
open_boundary,random-0.5,128,8,open,600091,event,1518,684,834,0.7412109375,-0.09881422924901186,0.09881422924901186,0,0,0,133053,131535,1.0149000000001251,,
open_boundary,random-0.5,128,8,open,600092,event,1526,906,620,0.7451171875,0.1874180865006553,0.1874180865006553,0,0,0,182062,180536,1.0005000000001019,,
open_boundary,random-0.5,128,8,open,600093,event,1551,746,805,0.75732421875,-0.038039974210186976,0.038039974210186976,0,0,0,184540,182989,1.007900000000518,,
open_boundary,random-0.5,128,8,open,600094,event,1545,785,760,0.75439453125,0.016181229773462782,0.016181229773462782,0,0,0,170969,169424,0.9810999999999694,,
open_boundary,random-0.5,128,8,open,600095,event,1535,839,696,0.74951171875,0.09315960912052117,0.09315960912052117,0,0,0,253560,252025,0.9995999999991909,,
open_boundary,random-0.5,128,8,open,600096,event,1539,675,864,0.75146484375,-0.12280701754385964,0.12280701754385964,0,0,0,146983,145444,1.0315999999993437,,
open_boundary,random-0.5,128,8,open,600097,event,1544,735,809,0.75390625,-0.04792746113989637,0.04792746113989637,0,0,0,181010,179466,0.9678000000003522,,
open_boundary,random-0.5,128,8,open,600098,event,1520,771,749,0.7421875,0.014473684210526316,0.014473684210526316,0,0,0,131726,130206,0.9669000000003507,,
open_boundary,random-0.5,128,8,open,600099,event,1527,827,700,0.74560546875,0.08316961362148002,0.08316961362148002,0,0,0,206017,204490,1.031500000000051,,
open_boundary,random-0.5,128,8,open,600100,event,1535,705,830,0.74951171875,-0.08143322475570032,0.08143322475570032,0,0,0,122215,120680,1.052400000000489,,
open_boundary,random-0.5,128,8,open,600101,event,1545,794,751,0.75439453125,0.027831715210355986,0.027831715210355986,0,0,0,204267,202722,0.9985999999998967,,
open_boundary,random-0.5,128,8,open,600102,event,1547,861,686,0.75537109375,0.11312217194570136,0.11312217194570136,0,0,0,139880,138333,0.9777999999996609,,
open_boundary,random-0.5,128,8,open,600103,event,1544,706,838,0.75390625,-0.08549222797927461,0.08549222797927461,0,0,0,132685,131141,0.9867999999996755,,
open_boundary,random-0.5,128,8,open,600104,event,1531,722,809,0.74755859375,-0.05682560418027433,0.05682560418027433,0,0,0,176134,174603,1.0153000000000247,,
open_boundary,random-0.5,128,8,open,600105,event,1538,741,797,0.7509765625,-0.036410923276983094,0.036410923276983094,0,0,0,184173,182635,1.0250000000005457,,
open_boundary,random-0.5,128,8,open,600106,event,1543,723,820,0.75341796875,-0.06286454957874271,0.06286454957874271,0,0,0,121151,119608,0.9940999999998894,,
open_boundary,random-0.5,128,8,open,600107,event,1544,750,794,0.75390625,-0.02849740932642487,0.02849740932642487,0,0,0,154414,152870,0.9936999999999898,,
open_boundary,random-0.5,128,8,open,600108,event,1525,802,723,0.74462890625,0.05180327868852459,0.05180327868852459,0,0,0,164417,162892,0.9841999999998734,,
open_boundary,random-0.5,128,8,open,600109,event,1524,750,774,0.744140625,-0.015748031496062992,0.015748031496062992,0,0,0,188460,186936,0.9734000000007654,,
open_boundary,random-0.5,128,8,open,600110,event,1525,822,703,0.74462890625,0.0780327868852459,0.0780327868852459,0,0,0,132757,131232,1.0208000000002357,,
open_boundary,random-0.5,128,8,open,600111,event,1550,852,698,0.7568359375,0.09935483870967741,0.09935483870967741,0,0,0,200978,199428,1.0024999999995998,,
open_boundary,random-0.5,128,8,open,600112,event,1494,778,716,0.7294921875,0.041499330655957165,0.041499330655957165,0,0,0,102622,101128,0.9697999999998501,,
open_boundary,random-0.5,128,8,open,600113,event,1536,826,710,0.75,0.07552083333333333,0.07552083333333333,0,0,0,220870,219334,0.9819999999999709,,
open_boundary,random-0.5,128,8,open,600114,event,1568,815,753,0.765625,0.039540816326530615,0.039540816326530615,0,0,0,210166,208598,0.9911000000001877,,
open_boundary,random-0.5,128,8,open,600115,event,1545,667,878,0.75439453125,-0.13656957928802588,0.13656957928802588,0,0,0,268432,266887,1.0140000000001237,,
open_boundary,random-0.5,128,8,open,600116,event,1523,756,767,0.74365234375,-0.007222586999343401,0.007222586999343401,0,0,0,172986,171463,0.9789999999993597,,
open_boundary,random-0.5,128,8,open,600117,event,1535,775,760,0.74951171875,0.009771986970684038,0.009771986970684038,0,0,0,244128,242593,1.2448999999996886,,
open_boundary,random-0.5,128,8,open,600118,event,1539,767,772,0.75146484375,-0.003248862897985705,0.003248862897985705,0,0,0,154236,152697,1.242699999999786,,
open_boundary,random-0.5,128,8,open,600119,event,1526,782,744,0.7451171875,0.02490170380078637,0.02490170380078637,0,0,0,144052,142526,0.9904999999998836,,
open_boundary,random-0.5,128,8,open,600120,event,1547,861,686,0.75537109375,0.11312217194570136,0.11312217194570136,0,0,0,143890,142343,0.9760000000005675,,
open_boundary,random-0.5,128,8,open,600121,event,1520,750,770,0.7421875,-0.013157894736842105,0.013157894736842105,0,0,0,119459,117939,0.9533000000001266,,
open_boundary,random-0.5,128,8,open,600122,event,1536,878,658,0.75,0.14322916666666666,0.14322916666666666,0,0,0,169248,167712,0.9607000000005428,,
open_boundary,random-0.5,128,8,open,600123,event,1537,796,741,0.75048828125,0.035783994795055306,0.035783994795055306,0,0,0,186423,184886,1.0040999999991982,,
open_boundary,random-0.5,128,8,open,600124,event,1533,802,731,0.74853515625,0.046314416177429873,0.046314416177429873,0,0,0,218814,217281,1.0317999999997483,,
open_boundary,random-0.5,128,8,open,600125,event,1531,759,772,0.74755859375,-0.008491182233834096,0.008491182233834096,0,0,0,172633,171102,1.0515000000004875,,
open_boundary,random-0.5,128,8,open,600126,event,1543,730,813,0.75341796875,-0.053791315618924175,0.053791315618924175,0,0,0,149539,147996,0.9308000000000902,,
open_boundary,random-0.5,128,8,open,600127,event,1546,868,678,0.7548828125,0.12289780077619664,0.12289780077619664,0,0,0,184912,183366,0.9646000000002459,,
open_boundary,random-0.5,128,8,open,600128,event,1537,801,736,0.75048828125,0.04229017566688354,0.04229017566688354,0,0,0,252318,250781,0.971599999999853,,
