experiment,controller,L,k,boundary,seed,engine,particles,horizontal,vertical,coverage,order,abs_order,deadlock,legal_h,legal_v,attempts,failures,elapsed_ms,attempted_h,attempted_v
rrsa,rrsa-0.5,64,2,periodic,700001,event,1846,956,890,0.9013671875,0.035752979414951244,0.035752979414951244,1,0,16,27994,26148,2.2201999999999984,18312,9682
rrsa,rrsa-0.5,64,2,periodic,700002,event,1820,890,930,0.888671875,-0.02197802197802198,0.02197802197802198,1,0,33,30810,28990,1.9031999999999982,22835,7975
rrsa,rrsa-0.5,64,2,periodic,700003,event,1840,908,932,0.8984375,-0.013043478260869565,0.013043478260869565,1,0,14,30497,28657,0.7796000000000021,20710,9787
rrsa,rrsa-0.5,64,2,periodic,700004,event,1861,923,938,0.90869140625,-0.008060182697474477,0.008060182697474477,1,0,1,39151,37290,0.7364999999999995,21075,18076
rrsa,rrsa-0.5,64,2,periodic,700005,event,1851,945,906,0.90380859375,0.02106969205834684,0.02106969205834684,1,6,0,49834,47983,0.7034999999999982,16181,33653
rrsa,rrsa-0.5,64,2,periodic,700006,event,1829,927,902,0.89306640625,0.01366867140513942,0.01366867140513942,1,0,6,38920,37091,0.3433999999999955,24168,14752
rrsa,rrsa-0.5,64,2,periodic,700007,event,1842,916,926,0.8994140625,-0.0054288816503800215,0.0054288816503800215,1,0,6,55643,53801,0.5075999999999965,40522,15121
rrsa,rrsa-0.5,64,2,periodic,700008,event,1843,951,892,0.89990234375,0.032013022246337494,0.032013022246337494,1,0,13,33726,31883,0.402000000000001,24621,9105
rrsa,rrsa-0.5,64,2,periodic,700009,event,1856,907,949,0.90625,-0.022629310344827586,0.022629310344827586,1,3,0,36357,34501,0.3896999999999977,15253,21104
rrsa,rrsa-0.5,64,2,periodic,700010,event,1835,883,952,0.89599609375,-0.03760217983651226,0.03760217983651226,1,19,0,28918,27083,0.3271000000000015,9861,19057
rrsa,rrsa-0.5,64,2,periodic,700011,event,1835,883,952,0.89599609375,-0.03760217983651226,0.03760217983651226,1,0,29,31273,29438,0.3217999999999961,22504,8769
rrsa,rrsa-0.5,64,2,periodic,700012,event,1840,918,922,0.8984375,-0.002173913043478261,0.002173913043478261,1,0,12,26769,24929,0.3290000000000006,17482,9287
rrsa,rrsa-0.5,64,2,periodic,700013,event,1847,909,938,0.90185546875,-0.01570113697888468,0.01570113697888468,1,7,0,42462,40615,0.3183000000000007,11857,30605
rrsa,rrsa-0.5,64,2,periodic,700014,event,1862,947,915,0.9091796875,0.017185821697099892,0.017185821697099892,1,6,0,35725,33863,0.3282999999999987,13433,22292
rrsa,rrsa-0.5,64,2,periodic,700015,event,1854,897,957,0.9052734375,-0.032362459546925564,0.032362459546925564,1,0,3,32768,30914,0.3307000000000002,19061,13707
rrsa,rrsa-0.5,64,2,periodic,700016,event,1816,891,925,0.88671875,-0.018722466960352423,0.018722466960352423,1,28,0,30935,29119,0.32160000000000366,7739,23196
rrsa,rrsa-0.5,64,2,periodic,700017,event,1856,921,935,0.90625,-0.007543103448275862,0.007543103448275862,1,6,0,46029,44173,0.35079999999999956,14307,31722
rrsa,rrsa-0.5,64,2,periodic,700018,event,1845,917,928,0.90087890625,-0.005962059620596206,0.005962059620596206,1,0,10,45576,43731,0.34010000000000673,34364,11212
rrsa,rrsa-0.5,64,2,periodic,700019,event,1834,936,898,0.8955078125,0.020719738276990186,0.020719738276990186,1,23,0,33484,31650,0.4247999999999976,9179,24305
rrsa,rrsa-0.5,64,2,periodic,700020,event,1856,956,900,0.90625,0.03017241379310345,0.03017241379310345,1,0,18,33123,31267,0.3237000000000023,23596,9527
rrsa,rrsa-0.5,64,2,periodic,700021,event,1855,947,908,0.90576171875,0.021024258760107817,0.021024258760107817,1,0,8,33971,32116,0.3185000000000002,20113,13858
rrsa,rrsa-0.5,64,2,periodic,700022,event,1830,901,929,0.8935546875,-0.015300546448087432,0.015300546448087432,1,15,0,29417,27587,0.313600000000001,11591,17826
rrsa,rrsa-0.5,64,2,periodic,700023,event,1855,937,918,0.90576171875,0.010242587601078167,0.010242587601078167,1,6,0,35312,33457,0.32260000000000133,14933,20379
rrsa,rrsa-0.5,64,2,periodic,700024,event,1862,941,921,0.9091796875,0.010741138560687433,0.010741138560687433,1,0,2,35451,33589,0.30169999999999675,18847,16604
rrsa,rrsa-0.5,64,2,periodic,700025,event,1832,918,914,0.89453125,0.002183406113537118,0.002183406113537118,1,23,0,24866,23034,0.2944999999999993,8057,16809
rrsa,rrsa-0.5,64,2,periodic,700026,event,1843,904,939,0.89990234375,-0.018990775908844276,0.018990775908844276,1,2,0,46982,45139,0.2937000000000012,16126,30856
rrsa,rrsa-0.5,64,2,periodic,700027,event,1864,962,902,0.91015625,0.032188841201716736,0.032188841201716736,0,0,0,43251,41387,0.2992000000000061,24383,18868
rrsa,rrsa-0.5,64,2,periodic,700028,event,1854,898,956,0.9052734375,-0.03128371089536138,0.03128371089536138,1,0,11,35826,33972,0.2832000000000008,23633,12193
rrsa,rrsa-0.5,64,2,periodic,700029,event,1845,896,949,0.90087890625,-0.02872628726287263,0.02872628726287263,1,3,0,32311,30466,0.7623999999999995,15259,17052
rrsa,rrsa-0.5,64,2,periodic,700030,event,1851,925,926,0.90380859375,-0.0005402485143165856,0.0005402485143165856,1,5,0,33502,31651,0.5399000000000029,15499,18003
rrsa,rrsa-0.5,64,2,periodic,700031,event,1844,941,903,0.900390625,0.020607375271149676,0.020607375271149676,1,5,0,28187,26343,0.29410000000000025,13401,14786
rrsa,rrsa-0.5,64,2,periodic,700032,event,1865,906,959,0.91064453125,-0.028418230563002682,0.028418230563002682,1,7,0,32022,30157,0.3316999999999979,11953,20069
rrsa,rrsa-0.5,64,2,periodic,700033,event,1829,911,918,0.89306640625,-0.0038272279934390375,0.0038272279934390375,1,0,25,35818,33989,0.28310000000000457,27125,8693
rrsa,rrsa-0.5,64,2,periodic,700034,event,1833,844,989,0.89501953125,-0.07910529187124932,0.07910529187124932,1,25,0,27729,25896,0.8776999999999973,8026,19703
rrsa,rrsa-0.5,64,2,periodic,700035,event,1847,978,869,0.90185546875,0.05901461829994586,0.05901461829994586,1,0,4,35692,33845,0.38110000000000355,20405,15287
rrsa,rrsa-0.5,64,2,periodic,700036,event,1864,947,917,0.91015625,0.016094420600858368,0.016094420600858368,1,4,0,37571,35707,0.2903999999999982,15973,21598
rrsa,rrsa-0.5,64,2,periodic,700037,event,1847,920,927,0.90185546875,-0.003789929615592853,0.003789929615592853,1,3,0,36583,34736,0.31929999999999836,16567,20016
rrsa,rrsa-0.5,64,2,periodic,700038,event,1832,923,909,0.89453125,0.007641921397379912,0.007641921397379912,1,22,0,32904,31072,0.45879999999999654,9015,23889
rrsa,rrsa-0.5,64,2,periodic,700039,event,1850,904,946,0.9033203125,-0.022702702702702703,0.022702702702702703,1,0,1,42678,40828,0.5808999999999997,26357,16321
rrsa,rrsa-0.5,64,2,periodic,700040,event,1858,893,965,0.9072265625,-0.038751345532831,0.038751345532831,1,0,2,42653,40795,0.3967000000000027,24084,18569
rrsa,rrsa-0.5,64,2,periodic,700041,event,1834,897,937,0.8955078125,-0.021810250817884406,0.021810250817884406,1,24,0,27337,25503,0.9893000000000001,10553,16784
rrsa,rrsa-0.5,64,2,periodic,700042,event,1832,909,923,0.89453125,-0.007641921397379912,0.007641921397379912,1,9,0,47562,45730,1.3425000000000011,10300,37262
rrsa,rrsa-0.5,64,2,periodic,700043,event,1837,964,873,0.89697265625,0.04953728905824714,0.04953728905824714,1,27,0,42720,40883,1.1375000000000028,9540,33180
rrsa,rrsa-0.5,64,2,periodic,700044,event,1845,925,920,0.90087890625,0.0027100271002710027,0.0027100271002710027,1,8,0,31282,29437,1.3096999999999994,11470,19812
rrsa,rrsa-0.5,64,2,periodic,700045,event,1819,968,851,0.88818359375,0.06432105552501374,0.06432105552501374,1,20,0,30296,28477,1.322499999999998,9721,20575
rrsa,rrsa-0.5,64,2,periodic,700046,event,1851,917,934,0.90380859375,-0.009184224743381956,0.009184224743381956,1,0,8,31878,30027,1.344699999999996,20691,11187
rrsa,rrsa-0.5,64,2,periodic,700047,event,1864,971,893,0.91015625,0.04184549356223176,0.04184549356223176,1,6,0,32242,30378,1.3447000000000031,11940,20302
rrsa,rrsa-0.5,64,2,periodic,700048,event,1853,912,941,0.90478515625,-0.015650296815974095,0.015650296815974095,1,2,0,38513,36660,0.9807999999999879,19062,19451
rrsa,rrsa-0.5,64,2,periodic,700049,event,1852,921,931,0.904296875,-0.005399568034557235,0.005399568034557235,1,12,0,29313,27461,0.9869000000000057,9672,19641
rrsa,rrsa-0.5,64,2,periodic,700050,event,1842,911,931,0.8994140625,-0.010857763300760043,0.010857763300760043,1,7,0,38474,36632,1.2768999999999977,13578,24896
rrsa,rrsa-0.5,64,2,periodic,700051,event,1845,931,914,0.90087890625,0.00921409214092141,0.00921409214092141,1,9,0,43502,41657,0.4842000000000013,13041,30461
rrsa,rrsa-0.5,64,2,periodic,700052,event,1834,902,932,0.8955078125,-0.016357688113413305,0.016357688113413305,1,28,0,31863,30029,0.37939999999998975,8325,23538
rrsa,rrsa-0.5,64,2,periodic,700053,event,1846,909,937,0.9013671875,-0.015167930660888408,0.015167930660888408,1,15,0,33165,31319,0.415300000000002,9151,24014
rrsa,rrsa-0.5,64,2,periodic,700054,event,1851,906,945,0.90380859375,-0.02106969205834684,0.02106969205834684,1,8,0,32617,30766,0.4205000000000041,10778,21839
rrsa,rrsa-0.5,64,2,periodic,700055,event,1844,901,943,0.900390625,-0.0227765726681128,0.0227765726681128,1,7,0,29563,27719,0.5600000000000023,10718,18845
rrsa,rrsa-0.5,64,2,periodic,700056,event,1864,928,936,0.91015625,-0.004291845493562232,0.004291845493562232,1,3,0,43951,42087,0.6394999999999982,15249,28702
rrsa,rrsa-0.5,64,2,periodic,700057,event,1832,935,897,0.89453125,0.02074235807860262,0.02074235807860262,1,9,0,43168,41336,0.25719999999999743,10485,32683
rrsa,rrsa-0.5,64,2,periodic,700058,event,1837,893,944,0.89697265625,-0.027762656505171474,0.027762656505171474,1,8,0,40397,38560,0.27479999999999905,13425,26972
rrsa,rrsa-0.5,64,2,periodic,700059,event,1832,901,931,0.89453125,-0.016375545851528384,0.016375545851528384,1,17,0,27992,26160,0.6941000000000059,9496,18496
rrsa,rrsa-0.5,64,2,periodic,700060,event,1826,877,949,0.8916015625,-0.03943044906900329,0.03943044906900329,1,31,0,29308,27482,0.46819999999999595,9089,20219
rrsa,rrsa-0.5,64,2,periodic,700061,event,1827,896,931,0.89208984375,-0.019157088122605363,0.019157088122605363,1,28,0,33102,31275,0.271499999999989,8097,25005
rrsa,rrsa-0.5,64,2,periodic,700062,event,1844,895,949,0.900390625,-0.02928416485900217,0.02928416485900217,1,0,13,35510,33666,0.2644999999999982,23468,12042
rrsa,rrsa-0.5,64,2,periodic,700063,event,1845,938,907,0.90087890625,0.016802168021680216,0.016802168021680216,1,8,0,43128,41283,0.24739999999999895,12331,30797
rrsa,rrsa-0.5,64,2,periodic,700064,event,1857,870,987,0.90673828125,-0.0630048465266559,0.0630048465266559,1,5,0,36485,34628,0.43200000000000216,12213,24272
rrsa,rrsa-0.5,64,2,periodic,700065,event,1834,911,923,0.8955078125,-0.006543075245365322,0.006543075245365322,1,20,0,34177,32343,0.4111000000000047,9324,24853
rrsa,rrsa-0.5,64,2,periodic,700066,event,1868,969,899,0.912109375,0.03747323340471092,0.03747323340471092,1,0,5,36269,34401,0.46580000000000155,23325,12944
rrsa,rrsa-0.5,64,2,periodic,700067,event,1848,927,921,0.90234375,0.003246753246753247,0.003246753246753247,1,3,0,42160,40312,0.4993000000000052,19193,22967
rrsa,rrsa-0.5,64,2,periodic,700068,event,1850,915,935,0.9033203125,-0.010810810810810811,0.010810810810810811,1,1,0,48628,46778,0.38419999999999277,22709,25919
rrsa,rrsa-0.5,64,2,periodic,700069,event,1852,949,903,0.904296875,0.024838012958963283,0.024838012958963283,1,1,0,41941,40089,0.376899999999992,15505,26436
rrsa,rrsa-0.5,64,2,periodic,700070,event,1843,959,884,0.89990234375,0.040694519804666304,0.040694519804666304,1,0,6,30884,29041,0.4415000000000049,18768,12116
rrsa,rrsa-0.5,64,2,periodic,700071,event,1834,910,924,0.8955078125,-0.007633587786259542,0.007633587786259542,1,19,0,32691,30857,0.5137,9998,22693
rrsa,rrsa-0.5,64,2,periodic,700072,event,1863,967,896,0.90966796875,0.0381105743424584,0.0381105743424584,1,0,7,31297,29434,1.0277999999999992,18535,12762
rrsa,rrsa-0.5,64,2,periodic,700073,event,1831,925,906,0.89404296875,0.010376843255051884,0.010376843255051884,1,0,30,40330,38499,0.6426000000000016,32122,8208
rrsa,rrsa-0.5,64,2,periodic,700074,event,1847,911,936,0.90185546875,-0.01353546291283162,0.01353546291283162,1,0,17,33143,31296,0.46649999999999636,22266,10877
rrsa,rrsa-0.5,64,2,periodic,700075,event,1863,955,908,0.90966796875,0.02522812667740204,0.02522812667740204,1,0,6,41725,39862,0.5477999999999952,26252,15473
rrsa,rrsa-0.5,64,2,periodic,700076,event,1857,947,910,0.90673828125,0.01992460958535272,0.01992460958535272,0,0,0,44499,42642,0.5061999999999927,22096,22403
rrsa,rrsa-0.5,64,2,periodic,700077,event,1870,980,890,0.9130859375,0.0481283422459893,0.0481283422459893,0,0,0,41927,40057,0.3872000000000071,22249,19678
rrsa,rrsa-0.5,64,2,periodic,700078,event,1836,945,891,0.896484375,0.029411764705882353,0.029411764705882353,1,0,27,29723,27887,0.40800000000000125,20914,8809
rrsa,rrsa-0.5,64,2,periodic,700079,event,1862,920,942,0.9091796875,-0.011815252416756176,0.011815252416756176,1,2,0,34736,32874,0.3614000000000033,14182,20554
rrsa,rrsa-0.5,64,2,periodic,700080,event,1860,935,925,0.908203125,0.005376344086021506,0.005376344086021506,1,0,3,40915,39055,0.4077999999999946,17685,23230
rrsa,rrsa-0.5,64,2,periodic,700081,event,1864,923,941,0.91015625,-0.009656652360515022,0.009656652360515022,1,3,0,38448,36584,0.5688999999999993,15307,23141
rrsa,rrsa-0.5,64,2,periodic,700082,event,1855,907,948,0.90576171875,-0.022102425876010783,0.022102425876010783,1,0,6,29792,27937,0.43949999999999534,17220,12572
rrsa,rrsa-0.5,64,2,periodic,700083,event,1850,918,932,0.9033203125,-0.0075675675675675675,0.0075675675675675675,1,9,0,36778,34928,0.48919999999999675,11692,25086
rrsa,rrsa-0.5,64,2,periodic,700084,event,1850,962,888,0.9033203125,0.04,0.04,1,0,10,34782,32932,0.41549999999999443,23646,11136
rrsa,rrsa-0.5,64,2,periodic,700085,event,1851,924,927,0.90380859375,-0.0016207455429497568,0.0016207455429497568,1,9,0,38704,36853,0.39150000000000773,12258,26446
rrsa,rrsa-0.5,64,2,periodic,700086,event,1855,921,934,0.90576171875,-0.007008086253369272,0.007008086253369272,0,0,0,58757,56902,0.4277000000000015,25921,32836
rrsa,rrsa-0.5,64,2,periodic,700087,event,1844,918,926,0.900390625,-0.004338394793926247,0.004338394793926247,1,3,0,41277,39433,0.37120000000000175,16500,24777
rrsa,rrsa-0.5,64,2,periodic,700088,event,1853,953,900,0.90478515625,0.028602266594711278,0.028602266594711278,1,0,1,41137,39284,0.34430000000000405,24037,17100
rrsa,rrsa-0.5,64,2,periodic,700089,event,1861,895,966,0.90869140625,-0.03815153143471252,0.03815153143471252,1,0,10,41946,40085,0.33800000000000807,29856,12090
rrsa,rrsa-0.5,64,2,periodic,700090,event,1855,938,917,0.90576171875,0.011320754716981131,0.011320754716981131,1,0,12,31403,29548,0.3678999999999917,20926,10477
rrsa,rrsa-0.5,64,2,periodic,700091,event,1838,939,899,0.8974609375,0.02176278563656148,0.02176278563656148,1,0,22,26177,24339,0.33270000000000266,18315,7862
rrsa,rrsa-0.5,64,2,periodic,700092,event,1843,932,911,0.89990234375,0.011394465545306565,0.011394465545306565,1,0,10,36556,34713,0.3322999999999894,26203,10353
rrsa,rrsa-0.5,64,2,periodic,700093,event,1860,936,924,0.908203125,0.0064516129032258064,0.0064516129032258064,1,0,3,46098,44238,0.3324000000000069,30621,15477
rrsa,rrsa-0.5,64,2,periodic,700094,event,1877,930,947,0.91650390625,-0.009057005860415556,0.009057005860415556,1,1,0,36978,35101,0.39929999999999666,19937,17041
rrsa,rrsa-0.5,64,2,periodic,700095,event,1846,915,931,0.9013671875,-0.00866738894907909,0.00866738894907909,1,15,0,29063,27217,0.33089999999999975,8011,21052
rrsa,rrsa-0.5,64,2,periodic,700096,event,1849,913,936,0.90283203125,-0.012439156300703082,0.012439156300703082,1,10,0,42437,40588,0.33200000000000784,11792,30645
rrsa,rrsa-0.5,64,2,periodic,700097,event,1835,946,889,0.89599609375,0.03106267029972752,0.03106267029972752,1,0,13,40429,38594,0.33130000000001303,28303,12126
rrsa,rrsa-0.5,64,2,periodic,700098,event,1839,929,910,0.89794921875,0.010331702011963024,0.010331702011963024,1,0,24,31603,29764,0.3585000000000065,22654,8949
rrsa,rrsa-0.5,64,2,periodic,700099,event,1849,949,900,0.90283203125,0.02650081124932396,0.02650081124932396,1,2,0,41800,39951,0.3363999999999976,23450,18350
rrsa,rrsa-0.5,64,2,periodic,700100,event,1852,915,937,0.904296875,-0.011879049676025918,0.011879049676025918,1,6,0,43727,41875,0.33319999999999084,14969,28758
rrsa,rrsa-0.5,64,2,periodic,700101,event,1851,911,940,0.90380859375,-0.015667206915180983,0.015667206915180983,1,0,17,38613,36762,0.3225999999999942,30007,8606
rrsa,rrsa-0.5,64,2,periodic,700102,event,1847,949,898,0.90185546875,0.027612344342176503,0.027612344342176503,1,17,0,36577,34730,0.3423000000000087,10969,25608
rrsa,rrsa-0.5,64,2,periodic,700103,event,1852,918,934,0.904296875,-0.008639308855291577,0.008639308855291577,1,9,0,32462,30610,0.3224000000000018,11468,20994
rrsa,rrsa-0.5,64,2,periodic,700104,event,1833,941,892,0.89501953125,0.02673213311511184,0.02673213311511184,1,0,22,35489,33656,0.3205999999999989,27376,8113
rrsa,rrsa-0.5,64,2,periodic,700105,event,1823,905,918,0.89013671875,-0.007131102578167855,0.007131102578167855,1,0,23,40657,38834,0.32280000000000086,31937,8720
rrsa,rrsa-0.5,64,2,periodic,700106,event,1838,877,961,0.8974609375,-0.04570184983677911,0.04570184983677911,1,21,0,37198,35360,0.5401999999999987,10716,26482
rrsa,rrsa-0.5,64,2,periodic,700107,event,1856,936,920,0.90625,0.008620689655172414,0.008620689655172414,1,0,13,31551,29695,0.330600000000004,21700,9851
rrsa,rrsa-0.5,64,2,periodic,700108,event,1832,900,932,0.89453125,-0.017467248908296942,0.017467248908296942,1,21,0,25053,23221,0.43899999999999295,9723,15330
rrsa,rrsa-0.5,64,2,periodic,700109,event,1847,911,936,0.90185546875,-0.01353546291283162,0.01353546291283162,1,0,16,34981,33134,0.3346000000000089,24148,10833
rrsa,rrsa-0.5,64,2,periodic,700110,event,1851,907,944,0.90380859375,-0.019989195029713667,0.019989195029713667,1,4,0,36449,34598,0.33030000000000825,16797,19652
rrsa,rrsa-0.5,64,2,periodic,700111,event,1859,949,910,0.90771484375,0.02097902097902098,0.02097902097902098,1,0,5,34218,32359,0.33669999999999334,21050,13168
rrsa,rrsa-0.5,64,2,periodic,700112,event,1843,929,914,0.89990234375,0.008138903960933261,0.008138903960933261,1,0,16,29824,27981,0.325800000000001,19862,9962
rrsa,rrsa-0.5,64,2,periodic,700113,event,1839,944,895,0.89794921875,0.026644915715062535,0.026644915715062535,1,0,21,28036,26197,0.29749999999999943,19778,8258
rrsa,rrsa-0.5,64,2,periodic,700114,event,1845,898,947,0.90087890625,-0.026558265582655827,0.026558265582655827,1,12,0,24118,22273,0.37869999999999493,8869,15249
rrsa,rrsa-0.5,64,2,periodic,700115,event,1841,908,933,0.89892578125,-0.013579576317218903,0.013579576317218903,1,16,0,33108,31267,0.29770000000000607,11513,21595
rrsa,rrsa-0.5,64,2,periodic,700116,event,1844,959,885,0.900390625,0.04013015184381779,0.04013015184381779,1,0,5,35512,33668,0.285499999999999,21638,13874
rrsa,rrsa-0.5,64,2,periodic,700117,event,1840,880,960,0.8984375,-0.043478260869565216,0.043478260869565216,1,0,22,32574,30734,0.47229999999998995,23890,8684
rrsa,rrsa-0.5,64,2,periodic,700118,event,1851,916,935,0.90380859375,-0.010264721772015126,0.010264721772015126,0,0,0,54735,52884,0.6610999999999905,28340,26395
rrsa,rrsa-0.5,64,2,periodic,700119,event,1855,912,943,0.90576171875,-0.016711590296495958,0.016711590296495958,1,8,0,42054,40199,0.3545000000000016,13570,28484
rrsa,rrsa-0.5,64,2,periodic,700120,event,1863,949,914,0.90966796875,0.01878690284487386,0.01878690284487386,1,1,0,40751,38888,0.527000000000001,16199,24552
rrsa,rrsa-0.5,64,2,periodic,700121,event,1848,903,945,0.90234375,-0.022727272727272728,0.022727272727272728,1,0,3,40412,38564,0.6606000000000023,23978,16434
rrsa,rrsa-0.5,64,2,periodic,700122,event,1827,854,973,0.89208984375,-0.06513409961685823,0.06513409961685823,1,37,0,31249,29422,0.6883000000000123,7463,23786
rrsa,rrsa-0.5,64,2,periodic,700123,event,1827,904,923,0.89208984375,-0.010399562123700055,0.010399562123700055,1,25,0,35904,34077,0.33020000000000493,8720,27184
rrsa,rrsa-0.5,64,2,periodic,700124,event,1851,940,911,0.90380859375,0.015667206915180983,0.015667206915180983,1,0,1,43722,41871,0.26850000000000307,28930,14792
rrsa,rrsa-0.5,64,2,periodic,700125,event,1861,920,941,0.90869140625,-0.011284255776464266,0.011284255776464266,1,3,0,32387,30526,0.29630000000000223,14923,17464
rrsa,rrsa-0.5,64,2,periodic,700126,event,1843,894,949,0.89990234375,-0.02984264785675529,0.02984264785675529,1,3,0,37221,35378,0.37940000000000396,14013,23208
rrsa,rrsa-0.5,64,2,periodic,700127,event,1844,910,934,0.900390625,-0.013015184381778741,0.013015184381778741,1,0,19,28289,26445,0.2640999999999991,18932,9357
rrsa,rrsa-0.5,64,2,periodic,700128,event,1850,888,962,0.9033203125,-0.04,0.04,1,5,0,48148,46298,0.3149999999999977,15782,32366
rrsa,rrsa-0.5,64,2,periodic,700129,event,1864,948,916,0.91015625,0.017167381974248927,0.017167381974248927,1,0,2,57226,55362,0.252200000000002,30440,26786
rrsa,rrsa-0.5,64,2,periodic,700130,event,1854,925,929,0.9052734375,-0.002157497303128371,0.002157497303128371,1,0,2,39762,37908,0.2446999999999946,23066,16696
rrsa,rrsa-0.5,64,2,periodic,700131,event,1855,929,926,0.90576171875,0.0016172506738544475,0.0016172506738544475,1,1,0,41143,39288,0.2693000000000012,19449,21694
rrsa,rrsa-0.5,64,2,periodic,700132,event,1859,938,921,0.90771484375,0.00914470145239376,0.00914470145239376,1,0,3,38297,36438,0.24279999999998836,20247,18050
rrsa,rrsa-0.5,64,2,periodic,700133,event,1866,936,930,0.9111328125,0.003215434083601286,0.003215434083601286,0,0,0,44972,43106,0.281099999999995,18664,26308
rrsa,rrsa-0.5,64,2,periodic,700134,event,1840,898,942,0.8984375,-0.02391304347826087,0.02391304347826087,1,5,0,44872,43032,0.2647000000000048,14837,30035
rrsa,rrsa-0.5,64,2,periodic,700135,event,1854,870,984,0.9052734375,-0.061488673139158574,0.061488673139158574,1,0,3,37759,35905,0.27199999999999136,19355,18404
rrsa,rrsa-0.5,64,2,periodic,700136,event,1861,947,914,0.90869140625,0.017732401934443847,0.017732401934443847,1,0,9,37429,35568,0.24840000000000373,26170,11259
rrsa,rrsa-0.5,64,2,periodic,700137,event,1859,945,914,0.90771484375,0.016675632060247445,0.016675632060247445,1,0,5,42541,40682,0.24869999999999948,28042,14499
rrsa,rrsa-0.5,64,2,periodic,700138,event,1854,893,961,0.9052734375,-0.036677454153182305,0.036677454153182305,1,0,1,39819,37965,0.25099999999999056,21749,18070
rrsa,rrsa-0.5,64,2,periodic,700139,event,1853,941,912,0.90478515625,0.015650296815974095,0.015650296815974095,1,3,0,31807,29954,0.2790999999999997,14439,17368
rrsa,rrsa-0.5,64,2,periodic,700140,event,1858,889,969,0.9072265625,-0.04305705059203445,0.04305705059203445,1,0,2,36941,35083,0.24519999999999698,18700,18241
rrsa,rrsa-0.5,64,2,periodic,700141,event,1848,910,938,0.90234375,-0.015151515151515152,0.015151515151515152,1,0,8,49219,47371,0.24850000000000705,35053,14166
rrsa,rrsa-0.5,64,2,periodic,700142,event,1838,944,894,0.8974609375,0.02720348204570185,0.02720348204570185,1,0,31,37163,35325,0.24660000000000082,28593,8570
rrsa,rrsa-0.5,64,2,periodic,700143,event,1865,917,948,0.91064453125,-0.016621983914209115,0.016621983914209115,1,1,0,34140,32275,0.2749999999999915,17576,16564
rrsa,rrsa-0.5,64,2,periodic,700144,event,1831,932,899,0.89404296875,0.018022938285090113,0.018022938285090113,1,0,27,28532,26701,0.25370000000000914,19500,9032
rrsa,rrsa-0.5,64,2,periodic,700145,event,1857,955,902,0.90673828125,0.028540656973613354,0.028540656973613354,1,0,3,29039,27182,0.2588000000000079,15946,13093
rrsa,rrsa-0.5,64,2,periodic,700146,event,1860,947,913,0.908203125,0.01827956989247312,0.01827956989247312,1,0,3,41915,40055,0.3036999999999921,23295,18620
rrsa,rrsa-0.5,64,2,periodic,700147,event,1850,911,939,0.9033203125,-0.015135135135135135,0.015135135135135135,1,0,8,45212,43362,0.35880000000000223,31521,13691
rrsa,rrsa-0.5,64,2,periodic,700148,event,1832,912,920,0.89453125,-0.004366812227074236,0.004366812227074236,1,0,25,34282,32450,0.2815999999999974,25042,9240
rrsa,rrsa-0.5,64,2,periodic,700149,event,1840,930,910,0.8984375,0.010869565217391304,0.010869565217391304,1,16,0,28737,26897,0.2931999999999988,9963,18774
rrsa,rrsa-0.5,64,2,periodic,700150,event,1848,913,935,0.90234375,-0.011904761904761904,0.011904761904761904,1,5,0,47872,46024,0.295100000000005,16401,31471
rrsa,rrsa-0.5,64,2,periodic,700151,event,1839,916,923,0.89794921875,-0.0038064165307232192,0.0038064165307232192,1,0,15,30032,28193,0.3383000000000038,19652,10380
rrsa,rrsa-0.5,64,2,periodic,700152,event,1810,926,884,0.8837890625,0.023204419889502764,0.023204419889502764,1,0,34,30748,28938,0.2926000000000073,22765,7983
rrsa,rrsa-0.5,64,2,periodic,700153,event,1825,909,916,0.89111328125,-0.0038356164383561643,0.0038356164383561643,1,19,0,35985,34160,0.29180000000000916,9877,26108
rrsa,rrsa-0.5,64,2,periodic,700154,event,1828,950,878,0.892578125,0.03938730853391685,0.03938730853391685,1,0,27,29228,27400,0.2862999999999971,21014,8214
rrsa,rrsa-0.5,64,2,periodic,700155,event,1838,894,944,0.8974609375,-0.02720348204570185,0.02720348204570185,1,16,0,29077,27239,0.3102000000000089,9774,19303
rrsa,rrsa-0.5,64,2,periodic,700156,event,1859,912,947,0.90771484375,-0.018827326519634213,0.018827326519634213,1,2,0,38804,36945,0.31629999999999825,17323,21481
rrsa,rrsa-0.5,64,2,periodic,700157,event,1853,924,929,0.90478515625,-0.002698327037236913,0.002698327037236913,1,0,10,30962,29109,0.27660000000000196,18671,12291
rrsa,rrsa-0.5,64,2,periodic,700158,event,1847,905,942,0.90185546875,-0.020032485110990796,0.020032485110990796,1,0,1,56370,54523,0.27539999999999054,24119,32251
rrsa,rrsa-0.5,64,2,periodic,700159,event,1836,914,922,0.896484375,-0.004357298474945534,0.004357298474945534,1,16,0,29302,27466,0.29479999999999507,10450,18852
rrsa,rrsa-0.5,64,2,periodic,700160,event,1852,880,972,0.904296875,-0.04967602591792657,0.04967602591792657,1,0,1,33754,31902,0.27599999999999625,15937,17817
rrsa,rrsa-0.5,64,2,periodic,700161,event,1851,965,886,0.90380859375,0.04267963263101027,0.04267963263101027,1,4,0,36397,34546,0.2668000000000035,15386,21011
rrsa,rrsa-0.5,64,2,periodic,700162,event,1843,956,887,0.89990234375,0.037438958220293,0.037438958220293,1,1,0,40697,38854,0.26550000000000296,23011,17686
rrsa,rrsa-0.5,64,2,periodic,700163,event,1845,940,905,0.90087890625,0.018970189701897018,0.018970189701897018,1,0,11,32618,30773,0.29179999999999495,21309,11309
rrsa,rrsa-0.5,64,2,periodic,700164,event,1861,936,925,0.90869140625,0.005910800644814616,0.005910800644814616,1,0,5,40558,38697,0.2623999999999995,25867,14691
rrsa,rrsa-0.5,64,2,periodic,700165,event,1845,919,926,0.90087890625,-0.003794037940379404,0.003794037940379404,1,0,12,47919,46074,0.2644999999999982,38436,9483
rrsa,rrsa-0.5,64,2,periodic,700166,event,1848,897,951,0.90234375,-0.02922077922077922,0.02922077922077922,1,6,0,41279,39431,0.25789999999999225,13525,27754
rrsa,rrsa-0.5,64,2,periodic,700167,event,1827,909,918,0.89208984375,-0.0049261083743842365,0.0049261083743842365,1,34,0,40399,38572,0.2635999999999967,7824,32575
rrsa,rrsa-0.5,64,2,periodic,700168,event,1851,903,948,0.90380859375,-0.024311183144246355,0.024311183144246355,1,14,0,36626,34775,0.23860000000000525,9557,27069
rrsa,rrsa-0.5,64,2,periodic,700169,event,1859,950,909,0.90771484375,0.022054868208714364,0.022054868208714364,1,4,0,34951,33092,0.24259999999999593,13947,21004
rrsa,rrsa-0.5,64,2,periodic,700170,event,1860,938,922,0.908203125,0.008602150537634409,0.008602150537634409,1,0,4,31411,29551,0.2453999999999894,17827,13584
rrsa,rrsa-0.5,64,2,periodic,700171,event,1808,936,872,0.8828125,0.035398230088495575,0.035398230088495575,1,0,36,24173,22365,0.269999999999996,16798,7375
rrsa,rrsa-0.5,64,2,periodic,700172,event,1831,888,943,0.89404296875,-0.030038230475150193,0.030038230475150193,1,34,0,33109,31278,0.24750000000000227,7738,25371
rrsa,rrsa-0.5,64,2,periodic,700173,event,1843,933,910,0.89990234375,0.012479652740097666,0.012479652740097666,1,18,0,42276,40433,0.24349999999999739,8896,33380
rrsa,rrsa-0.5,64,2,periodic,700174,event,1855,906,949,0.90576171875,-0.023180592991913745,0.023180592991913745,1,1,0,39488,37633,0.24209999999999354,16389,23099
rrsa,rrsa-0.5,64,2,periodic,700175,event,1858,961,897,0.9072265625,0.03444564047362755,0.03444564047362755,1,3,0,35867,34009,0.2647000000000048,14066,21801
rrsa,rrsa-0.5,64,2,periodic,700176,event,1858,900,958,0.9072265625,-0.031216361679224973,0.031216361679224973,1,1,0,38708,36850,0.24749999999998806,22534,16174
rrsa,rrsa-0.5,64,2,periodic,700177,event,1858,956,902,0.9072265625,0.02906350914962325,0.02906350914962325,1,0,9,39289,37431,0.2469999999999999,23004,16285
rrsa,rrsa-0.5,64,2,periodic,700178,event,1850,900,950,0.9033203125,-0.02702702702702703,0.02702702702702703,1,18,0,35848,33998,0.2377999999999929,8731,27117
rrsa,rrsa-0.5,64,2,periodic,700179,event,1856,895,961,0.90625,-0.03556034482758621,0.03556034482758621,1,9,0,32543,30687,0.25209999999999866,12991,19552
rrsa,rrsa-0.5,64,2,periodic,700180,event,1853,919,934,0.90478515625,-0.008094981111710739,0.008094981111710739,1,4,0,43332,41479,0.2506999999999948,14307,29025
rrsa,rrsa-0.5,64,2,periodic,700181,event,1839,874,965,0.89794921875,-0.04948341489940185,0.04948341489940185,1,8,0,34033,32194,0.24270000000001346,12272,21761
rrsa,rrsa-0.5,64,2,periodic,700182,event,1837,909,928,0.89697265625,-0.010342950462710943,0.010342950462710943,1,11,0,34183,32346,0.23690000000000566,9285,24898
rrsa,rrsa-0.5,64,2,periodic,700183,event,1850,928,922,0.9033203125,0.003243243243243243,0.003243243243243243,1,7,0,30922,29072,0.2545999999999964,13028,17894
rrsa,rrsa-0.5,64,2,periodic,700184,event,1849,952,897,0.90283203125,0.029745808545159545,0.029745808545159545,1,4,0,39615,37766,0.2330000000000041,14413,25202
rrsa,rrsa-0.5,64,2,periodic,700185,event,1840,870,970,0.8984375,-0.05434782608695652,0.05434782608695652,1,4,0,42280,40440,0.23279999999999745,13596,28684
rrsa,rrsa-0.5,64,2,periodic,700186,event,1860,924,936,0.908203125,-0.0064516129032258064,0.0064516129032258064,1,0,4,34166,32306,0.2406000000000006,19349,14817
rrsa,rrsa-0.5,64,2,periodic,700187,event,1822,884,938,0.8896484375,-0.029637760702524697,0.029637760702524697,1,33,0,25391,23569,0.29070000000000107,6932,18459
rrsa,rrsa-0.5,64,2,periodic,700188,event,1831,923,908,0.89404296875,0.008192244675040962,0.008192244675040962,1,23,0,41081,39250,0.23499999999999943,8370,32711
rrsa,rrsa-0.5,64,2,periodic,700189,event,1849,922,927,0.90283203125,-0.0027041644131963224,0.0027041644131963224,1,10,0,35044,33195,0.2331000000000074,13536,21508
rrsa,rrsa-0.5,64,2,periodic,700190,event,1825,878,947,0.89111328125,-0.03780821917808219,0.03780821917808219,1,0,30,37034,35209,0.23089999999999122,29226,7808
rrsa,rrsa-0.5,64,2,periodic,700191,event,1826,919,907,0.8916015625,0.0065717415115005475,0.0065717415115005475,1,39,0,41093,39267,0.24920000000000186,7376,33717
rrsa,rrsa-0.5,64,2,periodic,700192,event,1848,925,923,0.90234375,0.0010822510822510823,0.0010822510822510823,1,0,8,33124,31276,0.2370999999999981,20723,12401
rrsa,rrsa-0.5,64,2,periodic,700193,event,1857,934,923,0.90673828125,0.0059235325794291865,0.0059235325794291865,1,0,3,38803,36946,0.23749999999999716,20740,18063
rrsa,rrsa-0.5,64,2,periodic,700194,event,1851,895,956,0.90380859375,-0.032955159373311727,0.032955159373311727,1,11,0,30242,28391,0.23380000000000223,11576,18666
rrsa,rrsa-0.5,64,2,periodic,700195,event,1828,879,949,0.892578125,-0.038293216630196934,0.038293216630196934,1,23,0,27351,25523,0.26079999999998904,8142,19209
rrsa,rrsa-0.5,64,2,periodic,700196,event,1830,884,946,0.8935546875,-0.033879781420765025,0.033879781420765025,1,23,0,27850,26020,0.24039999999999395,8713,19137
rrsa,rrsa-0.5,64,2,periodic,700197,event,1851,917,934,0.90380859375,-0.009184224743381956,0.009184224743381956,1,0,9,39139,37288,0.24800000000000466,26263,12876
rrsa,rrsa-0.5,64,2,periodic,700198,event,1848,919,929,0.90234375,-0.005411255411255411,0.005411255411255411,1,4,0,38383,36535,0.24030000000000484,13031,25352
rrsa,rrsa-0.5,64,2,periodic,700199,event,1858,911,947,0.9072265625,-0.0193756727664155,0.0193756727664155,1,0,11,41297,39439,0.2646000000000015,30111,11186
rrsa,rrsa-0.5,64,2,periodic,700200,event,1848,912,936,0.90234375,-0.012987012987012988,0.012987012987012988,1,0,14,29871,28023,0.2493999999999943,19768,10103
rrsa,rrsa-0.5,64,2,periodic,700201,event,1855,894,961,0.90576171875,-0.03611859838274933,0.03611859838274933,1,0,4,32777,30922,0.2417999999999978,18126,14651
rrsa,rrsa-0.5,64,2,periodic,700202,event,1853,936,917,0.90478515625,0.01025364274150027,0.01025364274150027,1,4,0,34525,32672,0.2400999999999982,15130,19395
rrsa,rrsa-0.5,64,2,periodic,700203,event,1823,942,881,0.89013671875,0.033461327482172246,0.033461327482172246,1,0,13,26227,24404,0.26329999999998677,17511,8716
rrsa,rrsa-0.5,64,2,periodic,700204,event,1834,911,923,0.8955078125,-0.006543075245365322,0.006543075245365322,1,20,0,30439,28605,0.24269999999999925,9327,21112
rrsa,rrsa-0.5,64,2,periodic,700205,event,1862,914,948,0.9091796875,-0.018259935553168637,0.018259935553168637,1,0,5,35452,33590,0.24490000000000123,21306,14146
rrsa,rrsa-0.5,64,2,periodic,700206,event,1866,957,909,0.9111328125,0.02572347266881029,0.02572347266881029,1,9,0,39100,37234,0.24460000000000548,13312,25788
rrsa,rrsa-0.5,64,2,periodic,700207,event,1852,901,951,0.904296875,-0.026997840172786176,0.026997840172786176,1,5,0,40574,38722,0.2774000000000001,11768,28806
rrsa,rrsa-0.5,64,2,periodic,700208,event,1852,950,902,0.904296875,0.02591792656587473,0.02591792656587473,1,2,0,43516,41664,0.270300000000006,15128,28388
rrsa,rrsa-0.5,64,2,periodic,700209,event,1842,904,938,0.8994140625,-0.018458197611292075,0.018458197611292075,1,15,0,30063,28221,0.25540000000000873,9743,20320
rrsa,rrsa-0.5,64,2,periodic,700210,event,1849,893,956,0.90283203125,-0.03407247160627366,0.03407247160627366,0,0,0,44426,42577,0.2476999999999947,15719,28707
rrsa,rrsa-0.5,64,2,periodic,700211,event,1861,955,906,0.90869140625,0.026329930145083287,0.026329930145083287,1,5,0,50058,48197,0.286200000000008,13449,36609
rrsa,rrsa-0.5,64,2,periodic,700212,event,1851,876,975,0.90380859375,-0.05348460291734198,0.05348460291734198,1,3,0,42685,40834,0.2592999999999961,17813,24872
rrsa,rrsa-0.5,64,2,periodic,700213,event,1844,932,912,0.900390625,0.010845986984815618,0.010845986984815618,1,0,6,28855,27011,0.25320000000000675,15501,13354
rrsa,rrsa-0.5,64,2,periodic,700214,event,1835,926,909,0.89599609375,0.009264305177111716,0.009264305177111716,1,0,17,25603,23768,0.24349999999999739,16019,9584
rrsa,rrsa-0.5,64,2,periodic,700215,event,1852,931,921,0.904296875,0.005399568034557235,0.005399568034557235,1,9,0,31044,29192,0.2822999999999922,11240,19804
rrsa,rrsa-0.5,64,2,periodic,700216,event,1846,924,922,0.9013671875,0.0010834236186348862,0.0010834236186348862,1,1,0,42404,40558,0.24580000000000268,16596,25808
rrsa,rrsa-0.5,64,2,periodic,700217,event,1829,954,875,0.89306640625,0.04319300164024057,0.04319300164024057,1,19,0,30247,28418,0.24569999999999936,9571,20676
rrsa,rrsa-0.5,64,2,periodic,700218,event,1849,901,948,0.90283203125,-0.02541914548404543,0.02541914548404543,1,0,1,34624,32775,0.2827000000000055,18833,15791
rrsa,rrsa-0.5,64,2,periodic,700219,event,1864,955,909,0.91015625,0.02467811158798283,0.02467811158798283,1,2,0,39105,37241,0.26319999999999766,18574,20531
rrsa,rrsa-0.5,64,2,periodic,700220,event,1869,959,910,0.91259765625,0.026217228464419477,0.026217228464419477,1,0,3,37578,35709,0.2372000000000014,19866,17712
rrsa,rrsa-0.5,64,2,periodic,700221,event,1861,959,902,0.90869140625,0.03062869425040301,0.03062869425040301,1,0,5,42417,40556,0.2353000000000094,29500,12917
rrsa,rrsa-0.5,64,2,periodic,700222,event,1857,922,935,0.90673828125,-0.007000538502961767,0.007000538502961767,1,8,0,34376,32519,0.2353999999999985,13294,21082
rrsa,rrsa-0.5,64,2,periodic,700223,event,1835,903,932,0.89599609375,-0.01580381471389646,0.01580381471389646,1,0,22,29576,27741,0.2796999999999912,20127,9449
rrsa,rrsa-0.5,64,2,periodic,700224,event,1845,955,890,0.90087890625,0.03523035230352303,0.03523035230352303,1,0,15,40654,38809,0.26949999999999363,30846,9808
rrsa,rrsa-0.5,64,2,periodic,700225,event,1859,966,893,0.90771484375,0.0392684238838085,0.0392684238838085,1,0,6,35018,33159,0.24719999999999231,22622,12396
rrsa,rrsa-0.5,64,2,periodic,700226,event,1842,945,897,0.8994140625,0.026058631921824105,0.026058631921824105,1,0,19,27370,25528,0.3850000000000051,17770,9600
rrsa,rrsa-0.5,64,2,periodic,700227,event,1845,891,954,0.90087890625,-0.03414634146341464,0.03414634146341464,1,24,0,34002,32157,0.5164000000000044,9065,24937
rrsa,rrsa-0.5,64,2,periodic,700228,event,1853,950,903,0.90478515625,0.025364274150026983,0.025364274150026983,1,8,0,36891,35038,0.44489999999998986,13621,23270
rrsa,rrsa-0.5,64,2,periodic,700229,event,1854,936,918,0.9052734375,0.009708737864077669,0.009708737864077669,0,0,0,46497,44643,0.4808999999999912,29853,16644
rrsa,rrsa-0.5,64,2,periodic,700230,event,1850,921,929,0.9033203125,-0.004324324324324324,0.004324324324324324,1,2,0,45543,43693,0.4642999999999802,20726,24817
rrsa,rrsa-0.5,64,2,periodic,700231,event,1857,935,922,0.90673828125,0.007000538502961767,0.007000538502961767,1,3,0,43388,41531,0.5227999999999895,14320,29068
rrsa,rrsa-0.5,64,2,periodic,700232,event,1847,888,959,0.90185546875,-0.0384407146724418,0.0384407146724418,1,8,0,36708,34861,0.45189999999999486,12745,23963
rrsa,rrsa-0.5,64,2,periodic,700233,event,1844,943,901,0.900390625,0.0227765726681128,0.0227765726681128,1,11,0,30853,29009,0.46009999999998286,12547,18306
rrsa,rrsa-0.5,64,2,periodic,700234,event,1845,915,930,0.90087890625,-0.008130081300813009,0.008130081300813009,1,0,9,30426,28581,0.2640999999999849,20075,10351
rrsa,rrsa-0.5,64,2,periodic,700235,event,1847,953,894,0.90185546875,0.03194369247428262,0.03194369247428262,1,5,0,36165,34318,0.3727000000000089,12766,23399
rrsa,rrsa-0.5,64,2,periodic,700236,event,1826,908,918,0.8916015625,-0.00547645125958379,0.00547645125958379,1,0,29,35589,33763,0.26300000000000523,27562,8027
rrsa,rrsa-0.5,64,2,periodic,700237,event,1845,899,946,0.90087890625,-0.025474254742547425,0.025474254742547425,1,0,5,41277,39432,0.2499000000000251,26944,14333
rrsa,rrsa-0.5,64,2,periodic,700238,event,1852,928,924,0.904296875,0.0021598272138228943,0.0021598272138228943,1,0,14,27813,25961,0.2658999999999878,17620,10193
rrsa,rrsa-0.5,64,2,periodic,700239,event,1851,930,921,0.90380859375,0.004862236628849271,0.004862236628849271,1,0,14,39580,37729,0.26729999999997744,26631,12949
rrsa,rrsa-0.5,64,2,periodic,700240,event,1857,901,956,0.90673828125,-0.029617662897145933,0.029617662897145933,0,0,0,71313,69456,0.25629999999998176,26884,44429
rrsa,rrsa-0.5,64,2,periodic,700241,event,1848,914,934,0.90234375,-0.010822510822510822,0.010822510822510822,1,0,13,27858,26010,0.2523999999999944,16720,11138
rrsa,rrsa-0.5,64,2,periodic,700242,event,1851,891,960,0.90380859375,-0.03727714748784441,0.03727714748784441,1,5,0,36688,34837,0.3031000000000006,16079,20609
rrsa,rrsa-0.5,64,2,periodic,700243,event,1839,891,948,0.89794921875,-0.03099510603588907,0.03099510603588907,1,7,0,35407,33568,0.34729999999998995,12602,22805
rrsa,rrsa-0.5,64,2,periodic,700244,event,1837,949,888,0.89697265625,0.03320631464344039,0.03320631464344039,1,16,0,39584,37747,0.27309999999999945,9672,29912
rrsa,rrsa-0.5,64,2,periodic,700245,event,1857,905,952,0.90673828125,-0.025309639203015617,0.025309639203015617,1,3,0,33971,32114,0.2933000000000163,14942,19029
rrsa,rrsa-0.5,64,2,periodic,700246,event,1852,949,903,0.904296875,0.024838012958963283,0.024838012958963283,1,0,4,44554,42702,0.2768000000000086,28658,15896
rrsa,rrsa-0.5,64,2,periodic,700247,event,1827,890,937,0.89208984375,-0.025725232621784347,0.025725232621784347,1,0,16,32459,30632,0.2832000000000221,21218,11241
rrsa,rrsa-0.5,64,2,periodic,700248,event,1852,927,925,0.904296875,0.0010799136069114472,0.0010799136069114472,1,10,0,31815,29963,0.24969999999999004,10245,21570
rrsa,rrsa-0.5,64,2,periodic,700249,event,1830,903,927,0.8935546875,-0.013114754098360656,0.013114754098360656,1,24,0,31764,29934,0.27729999999999677,8538,23226
rrsa,rrsa-0.5,64,2,periodic,700250,event,1849,950,899,0.90283203125,0.027582477014602487,0.027582477014602487,1,5,0,40501,38652,0.2510000000000048,15904,24597
rrsa,rrsa-0.5,64,2,periodic,700251,event,1830,943,887,0.8935546875,0.030601092896174863,0.030601092896174863,1,16,0,37215,35385,0.27309999999999945,10947,26268
rrsa,rrsa-0.5,64,2,periodic,700252,event,1818,905,913,0.8876953125,-0.0044004400440044,0.0044004400440044,1,0,32,31715,29897,0.24139999999999873,24487,7228
rrsa,rrsa-0.5,64,2,periodic,700253,event,1843,921,922,0.89990234375,-0.0005425935973955507,0.0005425935973955507,1,0,6,33612,31769,0.24600000000000932,18833,14779
rrsa,rrsa-0.5,64,2,periodic,700254,event,1860,919,941,0.908203125,-0.011827956989247311,0.011827956989247311,1,0,4,36034,34174,0.2487000000000137,18782,17252
rrsa,rrsa-0.5,64,2,periodic,700255,event,1852,955,897,0.904296875,0.03131749460043196,0.03131749460043196,1,0,11,33528,31676,0.2709000000000117,21743,11785
rrsa,rrsa-0.5,64,2,periodic,700256,event,1828,930,898,0.892578125,0.0175054704595186,0.0175054704595186,1,0,33,43043,41215,0.2412999999999954,35403,7640
rrsa,rrsa-0.5,64,2,periodic,700257,event,1831,895,936,0.89404296875,-0.02239213544511196,0.02239213544511196,1,25,0,26994,25163,0.24549999999999272,8479,18515
rrsa,rrsa-0.5,64,2,periodic,700258,event,1837,908,929,0.89697265625,-0.011431682090364725,0.011431682090364725,0,0,0,52663,50826,0.3158999999999992,27649,25014
rrsa,rrsa-0.5,64,2,periodic,700259,event,1832,920,912,0.89453125,0.004366812227074236,0.004366812227074236,1,0,35,27557,25725,0.26899999999997704,19043,8514
rrsa,rrsa-0.5,64,2,periodic,700260,event,1860,917,943,0.908203125,-0.013978494623655914,0.013978494623655914,1,1,0,33991,32131,0.24219999999999686,17867,16124
rrsa,rrsa-0.5,64,2,periodic,700261,event,1846,938,908,0.9013671875,0.016251354279523293,0.016251354279523293,1,0,20,38839,36993,0.24309999999999832,29537,9302
rrsa,rrsa-0.5,64,2,periodic,700262,event,1860,953,907,0.908203125,0.024731182795698924,0.024731182795698924,1,0,7,40300,38440,0.24289999999999168,26883,13417
rrsa,rrsa-0.5,64,2,periodic,700263,event,1832,947,885,0.89453125,0.03384279475982533,0.03384279475982533,1,26,0,29771,27939,0.25970000000000937,8422,21349
rrsa,rrsa-0.5,64,2,periodic,700264,event,1858,972,886,0.9072265625,0.04628632938643703,0.04628632938643703,1,4,0,42335,40477,0.2412999999999954,16127,26208
rrsa,rrsa-0.5,64,2,periodic,700265,event,1844,886,958,0.900390625,-0.039045553145336226,0.039045553145336226,1,4,0,29291,27447,0.28539999999998145,12352,16939
rrsa,rrsa-0.5,64,2,periodic,700266,event,1836,906,930,0.896484375,-0.013071895424836602,0.013071895424836602,1,0,17,40569,38733,0.24139999999999873,29969,10600
rrsa,rrsa-0.5,64,2,periodic,700267,event,1844,919,925,0.900390625,-0.0032537960954446853,0.0032537960954446853,1,16,0,32985,31141,0.2623999999999853,10162,22823
rrsa,rrsa-0.5,64,2,periodic,700268,event,1840,909,931,0.8984375,-0.011956521739130435,0.011956521739130435,1,0,12,33139,31299,0.23810000000000286,23851,9288
rrsa,rrsa-0.5,64,2,periodic,700269,event,1865,908,957,0.91064453125,-0.026273458445040216,0.026273458445040216,1,8,0,33860,31995,0.4154000000000053,15223,18637
rrsa,rrsa-0.5,64,2,periodic,700270,event,1844,931,913,0.900390625,0.009761388286334056,0.009761388286334056,1,17,0,30133,28289,0.43679999999997676,9760,20373
rrsa,rrsa-0.5,64,2,periodic,700271,event,1829,947,882,0.89306640625,0.035538545653362494,0.035538545653362494,1,26,0,31068,29239,0.28520000000000323,8536,22532
rrsa,rrsa-0.5,64,2,periodic,700272,event,1827,937,890,0.89208984375,0.025725232621784347,0.025725232621784347,1,9,0,30640,28813,0.25619999999997844,10317,20323
rrsa,rrsa-0.5,64,2,periodic,700273,event,1853,922,931,0.90478515625,-0.004856988667026443,0.004856988667026443,1,0,21,30044,28191,0.24430000000000973,19364,10680
rrsa,rrsa-0.5,64,2,periodic,700274,event,1846,950,896,0.9013671875,0.02925243770314193,0.02925243770314193,1,0,13,33413,31567,0.26499999999998636,22738,10675
rrsa,rrsa-0.5,64,2,periodic,700275,event,1835,916,919,0.89599609375,-0.0016348773841961854,0.0016348773841961854,1,0,22,32764,30929,0.27609999999998536,23382,9382
rrsa,rrsa-0.5,64,2,periodic,700276,event,1846,929,917,0.9013671875,0.0065005417118093175,0.0065005417118093175,1,0,8,39064,37218,0.25629999999998176,27315,11749
rrsa,rrsa-0.5,64,2,periodic,700277,event,1826,918,908,0.8916015625,0.00547645125958379,0.00547645125958379,1,0,30,35379,33553,0.32920000000001437,27697,7682
rrsa,rrsa-0.5,64,2,periodic,700278,event,1853,891,962,0.90478515625,-0.03831624392876417,0.03831624392876417,1,0,13,36534,34681,0.42609999999999104,24835,11699
rrsa,rrsa-0.5,64,2,periodic,700279,event,1853,911,942,0.90478515625,-0.01672962763086886,0.01672962763086886,1,3,0,43200,41347,0.3071000000000197,20738,22462
rrsa,rrsa-0.5,64,2,periodic,700280,event,1855,919,936,0.90576171875,-0.009164420485175202,0.009164420485175202,0,0,0,48886,47031,0.2817000000000007,21944,26942
rrsa,rrsa-0.5,64,2,periodic,700281,event,1857,986,871,0.90673828125,0.06192784060312332,0.06192784060312332,1,0,3,45952,44095,0.2435999999999865,28840,17112
rrsa,rrsa-0.5,64,2,periodic,700282,event,1855,895,960,0.90576171875,-0.03504043126684636,0.03504043126684636,1,0,11,31357,29502,0.2476000000000056,21093,10264
rrsa,rrsa-0.5,64,2,periodic,700283,event,1852,928,924,0.904296875,0.0021598272138228943,0.0021598272138228943,1,1,0,44641,42789,0.35370000000000346,24068,20573
rrsa,rrsa-0.5,64,2,periodic,700284,event,1856,934,922,0.90625,0.00646551724137931,0.00646551724137931,1,0,2,30563,28707,0.3358000000000061,13416,17147
rrsa,rrsa-0.5,64,2,periodic,700285,event,1853,946,907,0.90478515625,0.021046950890447922,0.021046950890447922,1,3,0,36650,34797,0.3289000000000044,15490,21160
rrsa,rrsa-0.5,64,2,periodic,700286,event,1852,928,924,0.904296875,0.0021598272138228943,0.0021598272138228943,1,10,0,34062,32210,0.3277999999999963,12667,21395
rrsa,rrsa-0.5,64,2,periodic,700287,event,1868,903,965,0.912109375,-0.033190578158458245,0.033190578158458245,0,0,0,53382,51514,0.3651999999999873,20874,32508
rrsa,rrsa-0.5,64,2,periodic,700288,event,1851,936,915,0.90380859375,0.011345218800648298,0.011345218800648298,0,0,0,40514,38663,0.34410000000002583,18796,21718
rrsa,rrsa-0.5,64,2,periodic,700289,event,1841,933,908,0.89892578125,0.013579576317218903,0.013579576317218903,1,0,10,44897,43056,0.33449999999999136,31262,13635
rrsa,rrsa-0.5,64,2,periodic,700290,event,1835,865,970,0.89599609375,-0.05722070844686648,0.05722070844686648,1,17,0,31292,29457,0.28600000000000136,9791,21501
rrsa,rrsa-0.5,64,2,periodic,700291,event,1858,963,895,0.9072265625,0.03659849300322928,0.03659849300322928,1,0,10,33720,31862,0.34839999999999804,21871,11849
rrsa,rrsa-0.5,64,2,periodic,700292,event,1824,913,911,0.890625,0.0010964912280701754,0.0010964912280701754,1,13,0,30776,28952,0.27959999999998786,11901,18875
rrsa,rrsa-0.5,64,2,periodic,700293,event,1856,934,922,0.90625,0.00646551724137931,0.00646551724137931,1,10,0,38883,37027,0.24750000000000227,13755,25128
rrsa,rrsa-0.5,64,2,periodic,700294,event,1856,925,931,0.90625,-0.003232758620689655,0.003232758620689655,1,0,2,33089,31233,0.2442000000000064,15936,17153
rrsa,rrsa-0.5,64,2,periodic,700295,event,1843,925,918,0.89990234375,0.0037981551817688553,0.0037981551817688553,1,26,0,27945,26102,0.2668999999999926,8527,19418
rrsa,rrsa-0.5,64,2,periodic,700296,event,1852,923,929,0.904296875,-0.0032397408207343412,0.0032397408207343412,1,1,0,58850,56998,0.2411000000000172,33381,25469
rrsa,rrsa-0.5,64,2,periodic,700297,event,1836,920,916,0.896484375,0.002178649237472767,0.002178649237472767,1,0,15,28698,26862,0.24209999999999354,19545,9153
rrsa,rrsa-0.5,64,2,periodic,700298,event,1836,914,922,0.896484375,-0.004357298474945534,0.004357298474945534,1,12,0,29770,27934,0.24330000000000496,13141,16629
rrsa,rrsa-0.5,64,2,periodic,700299,event,1834,932,902,0.8955078125,0.016357688113413305,0.016357688113413305,1,0,8,35202,33368,0.25909999999998945,23366,11836
rrsa,rrsa-0.5,64,2,periodic,700300,event,1823,926,897,0.89013671875,0.015907844212835986,0.015907844212835986,1,0,37,28086,26263,0.23900000000000432,20946,7140
rrsa,rrsa-0.5,64,2,periodic,700301,event,1844,933,911,0.900390625,0.01193058568329718,0.01193058568329718,1,0,12,35785,33941,0.2569000000000017,24801,10984
rrsa,rrsa-0.5,64,2,periodic,700302,event,1848,931,917,0.90234375,0.007575757575757576,0.007575757575757576,1,0,19,34236,32388,0.26849999999998886,22503,11733
rrsa,rrsa-0.5,64,2,periodic,700303,event,1847,856,991,0.90185546875,-0.07309149972929074,0.07309149972929074,1,15,0,38257,36410,0.3305000000000007,9391,28866
rrsa,rrsa-0.5,64,2,periodic,700304,event,1831,942,889,0.89404296875,0.02894593118514473,0.02894593118514473,1,0,27,34265,32434,0.2506000000000199,26932,7333
rrsa,rrsa-0.5,64,2,periodic,700305,event,1857,908,949,0.90673828125,-0.02207862143241788,0.02207862143241788,1,0,3,42235,40378,0.24450000000001637,23837,18398
rrsa,rrsa-0.5,64,2,periodic,700306,event,1833,905,928,0.89501953125,-0.012547735951991271,0.012547735951991271,1,19,0,36587,34754,0.24399999999999977,11345,25242
rrsa,rrsa-0.5,64,2,periodic,700307,event,1856,927,929,0.90625,-0.0010775862068965517,0.0010775862068965517,1,0,3,35078,33222,0.2650999999999897,17369,17709
rrsa,rrsa-0.5,64,2,periodic,700308,event,1838,902,936,0.8974609375,-0.018498367791077257,0.018498367791077257,1,0,16,30435,28597,0.24270000000001346,20720,9715
rrsa,rrsa-0.5,64,2,periodic,700309,event,1827,916,911,0.89208984375,0.002736726874657909,0.002736726874657909,1,25,0,33753,31926,0.25139999999998963,8412,25341
rrsa,rrsa-0.5,64,2,periodic,700310,event,1855,950,905,0.90576171875,0.02425876010781671,0.02425876010781671,1,8,0,40079,38224,0.24680000000000746,14492,25587
rrsa,rrsa-0.5,64,2,periodic,700311,event,1848,937,911,0.90234375,0.01406926406926407,0.01406926406926407,1,0,6,36885,35037,0.3077999999999861,26609,10276
rrsa,rrsa-0.5,64,2,periodic,700312,event,1854,944,910,0.9052734375,0.018338727076591153,0.018338727076591153,1,14,0,26597,24743,0.24349999999998317,10912,15685
rrsa,rrsa-0.5,64,2,periodic,700313,event,1857,918,939,0.90673828125,-0.011308562197092083,0.011308562197092083,1,0,14,29831,27974,0.24280000000001678,18724,11107
rrsa,rrsa-0.5,64,2,periodic,700314,event,1843,919,924,0.89990234375,-0.0027129679869777536,0.0027129679869777536,1,0,15,25362,23519,0.2412999999999954,14538,10824
rrsa,rrsa-0.5,64,2,periodic,700315,event,1834,934,900,0.8955078125,0.018538713195201745,0.018538713195201745,1,0,28,28696,26862,0.2726999999999862,20125,8571
rrsa,rrsa-0.5,64,2,periodic,700316,event,1840,896,944,0.8984375,-0.02608695652173913,0.02608695652173913,1,24,0,35654,33814,0.2477000000000089,7858,27796
rrsa,rrsa-0.5,64,2,periodic,700317,event,1831,888,943,0.89404296875,-0.030038230475150193,0.030038230475150193,1,18,0,43808,41977,0.2557999999999936,9159,34649
rrsa,rrsa-0.5,64,2,periodic,700318,event,1853,946,907,0.90478515625,0.021046950890447922,0.021046950890447922,1,9,0,37962,36109,0.2826000000000022,11120,26842
rrsa,rrsa-0.5,64,2,periodic,700319,event,1859,908,951,0.90771484375,-0.023130715438407747,0.023130715438407747,1,3,0,34516,32657,0.26890000000000214,15176,19340
rrsa,rrsa-0.5,64,2,periodic,700320,event,1832,863,969,0.89453125,-0.05786026200873363,0.05786026200873363,1,19,0,32754,30922,0.24029999999999063,10611,22143
rrsa,rrsa-0.5,64,2,periodic,700321,event,1862,935,927,0.9091796875,0.004296455424274973,0.004296455424274973,1,5,0,37302,35440,0.23829999999998108,15700,21602
rrsa,rrsa-0.5,64,2,periodic,700322,event,1834,916,918,0.8955078125,-0.0010905125408942203,0.0010905125408942203,1,0,29,26303,24469,0.25260000000000105,16935,9368
rrsa,rrsa-0.5,64,2,periodic,700323,event,1849,903,946,0.90283203125,-0.023255813953488372,0.023255813953488372,1,13,0,35585,33736,0.24619999999998754,11448,24137
rrsa,rrsa-0.5,64,2,periodic,700324,event,1829,919,910,0.89306640625,0.004920721705850191,0.004920721705850191,1,4,0,39069,37240,0.2296000000000049,17163,21906
rrsa,rrsa-0.5,64,2,periodic,700325,event,1834,932,902,0.8955078125,0.016357688113413305,0.016357688113413305,1,0,23,29142,27308,0.227800000000002,20275,8867
rrsa,rrsa-0.5,64,2,periodic,700326,event,1850,883,967,0.9033203125,-0.04540540540540541,0.04540540540540541,1,0,7,30257,28407,0.22170000000002688,16339,13918
rrsa,rrsa-0.5,64,2,periodic,700327,event,1844,895,949,0.900390625,-0.02928416485900217,0.02928416485900217,1,0,13,36230,34386,0.23599999999999,24698,11532
rrsa,rrsa-0.5,64,2,periodic,700328,event,1819,897,922,0.88818359375,-0.013743815283122594,0.013743815283122594,1,29,0,39919,38100,0.22870000000000346,7736,32183
rrsa,rrsa-0.5,64,2,periodic,700329,event,1841,899,942,0.89892578125,-0.023356871265616513,0.023356871265616513,1,0,22,33614,31773,0.2296000000000049,25120,8494
rrsa,rrsa-0.5,64,2,periodic,700330,event,1854,919,935,0.9052734375,-0.008629989212513484,0.008629989212513484,1,3,0,60132,58278,0.22280000000000655,16094,44038
rrsa,rrsa-0.5,64,2,periodic,700331,event,1856,914,942,0.90625,-0.015086206896551725,0.015086206896551725,0,0,0,40261,38405,0.24459999999999127,16911,23350
rrsa,rrsa-0.5,64,2,periodic,700332,event,1848,936,912,0.90234375,0.012987012987012988,0.012987012987012988,1,0,7,43685,41837,0.22820000000001528,33799,9886
rrsa,rrsa-0.5,64,2,periodic,700333,event,1863,940,923,0.90966796875,0.00912506709608159,0.00912506709608159,1,4,0,41729,39866,0.23910000000000764,17695,24034
rrsa,rrsa-0.5,64,2,periodic,700334,event,1845,942,903,0.90087890625,0.02113821138211382,0.02113821138211382,1,24,0,31366,29521,0.241800000000012,9948,21418
rrsa,rrsa-0.5,64,2,periodic,700335,event,1849,941,908,0.90283203125,0.017847485127095726,0.017847485127095726,1,17,0,28475,26626,0.2516999999999996,9860,18615
rrsa,rrsa-0.5,64,2,periodic,700336,event,1849,912,937,0.90283203125,-0.01352082206598161,0.01352082206598161,1,0,15,32337,30488,0.22450000000000614,21474,10863
rrsa,rrsa-0.5,64,2,periodic,700337,event,1851,927,924,0.90380859375,0.0016207455429497568,0.0016207455429497568,1,0,5,35027,33176,0.23069999999998458,20059,14968
rrsa,rrsa-0.5,64,2,periodic,700338,event,1847,932,915,0.90185546875,0.009204114780725501,0.009204114780725501,1,0,10,32805,30958,0.22270000000000323,20136,12669
rrsa,rrsa-0.5,64,2,periodic,700339,event,1855,941,914,0.90576171875,0.014555256064690027,0.014555256064690027,1,0,4,48407,46552,0.2424000000000035,34744,13663
rrsa,rrsa-0.5,64,2,periodic,700340,event,1840,948,892,0.8984375,0.030434782608695653,0.030434782608695653,1,0,8,34814,32974,0.22169999999999845,22635,12179
rrsa,rrsa-0.5,64,2,periodic,700341,event,1851,906,945,0.90380859375,-0.02106969205834684,0.02106969205834684,1,1,0,34669,32818,0.25509999999999877,17745,16924
rrsa,rrsa-0.5,64,2,periodic,700342,event,1828,941,887,0.892578125,0.02954048140043764,0.02954048140043764,1,30,0,33233,31405,0.245900000000006,8166,25067
rrsa,rrsa-0.5,64,2,periodic,700343,event,1841,948,893,0.89892578125,0.029875067897881587,0.029875067897881587,1,3,0,41006,39165,0.2644000000000233,19904,21102
rrsa,rrsa-0.5,64,2,periodic,700344,event,1862,920,942,0.9091796875,-0.011815252416756176,0.011815252416756176,0,0,0,38081,36219,0.24109999999998877,16002,22079
rrsa,rrsa-0.5,64,2,periodic,700345,event,1868,928,940,0.912109375,-0.006423982869379015,0.006423982869379015,1,0,7,39728,37860,0.25260000000000105,24722,15006
rrsa,rrsa-0.5,64,2,periodic,700346,event,1861,942,919,0.90869140625,0.012358946802794197,0.012358946802794197,0,0,0,55299,53438,0.2571000000000083,31549,23750
rrsa,rrsa-0.5,64,2,periodic,700347,event,1849,943,906,0.90283203125,0.020010816657652784,0.020010816657652784,1,0,4,54532,52683,0.2669999999999959,40554,13978
rrsa,rrsa-0.5,64,2,periodic,700348,event,1853,928,925,0.90478515625,0.0016189962223421479,0.0016189962223421479,1,4,0,32855,31002,0.2424000000000035,15441,17414
rrsa,rrsa-0.5,64,2,periodic,700349,event,1846,938,908,0.9013671875,0.016251354279523293,0.016251354279523293,1,0,4,36644,34798,0.2406000000000006,21913,14731
rrsa,rrsa-0.5,64,2,periodic,700350,event,1851,918,933,0.90380859375,-0.008103727714748784,0.008103727714748784,1,0,11,34492,32641,0.24280000000001678,23497,10995
rrsa,rrsa-0.5,64,2,periodic,700351,event,1846,929,917,0.9013671875,0.0065005417118093175,0.0065005417118093175,1,0,22,33642,31796,0.2518000000000029,24512,9130
rrsa,rrsa-0.5,64,2,periodic,700352,event,1861,963,898,0.90869140625,0.03492745835572273,0.03492745835572273,1,0,7,39448,37587,0.23259999999999081,26642,12806
rrsa,rrsa-0.5,64,2,periodic,700353,event,1852,908,944,0.904296875,-0.019438444924406047,0.019438444924406047,1,11,0,40917,39065,0.2330000000000041,12007,28910
rrsa,rrsa-0.5,64,2,periodic,700354,event,1850,913,937,0.9033203125,-0.012972972972972972,0.012972972972972972,1,0,4,32584,30734,0.25320000000002096,16305,16279
rrsa,rrsa-0.5,64,2,periodic,700355,event,1861,934,927,0.90869140625,0.0037614185921547557,0.0037614185921547557,1,0,13,30103,28242,0.2576999999999998,19650,10453
rrsa,rrsa-0.5,64,2,periodic,700356,event,1856,890,966,0.90625,-0.040948275862068964,0.040948275862068964,1,0,6,35414,33558,0.2452000000000112,23690,11724
rrsa,rrsa-0.5,64,2,periodic,700357,event,1853,943,910,0.90478515625,0.017808958445763627,0.017808958445763627,1,0,8,45164,43311,0.231899999999996,31029,14135
rrsa,rrsa-0.5,64,2,periodic,700358,event,1828,902,926,0.892578125,-0.01312910284463895,0.01312910284463895,1,16,0,33091,31263,0.23060000000000969,8628,24463
rrsa,rrsa-0.5,64,2,periodic,700359,event,1844,933,911,0.900390625,0.01193058568329718,0.01193058568329718,1,18,0,29459,27615,0.24379999999999313,9860,19599
rrsa,rrsa-0.5,64,2,periodic,700360,event,1845,929,916,0.90087890625,0.007046070460704607,0.007046070460704607,1,0,11,36560,34715,0.22009999999997376,23397,13163
rrsa,rrsa-0.5,64,2,periodic,700361,event,1866,933,933,0.9111328125,0,0,1,0,1,37778,35912,0.23320000000001073,21469,16309
rrsa,rrsa-0.5,64,2,periodic,700362,event,1852,895,957,0.904296875,-0.03347732181425486,0.03347732181425486,1,0,10,37802,35950,2.133100000000013,24997,12805
rrsa,rrsa-0.5,64,2,periodic,700363,event,1858,927,931,0.9072265625,-0.002152852529601722,0.002152852529601722,1,1,0,36677,34819,0.2641000000000133,14723,21954
rrsa,rrsa-0.5,64,2,periodic,700364,event,1830,911,919,0.8935546875,-0.004371584699453552,0.004371584699453552,1,26,0,32924,31094,0.23969999999999914,10051,22873
rrsa,rrsa-0.5,64,2,periodic,700365,event,1854,928,926,0.9052734375,0.0010787486515641855,0.0010787486515641855,1,13,0,36166,34312,0.35720000000000596,10995,25171
rrsa,rrsa-0.5,64,2,periodic,700366,event,1814,917,897,0.8857421875,0.011025358324145534,0.011025358324145534,1,0,25,25342,23528,0.3526999999999987,16722,8620
rrsa,rrsa-0.5,64,2,periodic,700367,event,1856,922,934,0.90625,-0.00646551724137931,0.00646551724137931,1,0,5,37549,35693,0.4598999999999762,21082,16467
rrsa,rrsa-0.5,64,2,periodic,700368,event,1844,893,951,0.900390625,-0.031453362255965296,0.031453362255965296,1,16,0,41929,40085,0.4678000000000111,10293,31636
rrsa,rrsa-0.5,64,2,periodic,700369,event,1847,948,899,0.90185546875,0.026529507309149974,0.026529507309149974,1,7,0,42426,40579,0.2804999999999893,12465,29961
rrsa,rrsa-0.5,64,2,periodic,700370,event,1849,915,934,0.90283203125,-0.010275824770146024,0.010275824770146024,1,0,6,37402,35553,0.24859999999998195,23227,14175
rrsa,rrsa-0.5,64,2,periodic,700371,event,1851,920,931,0.90380859375,-0.005942733657482442,0.005942733657482442,1,2,0,42339,40488,0.24379999999999313,17035,25304
rrsa,rrsa-0.5,64,2,periodic,700372,event,1856,938,918,0.90625,0.010775862068965518,0.010775862068965518,1,1,0,46937,45081,0.23069999999998458,17595,29342
rrsa,rrsa-0.5,64,2,periodic,700373,event,1845,947,898,0.90087890625,0.026558265582655827,0.026558265582655827,1,2,0,39733,37888,0.22889999999998167,13092,26641
rrsa,rrsa-0.5,64,2,periodic,700374,event,1835,922,913,0.89599609375,0.004904632152588556,0.004904632152588556,1,10,0,32334,30499,0.25970000000000937,12345,19989
rrsa,rrsa-0.5,64,2,periodic,700375,event,1838,900,938,0.8974609375,-0.020674646354733407,0.020674646354733407,1,13,0,30166,28328,0.2296000000000049,10838,19328
rrsa,rrsa-0.5,64,2,periodic,700376,event,1860,940,920,0.908203125,0.010752688172043012,0.010752688172043012,1,2,0,43276,41416,0.23900000000000432,25061,18215
rrsa,rrsa-0.5,64,2,periodic,700377,event,1861,963,898,0.90869140625,0.03492745835572273,0.03492745835572273,0,0,0,38870,37009,0.2571000000000083,19175,19695
rrsa,rrsa-0.5,64,2,periodic,700378,event,1840,961,879,0.8984375,0.04456521739130435,0.04456521739130435,1,0,8,31040,29200,0.2401999999999873,19922,11118
rrsa,rrsa-0.5,64,2,periodic,700379,event,1847,921,926,0.90185546875,-0.0027070925825663237,0.0027070925825663237,1,21,0,28511,26664,0.2412999999999954,8809,19702
rrsa,rrsa-0.5,64,2,periodic,700380,event,1853,912,941,0.90478515625,-0.015650296815974095,0.015650296815974095,1,1,0,41480,39627,0.24039999999999395,22426,19054
rrsa,rrsa-0.5,64,2,periodic,700381,event,1845,904,941,0.90087890625,-0.02005420054200542,0.02005420054200542,1,0,4,34720,32875,0.25319999999999254,23681,11039
rrsa,rrsa-0.5,64,2,periodic,700382,event,1859,925,934,0.90771484375,-0.004841312533620226,0.004841312533620226,0,0,0,41614,39755,0.24179999999998358,21550,20064
rrsa,rrsa-0.5,64,2,periodic,700383,event,1853,908,945,0.90478515625,-0.019967620075553156,0.019967620075553156,1,7,0,42057,40204,0.2442999999999813,12840,29217
rrsa,rrsa-0.5,64,2,periodic,700384,event,1857,939,918,0.90673828125,0.011308562197092083,0.011308562197092083,1,5,0,32937,31080,0.2477999999999838,15353,17584
rrsa,rrsa-0.5,64,2,periodic,700385,event,1857,927,930,0.90673828125,-0.0016155088852988692,0.0016155088852988692,1,8,0,36424,34567,0.25039999999998486,11340,25084
rrsa,rrsa-0.5,64,2,periodic,700386,event,1850,900,950,0.9033203125,-0.02702702702702703,0.02702702702702703,1,5,0,47692,45842,0.241800000000012,15160,32532
rrsa,rrsa-0.5,64,2,periodic,700387,event,1850,922,928,0.9033203125,-0.003243243243243243,0.003243243243243243,1,0,11,46095,44245,0.24320000000000164,34199,11896
rrsa,rrsa-0.5,64,2,periodic,700388,event,1841,929,912,0.89892578125,0.009234111895708854,0.009234111895708854,1,0,20,28960,27119,0.24440000000001305,20230,8730
rrsa,rrsa-0.5,64,2,periodic,700389,event,1848,953,895,0.90234375,0.031385281385281384,0.031385281385281384,1,0,14,29118,27270,0.2598000000000127,18162,10956
rrsa,rrsa-0.5,64,2,periodic,700390,event,1844,920,924,0.900390625,-0.0021691973969631237,0.0021691973969631237,1,36,0,36370,34526,0.242999999999995,8671,27699
rrsa,rrsa-0.5,64,2,periodic,700391,event,1854,934,920,0.9052734375,0.007551240560949299,0.007551240560949299,1,1,0,36249,34395,0.24389999999999645,19648,16601
rrsa,rrsa-0.5,64,2,periodic,700392,event,1848,905,943,0.90234375,-0.020562770562770564,0.020562770562770564,1,0,3,30858,29010,0.26770000000001914,15973,14885
rrsa,rrsa-0.5,64,2,periodic,700393,event,1829,881,948,0.89306640625,-0.036632039365773646,0.036632039365773646,1,27,0,26735,24906,0.39850000000001273,9232,17503
rrsa,rrsa-0.5,64,2,periodic,700394,event,1848,897,951,0.90234375,-0.02922077922077922,0.02922077922077922,1,0,13,31658,29810,0.44769999999999754,20223,11435
rrsa,rrsa-0.5,64,2,periodic,700395,event,1841,941,900,0.89892578125,0.022270505160239002,0.022270505160239002,1,18,0,28558,26717,0.4370000000000118,9652,18906
rrsa,rrsa-0.5,64,2,periodic,700396,event,1857,920,937,0.90673828125,-0.009154550350026925,0.009154550350026925,1,11,0,39060,37203,0.3546999999999798,13386,25674
rrsa,rrsa-0.5,64,2,periodic,700397,event,1851,917,934,0.90380859375,-0.009184224743381956,0.009184224743381956,1,0,5,37953,36102,0.282100000000014,23346,14607
rrsa,rrsa-0.5,64,2,periodic,700398,event,1850,916,934,0.9033203125,-0.00972972972972973,0.00972972972972973,1,17,0,34820,32970,0.23340000000001737,10089,24731
rrsa,rrsa-0.5,64,2,periodic,700399,event,1838,933,905,0.8974609375,0.015233949945593036,0.015233949945593036,1,0,16,36587,34749,0.2406000000000006,26774,9813
rrsa,rrsa-0.5,64,2,periodic,700400,event,1862,978,884,0.9091796875,0.050483351235230935,0.050483351235230935,1,3,0,42323,40461,0.245900000000006,17930,24393
rrsa,rrsa-0.5,64,2,periodic,700401,event,1836,945,891,0.896484375,0.029411764705882353,0.029411764705882353,1,7,0,30205,28369,0.2604999999999791,12725,17480
rrsa,rrsa-0.5,64,2,periodic,700402,event,1845,918,927,0.90087890625,-0.004878048780487805,0.004878048780487805,1,0,11,34839,32994,0.24710000000001742,22014,12825
rrsa,rrsa-0.5,64,2,periodic,700403,event,1849,925,924,0.90283203125,0.0005408328826392645,0.0005408328826392645,1,0,2,43272,41423,0.25480000000001723,24601,18671
rrsa,rrsa-0.5,64,2,periodic,700404,event,1864,938,926,0.91015625,0.006437768240343348,0.006437768240343348,1,0,8,32710,30846,0.2483000000000004,19766,12944
rrsa,rrsa-0.5,64,2,periodic,700405,event,1860,922,938,0.908203125,-0.008602150537634409,0.008602150537634409,1,5,0,38748,36888,0.2750999999999806,17189,21559
rrsa,rrsa-0.5,64,2,periodic,700406,event,1844,868,976,0.900390625,-0.05856832971800434,0.05856832971800434,1,12,0,37576,35732,0.24719999999999231,10701,26875
rrsa,rrsa-0.5,64,2,periodic,700407,event,1842,937,905,0.8994140625,0.01737242128121607,0.01737242128121607,1,13,0,32687,30845,0.2435999999999865,10206,22481
rrsa,rrsa-0.5,64,2,periodic,700408,event,1849,923,926,0.90283203125,-0.0016224986479177934,0.0016224986479177934,1,0,4,48228,46379,0.2337999999999738,35892,12336
rrsa,rrsa-0.5,64,2,periodic,700409,event,1833,907,926,0.89501953125,-0.010365521003818877,0.010365521003818877,1,12,0,27681,25848,0.24989999999999668,10231,17450
rrsa,rrsa-0.5,64,2,periodic,700410,event,1854,926,928,0.9052734375,-0.0010787486515641855,0.0010787486515641855,1,0,10,29645,27791,0.2488999999999919,19098,10547
rrsa,rrsa-0.5,64,2,periodic,700411,event,1844,887,957,0.900390625,-0.03796095444685466,0.03796095444685466,1,9,0,37948,36104,0.2948999999999842,10769,27179
rrsa,rrsa-0.5,64,2,periodic,700412,event,1862,934,928,0.9091796875,0.00322234156820623,0.00322234156820623,1,0,5,44893,43031,0.2483000000000004,29903,14990
rrsa,rrsa-0.5,64,2,periodic,700413,event,1857,911,946,0.90673828125,-0.01884760366182014,0.01884760366182014,1,1,0,37299,35442,0.25739999999998986,19726,17573
rrsa,rrsa-0.5,64,2,periodic,700414,event,1847,940,907,0.90185546875,0.017866811044937737,0.017866811044937737,1,0,2,31478,29631,0.23560000000000514,17506,13972
rrsa,rrsa-0.5,64,2,periodic,700415,event,1843,935,908,0.89990234375,0.01465002712967987,0.01465002712967987,1,11,0,49998,48155,0.24230000000000018,10921,39077
rrsa,rrsa-0.5,64,2,periodic,700416,event,1860,926,934,0.908203125,-0.004301075268817204,0.004301075268817204,1,0,2,46317,44457,0.26720000000000255,30419,15898
rrsa,rrsa-0.5,64,2,periodic,700417,event,1834,934,900,0.8955078125,0.018538713195201745,0.018538713195201745,1,21,0,30623,28789,0.3126000000000033,10572,20051
rrsa,rrsa-0.5,64,2,periodic,700418,event,1863,971,892,0.90966796875,0.042404723564143855,0.042404723564143855,1,0,1,42370,40507,0.2635999999999967,24930,17440
rrsa,rrsa-0.5,64,2,periodic,700419,event,1843,923,920,0.89990234375,0.0016277807921866521,0.0016277807921866521,1,10,0,40926,39083,0.4801000000000215,11423,29503
rrsa,rrsa-0.5,64,2,periodic,700420,event,1833,894,939,0.89501953125,-0.024549918166939442,0.024549918166939442,1,0,22,27735,25902,0.46649999999999636,18341,9394
rrsa,rrsa-0.5,64,2,periodic,700421,event,1845,905,940,0.90087890625,-0.018970189701897018,0.018970189701897018,1,1,0,58504,56659,0.4918999999999869,19981,38523
rrsa,rrsa-0.5,64,2,periodic,700422,event,1841,942,899,0.89892578125,0.023356871265616513,0.023356871265616513,1,0,21,31105,29264,0.5092000000000212,20065,11040
rrsa,rrsa-0.5,64,2,periodic,700423,event,1827,896,931,0.89208984375,-0.019157088122605363,0.019157088122605363,1,19,0,30275,28448,1.731599999999986,8184,22091
rrsa,rrsa-0.5,64,2,periodic,700424,event,1837,901,936,0.89697265625,-0.01905280348394121,0.01905280348394121,1,30,0,32325,30488,0.4917000000000087,7831,24494
rrsa,rrsa-0.5,64,2,periodic,700425,event,1836,889,947,0.896484375,-0.03159041394335512,0.03159041394335512,1,17,0,32186,30350,1.2419999999999902,8679,23507
rrsa,rrsa-0.5,64,2,periodic,700426,event,1854,889,965,0.9052734375,-0.040992448759439054,0.040992448759439054,1,0,6,40915,39061,1.1645000000000039,26334,14581
rrsa,rrsa-0.5,64,2,periodic,700427,event,1834,916,918,0.8955078125,-0.0010905125408942203,0.0010905125408942203,1,22,0,36972,35138,0.6038000000000068,8896,28076
rrsa,rrsa-0.5,64,2,periodic,700428,event,1861,922,939,0.90869140625,-0.009134873723804407,0.009134873723804407,1,0,7,36272,34411,0.5637999999999863,23263,13009
rrsa,rrsa-0.5,64,2,periodic,700429,event,1837,940,897,0.89697265625,0.023407729994556342,0.023407729994556342,1,0,14,34883,33046,0.49049999999999727,24203,10680
rrsa,rrsa-0.5,64,2,periodic,700430,event,1845,912,933,0.90087890625,-0.011382113821138212,0.011382113821138212,1,10,0,36290,34445,0.40090000000000714,11201,25089
rrsa,rrsa-0.5,64,2,periodic,700431,event,1836,929,907,0.896484375,0.011982570806100218,0.011982570806100218,1,17,0,28840,27004,0.3918999999999926,9228,19612
rrsa,rrsa-0.5,64,2,periodic,700432,event,1854,923,931,0.9052734375,-0.004314994606256742,0.004314994606256742,0,0,0,52853,50999,0.38880000000000337,24733,28120
rrsa,rrsa-0.5,64,2,periodic,700433,event,1848,930,918,0.90234375,0.006493506493506494,0.006493506493506494,1,0,16,33359,31511,0.4544999999999959,23907,9452
rrsa,rrsa-0.5,64,2,periodic,700434,event,1849,921,928,0.90283203125,-0.0037858301784748512,0.0037858301784748512,1,0,11,31659,29810,0.39399999999997704,19726,11933
rrsa,rrsa-0.5,64,2,periodic,700435,event,1849,914,935,0.90283203125,-0.011357490535424553,0.011357490535424553,1,15,0,32559,30710,0.39390000000000214,9929,22630
rrsa,rrsa-0.5,64,2,periodic,700436,event,1865,939,926,0.91064453125,0.006970509383378016,0.006970509383378016,1,1,0,45954,44089,0.39740000000000464,21014,24940
rrsa,rrsa-0.5,64,2,periodic,700437,event,1858,912,946,0.9072265625,-0.01829924650161464,0.01829924650161464,1,3,0,38421,36563,0.44189999999997553,14422,23999
rrsa,rrsa-0.5,64,2,periodic,700438,event,1837,928,909,0.89697265625,0.010342950462710943,0.010342950462710943,1,24,0,40606,38769,0.38740000000001373,9448,31158
rrsa,rrsa-0.5,64,2,periodic,700439,event,1837,923,914,0.89697265625,0.004899292324442025,0.004899292324442025,1,0,18,31041,29204,0.3967999999999847,21151,9890
rrsa,rrsa-0.5,64,2,periodic,700440,event,1847,908,939,0.90185546875,-0.016783974011911208,0.016783974011911208,1,0,12,35489,33642,0.38290000000000646,23088,12401
rrsa,rrsa-0.5,64,2,periodic,700441,event,1839,942,897,0.89794921875,0.024469820554649267,0.024469820554649267,1,19,0,34256,32417,0.4247000000000014,8815,25441
rrsa,rrsa-0.5,64,2,periodic,700442,event,1848,916,932,0.90234375,-0.008658008658008658,0.008658008658008658,1,0,24,38337,36489,0.38990000000001146,29975,8362
rrsa,rrsa-0.5,64,2,periodic,700443,event,1850,970,880,0.9033203125,0.04864864864864865,0.04864864864864865,1,0,14,27697,25847,0.37469999999999004,19096,8601
rrsa,rrsa-0.5,64,2,periodic,700444,event,1830,897,933,0.8935546875,-0.019672131147540985,0.019672131147540985,1,0,23,28469,26639,0.4065999999999974,19511,8958
rrsa,rrsa-0.5,64,2,periodic,700445,event,1862,901,961,0.9091796875,-0.0322234156820623,0.0322234156820623,0,0,0,44813,42951,0.4276000000000124,17316,27497
rrsa,rrsa-0.5,64,2,periodic,700446,event,1837,906,931,0.89697265625,-0.013609145345672292,0.013609145345672292,1,13,0,34210,32373,0.3965000000000032,10953,23257
rrsa,rrsa-0.5,64,2,periodic,700447,event,1848,956,892,0.90234375,0.03463203463203463,0.03463203463203463,1,8,0,37039,35191,0.36909999999997467,12475,24564
rrsa,rrsa-0.5,64,2,periodic,700448,event,1857,918,939,0.90673828125,-0.011308562197092083,0.011308562197092083,1,0,11,30660,28803,0.37829999999999586,18804,11856
rrsa,rrsa-0.5,64,2,periodic,700449,event,1854,967,887,0.9052734375,0.043149946062567425,0.043149946062567425,1,0,7,28044,26190,0.4210999999999956,16684,11360
rrsa,rrsa-0.5,64,2,periodic,700450,event,1849,945,904,0.90283203125,0.022174148188209845,0.022174148188209845,1,9,0,35530,33681,0.37280000000001223,11563,23967
rrsa,rrsa-0.5,64,2,periodic,700451,event,1855,945,910,0.90576171875,0.018867924528301886,0.018867924528301886,1,3,0,41128,39273,0.3826999999999998,16602,24526
rrsa,rrsa-0.5,64,2,periodic,700452,event,1853,936,917,0.90478515625,0.01025364274150027,0.01025364274150027,0,0,0,42197,40344,0.3883000000000152,21523,20674
rrsa,rrsa-0.5,64,2,periodic,700453,event,1841,938,903,0.89892578125,0.019011406844106463,0.019011406844106463,1,0,5,38594,36753,0.29820000000000846,22363,16231
rrsa,rrsa-0.5,64,2,periodic,700454,event,1824,926,898,0.890625,0.015350877192982455,0.015350877192982455,1,17,0,48076,46252,0.24049999999999727,11259,36817
rrsa,rrsa-0.5,64,2,periodic,700455,event,1869,927,942,0.91259765625,-0.008025682182985553,0.008025682182985553,0,0,0,41978,40109,0.24559999999999604,24211,17767
rrsa,rrsa-0.5,64,2,periodic,700456,event,1850,903,947,0.9033203125,-0.023783783783783784,0.023783783783783784,1,5,0,41115,39265,0.29229999999998313,15151,25964
rrsa,rrsa-0.5,64,2,periodic,700457,event,1836,927,909,0.896484375,0.00980392156862745,0.00980392156862745,1,13,0,33374,31538,0.3370999999999924,9678,23696
rrsa,rrsa-0.5,64,2,periodic,700458,event,1859,953,906,0.90771484375,0.025282409897794515,0.025282409897794515,0,0,0,46783,44924,0.2586000000000013,27628,19155
rrsa,rrsa-0.5,64,2,periodic,700459,event,1822,912,910,0.8896484375,0.0010976948408342481,0.0010976948408342481,1,31,0,28543,26721,0.2546000000000106,8459,20084
rrsa,rrsa-0.5,64,2,periodic,700460,event,1849,911,938,0.90283203125,-0.014602487831260141,0.014602487831260141,1,5,0,37916,36067,0.24500000000000455,11671,26245
rrsa,rrsa-0.5,64,2,periodic,700461,event,1846,941,905,0.9013671875,0.01950162513542795,0.01950162513542795,1,14,0,35401,33555,0.2769000000000119,10154,25247
rrsa,rrsa-0.5,64,2,periodic,700462,event,1847,916,931,0.90185546875,-0.008121277747698972,0.008121277747698972,1,11,0,34608,32761,0.2577999999999747,11520,23088
rrsa,rrsa-0.5,64,2,periodic,700463,event,1834,912,922,0.8955078125,-0.0054525627044711015,0.0054525627044711015,1,0,24,28826,26992,0.24950000000001182,19112,9714
rrsa,rrsa-0.5,64,2,periodic,700464,event,1836,928,908,0.896484375,0.010893246187363835,0.010893246187363835,1,14,0,27933,26097,0.2446999999999946,9769,18164
rrsa,rrsa-0.5,64,2,periodic,700465,event,1833,876,957,0.89501953125,-0.044189852700491,0.044189852700491,1,13,0,37544,35711,0.26840000000001396,9114,28430
rrsa,rrsa-0.5,64,2,periodic,700466,event,1845,935,910,0.90087890625,0.013550135501355014,0.013550135501355014,1,0,6,33753,31908,0.2506999999999948,21114,12639
rrsa,rrsa-0.5,64,2,periodic,700467,event,1857,932,925,0.90673828125,0.003769520732364028,0.003769520732364028,1,1,0,36692,34835,0.2482000000000255,18121,18571
rrsa,rrsa-0.5,64,2,periodic,700468,event,1862,956,906,0.9091796875,0.02685284640171858,0.02685284640171858,0,0,0,58520,56658,0.2546999999999855,26696,31824
rrsa,rrsa-0.5,64,2,periodic,700469,event,1844,901,943,0.900390625,-0.0227765726681128,0.0227765726681128,1,0,5,30573,28729,0.2769000000000119,17653,12920
rrsa,rrsa-0.5,64,2,periodic,700470,event,1848,936,912,0.90234375,0.012987012987012988,0.012987012987012988,1,0,22,33526,31678,0.2587000000000046,25059,8467
rrsa,rrsa-0.5,64,2,periodic,700471,event,1846,937,909,0.9013671875,0.015167930660888408,0.015167930660888408,1,9,0,41361,39515,0.2745000000000175,13625,27736
rrsa,rrsa-0.5,64,2,periodic,700472,event,1871,944,927,0.91357421875,0.009086050240513094,0.009086050240513094,1,3,0,46389,44518,0.26269999999999527,14954,31435
rrsa,rrsa-0.5,64,2,periodic,700473,event,1856,1007,849,0.90625,0.08512931034482758,0.08512931034482758,1,1,0,39842,37986,0.2744999999999891,17156,22686
rrsa,rrsa-0.5,64,2,periodic,700474,event,1843,909,934,0.89990234375,-0.013564839934888768,0.013564839934888768,1,15,0,31731,29888,0.2524999999999977,10895,20836
rrsa,rrsa-0.5,64,2,periodic,700475,event,1823,918,905,0.89013671875,0.007131102578167855,0.007131102578167855,1,0,19,37742,35919,0.2481999999999971,28064,9678
rrsa,rrsa-0.5,64,2,periodic,700476,event,1861,961,900,0.90869140625,0.03277807630306287,0.03277807630306287,1,0,1,44600,42739,0.25270000000000437,26095,18505
rrsa,rrsa-0.5,64,2,periodic,700477,event,1852,943,909,0.904296875,0.0183585313174946,0.0183585313174946,1,4,0,39143,37291,0.2744000000000142,19002,20141
rrsa,rrsa-0.5,64,2,periodic,700478,event,1842,932,910,0.8994140625,0.011943539630836048,0.011943539630836048,1,0,2,41081,39239,0.24269999999998504,20097,20984
rrsa,rrsa-0.5,64,2,periodic,700479,event,1850,920,930,0.9033203125,-0.005405405405405406,0.005405405405405406,1,16,0,37184,35334,0.2518000000000029,9872,27312
rrsa,rrsa-0.5,64,2,periodic,700480,event,1846,947,899,0.9013671875,0.02600216684723727,0.02600216684723727,1,0,15,42236,40390,0.24309999999999832,30453,11783
rrsa,rrsa-0.5,64,2,periodic,700481,event,1844,933,911,0.900390625,0.01193058568329718,0.01193058568329718,1,14,0,28058,26214,0.2785000000000082,10247,17811
rrsa,rrsa-0.5,64,2,periodic,700482,event,1833,881,952,0.89501953125,-0.03873431533006001,0.03873431533006001,1,17,0,32247,30414,0.24219999999999686,10499,21748
rrsa,rrsa-0.5,64,2,periodic,700483,event,1834,897,937,0.8955078125,-0.021810250817884406,0.021810250817884406,1,20,0,31145,29311,0.26599999999999113,9587,21558
rrsa,rrsa-0.5,64,2,periodic,700484,event,1837,897,940,0.89697265625,-0.023407729994556342,0.023407729994556342,1,5,0,41265,39428,0.2720999999999947,15492,25773
rrsa,rrsa-0.5,64,2,periodic,700485,event,1860,947,913,0.908203125,0.01827956989247312,0.01827956989247312,1,1,0,52540,50680,0.30330000000000723,20088,32452
rrsa,rrsa-0.5,64,2,periodic,700486,event,1835,905,930,0.89599609375,-0.013623978201634877,0.013623978201634877,1,0,18,30517,28682,0.24540000000001783,21268,9249
rrsa,rrsa-0.5,64,2,periodic,700487,event,1856,970,886,0.90625,0.04525862068965517,0.04525862068965517,1,0,10,37269,35413,0.24519999999998277,26134,11135
rrsa,rrsa-0.5,64,2,periodic,700488,event,1855,947,908,0.90576171875,0.021024258760107817,0.021024258760107817,1,0,9,48002,46147,0.24200000000001864,35925,12077
rrsa,rrsa-0.5,64,2,periodic,700489,event,1853,919,934,0.90478515625,-0.008094981111710739,0.008094981111710739,1,4,0,39648,37795,0.2720000000000198,13840,25808
rrsa,rrsa-0.5,64,2,periodic,700490,event,1849,951,898,0.90283203125,0.028664142779881017,0.028664142779881017,1,13,0,38961,37112,0.2435000000000116,11070,27891
rrsa,rrsa-0.5,64,2,periodic,700491,event,1847,927,920,0.90185546875,0.003789929615592853,0.003789929615592853,1,0,17,37862,36015,0.24950000000001182,27129,10733
rrsa,rrsa-0.5,64,2,periodic,700492,event,1852,945,907,0.904296875,0.020518358531317494,0.020518358531317494,1,11,0,31815,29963,0.24490000000000123,10895,20920
rrsa,rrsa-0.5,64,2,periodic,700493,event,1844,919,925,0.900390625,-0.0032537960954446853,0.0032537960954446853,1,1,0,39112,37268,0.2598999999999876,19742,19370
rrsa,rrsa-0.5,64,2,periodic,700494,event,1813,920,893,0.88525390625,0.014892443463872035,0.014892443463872035,1,0,44,36744,34931,0.24300000000002342,30283,6461
rrsa,rrsa-0.5,64,2,periodic,700495,event,1850,961,889,0.9033203125,0.03891891891891892,0.03891891891891892,1,0,14,38992,37142,0.24899999999999523,29033,9959
rrsa,rrsa-0.5,64,2,periodic,700496,event,1843,926,917,0.89990234375,0.0048833423765599565,0.0048833423765599565,1,0,19,35881,34038,0.24459999999999127,27243,8638
rrsa,rrsa-0.5,64,2,periodic,700497,event,1843,930,913,0.89990234375,0.009224091155724362,0.009224091155724362,1,0,16,30836,28993,0.2657999999999845,20412,10424
rrsa,rrsa-0.5,64,2,periodic,700498,event,1861,897,964,0.90869140625,-0.03600214938205266,0.03600214938205266,1,5,0,40332,38471,0.24970000000001846,15246,25086
rrsa,rrsa-0.5,64,2,periodic,700499,event,1832,937,895,0.89453125,0.02292576419213974,0.02292576419213974,1,32,0,27787,25955,0.2481999999999971,7720,20067
rrsa,rrsa-0.5,64,2,periodic,700500,event,1820,897,923,0.888671875,-0.014285714285714285,0.014285714285714285,1,27,0,31124,29304,0.27080000000000837,9130,21994
rrsa,rrsa-0.5,64,2,periodic,700501,event,1846,889,957,0.9013671875,-0.03683640303358613,0.03683640303358613,1,17,0,30332,28486,0.26019999999999754,10403,19929
rrsa,rrsa-0.5,64,2,periodic,700502,event,1861,902,959,0.90869140625,-0.03062869425040301,0.03062869425040301,1,3,0,39819,37958,0.2477000000000089,15903,23916
rrsa,rrsa-0.5,64,2,periodic,700503,event,1866,904,962,0.9111328125,-0.031082529474812434,0.031082529474812434,1,5,0,38320,36454,0.24869999999998527,16715,21605
rrsa,rrsa-0.5,64,2,periodic,700504,event,1842,942,900,0.8994140625,0.02280130293159609,0.02280130293159609,1,20,0,30196,28354,0.24209999999999354,11158,19038
rrsa,rrsa-0.5,64,2,periodic,700505,event,1863,949,914,0.90966796875,0.01878690284487386,0.01878690284487386,1,0,3,43551,41688,0.2732000000000028,22322,21229
rrsa,rrsa-0.5,64,2,periodic,700506,event,1857,921,936,0.90673828125,-0.008077544426494346,0.008077544426494346,1,0,3,47164,45307,0.25210000000001287,30145,17019
rrsa,rrsa-0.5,64,2,periodic,700507,event,1859,944,915,0.90771484375,0.015599784830554062,0.015599784830554062,1,0,2,40505,38646,0.24449999999998795,24278,16227
rrsa,rrsa-0.5,64,2,periodic,700508,event,1852,951,901,0.904296875,0.026997840172786176,0.026997840172786176,1,0,14,37604,35752,0.242999999999995,25675,11929
rrsa,rrsa-0.5,64,2,periodic,700509,event,1850,899,951,0.9033203125,-0.02810810810810811,0.02810810810810811,1,4,0,36316,34466,0.2612000000000023,15975,20341
rrsa,rrsa-0.5,64,2,periodic,700510,event,1849,921,928,0.90283203125,-0.0037858301784748512,0.0037858301784748512,1,8,0,39575,37726,0.25260000000000105,13277,26298
rrsa,rrsa-0.5,64,2,periodic,700511,event,1850,920,930,0.9033203125,-0.005405405405405406,0.005405405405405406,1,9,0,37974,36124,0.2809999999999775,11836,26138
rrsa,rrsa-0.5,64,2,periodic,700512,event,1851,957,894,0.90380859375,0.03403565640194489,0.03403565640194489,1,0,14,39517,37666,0.26619999999999777,29946,9571
rrsa,rrsa-0.5,64,3,periodic,700001,event,1145,591,554,0.838623046875,0.032314410480349345,0.032314410480349345,1,0,24,25697,24552,0.2740000000000009,18795,6902
rrsa,rrsa-0.5,64,3,periodic,700002,event,1144,554,590,0.837890625,-0.03146853146853147,0.03146853146853147,1,0,29,26775,25631,0.21809999999999263,20529,6246
rrsa,rrsa-0.5,64,3,periodic,700003,event,1131,534,597,0.828369140625,-0.05570291777188329,0.05570291777188329,1,0,15,38827,37696,0.21270000000001232,29525,9302
rrsa,rrsa-0.5,64,3,periodic,700004,event,1142,556,586,0.83642578125,-0.02626970227670753,0.02626970227670753,1,12,0,33871,32729,0.21280000000001564,10289,23582
rrsa,rrsa-0.5,64,3,periodic,700005,event,1121,571,550,0.821044921875,0.01873327386262266,0.01873327386262266,1,0,25,41152,40031,0.21529999999998495,34920,6232
rrsa,rrsa-0.5,64,3,periodic,700006,event,1159,583,576,0.848876953125,0.0060396893874029335,0.0060396893874029335,1,0,14,36481,35322,0.2109000000000094,27806,8675
rrsa,rrsa-0.5,64,3,periodic,700007,event,1149,564,585,0.841552734375,-0.018276762402088774,0.018276762402088774,1,0,10,29984,28835,0.23179999999999268,22396,7588
rrsa,rrsa-0.5,64,3,periodic,700008,event,1135,568,567,0.831298828125,0.000881057268722467,0.000881057268722467,1,0,28,19216,18081,0.21389999999999532,12883,6333
rrsa,rrsa-0.5,64,3,periodic,700009,event,1160,578,582,0.849609375,-0.0034482758620689655,0.0034482758620689655,0,0,0,38652,37492,0.21459999999999013,21944,16708
rrsa,rrsa-0.5,64,3,periodic,700010,event,1158,567,591,0.84814453125,-0.02072538860103627,0.02072538860103627,1,0,10,26828,25670,0.22069999999999368,17100,9728
rrsa,rrsa-0.5,64,3,periodic,700011,event,1152,543,609,0.84375,-0.057291666666666664,0.057291666666666664,1,5,0,36599,35447,0.24339999999997985,9453,27146
rrsa,rrsa-0.5,64,3,periodic,700012,event,1145,562,583,0.838623046875,-0.01834061135371179,0.01834061135371179,1,0,13,30719,29574,0.21270000000001232,23019,7700
rrsa,rrsa-0.5,64,3,periodic,700013,event,1148,568,580,0.8408203125,-0.010452961672473868,0.010452961672473868,1,15,0,31458,30310,0.22350000000000136,7662,23796
rrsa,rrsa-0.5,64,3,periodic,700014,event,1153,598,555,0.844482421875,0.0372940156114484,0.0372940156114484,1,0,3,32233,31080,0.2190000000000225,16687,15546
rrsa,rrsa-0.5,64,3,periodic,700015,event,1144,537,607,0.837890625,-0.06118881118881119,0.06118881118881119,1,0,15,32708,31564,0.23470000000000368,21512,11196
rrsa,rrsa-0.5,64,3,periodic,700016,event,1141,587,554,0.835693359375,0.028921998247151623,0.028921998247151623,1,0,8,33215,32074,0.21249999999997726,20562,12653
rrsa,rrsa-0.5,64,3,periodic,700017,event,1151,571,580,0.843017578125,-0.007819287576020852,0.007819287576020852,1,0,11,27886,26735,0.21550000000002,19087,8799
rrsa,rrsa-0.5,64,3,periodic,700018,event,1140,556,584,0.8349609375,-0.02456140350877193,0.02456140350877193,1,10,0,33317,32177,0.22390000000001464,8991,24326
rrsa,rrsa-0.5,64,3,periodic,700019,event,1148,598,550,0.8408203125,0.041811846689895474,0.041811846689895474,1,0,10,36634,35486,0.27940000000000964,28061,8573
rrsa,rrsa-0.5,64,3,periodic,700020,event,1136,588,548,0.83203125,0.035211267605633804,0.035211267605633804,1,23,0,23884,22748,0.23930000000001428,8178,15706
rrsa,rrsa-0.5,64,3,periodic,700021,event,1157,580,577,0.847412109375,0.0025929127052722557,0.0025929127052722557,1,6,0,33253,32096,0.21750000000000114,13588,19665
rrsa,rrsa-0.5,64,3,periodic,700022,event,1111,554,557,0.813720703125,-0.0027002700270027003,0.0027002700270027003,1,47,0,22880,21769,0.21059999999999945,5196,17684
rrsa,rrsa-0.5,64,3,periodic,700023,event,1134,583,551,0.83056640625,0.02821869488536155,0.02821869488536155,1,0,17,25515,24381,0.26609999999999445,16920,8595
rrsa,rrsa-0.5,64,3,periodic,700024,event,1152,588,564,0.84375,0.020833333333333332,0.020833333333333332,1,2,0,36221,35069,0.21520000000001005,12312,23909
rrsa,rrsa-0.5,64,3,periodic,700025,event,1156,587,569,0.8466796875,0.015570934256055362,0.015570934256055362,1,2,0,39434,38278,0.22220000000001505,14829,24605
rrsa,rrsa-0.5,64,3,periodic,700026,event,1163,571,592,0.851806640625,-0.018056749785038694,0.018056749785038694,1,0,6,43324,42161,0.23099999999999454,31885,11439
rrsa,rrsa-0.5,64,3,periodic,700027,event,1151,592,559,0.843017578125,0.028670721112076455,0.028670721112076455,1,5,0,53398,52247,0.23730000000000473,11236,42162
rrsa,rrsa-0.5,64,3,periodic,700028,event,1168,575,593,0.85546875,-0.015410958904109588,0.015410958904109588,0,0,0,35412,34244,0.2155999999999949,19822,15590
rrsa,rrsa-0.5,64,3,periodic,700029,event,1151,564,587,0.843017578125,-0.01998262380538662,0.01998262380538662,1,1,0,30512,29361,0.21259999999998058,13224,17288
rrsa,rrsa-0.5,64,3,periodic,700030,event,1158,573,585,0.84814453125,-0.010362694300518135,0.010362694300518135,1,3,0,33597,32439,0.23040000000000305,13581,20016
rrsa,rrsa-0.5,64,3,periodic,700031,event,1143,572,571,0.837158203125,0.0008748906386701663,0.0008748906386701663,1,0,4,39070,37927,0.2335999999999956,24816,14254
rrsa,rrsa-0.5,64,3,periodic,700032,event,1159,557,602,0.848876953125,-0.03882657463330457,0.03882657463330457,0,0,0,41839,40680,0.21690000000000964,20105,21734
rrsa,rrsa-0.5,64,3,periodic,700033,event,1147,568,579,0.840087890625,-0.00959023539668701,0.00959023539668701,1,0,8,32797,31650,0.21359999999998536,22174,10623
rrsa,rrsa-0.5,64,3,periodic,700034,event,1130,532,598,0.82763671875,-0.0584070796460177,0.0584070796460177,1,21,0,29461,28331,0.21410000000000196,6935,22526
rrsa,rrsa-0.5,64,3,periodic,700035,event,1142,605,537,0.83642578125,0.0595446584938704,0.0595446584938704,1,0,22,25729,24587,0.24130000000002383,17213,8516
rrsa,rrsa-0.5,64,3,periodic,700036,event,1115,559,556,0.816650390625,0.0026905829596412557,0.0026905829596412557,1,0,48,24267,23152,0.2155999999999949,18167,6100
rrsa,rrsa-0.5,64,3,periodic,700037,event,1144,567,577,0.837890625,-0.008741258741258742,0.008741258741258742,0,0,0,46920,45776,0.2126999999999839,19843,27077
rrsa,rrsa-0.5,64,3,periodic,700038,event,1141,579,562,0.835693359375,0.014899211218229623,0.014899211218229623,1,16,0,24704,23563,0.21600000000000819,7732,16972
rrsa,rrsa-0.5,64,3,periodic,700039,event,1152,549,603,0.84375,-0.046875,0.046875,1,8,0,37069,35917,0.23699999999999477,10533,26536
rrsa,rrsa-0.5,64,3,periodic,700040,event,1123,523,600,0.822509765625,-0.06856634016028496,0.06856634016028496,1,0,22,28776,27653,0.2119000000000142,21477,7299
rrsa,rrsa-0.5,64,3,periodic,700041,event,1131,566,565,0.828369140625,0.0008841732979664014,0.0008841732979664014,1,24,0,29740,28609,0.21330000000000382,6908,22832
rrsa,rrsa-0.5,64,3,periodic,700042,event,1147,585,562,0.840087890625,0.02005231037489102,0.02005231037489102,1,11,0,23890,22743,0.21170000000000755,8450,15440
rrsa,rrsa-0.5,64,3,periodic,700043,event,1167,624,543,0.854736328125,0.06940874035989718,0.06940874035989718,1,0,5,29454,28287,0.23419999999998709,18787,10667
rrsa,rrsa-0.5,64,3,periodic,700044,event,1149,589,560,0.841552734375,0.025239338555265448,0.025239338555265448,1,0,12,28562,27413,0.2189999999999941,19524,9038
rrsa,rrsa-0.5,64,3,periodic,700045,event,1142,616,526,0.83642578125,0.07880910683012259,0.07880910683012259,1,0,3,28407,27265,0.21049999999999613,16026,12381
rrsa,rrsa-0.5,64,3,periodic,700046,event,1151,572,579,0.843017578125,-0.006081668114682885,0.006081668114682885,1,0,5,34666,33515,0.2137000000000171,19944,14722
rrsa,rrsa-0.5,64,3,periodic,700047,event,1131,586,545,0.828369140625,0.036251105216622455,0.036251105216622455,1,0,24,33160,32029,0.27299999999999613,26187,6973
rrsa,rrsa-0.5,64,3,periodic,700048,event,1145,561,584,0.838623046875,-0.020087336244541485,0.020087336244541485,0,0,0,44747,43602,0.23220000000000596,17402,27345
rrsa,rrsa-0.5,64,3,periodic,700049,event,1144,559,585,0.837890625,-0.022727272727272728,0.022727272727272728,1,18,0,29386,28242,0.22860000000000014,7687,21699
rrsa,rrsa-0.5,64,3,periodic,700050,event,1146,563,583,0.83935546875,-0.017452006980802792,0.017452006980802792,1,18,0,23087,21941,0.27880000000001814,8640,14447
rrsa,rrsa-0.5,64,3,periodic,700051,event,1137,597,540,0.832763671875,0.05013192612137203,0.05013192612137203,1,0,18,28312,27175,0.2745000000000175,20544,7768
rrsa,rrsa-0.5,64,3,periodic,700052,event,1154,575,579,0.84521484375,-0.0034662045060658577,0.0034662045060658577,1,1,0,35967,34813,0.23439999999999372,16612,19355
rrsa,rrsa-0.5,64,3,periodic,700053,event,1135,570,565,0.831298828125,0.004405286343612335,0.004405286343612335,1,24,0,28646,27511,0.23089999999999122,7558,21088
rrsa,rrsa-0.5,64,3,periodic,700054,event,1123,551,572,0.822509765625,-0.018699910952804988,0.018699910952804988,1,41,0,30230,29107,0.22380000000001132,5024,25206
rrsa,rrsa-0.5,64,3,periodic,700055,event,1136,572,564,0.83203125,0.007042253521126761,0.007042253521126761,1,16,0,23410,22274,0.23990000000000578,8733,14677
rrsa,rrsa-0.5,64,3,periodic,700056,event,1144,568,576,0.837890625,-0.006993006993006993,0.006993006993006993,1,16,0,31812,30668,0.22060000000001878,7594,24218
rrsa,rrsa-0.5,64,3,periodic,700057,event,1127,586,541,0.825439453125,0.03992901508429459,0.03992901508429459,1,0,25,25603,24476,0.2336999999999989,19317,6286
rrsa,rrsa-0.5,64,3,periodic,700058,event,1132,559,573,0.8291015625,-0.012367491166077738,0.012367491166077738,1,17,0,29159,28027,0.25669999999999504,8987,20172
rrsa,rrsa-0.5,64,3,periodic,700059,event,1152,586,566,0.84375,0.017361111111111112,0.017361111111111112,1,0,9,30327,29175,0.2517999999999745,18466,11861
rrsa,rrsa-0.5,64,3,periodic,700060,event,1156,550,606,0.8466796875,-0.04844290657439446,0.04844290657439446,1,0,3,30490,29334,0.2641000000000133,17480,13010
rrsa,rrsa-0.5,64,3,periodic,700061,event,1136,564,572,0.83203125,-0.007042253521126761,0.007042253521126761,1,0,20,23164,22028,0.2272999999999854,15746,7418
rrsa,rrsa-0.5,64,3,periodic,700062,event,1117,538,579,0.818115234375,-0.03670546105640107,0.03670546105640107,1,42,0,30771,29654,0.21979999999999222,4617,26154
rrsa,rrsa-0.5,64,3,periodic,700063,event,1168,598,570,0.85546875,0.023972602739726026,0.023972602739726026,1,6,0,31225,30057,0.240099999999984,11738,19487
rrsa,rrsa-0.5,64,3,periodic,700064,event,1136,533,603,0.83203125,-0.061619718309859156,0.061619718309859156,1,0,18,25688,24552,0.22309999999998809,15998,9690
rrsa,rrsa-0.5,64,3,periodic,700065,event,1130,593,537,0.82763671875,0.049557522123893805,0.049557522123893805,1,0,29,22759,21629,0.21819999999999595,16362,6397
rrsa,rrsa-0.5,64,3,periodic,700066,event,1147,586,561,0.840087890625,0.021795989537925022,0.021795989537925022,1,9,0,38213,37066,0.21649999999999636,13739,24474
rrsa,rrsa-0.5,64,3,periodic,700067,event,1133,566,567,0.829833984375,-0.00088261253309797,0.00088261253309797,1,6,0,29627,28494,0.28230000000002065,11521,18106
rrsa,rrsa-0.5,64,3,periodic,700068,event,1145,570,575,0.838623046875,-0.004366812227074236,0.004366812227074236,1,13,0,34093,32948,0.2254000000000076,9999,24094
rrsa,rrsa-0.5,64,3,periodic,700069,event,1149,578,571,0.841552734375,0.006092254134029591,0.006092254134029591,1,3,0,34399,33250,0.22120000000001028,15836,18563
rrsa,rrsa-0.5,64,3,periodic,700070,event,1145,593,552,0.838623046875,0.03580786026200873,0.03580786026200873,1,0,15,33285,32140,0.22010000000000218,26099,7186
rrsa,rrsa-0.5,64,3,periodic,700071,event,1134,571,563,0.83056640625,0.007054673721340388,0.007054673721340388,1,0,20,26525,25391,0.23629999999999995,18844,7681
rrsa,rrsa-0.5,64,3,periodic,700072,event,1113,582,531,0.815185546875,0.04582210242587601,0.04582210242587601,1,0,35,27028,25915,0.21530000000001337,22867,4161
rrsa,rrsa-0.5,64,3,periodic,700073,event,1151,558,593,0.843017578125,-0.030408340573414423,0.030408340573414423,1,3,0,28985,27834,0.22630000000000905,11383,17602
rrsa,rrsa-0.5,64,3,periodic,700074,event,1140,555,585,0.8349609375,-0.02631578947368421,0.02631578947368421,1,0,10,25505,24365,0.22339999999999804,17838,7667
rrsa,rrsa-0.5,64,3,periodic,700075,event,1124,558,566,0.8232421875,-0.0071174377224199285,0.0071174377224199285,1,30,0,34002,32878,0.2676999999999907,5809,28193
rrsa,rrsa-0.5,64,3,periodic,700076,event,1145,587,558,0.838623046875,0.025327510917030567,0.025327510917030567,1,0,11,41787,40642,0.21860000000000923,31993,9794
rrsa,rrsa-0.5,64,3,periodic,700077,event,1118,588,530,0.81884765625,0.0518783542039356,0.0518783542039356,1,58,0,24998,23880,0.20990000000000464,5353,19645
rrsa,rrsa-0.5,64,3,periodic,700078,event,1174,613,561,0.85986328125,0.044293015332197615,0.044293015332197615,0,0,0,34102,32928,0.22169999999999845,16142,17960
rrsa,rrsa-0.5,64,3,periodic,700079,event,1149,572,577,0.841552734375,-0.004351610095735422,0.004351610095735422,1,0,3,26518,25369,0.23560000000000514,15623,10895
rrsa,rrsa-0.5,64,3,periodic,700080,event,1134,579,555,0.83056640625,0.021164021164021163,0.021164021164021163,1,0,18,23132,21998,0.2143000000000086,15572,7560
rrsa,rrsa-0.5,64,3,periodic,700081,event,1152,585,567,0.84375,0.015625,0.015625,1,0,2,41687,40535,0.24450000000001637,23536,18151
rrsa,rrsa-0.5,64,3,periodic,700082,event,1145,562,583,0.838623046875,-0.01834061135371179,0.01834061135371179,1,0,9,40934,39789,0.2184000000000026,27813,13121
rrsa,rrsa-0.5,64,3,periodic,700083,event,1146,554,592,0.83935546875,-0.03315881326352531,0.03315881326352531,1,0,7,29202,28056,0.22679999999999723,17621,11581
rrsa,rrsa-0.5,64,3,periodic,700084,event,1124,578,546,0.8232421875,0.028469750889679714,0.028469750889679714,1,0,24,27057,25933,0.21659999999999968,19945,7112
rrsa,rrsa-0.5,64,3,periodic,700085,event,1152,581,571,0.84375,0.008680555555555556,0.008680555555555556,1,0,2,41295,40143,0.21250000000000568,24638,16657
rrsa,rrsa-0.5,64,3,periodic,700086,event,1141,561,580,0.835693359375,-0.016652059596844872,0.016652059596844872,1,24,0,23463,22322,0.2190000000000225,8449,15014
rrsa,rrsa-0.5,64,3,periodic,700087,event,1128,565,563,0.826171875,0.0017730496453900709,0.0017730496453900709,1,0,38,28280,27152,0.2483000000000004,22735,5545
rrsa,rrsa-0.5,64,3,periodic,700088,event,1146,589,557,0.83935546875,0.027923211169284468,0.027923211169284468,1,4,0,37629,36483,0.2161999999999864,13741,23888
rrsa,rrsa-0.5,64,3,periodic,700089,event,1146,542,604,0.83935546875,-0.05410122164048865,0.05410122164048865,1,4,0,32049,30903,0.22620000000000573,15483,16566
rrsa,rrsa-0.5,64,3,periodic,700090,event,1149,566,583,0.841552734375,-0.014795474325500435,0.014795474325500435,1,11,0,38317,37168,0.24230000000000018,9298,29019
rrsa,rrsa-0.5,64,3,periodic,700091,event,1111,560,551,0.813720703125,0.008100810081008101,0.008100810081008101,1,0,54,30296,29185,0.26480000000000814,25672,4624
rrsa,rrsa-0.5,64,3,periodic,700092,event,1164,588,576,0.8525390625,0.010309278350515464,0.010309278350515464,1,1,0,42627,41463,0.22999999999998977,19115,23512
rrsa,rrsa-0.5,64,3,periodic,700093,event,1129,589,540,0.826904296875,0.043401240035429584,0.043401240035429584,1,23,0,32207,31078,0.222500000000025,8976,23231
rrsa,rrsa-0.5,64,3,periodic,700094,event,1144,562,582,0.837890625,-0.017482517482517484,0.017482517482517484,1,26,0,32614,31470,0.23080000000001633,6339,26275
rrsa,rrsa-0.5,64,3,periodic,700095,event,1144,578,566,0.837890625,0.01048951048951049,0.01048951048951049,1,6,0,25973,24829,0.23449999999999704,8880,17093
rrsa,rrsa-0.5,64,3,periodic,700096,event,1148,578,570,0.8408203125,0.006968641114982578,0.006968641114982578,1,22,0,28952,27804,0.2120000000000175,7861,21091
rrsa,rrsa-0.5,64,3,periodic,700097,event,1124,587,537,0.8232421875,0.04448398576512456,0.04448398576512456,1,19,0,26288,25164,0.20459999999999923,7922,18366
rrsa,rrsa-0.5,64,3,periodic,700098,event,1159,576,583,0.848876953125,-0.0060396893874029335,0.0060396893874029335,1,5,0,47884,46725,0.20650000000000546,11467,36417
rrsa,rrsa-0.5,64,3,periodic,700099,event,1129,580,549,0.826904296875,0.02745792736935341,0.02745792736935341,1,22,0,29231,28102,0.22679999999999723,8001,21230
rrsa,rrsa-0.5,64,3,periodic,700100,event,1132,553,579,0.8291015625,-0.022968197879858657,0.022968197879858657,1,0,22,30121,28989,0.2033999999999878,22805,7316
rrsa,rrsa-0.5,64,3,periodic,700101,event,1113,542,571,0.815185546875,-0.02605570530098832,0.02605570530098832,1,0,42,20854,19741,0.20000000000001705,16379,4475
rrsa,rrsa-0.5,64,3,periodic,700102,event,1154,603,551,0.84521484375,0.045060658578856154,0.045060658578856154,1,0,8,28880,27726,0.20489999999998076,17450,11430
rrsa,rrsa-0.5,64,3,periodic,700103,event,1132,561,571,0.8291015625,-0.0088339222614841,0.0088339222614841,1,0,19,29723,28591,0.22520000000000095,22872,6851
rrsa,rrsa-0.5,64,3,periodic,700104,event,1142,586,556,0.83642578125,0.02626970227670753,0.02626970227670753,1,15,0,24495,23353,0.20300000000000296,8029,16466
rrsa,rrsa-0.5,64,3,periodic,700105,event,1145,555,590,0.838623046875,-0.03056768558951965,0.03056768558951965,1,0,13,38477,37332,0.20279999999999632,29498,8979
rrsa,rrsa-0.5,64,3,periodic,700106,event,1136,547,589,0.83203125,-0.03697183098591549,0.03697183098591549,1,26,0,28938,27802,0.2002999999999986,6575,22363
rrsa,rrsa-0.5,64,3,periodic,700107,event,1136,572,564,0.83203125,0.007042253521126761,0.007042253521126761,1,19,0,34243,33107,0.23049999999997794,7141,27102
rrsa,rrsa-0.5,64,3,periodic,700108,event,1151,563,588,0.843017578125,-0.021720243266724587,0.021720243266724587,1,0,2,31999,30848,0.216700000000003,16257,15742
rrsa,rrsa-0.5,64,3,periodic,700109,event,1161,561,600,0.850341796875,-0.03359173126614987,0.03359173126614987,1,7,0,27503,26342,0.2202999999999804,11516,15987
rrsa,rrsa-0.5,64,3,periodic,700110,event,1140,546,594,0.8349609375,-0.042105263157894736,0.042105263157894736,1,10,0,35722,34582,0.2143000000000086,8592,27130
rrsa,rrsa-0.5,64,3,periodic,700111,event,1167,596,571,0.854736328125,0.021422450728363324,0.021422450728363324,1,0,1,48733,47566,0.23460000000000036,30170,18563
rrsa,rrsa-0.5,64,3,periodic,700112,event,1122,570,552,0.82177734375,0.016042780748663103,0.016042780748663103,1,30,0,24065,22943,0.2534999999999741,6875,17190
rrsa,rrsa-0.5,64,3,periodic,700113,event,1158,583,575,0.84814453125,0.0069084628670120895,0.0069084628670120895,1,4,0,32347,31189,0.21979999999999222,12612,19735
rrsa,rrsa-0.5,64,3,periodic,700114,event,1140,540,600,0.8349609375,-0.05263157894736842,0.05263157894736842,1,11,0,32203,31063,0.212600000000009,10407,21796
rrsa,rrsa-0.5,64,3,periodic,700115,event,1140,578,562,0.8349609375,0.014035087719298246,0.014035087719298246,1,11,0,26014,24874,0.22979999999998313,8400,17614
rrsa,rrsa-0.5,64,3,periodic,700116,event,1141,596,545,0.835693359375,0.044697633654688866,0.044697633654688866,1,0,18,22442,21301,0.2113999999999976,16621,5821
rrsa,rrsa-0.5,64,3,periodic,700117,event,1142,535,607,0.83642578125,-0.06304728546409807,0.06304728546409807,1,14,0,35952,34810,0.2126999999999839,9823,26129
rrsa,rrsa-0.5,64,3,periodic,700118,event,1166,587,579,0.85400390625,0.00686106346483705,0.00686106346483705,1,1,0,42401,41235,0.2224999999999966,16566,25835
rrsa,rrsa-0.5,64,3,periodic,700119,event,1126,559,567,0.82470703125,-0.007104795737122558,0.007104795737122558,1,22,0,26187,25061,0.23120000000000118,6916,19271
rrsa,rrsa-0.5,64,3,periodic,700120,event,1135,559,576,0.831298828125,-0.014977973568281937,0.014977973568281937,1,19,0,29725,28590,0.2230000000000132,7412,22313
rrsa,rrsa-0.5,64,3,periodic,700121,event,1144,555,589,0.837890625,-0.02972027972027972,0.02972027972027972,1,0,7,33651,32507,0.21299999999999386,22411,11240
rrsa,rrsa-0.5,64,3,periodic,700122,event,1140,536,604,0.8349609375,-0.05964912280701754,0.05964912280701754,1,26,0,27246,26106,0.21279999999998722,6019,21227
rrsa,rrsa-0.5,64,3,periodic,700123,event,1160,574,586,0.849609375,-0.010344827586206896,0.010344827586206896,1,2,0,42699,41539,0.23339999999998895,19544,23155
rrsa,rrsa-0.5,64,3,periodic,700124,event,1140,572,568,0.8349609375,0.0035087719298245615,0.0035087719298245615,1,6,0,31619,30479,0.2202999999999804,10273,21346
rrsa,rrsa-0.5,64,3,periodic,700125,event,1144,547,597,0.837890625,-0.043706293706293704,0.043706293706293704,1,9,0,30134,28990,0.45990000000000464,10846,19288
rrsa,rrsa-0.5,64,3,periodic,700126,event,1134,534,600,0.83056640625,-0.0582010582010582,0.0582010582010582,1,28,0,30493,29359,0.231899999999996,5127,25366
rrsa,rrsa-0.5,64,3,periodic,700127,event,1149,561,588,0.841552734375,-0.02349869451697128,0.02349869451697128,1,3,0,30990,29841,0.23879999999999768,13425,17565
rrsa,rrsa-0.5,64,3,periodic,700128,event,1154,558,596,0.84521484375,-0.03292894280762565,0.03292894280762565,1,12,0,29609,28455,0.21600000000000819,7196,22413
rrsa,rrsa-0.5,64,3,periodic,700129,event,1169,614,555,0.856201171875,0.0504704875962361,0.0504704875962361,1,4,0,33635,32466,0.2137000000000171,12945,20690
rrsa,rrsa-0.5,64,3,periodic,700130,event,1146,570,576,0.83935546875,-0.005235602094240838,0.005235602094240838,1,0,7,27321,26175,0.21940000000000737,14992,12329
rrsa,rrsa-0.5,64,3,periodic,700131,event,1152,601,551,0.84375,0.043402777777777776,0.043402777777777776,1,0,8,35823,34671,0.230700000000013,25088,10735
rrsa,rrsa-0.5,64,3,periodic,700132,event,1150,601,549,0.84228515625,0.04521739130434783,0.04521739130434783,1,0,7,35484,34334,0.21399999999999864,25111,10373
rrsa,rrsa-0.5,64,3,periodic,700133,event,1163,588,575,0.851806640625,0.01117798796216681,0.01117798796216681,1,0,3,34483,33320,0.20900000000000318,20928,13555
rrsa,rrsa-0.5,64,3,periodic,700134,event,1140,553,587,0.8349609375,-0.02982456140350877,0.02982456140350877,1,16,0,29523,28383,0.21299999999999386,8148,21375
rrsa,rrsa-0.5,64,3,periodic,700135,event,1139,517,622,0.834228515625,-0.09218612818261633,0.09218612818261633,1,16,0,24786,23647,0.23799999999999955,6888,17898
rrsa,rrsa-0.5,64,3,periodic,700136,event,1140,573,567,0.8349609375,0.005263157894736842,0.005263157894736842,1,0,13,32473,31333,0.21389999999999532,24396,8077
rrsa,rrsa-0.5,64,3,periodic,700137,event,1139,598,541,0.834228515625,0.05004389815627744,0.05004389815627744,1,0,7,37086,35947,0.2150000000000034,24718,12368
rrsa,rrsa-0.5,64,3,periodic,700138,event,1145,560,585,0.838623046875,-0.021834061135371178,0.021834061135371178,1,18,0,27434,26289,0.21399999999999864,8087,19347
rrsa,rrsa-0.5,64,3,periodic,700139,event,1132,577,555,0.8291015625,0.019434628975265017,0.019434628975265017,1,28,0,34504,33372,0.23569999999998004,6184,28320
rrsa,rrsa-0.5,64,3,periodic,700140,event,1150,558,592,0.84228515625,-0.029565217391304348,0.029565217391304348,1,1,0,48503,47353,0.2132000000000005,21849,26654
rrsa,rrsa-0.5,64,3,periodic,700141,event,1146,551,595,0.83935546875,-0.038394415357766144,0.038394415357766144,1,4,0,44319,43173,0.22140000000001692,13570,30749
rrsa,rrsa-0.5,64,3,periodic,700142,event,1138,578,560,0.83349609375,0.015817223198594025,0.015817223198594025,1,0,31,45740,44602,0.2161999999999864,39859,5881
rrsa,rrsa-0.5,64,3,periodic,700143,event,1154,561,593,0.84521484375,-0.02772963604852686,0.02772963604852686,1,6,0,48118,46964,0.32859999999999445,11599,36519
rrsa,rrsa-0.5,64,3,periodic,700144,event,1106,552,554,0.81005859375,-0.0018083182640144665,0.0018083182640144665,1,47,0,22694,21588,0.2161000000000115,4955,17739
rrsa,rrsa-0.5,64,3,periodic,700145,event,1146,584,562,0.83935546875,0.019197207678883072,0.019197207678883072,1,0,3,27777,26631,0.23220000000000596,16458,11319
rrsa,rrsa-0.5,64,3,periodic,700146,event,1148,587,561,0.8408203125,0.02264808362369338,0.02264808362369338,1,0,1,37788,36640,0.21360000000001378,24138,13650
rrsa,rrsa-0.5,64,3,periodic,700147,event,1163,559,604,0.851806640625,-0.03869303525365434,0.03869303525365434,1,0,1,43766,42603,0.3161000000000058,30390,13376
rrsa,rrsa-0.5,64,3,periodic,700148,event,1133,564,569,0.829833984375,-0.00441306266548985,0.00441306266548985,1,0,23,24688,23555,0.23050000000000637,17726,6962
rrsa,rrsa-0.5,64,3,periodic,700149,event,1133,574,559,0.829833984375,0.01323918799646955,0.01323918799646955,1,0,19,30811,29678,0.21350000000001046,22772,8039
rrsa,rrsa-0.5,64,3,periodic,700150,event,1127,562,565,0.825439453125,-0.0026619343389529724,0.0026619343389529724,1,37,0,27963,26836,0.28880000000000905,5433,22530
rrsa,rrsa-0.5,64,3,periodic,700151,event,1150,576,574,0.84228515625,0.0017391304347826088,0.0017391304347826088,1,0,6,30073,28923,0.2668999999999926,13775,16298
rrsa,rrsa-0.5,64,3,periodic,700152,event,1141,567,574,0.835693359375,-0.006134969325153374,0.006134969325153374,1,0,22,27855,26714,0.2541999999999973,19862,7993
rrsa,rrsa-0.5,64,3,periodic,700153,event,1135,581,554,0.831298828125,0.02378854625550661,0.02378854625550661,1,0,16,24019,22884,0.21569999999999823,16018,8001
rrsa,rrsa-0.5,64,3,periodic,700154,event,1141,576,565,0.835693359375,0.009640666082383873,0.009640666082383873,1,0,25,29998,28857,0.21529999999998495,23212,6786
rrsa,rrsa-0.5,64,3,periodic,700155,event,1142,545,597,0.83642578125,-0.04553415061295972,0.04553415061295972,1,0,3,44510,43368,0.2366999999999848,29595,14915
rrsa,rrsa-0.5,64,3,periodic,700156,event,1148,559,589,0.8408203125,-0.02613240418118467,0.02613240418118467,1,14,0,31239,30091,0.22339999999999804,8869,22370
rrsa,rrsa-0.5,64,3,periodic,700157,event,1162,564,598,0.85107421875,-0.029259896729776247,0.029259896729776247,1,3,0,39020,37858,0.21629999999998972,14139,24881
rrsa,rrsa-0.5,64,3,periodic,700158,event,1147,571,576,0.840087890625,-0.004359197907585004,0.004359197907585004,1,21,0,27254,26107,0.21869999999998413,7877,19377
rrsa,rrsa-0.5,64,3,periodic,700159,event,1148,567,581,0.8408203125,-0.012195121951219513,0.012195121951219513,1,0,18,26105,24957,0.23409999999998377,17444,8661
rrsa,rrsa-0.5,64,3,periodic,700160,event,1154,555,599,0.84521484375,-0.038128249566724434,0.038128249566724434,1,23,0,28483,27329,0.21119999999999095,6968,21515
rrsa,rrsa-0.5,64,3,periodic,700161,event,1138,592,546,0.83349609375,0.040421792618629174,0.040421792618629174,1,14,0,30384,29246,0.22039999999998372,10844,19540
rrsa,rrsa-0.5,64,3,periodic,700162,event,1149,596,553,0.841552734375,0.03742384682332463,0.03742384682332463,1,0,12,38111,36962,0.21270000000001232,28292,9819
rrsa,rrsa-0.5,64,3,periodic,700163,event,1134,565,569,0.83056640625,-0.003527336860670194,0.003527336860670194,1,0,33,22459,21325,0.23149999999998272,16111,6348
rrsa,rrsa-0.5,64,3,periodic,700164,event,1154,579,575,0.84521484375,0.0034662045060658577,0.0034662045060658577,1,4,0,37489,36335,0.21479999999999677,12783,24706
rrsa,rrsa-0.5,64,3,periodic,700165,event,1142,564,578,0.83642578125,-0.012259194395796848,0.012259194395796848,1,7,0,28897,27755,0.2126999999999839,9578,19319
rrsa,rrsa-0.5,64,3,periodic,700166,event,1127,562,565,0.825439453125,-0.0026619343389529724,0.0026619343389529724,1,24,0,33056,31929,0.21689999999998122,8168,24888
rrsa,rrsa-0.5,64,3,periodic,700167,event,1137,573,564,0.832763671875,0.0079155672823219,0.0079155672823219,1,0,14,27026,25889,0.2319999999999709,17527,9499
rrsa,rrsa-0.5,64,3,periodic,700168,event,1136,567,569,0.83203125,-0.0017605633802816902,0.0017605633802816902,1,8,0,36717,35581,0.210899999999981,13255,23462
rrsa,rrsa-0.5,64,3,periodic,700169,event,1154,589,565,0.84521484375,0.02079722703639515,0.02079722703639515,1,0,3,35666,34512,0.21469999999999345,18702,16964
rrsa,rrsa-0.5,64,3,periodic,700170,event,1153,587,566,0.844482421875,0.01821335646140503,0.01821335646140503,1,9,0,27399,26246,0.21380000000004884,9948,17451
rrsa,rrsa-0.5,64,3,periodic,700171,event,1138,574,564,0.83349609375,0.008787346221441126,0.008787346221441126,1,0,16,25340,24202,0.22849999999999682,14518,10822
rrsa,rrsa-0.5,64,3,periodic,700172,event,1145,561,584,0.838623046875,-0.020087336244541485,0.020087336244541485,1,14,0,48256,47111,0.21280000000001564,10276,37980
rrsa,rrsa-0.5,64,3,periodic,700173,event,1147,589,558,0.840087890625,0.02702702702702703,0.02702702702702703,1,0,19,34675,33528,0.2149000000000001,27875,6800
rrsa,rrsa-0.5,64,3,periodic,700174,event,1136,559,577,0.83203125,-0.01584507042253521,0.01584507042253521,1,24,0,25529,24393,0.2137000000000171,6844,18685
rrsa,rrsa-0.5,64,3,periodic,700175,event,1141,610,531,0.835693359375,0.06923751095530237,0.06923751095530237,1,0,18,38720,37579,0.23460000000000036,32406,6314
rrsa,rrsa-0.5,64,3,periodic,700176,event,1119,544,575,0.819580078125,-0.02770330652368186,0.02770330652368186,1,35,0,24984,23865,0.27120000000002165,5706,19278
rrsa,rrsa-0.5,64,3,periodic,700177,event,1144,592,552,0.837890625,0.03496503496503497,0.03496503496503497,1,0,4,36114,34970,0.21309999999999718,24887,11227
rrsa,rrsa-0.5,64,3,periodic,700178,event,1127,543,584,0.825439453125,-0.03637976929902396,0.03637976929902396,1,0,45,21592,20465,0.21219999999999573,16002,5590
rrsa,rrsa-0.5,64,3,periodic,700179,event,1154,558,596,0.84521484375,-0.03292894280762565,0.03292894280762565,1,18,0,30337,29183,0.23219999999997754,7216,23121
rrsa,rrsa-0.5,64,3,periodic,700180,event,1154,581,573,0.84521484375,0.006932409012131715,0.006932409012131715,1,9,0,26245,25091,0.22440000000000282,9698,16547
rrsa,rrsa-0.5,64,3,periodic,700181,event,1148,543,605,0.8408203125,-0.05400696864111498,0.05400696864111498,1,0,13,27141,25993,0.21139999999996917,18789,8352
rrsa,rrsa-0.5,64,3,periodic,700182,event,1160,576,584,0.849609375,-0.006896551724137931,0.006896551724137931,1,0,11,29683,28523,0.216700000000003,19742,9941
rrsa,rrsa-0.5,64,3,periodic,700183,event,1151,574,577,0.843017578125,-0.0026064291920069507,0.0026064291920069507,1,0,5,44600,43449,0.2341000000000122,33764,10836
rrsa,rrsa-0.5,64,3,periodic,700184,event,1128,589,539,0.826171875,0.044326241134751775,0.044326241134751775,1,36,0,20612,19484,0.21300000000002228,5622,14990
rrsa,rrsa-0.5,64,3,periodic,700185,event,1122,518,604,0.82177734375,-0.0766488413547237,0.0766488413547237,1,23,0,25909,24787,0.20240000000001146,6153,19756
rrsa,rrsa-0.5,64,3,periodic,700186,event,1123,556,567,0.822509765625,-0.009795191451469279,0.009795191451469279,1,25,0,23489,22366,0.20460000000002765,7279,16210
rrsa,rrsa-0.5,64,3,periodic,700187,event,1142,545,597,0.83642578125,-0.04553415061295972,0.04553415061295972,1,0,13,23706,22564,0.23250000000001592,14317,9389
rrsa,rrsa-0.5,64,3,periodic,700188,event,1141,578,563,0.835693359375,0.013146362839614373,0.013146362839614373,1,0,10,36281,35140,0.213799999999992,24386,11895
rrsa,rrsa-0.5,64,3,periodic,700189,event,1158,579,579,0.84814453125,0,0,1,0,2,39982,38824,0.2108000000000061,24987,14995
rrsa,rrsa-0.5,64,3,periodic,700190,event,1152,545,607,0.84375,-0.05381944444444445,0.05381944444444445,1,1,0,42158,41006,0.20350000000001955,15092,27066
rrsa,rrsa-0.5,64,3,periodic,700191,event,1133,590,543,0.829833984375,0.04148278905560459,0.04148278905560459,1,0,10,30162,29029,0.2208999999999719,22511,7651
rrsa,rrsa-0.5,64,3,periodic,700192,event,1167,588,579,0.854736328125,0.007712082262210797,0.007712082262210797,1,0,2,40262,39095,0.20900000000000318,24670,15592
rrsa,rrsa-0.5,64,3,periodic,700193,event,1129,581,548,0.826904296875,0.029229406554472984,0.029229406554472984,1,0,21,24301,23172,0.2108000000000061,16259,8042
rrsa,rrsa-0.5,64,3,periodic,700194,event,1144,568,576,0.837890625,-0.006993006993006993,0.006993006993006993,1,0,6,27631,26487,0.2025000000000432,18162,9469
rrsa,rrsa-0.5,64,3,periodic,700195,event,1129,548,581,0.826904296875,-0.029229406554472984,0.029229406554472984,1,0,23,27390,26261,0.20720000000000027,20036,7354
rrsa,rrsa-0.5,64,3,periodic,700196,event,1152,559,593,0.84375,-0.029513888888888888,0.029513888888888888,1,10,0,37951,36799,0.19230000000004566,11153,26798
rrsa,rrsa-0.5,64,3,periodic,700197,event,1126,559,567,0.82470703125,-0.007104795737122558,0.007104795737122558,1,0,54,22016,20890,0.194500000000005,16786,5230
rrsa,rrsa-0.5,64,3,periodic,700198,event,1151,571,580,0.843017578125,-0.007819287576020852,0.007819287576020852,1,10,0,42756,41605,0.20510000000001583,8955,33801
rrsa,rrsa-0.5,64,3,periodic,700199,event,1164,556,608,0.8525390625,-0.044673539518900345,0.044673539518900345,1,12,0,34932,33768,0.22920000000004848,9562,25370
rrsa,rrsa-0.5,64,3,periodic,700200,event,1156,560,596,0.8466796875,-0.031141868512110725,0.031141868512110725,1,2,0,33351,32195,0.21240000000000236,11576,21775
rrsa,rrsa-0.5,64,3,periodic,700201,event,1148,557,591,0.8408203125,-0.029616724738675958,0.029616724738675958,1,3,0,29583,28435,0.21649999999999636,12831,16752
rrsa,rrsa-0.5,64,3,periodic,700202,event,1155,573,582,0.845947265625,-0.007792207792207792,0.007792207792207792,1,11,0,35167,34012,0.20980000000002974,10589,24578
rrsa,rrsa-0.5,64,3,periodic,700203,event,1137,577,560,0.832763671875,0.014951627088830254,0.014951627088830254,1,32,0,30171,29034,0.21000000000003638,6724,23447
rrsa,rrsa-0.5,64,3,periodic,700204,event,1140,564,576,0.8349609375,-0.010526315789473684,0.010526315789473684,1,0,12,30211,29071,0.20120000000002847,22421,7790
rrsa,rrsa-0.5,64,3,periodic,700205,event,1151,566,585,0.843017578125,-0.016507384882710686,0.016507384882710686,1,10,0,27575,26424,0.20259999999996126,9026,18549
rrsa,rrsa-0.5,64,3,periodic,700206,event,1136,589,547,0.83203125,0.03697183098591549,0.03697183098591549,1,0,10,26847,25711,0.20209999999997308,17525,9322
rrsa,rrsa-0.5,64,3,periodic,700207,event,1159,585,574,0.848876953125,0.009490940465918895,0.009490940465918895,1,5,0,44637,43478,0.22690000000000055,15086,29551
rrsa,rrsa-0.5,64,3,periodic,700208,event,1143,598,545,0.837158203125,0.04636920384951881,0.04636920384951881,1,26,0,28968,27825,0.21010000000001128,7352,21616
rrsa,rrsa-0.5,64,3,periodic,700209,event,1148,589,559,0.8408203125,0.02613240418118467,0.02613240418118467,1,0,19,27744,26596,0.20659999999998035,20477,7267
rrsa,rrsa-0.5,64,3,periodic,700210,event,1158,569,589,0.84814453125,-0.017271157167530225,0.017271157167530225,1,0,5,39322,38164,0.20769999999998845,22085,17237
rrsa,rrsa-0.5,64,3,periodic,700211,event,1161,604,557,0.850341796875,0.040482342807924204,0.040482342807924204,1,0,5,33246,32085,0.22020000000003392,19615,13631
rrsa,rrsa-0.5,64,3,periodic,700212,event,1146,530,616,0.83935546875,-0.07504363001745201,0.07504363001745201,1,10,0,26852,25706,0.20439999999996417,9500,17352
rrsa,rrsa-0.5,64,3,periodic,700213,event,1157,571,586,0.847412109375,-0.01296456352636128,0.01296456352636128,1,3,0,42287,41130,0.21240000000000236,17519,24768
rrsa,rrsa-0.5,64,3,periodic,700214,event,1134,570,564,0.83056640625,0.005291005291005291,0.005291005291005291,1,28,0,26813,25679,0.21189999999995734,5855,20958
rrsa,rrsa-0.5,64,3,periodic,700215,event,1149,579,570,0.841552734375,0.007832898172323759,0.007832898172323759,1,0,10,25499,24350,0.23279999999999745,14628,10871
rrsa,rrsa-0.5,64,3,periodic,700216,event,1156,584,572,0.8466796875,0.010380622837370242,0.010380622837370242,0,0,0,40611,39455,0.2144999999999868,24667,15944
rrsa,rrsa-0.5,64,3,periodic,700217,event,1136,609,527,0.83203125,0.0721830985915493,0.0721830985915493,1,0,19,26660,25524,0.21129999999999427,19920,6740
rrsa,rrsa-0.5,64,3,periodic,700218,event,1157,570,587,0.847412109375,-0.014693171996542784,0.014693171996542784,1,0,8,29597,28440,0.23529999999999518,18334,11263
rrsa,rrsa-0.5,64,3,periodic,700219,event,1148,581,567,0.8408203125,0.012195121951219513,0.012195121951219513,1,0,10,22479,21331,0.23589999999995825,12786,9693
rrsa,rrsa-0.5,64,3,periodic,700220,event,1140,579,561,0.8349609375,0.015789473684210527,0.015789473684210527,1,0,8,33764,32624,0.21300000000002228,21678,12086
rrsa,rrsa-0.5,64,3,periodic,700221,event,1162,585,577,0.85107421875,0.0068846815834767644,0.0068846815834767644,0,0,0,43136,41974,0.21039999999999281,16421,26715
rrsa,rrsa-0.5,64,3,periodic,700222,event,1115,558,557,0.816650390625,0.0008968609865470852,0.0008968609865470852,1,0,22,25913,24798,0.2004999999999768,18145,7768
rrsa,rrsa-0.5,64,3,periodic,700223,event,1151,549,602,0.843017578125,-0.046046915725456126,0.046046915725456126,1,2,0,28498,27347,0.23129999999997608,14871,13627
rrsa,rrsa-0.5,64,3,periodic,700224,event,1142,586,556,0.83642578125,0.02626970227670753,0.02626970227670753,1,16,0,22672,21530,0.21600000000000819,8437,14235
rrsa,rrsa-0.5,64,3,periodic,700225,event,1138,567,571,0.83349609375,-0.0035149384885764497,0.0035149384885764497,1,0,7,34943,33805,0.21630000000004657,22969,11974
rrsa,rrsa-0.5,64,3,periodic,700226,event,1158,599,559,0.84814453125,0.03454231433506045,0.03454231433506045,0,0,0,40687,39529,0.21649999999999636,22197,18490
rrsa,rrsa-0.5,64,3,periodic,700227,event,1150,546,604,0.84228515625,-0.050434782608695654,0.050434782608695654,1,2,0,33244,32094,0.23820000000000618,11130,22114
rrsa,rrsa-0.5,64,3,periodic,700228,event,1148,598,550,0.8408203125,0.041811846689895474,0.041811846689895474,1,0,5,27608,26460,0.202699999999993,16469,11139
rrsa,rrsa-0.5,64,3,periodic,700229,event,1133,565,568,0.829833984375,-0.00264783759929391,0.00264783759929391,1,0,11,25767,24634,0.2033999999999878,17195,8572
rrsa,rrsa-0.5,64,3,periodic,700230,event,1127,558,569,0.825439453125,-0.009760425909494233,0.009760425909494233,1,19,0,29146,28019,0.20060000000000855,7056,22090
rrsa,rrsa-0.5,64,3,periodic,700231,event,1144,562,582,0.837890625,-0.017482517482517484,0.017482517482517484,1,0,7,44250,43106,0.22200000000003683,30668,13582
rrsa,rrsa-0.5,64,3,periodic,700232,event,1150,558,592,0.84228515625,-0.029565217391304348,0.029565217391304348,1,12,0,27012,25862,0.20119999999997162,10085,16927
rrsa,rrsa-0.5,64,3,periodic,700233,event,1133,592,541,0.829833984375,0.04501323918799647,0.04501323918799647,1,0,18,28826,27693,0.20130000000000337,22326,6500
rrsa,rrsa-0.5,64,3,periodic,700234,event,1162,580,582,0.85107421875,-0.0017211703958691911,0.0017211703958691911,1,0,14,33117,31955,0.20350000000001955,24157,8960
rrsa,rrsa-0.5,64,3,periodic,700235,event,1148,596,552,0.8408203125,0.03832752613240418,0.03832752613240418,1,14,0,28672,27524,0.23409999999995534,7261,21411
rrsa,rrsa-0.5,64,3,periodic,700236,event,1156,550,606,0.8466796875,-0.04844290657439446,0.04844290657439446,1,0,4,38921,37765,0.21230000000002747,23606,15315
rrsa,rrsa-0.5,64,3,periodic,700237,event,1144,573,571,0.837890625,0.0017482517482517483,0.0017482517482517483,1,0,4,29661,28517,0.20769999999998845,16478,13183
rrsa,rrsa-0.5,64,3,periodic,700238,event,1150,566,584,0.84228515625,-0.01565217391304348,0.01565217391304348,1,1,0,35045,33895,0.21240000000000236,15935,19110
rrsa,rrsa-0.5,64,3,periodic,700239,event,1152,576,576,0.84375,0,0,1,0,8,30373,29221,0.2196999999999889,17954,12419
rrsa,rrsa-0.5,64,3,periodic,700240,event,1129,548,581,0.826904296875,-0.029229406554472984,0.029229406554472984,1,20,0,33802,32673,0.2541999999999689,7439,26363
rrsa,rrsa-0.5,64,3,periodic,700241,event,1155,558,597,0.845947265625,-0.033766233766233764,0.033766233766233764,1,0,4,28048,26893,0.20429999999998927,16677,11371
rrsa,rrsa-0.5,64,3,periodic,700242,event,1124,545,579,0.8232421875,-0.030249110320284697,0.030249110320284697,1,42,0,22096,20972,0.2016999999999598,6206,15890
rrsa,rrsa-0.5,64,3,periodic,700243,event,1144,558,586,0.837890625,-0.024475524475524476,0.024475524475524476,1,17,0,24371,23227,0.2255999999999858,8950,15421
rrsa,rrsa-0.5,64,3,periodic,700244,event,1139,602,537,0.834228515625,0.05706760316066725,0.05706760316066725,1,0,26,25195,24056,0.21330000000000382,18530,6665
rrsa,rrsa-0.5,64,3,periodic,700245,event,1150,564,586,0.84228515625,-0.019130434782608695,0.019130434782608695,1,0,13,33527,32377,0.223700000000008,23654,9873
rrsa,rrsa-0.5,64,3,periodic,700246,event,1158,580,578,0.84814453125,0.0017271157167530224,0.0017271157167530224,0,0,0,43803,42645,0.21479999999996835,22700,21103
rrsa,rrsa-0.5,64,3,periodic,700247,event,1161,557,604,0.850341796875,-0.040482342807924204,0.040482342807924204,1,0,7,27539,26378,0.2408999999999537,18902,8637
rrsa,rrsa-0.5,64,3,periodic,700248,event,1143,576,567,0.837158203125,0.007874015748031496,0.007874015748031496,1,0,20,23079,21936,0.2115999999999758,15783,7296
rrsa,rrsa-0.5,64,3,periodic,700249,event,1153,587,566,0.844482421875,0.01821335646140503,0.01821335646140503,1,2,0,44382,43229,0.20489999999995234,13826,30556
rrsa,rrsa-0.5,64,3,periodic,700250,event,1157,594,563,0.847412109375,0.02679343128781331,0.02679343128781331,1,0,14,24565,23408,0.20240000000001146,16922,7643
rrsa,rrsa-0.5,64,3,periodic,700251,event,1136,591,545,0.83203125,0.040492957746478875,0.040492957746478875,1,7,0,28309,27173,0.21769999999997935,12755,15554
rrsa,rrsa-0.5,64,3,periodic,700252,event,1140,562,578,0.8349609375,-0.014035087719298246,0.014035087719298246,1,18,0,24684,23544,0.20690000000001874,6641,18043
rrsa,rrsa-0.5,64,3,periodic,700253,event,1143,554,589,0.837158203125,-0.03062117235345582,0.03062117235345582,1,14,0,40731,39588,0.2127999999999588,9968,30763
rrsa,rrsa-0.5,64,3,periodic,700254,event,1129,558,571,0.826904296875,-0.011514614703277236,0.011514614703277236,1,25,0,23841,22712,0.21249999999997726,5966,17875
rrsa,rrsa-0.5,64,3,periodic,700255,event,1151,577,574,0.843017578125,0.0026064291920069507,0.0026064291920069507,1,3,0,45235,44084,0.2225999999999999,19514,25721
rrsa,rrsa-0.5,64,3,periodic,700256,event,1140,581,559,0.8349609375,0.01929824561403509,0.01929824561403509,1,0,20,33546,32406,0.20799999999997,26727,6819
rrsa,rrsa-0.5,64,3,periodic,700257,event,1147,565,582,0.840087890625,-0.014821272885789015,0.014821272885789015,1,0,4,29279,28132,0.2096000000000231,18512,10767
rrsa,rrsa-0.5,64,3,periodic,700258,event,1136,558,578,0.83203125,-0.017605633802816902,0.017605633802816902,1,0,31,20884,19748,0.19559999999995625,14718,6166
rrsa,rrsa-0.5,64,3,periodic,700259,event,1114,555,559,0.81591796875,-0.003590664272890485,0.003590664272890485,1,41,0,23592,22478,0.21879999999998745,5566,18026
rrsa,rrsa-0.5,64,3,periodic,700260,event,1119,548,571,0.819580078125,-0.020554066130473638,0.020554066130473638,1,36,0,38571,37452,0.19479999999998654,6263,32308
rrsa,rrsa-0.5,64,3,periodic,700261,event,1156,574,582,0.8466796875,-0.006920415224913495,0.006920415224913495,1,0,4,31946,30790,0.19549999999998136,17234,14712
rrsa,rrsa-0.5,64,3,periodic,700262,event,1124,571,553,0.8232421875,0.01601423487544484,0.01601423487544484,1,0,27,28521,27397,0.20139999999997826,20837,7684
rrsa,rrsa-0.5,64,3,periodic,700263,event,1128,593,535,0.826171875,0.051418439716312055,0.051418439716312055,1,29,0,29477,28349,0.20890000000002829,6561,22916
rrsa,rrsa-0.5,64,3,periodic,700264,event,1145,605,540,0.838623046875,0.056768558951965066,0.056768558951965066,1,0,3,30303,29158,0.19350000000002865,19551,10752
rrsa,rrsa-0.5,64,3,periodic,700265,event,1136,536,600,0.83203125,-0.056338028169014086,0.056338028169014086,1,18,0,23027,21891,0.19420000000002346,6373,16654
rrsa,rrsa-0.5,64,3,periodic,700266,event,1131,543,588,0.828369140625,-0.03978779840848806,0.03978779840848806,1,17,0,26375,25244,0.19769999999999754,7771,18604
rrsa,rrsa-0.5,64,3,periodic,700267,event,1138,567,571,0.83349609375,-0.0035149384885764497,0.0035149384885764497,1,0,16,43195,42057,0.2155999999999949,35419,7776
rrsa,rrsa-0.5,64,3,periodic,700268,event,1146,574,572,0.83935546875,0.0017452006980802793,0.0017452006980802793,1,5,0,29020,27874,0.20210000000002992,15143,13877
rrsa,rrsa-0.5,64,3,periodic,700269,event,1126,560,566,0.82470703125,-0.0053285968028419185,0.0053285968028419185,1,0,35,23196,22070,0.19220000000001392,16678,6518
rrsa,rrsa-0.5,64,3,periodic,700270,event,1155,591,564,0.845947265625,0.023376623376623377,0.023376623376623377,1,18,0,25720,24565,0.2008000000000152,7996,17724
rrsa,rrsa-0.5,64,3,periodic,700271,event,1159,617,542,0.848876953125,0.06471095772217429,0.06471095772217429,0,0,0,49555,48396,0.22629999999998063,27740,21815
rrsa,rrsa-0.5,64,3,periodic,700272,event,1151,590,561,0.843017578125,0.02519548218940052,0.02519548218940052,1,0,9,37192,36041,0.21209999999996398,25593,11599
rrsa,rrsa-0.5,64,3,periodic,700273,event,1136,568,568,0.83203125,0,0,1,21,0,19125,17989,0.20090000000004693,6683,12442
rrsa,rrsa-0.5,64,3,periodic,700274,event,1145,579,566,0.838623046875,0.011353711790393014,0.011353711790393014,1,10,0,34699,33554,0.19290000000000873,8446,26253
rrsa,rrsa-0.5,64,3,periodic,700275,event,1137,564,573,0.832763671875,-0.0079155672823219,0.0079155672823219,1,5,0,40528,39391,2.689900000000023,13578,26950
rrsa,rrsa-0.5,64,3,periodic,700276,event,1140,571,569,0.8349609375,0.0017543859649122807,0.0017543859649122807,1,0,20,26559,25419,0.2592999999999961,17949,8610
rrsa,rrsa-0.5,64,3,periodic,700277,event,1149,563,586,0.841552734375,-0.020017406440382943,0.020017406440382943,0,0,0,43088,41939,0.2489999999999668,17721,25367
rrsa,rrsa-0.5,64,3,periodic,700278,event,1147,541,606,0.840087890625,-0.05666957279860506,0.05666957279860506,1,12,0,36866,35719,0.23599999999999,10278,26588
rrsa,rrsa-0.5,64,3,periodic,700279,event,1125,572,553,0.823974609375,0.016888888888888887,0.016888888888888887,1,0,19,37322,36197,0.21870000000001255,30277,7045
rrsa,rrsa-0.5,64,3,periodic,700280,event,1151,559,592,0.843017578125,-0.028670721112076455,0.028670721112076455,0,0,0,31493,30342,0.21240000000000236,13554,17939
rrsa,rrsa-0.5,64,3,periodic,700281,event,1167,613,554,0.854736328125,0.050556983718937444,0.050556983718937444,0,0,0,46620,45453,0.2717000000000098,20569,26051
rrsa,rrsa-0.5,64,3,periodic,700282,event,1146,552,594,0.83935546875,-0.03664921465968586,0.03664921465968586,1,6,0,35510,34364,0.22149999999999181,10264,25246
rrsa,rrsa-0.5,64,3,periodic,700283,event,1159,574,585,0.848876953125,-0.009490940465918895,0.009490940465918895,1,3,0,35456,34297,0.24840000000000373,14908,20548
rrsa,rrsa-0.5,64,3,periodic,700284,event,1123,557,566,0.822509765625,-0.008014247551202136,0.008014247551202136,1,30,0,29655,28532,0.22539999999997917,7255,22400
rrsa,rrsa-0.5,64,3,periodic,700285,event,1148,604,544,0.8408203125,0.05226480836236934,0.05226480836236934,1,8,0,33019,31871,0.2056999999999789,11543,21476
rrsa,rrsa-0.5,64,3,periodic,700286,event,1119,554,565,0.819580078125,-0.009830205540661306,0.009830205540661306,1,28,0,22370,21251,0.19929999999999382,6045,16325
rrsa,rrsa-0.5,64,3,periodic,700287,event,1138,540,598,0.83349609375,-0.050966608084358524,0.050966608084358524,1,0,31,30234,29096,0.206799999999987,24482,5752
rrsa,rrsa-0.5,64,3,periodic,700288,event,1141,568,573,0.835693359375,-0.0043821209465381246,0.0043821209465381246,1,4,0,24269,23128,0.18659999999999854,9402,14867
rrsa,rrsa-0.5,64,3,periodic,700289,event,1147,576,571,0.840087890625,0.004359197907585004,0.004359197907585004,1,0,12,28067,26920,0.1923999999999637,20929,7138
rrsa,rrsa-0.5,64,3,periodic,700290,event,1120,531,589,0.8203125,-0.05178571428571429,0.05178571428571429,1,44,0,26075,24955,0.1815000000000282,6597,19478
rrsa,rrsa-0.5,64,3,periodic,700291,event,1131,585,546,0.828369140625,0.034482758620689655,0.034482758620689655,1,0,16,30556,29425,0.18139999999999645,22794,7762
rrsa,rrsa-0.5,64,3,periodic,700292,event,1143,564,579,0.837158203125,-0.013123359580052493,0.013123359580052493,1,0,18,25808,24665,0.181699999999978,17542,8266
rrsa,rrsa-0.5,64,3,periodic,700293,event,1150,579,571,0.84228515625,0.006956521739130435,0.006956521739130435,1,14,0,26541,25391,0.19990000000001373,10665,15876
rrsa,rrsa-0.5,64,3,periodic,700294,event,1145,557,588,0.838623046875,-0.027074235807860263,0.027074235807860263,1,0,11,34897,33752,0.19870000000003074,26398,8499
rrsa,rrsa-0.5,64,3,periodic,700295,event,1155,591,564,0.845947265625,0.023376623376623377,0.023376623376623377,1,6,0,32086,30931,0.1821000000000481,9266,22820
rrsa,rrsa-0.5,64,3,periodic,700296,event,1141,559,582,0.835693359375,-0.020157756354075372,0.020157756354075372,1,14,0,26586,25445,0.1822999999999979,7240,19346
rrsa,rrsa-0.5,64,3,periodic,700297,event,1157,591,566,0.847412109375,0.021607605877268798,0.021607605877268798,0,0,0,46512,45355,0.18299999999999272,27132,19380
rrsa,rrsa-0.5,64,3,periodic,700298,event,1139,560,579,0.834228515625,-0.016681299385425813,0.016681299385425813,1,11,0,29554,28415,0.20710000000002537,10179,19375
rrsa,rrsa-0.5,64,3,periodic,700299,event,1127,568,559,0.825439453125,0.007985803016858917,0.007985803016858917,1,45,0,29320,28193,0.2119000000000142,4918,24402
rrsa,rrsa-0.5,64,3,periodic,700300,event,1159,579,580,0.848876953125,-0.0008628127696289905,0.0008628127696289905,1,0,12,34455,33296,0.247099999999989,24987,9468
rrsa,rrsa-0.5,64,3,periodic,700301,event,1151,575,576,0.843017578125,-0.0008688097306689834,0.0008688097306689834,1,4,0,35842,34691,0.22649999999998727,13058,22784
rrsa,rrsa-0.5,64,3,periodic,700302,event,1139,564,575,0.834228515625,-0.009657594381035996,0.009657594381035996,1,0,10,29542,28403,0.2229000000000383,19769,9773
rrsa,rrsa-0.5,64,3,periodic,700303,event,1139,522,617,0.834228515625,-0.08340649692712906,0.08340649692712906,1,0,21,21642,20503,0.20490000000000919,14520,7122
rrsa,rrsa-0.5,64,3,periodic,700304,event,1142,570,572,0.83642578125,-0.0017513134851138354,0.0017513134851138354,1,0,13,24389,23247,0.2758000000000038,15186,9203
rrsa,rrsa-0.5,64,3,periodic,700305,event,1138,572,566,0.83349609375,0.005272407732864675,0.005272407732864675,1,0,19,30847,29709,0.2074000000000069,23043,7804
rrsa,rrsa-0.5,64,3,periodic,700306,event,1140,563,577,0.8349609375,-0.012280701754385965,0.012280701754385965,1,0,3,36002,34862,0.21510000000000673,24292,11710
rrsa,rrsa-0.5,64,3,periodic,700307,event,1139,546,593,0.834228515625,-0.041264266900790166,0.041264266900790166,1,0,10,29890,28751,0.21030000000001792,20538,9352
rrsa,rrsa-0.5,64,3,periodic,700308,event,1133,565,568,0.829833984375,-0.00264783759929391,0.00264783759929391,1,0,12,27691,26558,0.23289999999997235,19379,8312
rrsa,rrsa-0.5,64,3,periodic,700309,event,1137,579,558,0.832763671875,0.018469656992084433,0.018469656992084433,1,3,0,31643,30506,0.21760000000000446,9696,21947
rrsa,rrsa-0.5,64,3,periodic,700310,event,1147,580,567,0.840087890625,0.011333914559721011,0.011333914559721011,1,0,2,36671,35524,0.377900000000011,17308,19363
rrsa,rrsa-0.5,64,3,periodic,700311,event,1126,558,568,0.82470703125,-0.008880994671403197,0.008880994671403197,1,0,25,26759,25633,0.21000000000003638,20551,6208
rrsa,rrsa-0.5,64,3,periodic,700312,event,1151,591,560,0.843017578125,0.02693310165073849,0.02693310165073849,1,9,0,28493,27342,0.2318000000000211,11102,17391
rrsa,rrsa-0.5,64,3,periodic,700313,event,1166,563,603,0.85400390625,-0.03430531732418525,0.03430531732418525,1,0,3,36996,35830,0.21589999999997644,23498,13498
rrsa,rrsa-0.5,64,3,periodic,700314,event,1148,572,576,0.8408203125,-0.003484320557491289,0.003484320557491289,1,6,0,41366,40218,0.20659999999998035,13952,27414
rrsa,rrsa-0.5,64,3,periodic,700315,event,1132,562,570,0.8291015625,-0.007067137809187279,0.007067137809187279,1,29,0,21469,20337,0.21460000000001855,5360,16109
rrsa,rrsa-0.5,64,3,periodic,700316,event,1152,570,582,0.84375,-0.010416666666666666,0.010416666666666666,0,0,0,38327,37175,0.23029999999999973,19170,19157
rrsa,rrsa-0.5,64,3,periodic,700317,event,1159,572,587,0.848876953125,-0.012942191544434857,0.012942191544434857,1,10,0,33867,32708,0.21510000000000673,10721,23146
rrsa,rrsa-0.5,64,3,periodic,700318,event,1161,606,555,0.850341796875,0.04392764857881137,0.04392764857881137,1,0,1,43738,42577,0.21829999999999927,23214,20524
rrsa,rrsa-0.5,64,3,periodic,700319,event,1126,552,574,0.82470703125,-0.019538188277087035,0.019538188277087035,1,0,13,25948,24822,0.21350000000001046,17687,8261
rrsa,rrsa-0.5,64,3,periodic,700320,event,1162,555,607,0.85107421875,-0.04475043029259897,0.04475043029259897,1,0,1,57277,56115,0.261099999999999,34475,22802
rrsa,rrsa-0.5,64,3,periodic,700321,event,1140,570,570,0.8349609375,0,0,1,17,0,21873,20733,0.21630000000004657,7722,14151
rrsa,rrsa-0.5,64,3,periodic,700322,event,1147,571,576,0.840087890625,-0.004359197907585004,0.004359197907585004,1,0,3,38707,37560,0.37709999999998445,22170,16537
rrsa,rrsa-0.5,64,3,periodic,700323,event,1150,566,584,0.84228515625,-0.01565217391304348,0.01565217391304348,1,0,2,45296,44146,0.22169999999999845,30336,14960
rrsa,rrsa-0.5,64,3,periodic,700324,event,1144,597,547,0.837890625,0.043706293706293704,0.043706293706293704,1,0,4,35189,34045,0.21740000000005466,17640,17549
rrsa,rrsa-0.5,64,3,periodic,700325,event,1120,568,552,0.8203125,0.014285714285714285,0.014285714285714285,1,0,54,27658,26538,0.18870000000003984,23218,4440
rrsa,rrsa-0.5,64,3,periodic,700326,event,1121,515,606,0.821044921875,-0.08117752007136485,0.08117752007136485,1,37,0,23111,21990,0.1973000000000411,5463,17648
rrsa,rrsa-0.5,64,3,periodic,700327,event,1139,539,600,0.834228515625,-0.053555750658472345,0.053555750658472345,1,0,18,42747,41608,0.22550000000001091,33717,9030
rrsa,rrsa-0.5,64,3,periodic,700328,event,1143,587,556,0.837158203125,0.02712160979877515,0.02712160979877515,1,19,0,26933,25790,0.25619999999997844,7613,19320
rrsa,rrsa-0.5,64,3,periodic,700329,event,1134,534,600,0.83056640625,-0.0582010582010582,0.0582010582010582,1,10,0,28671,27537,0.220799999999997,9246,19425
rrsa,rrsa-0.5,64,3,periodic,700330,event,1152,578,574,0.84375,0.003472222222222222,0.003472222222222222,1,15,0,31871,30719,0.231899999999996,8868,23003
rrsa,rrsa-0.5,64,3,periodic,700331,event,1153,568,585,0.844482421875,-0.014744145706851692,0.014744145706851692,0,0,0,37828,36675,0.218400000000031,23786,14042
rrsa,rrsa-0.5,64,3,periodic,700332,event,1141,561,580,0.835693359375,-0.016652059596844872,0.016652059596844872,1,15,0,30173,29032,0.23529999999999518,9869,20304
rrsa,rrsa-0.5,64,3,periodic,700333,event,1155,569,586,0.845947265625,-0.01471861471861472,0.01471861471861472,1,0,4,32167,31012,0.210899999999981,20552,11615
rrsa,rrsa-0.5,64,3,periodic,700334,event,1159,599,560,0.848876953125,0.03364969801553063,0.03364969801553063,1,7,0,38940,37781,0.2896999999999821,12832,26108
rrsa,rrsa-0.5,64,3,periodic,700335,event,1134,574,560,0.83056640625,0.012345679012345678,0.012345679012345678,1,0,30,24720,23586,0.20839999999998327,18715,6005
rrsa,rrsa-0.5,64,3,periodic,700336,event,1154,567,587,0.84521484375,-0.01733102253032929,0.01733102253032929,1,0,2,39482,38328,0.23140000000000782,23208,16274
rrsa,rrsa-0.5,64,3,periodic,700337,event,1153,578,575,0.844482421875,0.0026019080659150044,0.0026019080659150044,1,1,0,38275,37122,0.2056999999999789,17430,20845
rrsa,rrsa-0.5,64,3,periodic,700338,event,1121,583,538,0.821044921875,0.04014272970561998,0.04014272970561998,1,0,38,25225,24104,0.2097999999999729,20392,4833
rrsa,rrsa-0.5,64,3,periodic,700339,event,1145,581,564,0.838623046875,0.014847161572052401,0.014847161572052401,1,19,0,28724,27579,0.2207000000000221,7462,21262
rrsa,rrsa-0.5,64,3,periodic,700340,event,1142,584,558,0.83642578125,0.02276707530647986,0.02276707530647986,1,6,0,44338,43196,0.23579999999998336,12583,31755
rrsa,rrsa-0.5,64,3,periodic,700341,event,1158,556,602,0.84814453125,-0.039723661485319514,0.039723661485319514,1,9,0,30935,29777,0.20699999999999363,10034,20901
rrsa,rrsa-0.5,64,3,periodic,700342,event,1136,601,535,0.83203125,0.058098591549295774,0.058098591549295774,1,0,8,24773,23637,0.20509999999995898,15381,9392
rrsa,rrsa-0.5,64,3,periodic,700343,event,1136,593,543,0.83203125,0.04401408450704225,0.04401408450704225,1,0,12,27627,26491,0.2085999999999899,17463,10164
rrsa,rrsa-0.5,64,3,periodic,700344,event,1147,576,571,0.840087890625,0.004359197907585004,0.004359197907585004,1,0,9,32591,31444,0.23540000000002692,22001,10590
rrsa,rrsa-0.5,64,3,periodic,700345,event,1160,572,588,0.849609375,-0.013793103448275862,0.013793103448275862,1,3,0,35355,34195,0.20870000000002165,12805,22550
rrsa,rrsa-0.5,64,3,periodic,700346,event,1138,579,559,0.83349609375,0.01757469244288225,0.01757469244288225,1,0,6,38772,37634,0.2471999999999639,26567,12205
rrsa,rrsa-0.5,64,3,periodic,700347,event,1133,573,560,0.829833984375,0.01147396293027361,0.01147396293027361,1,0,29,20908,19775,0.21829999999999927,14489,6419
rrsa,rrsa-0.5,64,3,periodic,700348,event,1136,568,568,0.83203125,0,0,1,0,24,29658,28522,0.24020000000001573,23117,6541
rrsa,rrsa-0.5,64,3,periodic,700349,event,1135,575,560,0.831298828125,0.013215859030837005,0.013215859030837005,1,0,24,29734,28599,0.20280000000002474,22978,6756
rrsa,rrsa-0.5,64,3,periodic,700350,event,1159,549,610,0.848876953125,-0.05263157894736842,0.05263157894736842,1,0,4,35344,34185,0.21179999999998245,21004,14340
rrsa,rrsa-0.5,64,3,periodic,700351,event,1155,573,582,0.845947265625,-0.007792207792207792,0.007792207792207792,0,0,0,46131,44976,0.20149999999995316,24028,22103
rrsa,rrsa-0.5,64,3,periodic,700352,event,1137,585,552,0.832763671875,0.029023746701846966,0.029023746701846966,1,0,13,25402,24265,0.21839999999997417,16092,9310
rrsa,rrsa-0.5,64,3,periodic,700353,event,1144,568,576,0.837890625,-0.006993006993006993,0.006993006993006993,1,9,0,26941,25797,0.23129999999997608,8741,18200
rrsa,rrsa-0.5,64,3,periodic,700354,event,1151,571,580,0.843017578125,-0.007819287576020852,0.007819287576020852,1,0,15,35981,34830,0.20519999999999072,28753,7228
rrsa,rrsa-0.5,64,3,periodic,700355,event,1166,585,581,0.85400390625,0.003430531732418525,0.003430531732418525,0,0,0,31612,30446,0.30869999999998754,14233,17379
rrsa,rrsa-0.5,64,3,periodic,700356,event,1136,542,594,0.83203125,-0.045774647887323945,0.045774647887323945,1,31,0,27520,26384,0.25,5946,21574
rrsa,rrsa-0.5,64,3,periodic,700357,event,1121,561,560,0.821044921875,0.0008920606601248885,0.0008920606601248885,1,27,0,26956,25835,0.20720000000000027,6578,20378
rrsa,rrsa-0.5,64,3,periodic,700358,event,1134,565,569,0.83056640625,-0.003527336860670194,0.003527336860670194,1,0,23,23921,22787,0.212600000000009,16835,7086
rrsa,rrsa-0.5,64,3,periodic,700359,event,1167,579,588,0.854736328125,-0.007712082262210797,0.007712082262210797,1,5,0,36205,35038,0.21330000000000382,13967,22238
rrsa,rrsa-0.5,64,3,periodic,700360,event,1126,569,557,0.82470703125,0.010657193605683837,0.010657193605683837,1,0,24,25327,24201,0.22910000000001673,17641,7686
rrsa,rrsa-0.5,64,3,periodic,700361,event,1149,556,593,0.841552734375,-0.03220191470844212,0.03220191470844212,1,6,0,36659,35510,0.21450000000004366,15210,21449
rrsa,rrsa-0.5,64,3,periodic,700362,event,1142,541,601,0.83642578125,-0.05253940455341506,0.05253940455341506,1,0,13,26334,25192,0.21749999999997272,17104,9230
rrsa,rrsa-0.5,64,3,periodic,700363,event,1147,570,577,0.840087890625,-0.006102877070619006,0.006102877070619006,1,2,0,41772,40625,0.21710000000001628,18367,23405
rrsa,rrsa-0.5,64,3,periodic,700364,event,1131,553,578,0.828369140625,-0.022104332449160036,0.022104332449160036,1,0,21,18875,17744,0.22849999999999682,11292,7583
rrsa,rrsa-0.5,64,3,periodic,700365,event,1154,589,565,0.84521484375,0.02079722703639515,0.02079722703639515,1,7,0,38490,37336,0.20319999999998117,13474,25016
rrsa,rrsa-0.5,64,3,periodic,700366,event,1149,579,570,0.841552734375,0.007832898172323759,0.007832898172323759,1,0,3,45668,44519,0.2038000000000011,31932,13736
rrsa,rrsa-0.5,64,3,periodic,700367,event,1141,569,572,0.835693359375,-0.0026292725679228747,0.0026292725679228747,1,18,0,26735,25594,0.20539999999999736,7516,19219
rrsa,rrsa-0.5,64,3,periodic,700368,event,1154,563,591,0.84521484375,-0.024263431542461005,0.024263431542461005,1,2,0,38920,37766,0.214999999999975,13062,25858
rrsa,rrsa-0.5,64,3,periodic,700369,event,1157,595,562,0.847412109375,0.028522039757994815,0.028522039757994815,1,0,8,34715,33558,0.20289999999999964,26404,8311
rrsa,rrsa-0.5,64,3,periodic,700370,event,1143,555,588,0.837158203125,-0.028871391076115485,0.028871391076115485,1,25,0,29007,27864,0.20309999999994943,5989,23018
rrsa,rrsa-0.5,64,3,periodic,700371,event,1155,565,590,0.845947265625,-0.021645021645021644,0.021645021645021644,1,8,0,26392,25237,0.19919999999996207,12598,13794
rrsa,rrsa-0.5,64,3,periodic,700372,event,1116,570,546,0.8173828125,0.021505376344086023,0.021505376344086023,1,38,0,35377,34261,0.2208999999999719,5268,30109
rrsa,rrsa-0.5,64,3,periodic,700373,event,1150,606,544,0.84228515625,0.05391304347826087,0.05391304347826087,1,0,4,39097,37947,0.21860000000003765,24166,14931
rrsa,rrsa-0.5,64,3,periodic,700374,event,1133,575,558,0.829833984375,0.01500441306266549,0.01500441306266549,1,10,0,41202,40069,0.202699999999993,10678,30524
rrsa,rrsa-0.5,64,3,periodic,700375,event,1135,570,565,0.831298828125,0.004405286343612335,0.004405286343612335,1,15,0,31795,30660,0.19929999999999382,8456,23339
rrsa,rrsa-0.5,64,3,periodic,700376,event,1143,586,557,0.837158203125,0.02537182852143482,0.02537182852143482,1,18,0,35750,34607,0.20949999999999136,9036,26714
rrsa,rrsa-0.5,64,3,periodic,700377,event,1134,574,560,0.83056640625,0.012345679012345678,0.012345679012345678,1,0,26,24487,23353,0.19390000000004193,17776,6711
rrsa,rrsa-0.5,64,3,periodic,700378,event,1133,600,533,0.829833984375,0.05913503971756399,0.05913503971756399,1,0,29,22495,21362,0.1922999999999888,16496,5999
rrsa,rrsa-0.5,64,3,periodic,700379,event,1148,571,577,0.8408203125,-0.005226480836236934,0.005226480836236934,1,17,0,35754,34606,0.19530000000003156,9673,26081
rrsa,rrsa-0.5,64,3,periodic,700380,event,1152,564,588,0.84375,-0.020833333333333332,0.020833333333333332,0,0,0,37743,36591,0.2108000000000061,22121,15622
rrsa,rrsa-0.5,64,3,periodic,700381,event,1137,548,589,0.832763671875,-0.03605980650835532,0.03605980650835532,1,3,0,33420,32283,0.1938000000000102,15596,17824
rrsa,rrsa-0.5,64,3,periodic,700382,event,1148,578,570,0.8408203125,0.006968641114982578,0.006968641114982578,1,9,0,30501,29353,0.1938000000000102,11665,18836
rrsa,rrsa-0.5,64,3,periodic,700383,event,1147,561,586,0.840087890625,-0.021795989537925022,0.021795989537925022,1,11,0,37310,36163,0.19499999999999318,10021,27289
rrsa,rrsa-0.5,64,3,periodic,700384,event,1135,567,568,0.831298828125,-0.000881057268722467,0.000881057268722467,1,13,0,30967,29832,0.20570000000003574,11025,19942
rrsa,rrsa-0.5,64,3,periodic,700385,event,1141,586,555,0.835693359375,0.02716914986853637,0.02716914986853637,1,25,0,27072,25931,0.19419999999996662,7733,19339
rrsa,rrsa-0.5,64,3,periodic,700386,event,1145,564,581,0.838623046875,-0.014847161572052401,0.014847161572052401,1,0,9,53488,52343,0.1933999999999969,42768,10720
rrsa,rrsa-0.5,64,3,periodic,700387,event,1136,552,584,0.83203125,-0.028169014084507043,0.028169014084507043,1,25,0,27049,25913,0.19479999999998654,6607,20442
rrsa,rrsa-0.5,64,3,periodic,700388,event,1152,568,584,0.84375,-0.013888888888888888,0.013888888888888888,1,0,9,36123,34971,0.21189999999995734,25358,10765
rrsa,rrsa-0.5,64,3,periodic,700389,event,1135,575,560,0.831298828125,0.013215859030837005,0.013215859030837005,1,0,22,26097,24962,0.1945999999999799,18347,7750
rrsa,rrsa-0.5,64,3,periodic,700390,event,1132,571,561,0.8291015625,0.0088339222614841,0.0088339222614841,1,36,0,23242,22110,0.1923999999999637,5871,17371
rrsa,rrsa-0.5,64,3,periodic,700391,event,1126,553,573,0.82470703125,-0.017761989342806393,0.017761989342806393,1,23,0,29349,28223,0.19610000000000127,8255,21094
rrsa,rrsa-0.5,64,3,periodic,700392,event,1137,567,570,0.832763671875,-0.002638522427440633,0.002638522427440633,1,0,16,41646,40509,0.2270000000000323,32315,9331
rrsa,rrsa-0.5,64,3,periodic,700393,event,1151,552,599,0.843017578125,-0.04083405734144222,0.04083405734144222,1,10,0,40058,38907,0.2506000000000199,9664,30394
rrsa,rrsa-0.5,64,3,periodic,700394,event,1115,527,588,0.816650390625,-0.054708520179372194,0.054708520179372194,1,43,0,38449,37334,0.21729999999996608,5626,32823
rrsa,rrsa-0.5,64,3,periodic,700395,event,1148,599,549,0.8408203125,0.04355400696864112,0.04355400696864112,1,0,20,27860,26712,0.2156999999999698,19776,8084
rrsa,rrsa-0.5,64,3,periodic,700396,event,1111,544,567,0.813720703125,-0.020702070207020702,0.020702070207020702,1,47,0,25924,24813,0.2326999999999657,4717,21207
rrsa,rrsa-0.5,64,3,periodic,700397,event,1165,583,582,0.853271484375,0.0008583690987124463,0.0008583690987124463,1,2,0,34406,33241,0.21760000000000446,13998,20408
rrsa,rrsa-0.5,64,3,periodic,700398,event,1123,578,545,0.822509765625,0.029385574354407838,0.029385574354407838,1,0,29,26196,25073,0.21059999999999945,20537,5659
rrsa,rrsa-0.5,64,3,periodic,700399,event,1156,582,574,0.8466796875,0.006920415224913495,0.006920415224913495,1,0,9,32901,31745,0.20750000000003865,23055,9846
rrsa,rrsa-0.5,64,3,periodic,700400,event,1142,602,540,0.83642578125,0.0542907180385289,0.0542907180385289,1,0,21,23701,22559,0.23630000000002838,16520,7181
rrsa,rrsa-0.5,64,3,periodic,700401,event,1143,590,553,0.837158203125,0.03237095363079615,0.03237095363079615,1,22,0,22706,21563,0.2137000000000171,6522,16184
rrsa,rrsa-0.5,64,3,periodic,700402,event,1167,579,588,0.854736328125,-0.007712082262210797,0.007712082262210797,1,0,4,28631,27464,0.20599999999996044,13903,14728
rrsa,rrsa-0.5,64,3,periodic,700403,event,1118,562,556,0.81884765625,0.005366726296958855,0.005366726296958855,1,0,31,26103,24985,0.19900000000001228,21212,4891
rrsa,rrsa-0.5,64,3,periodic,700404,event,1139,568,571,0.834228515625,-0.0026338893766461808,0.0026338893766461808,1,0,24,31265,30126,0.21510000000000673,24401,6864
rrsa,rrsa-0.5,64,3,periodic,700405,event,1160,571,589,0.849609375,-0.015517241379310345,0.015517241379310345,1,9,0,28293,27133,0.20510000000001583,9308,18985
rrsa,rrsa-0.5,64,3,periodic,700406,event,1129,545,584,0.826904296875,-0.03454384410983171,0.03454384410983171,1,44,0,26017,24888,0.2008000000000152,5117,20900
rrsa,rrsa-0.5,64,3,periodic,700407,event,1137,589,548,0.832763671875,0.03605980650835532,0.03605980650835532,1,11,0,22192,21055,0.21230000000002747,7946,14246
rrsa,rrsa-0.5,64,3,periodic,700408,event,1139,583,556,0.834228515625,0.02370500438981563,0.02370500438981563,1,0,5,33037,31898,0.21729999999996608,22160,10877
rrsa,rrsa-0.5,64,3,periodic,700409,event,1133,539,594,0.829833984375,-0.04854368932038835,0.04854368932038835,1,0,11,29595,28462,0.20130000000000337,21013,8582
rrsa,rrsa-0.5,64,3,periodic,700410,event,1160,579,581,0.849609375,-0.0017241379310344827,0.0017241379310344827,1,0,4,28798,27638,0.20879999999999654,16009,12789
rrsa,rrsa-0.5,64,3,periodic,700411,event,1126,532,594,0.82470703125,-0.055062166962699825,0.055062166962699825,1,38,0,35664,34538,0.20170000000001664,4674,30990
rrsa,rrsa-0.5,64,3,periodic,700412,event,1138,564,574,0.83349609375,-0.008787346221441126,0.008787346221441126,1,29,0,23029,21891,0.21839999999997417,7033,15996
rrsa,rrsa-0.5,64,3,periodic,700413,event,1148,559,589,0.8408203125,-0.02613240418118467,0.02613240418118467,1,10,0,24947,23799,0.20429999999998927,7466,17481
rrsa,rrsa-0.5,64,3,periodic,700414,event,1129,559,570,0.826904296875,-0.00974313551815766,0.00974313551815766,1,0,28,26511,25382,0.2014000000000351,19701,6810
rrsa,rrsa-0.5,64,3,periodic,700415,event,1148,589,559,0.8408203125,0.02613240418118467,0.02613240418118467,1,0,2,34635,33487,0.20460000000002765,20103,14532
rrsa,rrsa-0.5,64,3,periodic,700416,event,1161,596,565,0.850341796875,0.026701119724375538,0.026701119724375538,1,5,0,32209,31048,0.24270000000001346,12173,20036
rrsa,rrsa-0.5,64,3,periodic,700417,event,1144,590,554,0.837890625,0.03146853146853147,0.03146853146853147,1,0,26,40156,39012,0.2015999999999849,34102,6054
rrsa,rrsa-0.5,64,3,periodic,700418,event,1121,583,538,0.821044921875,0.04014272970561998,0.04014272970561998,1,0,22,27493,26372,0.2446000000000481,20792,6701
rrsa,rrsa-0.5,64,3,periodic,700419,event,1140,572,568,0.8349609375,0.0035087719298245615,0.0035087719298245615,1,8,0,31849,30709,0.2115000000000009,9402,22447
rrsa,rrsa-0.5,64,3,periodic,700420,event,1153,548,605,0.844482421875,-0.049436253252385085,0.049436253252385085,1,11,0,26839,25686,0.22059999999999036,10096,16743
rrsa,rrsa-0.5,64,3,periodic,700421,event,1142,558,584,0.83642578125,-0.02276707530647986,0.02276707530647986,1,19,0,31927,30785,0.20249999999998636,7826,24101
rrsa,rrsa-0.5,64,3,periodic,700422,event,1153,593,560,0.844482421875,0.028620988725065046,0.028620988725065046,1,0,8,25375,24222,0.20320000000003802,15761,9614
rrsa,rrsa-0.5,64,3,periodic,700423,event,1153,581,572,0.844482421875,0.007805724197745013,0.007805724197745013,1,0,7,44272,43119,0.2107000000000312,34706,9566
rrsa,rrsa-0.5,64,3,periodic,700424,event,1125,563,562,0.823974609375,0.0008888888888888889,0.0008888888888888889,1,0,21,25341,24216,0.23130000000003292,18442,6899
rrsa,rrsa-0.5,64,3,periodic,700425,event,1144,536,608,0.837890625,-0.06293706293706294,0.06293706293706294,1,0,3,30155,29011,0.21410000000003038,17246,12909
rrsa,rrsa-0.5,64,3,periodic,700426,event,1144,539,605,0.837890625,-0.057692307692307696,0.057692307692307696,1,17,0,34539,33395,0.22400000000004638,7434,27105
rrsa,rrsa-0.5,64,3,periodic,700427,event,1135,587,548,0.831298828125,0.03436123348017621,0.03436123348017621,1,0,18,35034,33899,0.21409999999997353,26637,8397
rrsa,rrsa-0.5,64,3,periodic,700428,event,1118,548,570,0.81884765625,-0.01967799642218247,0.01967799642218247,1,45,0,28140,27022,0.23579999999998336,4940,23200
rrsa,rrsa-0.5,64,3,periodic,700429,event,1148,580,568,0.8408203125,0.010452961672473868,0.010452961672473868,1,0,8,39268,38120,0.2008999999999901,28232,11036
rrsa,rrsa-0.5,64,3,periodic,700430,event,1155,571,584,0.845947265625,-0.011255411255411256,0.011255411255411256,0,0,0,39794,38639,0.20280000000002474,18826,20968
rrsa,rrsa-0.5,64,3,periodic,700431,event,1135,582,553,0.831298828125,0.02555066079295154,0.02555066079295154,1,6,0,28225,27090,0.20010000000002037,12419,15806
rrsa,rrsa-0.5,64,3,periodic,700432,event,1137,555,582,0.832763671875,-0.023746701846965697,0.023746701846965697,1,22,0,26366,25229,0.21959999999995716,7303,19063
rrsa,rrsa-0.5,64,3,periodic,700433,event,1112,577,535,0.814453125,0.03776978417266187,0.03776978417266187,1,0,37,20017,18905,0.20150000000001,14314,5703
rrsa,rrsa-0.5,64,3,periodic,700434,event,1131,571,560,0.828369140625,0.009725906277630416,0.009725906277630416,1,20,0,30470,29339,0.21010000000001128,6868,23602
rrsa,rrsa-0.5,64,3,periodic,700435,event,1141,570,571,0.835693359375,-0.0008764241893076249,0.0008764241893076249,1,0,9,33990,32849,0.20170000000001664,24006,9984
rrsa,rrsa-0.5,64,3,periodic,700436,event,1134,579,555,0.83056640625,0.021164021164021163,0.021164021164021163,1,0,27,27318,26184,0.21739999999999782,20359,6959
rrsa,rrsa-0.5,64,3,periodic,700437,event,1151,574,577,0.843017578125,-0.0026064291920069507,0.0026064291920069507,1,15,0,25538,24387,0.2016999999999598,8422,17116
rrsa,rrsa-0.5,64,3,periodic,700438,event,1153,583,570,0.844482421875,0.011274934952298352,0.011274934952298352,1,0,1,51857,50704,0.20319999999998117,31747,20110
rrsa,rrsa-0.5,64,3,periodic,700439,event,1140,569,571,0.8349609375,-0.0017543859649122807,0.0017543859649122807,1,15,0,34092,32952,0.20069999999998345,9060,25032
rrsa,rrsa-0.5,64,3,periodic,700440,event,1152,551,601,0.84375,-0.043402777777777776,0.043402777777777776,1,6,0,36623,35471,0.22160000000002356,10176,26447
rrsa,rrsa-0.5,64,3,periodic,700441,event,1141,579,562,0.835693359375,0.014899211218229623,0.014899211218229623,1,14,0,32288,31147,0.21299999999996544,9168,23120
rrsa,rrsa-0.5,64,3,periodic,700442,event,1158,554,604,0.84814453125,-0.04317789291882556,0.04317789291882556,1,15,0,26150,24992,0.21719999999999118,8788,17362
rrsa,rrsa-0.5,64,3,periodic,700443,event,1150,600,550,0.84228515625,0.043478260869565216,0.043478260869565216,1,0,5,36396,35246,0.2144999999999868,21331,15065
rrsa,rrsa-0.5,64,3,periodic,700444,event,1152,550,602,0.84375,-0.04513888888888889,0.04513888888888889,1,0,10,27906,26754,0.2377999999999929,18134,9772
rrsa,rrsa-0.5,64,3,periodic,700445,event,1144,538,606,0.837890625,-0.05944055944055944,0.05944055944055944,1,0,20,34716,33572,0.226600000000019,27186,7530
rrsa,rrsa-0.5,64,3,periodic,700446,event,1151,571,580,0.843017578125,-0.007819287576020852,0.007819287576020852,1,0,7,39028,37877,0.23730000000000473,28524,10504
rrsa,rrsa-0.5,64,3,periodic,700447,event,1125,585,540,0.823974609375,0.04,0.04,1,0,27,22411,21286,0.2552000000000021,17692,4719
rrsa,rrsa-0.5,64,3,periodic,700448,event,1150,572,578,0.84228515625,-0.0052173913043478265,0.0052173913043478265,1,0,5,32827,31677,0.2644999999999982,18384,14443
rrsa,rrsa-0.5,64,3,periodic,700449,event,1154,589,565,0.84521484375,0.02079722703639515,0.02079722703639515,1,3,0,30137,28983,0.25010000000003174,13594,16543
rrsa,rrsa-0.5,64,3,periodic,700450,event,1133,591,542,0.829833984375,0.04324801412180053,0.04324801412180053,1,36,0,20452,19319,0.2477000000000089,6629,13823
rrsa,rrsa-0.5,64,3,periodic,700451,event,1142,591,551,0.83642578125,0.03502626970227671,0.03502626970227671,1,6,0,27670,26528,0.2617999999999938,8588,19082
rrsa,rrsa-0.5,64,3,periodic,700452,event,1156,584,572,0.8466796875,0.010380622837370242,0.010380622837370242,1,0,2,46326,45170,0.2774000000000001,26633,19693
rrsa,rrsa-0.5,64,3,periodic,700453,event,1140,591,549,0.8349609375,0.03684210526315789,0.03684210526315789,1,0,24,28021,26881,0.2763999999999669,20893,7128
rrsa,rrsa-0.5,64,3,periodic,700454,event,1154,584,570,0.84521484375,0.012131715771230503,0.012131715771230503,1,3,0,45117,43963,0.2726000000000113,15827,29290
rrsa,rrsa-0.5,64,3,periodic,700455,event,1163,572,591,0.851806640625,-0.01633705932932072,0.01633705932932072,1,0,10,30437,29274,0.27379999999999427,20705,9732
rrsa,rrsa-0.5,64,3,periodic,700456,event,1138,549,589,0.83349609375,-0.0351493848857645,0.0351493848857645,1,28,0,29331,28193,0.2792999999999779,7249,22082
rrsa,rrsa-0.5,64,3,periodic,700457,event,1153,571,582,0.844482421875,-0.009540329575021683,0.009540329575021683,1,5,0,33045,31892,0.2629000000000019,13016,20029
rrsa,rrsa-0.5,64,3,periodic,700458,event,1145,595,550,0.838623046875,0.039301310043668124,0.039301310043668124,1,13,0,29476,28331,0.2626000000000204,12113,17363
rrsa,rrsa-0.5,64,3,periodic,700459,event,1131,570,561,0.828369140625,0.007957559681697613,0.007957559681697613,1,0,34,27610,26479,0.24650000000002592,22924,4686
rrsa,rrsa-0.5,64,3,periodic,700460,event,1149,584,565,0.841552734375,0.016536118363794605,0.016536118363794605,1,0,4,37741,36592,0.26490000000001146,27314,10427
rrsa,rrsa-0.5,64,3,periodic,700461,event,1139,571,568,0.834228515625,0.0026338893766461808,0.0026338893766461808,1,0,13,31098,29959,0.2436999999999898,23677,7421
rrsa,rrsa-0.5,64,3,periodic,700462,event,1142,572,570,0.83642578125,0.0017513134851138354,0.0017513134851138354,1,0,4,36006,34864,0.24430000000000973,21004,15002
rrsa,rrsa-0.5,64,3,periodic,700463,event,1154,579,575,0.84521484375,0.0034662045060658577,0.0034662045060658577,1,0,7,31816,30662,0.2407000000000039,19622,12194
rrsa,rrsa-0.5,64,3,periodic,700464,event,1134,570,564,0.83056640625,0.005291005291005291,0.005291005291005291,1,16,0,31018,29884,0.25029999999998154,6269,24749
rrsa,rrsa-0.5,64,3,periodic,700465,event,1158,559,599,0.84814453125,-0.03454231433506045,0.03454231433506045,0,0,0,39787,38629,0.22750000000002046,26094,13693
rrsa,rrsa-0.5,64,3,periodic,700466,event,1142,587,555,0.83642578125,0.028021015761821366,0.028021015761821366,1,0,5,29154,28012,0.22520000000002938,18349,10805
rrsa,rrsa-0.5,64,3,periodic,700467,event,1137,557,580,0.832763671875,-0.020228671943711522,0.020228671943711522,1,21,0,23707,22570,0.21690000000000964,7082,16625
rrsa,rrsa-0.5,64,3,periodic,700468,event,1151,577,574,0.843017578125,0.0026064291920069507,0.0026064291920069507,1,2,0,35722,34571,0.23479999999995016,15195,20527
rrsa,rrsa-0.5,64,3,periodic,700469,event,1154,565,589,0.84521484375,-0.02079722703639515,0.02079722703639515,1,5,0,36313,35159,0.2137000000000171,11989,24324
rrsa,rrsa-0.5,64,3,periodic,700470,event,1156,561,595,0.8466796875,-0.029411764705882353,0.029411764705882353,1,0,1,48581,47425,0.21280000000001564,35242,13339
rrsa,rrsa-0.5,64,3,periodic,700471,event,1130,574,556,0.82763671875,0.01592920353982301,0.01592920353982301,1,29,0,32988,31858,0.20910000000003492,7930,25058
rrsa,rrsa-0.5,64,3,periodic,700472,event,1154,593,561,0.84521484375,0.02772963604852686,0.02772963604852686,1,4,0,30528,29374,0.22730000000001382,13227,17301
rrsa,rrsa-0.5,64,3,periodic,700473,event,1141,631,510,0.835693359375,0.10604732690622261,0.10604732690622261,1,0,11,24202,23061,0.2033999999999878,17237,6965
rrsa,rrsa-0.5,64,3,periodic,700474,event,1137,579,558,0.832763671875,0.018469656992084433,0.018469656992084433,1,6,0,24363,23226,0.2007000000000403,11574,12789
rrsa,rrsa-0.5,64,3,periodic,700475,event,1124,568,556,0.8232421875,0.010676156583629894,0.010676156583629894,1,27,0,27879,26755,0.20640000000003056,5924,21955
rrsa,rrsa-0.5,64,3,periodic,700476,event,1133,577,556,0.829833984375,0.018534863195057368,0.018534863195057368,1,0,26,25693,24560,0.2155999999999949,19021,6672
rrsa,rrsa-0.5,64,3,periodic,700477,event,1155,607,548,0.845947265625,0.05108225108225108,0.05108225108225108,0,0,0,34002,32847,0.20709999999996853,17709,16293
rrsa,rrsa-0.5,64,3,periodic,700478,event,1133,570,563,0.829833984375,0.00617828773168579,0.00617828773168579,1,0,24,27103,25970,0.22740000000004557,19456,7647
rrsa,rrsa-0.5,64,3,periodic,700479,event,1147,600,547,0.840087890625,0.046207497820401046,0.046207497820401046,1,0,24,25727,24580,0.20499999999998408,19236,6491
rrsa,rrsa-0.5,64,3,periodic,700480,event,1149,573,576,0.841552734375,-0.0026109660574412533,0.0026109660574412533,1,0,17,26945,25796,0.22699999999997544,18866,8079
rrsa,rrsa-0.5,64,3,periodic,700481,event,1154,576,578,0.84521484375,-0.0017331022530329288,0.0017331022530329288,1,9,0,29731,28577,0.20190000000002328,10897,18834
rrsa,rrsa-0.5,64,3,periodic,700482,event,1152,551,601,0.84375,-0.043402777777777776,0.043402777777777776,1,7,0,28523,27371,0.20170000000001664,11519,17004
rrsa,rrsa-0.5,64,3,periodic,700483,event,1157,558,599,0.847412109375,-0.03543647363872083,0.03543647363872083,1,4,0,41034,39877,0.20800000000002683,16219,24815
rrsa,rrsa-0.5,64,3,periodic,700484,event,1135,567,568,0.831298828125,-0.000881057268722467,0.000881057268722467,1,23,0,39380,38245,0.22739999999998872,8773,30607
rrsa,rrsa-0.5,64,3,periodic,700485,event,1154,576,578,0.84521484375,-0.0017331022530329288,0.0017331022530329288,1,0,5,37243,36089,0.21210000000002083,24145,13098
rrsa,rrsa-0.5,64,3,periodic,700486,event,1155,567,588,0.845947265625,-0.01818181818181818,0.01818181818181818,0,0,0,32740,31585,0.2136000000000422,17529,15211
rrsa,rrsa-0.5,64,3,periodic,700487,event,1133,590,543,0.829833984375,0.04148278905560459,0.04148278905560459,1,0,36,25093,23960,0.2265000000000441,19407,5686
rrsa,rrsa-0.5,64,3,periodic,700488,event,1153,607,546,0.844482421875,0.05290546400693842,0.05290546400693842,1,0,5,34744,33591,0.22750000000002046,22612,12132
rrsa,rrsa-0.5,64,3,periodic,700489,event,1136,558,578,0.83203125,-0.017605633802816902,0.017605633802816902,1,0,18,31092,29956,0.2326999999999657,24328,6764
rrsa,rrsa-0.5,64,3,periodic,700490,event,1146,604,542,0.83935546875,0.05410122164048865,0.05410122164048865,0,0,0,38703,37557,0.22199999999998,16791,21912
rrsa,rrsa-0.5,64,3,periodic,700491,event,1147,575,572,0.840087890625,0.0026155187445510027,0.0026155187445510027,1,1,0,32535,31388,0.2056999999999789,19026,13509
rrsa,rrsa-0.5,64,3,periodic,700492,event,1161,595,566,0.850341796875,0.024978466838931956,0.024978466838931956,1,0,3,28014,26853,0.22090000000002874,15513,12501
rrsa,rrsa-0.5,64,3,periodic,700493,event,1151,565,586,0.843017578125,-0.018245004344048653,0.018245004344048653,1,0,17,25901,24750,0.2038000000000011,17809,8092
rrsa,rrsa-0.5,64,3,periodic,700494,event,1133,568,565,0.829833984375,0.00264783759929391,0.00264783759929391,1,0,15,34414,33281,0.20119999999997162,26258,8156
rrsa,rrsa-0.5,64,3,periodic,700495,event,1139,586,553,0.834228515625,0.02897278314310799,0.02897278314310799,1,0,1,35889,34750,0.1993999999999687,20202,15687
rrsa,rrsa-0.5,64,3,periodic,700496,event,1144,565,579,0.837890625,-0.012237762237762238,0.012237762237762238,1,0,17,39632,38488,0.21620000000001482,30521,9111
rrsa,rrsa-0.5,64,3,periodic,700497,event,1142,551,591,0.83642578125,-0.03502626970227671,0.03502626970227671,1,25,0,29286,28144,0.21430000000003702,6328,22958
rrsa,rrsa-0.5,64,3,periodic,700498,event,1144,552,592,0.837890625,-0.03496503496503497,0.03496503496503497,1,14,0,27231,26087,0.20320000000003802,7868,19363
rrsa,rrsa-0.5,64,3,periodic,700499,event,1144,598,546,0.837890625,0.045454545454545456,0.045454545454545456,1,4,0,41284,40140,0.20460000000002765,14651,26633
rrsa,rrsa-0.5,64,3,periodic,700500,event,1154,570,584,0.84521484375,-0.012131715771230503,0.012131715771230503,1,0,6,32832,31678,0.22039999999998372,21411,11421
rrsa,rrsa-0.5,64,3,periodic,700501,event,1159,561,598,0.848876953125,-0.03192407247627265,0.03192407247627265,1,11,0,42088,40929,0.20330000000001291,11300,30788
rrsa,rrsa-0.5,64,3,periodic,700502,event,1134,546,588,0.83056640625,-0.037037037037037035,0.037037037037037035,1,4,0,31143,30009,0.1993999999999687,10732,20411
rrsa,rrsa-0.5,64,3,periodic,700503,event,1154,558,596,0.84521484375,-0.03292894280762565,0.03292894280762565,1,0,5,30631,29477,0.20490000000000919,18652,11979
rrsa,rrsa-0.5,64,3,periodic,700504,event,1153,590,563,0.844482421875,0.023417172593235037,0.023417172593235037,1,0,6,39676,38523,0.2167999999999779,29695,9981
rrsa,rrsa-0.5,64,3,periodic,700505,event,1138,593,545,0.83349609375,0.0421792618629174,0.0421792618629174,1,0,34,24659,23521,0.20109999999999673,19201,5458
rrsa,rrsa-0.5,64,3,periodic,700506,event,1132,573,559,0.8291015625,0.012367491166077738,0.012367491166077738,1,0,20,25608,24476,0.20340000000004466,18427,7181
rrsa,rrsa-0.5,64,3,periodic,700507,event,1138,602,536,0.83349609375,0.05799648506151142,0.05799648506151142,1,0,20,26430,25292,0.21219999999999573,18362,8068
rrsa,rrsa-0.5,64,3,periodic,700508,event,1135,583,552,0.831298828125,0.027312775330396475,0.027312775330396475,1,0,15,31504,30369,0.21619999999995798,24089,7415
rrsa,rrsa-0.5,64,3,periodic,700509,event,1130,553,577,0.82763671875,-0.021238938053097345,0.021238938053097345,1,0,35,27314,26184,0.22690000000000055,21067,6247
rrsa,rrsa-0.5,64,3,periodic,700510,event,1150,568,582,0.84228515625,-0.01217391304347826,0.01217391304347826,1,0,2,34902,33752,0.20149999999995316,21904,12998
rrsa,rrsa-0.5,64,3,periodic,700511,event,1139,565,574,0.834228515625,-0.007901668129938543,0.007901668129938543,1,18,0,22942,21803,0.20170000000001664,6756,16186
rrsa,rrsa-0.5,64,3,periodic,700512,event,1149,598,551,0.841552734375,0.040905134899912966,0.040905134899912966,1,4,0,40272,39123,0.2147000000000503,14982,25290
rrsa,rrsa-0.5,64,4,periodic,700001,event,802,413,389,0.783203125,0.029925187032418952,0.029925187032418952,1,0,16,18684,17882,0.20229999999997972,13408,5276
rrsa,rrsa-0.5,64,4,periodic,700002,event,797,372,425,0.7783203125,-0.06649937264742785,0.06649937264742785,1,0,29,19697,18900,0.19189999999997553,14467,5230
rrsa,rrsa-0.5,64,4,periodic,700003,event,824,382,442,0.8046875,-0.07281553398058252,0.07281553398058252,1,0,1,34561,33737,0.19650000000001455,13191,21370
rrsa,rrsa-0.5,64,4,periodic,700004,event,824,408,416,0.8046875,-0.009708737864077669,0.009708737864077669,1,0,5,28903,28079,0.23509999999998854,16938,11965
rrsa,rrsa-0.5,64,4,periodic,700005,event,796,400,396,0.77734375,0.005025125628140704,0.005025125628140704,1,0,20,19322,18526,0.20949999999999136,14097,5225
rrsa,rrsa-0.5,64,4,periodic,700006,event,835,421,414,0.8154296875,0.008383233532934131,0.008383233532934131,1,0,4,27316,26481,0.21699999999998454,14058,13258
rrsa,rrsa-0.5,64,4,periodic,700007,event,822,398,424,0.802734375,-0.031630170316301706,0.031630170316301706,1,6,0,32626,31804,0.2074999999999818,10620,22006
rrsa,rrsa-0.5,64,4,periodic,700008,event,828,412,416,0.80859375,-0.004830917874396135,0.004830917874396135,1,0,9,24259,23431,0.22020000000003392,14920,9339
rrsa,rrsa-0.5,64,4,periodic,700009,event,786,392,394,0.767578125,-0.002544529262086514,0.002544529262086514,1,44,0,28116,27330,0.190400000000011,4216,23900
rrsa,rrsa-0.5,64,4,periodic,700010,event,828,401,427,0.80859375,-0.03140096618357488,0.03140096618357488,1,5,0,28081,27253,0.19389999999998508,8301,19780
rrsa,rrsa-0.5,64,4,periodic,700011,event,798,371,427,0.779296875,-0.07017543859649122,0.07017543859649122,1,40,0,20609,19811,0.19110000000000582,3960,16649
rrsa,rrsa-0.5,64,4,periodic,700012,event,772,373,399,0.75390625,-0.03367875647668394,0.03367875647668394,1,82,0,22675,21903,0.2068999999999619,2443,20232
rrsa,rrsa-0.5,64,4,periodic,700013,event,835,413,422,0.8154296875,-0.010778443113772455,0.010778443113772455,1,6,0,31075,30240,0.20229999999997972,8708,22367
rrsa,rrsa-0.5,64,4,periodic,700014,event,813,412,401,0.7939453125,0.013530135301353014,0.013530135301353014,1,0,13,25967,25154,0.19510000000002492,19025,6942
rrsa,rrsa-0.5,64,4,periodic,700015,event,809,380,429,0.7900390625,-0.06056860321384425,0.06056860321384425,1,18,0,21513,20704,0.19099999999997408,6451,15062
rrsa,rrsa-0.5,64,4,periodic,700016,event,825,428,397,0.8056640625,0.037575757575757575,0.037575757575757575,1,16,0,29171,28346,0.2229000000000383,8137,21034
rrsa,rrsa-0.5,64,4,periodic,700017,event,819,414,405,0.7998046875,0.01098901098901099,0.01098901098901099,1,0,12,21911,21092,0.19390000000004193,13939,7972
rrsa,rrsa-0.5,64,4,periodic,700018,event,821,393,428,0.8017578125,-0.04263093788063337,0.04263093788063337,1,11,0,27837,27016,0.19240000000002055,6697,21140
rrsa,rrsa-0.5,64,4,periodic,700019,event,785,404,381,0.7666015625,0.02929936305732484,0.02929936305732484,1,0,22,19796,19011,0.19290000000000873,13882,5914
rrsa,rrsa-0.5,64,4,periodic,700020,event,826,430,396,0.806640625,0.04116222760290557,0.04116222760290557,1,0,5,26964,26138,0.2115999999999758,15493,11471
rrsa,rrsa-0.5,64,4,periodic,700021,event,816,401,415,0.796875,-0.01715686274509804,0.01715686274509804,1,0,7,26066,25250,0.19310000000001537,16709,9357
rrsa,rrsa-0.5,64,4,periodic,700022,event,787,394,393,0.7685546875,0.0012706480304955528,0.0012706480304955528,1,0,61,18813,18026,0.199799999999982,14828,3985
rrsa,rrsa-0.5,64,4,periodic,700023,event,819,416,403,0.7998046875,0.015873015873015872,0.015873015873015872,1,0,13,26582,25763,0.1966000000000463,20178,6404
rrsa,rrsa-0.5,64,4,periodic,700024,event,838,430,408,0.818359375,0.026252983293556086,0.026252983293556086,1,0,4,30700,29862,0.21100000000001273,21103,9597
rrsa,rrsa-0.5,64,4,periodic,700025,event,814,417,397,0.794921875,0.02457002457002457,0.02457002457002457,1,15,0,24221,23407,0.19369999999997844,7556,16665
rrsa,rrsa-0.5,64,4,periodic,700026,event,840,414,426,0.8203125,-0.014285714285714285,0.014285714285714285,1,0,8,31636,30796,0.19300000000004047,21713,9923
rrsa,rrsa-0.5,64,4,periodic,700027,event,818,422,396,0.798828125,0.03178484107579462,0.03178484107579462,1,0,24,22112,21294,0.19409999999999172,17477,4635
rrsa,rrsa-0.5,64,4,periodic,700028,event,824,405,419,0.8046875,-0.01699029126213592,0.01699029126213592,1,0,3,27056,26232,0.25979999999998427,16288,10768
rrsa,rrsa-0.5,64,4,periodic,700029,event,812,401,411,0.79296875,-0.012315270935960592,0.012315270935960592,1,19,0,32249,31437,0.193300000000022,6239,26010
rrsa,rrsa-0.5,64,4,periodic,700030,event,826,406,420,0.806640625,-0.01694915254237288,0.01694915254237288,1,0,2,36925,36099,0.20369999999996935,23200,13725
rrsa,rrsa-0.5,64,4,periodic,700031,event,798,401,397,0.779296875,0.005012531328320802,0.005012531328320802,1,32,0,22762,21964,0.1916999999999689,4806,17956
rrsa,rrsa-0.5,64,4,periodic,700032,event,825,399,426,0.8056640625,-0.03272727272727273,0.03272727272727273,1,9,0,26060,25235,0.22469999999998436,7165,18895
rrsa,rrsa-0.5,64,4,periodic,700033,event,817,397,420,0.7978515625,-0.028151774785801713,0.028151774785801713,1,0,20,23832,23015,0.202699999999993,17717,6115
rrsa,rrsa-0.5,64,4,periodic,700034,event,826,390,436,0.806640625,-0.05569007263922518,0.05569007263922518,1,7,0,27351,26525,0.1998999999999569,9518,17833
rrsa,rrsa-0.5,64,4,periodic,700035,event,816,435,381,0.796875,0.0661764705882353,0.0661764705882353,1,0,5,34689,33873,0.20240000000001146,28242,6447
rrsa,rrsa-0.5,64,4,periodic,700036,event,817,402,415,0.7978515625,-0.01591187270501836,0.01591187270501836,1,21,0,20861,20044,0.22040000000004056,5076,15785
rrsa,rrsa-0.5,64,4,periodic,700037,event,818,403,415,0.798828125,-0.014669926650366748,0.014669926650366748,1,2,0,27419,26601,0.19940000000002556,13351,14068
rrsa,rrsa-0.5,64,4,periodic,700038,event,809,421,388,0.7900390625,0.0407911001236094,0.0407911001236094,1,14,0,19071,18262,0.21019999999998618,6905,12166
rrsa,rrsa-0.5,64,4,periodic,700039,event,821,396,425,0.8017578125,-0.03532277710109622,0.03532277710109622,1,2,0,27895,27074,0.206799999999987,12753,15142
rrsa,rrsa-0.5,64,4,periodic,700040,event,826,369,457,0.806640625,-0.10653753026634383,0.10653753026634383,1,21,0,25837,25011,0.2366999999999848,6072,19765
rrsa,rrsa-0.5,64,4,periodic,700041,event,820,424,396,0.80078125,0.03414634146341464,0.03414634146341464,0,0,0,33680,32860,0.19439999999997326,12703,20977
rrsa,rrsa-0.5,64,4,periodic,700042,event,820,423,397,0.80078125,0.03170731707317073,0.03170731707317073,1,13,0,32532,31712,0.2115999999999758,8087,24445
rrsa,rrsa-0.5,64,4,periodic,700043,event,820,436,384,0.80078125,0.06341463414634146,0.06341463414634146,1,0,1,37546,36726,0.206799999999987,21455,16091
rrsa,rrsa-0.5,64,4,periodic,700044,event,804,419,385,0.78515625,0.04228855721393035,0.04228855721393035,1,0,30,22337,21533,0.24360000000001492,17707,4630
rrsa,rrsa-0.5,64,4,periodic,700045,event,815,433,382,0.7958984375,0.06257668711656442,0.06257668711656442,1,16,0,24893,24078,0.20199999999999818,9077,15816
rrsa,rrsa-0.5,64,4,periodic,700046,event,820,399,421,0.80078125,-0.026829268292682926,0.026829268292682926,1,11,0,21147,20327,0.19299999999998363,9017,12130
rrsa,rrsa-0.5,64,4,periodic,700047,event,828,423,405,0.80859375,0.021739130434782608,0.021739130434782608,1,7,0,28957,28129,0.195699999999988,13065,15892
rrsa,rrsa-0.5,64,4,periodic,700048,event,829,399,430,0.8095703125,-0.03739445114595899,0.03739445114595899,0,0,0,37103,36274,0.21600000000000819,19600,17503
rrsa,rrsa-0.5,64,4,periodic,700049,event,828,403,425,0.80859375,-0.026570048309178744,0.026570048309178744,1,19,0,31004,30176,0.19909999999998718,6627,24377
rrsa,rrsa-0.5,64,4,periodic,700050,event,799,398,401,0.7802734375,-0.0037546933667083854,0.0037546933667083854,1,38,0,26799,26000,0.2108000000000061,4106,22693
rrsa,rrsa-0.5,64,4,periodic,700051,event,816,425,391,0.796875,0.041666666666666664,0.041666666666666664,1,5,0,26014,25198,0.20820000000003347,9084,16930
rrsa,rrsa-0.5,64,4,periodic,700052,event,830,410,420,0.810546875,-0.012048192771084338,0.012048192771084338,1,0,7,21225,20395,0.23050000000000637,12674,8551
rrsa,rrsa-0.5,64,4,periodic,700053,event,821,431,390,0.8017578125,0.049939098660170524,0.049939098660170524,1,3,0,30593,29772,0.20220000000000482,14527,16066
rrsa,rrsa-0.5,64,4,periodic,700054,event,806,407,399,0.787109375,0.009925558312655087,0.009925558312655087,1,0,13,21497,20691,0.19149999999996226,13282,8215
rrsa,rrsa-0.5,64,4,periodic,700055,event,834,428,406,0.814453125,0.026378896882494004,0.026378896882494004,1,0,10,28722,27888,0.1964999999999577,21921,6801
rrsa,rrsa-0.5,64,4,periodic,700056,event,811,406,405,0.7919921875,0.0012330456226880395,0.0012330456226880395,1,20,0,25636,24825,0.20839999999998327,6882,18754
rrsa,rrsa-0.5,64,4,periodic,700057,event,830,429,401,0.810546875,0.033734939759036145,0.033734939759036145,1,0,10,29154,28324,0.22169999999999845,19463,9691
rrsa,rrsa-0.5,64,4,periodic,700058,event,805,394,411,0.7861328125,-0.02111801242236025,0.02111801242236025,1,0,20,22314,21509,0.20229999999997972,16774,5540
rrsa,rrsa-0.5,64,4,periodic,700059,event,829,421,408,0.8095703125,0.015681544028950542,0.015681544028950542,1,0,9,21825,20996,0.21829999999999927,10984,10841
rrsa,rrsa-0.5,64,4,periodic,700060,event,830,390,440,0.810546875,-0.060240963855421686,0.060240963855421686,1,0,5,26584,25754,0.24029999999999063,19093,7491
rrsa,rrsa-0.5,64,4,periodic,700061,event,820,399,421,0.80078125,-0.026829268292682926,0.026829268292682926,1,0,15,16401,15581,0.19760000000002265,10428,5973
rrsa,rrsa-0.5,64,4,periodic,700062,event,816,415,401,0.796875,0.01715686274509804,0.01715686274509804,1,37,0,20631,19815,0.2048000000000343,5268,15363
rrsa,rrsa-0.5,64,4,periodic,700063,event,810,423,387,0.791015625,0.044444444444444446,0.044444444444444446,1,14,0,22492,21682,0.20400000000000773,7460,15032
rrsa,rrsa-0.5,64,4,periodic,700064,event,815,377,438,0.7958984375,-0.07484662576687116,0.07484662576687116,1,1,0,27845,27030,0.2144999999999868,13338,14507
rrsa,rrsa-0.5,64,4,periodic,700065,event,832,432,400,0.8125,0.038461538461538464,0.038461538461538464,1,0,13,27573,26741,0.19830000000001746,18740,8833
rrsa,rrsa-0.5,64,4,periodic,700066,event,832,437,395,0.8125,0.05048076923076923,0.05048076923076923,1,0,4,31753,30921,0.20179999999999154,22468,9285
rrsa,rrsa-0.5,64,4,periodic,700067,event,827,419,408,0.8076171875,0.013301088270858524,0.013301088270858524,1,2,0,25390,24563,0.19499999999999318,10136,15254
rrsa,rrsa-0.5,64,4,periodic,700068,event,814,410,404,0.794921875,0.007371007371007371,0.007371007371007371,1,12,0,36669,35855,0.21550000000002,8900,27769
rrsa,rrsa-0.5,64,4,periodic,700069,event,824,416,408,0.8046875,0.009708737864077669,0.009708737864077669,1,0,15,20828,20004,0.2078999999999951,14508,6320
rrsa,rrsa-0.5,64,4,periodic,700070,event,826,425,401,0.806640625,0.029055690072639227,0.029055690072639227,0,0,0,39924,39098,0.22010000000000218,20456,19468
rrsa,rrsa-0.5,64,4,periodic,700071,event,808,399,409,0.7890625,-0.012376237623762377,0.012376237623762377,1,0,24,31604,30796,0.22270000000003165,26111,5493
rrsa,rrsa-0.5,64,4,periodic,700072,event,822,418,404,0.802734375,0.0170316301703163,0.0170316301703163,0,0,0,32059,31237,0.26120000000003074,17012,15047
rrsa,rrsa-0.5,64,4,periodic,700073,event,835,394,441,0.8154296875,-0.0562874251497006,0.0562874251497006,1,8,0,28853,28018,0.22200000000003683,10531,18322
rrsa,rrsa-0.5,64,4,periodic,700074,event,789,378,411,0.7705078125,-0.04182509505703422,0.04182509505703422,1,0,27,22121,21332,0.21139999999996917,16965,5156
rrsa,rrsa-0.5,64,4,periodic,700075,event,828,420,408,0.80859375,0.014492753623188406,0.014492753623188406,0,0,0,37008,36180,0.2144999999999868,15067,21941
rrsa,rrsa-0.5,64,4,periodic,700076,event,835,420,415,0.8154296875,0.005988023952095809,0.005988023952095809,0,0,0,29476,28641,0.23869999999999436,12878,16598
rrsa,rrsa-0.5,64,4,periodic,700077,event,799,435,364,0.7802734375,0.08886107634543179,0.08886107634543179,1,28,0,23806,23007,0.20179999999999154,5369,18437
rrsa,rrsa-0.5,64,4,periodic,700078,event,835,424,411,0.8154296875,0.015568862275449102,0.015568862275449102,1,9,0,20273,19438,0.20240000000001146,9217,11056
rrsa,rrsa-0.5,64,4,periodic,700079,event,813,403,410,0.7939453125,-0.008610086100861008,0.008610086100861008,1,0,29,21559,20746,0.20570000000003574,15585,5974
rrsa,rrsa-0.5,64,4,periodic,700080,event,817,406,411,0.7978515625,-0.006119951040391677,0.006119951040391677,1,7,0,31337,30520,0.22539999999997917,11064,20273
rrsa,rrsa-0.5,64,4,periodic,700081,event,806,413,393,0.787109375,0.02481389578163772,0.02481389578163772,1,0,34,31209,30403,0.194500000000005,26898,4311
rrsa,rrsa-0.5,64,4,periodic,700082,event,828,407,421,0.80859375,-0.016908212560386472,0.016908212560386472,1,0,6,30077,29249,0.19919999999996207,22003,8074
rrsa,rrsa-0.5,64,4,periodic,700083,event,819,400,419,0.7998046875,-0.0231990231990232,0.0231990231990232,1,0,10,28703,27884,0.20109999999999673,21020,7683
rrsa,rrsa-0.5,64,4,periodic,700084,event,810,403,407,0.791015625,-0.0049382716049382715,0.0049382716049382715,1,0,20,18788,17978,0.22039999999998372,12722,6066
rrsa,rrsa-0.5,64,4,periodic,700085,event,830,421,409,0.810546875,0.014457831325301205,0.014457831325301205,1,0,6,23546,22716,0.21039999999999281,14636,8910
rrsa,rrsa-0.5,64,4,periodic,700086,event,823,418,405,0.8037109375,0.015795868772782502,0.015795868772782502,1,0,16,33640,32817,0.202699999999993,26507,7133
rrsa,rrsa-0.5,64,4,periodic,700087,event,795,382,413,0.7763671875,-0.0389937106918239,0.0389937106918239,1,41,0,26820,26025,0.19929999999999382,3944,22876
rrsa,rrsa-0.5,64,4,periodic,700088,event,803,417,386,0.7841796875,0.038605230386052306,0.038605230386052306,1,29,0,21009,20206,0.22460000000000946,4996,16013
rrsa,rrsa-0.5,64,4,periodic,700089,event,794,365,429,0.775390625,-0.08060453400503778,0.08060453400503778,1,28,0,33411,32617,0.189200000000028,4842,28569
rrsa,rrsa-0.5,64,4,periodic,700090,event,825,403,422,0.8056640625,-0.02303030303030303,0.02303030303030303,0,0,0,39597,38772,0.199799999999982,26128,13469
rrsa,rrsa-0.5,64,4,periodic,700091,event,836,413,423,0.81640625,-0.011961722488038277,0.011961722488038277,1,0,5,29271,28435,0.19709999999997763,19793,9478
rrsa,rrsa-0.5,64,4,periodic,700092,event,836,430,406,0.81640625,0.028708133971291867,0.028708133971291867,0,0,0,39274,38438,0.2832000000000221,16099,23175
rrsa,rrsa-0.5,64,4,periodic,700093,event,822,428,394,0.802734375,0.0413625304136253,0.0413625304136253,1,0,9,27342,26520,0.19209999999998217,16378,10964
rrsa,rrsa-0.5,64,4,periodic,700094,event,808,406,402,0.7890625,0.0049504950495049506,0.0049504950495049506,1,0,3,31114,30306,0.193300000000022,17753,13361
rrsa,rrsa-0.5,64,4,periodic,700095,event,825,422,403,0.8056640625,0.02303030303030303,0.02303030303030303,1,0,5,31326,30501,0.20189999999996644,22438,8888
rrsa,rrsa-0.5,64,4,periodic,700096,event,820,409,411,0.80078125,-0.0024390243902439024,0.0024390243902439024,1,6,0,23669,22849,0.21259999999995216,10732,12937
rrsa,rrsa-0.5,64,4,periodic,700097,event,829,436,393,0.8095703125,0.05186972255729795,0.05186972255729795,1,10,0,31423,30594,0.19929999999999382,10050,21373
rrsa,rrsa-0.5,64,4,periodic,700098,event,819,413,406,0.7998046875,0.008547008547008548,0.008547008547008548,1,1,0,31544,30725,0.19220000000001392,17901,13643
rrsa,rrsa-0.5,64,4,periodic,700099,event,822,429,393,0.802734375,0.043795620437956206,0.043795620437956206,1,0,1,39098,38276,0.194500000000005,26957,12141
rrsa,rrsa-0.5,64,4,periodic,700100,event,824,402,422,0.8046875,-0.024271844660194174,0.024271844660194174,1,0,1,36303,35479,0.20680000000004384,17657,18646
rrsa,rrsa-0.5,64,4,periodic,700101,event,792,369,423,0.7734375,-0.06818181818181818,0.06818181818181818,1,0,46,19599,18807,0.19069999999999254,15595,4004
rrsa,rrsa-0.5,64,4,periodic,700102,event,843,448,395,0.8232421875,0.06287069988137604,0.06287069988137604,1,1,0,37325,36482,0.20900000000000318,13194,24131
rrsa,rrsa-0.5,64,4,periodic,700103,event,782,377,405,0.763671875,-0.03580562659846547,0.03580562659846547,1,0,65,17981,17199,0.1997000000000071,13758,4223
rrsa,rrsa-0.5,64,4,periodic,700104,event,810,430,380,0.791015625,0.06172839506172839,0.06172839506172839,1,15,0,36237,35427,0.21920000000000073,6156,30081
rrsa,rrsa-0.5,64,4,periodic,700105,event,802,374,428,0.783203125,-0.06733167082294264,0.06733167082294264,1,0,18,23269,22467,0.19919999999996207,17232,6037
rrsa,rrsa-0.5,64,4,periodic,700106,event,831,405,426,0.8115234375,-0.02527075812274368,0.02527075812274368,0,0,0,28597,27766,0.20410000000003947,14498,14099
rrsa,rrsa-0.5,64,4,periodic,700107,event,802,409,393,0.783203125,0.0199501246882793,0.0199501246882793,1,32,0,22532,21730,0.19920000000001892,4396,18136
rrsa,rrsa-0.5,64,4,periodic,700108,event,826,400,426,0.806640625,-0.031476997578692496,0.031476997578692496,1,9,0,31792,30966,0.22729999999995698,9930,21862
rrsa,rrsa-0.5,64,4,periodic,700109,event,806,391,415,0.787109375,-0.02977667493796526,0.02977667493796526,1,0,28,20791,19985,0.19060000000001764,15364,5427
rrsa,rrsa-0.5,64,4,periodic,700110,event,832,399,433,0.8125,-0.040865384615384616,0.040865384615384616,1,0,6,29795,28963,0.19800000000003593,16791,13004
rrsa,rrsa-0.5,64,4,periodic,700111,event,819,412,407,0.7998046875,0.006105006105006105,0.006105006105006105,1,0,22,32211,31392,0.2008999999999901,26091,6120
rrsa,rrsa-0.5,64,4,periodic,700112,event,839,430,409,0.8193359375,0.025029797377830752,0.025029797377830752,1,1,0,36008,35169,0.21530000000001337,21906,14102
rrsa,rrsa-0.5,64,4,periodic,700113,event,820,402,418,0.80078125,-0.01951219512195122,0.01951219512195122,1,7,0,28371,27551,0.19479999999998654,7272,21099
rrsa,rrsa-0.5,64,4,periodic,700114,event,833,405,428,0.8134765625,-0.027611044417767107,0.027611044417767107,1,4,0,32127,31294,0.19890000000003738,10520,21607
rrsa,rrsa-0.5,64,4,periodic,700115,event,827,426,401,0.8076171875,0.030229746070133012,0.030229746070133012,1,0,4,21321,20494,0.20330000000001291,12093,9228
rrsa,rrsa-0.5,64,4,periodic,700116,event,809,431,378,0.7900390625,0.06551297898640297,0.06551297898640297,1,0,19,27506,26697,0.20599999999996044,21201,6305
rrsa,rrsa-0.5,64,4,periodic,700117,event,814,384,430,0.794921875,-0.056511056511056514,0.056511056511056514,1,7,0,28046,27232,0.1886000000000081,9912,18134
rrsa,rrsa-0.5,64,4,periodic,700118,event,787,396,391,0.7685546875,0.0063532401524777635,0.0063532401524777635,1,48,0,17723,16936,0.19200000000000728,4130,13593
rrsa,rrsa-0.5,64,4,periodic,700119,event,822,420,402,0.802734375,0.021897810218978103,0.021897810218978103,1,3,0,22898,22076,0.19589999999999463,7629,15269
rrsa,rrsa-0.5,64,4,periodic,700120,event,818,405,413,0.798828125,-0.009779951100244499,0.009779951100244499,1,0,16,20715,19897,0.20870000000002165,14103,6612
rrsa,rrsa-0.5,64,4,periodic,700121,event,806,398,408,0.787109375,-0.01240694789081886,0.01240694789081886,1,0,21,28109,27303,0.1923999999999637,21831,6278
rrsa,rrsa-0.5,64,4,periodic,700122,event,821,392,429,0.8017578125,-0.04506699147381242,0.04506699147381242,1,3,0,32659,31838,0.203899999999976,8829,23830
rrsa,rrsa-0.5,64,4,periodic,700123,event,825,404,421,0.8056640625,-0.020606060606060607,0.020606060606060607,1,4,0,37490,36665,0.19310000000001537,11428,26062
rrsa,rrsa-0.5,64,4,periodic,700124,event,814,423,391,0.794921875,0.03931203931203931,0.03931203931203931,1,0,11,26681,25867,0.20829999999995152,19312,7369
rrsa,rrsa-0.5,64,4,periodic,700125,event,822,399,423,0.802734375,-0.029197080291970802,0.029197080291970802,1,0,10,27447,26625,0.19409999999999172,19859,7588
rrsa,rrsa-0.5,64,4,periodic,700126,event,828,396,432,0.80859375,-0.043478260869565216,0.043478260869565216,1,0,13,23023,22195,0.20230000000003656,14529,8494
rrsa,rrsa-0.5,64,4,periodic,700127,event,804,389,415,0.78515625,-0.03233830845771144,0.03233830845771144,1,36,0,18033,17229,0.19259999999997035,4793,13240
rrsa,rrsa-0.5,64,4,periodic,700128,event,810,388,422,0.791015625,-0.04197530864197531,0.04197530864197531,1,14,0,26998,26188,0.21079999999994925,8140,18858
rrsa,rrsa-0.5,64,4,periodic,700129,event,789,410,379,0.7705078125,0.03929024081115336,0.03929024081115336,1,58,0,15807,15018,0.18940000000003465,3531,12276
rrsa,rrsa-0.5,64,4,periodic,700130,event,817,405,412,0.7978515625,-0.008567931456548347,0.008567931456548347,1,0,5,21787,20970,0.20010000000002037,11910,9877
rrsa,rrsa-0.5,64,4,periodic,700131,event,815,429,386,0.7958984375,0.05276073619631902,0.05276073619631902,1,5,0,30564,29749,0.197400000000016,9902,20662
rrsa,rrsa-0.5,64,4,periodic,700132,event,820,426,394,0.80078125,0.03902439024390244,0.03902439024390244,1,0,10,24397,23577,0.21249999999997726,15049,9348
rrsa,rrsa-0.5,64,4,periodic,700133,event,816,411,405,0.796875,0.007352941176470588,0.007352941176470588,1,0,23,18324,17508,0.19240000000002055,13068,5256
rrsa,rrsa-0.5,64,4,periodic,700134,event,792,388,404,0.7734375,-0.020202020202020204,0.020202020202020204,1,0,31,20200,19408,0.19120000000003756,14486,5714
rrsa,rrsa-0.5,64,4,periodic,700135,event,823,378,445,0.8037109375,-0.08140947752126367,0.08140947752126367,1,8,0,25978,25155,0.26010000000002265,8341,17637
rrsa,rrsa-0.5,64,4,periodic,700136,event,811,404,407,0.7919921875,-0.0036991368680641184,0.0036991368680641184,1,0,20,16830,16019,0.23910000000000764,11127,5703
rrsa,rrsa-0.5,64,4,periodic,700137,event,821,427,394,0.8017578125,0.040194884287454324,0.040194884287454324,1,0,4,23964,23143,0.19350000000002865,12731,11233
rrsa,rrsa-0.5,64,4,periodic,700138,event,815,400,415,0.7958984375,-0.018404907975460124,0.018404907975460124,1,13,0,34445,33630,0.20019999999999527,6900,27545
rrsa,rrsa-0.5,64,4,periodic,700139,event,808,418,390,0.7890625,0.034653465346534656,0.034653465346534656,1,22,0,20773,19965,0.2307999999999879,5295,15478
rrsa,rrsa-0.5,64,4,periodic,700140,event,806,397,409,0.787109375,-0.01488833746898263,0.01488833746898263,1,26,0,22720,21914,0.2500999999999749,5765,16955
rrsa,rrsa-0.5,64,4,periodic,700141,event,807,380,427,0.7880859375,-0.058240396530359353,0.058240396530359353,1,23,0,21590,20783,0.20580000000001064,5342,16248
rrsa,rrsa-0.5,64,4,periodic,700142,event,828,407,421,0.80859375,-0.016908212560386472,0.016908212560386472,1,13,0,23424,22596,0.20659999999998035,6885,16539
rrsa,rrsa-0.5,64,4,periodic,700143,event,820,404,416,0.80078125,-0.014634146341463415,0.014634146341463415,1,8,0,26796,25976,0.205600000000004,7376,19420
rrsa,rrsa-0.5,64,4,periodic,700144,event,800,415,385,0.78125,0.0375,0.0375,1,25,0,26971,26171,0.22500000000002274,5934,21037
rrsa,rrsa-0.5,64,4,periodic,700145,event,832,424,408,0.8125,0.019230769230769232,0.019230769230769232,1,20,0,35408,34576,0.20769999999998845,7419,27989
rrsa,rrsa-0.5,64,4,periodic,700146,event,829,431,398,0.8095703125,0.039806996381182146,0.039806996381182146,1,0,7,29275,28446,0.20109999999999673,19551,9724
rrsa,rrsa-0.5,64,4,periodic,700147,event,806,392,414,0.787109375,-0.02729528535980149,0.02729528535980149,1,25,0,19034,18228,0.194500000000005,4882,14152
rrsa,rrsa-0.5,64,4,periodic,700148,event,827,413,414,0.8076171875,-0.0012091898428053204,0.0012091898428053204,1,8,0,32843,32016,0.22169999999999845,11448,21395
rrsa,rrsa-0.5,64,4,periodic,700149,event,815,407,408,0.7958984375,-0.001226993865030675,0.001226993865030675,1,0,9,24822,24007,0.2034999999999627,16786,8036
rrsa,rrsa-0.5,64,4,periodic,700150,event,805,418,387,0.7861328125,0.03850931677018633,0.03850931677018633,1,0,36,21719,20914,0.19779999999997244,16607,5112
rrsa,rrsa-0.5,64,4,periodic,700151,event,809,410,399,0.7900390625,0.013597033374536464,0.013597033374536464,1,17,0,21145,20336,0.1875,7797,13348
rrsa,rrsa-0.5,64,4,periodic,700152,event,804,397,407,0.78515625,-0.012437810945273632,0.012437810945273632,1,30,0,25501,24697,0.21390000000002374,4632,20869
rrsa,rrsa-0.5,64,4,periodic,700153,event,800,399,401,0.78125,-0.0025,0.0025,1,0,35,20168,19368,0.1933999999999969,15339,4829
rrsa,rrsa-0.5,64,4,periodic,700154,event,830,412,418,0.810546875,-0.007228915662650603,0.007228915662650603,1,3,0,29419,28589,0.18890000000004648,13396,16023
rrsa,rrsa-0.5,64,4,periodic,700155,event,817,386,431,0.7978515625,-0.05507955936352509,0.05507955936352509,1,5,0,24130,23313,0.18790000000001328,9481,14649
rrsa,rrsa-0.5,64,4,periodic,700156,event,818,403,415,0.798828125,-0.014669926650366748,0.014669926650366748,1,0,2,32690,31872,0.24050000000005411,20829,11861
rrsa,rrsa-0.5,64,4,periodic,700157,event,827,399,428,0.8076171875,-0.03506650544135429,0.03506650544135429,1,0,5,26708,25881,0.18739999999996826,16202,10506
rrsa,rrsa-0.5,64,4,periodic,700158,event,823,418,405,0.8037109375,0.015795868772782502,0.015795868772782502,1,0,18,23735,22912,0.19610000000000127,17785,5950
rrsa,rrsa-0.5,64,4,periodic,700159,event,811,398,413,0.7919921875,-0.018495684340320593,0.018495684340320593,1,25,0,31925,31114,0.185799999999972,5297,26628
rrsa,rrsa-0.5,64,4,periodic,700160,event,810,402,408,0.791015625,-0.007407407407407408,0.007407407407407408,1,0,39,23090,22280,0.20060000000000855,18066,5024
rrsa,rrsa-0.5,64,4,periodic,700161,event,812,419,393,0.79296875,0.03201970443349754,0.03201970443349754,1,18,0,16868,16056,0.186300000000017,5799,11069
rrsa,rrsa-0.5,64,4,periodic,700162,event,819,424,395,0.7998046875,0.03540903540903541,0.03540903540903541,1,0,19,24977,24158,0.20160000000004175,19284,5693
rrsa,rrsa-0.5,64,4,periodic,700163,event,829,406,423,0.8095703125,-0.020506634499396863,0.020506634499396863,1,7,0,34935,34106,0.19599999999996953,8730,26205
rrsa,rrsa-0.5,64,4,periodic,700164,event,814,410,404,0.794921875,0.007371007371007371,0.007371007371007371,1,0,16,20313,19499,0.20949999999999136,14345,5968
rrsa,rrsa-0.5,64,4,periodic,700165,event,816,404,412,0.796875,-0.00980392156862745,0.00980392156862745,1,2,0,38549,37733,0.19429999999999836,10753,27796
rrsa,rrsa-0.5,64,4,periodic,700166,event,815,404,411,0.7958984375,-0.008588957055214725,0.008588957055214725,1,0,15,25849,25034,0.19379999999995334,18999,6850
rrsa,rrsa-0.5,64,4,periodic,700167,event,798,390,408,0.779296875,-0.022556390977443608,0.022556390977443608,1,16,0,19020,18222,0.1932000000000471,6458,12562
rrsa,rrsa-0.5,64,4,periodic,700168,event,838,420,418,0.818359375,0.002386634844868735,0.002386634844868735,1,0,2,27580,26742,0.21330000000000382,16933,10647
rrsa,rrsa-0.5,64,4,periodic,700169,event,827,436,391,0.8076171875,0.05441354292623942,0.05441354292623942,1,7,0,27295,26468,0.1933999999999969,9957,17338
rrsa,rrsa-0.5,64,4,periodic,700170,event,823,415,408,0.8037109375,0.00850546780072904,0.00850546780072904,1,0,14,31014,30191,0.20130000000000337,23919,7095
rrsa,rrsa-0.5,64,4,periodic,700171,event,800,403,397,0.78125,0.0075,0.0075,1,41,0,26443,25643,0.19800000000003593,4125,22318
rrsa,rrsa-0.5,64,4,periodic,700172,event,799,396,403,0.7802734375,-0.008760951188986232,0.008760951188986232,1,0,28,21989,21190,0.22100000000000364,16730,5259
rrsa,rrsa-0.5,64,4,periodic,700173,event,797,404,393,0.7783203125,0.013801756587202008,0.013801756587202008,1,39,0,22768,21971,0.20150000000001,3440,19328
rrsa,rrsa-0.5,64,4,periodic,700174,event,840,418,422,0.8203125,-0.004761904761904762,0.004761904761904762,1,3,0,32009,31169,0.21309999999999718,11540,20469
rrsa,rrsa-0.5,64,4,periodic,700175,event,819,434,385,0.7998046875,0.05982905982905983,0.05982905982905983,1,0,8,26913,26094,0.19710000000003447,17558,9355
rrsa,rrsa-0.5,64,4,periodic,700176,event,830,406,424,0.810546875,-0.021686746987951807,0.021686746987951807,1,0,4,40320,39490,0.2189000000000192,26943,13377
rrsa,rrsa-0.5,64,4,periodic,700177,event,820,422,398,0.80078125,0.02926829268292683,0.02926829268292683,1,0,13,26961,26141,0.19089999999999918,19989,6972
rrsa,rrsa-0.5,64,4,periodic,700178,event,783,368,415,0.7646484375,-0.06002554278416347,0.06002554278416347,1,55,0,20114,19331,0.18810000000001992,3723,16391
rrsa,rrsa-0.5,64,4,periodic,700179,event,816,402,414,0.796875,-0.014705882352941176,0.014705882352941176,1,12,0,21258,20442,0.19470000000001164,6540,14718
rrsa,rrsa-0.5,64,4,periodic,700180,event,824,423,401,0.8046875,0.02669902912621359,0.02669902912621359,1,6,0,22775,21951,0.22059999999999036,7779,14996
rrsa,rrsa-0.5,64,4,periodic,700181,event,813,380,433,0.7939453125,-0.06519065190651907,0.06519065190651907,1,0,6,39910,39097,0.189200000000028,28513,11397
rrsa,rrsa-0.5,64,4,periodic,700182,event,830,403,427,0.810546875,-0.02891566265060241,0.02891566265060241,1,2,0,35412,34582,0.18439999999998236,11547,23865
rrsa,rrsa-0.5,64,4,periodic,700183,event,786,389,397,0.767578125,-0.010178117048346057,0.010178117048346057,1,0,68,28541,27755,0.18590000000000373,26010,2531
rrsa,rrsa-0.5,64,4,periodic,700184,event,825,447,378,0.8056640625,0.08363636363636363,0.08363636363636363,1,0,14,28497,27672,0.20810000000000173,19627,8870
rrsa,rrsa-0.5,64,4,periodic,700185,event,830,383,447,0.810546875,-0.07710843373493977,0.07710843373493977,1,4,0,48116,47286,0.19100000000003092,9908,38208
rrsa,rrsa-0.5,64,4,periodic,700186,event,823,407,416,0.8037109375,-0.010935601458080195,0.010935601458080195,1,8,0,23115,22292,0.21460000000001855,10123,12992
rrsa,rrsa-0.5,64,4,periodic,700187,event,820,387,433,0.80078125,-0.05609756097560976,0.05609756097560976,0,0,0,39777,38957,0.20330000000001291,14985,24792
rrsa,rrsa-0.5,64,4,periodic,700188,event,824,416,408,0.8046875,0.009708737864077669,0.009708737864077669,1,0,3,32269,31445,0.21409999999997353,17981,14288
rrsa,rrsa-0.5,64,4,periodic,700189,event,801,395,406,0.7822265625,-0.01373283395755306,0.01373283395755306,1,0,40,41145,40344,0.18389999999999418,36268,4877
rrsa,rrsa-0.5,64,4,periodic,700190,event,839,392,447,0.8193359375,-0.06555423122765197,0.06555423122765197,1,0,6,45573,44734,0.18999999999999773,35624,9949
rrsa,rrsa-0.5,64,4,periodic,700191,event,807,421,386,0.7880859375,0.04337050805452292,0.04337050805452292,1,0,29,25215,24408,0.18880000000001473,20819,4396
rrsa,rrsa-0.5,64,4,periodic,700192,event,832,415,417,0.8125,-0.002403846153846154,0.002403846153846154,1,2,0,34970,34138,0.212600000000009,13255,21715
rrsa,rrsa-0.5,64,4,periodic,700193,event,838,428,410,0.818359375,0.021479713603818614,0.021479713603818614,1,0,3,34520,33682,0.19350000000002865,20770,13750
rrsa,rrsa-0.5,64,4,periodic,700194,event,833,420,413,0.8134765625,0.008403361344537815,0.008403361344537815,0,0,0,30030,29197,0.18799999999998818,12488,17542
rrsa,rrsa-0.5,64,4,periodic,700195,event,827,384,443,0.8076171875,-0.07134220072551391,0.07134220072551391,1,5,0,37142,36315,0.18689999999998008,9518,27624
rrsa,rrsa-0.5,64,4,periodic,700196,event,810,385,425,0.791015625,-0.04938271604938271,0.04938271604938271,1,0,11,29707,28897,0.20409999999998263,22856,6851
rrsa,rrsa-0.5,64,4,periodic,700197,event,836,415,421,0.81640625,-0.007177033492822967,0.007177033492822967,1,1,0,37025,36189,0.18779999999998154,16986,20039
rrsa,rrsa-0.5,64,4,periodic,700198,event,816,406,410,0.796875,-0.004901960784313725,0.004901960784313725,1,22,0,29091,28275,0.18700000000001182,6830,22261
rrsa,rrsa-0.5,64,4,periodic,700199,event,837,396,441,0.8173828125,-0.053763440860215055,0.053763440860215055,1,0,5,25996,25159,0.18919999999997117,15479,10517
rrsa,rrsa-0.5,64,4,periodic,700200,event,803,384,419,0.7841796875,-0.043586550435865505,0.043586550435865505,1,0,45,17527,16724,0.1986999999999739,13551,3976
rrsa,rrsa-0.5,64,4,periodic,700201,event,832,404,428,0.8125,-0.028846153846153848,0.028846153846153848,1,10,0,34166,33334,0.19060000000001764,7859,26307
rrsa,rrsa-0.5,64,4,periodic,700202,event,823,417,406,0.8037109375,0.013365735115431349,0.013365735115431349,1,11,0,32426,31603,0.19790000000000418,7200,25226
rrsa,rrsa-0.5,64,4,periodic,700203,event,821,423,398,0.8017578125,0.030450669914738125,0.030450669914738125,1,5,0,23677,22856,0.18389999999999418,8040,15637
rrsa,rrsa-0.5,64,4,periodic,700204,event,818,405,413,0.798828125,-0.009779951100244499,0.009779951100244499,1,14,0,26052,25234,0.20870000000002165,6996,19056
rrsa,rrsa-0.5,64,4,periodic,700205,event,823,409,414,0.8037109375,-0.006075334143377886,0.006075334143377886,1,2,0,33705,32882,0.27700000000004366,10081,23624
rrsa,rrsa-0.5,64,4,periodic,700206,event,819,417,402,0.7998046875,0.018315018315018316,0.018315018315018316,0,0,0,46154,45335,0.2563000000000102,23023,23131
rrsa,rrsa-0.5,64,4,periodic,700207,event,806,410,396,0.787109375,0.017369727047146403,0.017369727047146403,1,39,0,23810,23004,0.2300999999999931,4823,18987
rrsa,rrsa-0.5,64,4,periodic,700208,event,825,442,383,0.8056640625,0.07151515151515152,0.07151515151515152,1,16,0,26582,25757,0.23600000000004684,6420,20162
rrsa,rrsa-0.5,64,4,periodic,700209,event,812,413,399,0.79296875,0.017241379310344827,0.017241379310344827,1,0,11,46596,45784,0.20420000000001437,39449,7147
rrsa,rrsa-0.5,64,4,periodic,700210,event,819,411,408,0.7998046875,0.003663003663003663,0.003663003663003663,1,5,0,25105,24286,0.2185000000000059,8353,16752
rrsa,rrsa-0.5,64,4,periodic,700211,event,811,416,395,0.7919921875,0.025893958076448828,0.025893958076448828,1,0,33,20142,19331,0.20769999999998845,15595,4547
rrsa,rrsa-0.5,64,4,periodic,700212,event,823,378,445,0.8037109375,-0.08140947752126367,0.08140947752126367,1,3,0,37287,36464,0.220799999999997,13468,23819
rrsa,rrsa-0.5,64,4,periodic,700213,event,804,394,410,0.78515625,-0.01990049751243781,0.01990049751243781,1,19,0,21185,20381,0.19950000000000045,5603,15582
rrsa,rrsa-0.5,64,4,periodic,700214,event,816,425,391,0.796875,0.041666666666666664,0.041666666666666664,1,0,17,21948,21132,0.20590000000004238,14885,7063
rrsa,rrsa-0.5,64,4,periodic,700215,event,819,413,406,0.7998046875,0.008547008547008548,0.008547008547008548,1,24,0,26937,26118,0.20909999999997808,5955,20982
rrsa,rrsa-0.5,64,4,periodic,700216,event,848,418,430,0.828125,-0.014150943396226415,0.014150943396226415,1,5,0,36518,35670,0.22440000000000282,9627,26891
rrsa,rrsa-0.5,64,4,periodic,700217,event,828,440,388,0.80859375,0.06280193236714976,0.06280193236714976,1,0,2,29371,28543,0.19470000000001164,19392,9979
rrsa,rrsa-0.5,64,4,periodic,700218,event,814,403,411,0.794921875,-0.009828009828009828,0.009828009828009828,1,0,22,21101,20287,0.19529999999997472,14385,6716
rrsa,rrsa-0.5,64,4,periodic,700219,event,821,419,402,0.8017578125,0.020706455542021926,0.020706455542021926,1,0,10,26516,25695,0.19360000000000355,17136,9380
rrsa,rrsa-0.5,64,4,periodic,700220,event,807,409,398,0.7880859375,0.013630731102850062,0.013630731102850062,1,9,0,29295,28488,0.2644999999999982,9546,19749
rrsa,rrsa-0.5,64,4,periodic,700221,event,808,408,400,0.7890625,0.009900990099009901,0.009900990099009901,1,17,0,27074,26266,0.19460000000003674,7606,19468
rrsa,rrsa-0.5,64,4,periodic,700222,event,807,401,406,0.7880859375,-0.006195786864931847,0.006195786864931847,1,30,0,18159,17352,0.19369999999997844,4508,13651
rrsa,rrsa-0.5,64,4,periodic,700223,event,825,395,430,0.8056640625,-0.04242424242424243,0.04242424242424243,1,9,0,31385,30560,0.2015999999999849,7136,24249
rrsa,rrsa-0.5,64,4,periodic,700224,event,799,418,381,0.7802734375,0.04630788485607009,0.04630788485607009,1,0,28,25757,24958,0.204400000000021,20243,5514
rrsa,rrsa-0.5,64,4,periodic,700225,event,830,408,422,0.810546875,-0.016867469879518072,0.016867469879518072,1,0,3,29739,28909,0.19519999999999982,15180,14559
rrsa,rrsa-0.5,64,4,periodic,700226,event,814,422,392,0.794921875,0.036855036855036855,0.036855036855036855,0,0,0,30879,30065,0.1926000000000272,15392,15487
rrsa,rrsa-0.5,64,4,periodic,700227,event,825,390,435,0.8056640625,-0.05454545454545454,0.05454545454545454,1,0,1,41544,40719,0.19549999999998136,19682,21862
rrsa,rrsa-0.5,64,4,periodic,700228,event,801,414,387,0.7822265625,0.033707865168539325,0.033707865168539325,1,0,31,29487,28686,0.20580000000001064,24743,4744
rrsa,rrsa-0.5,64,4,periodic,700229,event,822,405,417,0.802734375,-0.014598540145985401,0.014598540145985401,1,0,3,20781,19959,0.20139999999997826,10491,10290
rrsa,rrsa-0.5,64,4,periodic,700230,event,828,415,413,0.80859375,0.0024154589371980675,0.0024154589371980675,1,0,12,20622,19794,0.19439999999997326,11953,8669
rrsa,rrsa-0.5,64,4,periodic,700231,event,836,412,424,0.81640625,-0.014354066985645933,0.014354066985645933,0,0,0,27076,26240,0.1945999999999799,13300,13776
rrsa,rrsa-0.5,64,4,periodic,700232,event,821,404,417,0.8017578125,-0.015834348355663823,0.015834348355663823,1,0,3,33781,32960,0.21219999999999573,21489,12292
rrsa,rrsa-0.5,64,4,periodic,700233,event,805,418,387,0.7861328125,0.03850931677018633,0.03850931677018633,1,0,33,23427,22622,0.1955000000000382,19568,3859
rrsa,rrsa-0.5,64,4,periodic,700234,event,815,398,417,0.7958984375,-0.023312883435582823,0.023312883435582823,1,0,5,26657,25842,0.1937000000000353,13401,13256
rrsa,rrsa-0.5,64,4,periodic,700235,event,808,440,368,0.7890625,0.0891089108910891,0.0891089108910891,1,33,0,19396,18588,0.19409999999999172,5902,13494
rrsa,rrsa-0.5,64,4,periodic,700236,event,813,389,424,0.7939453125,-0.04305043050430504,0.04305043050430504,1,0,14,24748,23935,0.2078999999999951,19199,5549
rrsa,rrsa-0.5,64,4,periodic,700237,event,833,414,419,0.8134765625,-0.006002400960384154,0.006002400960384154,1,0,3,31538,30705,0.21059999999999945,19735,11803
rrsa,rrsa-0.5,64,4,periodic,700238,event,824,395,429,0.8046875,-0.0412621359223301,0.0412621359223301,1,0,2,26982,26158,0.205600000000004,13411,13571
rrsa,rrsa-0.5,64,4,periodic,700239,event,795,393,402,0.7763671875,-0.011320754716981131,0.011320754716981131,1,0,32,22809,22014,0.2127999999999588,17367,5442
rrsa,rrsa-0.5,64,4,periodic,700240,event,838,410,428,0.818359375,-0.021479713603818614,0.021479713603818614,0,0,0,47647,46809,0.22539999999997917,28513,19134
rrsa,rrsa-0.5,64,4,periodic,700241,event,809,386,423,0.7900390625,-0.04573547589616811,0.04573547589616811,1,0,34,25199,24390,0.22649999999998727,20265,4934
rrsa,rrsa-0.5,64,4,periodic,700242,event,816,401,415,0.796875,-0.01715686274509804,0.01715686274509804,1,13,0,22890,22074,0.20289999999999964,6073,16817
rrsa,rrsa-0.5,64,4,periodic,700243,event,806,383,423,0.787109375,-0.04962779156327544,0.04962779156327544,1,12,0,24755,23949,0.2757000000000289,6900,17855
rrsa,rrsa-0.5,64,4,periodic,700244,event,813,427,386,0.7939453125,0.05043050430504305,0.05043050430504305,1,0,19,27394,26581,0.24939999999998008,21245,6149
rrsa,rrsa-0.5,64,4,periodic,700245,event,813,397,416,0.7939453125,-0.023370233702337023,0.023370233702337023,1,0,7,32423,31610,0.20299999999997453,23525,8898
rrsa,rrsa-0.5,64,4,periodic,700246,event,819,416,403,0.7998046875,0.015873015873015872,0.015873015873015872,1,0,12,26401,25582,0.21580000000000155,19735,6666
rrsa,rrsa-0.5,64,4,periodic,700247,event,834,399,435,0.814453125,-0.04316546762589928,0.04316546762589928,1,1,0,47534,46700,0.2056999999999789,21880,25654
rrsa,rrsa-0.5,64,4,periodic,700248,event,832,409,423,0.8125,-0.016826923076923076,0.016826923076923076,1,2,0,29903,29071,0.22280000000000655,11318,18585
rrsa,rrsa-0.5,64,4,periodic,700249,event,827,436,391,0.8076171875,0.05441354292623942,0.05441354292623942,1,7,0,29343,28516,0.1974999999999909,8670,20673
rrsa,rrsa-0.5,64,4,periodic,700250,event,822,409,413,0.802734375,-0.004866180048661801,0.004866180048661801,1,0,10,30170,29348,0.20179999999999154,22130,8040
rrsa,rrsa-0.5,64,4,periodic,700251,event,818,428,390,0.798828125,0.04645476772616137,0.04645476772616137,1,30,0,25970,25152,0.1937000000000353,5096,20874
rrsa,rrsa-0.5,64,4,periodic,700252,event,813,412,401,0.7939453125,0.013530135301353014,0.013530135301353014,1,10,0,21962,21149,0.2075999999999567,8749,13213
rrsa,rrsa-0.5,64,4,periodic,700253,event,800,395,405,0.78125,-0.0125,0.0125,1,0,38,26177,25377,0.19069999999999254,22310,3867
rrsa,rrsa-0.5,64,4,periodic,700254,event,811,407,404,0.7919921875,0.0036991368680641184,0.0036991368680641184,1,19,0,36555,35744,0.19080000000002428,6132,30423
rrsa,rrsa-0.5,64,4,periodic,700255,event,803,400,403,0.7841796875,-0.0037359900373599006,0.0037359900373599006,1,0,13,22159,21356,0.19259999999997035,15858,6301
rrsa,rrsa-0.5,64,4,periodic,700256,event,822,413,409,0.802734375,0.004866180048661801,0.004866180048661801,1,0,6,26595,25773,0.20760000000001355,15432,11163
rrsa,rrsa-0.5,64,4,periodic,700257,event,792,391,401,0.7734375,-0.012626262626262626,0.012626262626262626,1,0,40,32872,32080,0.18840000000000146,28427,4445
rrsa,rrsa-0.5,64,4,periodic,700258,event,796,382,414,0.77734375,-0.04020100502512563,0.04020100502512563,1,0,30,27992,27196,0.195699999999988,23738,4254
rrsa,rrsa-0.5,64,4,periodic,700259,event,831,420,411,0.8115234375,0.010830324909747292,0.010830324909747292,0,0,0,35741,34910,0.19769999999999754,18688,17053
rrsa,rrsa-0.5,64,4,periodic,700260,event,838,420,418,0.818359375,0.002386634844868735,0.002386634844868735,1,1,0,34103,33265,0.2255999999999858,13856,20247
rrsa,rrsa-0.5,64,4,periodic,700261,event,819,407,412,0.7998046875,-0.006105006105006105,0.006105006105006105,1,0,2,34276,33457,0.19720000000000937,19793,14483
rrsa,rrsa-0.5,64,4,periodic,700262,event,799,419,380,0.7802734375,0.04881101376720901,0.04881101376720901,1,0,31,19882,19083,0.18880000000001473,15496,4386
rrsa,rrsa-0.5,64,4,periodic,700263,event,828,447,381,0.80859375,0.07971014492753623,0.07971014492753623,1,3,0,31510,30682,0.19290000000000873,12389,19121
rrsa,rrsa-0.5,64,4,periodic,700264,event,804,427,377,0.78515625,0.06218905472636816,0.06218905472636816,1,23,0,20611,19807,0.21059999999999945,5589,15022
rrsa,rrsa-0.5,64,4,periodic,700265,event,816,387,429,0.796875,-0.051470588235294115,0.051470588235294115,1,0,12,28104,27288,0.1927000000000021,22607,5497
rrsa,rrsa-0.5,64,4,periodic,700266,event,809,392,417,0.7900390625,-0.030902348578491966,0.030902348578491966,1,0,15,22684,21875,0.1927000000000021,15135,7549
rrsa,rrsa-0.5,64,4,periodic,700267,event,827,412,415,0.8076171875,-0.0036275695284159614,0.0036275695284159614,1,3,0,31718,30891,0.19830000000001746,12953,18765
rrsa,rrsa-0.5,64,4,periodic,700268,event,820,415,405,0.80078125,0.012195121951219513,0.012195121951219513,1,5,0,23275,22455,0.21039999999999281,9412,13863
rrsa,rrsa-0.5,64,4,periodic,700269,event,815,398,417,0.7958984375,-0.023312883435582823,0.023312883435582823,1,18,0,35638,34823,0.19299999999998363,5774,29864
rrsa,rrsa-0.5,64,4,periodic,700270,event,814,440,374,0.794921875,0.08108108108108109,0.08108108108108109,1,6,0,23052,22238,0.20650000000000546,11028,12024
rrsa,rrsa-0.5,64,4,periodic,700271,event,826,440,386,0.806640625,0.06537530266343826,0.06537530266343826,1,7,0,26145,25319,0.2300000000000182,9492,16653
rrsa,rrsa-0.5,64,4,periodic,700272,event,833,422,411,0.8134765625,0.013205282112845138,0.013205282112845138,1,7,0,28284,27451,0.23179999999996426,10847,17437
rrsa,rrsa-0.5,64,4,periodic,700273,event,825,429,396,0.8056640625,0.04,0.04,1,12,0,25887,25062,0.21390000000002374,9132,16755
rrsa,rrsa-0.5,64,4,periodic,700274,event,817,416,401,0.7978515625,0.01835985312117503,0.01835985312117503,1,0,21,26637,25820,0.22340000000002647,19532,7105
rrsa,rrsa-0.5,64,4,periodic,700275,event,801,393,408,0.7822265625,-0.018726591760299626,0.018726591760299626,1,0,25,16352,15551,0.20830000000000837,11691,4661
rrsa,rrsa-0.5,64,4,periodic,700276,event,821,408,413,0.8017578125,-0.0060901339829476245,0.0060901339829476245,1,0,15,32010,31189,0.23980000000000246,26257,5753
rrsa,rrsa-0.5,64,4,periodic,700277,event,835,400,435,0.8154296875,-0.041916167664670656,0.041916167664670656,1,2,0,37436,36601,0.2154000000000451,14512,22924
rrsa,rrsa-0.5,64,4,periodic,700278,event,813,381,432,0.7939453125,-0.06273062730627306,0.06273062730627306,1,0,10,25826,25013,0.21179999999998245,15838,9988
rrsa,rrsa-0.5,64,4,periodic,700279,event,848,420,428,0.828125,-0.009433962264150943,0.009433962264150943,0,0,0,38952,38104,0.20760000000001355,17744,21208
rrsa,rrsa-0.5,64,4,periodic,700280,event,831,399,432,0.8115234375,-0.039711191335740074,0.039711191335740074,1,0,5,28195,27364,0.22440000000000282,15009,13186
rrsa,rrsa-0.5,64,4,periodic,700281,event,834,436,398,0.814453125,0.045563549160671464,0.045563549160671464,1,0,5,29835,29001,0.2008999999999901,20212,9623
rrsa,rrsa-0.5,64,4,periodic,700282,event,805,379,426,0.7861328125,-0.058385093167701865,0.058385093167701865,1,11,0,33112,32307,0.22280000000000655,7392,25720
rrsa,rrsa-0.5,64,4,periodic,700283,event,825,413,412,0.8056640625,0.0012121212121212121,0.0012121212121212121,1,0,1,29439,28614,0.20729999999997517,14997,14442
rrsa,rrsa-0.5,64,4,periodic,700284,event,820,409,411,0.80078125,-0.0024390243902439024,0.0024390243902439024,1,0,5,33666,32846,0.2939999999999827,19256,14410
rrsa,rrsa-0.5,64,4,periodic,700285,event,830,447,383,0.810546875,0.07710843373493977,0.07710843373493977,1,10,0,31945,31115,0.20109999999999673,8151,23794
rrsa,rrsa-0.5,64,4,periodic,700286,event,823,419,404,0.8037109375,0.018226002430133656,0.018226002430133656,1,0,3,28481,27658,0.20909999999997808,18636,9845
rrsa,rrsa-0.5,64,4,periodic,700287,event,817,371,446,0.7978515625,-0.09179926560587515,0.09179926560587515,1,6,0,26917,26100,0.20479999999997744,13761,13156
rrsa,rrsa-0.5,64,4,periodic,700288,event,824,420,404,0.8046875,0.019417475728155338,0.019417475728155338,1,0,8,33214,32390,0.22119999999995343,23306,9908
rrsa,rrsa-0.5,64,4,periodic,700289,event,831,416,415,0.8115234375,0.0012033694344163659,0.0012033694344163659,1,0,10,33647,32816,0.20650000000000546,23847,9800
rrsa,rrsa-0.5,64,4,periodic,700290,event,823,405,418,0.8037109375,-0.015795868772782502,0.015795868772782502,1,5,0,29439,28616,0.19709999999997763,13302,16137
rrsa,rrsa-0.5,64,4,periodic,700291,event,827,437,390,0.8076171875,0.056831922611850064,0.056831922611850064,1,0,4,20875,20048,0.19580000000001974,12837,8038
rrsa,rrsa-0.5,64,4,periodic,700292,event,791,413,378,0.7724609375,0.04424778761061947,0.04424778761061947,1,0,42,20640,19849,0.20709999999996853,16913,3727
rrsa,rrsa-0.5,64,4,periodic,700293,event,824,408,416,0.8046875,-0.009708737864077669,0.009708737864077669,1,0,10,26461,25637,0.20100000000002183,19015,7446
rrsa,rrsa-0.5,64,4,periodic,700294,event,829,406,423,0.8095703125,-0.020506634499396863,0.020506634499396863,1,0,14,27964,27135,0.19509999999996808,16865,11099
rrsa,rrsa-0.5,64,4,periodic,700295,event,817,422,395,0.7978515625,0.033047735618115054,0.033047735618115054,1,16,0,27271,26454,0.19880000000000564,7835,19436
rrsa,rrsa-0.5,64,4,periodic,700296,event,807,399,408,0.7880859375,-0.011152416356877323,0.011152416356877323,1,0,25,19297,18490,0.22380000000003974,13629,5668
rrsa,rrsa-0.5,64,4,periodic,700297,event,831,436,395,0.8115234375,0.049338146811071,0.049338146811071,1,9,0,24206,23375,0.20760000000001355,8013,16193
rrsa,rrsa-0.5,64,4,periodic,700298,event,818,401,417,0.798828125,-0.019559902200488997,0.019559902200488997,1,0,5,42736,41918,0.19389999999998508,33096,9640
rrsa,rrsa-0.5,64,4,periodic,700299,event,822,425,397,0.802734375,0.0340632603406326,0.0340632603406326,1,0,15,26108,25286,0.1927000000000021,19499,6609
rrsa,rrsa-0.5,64,4,periodic,700300,event,832,414,418,0.8125,-0.004807692307692308,0.004807692307692308,1,0,2,33014,32182,0.21749999999997272,18891,14123
rrsa,rrsa-0.5,64,4,periodic,700301,event,830,423,407,0.810546875,0.01927710843373494,0.01927710843373494,1,0,4,26345,25515,0.2336999999999989,14408,11937
rrsa,rrsa-0.5,64,4,periodic,700302,event,792,385,407,0.7734375,-0.027777777777777776,0.027777777777777776,1,59,0,24605,23813,0.2177000000000362,4265,20340
rrsa,rrsa-0.5,64,4,periodic,700303,event,820,357,463,0.80078125,-0.12926829268292683,0.12926829268292683,1,10,0,24678,23858,0.21690000000000964,7478,17200
rrsa,rrsa-0.5,64,4,periodic,700304,event,828,409,419,0.80859375,-0.012077294685990338,0.012077294685990338,1,0,9,28545,27717,0.24020000000001573,18904,9641
rrsa,rrsa-0.5,64,4,periodic,700305,event,826,410,416,0.806640625,-0.007263922518159807,0.007263922518159807,1,12,0,25177,24351,0.2547000000000139,8425,16752
rrsa,rrsa-0.5,64,4,periodic,700306,event,827,403,424,0.8076171875,-0.02539298669891173,0.02539298669891173,1,0,9,24332,23505,0.2259999999999991,15458,8874
rrsa,rrsa-0.5,64,4,periodic,700307,event,810,386,424,0.791015625,-0.04691358024691358,0.04691358024691358,1,0,14,22327,21517,0.211400000000026,14152,8175
rrsa,rrsa-0.5,64,4,periodic,700308,event,812,411,401,0.79296875,0.012315270935960592,0.012315270935960592,1,0,29,26140,25328,0.23670000000004165,20091,6049
rrsa,rrsa-0.5,64,4,periodic,700309,event,790,405,385,0.771484375,0.02531645569620253,0.02531645569620253,1,0,61,26912,26122,0.204400000000021,23805,3107
rrsa,rrsa-0.5,64,4,periodic,700310,event,835,413,422,0.8154296875,-0.010778443113772455,0.010778443113772455,1,1,0,34028,33193,0.21580000000000155,15328,18700
rrsa,rrsa-0.5,64,4,periodic,700311,event,800,392,408,0.78125,-0.02,0.02,1,29,0,16904,16104,0.251199999999983,5289,11615
rrsa,rrsa-0.5,64,4,periodic,700312,event,822,425,397,0.802734375,0.0340632603406326,0.0340632603406326,1,9,0,36578,35756,0.28190000000000737,7911,28667
rrsa,rrsa-0.5,64,4,periodic,700313,event,790,379,411,0.771484375,-0.04050632911392405,0.04050632911392405,1,55,0,21073,20283,0.20619999999996708,3151,17922
rrsa,rrsa-0.5,64,4,periodic,700314,event,813,416,397,0.7939453125,0.023370233702337023,0.023370233702337023,1,0,4,31995,31182,0.1927000000000021,22010,9985
rrsa,rrsa-0.5,64,4,periodic,700315,event,837,424,413,0.8173828125,0.013142174432497013,0.013142174432497013,1,6,0,30955,30118,0.21040000000004966,8881,22074
rrsa,rrsa-0.5,64,4,periodic,700316,event,801,398,403,0.7822265625,-0.006242197253433208,0.006242197253433208,1,0,29,18441,17640,0.21750000000002956,12387,6054
rrsa,rrsa-0.5,64,4,periodic,700317,event,795,390,405,0.7763671875,-0.018867924528301886,0.018867924528301886,1,47,0,20726,19931,0.194500000000005,4070,16656
rrsa,rrsa-0.5,64,4,periodic,700318,event,789,417,372,0.7705078125,0.057034220532319393,0.057034220532319393,1,42,0,17750,16961,0.19080000000002428,4053,13697
rrsa,rrsa-0.5,64,4,periodic,700319,event,822,390,432,0.802734375,-0.051094890510948905,0.051094890510948905,1,5,0,29574,28752,0.19600000000002638,7806,21768
rrsa,rrsa-0.5,64,4,periodic,700320,event,821,383,438,0.8017578125,-0.06699147381242387,0.06699147381242387,1,0,3,55792,54971,0.23560000000003356,38381,17411
rrsa,rrsa-0.5,64,4,periodic,700321,event,816,410,406,0.796875,0.004901960784313725,0.004901960784313725,1,0,19,22787,21971,0.2106000000000563,16696,6091
rrsa,rrsa-0.5,64,4,periodic,700322,event,821,414,407,0.8017578125,0.008526187576126675,0.008526187576126675,1,0,16,21684,20863,0.22129999999998518,14344,7340
rrsa,rrsa-0.5,64,4,periodic,700323,event,814,406,408,0.794921875,-0.002457002457002457,0.002457002457002457,1,12,0,25301,24487,0.2068999999999619,7271,18030
rrsa,rrsa-0.5,64,4,periodic,700324,event,818,421,397,0.798828125,0.029339853300733496,0.029339853300733496,0,0,0,40896,40078,0.2439000000000533,16229,24667
rrsa,rrsa-0.5,64,4,periodic,700325,event,813,399,414,0.7939453125,-0.01845018450184502,0.01845018450184502,1,0,16,22288,21475,0.20470000000000255,14531,7757
rrsa,rrsa-0.5,64,4,periodic,700326,event,814,384,430,0.794921875,-0.056511056511056514,0.056511056511056514,1,0,13,22866,22052,0.19110000000000582,15375,7491
rrsa,rrsa-0.5,64,4,periodic,700327,event,827,386,441,0.8076171875,-0.06650544135429262,0.06650544135429262,1,10,0,35509,34682,0.24579999999997426,7029,28480
rrsa,rrsa-0.5,64,4,periodic,700328,event,830,428,402,0.810546875,0.03132530120481928,0.03132530120481928,1,2,0,31571,30741,0.21989999999999554,18985,12586
rrsa,rrsa-0.5,64,4,periodic,700329,event,817,379,438,0.7978515625,-0.07221542227662178,0.07221542227662178,1,14,0,26551,25734,0.21860000000003765,6453,20098
rrsa,rrsa-0.5,64,4,periodic,700330,event,824,427,397,0.8046875,0.03640776699029126,0.03640776699029126,1,1,0,39605,38781,0.20369999999996935,19478,20127
rrsa,rrsa-0.5,64,4,periodic,700331,event,812,406,406,0.79296875,0,0,1,0,12,45170,44358,0.23799999999999955,38447,6723
rrsa,rrsa-0.5,64,4,periodic,700332,event,803,408,395,0.7841796875,0.0161892901618929,0.0161892901618929,1,0,26,36646,35843,0.27590000000003556,31931,4715
rrsa,rrsa-0.5,64,4,periodic,700333,event,820,405,415,0.80078125,-0.012195121951219513,0.012195121951219513,0,0,0,40855,40035,0.24090000000001055,21021,19834
rrsa,rrsa-0.5,64,4,periodic,700334,event,821,425,396,0.8017578125,0.03532277710109622,0.03532277710109622,1,0,17,23090,22269,0.21330000000000382,15825,7265
rrsa,rrsa-0.5,64,4,periodic,700335,event,816,407,409,0.796875,-0.0024509803921568627,0.0024509803921568627,1,0,12,17478,16662,0.23560000000003356,9577,7901
rrsa,rrsa-0.5,64,4,periodic,700336,event,823,415,408,0.8037109375,0.00850546780072904,0.00850546780072904,1,0,19,32201,31378,0.2635999999999967,25538,6663
rrsa,rrsa-0.5,64,4,periodic,700337,event,798,401,397,0.779296875,0.005012531328320802,0.005012531328320802,1,37,0,22549,21751,0.24409999999994625,3842,18707
rrsa,rrsa-0.5,64,4,periodic,700338,event,814,410,404,0.794921875,0.007371007371007371,0.007371007371007371,1,0,10,27660,26846,0.24149999999997362,20419,7241
rrsa,rrsa-0.5,64,4,periodic,700339,event,809,416,393,0.7900390625,0.02843016069221261,0.02843016069221261,1,0,9,27498,26689,0.23589999999995825,19271,8227
rrsa,rrsa-0.5,64,4,periodic,700340,event,803,419,384,0.7841796875,0.043586550435865505,0.043586550435865505,1,0,19,22580,21777,0.24940000000003693,15874,6706
rrsa,rrsa-0.5,64,4,periodic,700341,event,830,404,426,0.810546875,-0.02650602409638554,0.02650602409638554,1,15,0,29727,28897,0.23179999999996426,7438,22289
rrsa,rrsa-0.5,64,4,periodic,700342,event,815,431,384,0.7958984375,0.05766871165644172,0.05766871165644172,1,0,11,35122,34307,0.2259999999999991,26664,8458
rrsa,rrsa-0.5,64,4,periodic,700343,event,820,430,390,0.80078125,0.04878048780487805,0.04878048780487805,1,0,10,26483,25663,0.2215999999999667,19238,7245
rrsa,rrsa-0.5,64,4,periodic,700344,event,835,407,428,0.8154296875,-0.025149700598802394,0.025149700598802394,1,0,8,33900,33065,0.24660000000000082,25013,8887
rrsa,rrsa-0.5,64,4,periodic,700345,event,812,406,406,0.79296875,0,0,1,20,0,23855,23043,0.21659999999997126,5617,18238
rrsa,rrsa-0.5,64,4,periodic,700346,event,845,431,414,0.8251953125,0.020118343195266272,0.020118343195266272,1,1,0,42489,41644,0.2177000000000362,21368,21121
rrsa,rrsa-0.5,64,4,periodic,700347,event,831,413,418,0.8115234375,-0.006016847172081829,0.006016847172081829,1,9,0,26790,25959,0.20929999999998472,9781,17009
rrsa,rrsa-0.5,64,4,periodic,700348,event,803,399,404,0.7841796875,-0.0062266500622665,0.0062266500622665,1,0,22,28223,27420,0.2699000000000069,22433,5790
rrsa,rrsa-0.5,64,4,periodic,700349,event,826,417,409,0.806640625,0.009685230024213076,0.009685230024213076,1,0,16,31928,31102,0.3050999999999817,25354,6574
rrsa,rrsa-0.5,64,4,periodic,700350,event,829,389,440,0.8095703125,-0.061519903498190594,0.061519903498190594,1,14,0,27112,26283,0.22550000000001091,8581,18531
rrsa,rrsa-0.5,64,4,periodic,700351,event,797,396,401,0.7783203125,-0.006273525721455458,0.006273525721455458,1,14,0,20271,19474,0.20319999999998117,7179,13092
rrsa,rrsa-0.5,64,4,periodic,700352,event,813,407,406,0.7939453125,0.0012300123001230013,0.0012300123001230013,1,16,0,29923,29110,0.219099999999969,7342,22581
rrsa,rrsa-0.5,64,4,periodic,700353,event,830,412,418,0.810546875,-0.007228915662650603,0.007228915662650603,0,0,0,42464,41634,0.19650000000001455,27368,15096
rrsa,rrsa-0.5,64,4,periodic,700354,event,814,390,424,0.794921875,-0.04176904176904177,0.04176904176904177,1,17,0,25421,24607,0.19180000000000064,7971,17450
rrsa,rrsa-0.5,64,4,periodic,700355,event,830,422,408,0.810546875,0.016867469879518072,0.016867469879518072,1,11,0,24741,23911,0.20100000000002183,6837,17904
rrsa,rrsa-0.5,64,4,periodic,700356,event,836,413,423,0.81640625,-0.011961722488038277,0.011961722488038277,1,3,0,28074,27238,0.2156999999999698,11211,16863
rrsa,rrsa-0.5,64,4,periodic,700357,event,822,409,413,0.802734375,-0.004866180048661801,0.004866180048661801,1,0,21,30753,29931,0.20499999999998408,23819,6934
rrsa,rrsa-0.5,64,4,periodic,700358,event,810,394,416,0.791015625,-0.027160493827160494,0.027160493827160494,1,0,27,24044,23234,0.20999999999997954,18924,5120
rrsa,rrsa-0.5,64,4,periodic,700359,event,808,401,407,0.7890625,-0.007425742574257425,0.007425742574257425,1,0,13,20404,19596,0.19519999999999982,13546,6858
rrsa,rrsa-0.5,64,4,periodic,700360,event,837,419,418,0.8173828125,0.0011947431302270011,0.0011947431302270011,1,0,16,28670,27833,0.22390000000001464,20928,7742
rrsa,rrsa-0.5,64,4,periodic,700361,event,813,398,415,0.7939453125,-0.020910209102091022,0.020910209102091022,1,0,27,21417,20604,0.20060000000000855,14860,6557
rrsa,rrsa-0.5,64,4,periodic,700362,event,799,380,419,0.7802734375,-0.04881101376720901,0.04881101376720901,1,0,45,29719,28920,0.2115000000000009,24042,5677
rrsa,rrsa-0.5,64,4,periodic,700363,event,816,399,417,0.796875,-0.022058823529411766,0.022058823529411766,1,9,0,24886,24070,0.21160000000003265,12500,12386
rrsa,rrsa-0.5,64,4,periodic,700364,event,837,414,423,0.8173828125,-0.010752688172043012,0.010752688172043012,1,0,1,38267,37430,0.24220000000002528,17562,20705
rrsa,rrsa-0.5,64,4,periodic,700365,event,796,409,387,0.77734375,0.02763819095477387,0.02763819095477387,1,41,0,16425,15629,0.21580000000000155,4967,11458
rrsa,rrsa-0.5,64,4,periodic,700366,event,826,425,401,0.806640625,0.029055690072639227,0.029055690072639227,1,0,21,18540,17714,0.23010000000004993,13235,5305
rrsa,rrsa-0.5,64,4,periodic,700367,event,836,418,418,0.81640625,0,0,1,1,0,38895,38059,0.2407000000000039,13293,25602
rrsa,rrsa-0.5,64,4,periodic,700368,event,823,405,418,0.8037109375,-0.015795868772782502,0.015795868772782502,1,0,30,28707,27884,0.2600999999999658,24164,4543
rrsa,rrsa-0.5,64,4,periodic,700369,event,812,425,387,0.79296875,0.046798029556650245,0.046798029556650245,1,0,4,26079,25267,0.23429999999996198,16043,10036
rrsa,rrsa-0.5,64,4,periodic,700370,event,829,411,418,0.8095703125,-0.008443908323281062,0.008443908323281062,1,6,0,34526,33697,0.22879999999997835,12644,21882
rrsa,rrsa-0.5,64,4,periodic,700371,event,826,413,413,0.806640625,0,0,1,13,0,20295,19469,0.23359999999996717,6733,13562
rrsa,rrsa-0.5,64,4,periodic,700372,event,829,433,396,0.8095703125,0.04463208685162847,0.04463208685162847,1,0,4,31076,30247,0.24349999999998317,19063,12013
rrsa,rrsa-0.5,64,4,periodic,700373,event,820,441,379,0.80078125,0.07560975609756097,0.07560975609756097,1,17,0,25096,24276,0.22139999999996007,7472,17624
rrsa,rrsa-0.5,64,4,periodic,700374,event,825,411,414,0.8056640625,-0.0036363636363636364,0.0036363636363636364,1,0,2,30425,29600,0.226600000000019,14361,16064
rrsa,rrsa-0.5,64,4,periodic,700375,event,803,418,385,0.7841796875,0.0410958904109589,0.0410958904109589,1,0,35,17295,16492,0.22459999999995262,13220,4075
rrsa,rrsa-0.5,64,4,periodic,700376,event,799,412,387,0.7802734375,0.03128911138923655,0.03128911138923655,1,20,0,27279,26480,0.2370999999999981,6031,21248
rrsa,rrsa-0.5,64,4,periodic,700377,event,812,403,409,0.79296875,-0.007389162561576354,0.007389162561576354,1,0,8,33408,32596,0.21749999999997272,25287,8121
rrsa,rrsa-0.5,64,4,periodic,700378,event,832,426,406,0.8125,0.02403846153846154,0.02403846153846154,1,9,0,29098,28266,0.22160000000002356,7974,21124
rrsa,rrsa-0.5,64,4,periodic,700379,event,792,397,395,0.7734375,0.0025252525252525255,0.0025252525252525255,1,0,32,24504,23712,0.21500000000003183,20045,4459
rrsa,rrsa-0.5,64,4,periodic,700380,event,825,398,427,0.8056640625,-0.03515151515151515,0.03515151515151515,1,15,0,30658,29833,0.24370000000004666,6559,24099
rrsa,rrsa-0.5,64,4,periodic,700381,event,803,384,419,0.7841796875,-0.043586550435865505,0.043586550435865505,1,26,0,24602,23799,0.226600000000019,5914,18688
rrsa,rrsa-0.5,64,4,periodic,700382,event,823,417,406,0.8037109375,0.013365735115431349,0.013365735115431349,1,13,0,20930,20107,0.23640000000000327,9569,11361
rrsa,rrsa-0.5,64,4,periodic,700383,event,821,394,427,0.8017578125,-0.040194884287454324,0.040194884287454324,1,0,20,24987,24166,0.24679999999995061,19110,5877
rrsa,rrsa-0.5,64,4,periodic,700384,event,816,412,404,0.796875,0.00980392156862745,0.00980392156862745,1,20,0,24714,23898,0.26070000000004256,6247,18467
rrsa,rrsa-0.5,64,4,periodic,700385,event,809,423,386,0.7900390625,0.04573547589616811,0.04573547589616811,1,0,17,26349,25540,0.23790000000002465,19003,7346
rrsa,rrsa-0.5,64,4,periodic,700386,event,828,398,430,0.80859375,-0.03864734299516908,0.03864734299516908,1,0,14,21112,20284,0.2441000000000031,13806,7306
rrsa,rrsa-0.5,64,4,periodic,700387,event,811,392,419,0.7919921875,-0.03329223181257707,0.03329223181257707,1,26,0,22531,21720,0.25130000000001473,5399,17132
rrsa,rrsa-0.5,64,4,periodic,700388,event,797,383,414,0.7783203125,-0.03889585947302384,0.03889585947302384,1,20,0,23595,22798,0.27499999999997726,4942,18653
rrsa,rrsa-0.5,64,4,periodic,700389,event,826,414,412,0.806640625,0.002421307506053269,0.002421307506053269,1,1,0,37608,36782,0.2616999999999621,19881,17727
rrsa,rrsa-0.5,64,4,periodic,700390,event,821,427,394,0.8017578125,0.040194884287454324,0.040194884287454324,1,9,0,24864,24043,0.27359999999998763,8654,16210
rrsa,rrsa-0.5,64,4,periodic,700391,event,808,387,421,0.7890625,-0.04207920792079208,0.04207920792079208,1,0,23,22032,21224,0.2658999999999878,16055,5977
rrsa,rrsa-0.5,64,4,periodic,700392,event,826,415,411,0.806640625,0.004842615012106538,0.004842615012106538,1,0,3,32821,31995,0.2927999999999997,20914,11907
rrsa,rrsa-0.5,64,4,periodic,700393,event,839,401,438,0.8193359375,-0.04410011918951132,0.04410011918951132,1,0,5,25099,24260,0.27120000000002165,14381,10718
rrsa,rrsa-0.5,64,4,periodic,700394,event,801,400,401,0.7822265625,-0.0012484394506866417,0.0012484394506866417,1,34,0,22002,21201,0.2533000000000243,5965,16037
rrsa,rrsa-0.5,64,4,periodic,700395,event,802,402,400,0.783203125,0.0024937655860349127,0.0024937655860349127,1,33,0,27189,26387,0.25,5370,21819
rrsa,rrsa-0.5,64,4,periodic,700396,event,828,412,416,0.80859375,-0.004830917874396135,0.004830917874396135,1,11,0,17724,16896,0.28010000000000446,6884,10840
rrsa,rrsa-0.5,64,4,periodic,700397,event,802,407,395,0.783203125,0.014962593516209476,0.014962593516209476,1,0,46,24482,23680,0.25830000000001974,19909,4573
rrsa,rrsa-0.5,64,4,periodic,700398,event,825,413,412,0.8056640625,0.0012121212121212121,0.0012121212121212121,1,10,0,33406,32581,0.24259999999998172,7766,25640
rrsa,rrsa-0.5,64,4,periodic,700399,event,822,413,409,0.802734375,0.004866180048661801,0.004866180048661801,1,4,0,29637,28815,0.24020000000001573,9778,19859
rrsa,rrsa-0.5,64,4,periodic,700400,event,825,426,399,0.8056640625,0.03272727272727273,0.03272727272727273,1,0,3,27580,26755,0.25900000000001455,12826,14754
rrsa,rrsa-0.5,64,4,periodic,700401,event,804,419,385,0.78515625,0.04228855721393035,0.04228855721393035,1,43,0,21919,21115,0.23539999999997008,4397,17522
rrsa,rrsa-0.5,64,4,periodic,700402,event,815,413,402,0.7958984375,0.013496932515337423,0.013496932515337423,1,2,0,31770,30955,0.23250000000001592,11394,20376
rrsa,rrsa-0.5,64,4,periodic,700403,event,817,390,427,0.7978515625,-0.04528763769889841,0.04528763769889841,1,13,0,27111,26294,0.226099999999974,6005,21106
rrsa,rrsa-0.5,64,4,periodic,700404,event,819,391,428,0.7998046875,-0.045177045177045176,0.045177045177045176,1,7,0,26256,25437,0.24830000000002883,9864,16392
rrsa,rrsa-0.5,64,4,periodic,700405,event,828,409,419,0.80859375,-0.012077294685990338,0.012077294685990338,1,0,9,23732,22904,0.22509999999999764,14653,9079
rrsa,rrsa-0.5,64,4,periodic,700406,event,817,399,418,0.7978515625,-0.023255813953488372,0.023255813953488372,1,0,13,23517,22700,0.2226999999999748,15199,8318
rrsa,rrsa-0.5,64,4,periodic,700407,event,795,417,378,0.7763671875,0.04905660377358491,0.04905660377358491,1,18,0,22372,21577,0.21040000000004966,5917,16455
rrsa,rrsa-0.5,64,4,periodic,700408,event,825,416,409,0.8056640625,0.008484848484848486,0.008484848484848486,1,0,10,28010,27185,0.2411000000000172,18558,9452
rrsa,rrsa-0.5,64,4,periodic,700409,event,827,382,445,0.8076171875,-0.0761789600967352,0.0761789600967352,1,5,0,34402,33575,0.21609999999998308,9650,24752
rrsa,rrsa-0.5,64,4,periodic,700410,event,784,385,399,0.765625,-0.017857142857142856,0.017857142857142856,1,61,0,20401,19617,0.20330000000001291,3413,16988
rrsa,rrsa-0.5,64,4,periodic,700411,event,824,396,428,0.8046875,-0.038834951456310676,0.038834951456310676,1,5,0,29729,28905,0.20539999999999736,9624,20105
rrsa,rrsa-0.5,64,4,periodic,700412,event,823,413,410,0.8037109375,0.0036452004860267314,0.0036452004860267314,1,2,0,39852,39029,0.2647000000000048,16417,23435
rrsa,rrsa-0.5,64,4,periodic,700413,event,808,405,403,0.7890625,0.0024752475247524753,0.0024752475247524753,1,0,12,25561,24753,0.278699999999958,16770,8791
rrsa,rrsa-0.5,64,4,periodic,700414,event,822,388,434,0.802734375,-0.05596107055961071,0.05596107055961071,1,10,0,29358,28536,0.214999999999975,8626,20732
rrsa,rrsa-0.5,64,4,periodic,700415,event,796,416,380,0.77734375,0.04522613065326633,0.04522613065326633,1,44,0,20423,19627,0.19959999999997535,3778,16645
rrsa,rrsa-0.5,64,4,periodic,700416,event,813,414,399,0.7939453125,0.01845018450184502,0.01845018450184502,1,8,0,48589,47776,0.220799999999997,10377,38212
rrsa,rrsa-0.5,64,4,periodic,700417,event,827,416,411,0.8076171875,0.006045949214026602,0.006045949214026602,1,0,10,22001,21174,0.20229999999997972,13567,8434
rrsa,rrsa-0.5,64,4,periodic,700418,event,817,426,391,0.7978515625,0.042839657282741736,0.042839657282741736,1,8,0,21442,20625,0.20060000000000855,10440,11002
rrsa,rrsa-0.5,64,4,periodic,700419,event,796,407,389,0.77734375,0.022613065326633167,0.022613065326633167,1,0,37,26113,25317,0.1938000000000102,21039,5074
rrsa,rrsa-0.5,64,4,periodic,700420,event,827,393,434,0.8076171875,-0.049576783555018135,0.049576783555018135,1,0,5,32093,31266,0.21920000000000073,22168,9925
rrsa,rrsa-0.5,64,4,periodic,700421,event,827,413,414,0.8076171875,-0.0012091898428053204,0.0012091898428053204,1,1,0,25530,24703,0.20310000000000628,9975,15555
rrsa,rrsa-0.5,64,4,periodic,700422,event,829,425,404,0.8095703125,0.025331724969843185,0.025331724969843185,1,0,2,29619,28790,0.20609999999999218,19743,9876
rrsa,rrsa-0.5,64,4,periodic,700423,event,826,411,415,0.806640625,-0.004842615012106538,0.004842615012106538,1,0,7,27282,26456,0.20539999999999736,18368,8914
rrsa,rrsa-0.5,64,4,periodic,700424,event,806,395,411,0.787109375,-0.019851116625310174,0.019851116625310174,1,29,0,21659,20853,0.21959999999995716,4989,16670
rrsa,rrsa-0.5,64,4,periodic,700425,event,824,385,439,0.8046875,-0.06553398058252427,0.06553398058252427,1,1,0,29323,28499,0.21209999999996398,13892,15431
rrsa,rrsa-0.5,64,4,periodic,700426,event,824,407,417,0.8046875,-0.012135922330097087,0.012135922330097087,1,17,0,30115,29291,0.21229999999997062,9480,20635
rrsa,rrsa-0.5,64,4,periodic,700427,event,826,428,398,0.806640625,0.03631961259079903,0.03631961259079903,1,6,0,29287,28461,0.2138999999999669,9607,19680
rrsa,rrsa-0.5,64,4,periodic,700428,event,819,406,413,0.7998046875,-0.008547008547008548,0.008547008547008548,1,5,0,33209,32390,0.23239999999998417,10867,22342
rrsa,rrsa-0.5,64,4,periodic,700429,event,819,414,405,0.7998046875,0.01098901098901099,0.01098901098901099,1,0,20,18751,17932,0.211400000000026,12979,5772
rrsa,rrsa-0.5,64,4,periodic,700430,event,815,404,411,0.7958984375,-0.008588957055214725,0.008588957055214725,1,20,0,25652,24837,0.21699999999998454,6049,19603
rrsa,rrsa-0.5,64,4,periodic,700431,event,826,429,397,0.806640625,0.0387409200968523,0.0387409200968523,1,0,4,29400,28574,0.20879999999999654,16082,13318
rrsa,rrsa-0.5,64,4,periodic,700432,event,827,407,420,0.8076171875,-0.015719467956469165,0.015719467956469165,1,5,0,22041,21214,0.22950000000003,9063,12978
rrsa,rrsa-0.5,64,4,periodic,700433,event,805,412,393,0.7861328125,0.02360248447204969,0.02360248447204969,1,21,0,19550,18745,0.21109999999998763,6168,13382
rrsa,rrsa-0.5,64,4,periodic,700434,event,823,424,399,0.8037109375,0.030376670716889428,0.030376670716889428,1,0,5,24741,23918,0.21520000000003847,14587,10154
rrsa,rrsa-0.5,64,4,periodic,700435,event,824,403,421,0.8046875,-0.021844660194174758,0.021844660194174758,1,6,0,28579,27755,0.22000000000002728,6829,21750
rrsa,rrsa-0.5,64,4,periodic,700436,event,821,401,420,0.8017578125,-0.023142509135200974,0.023142509135200974,1,0,1,38240,37419,0.23799999999999955,22185,16055
rrsa,rrsa-0.5,64,4,periodic,700437,event,825,422,403,0.8056640625,0.02303030303030303,0.02303030303030303,1,0,16,24936,24111,0.2196999999999889,18751,6185
rrsa,rrsa-0.5,64,4,periodic,700438,event,822,421,401,0.802734375,0.024330900243309004,0.024330900243309004,1,14,0,25527,24705,0.22309999999998809,8437,17090
rrsa,rrsa-0.5,64,4,periodic,700439,event,815,410,405,0.7958984375,0.006134969325153374,0.006134969325153374,1,0,16,26314,25499,0.22640000000001237,18259,8055
rrsa,rrsa-0.5,64,4,periodic,700440,event,833,401,432,0.8134765625,-0.03721488595438175,0.03721488595438175,1,6,0,19931,19098,0.6266999999999712,8770,11161
rrsa,rrsa-0.5,64,4,periodic,700441,event,820,418,402,0.80078125,0.01951219512195122,0.01951219512195122,1,0,17,23487,22667,0.23250000000001592,16109,7378
rrsa,rrsa-0.5,64,4,periodic,700442,event,823,390,433,0.8037109375,-0.05224787363304982,0.05224787363304982,1,0,16,21962,21139,0.23380000000003065,16235,5727
rrsa,rrsa-0.5,64,4,periodic,700443,event,801,415,386,0.7822265625,0.03620474406991261,0.03620474406991261,1,0,39,23787,22986,0.22460000000000946,19741,4046
rrsa,rrsa-0.5,64,4,periodic,700444,event,808,391,417,0.7890625,-0.03217821782178218,0.03217821782178218,1,0,17,25375,24567,0.22460000000000946,18782,6593
rrsa,rrsa-0.5,64,4,periodic,700445,event,846,395,451,0.826171875,-0.06619385342789598,0.06619385342789598,1,0,6,30063,29217,0.23149999999998272,20654,9409
rrsa,rrsa-0.5,64,4,periodic,700446,event,829,402,427,0.8095703125,-0.030156815440289506,0.030156815440289506,1,5,0,23756,22927,0.3388999999999669,7916,15840
rrsa,rrsa-0.5,64,4,periodic,700447,event,809,403,406,0.7900390625,-0.003708281829419036,0.003708281829419036,1,41,0,30565,29756,0.266399999999976,4265,26300
rrsa,rrsa-0.5,64,4,periodic,700448,event,807,400,407,0.7880859375,-0.008674101610904586,0.008674101610904586,1,0,31,18250,17443,0.31680000000000064,13091,5159
rrsa,rrsa-0.5,64,4,periodic,700449,event,818,423,395,0.798828125,0.034229828850855744,0.034229828850855744,1,0,8,25732,24914,0.22059999999999036,17500,8232
rrsa,rrsa-0.5,64,4,periodic,700450,event,760,404,356,0.7421875,0.06315789473684211,0.06315789473684211,1,104,0,18816,18056,0.20179999999999154,2832,15984
rrsa,rrsa-0.5,64,4,periodic,700451,event,831,440,391,0.8115234375,0.05896510228640193,0.05896510228640193,1,0,2,29175,28344,0.2159000000000333,15498,13677
rrsa,rrsa-0.5,64,4,periodic,700452,event,834,418,416,0.814453125,0.002398081534772182,0.002398081534772182,1,0,6,33278,32444,0.43319999999999936,22286,10992
rrsa,rrsa-0.5,64,4,periodic,700453,event,825,428,397,0.8056640625,0.037575757575757575,0.037575757575757575,1,15,0,21423,20598,0.2261999999999489,8674,12749
rrsa,rrsa-0.5,64,4,periodic,700454,event,811,413,398,0.7919921875,0.018495684340320593,0.018495684340320593,1,9,0,36253,35442,0.21289999999999054,10014,26239
rrsa,rrsa-0.5,64,4,periodic,700455,event,825,408,417,0.8056640625,-0.01090909090909091,0.01090909090909091,1,1,0,28781,27956,0.2669999999999959,9506,19275
rrsa,rrsa-0.5,64,4,periodic,700456,event,829,407,422,0.8095703125,-0.018094089264173704,0.018094089264173704,1,0,11,26300,25471,0.2533000000000243,18893,7407
rrsa,rrsa-0.5,64,4,periodic,700457,event,793,395,398,0.7744140625,-0.0037831021437578815,0.0037831021437578815,1,50,0,32884,32091,0.25099999999997635,3860,29024
rrsa,rrsa-0.5,64,4,periodic,700458,event,822,419,403,0.802734375,0.019464720194647202,0.019464720194647202,1,0,18,24163,23341,0.2460999999999558,17324,6839
rrsa,rrsa-0.5,64,4,periodic,700459,event,845,406,439,0.8251953125,-0.03905325443786982,0.03905325443786982,1,0,8,27817,26972,0.24750000000000227,15560,12257
rrsa,rrsa-0.5,64,4,periodic,700460,event,817,412,405,0.7978515625,0.008567931456548347,0.008567931456548347,1,0,15,25108,24291,0.1874000000000251,18744,6364
rrsa,rrsa-0.5,64,4,periodic,700461,event,827,410,417,0.8076171875,-0.008464328899637243,0.008464328899637243,1,4,0,31535,30708,0.18969999999995935,12169,19366
rrsa,rrsa-0.5,64,4,periodic,700462,event,831,415,416,0.8115234375,-0.0012033694344163659,0.0012033694344163659,1,0,12,25762,24931,0.18389999999999418,16643,9119
rrsa,rrsa-0.5,64,4,periodic,700463,event,803,397,406,0.7841796875,-0.0112079701120797,0.0112079701120797,1,0,29,21999,21196,0.18060000000002674,15411,6588
rrsa,rrsa-0.5,64,4,periodic,700464,event,821,412,409,0.8017578125,0.0036540803897685747,0.0036540803897685747,1,11,0,20583,19762,0.1875,6615,13968
rrsa,rrsa-0.5,64,4,periodic,700465,event,823,397,426,0.8037109375,-0.03523693803159174,0.03523693803159174,1,0,6,34103,33280,0.1822999999999979,24490,9613
rrsa,rrsa-0.5,64,4,periodic,700466,event,805,408,397,0.7861328125,0.013664596273291925,0.013664596273291925,1,31,0,23337,22532,0.17940000000004375,4193,19144
rrsa,rrsa-0.5,64,4,periodic,700467,event,795,402,393,0.7763671875,0.011320754716981131,0.011320754716981131,1,0,38,21408,20613,0.179300000000012,17719,3689
rrsa,rrsa-0.5,64,4,periodic,700468,event,820,419,401,0.80078125,0.02195121951219512,0.02195121951219512,1,13,0,26302,25482,0.1845000000000141,8243,18059
rrsa,rrsa-0.5,64,4,periodic,700469,event,810,394,416,0.791015625,-0.027160493827160494,0.027160493827160494,1,0,28,26359,25549,0.18070000000000164,20527,5832
rrsa,rrsa-0.5,64,4,periodic,700470,event,806,399,407,0.787109375,-0.009925558312655087,0.009925558312655087,1,0,17,21183,20377,0.17959999999999354,14108,7075
rrsa,rrsa-0.5,64,4,periodic,700471,event,837,430,407,0.8173828125,0.027479091995221028,0.027479091995221028,0,0,0,45202,44365,0.18399999999996908,14819,30383
rrsa,rrsa-0.5,64,4,periodic,700472,event,811,413,398,0.7919921875,0.018495684340320593,0.018495684340320593,1,13,0,25554,24743,0.20490000000000919,8599,16955
rrsa,rrsa-0.5,64,4,periodic,700473,event,825,442,383,0.8056640625,0.07151515151515152,0.07151515151515152,1,0,4,38873,38048,0.2074999999999818,26597,12276
rrsa,rrsa-0.5,64,4,periodic,700474,event,827,423,404,0.8076171875,0.022974607013301087,0.022974607013301087,1,9,0,41183,40356,0.19519999999999982,9720,31463
rrsa,rrsa-0.5,64,4,periodic,700475,event,822,431,391,0.802734375,0.04866180048661801,0.04866180048661801,1,0,9,35056,34234,0.19389999999998508,25471,9585
rrsa,rrsa-0.5,64,4,periodic,700476,event,804,411,393,0.78515625,0.022388059701492536,0.022388059701492536,1,0,36,29503,28699,0.21240000000000236,24928,4575
rrsa,rrsa-0.5,64,4,periodic,700477,event,815,446,369,0.7958984375,0.09447852760736196,0.09447852760736196,1,0,16,29158,28343,0.19519999999999982,23453,5705
rrsa,rrsa-0.5,64,4,periodic,700478,event,809,407,402,0.7900390625,0.006180469715698393,0.006180469715698393,1,0,20,23737,22928,0.19100000000003092,18050,5687
rrsa,rrsa-0.5,64,4,periodic,700479,event,823,424,399,0.8037109375,0.030376670716889428,0.030376670716889428,1,0,9,27494,26671,0.19249999999999545,19067,8427
rrsa,rrsa-0.5,64,4,periodic,700480,event,816,396,420,0.796875,-0.029411764705882353,0.029411764705882353,1,0,3,24826,24010,0.20890000000002829,14489,10337
rrsa,rrsa-0.5,64,4,periodic,700481,event,804,404,400,0.78515625,0.004975124378109453,0.004975124378109453,1,0,19,20558,19754,0.20910000000003492,13735,6823
rrsa,rrsa-0.5,64,4,periodic,700482,event,803,375,428,0.7841796875,-0.0660024906600249,0.0660024906600249,1,18,0,22226,21423,0.24320000000000164,7150,15076
rrsa,rrsa-0.5,64,4,periodic,700483,event,801,382,419,0.7822265625,-0.046192259675405745,0.046192259675405745,1,0,34,25035,24234,0.216700000000003,19345,5690
rrsa,rrsa-0.5,64,4,periodic,700484,event,809,396,413,0.7900390625,-0.021013597033374538,0.021013597033374538,1,0,27,28510,27701,0.22800000000000864,22482,6028
rrsa,rrsa-0.5,64,4,periodic,700485,event,804,414,390,0.78515625,0.029850746268656716,0.029850746268656716,1,51,0,15604,14800,0.20189999999996644,3378,12226
rrsa,rrsa-0.5,64,4,periodic,700486,event,816,403,413,0.796875,-0.012254901960784314,0.012254901960784314,1,0,1,34378,33562,0.22249999999996817,20755,13623
rrsa,rrsa-0.5,64,4,periodic,700487,event,824,416,408,0.8046875,0.009708737864077669,0.009708737864077669,1,0,2,26072,25248,0.24250000000000682,15723,10349
rrsa,rrsa-0.5,64,4,periodic,700488,event,818,424,394,0.798828125,0.03667481662591687,0.03667481662591687,1,10,0,21031,20213,0.23939999999998918,7262,13769
rrsa,rrsa-0.5,64,4,periodic,700489,event,812,398,414,0.79296875,-0.019704433497536946,0.019704433497536946,1,0,23,35625,34813,0.20879999999999654,30368,5257
rrsa,rrsa-0.5,64,4,periodic,700490,event,825,437,388,0.8056640625,0.059393939393939395,0.059393939393939395,1,0,7,30184,29359,0.26240000000001373,21855,8329
rrsa,rrsa-0.5,64,4,periodic,700491,event,821,425,396,0.8017578125,0.03532277710109622,0.03532277710109622,1,15,0,23439,22618,0.25619999999997844,6314,17125
rrsa,rrsa-0.5,64,4,periodic,700492,event,817,422,395,0.7978515625,0.033047735618115054,0.033047735618115054,1,7,0,23794,22977,0.3172000000000139,6815,16979
rrsa,rrsa-0.5,64,4,periodic,700493,event,817,397,420,0.7978515625,-0.028151774785801713,0.028151774785801713,1,0,11,37980,37163,0.21550000000002,30468,7512
rrsa,rrsa-0.5,64,4,periodic,700494,event,824,409,415,0.8046875,-0.007281553398058253,0.007281553398058253,1,0,15,26716,25892,0.2074999999999818,19702,7014
rrsa,rrsa-0.5,64,4,periodic,700495,event,812,420,392,0.79296875,0.034482758620689655,0.034482758620689655,1,9,0,29784,28972,0.2037000000000262,8337,21447
rrsa,rrsa-0.5,64,4,periodic,700496,event,819,404,415,0.7998046875,-0.013431013431013432,0.013431013431013432,1,0,5,24345,23526,0.22160000000002356,14363,9982
rrsa,rrsa-0.5,64,4,periodic,700497,event,823,404,419,0.8037109375,-0.018226002430133656,0.018226002430133656,1,17,0,22699,21876,0.20420000000001437,5901,16798
rrsa,rrsa-0.5,64,4,periodic,700498,event,807,401,406,0.7880859375,-0.006195786864931847,0.006195786864931847,1,0,38,19403,18596,0.20280000000002474,14788,4615
rrsa,rrsa-0.5,64,4,periodic,700499,event,810,425,385,0.791015625,0.04938271604938271,0.04938271604938271,1,15,0,32071,31261,0.1946999999999548,8525,23546
rrsa,rrsa-0.5,64,4,periodic,700500,event,833,415,418,0.8134765625,-0.003601440576230492,0.003601440576230492,1,0,2,31466,30633,0.21829999999999927,16693,14773
rrsa,rrsa-0.5,64,4,periodic,700501,event,828,411,417,0.80859375,-0.007246376811594203,0.007246376811594203,1,0,9,34669,33841,0.20519999999999072,26035,8634
rrsa,rrsa-0.5,64,4,periodic,700502,event,827,402,425,0.8076171875,-0.02781136638452237,0.02781136638452237,0,0,0,48533,47706,0.19700000000000273,19461,29072
rrsa,rrsa-0.5,64,4,periodic,700503,event,814,387,427,0.794921875,-0.04914004914004914,0.04914004914004914,1,13,0,26406,25592,0.19360000000000355,6150,20256
rrsa,rrsa-0.5,64,4,periodic,700504,event,800,413,387,0.78125,0.0325,0.0325,1,0,48,28874,28074,0.2136000000000422,25880,2994
rrsa,rrsa-0.5,64,4,periodic,700505,event,825,413,412,0.8056640625,0.0012121212121212121,0.0012121212121212121,0,0,0,39264,38439,0.19599999999996953,22285,16979
rrsa,rrsa-0.5,64,4,periodic,700506,event,820,410,410,0.80078125,0,0,1,7,0,19692,18872,0.1956000000000131,8130,11562
rrsa,rrsa-0.5,64,4,periodic,700507,event,828,441,387,0.80859375,0.06521739130434782,0.06521739130434782,1,0,2,29117,28289,0.19350000000002865,17239,11878
rrsa,rrsa-0.5,64,4,periodic,700508,event,810,416,394,0.791015625,0.027160493827160494,0.027160493827160494,1,18,0,21936,21126,0.21350000000001046,5784,16152
rrsa,rrsa-0.5,64,4,periodic,700509,event,829,400,429,0.8095703125,-0.03498190591073583,0.03498190591073583,1,2,0,31124,30295,0.19709999999997763,15021,16103
rrsa,rrsa-0.5,64,4,periodic,700510,event,829,407,422,0.8095703125,-0.018094089264173704,0.018094089264173704,1,0,4,23093,22264,0.20699999999999363,13455,9638
rrsa,rrsa-0.5,64,4,periodic,700511,event,808,419,389,0.7890625,0.03712871287128713,0.03712871287128713,1,40,0,22378,21570,0.19620000000003301,5284,17094
rrsa,rrsa-0.5,64,4,periodic,700512,event,818,430,388,0.798828125,0.05134474327628362,0.05134474327628362,1,12,0,27291,26473,0.27909999999997126,6431,20860
rrsa,rrsa-0.5,64,8,periodic,700001,event,377,191,186,0.736328125,0.013262599469496022,0.013262599469496022,0,0,0,22723,22346,0.29820000000000846,15351,7372
rrsa,rrsa-0.5,64,8,periodic,700002,event,370,160,210,0.72265625,-0.13513513513513514,0.13513513513513514,1,7,0,19910,19540,0.2545000000000073,5276,14634
rrsa,rrsa-0.5,64,8,periodic,700003,event,391,187,204,0.763671875,-0.043478260869565216,0.043478260869565216,1,0,11,22323,21932,0.23239999999998417,17090,5233
rrsa,rrsa-0.5,64,8,periodic,700004,event,379,199,180,0.740234375,0.05013192612137203,0.05013192612137203,1,0,26,30014,29635,0.25430000000000064,26704,3310
rrsa,rrsa-0.5,64,8,periodic,700005,event,388,184,204,0.7578125,-0.05154639175257732,0.05154639175257732,1,8,0,23764,23376,0.23919999999998254,7140,16624
rrsa,rrsa-0.5,64,8,periodic,700006,event,358,182,176,0.69921875,0.01675977653631285,0.01675977653631285,1,0,43,25104,24746,0.24759999999997717,22580,2524
rrsa,rrsa-0.5,64,8,periodic,700007,event,382,186,196,0.74609375,-0.02617801047120419,0.02617801047120419,1,0,9,19507,19125,0.22759999999999536,14107,5400
rrsa,rrsa-0.5,64,8,periodic,700008,event,357,178,179,0.697265625,-0.0028011204481792717,0.0028011204481792717,1,50,0,18486,18129,0.22520000000002938,2232,16254
rrsa,rrsa-0.5,64,8,periodic,700009,event,345,173,172,0.673828125,0.002898550724637681,0.002898550724637681,1,57,0,9127,8782,0.20320000000003802,1955,7172
rrsa,rrsa-0.5,64,8,periodic,700010,event,354,164,190,0.69140625,-0.07344632768361582,0.07344632768361582,1,0,33,16765,16411,0.208500000000015,13427,3338
rrsa,rrsa-0.5,64,8,periodic,700011,event,368,176,192,0.71875,-0.043478260869565216,0.043478260869565216,1,0,35,19049,18681,0.21339999999997872,16369,2680
rrsa,rrsa-0.5,64,8,periodic,700012,event,371,199,172,0.724609375,0.07277628032345014,0.07277628032345014,1,20,0,19116,18745,0.22759999999999536,4972,14144
rrsa,rrsa-0.5,64,8,periodic,700013,event,372,187,185,0.7265625,0.005376344086021506,0.005376344086021506,1,0,13,13221,12849,0.21500000000003183,9190,4031
rrsa,rrsa-0.5,64,8,periodic,700014,event,353,170,183,0.689453125,-0.036827195467422094,0.036827195467422094,1,0,100,10940,10587,0.211400000000026,9281,1659
rrsa,rrsa-0.5,64,8,periodic,700015,event,373,175,198,0.728515625,-0.06166219839142091,0.06166219839142091,1,13,0,39843,39470,0.21359999999998536,3141,36702
rrsa,rrsa-0.5,64,8,periodic,700016,event,355,185,170,0.693359375,0.04225352112676056,0.04225352112676056,1,0,44,8912,8557,0.23539999999997008,6671,2241
rrsa,rrsa-0.5,64,8,periodic,700017,event,375,188,187,0.732421875,0.0026666666666666666,0.0026666666666666666,1,19,0,18344,17969,0.21429999999998017,3925,14419
rrsa,rrsa-0.5,64,8,periodic,700018,event,364,164,200,0.7109375,-0.0989010989010989,0.0989010989010989,1,0,20,21364,21000,0.20999999999997954,17633,3731
rrsa,rrsa-0.5,64,8,periodic,700019,event,370,177,193,0.72265625,-0.043243243243243246,0.043243243243243246,1,0,17,25686,25316,0.214999999999975,21546,4140
rrsa,rrsa-0.5,64,8,periodic,700020,event,369,190,179,0.720703125,0.02981029810298103,0.02981029810298103,1,14,0,14624,14255,0.22550000000001091,4792,9832
rrsa,rrsa-0.5,64,8,periodic,700021,event,335,151,184,0.654296875,-0.09850746268656717,0.09850746268656717,1,0,104,13954,13619,0.1993999999999687,12188,1766
rrsa,rrsa-0.5,64,8,periodic,700022,event,384,172,212,0.75,-0.10416666666666667,0.10416666666666667,1,0,10,25530,25146,0.21500000000003183,19293,6237
rrsa,rrsa-0.5,64,8,periodic,700023,event,377,187,190,0.736328125,-0.007957559681697613,0.007957559681697613,1,1,0,26456,26079,0.21520000000003847,9765,16691
rrsa,rrsa-0.5,64,8,periodic,700024,event,368,190,178,0.71875,0.03260869565217391,0.03260869565217391,1,0,40,13071,12703,0.22710000000000719,9845,3226
rrsa,rrsa-0.5,64,8,periodic,700025,event,358,177,181,0.69921875,-0.0111731843575419,0.0111731843575419,1,0,37,13925,13567,0.2074999999999818,11537,2388
rrsa,rrsa-0.5,64,8,periodic,700026,event,376,188,188,0.734375,0,0,1,0,9,14694,14318,0.21289999999999054,8846,5848
rrsa,rrsa-0.5,64,8,periodic,700027,event,354,176,178,0.69140625,-0.005649717514124294,0.005649717514124294,1,0,57,10870,10516,0.2048000000000343,8770,2100
rrsa,rrsa-0.5,64,8,periodic,700028,event,379,179,200,0.740234375,-0.055408970976253295,0.055408970976253295,1,0,18,26645,26266,0.22930000000002337,22248,4397
rrsa,rrsa-0.5,64,8,periodic,700029,event,377,197,180,0.736328125,0.04509283819628647,0.04509283819628647,1,7,0,17020,16643,0.21289999999999054,5981,11039
rrsa,rrsa-0.5,64,8,periodic,700030,event,359,182,177,0.701171875,0.013927576601671309,0.013927576601671309,1,0,48,42139,41780,0.373800000000017,39902,2237
rrsa,rrsa-0.5,64,8,periodic,700031,event,356,190,166,0.6953125,0.06741573033707865,0.06741573033707865,1,42,0,19417,19061,0.25240000000002283,2173,17244
rrsa,rrsa-0.5,64,8,periodic,700032,event,382,185,197,0.74609375,-0.031413612565445025,0.031413612565445025,1,18,0,16160,15778,0.2685999999999922,3885,12275
rrsa,rrsa-0.5,64,8,periodic,700033,event,373,178,195,0.728515625,-0.045576407506702415,0.045576407506702415,1,3,0,18824,18451,0.23539999999997008,7151,11673
rrsa,rrsa-0.5,64,8,periodic,700034,event,375,181,194,0.732421875,-0.034666666666666665,0.034666666666666665,1,19,0,16964,16589,0.2366999999999848,4325,12639
rrsa,rrsa-0.5,64,8,periodic,700035,event,363,192,171,0.708984375,0.05785123966942149,0.05785123966942149,1,0,39,20971,20608,0.22359999999997626,18581,2390
rrsa,rrsa-0.5,64,8,periodic,700036,event,362,180,182,0.70703125,-0.0055248618784530384,0.0055248618784530384,1,0,52,11522,11160,0.24890000000004875,9516,2006
rrsa,rrsa-0.5,64,8,periodic,700037,event,376,173,203,0.734375,-0.0797872340425532,0.0797872340425532,1,15,0,18441,18065,0.2125000000000341,5491,12950
rrsa,rrsa-0.5,64,8,periodic,700038,event,368,200,168,0.71875,0.08695652173913043,0.08695652173913043,1,26,0,14775,14407,0.22819999999995844,4269,10506
rrsa,rrsa-0.5,64,8,periodic,700039,event,383,188,195,0.748046875,-0.018276762402088774,0.018276762402088774,1,4,0,16702,16319,0.22750000000002046,5266,11436
rrsa,rrsa-0.5,64,8,periodic,700040,event,376,168,208,0.734375,-0.10638297872340426,0.10638297872340426,1,12,0,15279,14903,0.24090000000001055,4966,10313
rrsa,rrsa-0.5,64,8,periodic,700041,event,362,192,170,0.70703125,0.06077348066298342,0.06077348066298342,1,30,0,17481,17119,0.2074000000000069,3298,14183
rrsa,rrsa-0.5,64,8,periodic,700042,event,373,209,164,0.728515625,0.12064343163538874,0.12064343163538874,1,8,0,25296,24923,0.21359999999998536,4276,21020
rrsa,rrsa-0.5,64,8,periodic,700043,event,361,198,163,0.705078125,0.09695290858725762,0.09695290858725762,1,0,42,19742,19381,0.21010000000001128,17483,2259
rrsa,rrsa-0.5,64,8,periodic,700044,event,362,188,174,0.70703125,0.03867403314917127,0.03867403314917127,1,0,21,12397,12035,0.22729999999995698,9375,3022
rrsa,rrsa-0.5,64,8,periodic,700045,event,372,196,176,0.7265625,0.053763440860215055,0.053763440860215055,1,0,22,22046,21674,0.21179999999998245,18775,3271
rrsa,rrsa-0.5,64,8,periodic,700046,event,346,170,176,0.67578125,-0.017341040462427744,0.017341040462427744,1,0,64,11279,10933,0.2033999999999878,9607,1672
rrsa,rrsa-0.5,64,8,periodic,700047,event,348,182,166,0.6796875,0.04597701149425287,0.04597701149425287,1,73,0,24693,24345,0.20940000000001646,1629,23064
rrsa,rrsa-0.5,64,8,periodic,700048,event,373,178,195,0.728515625,-0.045576407506702415,0.045576407506702415,1,21,0,18419,18046,0.23730000000000473,3681,14738
rrsa,rrsa-0.5,64,8,periodic,700049,event,376,177,199,0.734375,-0.05851063829787234,0.05851063829787234,1,0,6,31336,30960,0.2178000000000111,23956,7380
rrsa,rrsa-0.5,64,8,periodic,700050,event,381,189,192,0.744140625,-0.007874015748031496,0.007874015748031496,1,10,0,18489,18108,0.22570000000001755,5561,12928
rrsa,rrsa-0.5,64,8,periodic,700051,event,369,185,184,0.720703125,0.0027100271002710027,0.0027100271002710027,1,0,14,13430,13061,0.2266999999999939,9258,4172
rrsa,rrsa-0.5,64,8,periodic,700052,event,367,179,188,0.716796875,-0.02452316076294278,0.02452316076294278,1,25,0,11092,10725,0.24190000000004375,2915,8177
rrsa,rrsa-0.5,64,8,periodic,700053,event,354,189,165,0.69140625,0.06779661016949153,0.06779661016949153,1,53,0,17879,17525,0.21980000000002065,1724,16155
rrsa,rrsa-0.5,64,8,periodic,700054,event,383,203,180,0.748046875,0.06005221932114883,0.06005221932114883,1,3,0,20496,20113,0.22639999999995553,6104,14392
rrsa,rrsa-0.5,64,8,periodic,700055,event,365,186,179,0.712890625,0.019178082191780823,0.019178082191780823,1,0,32,11644,11279,0.22519999999997253,8516,3128
rrsa,rrsa-0.5,64,8,periodic,700056,event,357,185,172,0.697265625,0.036414565826330535,0.036414565826330535,1,0,68,16053,15696,0.23219999999997754,14303,1750
rrsa,rrsa-0.5,64,8,periodic,700057,event,370,183,187,0.72265625,-0.010810810810810811,0.010810810810810811,1,20,0,15006,14636,0.21139999999996917,3073,11933
rrsa,rrsa-0.5,64,8,periodic,700058,event,375,193,182,0.732421875,0.029333333333333333,0.029333333333333333,1,0,7,20857,20482,0.21170000000000755,16333,4524
rrsa,rrsa-0.5,64,8,periodic,700059,event,375,189,186,0.732421875,0.008,0.008,1,10,0,15879,15504,0.22030000000000882,5309,10570
rrsa,rrsa-0.5,64,8,periodic,700060,event,371,173,198,0.724609375,-0.0673854447439353,0.0673854447439353,1,0,20,22748,22377,0.2633999999999901,19330,3418
rrsa,rrsa-0.5,64,8,periodic,700061,event,374,175,199,0.73046875,-0.06417112299465241,0.06417112299465241,1,2,0,29258,28884,0.24909999999999854,7456,21802
rrsa,rrsa-0.5,64,8,periodic,700062,event,349,182,167,0.681640625,0.04297994269340974,0.04297994269340974,1,117,0,14100,13751,0.22399999999998954,1115,12985
rrsa,rrsa-0.5,64,8,periodic,700063,event,364,187,177,0.7109375,0.027472527472527472,0.027472527472527472,1,0,16,20956,20592,0.2296999999999798,17111,3845
rrsa,rrsa-0.5,64,8,periodic,700064,event,377,172,205,0.736328125,-0.08753315649867374,0.08753315649867374,1,3,0,22374,21997,0.2488999999999919,5742,16632
rrsa,rrsa-0.5,64,8,periodic,700065,event,383,194,189,0.748046875,0.013054830287206266,0.013054830287206266,1,0,7,16760,16377,0.23640000000000327,9989,6771
rrsa,rrsa-0.5,64,8,periodic,700066,event,376,201,175,0.734375,0.06914893617021277,0.06914893617021277,1,10,0,31428,31052,0.22309999999998809,6307,25121
rrsa,rrsa-0.5,64,8,periodic,700067,event,366,185,181,0.71484375,0.01092896174863388,0.01092896174863388,1,43,0,11001,10635,0.22449999999997772,2174,8827
rrsa,rrsa-0.5,64,8,periodic,700068,event,380,192,188,0.7421875,0.010526315789473684,0.010526315789473684,1,13,0,13486,13106,0.2851999999999748,4219,9267
rrsa,rrsa-0.5,64,8,periodic,700069,event,362,169,193,0.70703125,-0.06629834254143646,0.06629834254143646,1,12,0,27268,26906,0.2149000000000001,3987,23281
rrsa,rrsa-0.5,64,8,periodic,700070,event,362,181,181,0.70703125,0,0,1,37,0,21267,20905,0.22040000000004056,2575,18692
rrsa,rrsa-0.5,64,8,periodic,700071,event,354,175,179,0.69140625,-0.011299435028248588,0.011299435028248588,1,57,0,14248,13894,0.21429999999998017,2435,11813
rrsa,rrsa-0.5,64,8,periodic,700072,event,342,170,172,0.66796875,-0.005847953216374269,0.005847953216374269,1,135,0,14521,14179,0.23439999999999372,1069,13452
rrsa,rrsa-0.5,64,8,periodic,700073,event,373,180,193,0.728515625,-0.03485254691689008,0.03485254691689008,1,0,9,23590,23217,0.22149999999999181,15600,7990
rrsa,rrsa-0.5,64,8,periodic,700074,event,379,167,212,0.740234375,-0.11873350923482849,0.11873350923482849,1,0,3,15072,14693,0.252900000000011,8763,6309
rrsa,rrsa-0.5,64,8,periodic,700075,event,329,158,171,0.642578125,-0.03951367781155015,0.03951367781155015,1,0,127,26832,26503,0.21739999999999782,25734,1098
rrsa,rrsa-0.5,64,8,periodic,700076,event,374,199,175,0.73046875,0.06417112299465241,0.06417112299465241,0,0,0,32108,31734,0.23949999999996407,13747,18361
rrsa,rrsa-0.5,64,8,periodic,700077,event,367,221,146,0.716796875,0.20435967302452315,0.20435967302452315,1,20,0,29682,29315,0.21709999999995944,4840,24842
rrsa,rrsa-0.5,64,8,periodic,700078,event,375,194,181,0.732421875,0.034666666666666665,0.034666666666666665,1,1,0,23967,23592,0.21420000000000528,9557,14410
rrsa,rrsa-0.5,64,8,periodic,700079,event,375,179,196,0.732421875,-0.04533333333333334,0.04533333333333334,1,12,0,18525,18150,0.22529999999994743,4886,13639
rrsa,rrsa-0.5,64,8,periodic,700080,event,373,187,186,0.728515625,0.002680965147453083,0.002680965147453083,1,10,0,14144,13771,0.2592999999999961,5382,8762
rrsa,rrsa-0.5,64,8,periodic,700081,event,383,184,199,0.748046875,-0.0391644908616188,0.0391644908616188,0,0,0,32245,31862,0.23130000000003292,15545,16700
rrsa,rrsa-0.5,64,8,periodic,700082,event,375,178,197,0.732421875,-0.050666666666666665,0.050666666666666665,1,14,0,14801,14426,0.2319999999999709,3921,10880
rrsa,rrsa-0.5,64,8,periodic,700083,event,374,170,204,0.73046875,-0.09090909090909091,0.09090909090909091,1,0,18,15036,14662,0.2606999999999857,9866,5170
rrsa,rrsa-0.5,64,8,periodic,700084,event,353,187,166,0.689453125,0.059490084985835696,0.059490084985835696,1,49,0,13856,13503,0.29980000000000473,1887,11969
rrsa,rrsa-0.5,64,8,periodic,700085,event,369,181,188,0.720703125,-0.018970189701897018,0.018970189701897018,1,32,0,23439,23070,0.23349999999999227,2616,20823
rrsa,rrsa-0.5,64,8,periodic,700086,event,377,199,178,0.736328125,0.05570291777188329,0.05570291777188329,1,0,6,19267,18890,0.2277000000000271,12619,6648
rrsa,rrsa-0.5,64,8,periodic,700087,event,375,192,183,0.732421875,0.024,0.024,1,0,9,14148,13773,0.21719999999999118,9822,4326
rrsa,rrsa-0.5,64,8,periodic,700088,event,381,205,176,0.744140625,0.07611548556430446,0.07611548556430446,0,0,0,21722,21341,0.25549999999998363,12401,9321
rrsa,rrsa-0.5,64,8,periodic,700089,event,375,169,206,0.732421875,-0.09866666666666667,0.09866666666666667,1,0,21,13626,13251,0.2411999999999921,9530,4096
rrsa,rrsa-0.5,64,8,periodic,700090,event,379,179,200,0.740234375,-0.055408970976253295,0.055408970976253295,1,1,0,39287,38908,0.23339999999996053,11635,27652
rrsa,rrsa-0.5,64,8,periodic,700091,event,376,167,209,0.734375,-0.11170212765957446,0.11170212765957446,1,20,0,26424,26048,0.2529999999999859,3952,22472
rrsa,rrsa-0.5,64,8,periodic,700092,event,364,187,177,0.7109375,0.027472527472527472,0.027472527472527472,1,37,0,13348,12984,0.2684000000000424,2337,11011
rrsa,rrsa-0.5,64,8,periodic,700093,event,364,198,166,0.7109375,0.08791208791208792,0.08791208791208792,1,37,0,8049,7685,0.21920000000000073,2326,5723
rrsa,rrsa-0.5,64,8,periodic,700094,event,361,176,185,0.705078125,-0.024930747922437674,0.024930747922437674,1,36,0,19866,19505,0.2144999999999868,1806,18060
rrsa,rrsa-0.5,64,8,periodic,700095,event,380,199,181,0.7421875,0.04736842105263158,0.04736842105263158,1,2,0,20176,19796,0.220799999999997,7819,12357
rrsa,rrsa-0.5,64,8,periodic,700096,event,365,187,178,0.712890625,0.024657534246575342,0.024657534246575342,1,0,28,12966,12601,0.23529999999999518,10641,2325
rrsa,rrsa-0.5,64,8,periodic,700097,event,340,181,159,0.6640625,0.06470588235294118,0.06470588235294118,1,103,0,9933,9593,0.2086999999999648,1145,8788
rrsa,rrsa-0.5,64,8,periodic,700098,event,385,197,188,0.751953125,0.023376623376623377,0.023376623376623377,1,0,14,13264,12879,0.22910000000001673,10130,3134
rrsa,rrsa-0.5,64,8,periodic,700099,event,370,198,172,0.72265625,0.07027027027027027,0.07027027027027027,0,0,0,26617,26247,0.2738000000000511,15233,11384
rrsa,rrsa-0.5,64,8,periodic,700100,event,366,178,188,0.71484375,-0.0273224043715847,0.0273224043715847,1,48,0,13882,13516,0.24430000000000973,2314,11568
rrsa,rrsa-0.5,64,8,periodic,700101,event,348,161,187,0.6796875,-0.07471264367816093,0.07471264367816093,1,48,0,13862,13514,0.23699999999996635,2034,11828
rrsa,rrsa-0.5,64,8,periodic,700102,event,386,205,181,0.75390625,0.06217616580310881,0.06217616580310881,1,0,15,20683,20297,0.25080000000002656,16152,4531
rrsa,rrsa-0.5,64,8,periodic,700103,event,371,173,198,0.724609375,-0.0673854447439353,0.0673854447439353,1,41,0,11748,11377,0.3451000000000022,2809,8939
rrsa,rrsa-0.5,64,8,periodic,700104,event,377,211,166,0.736328125,0.11936339522546419,0.11936339522546419,1,1,0,27195,26818,0.2770999999999617,11950,15245
rrsa,rrsa-0.5,64,8,periodic,700105,event,353,167,186,0.689453125,-0.053824362606232294,0.053824362606232294,1,0,28,15141,14788,0.23570000000000846,12614,2527
rrsa,rrsa-0.5,64,8,periodic,700106,event,374,187,187,0.73046875,0,0,1,0,7,22967,22593,0.25039999999995644,16693,6274
rrsa,rrsa-0.5,64,8,periodic,700107,event,372,190,182,0.7265625,0.021505376344086023,0.021505376344086023,1,31,0,14928,14556,0.26640000000003283,3470,11458
rrsa,rrsa-0.5,64,8,periodic,700108,event,319,160,159,0.623046875,0.003134796238244514,0.003134796238244514,1,140,0,16060,15741,0.2477999999999838,1259,14801
rrsa,rrsa-0.5,64,8,periodic,700109,event,376,184,192,0.734375,-0.02127659574468085,0.02127659574468085,1,6,0,13550,13174,0.24500000000000455,5308,8242
rrsa,rrsa-0.5,64,8,periodic,700110,event,369,178,191,0.720703125,-0.03523035230352303,0.03523035230352303,1,29,0,16794,16425,0.2418999999999869,3281,13513
rrsa,rrsa-0.5,64,8,periodic,700111,event,382,185,197,0.74609375,-0.031413612565445025,0.031413612565445025,1,0,8,16055,15673,0.24979999999999336,9362,6693
rrsa,rrsa-0.5,64,8,periodic,700112,event,369,197,172,0.720703125,0.06775067750677506,0.06775067750677506,1,8,0,13779,13410,0.24360000000001492,4739,9040
rrsa,rrsa-0.5,64,8,periodic,700113,event,356,194,162,0.6953125,0.0898876404494382,0.0898876404494382,1,0,71,10142,9786,0.21609999999998308,7908,2234
rrsa,rrsa-0.5,64,8,periodic,700114,event,366,180,186,0.71484375,-0.01639344262295082,0.01639344262295082,1,40,0,15472,15106,0.21819999999996753,1913,13559
rrsa,rrsa-0.5,64,8,periodic,700115,event,382,193,189,0.74609375,0.010471204188481676,0.010471204188481676,0,0,0,27316,26934,0.23349999999999227,13201,14115
rrsa,rrsa-0.5,64,8,periodic,700116,event,369,188,181,0.720703125,0.018970189701897018,0.018970189701897018,1,13,0,18548,18179,0.2452000000000112,3742,14806
rrsa,rrsa-0.5,64,8,periodic,700117,event,357,168,189,0.697265625,-0.058823529411764705,0.058823529411764705,1,43,0,11042,10685,0.22449999999997772,2296,8746
rrsa,rrsa-0.5,64,8,periodic,700118,event,352,188,164,0.6875,0.06818181818181818,0.06818181818181818,1,0,60,15224,14872,0.21170000000000755,13378,1846
rrsa,rrsa-0.5,64,8,periodic,700119,event,369,190,179,0.720703125,0.02981029810298103,0.02981029810298103,1,1,0,19124,18755,0.22110000000003538,7118,12006
rrsa,rrsa-0.5,64,8,periodic,700120,event,374,193,181,0.73046875,0.03208556149732621,0.03208556149732621,1,23,0,28616,28242,0.24600000000003774,3600,25016
rrsa,rrsa-0.5,64,8,periodic,700121,event,369,174,195,0.720703125,-0.056910569105691054,0.056910569105691054,1,0,32,13415,13046,0.22710000000000719,10869,2546
rrsa,rrsa-0.5,64,8,periodic,700122,event,378,181,197,0.73828125,-0.042328042328042326,0.042328042328042326,1,12,0,19501,19123,0.2366999999999848,3536,15965
rrsa,rrsa-0.5,64,8,periodic,700123,event,383,186,197,0.748046875,-0.028720626631853787,0.028720626631853787,1,0,1,24622,24239,0.22010000000000218,12580,12042
rrsa,rrsa-0.5,64,8,periodic,700124,event,348,180,168,0.6796875,0.034482758620689655,0.034482758620689655,1,0,96,15888,15540,0.22939999999999827,14578,1310
rrsa,rrsa-0.5,64,8,periodic,700125,event,366,172,194,0.71484375,-0.060109289617486336,0.060109289617486336,1,0,29,12309,11943,0.21129999999999427,9894,2415
rrsa,rrsa-0.5,64,8,periodic,700126,event,370,179,191,0.72265625,-0.032432432432432434,0.032432432432432434,1,3,0,16639,16269,0.21810000000004948,8735,7904
rrsa,rrsa-0.5,64,8,periodic,700127,event,389,180,209,0.759765625,-0.07455012853470437,0.07455012853470437,0,0,0,25184,24795,0.22430000000002792,12575,12609
rrsa,rrsa-0.5,64,8,periodic,700128,event,355,165,190,0.693359375,-0.07042253521126761,0.07042253521126761,1,49,0,12674,12319,0.21309999999999718,2063,10611
rrsa,rrsa-0.5,64,8,periodic,700129,event,372,199,173,0.7265625,0.06989247311827956,0.06989247311827956,1,0,29,19117,18745,0.2044999999999959,15769,3348
rrsa,rrsa-0.5,64,8,periodic,700130,event,377,185,192,0.736328125,-0.01856763925729443,0.01856763925729443,1,25,0,14611,14234,0.23649999999997817,3200,11411
rrsa,rrsa-0.5,64,8,periodic,700131,event,355,186,169,0.693359375,0.04788732394366197,0.04788732394366197,1,0,69,19344,18989,0.20760000000001355,17976,1368
rrsa,rrsa-0.5,64,8,periodic,700132,event,375,192,183,0.732421875,0.024,0.024,1,10,0,14881,14506,0.21970000000004575,6482,8399
rrsa,rrsa-0.5,64,8,periodic,700133,event,366,181,185,0.71484375,-0.01092896174863388,0.01092896174863388,1,0,3,21868,21502,0.20769999999998845,14165,7703
rrsa,rrsa-0.5,64,8,periodic,700134,event,367,173,194,0.716796875,-0.05722070844686648,0.05722070844686648,1,32,0,13318,12951,0.2220999999999549,3111,10207
rrsa,rrsa-0.5,64,8,periodic,700135,event,368,171,197,0.71875,-0.07065217391304347,0.07065217391304347,1,0,24,9316,8948,0.204400000000021,7007,2309
rrsa,rrsa-0.5,64,8,periodic,700136,event,365,174,191,0.712890625,-0.04657534246575343,0.04657534246575343,1,47,0,13112,12747,0.22670000000005075,2079,11033
rrsa,rrsa-0.5,64,8,periodic,700137,event,371,190,181,0.724609375,0.02425876010781671,0.02425876010781671,1,11,0,18278,17907,0.20310000000000628,4491,13787
rrsa,rrsa-0.5,64,8,periodic,700138,event,354,180,174,0.69140625,0.01694915254237288,0.01694915254237288,1,71,0,14239,13885,0.19880000000000564,1787,12452
rrsa,rrsa-0.5,64,8,periodic,700139,event,360,195,165,0.703125,0.08333333333333333,0.08333333333333333,1,0,46,11369,11009,0.19889999999998054,9640,1729
rrsa,rrsa-0.5,64,8,periodic,700140,event,338,169,169,0.66015625,0,0,1,111,0,19066,18728,0.20730000000003201,1726,17340
rrsa,rrsa-0.5,64,8,periodic,700141,event,361,185,176,0.705078125,0.024930747922437674,0.024930747922437674,1,27,0,20624,20263,0.20479999999997744,3073,17551
rrsa,rrsa-0.5,64,8,periodic,700142,event,350,173,177,0.68359375,-0.011428571428571429,0.011428571428571429,1,0,97,11464,11114,0.19880000000000564,9872,1592
rrsa,rrsa-0.5,64,8,periodic,700143,event,356,171,185,0.6953125,-0.03932584269662921,0.03932584269662921,1,58,0,31646,31290,0.20530000000002246,1670,29976
rrsa,rrsa-0.5,64,8,periodic,700144,event,370,190,180,0.72265625,0.02702702702702703,0.02702702702702703,1,0,20,16462,16092,0.22179999999997335,12635,3827
rrsa,rrsa-0.5,64,8,periodic,700145,event,358,189,169,0.69921875,0.055865921787709494,0.055865921787709494,1,24,0,17765,17407,0.2038000000000011,3529,14236
rrsa,rrsa-0.5,64,8,periodic,700146,event,371,181,190,0.724609375,-0.02425876010781671,0.02425876010781671,1,0,33,9899,9528,0.20390000000003283,6506,3393
rrsa,rrsa-0.5,64,8,periodic,700147,event,374,192,182,0.73046875,0.026737967914438502,0.026737967914438502,1,10,0,16830,16456,0.20519999999999072,6604,10226
rrsa,rrsa-0.5,64,8,periodic,700148,event,376,196,180,0.734375,0.0425531914893617,0.0425531914893617,1,0,20,19127,18751,0.21999999999997044,15106,4021
rrsa,rrsa-0.5,64,8,periodic,700149,event,373,186,187,0.728515625,-0.002680965147453083,0.002680965147453083,1,0,18,15756,15383,0.24459999999999127,12684,3072
rrsa,rrsa-0.5,64,8,periodic,700150,event,379,200,179,0.740234375,0.055408970976253295,0.055408970976253295,1,0,3,20925,20546,0.25139999999998963,14257,6668
rrsa,rrsa-0.5,64,8,periodic,700151,event,358,182,176,0.69921875,0.01675977653631285,0.01675977653631285,1,0,83,14495,14137,0.22239999999999327,12789,1706
rrsa,rrsa-0.5,64,8,periodic,700152,event,382,199,183,0.74609375,0.041884816753926704,0.041884816753926704,1,5,0,14246,13864,0.2717999999999847,6419,7827
rrsa,rrsa-0.5,64,8,periodic,700153,event,365,175,190,0.712890625,-0.0410958904109589,0.0410958904109589,1,17,0,15477,15112,0.21040000000004966,2961,12516
rrsa,rrsa-0.5,64,8,periodic,700154,event,358,167,191,0.69921875,-0.0670391061452514,0.0670391061452514,1,65,0,15254,14896,0.21210000000002083,2178,13076
rrsa,rrsa-0.5,64,8,periodic,700155,event,378,183,195,0.73828125,-0.031746031746031744,0.031746031746031744,1,0,18,13020,12642,0.23329999999998563,10222,2798
rrsa,rrsa-0.5,64,8,periodic,700156,event,379,192,187,0.740234375,0.013192612137203167,0.013192612137203167,1,2,0,20427,20048,0.23120000000000118,7004,13423
rrsa,rrsa-0.5,64,8,periodic,700157,event,376,176,200,0.734375,-0.06382978723404255,0.06382978723404255,1,6,0,16282,15906,0.21620000000001482,6648,9634
rrsa,rrsa-0.5,64,8,periodic,700158,event,358,180,178,0.69921875,0.00558659217877095,0.00558659217877095,1,65,0,17937,17579,0.20810000000000173,1915,16022
rrsa,rrsa-0.5,64,8,periodic,700159,event,384,190,194,0.75,-0.010416666666666666,0.010416666666666666,1,1,0,22959,22575,0.2336999999999989,11149,11810
rrsa,rrsa-0.5,64,8,periodic,700160,event,374,175,199,0.73046875,-0.06417112299465241,0.06417112299465241,1,0,1,23676,23302,0.23289999999997235,15735,7941
rrsa,rrsa-0.5,64,8,periodic,700161,event,366,190,176,0.71484375,0.03825136612021858,0.03825136612021858,1,50,0,30544,30178,0.2766000000000304,2342,28202
rrsa,rrsa-0.5,64,8,periodic,700162,event,375,194,181,0.732421875,0.034666666666666665,0.034666666666666665,1,16,0,13545,13170,0.21510000000000673,3933,9612
rrsa,rrsa-0.5,64,8,periodic,700163,event,348,174,174,0.6796875,0,0,1,52,0,15116,14768,0.20400000000000773,2444,12672
rrsa,rrsa-0.5,64,8,periodic,700164,event,368,185,183,0.71875,0.005434782608695652,0.005434782608695652,1,0,2,19574,19206,0.231899999999996,11801,7773
rrsa,rrsa-0.5,64,8,periodic,700165,event,386,192,194,0.75390625,-0.0051813471502590676,0.0051813471502590676,1,0,1,23305,22919,0.219600000000014,17271,6034
rrsa,rrsa-0.5,64,8,periodic,700166,event,374,180,194,0.73046875,-0.0374331550802139,0.0374331550802139,1,26,0,20514,20140,0.21429999999998017,3628,16886
rrsa,rrsa-0.5,64,8,periodic,700167,event,367,184,183,0.716796875,0.0027247956403269754,0.0027247956403269754,1,0,29,17159,16792,0.21230000000002747,14412,2747
rrsa,rrsa-0.5,64,8,periodic,700168,event,368,188,180,0.71875,0.021739130434782608,0.021739130434782608,1,36,0,22393,22025,0.23099999999999454,3078,19315
rrsa,rrsa-0.5,64,8,periodic,700169,event,355,182,173,0.693359375,0.02535211267605634,0.02535211267605634,1,0,81,12940,12585,0.20539999999999736,11284,1656
rrsa,rrsa-0.5,64,8,periodic,700170,event,352,170,182,0.6875,-0.03409090909090909,0.03409090909090909,1,0,52,13752,13400,0.33749999999997726,11945,1807
rrsa,rrsa-0.5,64,8,periodic,700171,event,370,195,175,0.72265625,0.05405405405405406,0.05405405405405406,1,0,10,15456,15086,0.23120000000000118,11222,4234
rrsa,rrsa-0.5,64,8,periodic,700172,event,341,164,177,0.666015625,-0.03812316715542522,0.03812316715542522,1,96,0,11455,11114,0.23239999999998417,1343,10112
rrsa,rrsa-0.5,64,8,periodic,700173,event,372,208,164,0.7265625,0.11827956989247312,0.11827956989247312,1,0,24,16672,16300,0.20690000000001874,14164,2508
rrsa,rrsa-0.5,64,8,periodic,700174,event,376,184,192,0.734375,-0.02127659574468085,0.02127659574468085,0,0,0,29402,29026,0.20499999999998408,15380,14022
rrsa,rrsa-0.5,64,8,periodic,700175,event,369,195,174,0.720703125,0.056910569105691054,0.056910569105691054,1,0,1,27096,26727,0.212600000000009,10150,16946
rrsa,rrsa-0.5,64,8,periodic,700176,event,376,185,191,0.734375,-0.015957446808510637,0.015957446808510637,1,19,0,25478,25102,0.22719999999998208,2970,22508
rrsa,rrsa-0.5,64,8,periodic,700177,event,359,180,179,0.701171875,0.002785515320334262,0.002785515320334262,1,0,48,22353,21994,0.20650000000000546,20011,2342
rrsa,rrsa-0.5,64,8,periodic,700178,event,359,176,183,0.701171875,-0.019498607242339833,0.019498607242339833,1,32,0,29963,29604,0.19760000000002265,2864,27099
rrsa,rrsa-0.5,64,8,periodic,700179,event,356,170,186,0.6953125,-0.0449438202247191,0.0449438202247191,1,0,70,15087,14731,0.2156999999999698,13085,2002
rrsa,rrsa-0.5,64,8,periodic,700180,event,371,190,181,0.724609375,0.02425876010781671,0.02425876010781671,1,0,22,14355,13984,0.2418999999999869,9528,4827
rrsa,rrsa-0.5,64,8,periodic,700181,event,378,168,210,0.73828125,-0.1111111111111111,0.1111111111111111,1,0,3,20050,19672,0.226099999999974,10127,9923
rrsa,rrsa-0.5,64,8,periodic,700182,event,356,173,183,0.6953125,-0.028089887640449437,0.028089887640449437,1,43,0,11925,11569,0.21339999999997872,1969,9956
rrsa,rrsa-0.5,64,8,periodic,700183,event,352,150,202,0.6875,-0.14772727272727273,0.14772727272727273,1,0,58,10878,10526,0.202699999999993,8439,2439
rrsa,rrsa-0.5,64,8,periodic,700184,event,391,217,174,0.763671875,0.10997442455242967,0.10997442455242967,1,5,0,27111,26720,0.23160000000001446,5237,21874
rrsa,rrsa-0.5,64,8,periodic,700185,event,369,164,205,0.720703125,-0.1111111111111111,0.1111111111111111,1,24,0,17650,17281,0.20099999999996498,3321,14329
rrsa,rrsa-0.5,64,8,periodic,700186,event,363,181,182,0.708984375,-0.0027548209366391185,0.0027548209366391185,1,30,0,15310,14947,0.19900000000001228,3653,11657
rrsa,rrsa-0.5,64,8,periodic,700187,event,370,168,202,0.72265625,-0.0918918918918919,0.0918918918918919,1,16,0,14991,14621,0.21209999999996398,3380,11611
rrsa,rrsa-0.5,64,8,periodic,700188,event,349,179,170,0.681640625,0.025787965616045846,0.025787965616045846,1,0,46,7579,7230,0.21980000000002065,5676,1903
rrsa,rrsa-0.5,64,8,periodic,700189,event,384,187,197,0.75,-0.026041666666666668,0.026041666666666668,1,6,0,22104,21720,0.21589999999997644,6493,15611
rrsa,rrsa-0.5,64,8,periodic,700190,event,384,163,221,0.75,-0.15104166666666666,0.15104166666666666,1,0,3,34199,33815,0.20769999999998845,26977,7222
rrsa,rrsa-0.5,64,8,periodic,700191,event,380,187,193,0.7421875,-0.015789473684210527,0.015789473684210527,1,4,0,29213,28833,0.20629999999999882,8544,20669
rrsa,rrsa-0.5,64,8,periodic,700192,event,351,171,180,0.685546875,-0.02564102564102564,0.02564102564102564,1,41,0,19608,19257,0.2574000000000183,2627,16981
rrsa,rrsa-0.5,64,8,periodic,700193,event,382,200,182,0.74609375,0.04712041884816754,0.04712041884816754,1,4,0,15097,14715,0.20659999999998035,8134,6963
rrsa,rrsa-0.5,64,8,periodic,700194,event,342,170,172,0.66796875,-0.005847953216374269,0.005847953216374269,1,84,0,16669,16327,0.1922999999999888,1740,14929
rrsa,rrsa-0.5,64,8,periodic,700195,event,381,182,199,0.744140625,-0.04461942257217848,0.04461942257217848,1,0,25,20887,20506,0.21350000000001046,17775,3112
rrsa,rrsa-0.5,64,8,periodic,700196,event,367,173,194,0.716796875,-0.05722070844686648,0.05722070844686648,1,0,25,22993,22626,0.214999999999975,20062,2931
rrsa,rrsa-0.5,64,8,periodic,700197,event,368,177,191,0.71875,-0.03804347826086957,0.03804347826086957,1,0,45,19616,19248,0.20100000000002183,17117,2499
rrsa,rrsa-0.5,64,8,periodic,700198,event,359,167,192,0.701171875,-0.06963788300835655,0.06963788300835655,1,37,0,16182,15823,0.1973000000000411,2305,13877
rrsa,rrsa-0.5,64,8,periodic,700199,event,372,178,194,0.7265625,-0.043010752688172046,0.043010752688172046,1,19,0,11440,11068,0.20039999999994507,3414,8026
rrsa,rrsa-0.5,64,8,periodic,700200,event,346,158,188,0.67578125,-0.08670520231213873,0.08670520231213873,1,38,0,11196,10850,0.21940000000000737,1995,9201
rrsa,rrsa-0.5,64,8,periodic,700201,event,378,189,189,0.73828125,0,0,1,0,21,15452,15074,0.21860000000003765,11994,3458
rrsa,rrsa-0.5,64,8,periodic,700202,event,385,198,187,0.751953125,0.02857142857142857,0.02857142857142857,0,0,0,33194,32809,0.23270000000002256,25960,7234
rrsa,rrsa-0.5,64,8,periodic,700203,event,360,193,167,0.703125,0.07222222222222222,0.07222222222222222,1,0,37,10257,9897,0.2647000000000048,8021,2236
rrsa,rrsa-0.5,64,8,periodic,700204,event,375,194,181,0.732421875,0.034666666666666665,0.034666666666666665,1,0,5,26801,26426,0.26439999999996644,19778,7023
rrsa,rrsa-0.5,64,8,periodic,700205,event,388,182,206,0.7578125,-0.061855670103092786,0.061855670103092786,1,3,0,30677,30289,0.23049999999994952,8081,22596
rrsa,rrsa-0.5,64,8,periodic,700206,event,356,179,177,0.6953125,0.0056179775280898875,0.0056179775280898875,1,45,0,11960,11604,0.20949999999999136,2165,9795
rrsa,rrsa-0.5,64,8,periodic,700207,event,394,215,179,0.76953125,0.09137055837563451,0.09137055837563451,0,0,0,28049,27655,0.22710000000000719,18269,9780
rrsa,rrsa-0.5,64,8,periodic,700208,event,370,214,156,0.72265625,0.15675675675675677,0.15675675675675677,1,0,30,10280,9910,0.233600000000024,6622,3658
rrsa,rrsa-0.5,64,8,periodic,700209,event,353,180,173,0.689453125,0.019830028328611898,0.019830028328611898,1,42,0,17984,17631,0.20450000000005275,3152,14832
rrsa,rrsa-0.5,64,8,periodic,700210,event,362,184,178,0.70703125,0.016574585635359115,0.016574585635359115,1,33,0,24603,24241,0.2197999999999638,2884,21719
rrsa,rrsa-0.5,64,8,periodic,700211,event,351,168,183,0.685546875,-0.042735042735042736,0.042735042735042736,1,48,0,14776,14425,0.22239999999999327,1589,13187
rrsa,rrsa-0.5,64,8,periodic,700212,event,373,171,202,0.728515625,-0.08310991957104558,0.08310991957104558,1,0,5,20156,19783,0.24720000000002074,11787,8369
rrsa,rrsa-0.5,64,8,periodic,700213,event,364,188,176,0.7109375,0.03296703296703297,0.03296703296703297,1,0,9,22551,22187,0.21299999999996544,17403,5148
rrsa,rrsa-0.5,64,8,periodic,700214,event,377,190,187,0.736328125,0.007957559681697613,0.007957559681697613,1,31,0,30016,29639,0.22460000000000946,2908,27108
rrsa,rrsa-0.5,64,8,periodic,700215,event,371,196,175,0.724609375,0.05660377358490566,0.05660377358490566,1,20,0,23264,22893,0.21760000000000446,4109,19155
rrsa,rrsa-0.5,64,8,periodic,700216,event,358,165,193,0.69921875,-0.0782122905027933,0.0782122905027933,1,0,36,24510,24152,0.24289999999996326,22090,2420
rrsa,rrsa-0.5,64,8,periodic,700217,event,374,198,176,0.73046875,0.058823529411764705,0.058823529411764705,1,0,9,20559,20185,0.21549999999996317,16541,4018
rrsa,rrsa-0.5,64,8,periodic,700218,event,363,168,195,0.708984375,-0.0743801652892562,0.0743801652892562,1,47,0,17332,16969,0.2178000000000111,2543,14789
rrsa,rrsa-0.5,64,8,periodic,700219,event,388,191,197,0.7578125,-0.015463917525773196,0.015463917525773196,0,0,0,33167,32779,0.22930000000002337,17570,15597
rrsa,rrsa-0.5,64,8,periodic,700220,event,383,186,197,0.748046875,-0.028720626631853787,0.028720626631853787,1,10,0,18717,18334,0.23259999999999081,4295,14422
rrsa,rrsa-0.5,64,8,periodic,700221,event,367,179,188,0.716796875,-0.02452316076294278,0.02452316076294278,1,0,38,13437,13070,0.2155999999999949,11354,2083
rrsa,rrsa-0.5,64,8,periodic,700222,event,368,188,180,0.71875,0.021739130434782608,0.021739130434782608,1,27,0,14429,14061,0.20690000000001874,3629,10800
rrsa,rrsa-0.5,64,8,periodic,700223,event,373,185,188,0.728515625,-0.00804289544235925,0.00804289544235925,1,0,21,24060,23687,0.2159000000000333,20230,3830
rrsa,rrsa-0.5,64,8,periodic,700224,event,388,191,197,0.7578125,-0.015463917525773196,0.015463917525773196,1,1,0,36256,35868,0.24230000000000018,13978,22278
rrsa,rrsa-0.5,64,8,periodic,700225,event,361,183,178,0.705078125,0.013850415512465374,0.013850415512465374,1,0,31,17442,17081,0.21570000000002665,15248,2194
rrsa,rrsa-0.5,64,8,periodic,700226,event,372,188,184,0.7265625,0.010752688172043012,0.010752688172043012,1,24,0,14324,13952,0.22050000000001546,2782,11542
rrsa,rrsa-0.5,64,8,periodic,700227,event,383,189,194,0.748046875,-0.013054830287206266,0.013054830287206266,1,2,0,26255,25872,0.22639999999995553,12534,13721
rrsa,rrsa-0.5,64,8,periodic,700228,event,378,186,192,0.73828125,-0.015873015873015872,0.015873015873015872,1,0,8,13004,12626,0.23430000000001883,8836,4168
rrsa,rrsa-0.5,64,8,periodic,700229,event,382,201,181,0.74609375,0.05235602094240838,0.05235602094240838,1,14,0,14570,14188,0.21529999999995653,3189,11381
rrsa,rrsa-0.5,64,8,periodic,700230,event,384,197,187,0.75,0.026041666666666668,0.026041666666666668,1,0,6,25762,25378,0.2197999999999638,19833,5929
rrsa,rrsa-0.5,64,8,periodic,700231,event,353,180,173,0.689453125,0.019830028328611898,0.019830028328611898,1,0,115,22274,21921,0.2096000000000231,20875,1399
rrsa,rrsa-0.5,64,8,periodic,700232,event,385,206,179,0.751953125,0.07012987012987013,0.07012987012987013,1,7,0,18890,18505,0.2377999999999929,9432,9458
rrsa,rrsa-0.5,64,8,periodic,700233,event,378,182,196,0.73828125,-0.037037037037037035,0.037037037037037035,1,20,0,25329,24951,0.21639999999996462,3616,21713
rrsa,rrsa-0.5,64,8,periodic,700234,event,381,187,194,0.744140625,-0.01837270341207349,0.01837270341207349,1,16,0,13673,13292,0.22309999999998809,3137,10536
rrsa,rrsa-0.5,64,8,periodic,700235,event,348,202,146,0.6796875,0.16091954022988506,0.16091954022988506,1,98,0,8890,8542,0.2078999999999951,1441,7449
rrsa,rrsa-0.5,64,8,periodic,700236,event,380,175,205,0.7421875,-0.07894736842105263,0.07894736842105263,1,10,0,19167,18787,0.24090000000001055,4533,14634
rrsa,rrsa-0.5,64,8,periodic,700237,event,355,182,173,0.693359375,0.02535211267605634,0.02535211267605634,1,57,0,17695,17340,0.21019999999998618,2145,15550
rrsa,rrsa-0.5,64,8,periodic,700238,event,369,182,187,0.720703125,-0.013550135501355014,0.013550135501355014,1,0,20,12713,12344,0.22140000000001692,8856,3857
rrsa,rrsa-0.5,64,8,periodic,700239,event,383,187,196,0.748046875,-0.02349869451697128,0.02349869451697128,1,0,10,16830,16447,0.2376000000000431,11410,5420
rrsa,rrsa-0.5,64,8,periodic,700240,event,367,177,190,0.716796875,-0.035422343324250684,0.035422343324250684,1,13,0,15792,15425,0.2407999999999788,4443,11349
rrsa,rrsa-0.5,64,8,periodic,700241,event,383,180,203,0.748046875,-0.06005221932114883,0.06005221932114883,1,0,2,30064,29681,0.2729999999999677,21155,8909
rrsa,rrsa-0.5,64,8,periodic,700242,event,337,170,167,0.658203125,0.008902077151335312,0.008902077151335312,1,66,0,21711,21374,0.23680000000001655,1470,20241
rrsa,rrsa-0.5,64,8,periodic,700243,event,372,186,186,0.7265625,0,0,1,14,0,13816,13444,0.23849999999998772,3133,10683
rrsa,rrsa-0.5,64,8,periodic,700244,event,367,195,172,0.716796875,0.06267029972752043,0.06267029972752043,1,0,16,20678,20311,0.26080000000001746,14727,5951
rrsa,rrsa-0.5,64,8,periodic,700245,event,372,173,199,0.7265625,-0.06989247311827956,0.06989247311827956,1,0,29,11981,11609,0.2336999999999989,7760,4221
rrsa,rrsa-0.5,64,8,periodic,700246,event,365,197,168,0.712890625,0.07945205479452055,0.07945205479452055,1,0,14,12920,12555,0.24780000000004065,9303,3617
rrsa,rrsa-0.5,64,8,periodic,700247,event,367,172,195,0.716796875,-0.06267029972752043,0.06267029972752043,1,0,18,19870,19503,0.2300999999999931,16568,3302
rrsa,rrsa-0.5,64,8,periodic,700248,event,345,166,179,0.673828125,-0.03768115942028986,0.03768115942028986,1,0,79,11057,10712,0.2411999999999921,9463,1594
rrsa,rrsa-0.5,64,8,periodic,700249,event,386,208,178,0.75390625,0.07772020725388601,0.07772020725388601,0,0,0,26236,25850,0.24040000000002237,12023,14213
rrsa,rrsa-0.5,64,8,periodic,700250,event,381,184,197,0.744140625,-0.03412073490813648,0.03412073490813648,1,12,0,16659,16278,0.22709999999995034,4775,11884
rrsa,rrsa-0.5,64,8,periodic,700251,event,378,212,166,0.73828125,0.12169312169312169,0.12169312169312169,1,17,0,15576,15198,0.2319999999999709,3998,11578
rrsa,rrsa-0.5,64,8,periodic,700252,event,382,192,190,0.74609375,0.005235602094240838,0.005235602094240838,1,7,0,40425,40043,0.24269999999995662,5569,34856
rrsa,rrsa-0.5,64,8,periodic,700253,event,371,180,191,0.724609375,-0.029649595687331536,0.029649595687331536,1,13,0,37925,37554,0.22249999999996817,5891,32034
rrsa,rrsa-0.5,64,8,periodic,700254,event,366,187,179,0.71484375,0.02185792349726776,0.02185792349726776,1,0,7,12543,12177,0.22020000000003392,8765,3778
rrsa,rrsa-0.5,64,8,periodic,700255,event,368,179,189,0.71875,-0.02717391304347826,0.02717391304347826,1,13,0,21097,20729,0.21769999999997935,4891,16206
rrsa,rrsa-0.5,64,8,periodic,700256,event,390,194,196,0.76171875,-0.005128205128205128,0.005128205128205128,1,0,12,18809,18419,0.2843000000000302,14786,4023
rrsa,rrsa-0.5,64,8,periodic,700257,event,380,174,206,0.7421875,-0.08421052631578947,0.08421052631578947,1,0,15,15816,15436,0.2640999999999849,11799,4017
rrsa,rrsa-0.5,64,8,periodic,700258,event,371,178,193,0.724609375,-0.04043126684636118,0.04043126684636118,1,0,3,17531,17160,0.36189999999999145,9370,8161
rrsa,rrsa-0.5,64,8,periodic,700259,event,360,194,166,0.703125,0.07777777777777778,0.07777777777777778,1,42,0,14264,13904,0.37180000000000746,1845,12419
rrsa,rrsa-0.5,64,8,periodic,700260,event,335,170,165,0.654296875,0.014925373134328358,0.014925373134328358,1,98,0,19137,18802,0.38470000000000937,1484,17653
rrsa,rrsa-0.5,64,8,periodic,700261,event,358,176,182,0.69921875,-0.01675977653631285,0.01675977653631285,1,42,0,23567,23209,0.39500000000003865,2276,21291
rrsa,rrsa-0.5,64,8,periodic,700262,event,380,196,184,0.7421875,0.031578947368421054,0.031578947368421054,1,4,0,34106,33726,0.4305999999999699,10488,23618
rrsa,rrsa-0.5,64,8,periodic,700263,event,383,204,179,0.748046875,0.06527415143603134,0.06527415143603134,1,0,4,29968,29585,0.4181000000000381,21370,8598
rrsa,rrsa-0.5,64,8,periodic,700264,event,371,205,166,0.724609375,0.10512129380053908,0.10512129380053908,1,0,16,21859,21488,0.5475999999999885,16396,5463
rrsa,rrsa-0.5,64,8,periodic,700265,event,369,176,193,0.720703125,-0.04607046070460705,0.04607046070460705,1,2,0,21859,21490,0.3727000000000089,6095,15764
rrsa,rrsa-0.5,64,8,periodic,700266,event,364,180,184,0.7109375,-0.01098901098901099,0.01098901098901099,1,29,0,10593,10229,0.21729999999996608,2349,8244
rrsa,rrsa-0.5,64,8,periodic,700267,event,377,176,201,0.736328125,-0.06631299734748011,0.06631299734748011,0,0,0,23882,23505,0.21640000000002146,11617,12265
rrsa,rrsa-0.5,64,8,periodic,700268,event,371,187,184,0.724609375,0.008086253369272238,0.008086253369272238,1,0,38,20901,20530,0.23479999999995016,17873,3028
rrsa,rrsa-0.5,64,8,periodic,700269,event,363,182,181,0.708984375,0.0027548209366391185,0.0027548209366391185,1,0,32,15375,15012,0.21309999999999718,12692,2683
rrsa,rrsa-0.5,64,8,periodic,700270,event,348,183,165,0.6796875,0.05172413793103448,0.05172413793103448,1,0,67,13110,12762,0.21300000000002228,10894,2216
rrsa,rrsa-0.5,64,8,periodic,700271,event,358,199,159,0.69921875,0.11173184357541899,0.11173184357541899,1,0,58,29377,29019,0.22000000000002728,27677,1700
rrsa,rrsa-0.5,64,8,periodic,700272,event,378,188,190,0.73828125,-0.005291005291005291,0.005291005291005291,1,24,0,27911,27533,0.23710000000005493,4230,23681
rrsa,rrsa-0.5,64,8,periodic,700273,event,360,196,164,0.703125,0.08888888888888889,0.08888888888888889,1,0,31,10334,9974,0.21469999999999345,7767,2567
rrsa,rrsa-0.5,64,8,periodic,700274,event,369,193,176,0.720703125,0.04607046070460705,0.04607046070460705,1,11,0,14702,14333,0.21719999999999118,4941,9761
rrsa,rrsa-0.5,64,8,periodic,700275,event,375,181,194,0.732421875,-0.034666666666666665,0.034666666666666665,1,2,0,20924,20549,0.22140000000001692,5458,15466
rrsa,rrsa-0.5,64,8,periodic,700276,event,364,165,199,0.7109375,-0.09340659340659341,0.09340659340659341,1,0,33,35411,35047,0.24209999999999354,32601,2810
rrsa,rrsa-0.5,64,8,periodic,700277,event,376,186,190,0.734375,-0.010638297872340425,0.010638297872340425,1,23,0,16094,15718,0.2339999999999236,4965,11129
rrsa,rrsa-0.5,64,8,periodic,700278,event,363,157,206,0.708984375,-0.1349862258953168,0.1349862258953168,1,0,41,10751,10388,0.2217999999999165,8145,2606
rrsa,rrsa-0.5,64,8,periodic,700279,event,381,191,190,0.744140625,0.0026246719160104987,0.0026246719160104987,1,0,17,21766,21385,0.2218000000000302,18601,3165
rrsa,rrsa-0.5,64,8,periodic,700280,event,379,187,192,0.740234375,-0.013192612137203167,0.013192612137203167,0,0,0,20375,19996,0.23860000000001946,10858,9517
rrsa,rrsa-0.5,64,8,periodic,700281,event,378,200,178,0.73828125,0.0582010582010582,0.0582010582010582,1,4,0,25869,25491,0.22339999999996962,9576,16293
rrsa,rrsa-0.5,64,8,periodic,700282,event,373,175,198,0.728515625,-0.06166219839142091,0.06166219839142091,1,17,0,30167,29794,0.21479999999996835,3791,26376
rrsa,rrsa-0.5,64,8,periodic,700283,event,394,205,189,0.76953125,0.04060913705583756,0.04060913705583756,1,2,0,24636,24242,0.25,14156,10480
rrsa,rrsa-0.5,64,8,periodic,700284,event,385,198,187,0.751953125,0.02857142857142857,0.02857142857142857,1,0,25,15735,15350,0.2576000000000249,12893,2842
rrsa,rrsa-0.5,64,8,periodic,700285,event,366,200,166,0.71484375,0.09289617486338798,0.09289617486338798,1,29,0,28033,27667,0.21139999999991232,3161,24872
rrsa,rrsa-0.5,64,8,periodic,700286,event,377,190,187,0.736328125,0.007957559681697613,0.007957559681697613,1,22,0,14569,14192,0.26159999999993033,2175,12394
rrsa,rrsa-0.5,64,8,periodic,700287,event,362,160,202,0.70703125,-0.11602209944751381,0.11602209944751381,1,0,13,16618,16256,0.24699999999995725,12557,4061
rrsa,rrsa-0.5,64,8,periodic,700288,event,398,199,199,0.77734375,0,0,1,1,0,25958,25560,0.27289999999993597,8514,17444
rrsa,rrsa-0.5,64,8,periodic,700289,event,365,170,195,0.712890625,-0.0684931506849315,0.0684931506849315,1,36,0,22543,22178,0.22790000000009059,2019,20524
rrsa,rrsa-0.5,64,8,periodic,700290,event,362,171,191,0.70703125,-0.055248618784530384,0.055248618784530384,1,19,0,14558,14196,0.23100000000010823,3425,11133
rrsa,rrsa-0.5,64,8,periodic,700291,event,382,188,194,0.74609375,-0.015706806282722512,0.015706806282722512,1,0,7,17913,17531,0.23239999999998417,12044,5869
rrsa,rrsa-0.5,64,8,periodic,700292,event,364,186,178,0.7109375,0.02197802197802198,0.02197802197802198,1,0,4,27497,27133,0.24889999999993506,20966,6531
rrsa,rrsa-0.5,64,8,periodic,700293,event,355,168,187,0.693359375,-0.05352112676056338,0.05352112676056338,1,0,31,14162,13807,0.23689999999999145,11622,2540
rrsa,rrsa-0.5,64,8,periodic,700294,event,357,175,182,0.697265625,-0.0196078431372549,0.0196078431372549,1,0,33,10410,10053,0.24649999999996908,7839,2571
rrsa,rrsa-0.5,64,8,periodic,700295,event,378,200,178,0.73828125,0.0582010582010582,0.0582010582010582,1,0,1,20406,20028,0.244199999999978,10147,10259
rrsa,rrsa-0.5,64,8,periodic,700296,event,372,179,193,0.7265625,-0.03763440860215054,0.03763440860215054,1,0,3,16758,16386,0.276299999999992,10516,6242
rrsa,rrsa-0.5,64,8,periodic,700297,event,370,197,173,0.72265625,0.06486486486486487,0.06486486486486487,1,8,0,27631,27261,0.23900000000003274,5680,21951
rrsa,rrsa-0.5,64,8,periodic,700298,event,356,173,183,0.6953125,-0.028089887640449437,0.028089887640449437,1,60,0,13252,12896,0.23230000000000928,1436,11816
rrsa,rrsa-0.5,64,8,periodic,700299,event,361,182,179,0.705078125,0.008310249307479225,0.008310249307479225,1,0,24,17807,17446,0.2261999999999489,15299,2508
rrsa,rrsa-0.5,64,8,periodic,700300,event,349,173,176,0.681640625,-0.008595988538681949,0.008595988538681949,1,95,0,13910,13561,0.23890000000005784,1596,12314
rrsa,rrsa-0.5,64,8,periodic,700301,event,364,185,179,0.7109375,0.016483516483516484,0.016483516483516484,1,26,0,9994,9630,0.21079999999994925,3297,6697
rrsa,rrsa-0.5,64,8,periodic,700302,event,366,181,185,0.71484375,-0.01092896174863388,0.01092896174863388,1,0,23,13470,13104,0.2158000000000584,10018,3452
rrsa,rrsa-0.5,64,8,periodic,700303,event,345,145,200,0.673828125,-0.15942028985507245,0.15942028985507245,1,99,0,9514,9169,0.20439999999996417,1530,7984
rrsa,rrsa-0.5,64,8,periodic,700304,event,384,187,197,0.75,-0.026041666666666668,0.026041666666666668,0,0,0,30487,30103,0.25690000000008695,21733,8754
rrsa,rrsa-0.5,64,8,periodic,700305,event,357,178,179,0.697265625,-0.0028011204481792717,0.0028011204481792717,1,0,57,24921,24564,0.21539999999993142,22978,1943
rrsa,rrsa-0.5,64,8,periodic,700306,event,394,185,209,0.76953125,-0.06091370558375635,0.06091370558375635,1,0,1,25500,25106,0.22909999999990305,10660,14840
rrsa,rrsa-0.5,64,8,periodic,700307,event,381,179,202,0.744140625,-0.06036745406824147,0.06036745406824147,1,3,0,21579,21198,0.23279999999999745,6160,15419
rrsa,rrsa-0.5,64,8,periodic,700308,event,365,180,185,0.712890625,-0.0136986301369863,0.0136986301369863,1,39,0,11810,11445,0.2576999999999998,3059,8751
rrsa,rrsa-0.5,64,8,periodic,700309,event,341,170,171,0.666015625,-0.002932551319648094,0.002932551319648094,1,102,0,12146,11805,0.22699999999997544,1466,10680
rrsa,rrsa-0.5,64,8,periodic,700310,event,368,173,195,0.71875,-0.059782608695652176,0.059782608695652176,1,0,12,21771,21403,0.23840000000006967,17117,4654
rrsa,rrsa-0.5,64,8,periodic,700311,event,374,195,179,0.73046875,0.0427807486631016,0.0427807486631016,1,0,13,19508,19134,0.23899999999991905,13128,6380
rrsa,rrsa-0.5,64,8,periodic,700312,event,374,200,174,0.73046875,0.06951871657754011,0.06951871657754011,1,8,0,15797,15423,0.2619999999999436,4604,11193
rrsa,rrsa-0.5,64,8,periodic,700313,event,365,179,186,0.712890625,-0.019178082191780823,0.019178082191780823,1,24,0,16995,16630,0.22140000000001692,2437,14558
rrsa,rrsa-0.5,64,8,periodic,700314,event,368,181,187,0.71875,-0.016304347826086956,0.016304347826086956,1,17,0,19187,18819,0.2376000000000431,3220,15967
rrsa,rrsa-0.5,64,8,periodic,700315,event,371,174,197,0.724609375,-0.06199460916442048,0.06199460916442048,1,15,0,10518,10147,0.2296000000000049,4140,6378
rrsa,rrsa-0.5,64,8,periodic,700316,event,383,193,190,0.748046875,0.007832898172323759,0.007832898172323759,1,0,6,18818,18435,0.25720000000001164,13524,5294
rrsa,rrsa-0.5,64,8,periodic,700317,event,348,188,160,0.6796875,0.08045977011494253,0.08045977011494253,1,86,0,16405,16057,0.20459999999991396,1575,14830
rrsa,rrsa-0.5,64,8,periodic,700318,event,367,198,169,0.716796875,0.07901907356948229,0.07901907356948229,1,21,0,15440,15073,0.21529999999995653,3578,11862
rrsa,rrsa-0.5,64,8,periodic,700319,event,377,180,197,0.736328125,-0.04509283819628647,0.04509283819628647,1,15,0,15879,15502,0.21900000000005093,4411,11468
rrsa,rrsa-0.5,64,8,periodic,700320,event,380,174,206,0.7421875,-0.08421052631578947,0.08421052631578947,1,15,0,21228,20848,0.286899999999946,3839,17389
rrsa,rrsa-0.5,64,8,periodic,700321,event,388,198,190,0.7578125,0.020618556701030927,0.020618556701030927,1,3,0,21080,20692,0.22140000000001692,10373,10707
rrsa,rrsa-0.5,64,8,periodic,700322,event,353,173,180,0.689453125,-0.019830028328611898,0.019830028328611898,1,0,42,13937,13584,0.21460000000001855,11313,2624
rrsa,rrsa-0.5,64,8,periodic,700323,event,386,195,191,0.75390625,0.010362694300518135,0.010362694300518135,1,0,4,24181,23795,0.22149999999999181,15607,8574
rrsa,rrsa-0.5,64,8,periodic,700324,event,365,179,186,0.712890625,-0.019178082191780823,0.019178082191780823,1,0,22,17392,17027,0.2296999999999798,13789,3603
rrsa,rrsa-0.5,64,8,periodic,700325,event,352,169,183,0.6875,-0.03977272727272727,0.03977272727272727,1,55,0,11372,11020,0.26310000000000855,1884,9488
rrsa,rrsa-0.5,64,8,periodic,700326,event,362,165,197,0.70703125,-0.08839779005524862,0.08839779005524862,1,0,20,17812,17450,0.23329999999998563,14945,2867
rrsa,rrsa-0.5,64,8,periodic,700327,event,366,186,180,0.71484375,0.01639344262295082,0.01639344262295082,1,21,0,14154,13788,0.22709999999995034,3173,10981
rrsa,rrsa-0.5,64,8,periodic,700328,event,363,177,186,0.708984375,-0.024793388429752067,0.024793388429752067,1,32,0,22236,21873,0.25130000000001473,2829,19407
rrsa,rrsa-0.5,64,8,periodic,700329,event,378,165,213,0.73828125,-0.12698412698412698,0.12698412698412698,1,3,0,10547,10169,0.22320000000001983,6438,4109
rrsa,rrsa-0.5,64,8,periodic,700330,event,385,198,187,0.751953125,0.02857142857142857,0.02857142857142857,1,0,10,26626,26241,0.22889999999995325,21929,4697
rrsa,rrsa-0.5,64,8,periodic,700331,event,379,187,192,0.740234375,-0.013192612137203167,0.013192612137203167,1,2,0,18348,17969,0.223700000000008,7765,10583
rrsa,rrsa-0.5,64,8,periodic,700332,event,376,187,189,0.734375,-0.005319148936170213,0.005319148936170213,1,6,0,22690,22314,0.24119999999993524,6715,15975
rrsa,rrsa-0.5,64,8,periodic,700333,event,370,168,202,0.72265625,-0.0918918918918919,0.0918918918918919,1,0,17,26618,26248,0.22319999999990614,22314,4304
rrsa,rrsa-0.5,64,8,periodic,700334,event,350,175,175,0.68359375,0,0,1,0,46,11383,11033,0.21029999999996107,9057,2326
rrsa,rrsa-0.5,64,8,periodic,700335,event,368,178,190,0.71875,-0.03260869565217391,0.03260869565217391,1,26,0,15894,15526,0.2198999999999387,2531,13363
rrsa,rrsa-0.5,64,8,periodic,700336,event,368,181,187,0.71875,-0.016304347826086956,0.016304347826086956,1,11,0,20501,20133,0.23450000000002547,3085,17416
rrsa,rrsa-0.5,64,8,periodic,700337,event,355,195,160,0.693359375,0.09859154929577464,0.09859154929577464,1,0,31,9838,9483,0.20910000000003492,7080,2758
rrsa,rrsa-0.5,64,8,periodic,700338,event,366,184,182,0.71484375,0.00546448087431694,0.00546448087431694,1,32,0,23300,22934,0.2175999999999476,2444,20856
rrsa,rrsa-0.5,64,8,periodic,700339,event,370,187,183,0.72265625,0.010810810810810811,0.010810810810810811,1,0,31,18851,18481,0.219600000000014,16018,2833
rrsa,rrsa-0.5,64,8,periodic,700340,event,331,165,166,0.646484375,-0.0030211480362537764,0.0030211480362537764,1,0,115,21073,20742,0.2276000000000522,19889,1184
rrsa,rrsa-0.5,64,8,periodic,700341,event,373,180,193,0.728515625,-0.03485254691689008,0.03485254691689008,1,25,0,15465,15092,0.2195000000000391,3242,12223
rrsa,rrsa-0.5,64,8,periodic,700342,event,377,194,183,0.736328125,0.029177718832891247,0.029177718832891247,1,0,6,13492,13115,0.33609999999998763,10089,3403
rrsa,rrsa-0.5,64,8,periodic,700343,event,375,205,170,0.732421875,0.09333333333333334,0.09333333333333334,1,0,4,23114,22739,0.2945999999999458,15975,7139
rrsa,rrsa-0.5,64,8,periodic,700344,event,372,171,201,0.7265625,-0.08064516129032258,0.08064516129032258,1,0,7,14426,14054,0.2615000000000691,6836,7590
rrsa,rrsa-0.5,64,8,periodic,700345,event,373,196,177,0.728515625,0.05093833780160858,0.05093833780160858,1,0,5,25861,25488,0.2376000000000431,17611,8250
rrsa,rrsa-0.5,64,8,periodic,700346,event,381,197,184,0.744140625,0.03412073490813648,0.03412073490813648,1,2,0,31736,31355,0.24760000000003402,9420,22316
rrsa,rrsa-0.5,64,8,periodic,700347,event,356,188,168,0.6953125,0.056179775280898875,0.056179775280898875,1,0,50,11033,10677,0.2439000000000533,9457,1576
rrsa,rrsa-0.5,64,8,periodic,700348,event,382,183,199,0.74609375,-0.041884816753926704,0.041884816753926704,1,0,10,17017,16635,0.29730000000006385,12633,4384
rrsa,rrsa-0.5,64,8,periodic,700349,event,381,191,190,0.744140625,0.0026246719160104987,0.0026246719160104987,1,10,0,19813,19432,0.2683999999999287,4691,15122
rrsa,rrsa-0.5,64,8,periodic,700350,event,378,189,189,0.73828125,0,0,1,9,0,20257,19879,0.5031000000000176,4733,15524
rrsa,rrsa-0.5,64,8,periodic,700351,event,361,183,178,0.705078125,0.013850415512465374,0.013850415512465374,1,37,0,15678,15317,0.2597000000000662,3582,12096
rrsa,rrsa-0.5,64,8,periodic,700352,event,370,194,176,0.72265625,0.04864864864864865,0.04864864864864865,1,5,0,19849,19479,0.24239999999997508,6860,12989
rrsa,rrsa-0.5,64,8,periodic,700353,event,374,183,191,0.73046875,-0.0213903743315508,0.0213903743315508,1,4,0,23658,23284,0.22309999999993124,8208,15450
rrsa,rrsa-0.5,64,8,periodic,700354,event,372,187,185,0.7265625,0.005376344086021506,0.005376344086021506,1,0,4,19671,19299,0.217899999999986,12612,7059
rrsa,rrsa-0.5,64,8,periodic,700355,event,371,189,182,0.724609375,0.018867924528301886,0.018867924528301886,1,27,0,19115,18744,0.21630000000004657,2745,16370
rrsa,rrsa-0.5,64,8,periodic,700356,event,360,173,187,0.703125,-0.03888888888888889,0.03888888888888889,1,0,61,13981,13621,0.23030000000005657,12240,1741
rrsa,rrsa-0.5,64,8,periodic,700357,event,356,178,178,0.6953125,0,0,1,35,0,13004,12648,0.20650000000000546,2813,10191
rrsa,rrsa-0.5,64,8,periodic,700358,event,378,180,198,0.73828125,-0.047619047619047616,0.047619047619047616,1,2,0,18410,18032,0.2139999999999418,8284,10126
rrsa,rrsa-0.5,64,8,periodic,700359,event,363,188,175,0.708984375,0.03581267217630854,0.03581267217630854,1,28,0,16536,16173,0.21640000000002146,1944,14592
rrsa,rrsa-0.5,64,8,periodic,700360,event,364,178,186,0.7109375,-0.02197802197802198,0.02197802197802198,1,40,0,13732,13368,0.23440000000005057,2277,11455
rrsa,rrsa-0.5,64,8,periodic,700361,event,359,171,188,0.701171875,-0.04735376044568245,0.04735376044568245,1,0,18,13917,13558,0.20690000000001874,11039,2878
rrsa,rrsa-0.5,64,8,periodic,700362,event,371,162,209,0.724609375,-0.12668463611859837,0.12668463611859837,1,0,23,21265,20894,0.21870000000001255,18876,2389
rrsa,rrsa-0.5,64,8,periodic,700363,event,380,180,200,0.7421875,-0.05263157894736842,0.05263157894736842,1,3,0,14068,13688,0.22930000000008022,8618,5450
rrsa,rrsa-0.5,64,8,periodic,700364,event,363,178,185,0.708984375,-0.01928374655647383,0.01928374655647383,1,30,0,17692,17329,0.23739999999997963,2668,15024
rrsa,rrsa-0.5,64,8,periodic,700365,event,374,199,175,0.73046875,0.06417112299465241,0.06417112299465241,1,0,6,13804,13430,0.28559999999993124,8479,5325
rrsa,rrsa-0.5,64,8,periodic,700366,event,353,185,168,0.689453125,0.04815864022662889,0.04815864022662889,1,0,44,10128,9775,0.35349999999994,8079,2049
rrsa,rrsa-0.5,64,8,periodic,700367,event,366,179,187,0.71484375,-0.02185792349726776,0.02185792349726776,1,30,0,26716,26350,0.33219999999994343,4094,22622
rrsa,rrsa-0.5,64,8,periodic,700368,event,353,166,187,0.689453125,-0.059490084985835696,0.059490084985835696,1,0,42,8760,8407,0.332300000000032,6203,2557
rrsa,rrsa-0.5,64,8,periodic,700369,event,358,185,173,0.69921875,0.0335195530726257,0.0335195530726257,1,0,62,12350,11992,0.2659999999999627,10134,2216
rrsa,rrsa-0.5,64,8,periodic,700370,event,394,204,190,0.76953125,0.03553299492385787,0.03553299492385787,1,0,4,22978,22584,0.29150000000004184,14763,8215
rrsa,rrsa-0.5,64,8,periodic,700371,event,388,198,190,0.7578125,0.020618556701030927,0.020618556701030927,1,0,1,25857,25469,0.28899999999998727,13687,12170
rrsa,rrsa-0.5,64,8,periodic,700372,event,358,188,170,0.69921875,0.05027932960893855,0.05027932960893855,1,0,71,16529,16171,0.3249000000000706,14657,1872
rrsa,rrsa-0.5,64,8,periodic,700373,event,367,195,172,0.716796875,0.06267029972752043,0.06267029972752043,1,38,0,11975,11608,0.261600000000044,2532,9443
rrsa,rrsa-0.5,64,8,periodic,700374,event,371,186,185,0.724609375,0.0026954177897574125,0.0026954177897574125,1,0,34,23586,23215,0.25699999999994816,20139,3447
rrsa,rrsa-0.5,64,8,periodic,700375,event,375,192,183,0.732421875,0.024,0.024,1,22,0,10420,10045,0.47640000000001237,3539,6881
rrsa,rrsa-0.5,64,8,periodic,700376,event,381,190,191,0.744140625,-0.0026246719160104987,0.0026246719160104987,0,0,0,19758,19377,0.4017999999999802,12029,7729
rrsa,rrsa-0.5,64,8,periodic,700377,event,382,180,202,0.74609375,-0.05759162303664921,0.05759162303664921,1,10,0,17403,17021,0.2819999999999254,4218,13185
rrsa,rrsa-0.5,64,8,periodic,700378,event,392,190,202,0.765625,-0.030612244897959183,0.030612244897959183,1,0,7,25473,25081,0.2584000000000515,16704,8769
rrsa,rrsa-0.5,64,8,periodic,700379,event,366,175,191,0.71484375,-0.04371584699453552,0.04371584699453552,1,0,35,15796,15430,0.2440000000000282,13404,2392
rrsa,rrsa-0.5,64,8,periodic,700380,event,371,179,192,0.724609375,-0.03504043126684636,0.03504043126684636,1,30,0,19977,19606,0.26690000000007785,3482,16495
rrsa,rrsa-0.5,64,8,periodic,700381,event,364,183,181,0.7109375,0.005494505494505495,0.005494505494505495,1,0,32,26187,25823,0.2460000000000946,24091,2096
rrsa,rrsa-0.5,64,8,periodic,700382,event,392,196,196,0.765625,0,0,1,0,1,20378,19986,0.24649999999996908,11576,8802
rrsa,rrsa-0.5,64,8,periodic,700383,event,375,168,207,0.732421875,-0.104,0.104,1,14,0,17479,17104,0.2361999999999398,4386,13093
rrsa,rrsa-0.5,64,8,periodic,700384,event,361,185,176,0.705078125,0.024930747922437674,0.024930747922437674,1,0,64,22080,21719,0.2964999999999236,20462,1618
rrsa,rrsa-0.5,64,8,periodic,700385,event,374,190,184,0.73046875,0.016042780748663103,0.016042780748663103,1,0,35,12783,12409,0.24860000000001037,10089,2694
rrsa,rrsa-0.5,64,8,periodic,700386,event,382,179,203,0.74609375,-0.06282722513089005,0.06282722513089005,0,0,0,27875,27493,0.25679999999999836,17603,10272
rrsa,rrsa-0.5,64,8,periodic,700387,event,342,169,173,0.66796875,-0.011695906432748537,0.011695906432748537,1,0,100,17107,16765,0.23859999999990578,15590,1517
rrsa,rrsa-0.5,64,8,periodic,700388,event,352,164,188,0.6875,-0.06818181818181818,0.06818181818181818,1,0,94,10800,10448,0.2703000000000202,9040,1760
rrsa,rrsa-0.5,64,8,periodic,700389,event,365,193,172,0.712890625,0.057534246575342465,0.057534246575342465,1,22,0,20857,20492,0.26549999999997453,2568,18289
rrsa,rrsa-0.5,64,8,periodic,700390,event,383,202,181,0.748046875,0.05483028720626632,0.05483028720626632,1,1,0,17066,16683,0.2826999999999771,9126,7940
rrsa,rrsa-0.5,64,8,periodic,700391,event,359,166,193,0.701171875,-0.07520891364902507,0.07520891364902507,1,0,32,12443,12084,0.27150000000006,9262,3181
rrsa,rrsa-0.5,64,8,periodic,700392,event,375,193,182,0.732421875,0.029333333333333333,0.029333333333333333,1,2,0,19402,19027,0.29740000000003874,8590,10812
rrsa,rrsa-0.5,64,8,periodic,700393,event,378,179,199,0.73828125,-0.05291005291005291,0.05291005291005291,1,18,0,13815,13437,0.26749999999992724,4220,9595
rrsa,rrsa-0.5,64,8,periodic,700394,event,383,193,190,0.748046875,0.007832898172323759,0.007832898172323759,1,6,0,19959,19576,0.2576000000000249,7135,12824
rrsa,rrsa-0.5,64,8,periodic,700395,event,349,175,174,0.681640625,0.0028653295128939827,0.0028653295128939827,1,67,0,17627,17278,0.2481000000000222,2009,15618
rrsa,rrsa-0.5,64,8,periodic,700396,event,361,183,178,0.705078125,0.013850415512465374,0.013850415512465374,1,0,30,18792,18431,0.2645999999999731,16107,2685
rrsa,rrsa-0.5,64,8,periodic,700397,event,393,190,203,0.767578125,-0.03307888040712468,0.03307888040712468,0,0,0,35272,34879,0.2644999999999982,18501,16771
rrsa,rrsa-0.5,64,8,periodic,700398,event,368,191,177,0.71875,0.03804347826086957,0.03804347826086957,1,11,0,12864,12496,0.23710000000005493,3578,9286
rrsa,rrsa-0.5,64,8,periodic,700399,event,363,186,177,0.708984375,0.024793388429752067,0.024793388429752067,1,0,21,17615,17252,0.24310000000002674,13975,3640
rrsa,rrsa-0.5,64,8,periodic,700400,event,375,210,165,0.732421875,0.12,0.12,1,15,0,12542,12167,0.258199999999988,3015,9527
rrsa,rrsa-0.5,64,8,periodic,700401,event,359,196,163,0.701171875,0.09192200557103064,0.09192200557103064,1,0,45,19555,19196,0.3170999999999822,17476,2079
rrsa,rrsa-0.5,64,8,periodic,700402,event,382,178,204,0.74609375,-0.06806282722513089,0.06806282722513089,1,4,0,32499,32117,0.24289999999996326,10060,22439
rrsa,rrsa-0.5,64,8,periodic,700403,event,372,174,198,0.7265625,-0.06451612903225806,0.06451612903225806,1,0,21,22681,22309,0.22850000000005366,18350,4331
rrsa,rrsa-0.5,64,8,periodic,700404,event,348,163,185,0.6796875,-0.06321839080459771,0.06321839080459771,1,65,0,7262,6914,0.23430000000007567,1668,5594
rrsa,rrsa-0.5,64,8,periodic,700405,event,374,194,180,0.73046875,0.0374331550802139,0.0374331550802139,1,6,0,15725,15351,0.22859999999991487,7370,8355
rrsa,rrsa-0.5,64,8,periodic,700406,event,379,182,197,0.740234375,-0.0395778364116095,0.0395778364116095,1,0,18,14987,14608,0.22480000000007294,10880,4107
rrsa,rrsa-0.5,64,8,periodic,700407,event,381,203,178,0.744140625,0.06561679790026247,0.06561679790026247,1,12,0,14130,13749,0.22660000000007585,5131,8999
rrsa,rrsa-0.5,64,8,periodic,700408,event,363,185,178,0.708984375,0.01928374655647383,0.01928374655647383,1,33,0,15584,15221,0.2318000000000211,1985,13599
rrsa,rrsa-0.5,64,8,periodic,700409,event,362,160,202,0.70703125,-0.11602209944751381,0.11602209944751381,1,41,0,19942,19580,0.213799999999992,3276,16666
rrsa,rrsa-0.5,64,8,periodic,700410,event,365,191,174,0.712890625,0.04657534246575343,0.04657534246575343,1,21,0,12015,11650,0.22239999999999327,3335,8680
rrsa,rrsa-0.5,64,8,periodic,700411,event,362,164,198,0.70703125,-0.09392265193370165,0.09392265193370165,1,0,30,12386,12024,0.21730000000002292,9762,2624
rrsa,rrsa-0.5,64,8,periodic,700412,event,373,193,180,0.728515625,0.03485254691689008,0.03485254691689008,1,0,35,12313,11940,0.23540000000002692,8861,3452
rrsa,rrsa-0.5,64,8,periodic,700413,event,365,175,190,0.712890625,-0.0410958904109589,0.0410958904109589,1,0,34,18143,17778,0.21529999999995653,15379,2764
rrsa,rrsa-0.5,64,8,periodic,700414,event,377,188,189,0.736328125,-0.002652519893899204,0.002652519893899204,0,0,0,25399,25022,0.2158000000000584,4791,20608
rrsa,rrsa-0.5,64,8,periodic,700415,event,373,199,174,0.728515625,0.06702412868632708,0.06702412868632708,1,10,0,11302,10929,0.21090000000003783,4008,7294
rrsa,rrsa-0.5,64,8,periodic,700416,event,369,193,176,0.720703125,0.04607046070460705,0.04607046070460705,1,0,48,26521,26152,0.231899999999996,24063,2458
rrsa,rrsa-0.5,64,8,periodic,700417,event,371,183,188,0.724609375,-0.013477088948787063,0.013477088948787063,1,0,42,14415,14044,0.22339999999996962,12238,2177
rrsa,rrsa-0.5,64,8,periodic,700418,event,347,188,159,0.677734375,0.08357348703170028,0.08357348703170028,1,75,0,16368,16021,0.20719999999994343,2308,14060
rrsa,rrsa-0.5,64,8,periodic,700419,event,379,188,191,0.740234375,-0.0079155672823219,0.0079155672823219,1,0,7,16713,16334,0.24630000000001928,11027,5686
rrsa,rrsa-0.5,64,8,periodic,700420,event,361,174,187,0.705078125,-0.036011080332409975,0.036011080332409975,1,0,23,14988,14627,0.2420000000000755,11222,3766
rrsa,rrsa-0.5,64,8,periodic,700421,event,370,184,186,0.72265625,-0.005405405405405406,0.005405405405405406,1,0,28,16254,15884,0.21609999999998308,13177,3077
rrsa,rrsa-0.5,64,8,periodic,700422,event,379,200,179,0.740234375,0.055408970976253295,0.055408970976253295,1,0,8,15080,14701,0.2137000000000171,9611,5469
rrsa,rrsa-0.5,64,8,periodic,700423,event,363,187,176,0.708984375,0.030303030303030304,0.030303030303030304,1,0,46,14945,14582,0.21040000000004966,12949,1996
rrsa,rrsa-0.5,64,8,periodic,700424,event,373,192,181,0.728515625,0.029490616621983913,0.029490616621983913,1,7,0,20986,20613,0.23440000000005057,6417,14569
rrsa,rrsa-0.5,64,8,periodic,700425,event,374,168,206,0.73046875,-0.10160427807486631,0.10160427807486631,1,0,6,19470,19096,0.22410000000002128,13445,6025
rrsa,rrsa-0.5,64,8,periodic,700426,event,338,167,171,0.66015625,-0.011834319526627219,0.011834319526627219,1,82,0,10142,9804,0.21050000000002456,1123,9019
rrsa,rrsa-0.5,64,8,periodic,700427,event,385,202,183,0.751953125,0.04935064935064935,0.04935064935064935,1,11,0,13637,13252,0.21459999999990487,3851,9786
rrsa,rrsa-0.5,64,8,periodic,700428,event,351,178,173,0.685546875,0.014245014245014245,0.014245014245014245,1,0,61,12092,11741,0.22659999999996217,10554,1538
rrsa,rrsa-0.5,64,8,periodic,700429,event,388,177,211,0.7578125,-0.08762886597938144,0.08762886597938144,1,1,0,19364,18976,0.23730000000000473,8764,10600
rrsa,rrsa-0.5,64,8,periodic,700430,event,359,192,167,0.701171875,0.06963788300835655,0.06963788300835655,1,39,0,9272,8913,0.2039999999999509,2096,7176
rrsa,rrsa-0.5,64,8,periodic,700431,event,366,191,175,0.71484375,0.04371584699453552,0.04371584699453552,1,0,26,18054,17688,0.21229999999991378,15417,2637
rrsa,rrsa-0.5,64,8,periodic,700432,event,352,172,180,0.6875,-0.022727272727272728,0.022727272727272728,1,58,0,14813,14461,0.41580000000010386,1717,13096
rrsa,rrsa-0.5,64,8,periodic,700433,event,377,186,191,0.736328125,-0.013262599469496022,0.013262599469496022,1,0,1,13912,13535,0.23310000000003583,8614,5298
rrsa,rrsa-0.5,64,8,periodic,700434,event,375,202,173,0.732421875,0.07733333333333334,0.07733333333333334,1,2,0,16287,15912,0.22649999999998727,9182,7105
rrsa,rrsa-0.5,64,8,periodic,700435,event,361,177,184,0.705078125,-0.019390581717451522,0.019390581717451522,1,0,39,12268,11907,0.20679999999993015,9673,2595
rrsa,rrsa-0.5,64,8,periodic,700436,event,355,168,187,0.693359375,-0.05352112676056338,0.05352112676056338,1,25,0,21802,21447,0.24230000000000018,3025,18777
rrsa,rrsa-0.5,64,8,periodic,700437,event,370,188,182,0.72265625,0.016216216216216217,0.016216216216216217,1,0,14,19718,19348,0.21209999999996398,15644,4074
rrsa,rrsa-0.5,64,8,periodic,700438,event,380,202,178,0.7421875,0.06315789473684211,0.06315789473684211,1,3,0,22629,22249,0.227800000000002,8118,14511
rrsa,rrsa-0.5,64,8,periodic,700439,event,373,193,180,0.728515625,0.03485254691689008,0.03485254691689008,1,0,17,14488,14115,0.2317000000000462,9988,4500
rrsa,rrsa-0.5,64,8,periodic,700440,event,373,175,198,0.728515625,-0.06166219839142091,0.06166219839142091,1,2,0,21002,20629,0.33409999999992124,10972,10030
rrsa,rrsa-0.5,64,8,periodic,700441,event,345,177,168,0.673828125,0.02608695652173913,0.02608695652173913,1,69,0,9261,8916,0.2985999999999649,1744,7517
rrsa,rrsa-0.5,64,8,periodic,700442,event,356,168,188,0.6953125,-0.056179775280898875,0.056179775280898875,1,43,0,16383,16027,0.3105000000000473,2176,14207
rrsa,rrsa-0.5,64,8,periodic,700443,event,348,180,168,0.6796875,0.034482758620689655,0.034482758620689655,1,77,0,19851,19503,0.27940000000000964,1544,18307
rrsa,rrsa-0.5,64,8,periodic,700444,event,368,176,192,0.71875,-0.043478260869565216,0.043478260869565216,1,0,6,26045,25677,0.31579999999996744,20377,5668
rrsa,rrsa-0.5,64,8,periodic,700445,event,355,160,195,0.693359375,-0.09859154929577464,0.09859154929577464,1,44,0,20775,20420,0.2524999999999409,1694,19081
rrsa,rrsa-0.5,64,8,periodic,700446,event,357,166,191,0.697265625,-0.0700280112044818,0.0700280112044818,1,0,53,15172,14815,0.21539999999993142,13305,1867
rrsa,rrsa-0.5,64,8,periodic,700447,event,383,203,180,0.748046875,0.06005221932114883,0.06005221932114883,1,11,0,21081,20698,0.2178000000000111,5242,15839
rrsa,rrsa-0.5,64,8,periodic,700448,event,372,178,194,0.7265625,-0.043010752688172046,0.043010752688172046,1,11,0,13195,12823,0.2738000000000511,3828,9367
rrsa,rrsa-0.5,64,8,periodic,700449,event,369,183,186,0.720703125,-0.008130081300813009,0.008130081300813009,1,0,16,18300,17931,0.21439999999995507,14864,3436
rrsa,rrsa-0.5,64,8,periodic,700450,event,381,215,166,0.744140625,0.12860892388451445,0.12860892388451445,1,0,4,19590,19209,0.21410000000003038,12766,6824
rrsa,rrsa-0.5,64,8,periodic,700451,event,375,202,173,0.732421875,0.07733333333333334,0.07733333333333334,1,22,0,15218,14843,0.2139999999999418,2957,12261
rrsa,rrsa-0.5,64,8,periodic,700452,event,370,193,177,0.72265625,0.043243243243243246,0.043243243243243246,1,0,41,11395,11025,0.2239999999999327,8790,2605
rrsa,rrsa-0.5,64,8,periodic,700453,event,387,209,178,0.755859375,0.08010335917312661,0.08010335917312661,1,0,4,19960,19573,0.2177000000000362,12112,7848
rrsa,rrsa-0.5,64,8,periodic,700454,event,373,188,185,0.728515625,0.00804289544235925,0.00804289544235925,0,0,0,23863,23490,0.2220999999999549,7646,16217
rrsa,rrsa-0.5,64,8,periodic,700455,event,351,183,168,0.685546875,0.042735042735042736,0.042735042735042736,1,0,45,10672,10321,0.20390000000008968,8349,2323
rrsa,rrsa-0.5,64,8,periodic,700456,event,376,188,188,0.734375,0,0,1,0,2,16250,15874,0.23149999999998272,8076,8174
rrsa,rrsa-0.5,64,8,periodic,700457,event,368,185,183,0.71875,0.005434782608695652,0.005434782608695652,1,49,0,22995,22627,0.21120000000007622,2237,20758
rrsa,rrsa-0.5,64,8,periodic,700458,event,362,179,183,0.70703125,-0.011049723756906077,0.011049723756906077,1,0,47,21233,20871,0.2077000000000453,19177,2056
rrsa,rrsa-0.5,64,8,periodic,700459,event,359,166,193,0.701171875,-0.07520891364902507,0.07520891364902507,1,76,0,10030,9671,0.20870000000002165,1398,8632
rrsa,rrsa-0.5,64,8,periodic,700460,event,365,186,179,0.712890625,0.019178082191780823,0.019178082191780823,1,27,0,14703,14338,0.23290000000008604,3193,11510
rrsa,rrsa-0.5,64,8,periodic,700461,event,376,182,194,0.734375,-0.031914893617021274,0.031914893617021274,1,11,0,25056,24680,0.21479999999996835,5799,19257
rrsa,rrsa-0.5,64,8,periodic,700462,event,360,164,196,0.703125,-0.08888888888888889,0.08888888888888889,1,52,0,12509,12149,0.21870000000001255,2164,10345
rrsa,rrsa-0.5,64,8,periodic,700463,event,355,176,179,0.693359375,-0.008450704225352112,0.008450704225352112,1,0,63,14753,14398,0.22110000000009222,13008,1745
rrsa,rrsa-0.5,64,8,periodic,700464,event,356,186,170,0.6953125,0.0449438202247191,0.0449438202247191,1,50,0,20153,19797,0.22769999999991342,2041,18112
rrsa,rrsa-0.5,64,8,periodic,700465,event,368,175,193,0.71875,-0.04891304347826087,0.04891304347826087,1,0,44,17898,17530,0.2095000000000482,15538,2360
rrsa,rrsa-0.5,64,8,periodic,700466,event,370,194,176,0.72265625,0.04864864864864865,0.04864864864864865,1,13,0,18869,18499,0.21929999999997563,4094,14775
rrsa,rrsa-0.5,64,8,periodic,700467,event,384,192,192,0.75,0,0,1,8,0,13382,12998,0.2195000000000391,4951,8431
rrsa,rrsa-0.5,64,8,periodic,700468,event,384,198,186,0.75,0.03125,0.03125,1,0,2,20670,20286,0.23879999999996926,12265,8405
rrsa,rrsa-0.5,64,8,periodic,700469,event,318,150,168,0.62109375,-0.05660377358490566,0.05660377358490566,1,0,150,11982,11664,0.19090000000005602,10784,1198
rrsa,rrsa-0.5,64,8,periodic,700470,event,380,191,189,0.7421875,0.005263157894736842,0.005263157894736842,0,0,0,32160,31780,0.2195000000000391,13398,18762
rrsa,rrsa-0.5,64,8,periodic,700471,event,387,195,192,0.755859375,0.007751937984496124,0.007751937984496124,1,0,3,17188,16801,0.3046999999999116,11979,5209
rrsa,rrsa-0.5,64,8,periodic,700472,event,383,203,180,0.748046875,0.06005221932114883,0.06005221932114883,1,0,3,24572,24189,0.2318000000000211,9970,14602
rrsa,rrsa-0.5,64,8,periodic,700473,event,378,198,180,0.73828125,0.047619047619047616,0.047619047619047616,0,0,0,22417,22039,0.20619999999996708,11959,10458
rrsa,rrsa-0.5,64,8,periodic,700474,event,373,190,183,0.728515625,0.01876675603217158,0.01876675603217158,1,0,3,25593,25220,0.2398999999999205,18495,7098
rrsa,rrsa-0.5,64,8,periodic,700475,event,372,197,175,0.7265625,0.05913978494623656,0.05913978494623656,1,0,12,17410,17038,0.2156000000001086,13983,3427
rrsa,rrsa-0.5,64,8,periodic,700476,event,378,184,194,0.73828125,-0.026455026455026454,0.026455026455026454,1,0,5,19232,18854,0.23120000000005803,13144,6088
rrsa,rrsa-0.5,64,8,periodic,700477,event,376,202,174,0.734375,0.07446808510638298,0.07446808510638298,1,2,0,26692,26316,0.20529999999996562,8169,18523
rrsa,rrsa-0.5,64,8,periodic,700478,event,369,186,183,0.720703125,0.008130081300813009,0.008130081300813009,1,26,0,19748,19379,0.2014000000000351,4014,15734
rrsa,rrsa-0.5,64,8,periodic,700479,event,371,191,180,0.724609375,0.029649595687331536,0.029649595687331536,1,8,0,28967,28596,0.20440000000007785,7586,21381
rrsa,rrsa-0.5,64,8,periodic,700480,event,365,180,185,0.712890625,-0.0136986301369863,0.0136986301369863,1,0,43,16334,15969,0.217899999999986,13754,2580
rrsa,rrsa-0.5,64,8,periodic,700481,event,384,192,192,0.75,0,0,0,0,0,38528,38144,0.205600000000004,14041,24487
rrsa,rrsa-0.5,64,8,periodic,700482,event,367,182,185,0.716796875,-0.008174386920980926,0.008174386920980926,1,6,0,16349,15982,0.2180999999999358,7014,9335
rrsa,rrsa-0.5,64,8,periodic,700483,event,375,173,202,0.732421875,-0.07733333333333334,0.07733333333333334,1,4,0,18390,18015,0.21080000000006294,5726,12664
rrsa,rrsa-0.5,64,8,periodic,700484,event,369,182,187,0.720703125,-0.013550135501355014,0.013550135501355014,1,0,29,9126,8757,0.4452999999999747,5776,3350
rrsa,rrsa-0.5,64,8,periodic,700485,event,389,218,171,0.759765625,0.12082262210796915,0.12082262210796915,1,4,0,26228,25839,0.2420999999999367,6734,19494
rrsa,rrsa-0.5,64,8,periodic,700486,event,373,175,198,0.728515625,-0.06166219839142091,0.06166219839142091,1,0,47,19745,19372,0.23419999999998709,17378,2367
rrsa,rrsa-0.5,64,8,periodic,700487,event,373,185,188,0.728515625,-0.00804289544235925,0.00804289544235925,1,13,0,17549,17176,0.2398000000000593,3940,13609
rrsa,rrsa-0.5,64,8,periodic,700488,event,371,185,186,0.724609375,-0.0026954177897574125,0.0026954177897574125,1,13,0,14391,14020,0.26139999999998054,4618,9773
rrsa,rrsa-0.5,64,8,periodic,700489,event,362,168,194,0.70703125,-0.0718232044198895,0.0718232044198895,1,0,47,10733,10371,0.2536999999999807,7972,2761
rrsa,rrsa-0.5,64,8,periodic,700490,event,361,183,178,0.705078125,0.013850415512465374,0.013850415512465374,1,14,0,13628,13267,0.2621000000000322,3827,9801
rrsa,rrsa-0.5,64,8,periodic,700491,event,354,186,168,0.69140625,0.05084745762711865,0.05084745762711865,1,0,44,14280,13926,0.23730000000000473,12083,2197
rrsa,rrsa-0.5,64,8,periodic,700492,event,389,210,179,0.759765625,0.07969151670951156,0.07969151670951156,1,2,0,29774,29385,0.27049999999997,15875,13899
rrsa,rrsa-0.5,64,8,periodic,700493,event,349,164,185,0.681640625,-0.06017191977077364,0.06017191977077364,1,0,84,18099,17750,0.2261999999999489,16650,1449
rrsa,rrsa-0.5,64,8,periodic,700494,event,368,174,194,0.71875,-0.05434782608695652,0.05434782608695652,1,0,23,15487,15119,0.2261999999999489,11779,3708
rrsa,rrsa-0.5,64,8,periodic,700495,event,378,198,180,0.73828125,0.047619047619047616,0.047619047619047616,1,7,0,26443,26065,0.22850000000005366,5795,20648
rrsa,rrsa-0.5,64,8,periodic,700496,event,349,178,171,0.681640625,0.02005730659025788,0.02005730659025788,1,0,59,19075,18726,0.24149999999997362,17369,1706
rrsa,rrsa-0.5,64,8,periodic,700497,event,379,195,184,0.740234375,0.029023746701846966,0.029023746701846966,1,10,0,34524,34145,0.2256999999999607,6633,27891
rrsa,rrsa-0.5,64,8,periodic,700498,event,366,168,198,0.71484375,-0.08196721311475409,0.08196721311475409,1,24,0,10790,10424,0.213799999999992,2897,7893
rrsa,rrsa-0.5,64,8,periodic,700499,event,375,198,177,0.732421875,0.056,0.056,1,0,16,19484,19109,0.21749999999997272,15563,3921
rrsa,rrsa-0.5,64,8,periodic,700500,event,376,176,200,0.734375,-0.06382978723404255,0.06382978723404255,1,0,3,17383,17007,0.23879999999996926,8896,8487
rrsa,rrsa-0.5,64,8,periodic,700501,event,353,166,187,0.689453125,-0.059490084985835696,0.059490084985835696,1,33,0,18656,18303,0.20670000000006894,2242,16414
rrsa,rrsa-0.5,64,8,periodic,700502,event,375,183,192,0.732421875,-0.024,0.024,1,0,5,19742,19367,0.21299999999996544,14476,5266
rrsa,rrsa-0.5,64,8,periodic,700503,event,349,174,175,0.681640625,-0.0028653295128939827,0.0028653295128939827,1,69,0,16091,15742,0.2057999999999538,2161,13930
rrsa,rrsa-0.5,64,8,periodic,700504,event,368,188,180,0.71875,0.021739130434782608,0.021739130434782608,1,26,0,23996,23628,0.23919999999998254,3978,20018
rrsa,rrsa-0.5,64,8,periodic,700505,event,332,166,166,0.6484375,0,0,1,165,0,15048,14716,0.20280000000002474,1335,13713
rrsa,rrsa-0.5,64,8,periodic,700506,event,365,174,191,0.712890625,-0.04657534246575343,0.04657534246575343,1,20,0,22138,21773,0.21640000000002146,2794,19344
rrsa,rrsa-0.5,64,8,periodic,700507,event,368,186,182,0.71875,0.010869565217391304,0.010869565217391304,1,0,50,23418,23050,0.23559999999997672,21515,1903
rrsa,rrsa-0.5,64,8,periodic,700508,event,349,184,165,0.681640625,0.054441260744985676,0.054441260744985676,1,74,0,26983,26634,0.21739999999999782,1868,25115
rrsa,rrsa-0.5,64,8,periodic,700509,event,386,178,208,0.75390625,-0.07772020725388601,0.07772020725388601,1,0,1,29203,28817,0.21920000000000073,20799,8404
rrsa,rrsa-0.5,64,8,periodic,700510,event,390,197,193,0.76171875,0.010256410256410256,0.010256410256410256,0,0,0,20304,19914,0.22089999999991505,7707,12597
rrsa,rrsa-0.5,64,8,periodic,700511,event,336,173,163,0.65625,0.02976190476190476,0.02976190476190476,1,0,78,14942,14606,0.1974999999999909,13418,1524
rrsa,rrsa-0.5,64,8,periodic,700512,event,377,196,181,0.736328125,0.03978779840848806,0.03978779840848806,1,19,0,18314,17937,0.28740000000004784,3743,14571
