case,method,batch,seed,n,mean,sd,se,ci_low,ci_high,contains_exact_mean,entry_count,min,max,relative_error
s1-r1-e0.01,naive,0,70000001,1000,1.6350000000000002,9.586849465944624,0.30316279897553844,1.0400910700970702,2.22990892990293,1,8,1,250,0.09000000000000015
s1-r1-e0.01,naive,1,70000002,1000,1.4880000000000004,8.706644684472984,0.2753282798073269,0.9477119011115624,2.0282880988884386,1,5,1,218,-0.00799999999999971
s1-r1-e0.01,naive,2,70000003,1000,1.215999999999998,4.56729725376006,0.1444306207291383,0.932577804685986,1.4994221953140099,0,3,1,131,-0.18933333333333469
s1-r1-e0.01,naive,3,70000004,1000,1.5740000000000018,8.929404137917508,0.28237255223951624,1.01988863325436,2.1281113667456437,1,8,1,245,0.04933333333333456
s1-r1-e0.01,naive,4,70000005,1000,1.5860000000000012,10.703886078297792,0.3384865982238843,0.9217737142672913,2.250226285732711,1,7,1,293,0.057333333333334124
s1-r1-e0.01,naive,5,70000006,1000,1.2100000000000024,4.521763632295074,0.1429907211896854,0.9294033792521256,1.4905966207478794,0,4,1,132,-0.19333333333333172
s1-r1-e0.01,naive,6,70000007,1000,1.533000000000001,12.553186587217349,0.3969666150868276,0.7540159525293608,2.3119840474706415,1,2,1,356,0.022000000000000686
s1-r1-e0.01,naive,7,70000008,1000,1.508,9.70268406566338,0.3068258106451901,0.9059029904250971,2.1100970095749028,1,4,1,266,0.005333333333333338
s1-r1-e0.01,naive,8,70000009,1000,1.207999999999999,4.242255618504468,0.1341519017112047,0.9447481611822179,1.4712518388177802,0,4,1,109,-0.1946666666666673
s1-r1-e0.01,naive,9,70000010,1000,1.1040000000000005,2.324777105141174,0.0735159070445885,0.9597366875535802,1.2482633124464209,0,2,1,54,-0.2639999999999996
s1-r1-e0.01,naive,10,70000011,1000,2.175999999999999,18.391826534721424,0.5816006218044159,1.0347009860122642,3.3172990139877334,1,7,1,376,0.4506666666666659
s1-r1-e0.01,naive,11,70000012,1000,1.3350000000000002,6.453248749228519,0.20406964355194881,0.9345456774993097,1.7354543225006906,1,4,1,172,-0.10999999999999988
s1-r1-e0.01,naive,12,70000013,1000,1.3639999999999992,8.440186060789223,0.2669021182769832,0.8402469072407613,1.8877530927592372,1,5,1,262,-0.09066666666666719
s1-r1-e0.01,naive,13,70000014,1000,1,0,0,1,1,0,0,1,1,-0.3333333333333333
s1-r1-e0.01,naive,14,70000015,1000,1.4839999999999995,8.68326799903948,0.2745890441061753,0.9451625339774813,2.022837466022518,1,4,1,223,-0.010666666666666972
s1-r1-e0.01,naive,15,70000016,1000,1.521000000000001,7.760269375529483,0.24540126483125704,1.0394389234070631,2.0025610765929387,1,7,1,184,0.014000000000000679
s1-r1-e0.01,naive,16,70000017,1000,1.8230000000000002,13.768051068696332,0.43538400318595794,0.9686279190339862,2.6773720809660144,1,6,1,308,0.21533333333333346
s1-r1-e0.01,naive,17,70000018,1000,1.3030000000000002,8.65610299841211,0.2737300113599514,0.7658482495518683,1.8401517504481322,1,2,1,273,-0.13133333333333322
s1-r1-e0.01,naive,18,70000019,1000,1.3610000000000022,6.877643563094923,0.21749018594175928,0.9342099907368893,1.7877900092631152,1,3,1,170,-0.09266666666666519
s1-r1-e0.01,naive,19,70000020,1000,2.2290000000000036,17.729830961007664,0.560666483665562,1.1287809132352344,3.329219086764773,1,10,1,464,0.48600000000000243
s1-r1-e0.01,naive,20,70000021,1000,1.9069999999999991,13.884564527997703,0.4390684822805346,1.0453977129440184,2.76860228705598,1,6,1,295,0.27133333333333276
s1-r1-e0.01,naive,21,70000022,1000,1.6849999999999987,10.274109807293884,0.324895879217223,1.0474433456606733,2.322556654339324,1,7,1,260,0.12333333333333248
s1-r1-e0.01,naive,22,70000023,1000,1.5899999999999999,10.848391013767326,0.34305624551607816,0.9168065059230623,2.2631934940769374,1,5,1,300,0.05999999999999991
s1-r1-e0.01,naive,23,70000024,1000,1.0270000000000004,0.8538149682454624,0.027,0.9740167805494002,1.0799832194506005,0,1,1,28,-0.3153333333333331
s1-r1-e0.01,naive,24,70000025,1000,2.3649999999999984,18.92638325150854,0.5985047894403043,1.1905292369944116,3.5394707630055855,1,8,1,481,0.5766666666666657
s1-r1-e0.01,naive,25,70000026,1000,1.967999999999998,27.55162550682025,0.8712588984154298,0.25829254025804205,3.6777074597419537,1,5,1,870,0.31199999999999867
s1-r1-e0.01,naive,26,70000027,1000,1.6580000000000017,11.329403840952594,0.3582672066927022,0.9549574061424854,2.361042593857518,1,6,1,306,0.10533333333333446
s1-r1-e0.01,naive,27,70000028,1000,1.3969999999999998,7.2389082597303815,0.22891437873753745,0.9477918235537506,1.846208176446249,1,4,1,192,-0.0686666666666668
s1-r1-e0.01,naive,28,70000029,1000,1.7219999999999986,12.231939189529038,0.3868078803958579,0.9629508588061019,2.4810491411938953,1,7,1,283,0.1479999999999991
s1-r1-e0.01,naive,29,70000030,1000,1.3599999999999999,7.463384091824711,0.23601292782833352,0.8968620463589911,1.8231379536410086,1,5,1,225,-0.09333333333333342
s1-r1-e0.01,naive,30,70000031,1000,1.3220000000000023,5.8723760779433,0.18570083683387303,0.9575915485137365,1.686408451486268,1,4,1,141,-0.11866666666666514
s1-r1-e0.01,naive,31,70000032,1000,1.6780000000000006,9.481466880932203,0.2998303090319827,1.0896305532821198,2.2663694467178814,1,9,1,203,0.11866666666666707
s1-r1-e0.01,naive,32,70000033,1000,1.2540000000000007,4.713778071112777,0.14906275089271528,0.9614879836126351,1.5465120163873662,1,7,1,135,-0.16399999999999956
s1-r1-e0.01,naive,33,70000034,1000,1.3530000000000002,8.635679820718572,0.27308417377425215,0.8171156034234442,1.888884396576556,1,3,1,267,-0.09799999999999986
s1-r1-e0.01,naive,34,70000035,1000,1.713000000000001,11.34686663279261,0.35881942865790073,1.008873758084427,2.4171262419155752,1,7,1,313,0.14200000000000065
s1-r1-e0.01,naive,35,70000036,1000,1.6530000000000014,12.944038749136187,0.4093264456874722,0.8497617444891318,2.456238255510871,1,4,1,298,0.10200000000000091
s1-r1-e0.01,naive,36,70000037,1000,1.605,7.713006253430984,0.2439066736796381,1.126371821591327,2.0836281784086728,1,9,1,151,0.06999999999999999
s1-r1-e0.01,naive,37,70000038,1000,1.6539999999999977,10.579139955695934,0.33454177945691954,0.9975147956903597,2.3104852043096358,1,5,1,210,0.10266666666666513
s1-r1-e0.01,naive,38,70000039,1000,1.624,11.272519403118975,0.3564683628229773,0.9244873520501504,2.32351264794985,1,6,1,314,0.08266666666666674
s1-r1-e0.01,naive,39,70000040,1000,1.113,1.9875062719853687,0.0628504668334387,0.9896659230811575,1.2363340769188425,0,5,1,49,-0.258
s1-r1-e0.01,naive,40,70000041,1000,1.17,5.375872022286247,0.17000000000000007,0.8364019516073325,1.5035980483926674,1,1,1,171,-0.22000000000000006
s1-r1-e0.01,naive,41,70000042,1000,1.074000000000001,1.802157532451525,0.056989225049756294,0.9621676808470057,1.1858323191529963,0,2,1,54,-0.28399999999999936
s1-r1-e0.01,naive,42,70000043,1000,2.360000000000001,19.048024234214612,0.6023514150620277,1.1779808440514488,3.5420191559485534,1,8,1,402,0.5733333333333341
s1-r1-e0.01,naive,43,70000044,1000,1.4530000000000005,7.275350281719899,0.23006677665782563,1.0015304253350459,1.9044695746649551,1,5,1,177,-0.03133333333333299
s1-r1-e0.01,naive,44,70000045,1000,1.150999999999999,2.9221118626325264,0.09240529063715851,0.9696692669546266,1.332330733045371,0,3,1,75,-0.23266666666666738
s1-r1-e0.01,naive,45,70000046,1000,1.4610000000000012,6.418385675126937,0.20296717634798656,1.0627090946031856,1.8592909053968167,1,7,1,138,-0.025999999999999208
s1-r1-e0.01,naive,46,70000047,1000,1.2659999999999998,7.23101179168804,0.22866467049269215,0.8172818363957972,1.7147181636042024,1,2,1,226,-0.15600000000000014
s1-r1-e0.01,naive,47,70000048,1000,1.5040000000000007,10.213045103703907,0.3229648437373491,0.8702326966457512,2.1377673033542504,1,5,1,298,0.0026666666666671133
s1-r1-e0.01,naive,48,70000049,1000,2.2649999999999992,16.963269953859943,0.5364256961849679,1.212349615558922,3.3176503844410767,1,8,1,311,0.5099999999999995
s1-r1-e0.01,naive,49,70000050,1000,1.524999999999999,8.541565040045825,0.2701080030901214,0.9949558665523224,2.0550441334476757,1,6,1,206,0.016666666666666014
s1-r1-e0.01,naive,50,70000051,1000,1.8240000000000003,12.674765231501288,0.4008112693945542,1.0374714279775834,2.6105285720224174,1,5,1,239,0.2160000000000002
s1-r1-e0.01,naive,51,70000052,1000,1.3199999999999998,4.922583857267624,0.155665769621429,1.0145306061926394,1.6254693938073603,1,5,1,106,-0.1200000000000001
s1-r1-e0.01,naive,52,70000053,1000,1.001999999999999,0.06324555320336758,0.002,0.9980753170777322,1.0059246829222657,0,1,1,3,-0.33200000000000074
s1-r1-e0.01,naive,53,70000054,1000,1.1190000000000024,2.2071952135483413,0.06979764115434495,0.9820331948735248,1.25596680512648,0,4,1,61,-0.2539999999999984
s1-r1-e0.01,naive,54,70000055,1000,1.2220000000000018,5.684455033600759,0.17975825162987374,0.8692529298458613,1.5747470701541422,1,2,1,174,-0.18533333333333216
s1-r1-e0.01,naive,55,70000056,1000,1.6990000000000003,15.026849477026287,0.4751907040391312,0.7665135795188726,2.631486420481128,1,5,1,459,0.13266666666666685
s1-r1-e0.01,naive,56,70000057,1000,1.2029999999999996,4.573478731524582,0.14462609621955402,0.9191942150265094,1.4868057849734897,0,3,1,129,-0.19800000000000026
s1-r1-e0.01,naive,57,70000058,1000,1.2360000000000007,6.582068643491015,0.20814328629006426,0.8275517994564615,1.6444482005435397,1,2,1,207,-0.17599999999999957
s1-r1-e0.01,naive,58,70000059,1000,2.057999999999998,16.293929180161786,0.515259282427913,1.0468853468578927,3.0691146531421034,1,6,1,369,0.3719999999999987
s1-r1-e0.01,naive,59,70000060,1000,1.3000000000000003,6.226457160277323,0.19689786379940424,0.9136191582578446,1.686380841742156,1,5,1,188,-0.13333333333333316
s1-r1-e0.01,naive,60,70000061,1000,1.4580000000000002,5.614424080683407,0.1775436784505653,1.1095986786143306,1.8064013213856698,1,8,1,101,-0.027999999999999876
s1-r1-e0.01,naive,61,70000062,1000,1,0,0,1,1,0,0,1,1,-0.3333333333333333
s1-r1-e0.01,naive,62,70000063,1000,1.2279999999999986,4.013243342001842,0.12690989765231914,0.9789594460086645,1.4770405539913327,0,4,1,95,-0.18133333333333423
s1-r1-e0.01,naive,63,70000064,1000,1.0769999999999982,2.2530306582794535,0.07124708518351573,0.9371888907594866,1.2168111092405098,0,2,1,72,-0.2820000000000012
s1-r1-e0.01,naive,64,70000065,1000,1.568000000000002,10.75132396344595,0.33998671586838086,0.900829971216919,2.2351700287830853,1,5,1,314,0.045333333333334704
s1-r1-e0.01,naive,65,70000066,1000,1.5659999999999994,11.082078165058054,0.3504460820960287,0.8783051232112252,2.2536948767887734,1,4,1,307,0.043999999999999595
s1-r1-e0.01,naive,66,70000067,1000,1.4299999999999993,7.931583070863595,0.2508186795476166,0.9378081058969951,1.9221918941030034,1,5,1,222,-0.046666666666667155
s1-r1-e0.01,naive,67,70000068,1000,1.806999999999999,12.549950288835902,0.3968642743460947,1.0282167800080622,2.585783219991936,1,9,1,323,0.20466666666666603
s1-r1-e0.01,naive,68,70000069,1000,1.6619999999999975,9.800806691890815,0.3099287205339508,1.053814021700219,2.270185978299776,1,6,1,230,0.10799999999999832
s1-r1-e0.01,naive,69,70000070,1000,1.5310000000000004,11.18615971498571,0.35373742969774796,0.8368463753493707,2.22515362465063,1,6,1,342,0.020666666666666906
s1-r1-e0.01,naive,70,70000071,1000,1.300999999999999,5.71971276500089,0.18087319899342225,0.9460650224073861,1.655934977592612,1,5,1,161,-0.1326666666666673
s1-r1-e0.01,naive,71,70000072,1000,1.4979999999999984,14.082766784986546,0.44533618797524227,0.6240983341931112,2.3719016658068854,1,4,1,445,-0.0013333333333343707
s1-r1-e0.01,naive,72,70000073,1000,1.3349999999999995,5.119079993512505,0.16187952304099487,1.017337100228166,1.6526628997718331,1,5,1,101,-0.11000000000000032
s1-r1-e0.01,naive,73,70000074,1000,1.2990000000000006,5.978741033390251,0.18906439205822,0.9279911046401872,1.670008895359814,1,5,1,142,-0.1339999999999996
s1-r1-e0.01,naive,74,70000075,1000,1.3349999999999995,5.439518670191627,0.17201268372815792,0.9974523788794196,1.6725476211205794,1,4,1,116,-0.11000000000000032
s1-r1-e0.01,naive,75,70000076,1000,1.6299999999999975,9.173399111084791,0.29008835076791906,1.0607476018963191,2.199252398103676,1,6,1,187,0.08666666666666496
s1-r1-e0.01,naive,76,70000077,1000,1.5890000000000006,12.684122593461703,0.40110717516140953,0.801890759822695,2.376109240177306,1,7,1,392,0.05933333333333376
s1-r1-e0.01,naive,77,70000078,1000,1.1370000000000002,3.0977131608376567,0.097958291261265,0.9447723835962445,1.329227616403756,0,2,1,80,-0.24199999999999985
s1-r1-e0.01,naive,78,70000079,1000,1.5830000000000015,12.535639323674447,0.39641172189183954,0.8051048424523872,2.360895157547616,1,3,1,366,0.055333333333334345
s1-r1-e0.01,naive,79,70000080,1000,1.667,10.519066582247776,0.3326420925886589,1.0142426299951204,2.3197573700048797,1,6,1,247,0.11133333333333335
s1-r1-e0.01,naive,80,70000081,1000,1.6960000000000017,10.96091810596748,0.3466146646143607,1.0158236725904157,2.3761763274095875,1,5,1,243,0.13066666666666782
s1-r1-e0.01,naive,81,70000082,1000,1.6450000000000016,8.687948863538248,0.2747370660385226,1.105872064402481,2.1841279355975223,1,7,1,168,0.09666666666666772
s1-r1-e0.01,naive,82,70000083,1000,1.2890000000000004,8.767345398998792,0.2772478049423391,0.7449451373534404,1.8330548626465604,1,2,1,278,-0.1406666666666664
s1-r1-e0.01,naive,83,70000084,1000,2.0899999999999994,12.140976208827,0.3839313783780941,1.3365955379785943,2.8434044620214047,1,11,1,236,0.3933333333333329
s1-r1-e0.01,naive,84,70000085,1000,1.5460000000000012,8.12624882217619,0.25697455111337375,1.0417281838941,2.0502718161059024,1,8,1,197,0.030666666666667435
s1-r1-e0.01,naive,85,70000086,1000,1.424,6.445290200275372,0.2038179721363299,1.0240395427527607,1.8239604572472392,1,6,1,130,-0.050666666666666714
s1-r1-e0.01,naive,86,70000087,1000,1.5150000000000015,7.519728806368042,0.23779470414902293,1.0483655928104383,1.9816344071895646,1,7,1,162,0.010000000000000972
s1-r1-e0.01,naive,87,70000088,1000,1.9080000000000001,13.011565502922268,0.41146182913708634,1.1005713930105347,2.7154286069894655,1,6,1,268,0.2720000000000001
s1-r1-e0.01,naive,88,70000089,1000,1.8129999999999995,13.483316759270716,0.426379913728157,0.9762970170967818,2.649702982903217,1,6,1,312,0.20866666666666633
s1-r1-e0.01,naive,89,70000090,1000,1.4779999999999986,9.365747873674225,0.29617095271689503,0.8968114599002744,2.059188540099723,1,4,1,255,-0.014666666666667568
s1-r1-e0.01,naive,90,70000091,1000,1.4900000000000009,7.197618057781733,0.22760866790547693,1.0433540740557548,1.936645925944247,1,5,1,133,-0.006666666666666081
s1-r1-e0.01,naive,91,70000092,1000,1.1219999999999986,2.5174299301973564,0.07960812429302343,0.9657816770567427,1.2782183229432544,0,3,1,70,-0.25200000000000095
s1-r1-e0.01,naive,92,70000093,1000,1.3459999999999988,9.49349305632076,0.3002106100896677,0.7568842727489098,1.9351157272510877,1,3,1,299,-0.1026666666666675
s1-r1-e0.01,naive,93,70000094,1000,1.4180000000000006,8.946916973087607,0.2829263567137624,0.8628018797731845,1.9731981202268167,1,3,1,260,-0.05466666666666627
s1-r1-e0.01,naive,94,70000095,1000,1.5120000000000002,8.552016896206002,0.27043851980254763,0.9813072799039321,2.0426927200960683,1,5,1,223,0.008000000000000155
s1-r1-e0.01,naive,95,70000096,1000,1.112,3.1735670037873036,0.10035700039124089,0.9150652972172936,1.3089347027827065,0,3,1,101,-0.2586666666666666
s1-r1-e0.01,naive,96,70000097,1000,1.677,14.646336954548934,0.4631578415466867,0.7681261644839124,2.5858738355160877,1,5,1,440,0.11800000000000004
s1-r1-e0.01,naive,97,70000098,1000,1.0130000000000006,0.4110960958218892,0.012999999999999998,0.9874895610052672,1.038510438994734,0,1,1,14,-0.32466666666666627
s1-r1-e0.01,naive,98,70000099,1000,1.3439999999999999,6.256901214883673,0.19786058933707032,0.9557299620195903,1.7322700379804095,1,4,1,166,-0.10400000000000009
s1-r1-e0.01,naive,99,70000100,1000,1.483000000000002,9.820904294471118,0.3105642625305772,0.8735668712899521,2.092433128710052,1,3,1,274,-0.011333333333331938
s1-r1-e0.01,conditional,0,70010001,1000,1.5224199999999983,0.525234533246734,0.01660937430835113,1.489826736151238,1.5550132638487586,1,,1.005,4.025,0.014946666666665553
s1-r1-e0.01,conditional,1,70010002,1000,1.5129549999999994,0.4883612286665114,0.015443338035044905,1.4826498974755333,1.5432601025244654,1,,1.005,4.68,0.008636666666666256
s1-r1-e0.01,conditional,2,70010003,1000,1.491190000000001,0.4981364510089817,0.015752457707412633,1.4602782991259957,1.522101700874006,1,,1.005,4.345000000000001,-0.005873333333332731
s1-r1-e0.01,conditional,3,70010004,1000,1.5094749999999981,0.47939536845311115,0.015159812640474625,1.4797262711125816,1.5392237288874147,1,,1.005,3.96,0.006316666666665416
s1-r1-e0.01,conditional,4,70010005,1000,1.474089999999998,0.4646434821080195,0.014693317034130361,1.445256694782347,1.5029233052176487,1,,1.005,4.45,-0.017273333333334733
s1-r1-e0.01,conditional,5,70010006,1000,1.479574999999998,0.4933899857648647,0.015602361297350265,1.4489578395346256,1.5101921604653705,1,,1.005,5.375,-0.013616666666667943
s1-r1-e0.01,conditional,6,70010007,1000,1.4894549999999993,0.4895695111843476,0.01548154728317816,1.4590749178837226,1.519835082116276,1,,1.005,4.6,-0.007030000000000462
s1-r1-e0.01,conditional,7,70010008,1000,1.5173500000000015,0.5054910966068038,0.015985032022137118,1.4859819089054178,1.5487180910945852,1,,1.005,4.6899999999999995,0.011566666666667688
s1-r1-e0.01,conditional,8,70010009,1000,1.5178549999999997,0.5058454839460645,0.015996238733797026,1.4864649175104827,1.5492450824895168,1,,1.005,3.955,0.011903333333333155
s1-r1-e0.01,conditional,9,70010010,1000,1.5115299999999996,0.4824102805483925,0.015255152532137422,1.4815941816902731,1.541465818309726,1,,1.005,3.915,0.007686666666666397
s1-r1-e0.01,conditional,10,70010011,1000,1.4839900000000017,0.49119181517946653,0.015532849039995824,1.4535092463192927,1.5144707536807107,1,,1.005,4.92,-0.010673333333332202
s1-r1-e0.01,conditional,11,70010012,1000,1.5319850000000006,0.5511537945803151,0.017429013319183624,1.4977833245371215,1.5661866754628797,1,,1.005,5.14,0.021323333333333732
s1-r1-e0.01,conditional,12,70010013,1000,1.5028349999999995,0.5216990105727948,0.01649757126466296,1.4704611318993495,1.5352088681006495,1,,1.005,5.355,0.0018899999999996513
s1-r1-e0.01,conditional,13,70010014,1000,1.505880000000001,0.4891440866836046,0.015468094179230282,1.4755263174673823,1.5362336825326197,1,,1.005,4.515000000000001,0.003920000000000663
s1-r1-e0.01,conditional,14,70010015,1000,1.4991649999999996,0.49345696626205693,0.015604479406649644,1.4685436830809298,1.5297863169190695,1,,1.005,4.125,-0.0005566666666669088
s1-r1-e0.01,conditional,15,70010016,1000,1.5122350000000002,0.5288285065731276,0.016723025723964086,1.4794187132662662,1.5450512867337343,1,,1.005,5.42,0.008156666666666812
s1-r1-e0.01,conditional,16,70010017,1000,1.4754849999999984,0.4806423377438069,0.015199245271783455,1.4456588908252428,1.505311109174754,1,,1.005,4.765000000000001,-0.016343333333334414
s1-r1-e0.01,conditional,17,70010018,1000,1.5159149999999988,0.5347544764890941,0.016910421346764994,1.4827309790660077,1.5490990209339899,1,,1.005,4.734999999999999,0.010609999999999195
s1-r1-e0.01,conditional,18,70010019,1000,1.5084999999999988,0.5316218315417187,0.016811358415421748,1.475510374363444,1.5414896256365538,1,,1.005,5.085,0.005666666666665894
s1-r1-e0.01,conditional,19,70010020,1000,1.4977950000000013,0.4846485811618789,0.015325933812405114,1.4677202846493334,1.5278697153506693,1,,1.005,4.75,-0.0014699999999991202
s1-r1-e0.01,conditional,20,70010021,1000,1.4955800000000006,0.5092492989179743,0.016103876814247194,1.4639786948424194,1.5271813051575818,1,,1.005,5.715,-0.002946666666666283
s1-r1-e0.01,conditional,21,70010022,1000,1.5001100000000012,0.48338897670799497,0.015286101622153455,1.4701134490077519,1.5301065509922505,1,,1.005,3.795,0.00007333333333410981
s1-r1-e0.01,conditional,22,70010023,1000,1.5137150000000001,0.5068197806568575,0.016027048701026187,1.4822644578343733,1.545165542165627,1,,1.005,5.015,0.009143333333333429
s1-r1-e0.01,conditional,23,70010024,1000,1.4889699999999995,0.501221020720013,0.015850000366296895,1.4578668871222364,1.5200731128777625,1,,1.005,5.375,-0.007353333333333693
s1-r1-e0.01,conditional,24,70010025,1000,1.5062350000000002,0.4871577490376683,0.015405280667597323,1.4760045790255782,1.5364654209744222,1,,1.005,4.54,0.004156666666666808
s1-r1-e0.01,conditional,25,70010026,1000,1.5015149999999995,0.5000201995669524,0.015812027067235085,1.4704864037014016,1.5325435962985974,1,,1.005,4.890000000000001,0.0010099999999996594
s1-r1-e0.01,conditional,26,70010027,1000,1.5091299999999994,0.5312545288978483,0.016799743285969424,1.4761631672135451,1.5420968327864537,1,,1.005,4.865,0.006086666666666278
s1-r1-e0.01,conditional,27,70010028,1000,1.5283699999999991,0.5354098493741094,0.016931146057098632,1.4951453101076502,1.561594689892348,1,,1.005,5.65,0.018913333333332744
s1-r1-e0.01,conditional,28,70010029,1000,1.5183399999999996,0.5286429397596809,0.016717157586077773,1.4855352285565395,1.5511447714434596,1,,1.005,4.27,0.012226666666666386
s1-r1-e0.01,conditional,29,70010030,1000,1.498189999999998,0.5104444410779955,0.0161416705277808,1.4665145306713796,1.5298654693286162,1,,1.005,5.735,-0.0012066666666680586
s1-r1-e0.01,conditional,30,70010031,1000,1.4870799999999993,0.4820026453767135,0.015242261976168427,1.4571694773627077,1.5169905226372908,1,,1.005,3.85,-0.008613333333333806
s1-r1-e0.01,conditional,31,70010032,1000,1.5067050000000002,0.503576118260072,0.015924475089681357,1.4754557422847334,1.537954257715267,1,,1.005,5.5,0.004470000000000122
s1-r1-e0.01,conditional,32,70010033,1000,1.5068749999999997,0.47959245020464325,0.015166044912675593,1.477114041266446,1.5366359587335534,1,,1.005,4.035,0.004583333333333162
s1-r1-e0.01,conditional,33,70010034,1000,1.490084999999998,0.506652113524792,0.016021746600765434,1.458644862365544,1.5215251376344523,1,,1.005,5,-0.006610000000001263
s1-r1-e0.01,conditional,34,70010035,1000,1.5079549999999995,0.497183199745435,0.015722313255660224,1.4771024528334913,1.5388075471665077,1,,1.005,4.35,0.0053033333333329935
s1-r1-e0.01,conditional,35,70010036,1000,1.4909550000000011,0.48583680426185877,0.015363508726048736,1.460806549838392,1.5211034501616103,1,,1.005,5.69,-0.00602999999999924
s1-r1-e0.01,conditional,36,70010037,1000,1.5157699999999976,0.5144360033099368,0.016267894808533197,1.4838468355318573,1.547693164468138,1,,1.005,4.635,0.010513333333331746
s1-r1-e0.01,conditional,37,70010038,1000,1.4961349999999995,0.5122385920156255,0.016198406562071173,1.464348195198953,1.5279218048010461,1,,1.005,4.775,-0.0025766666666669677
s1-r1-e0.01,conditional,38,70010039,1000,1.51813,0.49462845693551655,0.015641525194507414,1.4874359865954565,1.5488240134045435,1,,1.005,4.545,0.012086666666666654
s1-r1-e0.01,conditional,39,70010040,1000,1.5123849999999992,0.501439306549809,0.015856903170327844,1.4812683414636882,1.5435016585363102,1,,1.005,6.055,0.008256666666666135
s1-r1-e0.01,conditional,40,70010041,1000,1.4838299999999998,0.5017226392208217,0.01586586293608724,1.452695759343857,1.5149642406561425,1,,1.005,5.1450000000000005,-0.01078000000000016
s1-r1-e0.01,conditional,41,70010042,1000,1.5113499999999975,0.5414529053839761,0.01712224426729011,1.4777503101666416,1.5449496898333535,1,,1.005,6.14,0.007566666666665019
s1-r1-e0.01,conditional,42,70010043,1000,1.5023149999999994,0.4979145354974681,0.01574544012276759,1.4714170700233002,1.5332129299766986,1,,1.005,5.14,0.001543333333332934
s1-r1-e0.01,conditional,43,70010044,1000,1.4859500000000017,0.4930677573248055,0.015592171539375563,1.4553528353191818,1.5165471646808215,1,,1.005,5.73,-0.00936666666666556
s1-r1-e0.01,conditional,44,70010045,1000,1.473279999999999,0.4723105110187774,0.01493576977657391,1.4439709197134858,1.5025890802865123,1,,1.005,5.925,-0.017813333333333976
s1-r1-e0.01,conditional,45,70010046,1000,1.5033499999999995,0.4880973432795106,0.015434993246403331,1.4730612728002692,1.5336387271997298,1,,1.005,4.3149999999999995,0.002233333333333013
s1-r1-e0.01,conditional,46,70010047,1000,1.46947,0.4670622187848382,0.0147698042037197,1.4404866008382193,1.4984533991617808,0,,1.005,3.715,-0.020353333333333296
s1-r1-e0.01,conditional,47,70010048,1000,1.5141799999999979,0.5410676776816663,0.017110062297719185,1.4806042153506092,1.5477557846493866,1,,1.005,5.055,0.009453333333331907
s1-r1-e0.01,conditional,48,70010049,1000,1.5160600000000004,0.5281678593853354,0.016702134225532,1.483284709519825,1.5488352904801759,1,,1.005,5.9,0.010706666666666939
s1-r1-e0.01,conditional,49,70010050,1000,1.5012749999999995,0.4751227114819561,0.015024699363580162,1.4717914094977824,1.5307585905022165,1,,1.005,3.995,0.0008499999999996474
s1-r1-e0.01,conditional,50,70010051,1000,1.4913899999999987,0.465756048373606,0.014728499468601573,1.4624876548324814,1.5202923451675159,1,,1.005,3.69,-0.005740000000000893
s1-r1-e0.01,conditional,51,70010052,1000,1.5335149999999995,0.5235842436850396,0.01655718757021358,1.5010241443512078,1.5660058556487912,0,,1.005,5.4,0.02234333333333301
s1-r1-e0.01,conditional,52,70010053,1000,1.4862349999999986,0.4895622748905349,0.015481318451475497,1.4558553669296597,1.5166146330703376,1,,1.005,6.3,-0.009176666666667574
s1-r1-e0.01,conditional,53,70010054,1000,1.5304299999999997,0.558095409034679,0.017648526442328994,1.4957975648343096,1.5650624351656899,1,,1.005,5.9,0.02028666666666649
s1-r1-e0.01,conditional,54,70010055,1000,1.4748750000000004,0.49157349794194455,0.01554491890872638,1.444370561115451,1.5053794388845498,1,,1.005,5.215,-0.016749999999999748
s1-r1-e0.01,conditional,55,70010056,1000,1.5119750000000005,0.4928741718981876,0.015586049830676284,1.4813898482019743,1.5425601517980267,1,,1.005,4.234999999999999,0.007983333333333675
s1-r1-e0.01,conditional,56,70010057,1000,1.4929250000000003,0.44695238651428054,0.014133875470330522,1.4651895101580752,1.5206604898419254,1,,1.005,4.375,-0.00471666666666648
s1-r1-e0.01,conditional,57,70010058,1000,1.5312450000000002,0.558665357756284,0.017666549803426725,1.496577196845559,1.5659128031544414,1,,1.005,5.295,0.020830000000000126
s1-r1-e0.01,conditional,58,70010059,1000,1.487909999999999,0.49219024079428186,0.015564422030166529,1.457367289331626,1.5184527106683718,1,,1.005,3.995,-0.008060000000000697
s1-r1-e0.01,conditional,59,70010060,1000,1.4765150000000005,0.46834995618282765,0.014810526035777953,1.4474516906987986,1.5055783093012023,1,,1.005,4.34,-0.015656666666666357
s1-r1-e0.01,conditional,60,70010061,1000,1.4943800000000016,0.46528045467384643,0.014713459875280908,1.4655071676500162,1.523252832349987,1,,1.005,4.23,-0.0037466666666656026
s1-r1-e0.01,conditional,61,70010062,1000,1.4938300000000002,0.4834405815567162,0.015287733510756131,1.4638302466850859,1.5238297533149145,1,,1.005,4.62,-0.004113333333333191
s1-r1-e0.01,conditional,62,70010063,1000,1.4809200000000002,0.48216276767761157,0.015247325487918675,1.4509995410236622,1.5108404589763382,1,,1.005,4.495,-0.012719999999999843
s1-r1-e0.01,conditional,63,70010064,1000,1.4947300000000003,0.47287512938194187,0.014953624576937469,1.4653858824984536,1.524074117501547,1,,1.005,3.99,-0.0035133333333331094
s1-r1-e0.01,conditional,64,70010065,1000,1.4765549999999996,0.47319051791138117,0.014963598037946661,1.4471913111624035,1.5059186888375957,1,,1.005,5.25,-0.015630000000000255
s1-r1-e0.01,conditional,65,70010066,1000,1.5075449999999997,0.5124101503065073,0.016203831711577896,1.4757475492031433,1.539342450796856,1,,1.005,4.984999999999999,0.005029999999999794
s1-r1-e0.01,conditional,66,70010067,1000,1.4711400000000017,0.46800906282131244,0.01479974604116176,1.442097844729186,1.5001821552708174,1,,1.005,4.005,-0.019239999999998886
s1-r1-e0.01,conditional,67,70010068,1000,1.524075,0.5057041190568163,0.015991768383485008,1.4926936898642462,1.555456310135754,1,,1.005,4.43,0.016050000000000047
s1-r1-e0.01,conditional,68,70010069,1000,1.5003099999999996,0.48926872758003664,0.015472035670453585,1.4699485829157346,1.5306714170842646,1,,1.005,3.85,0.00020666666666639225
s1-r1-e0.01,conditional,69,70010070,1000,1.5080949999999995,0.510249498309921,0.016135505896175864,1.4764316277835723,1.5397583722164268,1,,1.005,4.785,0.005396666666666346
s1-r1-e0.01,conditional,70,70010071,1000,1.489155000000001,0.4972484962692617,0.01572437811304606,1.458298400878233,1.5200115991217689,1,,1.005,5.99,-0.007229999999999404
s1-r1-e0.01,conditional,71,70010072,1000,1.5112749999999993,0.498820229136706,0.015774080670390773,1.4803208674892294,1.542229132510769,1,,1.005,3.895,0.007516666666666172
s1-r1-e0.01,conditional,72,70010073,1000,1.4919549999999997,0.4961184197965862,0.015688641957207823,1.4611685274184947,1.5227414725815047,1,,1.005,4.42,-0.005363333333333535
s1-r1-e0.01,conditional,73,70010074,1000,1.498905,0.5028630004008772,0.01590192432292937,1.467699994589311,1.5301100054106889,1,,1.005,4.58,-0.0007300000000000454
s1-r1-e0.01,conditional,74,70010075,1000,1.5019900000000015,0.5428712085283666,0.017167094950778634,1.4683022978108757,1.5356777021891272,1,,1.005,6.215,0.0013266666666676603
s1-r1-e0.01,conditional,75,70010076,1000,1.50325,0.5430272701403828,0.017172030052271522,1.4695526134566,1.5369473865434,1,,1.005,5.255,0.00216666666666665
s1-r1-e0.01,conditional,76,70010077,1000,1.50514,0.5138916861217595,0.01625068198769101,1.4732506129638612,1.5370293870361387,1,,1.005,6.15,0.003426666666666615
s1-r1-e0.01,conditional,77,70010078,1000,1.510570000000002,0.526041628480955,0.016634896900639184,1.4779266521101992,1.5432133478898047,1,,1.005,4.87,0.007046666666667978
s1-r1-e0.01,conditional,78,70010079,1000,1.5193750000000004,0.5157161986718787,0.016308378140470398,1.4873723934111147,1.551377606588886,1,,1.005,4.375,0.01291666666666691
s1-r1-e0.01,conditional,79,70010080,1000,1.5089799999999993,0.48786686060202306,0.015427704744182584,1.4787055753303664,1.5392544246696322,1,,1.005,3.65,0.005986666666666214
s1-r1-e0.01,conditional,80,70010081,1000,1.4898300000000007,0.4862206099926051,0.015375645728930574,1.4596577328944225,1.5200022671055788,1,,1.005,4.34,-0.006779999999999564
s1-r1-e0.01,conditional,81,70010082,1000,1.5053200000000002,0.5030450794431369,0.015907682167806594,1.4741036957315818,1.5365363042684186,1,,1.005,4.16,0.003546666666666809
s1-r1-e0.01,conditional,82,70010083,1000,1.5027249999999983,0.5133425464004958,0.016233316664962378,1.4708696896566358,1.5345803103433608,1,,1.005,4.91,0.0018166666666655413
s1-r1-e0.01,conditional,83,70010084,1000,1.4988449999999998,0.46057232639710677,0.014564575786573499,1.470264329070188,1.5274256709298115,1,,1.005,4.245,-0.0007700000000001594
s1-r1-e0.01,conditional,84,70010085,1000,1.5040350000000002,0.5191799221527801,0.01641791069431695,1.4718174531393577,1.5362525468606427,1,,1.005,6.055,0.0026900000000001554
s1-r1-e0.01,conditional,85,70010086,1000,1.5033100000000021,0.4767543272887917,0.0150762955857395,1.473725160091804,1.5328948399082003,1,,1.005,4.43,0.0022066666666680965
s1-r1-e0.01,conditional,86,70010087,1000,1.481630000000001,0.48480122248744945,0.015330760754943816,1.4515458125398588,1.511714187460143,1,,1.005,4.475,-0.012246666666666073
s1-r1-e0.01,conditional,87,70010088,1000,1.513599999999999,0.5083831167469998,0.016076485728958104,1.4820524455047461,1.5451475544952518,1,,1.005,4.470000000000001,0.009066666666665965
s1-r1-e0.01,conditional,88,70010089,1000,1.500185000000001,0.5155985188182834,0.016304656776749634,1.4681896959974365,1.5321803040025654,1,,1.005,4.65,0.0001233333333339933
s1-r1-e0.01,conditional,89,70010090,1000,1.5038750000000016,0.47430071742044205,0.014998705629004992,1.474442418080871,1.5333075819191322,1,,1.005,4.095000000000001,0.002583333333334418
s1-r1-e0.01,conditional,90,70010091,1000,1.5010749999999997,0.5037101282168823,0.01592871285660797,1.4698174263389903,1.5323325736610092,1,,1.005,5.025,0.0007166666666664767
s1-r1-e0.01,conditional,91,70010092,1000,1.506635000000002,0.5407602272711987,0.01710033986207287,1.4730782940891851,1.5401917059108188,1,,1.005,5.245,0.00442333333333463
s1-r1-e0.01,conditional,92,70010093,1000,1.499865,0.4926525279426545,0.015579040833385347,1.4692936022479586,1.5304363977520414,1,,1.005,4,-0.00008999999999999748
s1-r1-e0.01,conditional,93,70010094,1000,1.4877550000000017,0.4737462088982298,0.014981170529883346,1.4583568279329027,1.5171531720671008,1,,1.005,4.234999999999999,-0.00816333333333219
s1-r1-e0.01,conditional,94,70010095,1000,1.4779949999999997,0.47261360390237794,0.01494535441512157,1.4486671113798746,1.5073228886201249,1,,1.005,5.11,-0.014670000000000183
s1-r1-e0.01,conditional,95,70010096,1000,1.4907600000000003,0.4938227245513146,0.015616045699321053,1.4601159860652697,1.521404013934731,1,,1.005,4.695,-0.006159999999999795
s1-r1-e0.01,conditional,96,70010097,1000,1.4958349999999998,0.49306474282351187,0.015592076212474588,1.46523802238311,1.5264319776168895,1,,1.005,4.355,-0.0027766666666667974
s1-r1-e0.01,conditional,97,70010098,1000,1.4849249999999992,0.49551786782348434,0.015669650836324725,1.4541757944823965,1.5156742055176018,1,,1.005,4.745,-0.010050000000000558
s1-r1-e0.01,conditional,98,70010099,1000,1.5059999999999982,0.520584919738037,0.01646234061908143,1.4736952664558753,1.5383047335441211,1,,1.005,5.5,0.00399999999999882
s1-r1-e0.01,conditional,99,70010100,1000,1.50525,0.5145238306164956,0.016270672151828033,1.4733213854359604,1.5371786145640396,1,,1.005,4.59,0.0034999999999999845
s1-r1-e0.0001,naive,0,70100001,1000,1,0,0,1,1,0,0,1,1,-0.3333333333333333
s1-r1-e0.0001,naive,1,70100002,1000,1,0,0,1,1,0,0,1,1,-0.3333333333333333
s1-r1-e0.0001,naive,2,70100003,1000,1,0,0,1,1,0,0,1,1,-0.3333333333333333
s1-r1-e0.0001,naive,3,70100004,1000,1,0,0,1,1,0,0,1,1,-0.3333333333333333
s1-r1-e0.0001,naive,4,70100005,1000,1,0,0,1,1,0,0,1,1,-0.3333333333333333
s1-r1-e0.0001,naive,5,70100006,1000,1,0,0,1,1,0,0,1,1,-0.3333333333333333
s1-r1-e0.0001,naive,6,70100007,1000,1,0,0,1,1,0,0,1,1,-0.3333333333333333
s1-r1-e0.0001,naive,7,70100008,1000,1,0,0,1,1,0,0,1,1,-0.3333333333333333
s1-r1-e0.0001,naive,8,70100009,1000,1,0,0,1,1,0,0,1,1,-0.3333333333333333
s1-r1-e0.0001,naive,9,70100010,1000,1,0,0,1,1,0,0,1,1,-0.3333333333333333
s1-r1-e0.0001,naive,10,70100011,1000,1,0,0,1,1,0,0,1,1,-0.3333333333333333
s1-r1-e0.0001,naive,11,70100012,1000,1,0,0,1,1,0,0,1,1,-0.3333333333333333
s1-r1-e0.0001,naive,12,70100013,1000,1,0,0,1,1,0,0,1,1,-0.3333333333333333
s1-r1-e0.0001,naive,13,70100014,1000,1,0,0,1,1,0,0,1,1,-0.3333333333333333
s1-r1-e0.0001,naive,14,70100015,1000,1,0,0,1,1,0,0,1,1,-0.3333333333333333
s1-r1-e0.0001,naive,15,70100016,1000,1,0,0,1,1,0,0,1,1,-0.3333333333333333
s1-r1-e0.0001,naive,16,70100017,1000,1,0,0,1,1,0,0,1,1,-0.3333333333333333
s1-r1-e0.0001,naive,17,70100018,1000,17.303000000000004,515.5461269372511,16.303000000000008,-14.6890528408568,49.29505284085681,1,1,1,16304,10.535333333333336
s1-r1-e0.0001,naive,18,70100019,1000,1,0,0,1,1,0,0,1,1,-0.3333333333333333
s1-r1-e0.0001,naive,19,70100020,1000,1,0,0,1,1,0,0,1,1,-0.3333333333333333
s1-r1-e0.0001,naive,20,70100021,1000,1,0,0,1,1,0,0,1,1,-0.3333333333333333
s1-r1-e0.0001,naive,21,70100022,1000,1,0,0,1,1,0,0,1,1,-0.3333333333333333
s1-r1-e0.0001,naive,22,70100023,1000,1,0,0,1,1,0,0,1,1,-0.3333333333333333
s1-r1-e0.0001,naive,23,70100024,1000,1,0,0,1,1,0,0,1,1,-0.3333333333333333
s1-r1-e0.0001,naive,24,70100025,1000,1,0,0,1,1,0,0,1,1,-0.3333333333333333
s1-r1-e0.0001,naive,25,70100026,1000,1,0,0,1,1,0,0,1,1,-0.3333333333333333
s1-r1-e0.0001,naive,26,70100027,1000,1,0,0,1,1,0,0,1,1,-0.3333333333333333
s1-r1-e0.0001,naive,27,70100028,1000,1,0,0,1,1,0,0,1,1,-0.3333333333333333
s1-r1-e0.0001,naive,28,70100029,1000,1,0,0,1,1,0,0,1,1,-0.3333333333333333
s1-r1-e0.0001,naive,29,70100030,1000,1,0,0,1,1,0,0,1,1,-0.3333333333333333
s1-r1-e0.0001,naive,30,70100031,1000,1,0,0,1,1,0,0,1,1,-0.3333333333333333
s1-r1-e0.0001,naive,31,70100032,1000,1,0,0,1,1,0,0,1,1,-0.3333333333333333
s1-r1-e0.0001,naive,32,70100033,1000,1,0,0,1,1,0,0,1,1,-0.3333333333333333
s1-r1-e0.0001,naive,33,70100034,1000,9.164999999999997,258.1999709527482,8.165000000000001,-6.857518030153701,25.187518030153697,1,1,1,8166,5.1099999999999985
s1-r1-e0.0001,naive,34,70100035,1000,1,0,0,1,1,0,0,1,1,-0.3333333333333333
s1-r1-e0.0001,naive,35,70100036,1000,1,0,0,1,1,0,0,1,1,-0.3333333333333333
s1-r1-e0.0001,naive,36,70100037,1000,1,0,0,1,1,0,0,1,1,-0.3333333333333333
s1-r1-e0.0001,naive,37,70100038,1000,1,0,0,1,1,0,0,1,1,-0.3333333333333333
s1-r1-e0.0001,naive,38,70100039,1000,1,0,0,1,1,0,0,1,1,-0.3333333333333333
s1-r1-e0.0001,naive,39,70100040,1000,1,0,0,1,1,0,0,1,1,-0.3333333333333333
s1-r1-e0.0001,naive,40,70100041,1000,1,0,0,1,1,0,0,1,1,-0.3333333333333333
s1-r1-e0.0001,naive,41,70100042,1000,1,0,0,1,1,0,0,1,1,-0.3333333333333333
s1-r1-e0.0001,naive,42,70100043,1000,1,0,0,1,1,0,0,1,1,-0.3333333333333333
s1-r1-e0.0001,naive,43,70100044,1000,1,0,0,1,1,0,0,1,1,-0.3333333333333333
s1-r1-e0.0001,naive,44,70100045,1000,1,0,0,1,1,0,0,1,1,-0.3333333333333333
s1-r1-e0.0001,naive,45,70100046,1000,1,0,0,1,1,0,0,1,1,-0.3333333333333333
s1-r1-e0.0001,naive,46,70100047,1000,1,0,0,1,1,0,0,1,1,-0.3333333333333333
s1-r1-e0.0001,naive,47,70100048,1000,1,0,0,1,1,0,0,1,1,-0.3333333333333333
s1-r1-e0.0001,naive,48,70100049,1000,1,0,0,1,1,0,0,1,1,-0.3333333333333333
s1-r1-e0.0001,naive,49,70100050,1000,1,0,0,1,1,0,0,1,1,-0.3333333333333333
s1-r1-e0.0001,naive,50,70100051,1000,1,0,0,1,1,0,0,1,1,-0.3333333333333333
s1-r1-e0.0001,naive,51,70100052,1000,1,0,0,1,1,0,0,1,1,-0.3333333333333333
s1-r1-e0.0001,naive,52,70100053,1000,1,0,0,1,1,0,0,1,1,-0.3333333333333333
s1-r1-e0.0001,naive,53,70100054,1000,1,0,0,1,1,0,0,1,1,-0.3333333333333333
s1-r1-e0.0001,naive,54,70100055,1000,1,0,0,1,1,0,0,1,1,-0.3333333333333333
s1-r1-e0.0001,naive,55,70100056,1000,1,0,0,1,1,0,0,1,1,-0.3333333333333333
s1-r1-e0.0001,naive,56,70100057,1000,1,0,0,1,1,0,0,1,1,-0.3333333333333333
s1-r1-e0.0001,naive,57,70100058,1000,1,0,0,1,1,0,0,1,1,-0.3333333333333333
s1-r1-e0.0001,naive,58,70100059,1000,1,0,0,1,1,0,0,1,1,-0.3333333333333333
s1-r1-e0.0001,naive,59,70100060,1000,1,0,0,1,1,0,0,1,1,-0.3333333333333333
s1-r1-e0.0001,naive,60,70100061,1000,1,0,0,1,1,0,0,1,1,-0.3333333333333333
s1-r1-e0.0001,naive,61,70100062,1000,1,0,0,1,1,0,0,1,1,-0.3333333333333333
s1-r1-e0.0001,naive,62,70100063,1000,1,0,0,1,1,0,0,1,1,-0.3333333333333333
s1-r1-e0.0001,naive,63,70100064,1000,1,0,0,1,1,0,0,1,1,-0.3333333333333333
s1-r1-e0.0001,naive,64,70100065,1000,1,0,0,1,1,0,0,1,1,-0.3333333333333333
s1-r1-e0.0001,naive,65,70100066,1000,1,0,0,1,1,0,0,1,1,-0.3333333333333333
s1-r1-e0.0001,naive,66,70100067,1000,1,0,0,1,1,0,0,1,1,-0.3333333333333333
s1-r1-e0.0001,naive,67,70100068,1000,1,0,0,1,1,0,0,1,1,-0.3333333333333333
s1-r1-e0.0001,naive,68,70100069,1000,1,0,0,1,1,0,0,1,1,-0.3333333333333333
s1-r1-e0.0001,naive,69,70100070,1000,1,0,0,1,1,0,0,1,1,-0.3333333333333333
s1-r1-e0.0001,naive,70,70100071,1000,1,0,0,1,1,0,0,1,1,-0.3333333333333333
s1-r1-e0.0001,naive,71,70100072,1000,1,0,0,1,1,0,0,1,1,-0.3333333333333333
s1-r1-e0.0001,naive,72,70100073,1000,1,0,0,1,1,0,0,1,1,-0.3333333333333333
s1-r1-e0.0001,naive,73,70100074,1000,1,0,0,1,1,0,0,1,1,-0.3333333333333333
s1-r1-e0.0001,naive,74,70100075,1000,1,0,0,1,1,0,0,1,1,-0.3333333333333333
s1-r1-e0.0001,naive,75,70100076,1000,1,0,0,1,1,0,0,1,1,-0.3333333333333333
s1-r1-e0.0001,naive,76,70100077,1000,1,0,0,1,1,0,0,1,1,-0.3333333333333333
s1-r1-e0.0001,naive,77,70100078,1000,1,0,0,1,1,0,0,1,1,-0.3333333333333333
s1-r1-e0.0001,naive,78,70100079,1000,1,0,0,1,1,0,0,1,1,-0.3333333333333333
s1-r1-e0.0001,naive,79,70100080,1000,1,0,0,1,1,0,0,1,1,-0.3333333333333333
s1-r1-e0.0001,naive,80,70100081,1000,1,0,0,1,1,0,0,1,1,-0.3333333333333333
s1-r1-e0.0001,naive,81,70100082,1000,1,0,0,1,1,0,0,1,1,-0.3333333333333333
s1-r1-e0.0001,naive,82,70100083,1000,1,0,0,1,1,0,0,1,1,-0.3333333333333333
s1-r1-e0.0001,naive,83,70100084,1000,1,0,0,1,1,0,0,1,1,-0.3333333333333333
s1-r1-e0.0001,naive,84,70100085,1000,1,0,0,1,1,0,0,1,1,-0.3333333333333333
s1-r1-e0.0001,naive,85,70100086,1000,1,0,0,1,1,0,0,1,1,-0.3333333333333333
s1-r1-e0.0001,naive,86,70100087,1000,1,0,0,1,1,0,0,1,1,-0.3333333333333333
s1-r1-e0.0001,naive,87,70100088,1000,1,0,0,1,1,0,0,1,1,-0.3333333333333333
s1-r1-e0.0001,naive,88,70100089,1000,1,0,0,1,1,0,0,1,1,-0.3333333333333333
s1-r1-e0.0001,naive,89,70100090,1000,1,0,0,1,1,0,0,1,1,-0.3333333333333333
s1-r1-e0.0001,naive,90,70100091,1000,1,0,0,1,1,0,0,1,1,-0.3333333333333333
s1-r1-e0.0001,naive,91,70100092,1000,1,0,0,1,1,0,0,1,1,-0.3333333333333333
s1-r1-e0.0001,naive,92,70100093,1000,1,0,0,1,1,0,0,1,1,-0.3333333333333333
s1-r1-e0.0001,naive,93,70100094,1000,1,0,0,1,1,0,0,1,1,-0.3333333333333333
s1-r1-e0.0001,naive,94,70100095,1000,1,0,0,1,1,0,0,1,1,-0.3333333333333333
s1-r1-e0.0001,naive,95,70100096,1000,1,0,0,1,1,0,0,1,1,-0.3333333333333333
s1-r1-e0.0001,naive,96,70100097,1000,1,0,0,1,1,0,0,1,1,-0.3333333333333333
s1-r1-e0.0001,naive,97,70100098,1000,1,0,0,1,1,0,0,1,1,-0.3333333333333333
s1-r1-e0.0001,naive,98,70100099,1000,1,0,0,1,1,0,0,1,1,-0.3333333333333333
s1-r1-e0.0001,naive,99,70100100,1000,1,0,0,1,1,0,0,1,1,-0.3333333333333333
s1-r1-e0.0001,conditional,0,70110001,1000,1.5067348999999992,0.5275484489058165,0.016682546746313434,1.4739980468424134,1.539471753157585,1,,1.00055,4.44245,0.004489933333332807
s1-r1-e0.0001,conditional,1,70110002,1000,1.5057761500000006,0.48923076557557493,0.01547083520646714,1.4754170886359887,1.5361352113640125,1,,1.00035,4.855700000000001,0.0038507666666670972
s1-r1-e0.0001,conditional,2,70110003,1000,1.5157961000000009,0.5626650126774196,0.01779302999748162,1.4808800995167535,1.5507121004832483,1,,1.00115,7.0107,0.010530733333333911
s1-r1-e0.0001,conditional,3,70110004,1000,1.469132349999998,0.45031785292684334,0.014240300862855465,1.4411880171978038,1.4970766828021922,0,,1.0003,4.32345,-0.020578433333334683
s1-r1-e0.0001,conditional,4,70110005,1000,1.4990642999999995,0.5106275600186113,0.01614746125713143,1.4673774672830862,1.5307511327169128,1,,1.00095,4.79225,-0.0006238000000003593
s1-r1-e0.0001,conditional,5,70110006,1000,1.5118026499999992,0.505240821686427,0.015977117634241037,1.4804500896369235,1.543155210363075,1,,1.0007,4.97975,0.007868433333332833
s1-r1-e0.0001,conditional,6,70110007,1000,1.5059864499999982,0.4948556720651718,0.01564871036779302,1.4752783368320108,1.5366945631679856,1,,1.0001,4.34785,0.003990966666665467
s1-r1-e0.0001,conditional,7,70110008,1000,1.4931479499999998,0.5064479755811723,0.01601529119217842,1.4617204800814645,1.524575419918535,1,,1.00035,5.19705,-0.004568033333333481
s1-r1-e0.0001,conditional,8,70110009,1000,1.5236244000000012,0.574715076654488,0.01817408647866445,1.4879606365846951,1.5592881634153073,1,,1.0005,7.1059,0.015749600000000807
s1-r1-e0.0001,conditional,9,70110010,1000,1.5180322499999999,0.5087615183757687,0.016088451839130376,1.4864612139106275,1.5496032860893723,1,,1.00005,4.3022,0.012021499999999907
s1-r1-e0.0001,conditional,10,70110011,1000,1.5076443000000013,0.5015378483183552,0.01586001933466052,1.4765215264852205,1.538767073514782,1,,1.0002,4.0583,0.005096200000000846
s1-r1-e0.0001,conditional,11,70110012,1000,1.4804495000000006,0.4999475727666502,0.01580973040615383,1.4494254105346647,1.5114735894653366,1,,1.0011,5.3403,-0.01303366666666624
s1-r1-e0.0001,conditional,12,70110013,1000,1.4928009999999994,0.4898524945383104,0.01549049600256252,1.4624033574406508,1.523198642559348,1,,1.00005,4.3261,-0.004799333333333748
s1-r1-e0.0001,conditional,13,70110014,1000,1.5139403000000013,0.5159696745458606,0.016316393751407244,1.481921964045438,1.5459586359545647,1,,1.00035,5.74165,0.009293533333334233
s1-r1-e0.0001,conditional,14,70110015,1000,1.4759122,0.47387534328886216,0.014985254117869906,1.4465060145388848,1.5053183854611152,1,,1.0003,4.48505,-0.01605853333333333
s1-r1-e0.0001,conditional,15,70110016,1000,1.5106683999999992,0.49641663424606985,0.01569807232612324,1.4798634218145779,1.5414733781854206,1,,1.00015,4.36385,0.007112266666666163
s1-r1-e0.0001,conditional,16,70110017,1000,1.5036587499999992,0.4947816263147574,0.015646368835569364,1.4729552317177768,1.5343622682822216,1,,1.00035,4.706200000000001,0.002439166666666104
s1-r1-e0.0001,conditional,17,70110018,1000,1.5090425000000003,0.5030966021449953,0.015909311458697378,1.4778229985065148,1.5402620014934858,1,,1.00015,4.492850000000001,0.006028333333333524
s1-r1-e0.0001,conditional,18,70110019,1000,1.476170849999998,0.44873318632042697,0.014190189304772612,1.4483248531859119,1.504016846814084,1,,1.0004,3.8560000000000003,-0.015886100000001385
s1-r1-e0.0001,conditional,19,70110020,1000,1.5120240500000017,0.5037498582965863,0.015929969232042814,1.4807640109013858,1.5432840890986177,1,,1.0014,4.0747,0.008016033333334486
s1-r1-e0.0001,conditional,20,70110021,1000,1.5194600499999984,0.514445944936647,0.01626820919037371,1.4875362686073377,1.5513838313926591,1,,1.00005,4.428000000000001,0.012973366666665598
s1-r1-e0.0001,conditional,21,70110022,1000,1.4874316,0.5297225697214653,0.016751298483171764,1.4545598324586522,1.520303367541348,1,,1.00005,6.732600000000001,-0.008378933333333283
s1-r1-e0.0001,conditional,22,70110023,1000,1.5112971500000003,0.5225483810853809,0.01652443071863453,1.4788705744791983,1.5437237255208023,1,,1.00025,5.06135,0.007531433333333541
s1-r1-e0.0001,conditional,23,70110024,1000,1.4852020499999998,0.5056914696589052,0.015991368374400718,1.453821524818657,1.5165825751813427,1,,1.0007,5.69305,-0.009865300000000113
s1-r1-e0.0001,conditional,24,70110025,1000,1.4926109000000005,0.48224631926395634,0.015249967621068372,1.4626852562562371,1.522536543743764,1,,1.0002,3.88125,-0.004926066666666322
s1-r1-e0.0001,conditional,25,70110026,1000,1.4895715000000003,0.46120623688941553,0.014584621796457243,1.4609514919538633,1.5181915080461372,1,,1.00055,3.80905,-0.006952333333333153
s1-r1-e0.0001,conditional,26,70110027,1000,1.4656040500000003,0.46052184052626555,0.014562979283158346,1.4370265119550327,1.4941815880449678,0,,1.00075,5.4752,-0.022930633333333155
s1-r1-e0.0001,conditional,27,70110028,1000,1.4838003000000004,0.49756492307797134,0.015734384407328668,1.4529240651120894,1.5146765348879114,1,,1.0002,4.99325,-0.01079979999999973
s1-r1-e0.0001,conditional,28,70110029,1000,1.5025669000000015,0.5161780753963789,0.016322983964946785,1.4705356317961717,1.5345981682038312,1,,1.0003,4.3549500000000005,0.0017112666666676546
s1-r1-e0.0001,conditional,29,70110030,1000,1.5327160499999992,0.49490958711093047,0.01565041531124052,1.502004591150796,1.5634275088492025,0,,1.0005,4.150600000000001,0.02181069999999948
s1-r1-e0.0001,conditional,30,70110031,1000,1.515363350000001,0.4990747038814247,0.015782127868393787,1.484393426138944,1.546333273861058,1,,1.0001,4.277850000000001,0.010242233333333997
s1-r1-e0.0001,conditional,31,70110032,1000,1.5001754499999989,0.5032193353342574,0.01591319262292303,1.4689483323370358,1.531402567662962,1,,1.0002,4.8578,0.00011696666666590379
s1-r1-e0.0001,conditional,32,70110033,1000,1.477124650000002,0.4745567804201305,0.015006803052040097,1.4476761781719214,1.5065731218280825,1,,1.0009,3.8806000000000003,-0.01525023333333205
s1-r1-e0.0001,conditional,33,70110034,1000,1.5191315000000014,0.5280358086891528,0.01669795841586652,1.4863644038842663,1.5518985961157366,1,,1.00015,4.74845,0.012754333333334275
s1-r1-e0.0001,conditional,34,70110035,1000,1.5142206499999993,0.5223411733795117,0.01651787823564168,1.4818069326882477,1.5466343673117509,1,,1.0012,4.5189,0.009480433333332853
s1-r1-e0.0001,conditional,35,70110036,1000,1.5010526000000006,0.4827577776433176,0.015266141355139972,1.4710952178672871,1.531009982132714,1,,1.00015,4.237550000000001,0.0007017333333337502
s1-r1-e0.0001,conditional,36,70110037,1000,1.517065499999999,0.5013501458047547,0.015854083660005354,1.485954374305694,1.5481766256943041,1,,1.0008,5.1047,0.011376999999999379
s1-r1-e0.0001,conditional,37,70110038,1000,1.5001590999999985,0.4801712021983521,0.015184346657680425,1.470362226993411,1.5299559730065861,1,,1.0001,5.31045,0.00010606666666568287
s1-r1-e0.0001,conditional,38,70110039,1000,1.5144975499999986,0.49636706420140453,0.015696504783674653,1.483695647868116,1.5452994521318812,1,,1.0001,4.4766,0.009665033333332426
s1-r1-e0.0001,conditional,39,70110040,1000,1.5033591500000008,0.5220444857997557,0.01650849615058656,1.4709638435427446,1.535754456457257,1,,1.0007,5.96195,0.0022394333333338365
s1-r1-e0.0001,conditional,40,70110041,1000,1.4850120999999987,0.45067992964805675,0.014251750734123068,1.4570452986406917,1.5129789013593058,1,,1.0002,3.8979,-0.009991933333334183
s1-r1-e0.0001,conditional,41,70110042,1000,1.491852750000001,0.5018766332874814,0.015870732656055205,1.460708953290461,1.522996546709541,1,,1.00025,5.58695,-0.005431499999999367
s1-r1-e0.0001,conditional,42,70110043,1000,1.5134372,0.4873270279836358,0.015410633737889022,1.4831962744738,1.5436781255262,1,,1.00005,4.0306,0.00895813333333336
s1-r1-e0.0001,conditional,43,70110044,1000,1.4690882500000002,0.48138005359636366,0.01522257389538438,1.4392163620999214,1.498960137900079,0,,1.0007,4.2684,-0.020607833333333197
s1-r1-e0.0001,conditional,44,70110045,1000,1.49244065,0.49179240485142395,0.015551841353021413,1.4619226269159982,1.522958673084002,1,,1.00015,3.7652,-0.005039566666666643
s1-r1-e0.0001,conditional,45,70110046,1000,1.4901119999999988,0.4792444105840737,0.015155038933505787,1.4603726387556903,1.5198513612443072,1,,1.0003,5.21575,-0.006592000000000819
s1-r1-e0.0001,conditional,46,70110047,1000,1.4700722499999996,0.4690851787920823,0.014833775816102918,1.440963316690904,1.4991811833090953,0,,1.00175,4.07195,-0.019951833333333575
s1-r1-e0.0001,conditional,47,70110048,1000,1.4913897500000004,0.480933405299289,0.015208449636066466,1.461545578719589,1.5212339212804118,1,,1.00065,4.0823,-0.005740166666666398
s1-r1-e0.0001,conditional,48,70110049,1000,1.4909398000000011,0.5006472918100696,0.015831857465147828,1.4598722896893883,1.522007310310614,1,,1.00025,4.97795,-0.006040133333332569
s1-r1-e0.0001,conditional,49,70110050,1000,1.4998148500000004,0.475249452534258,0.015028707267563366,1.470323394621625,1.5293063053783758,1,,1.0009,3.94485,-0.00012343333333308948
s1-r1-e0.0001,conditional,50,70110051,1000,1.5023737999999993,0.5048267528706994,0.01596402362858356,1.4710469345471175,1.533700665452881,1,,1.00095,5.08045,0.0015825333333328768
s1-r1-e0.0001,conditional,51,70110052,1000,1.5030515000000007,0.5245644964050067,0.016588185882990287,1.470499815076822,1.5356031849231793,1,,1.00025,4.6724,0.0020343333333337674
s1-r1-e0.0001,conditional,52,70110053,1000,1.5085963499999997,0.47438331724551464,0.0150013176648206,1.4791586423746903,1.538034057625309,1,,1.0001,4.27,0.0057308999999997985
s1-r1-e0.0001,conditional,53,70110054,1000,1.5205243499999985,0.5193647604034439,0.016423755793025137,1.4882953330598165,1.5527533669401805,1,,1.001,5.18375,0.013682899999999018
s1-r1-e0.0001,conditional,54,70110055,1000,1.4880286999999988,0.5097311928558821,0.016119115638591357,1.4563974910655881,1.5196599089344094,1,,1.00025,4.1309000000000005,-0.007980866666667493
s1-r1-e0.0001,conditional,55,70110056,1000,1.5134214499999994,0.5197479765969022,0.016435874153101014,1.4811686526993995,1.5456742473005993,1,,1.0011,4.65105,0.008947633333332927
s1-r1-e0.0001,conditional,56,70110057,1000,1.4745434500000012,0.49642121694608476,0.015698217243822043,1.443738187436571,1.5053487125634315,1,,1.0004,4.7393,-0.016971033333332535
s1-r1-e0.0001,conditional,57,70110058,1000,1.5306527000000003,0.5377820029020638,0.01700616013817803,1.4972808068661805,1.5640245931338201,1,,1.0011,6.122850000000001,0.02043513333333354
s1-r1-e0.0001,conditional,58,70110059,1000,1.513835700000001,0.5389355203134842,0.01704263756158553,1.4803922257058333,1.5472791742941685,1,,1.00005,5.8139,0.009223800000000596
s1-r1-e0.0001,conditional,59,70110060,1000,1.4981918499999995,0.4820286513131396,0.015243084356086347,1.4682797135724983,1.5281039864275008,1,,1.001,4.4247,-0.001205433333333635
s1-r1-e0.0001,conditional,60,70110061,1000,1.4825897999999993,0.46148751587477216,0.014593516618973923,1.4539523372748484,1.5112272627251502,1,,1.00155,3.98515,-0.011606800000000472
s1-r1-e0.0001,conditional,61,70110062,1000,1.4931470500000004,0.4880203604420657,0.015432558835332648,1.4628630999460475,1.5234310000539533,1,,1.00015,4.0714500000000005,-0.00456863333333309
s1-r1-e0.0001,conditional,62,70110063,1000,1.5239945999999984,0.535603268816955,0.01693726251693016,1.4907579075249269,1.55723129247507,1,,1.0005,5.247450000000001,0.01599639999999895
s1-r1-e0.0001,conditional,63,70110064,1000,1.484443349999999,0.4701119170504298,0.014866244130675044,1.4552707027710452,1.5136159972289527,1,,1.00095,4.3942,-0.010371100000000707
s1-r1-e0.0001,conditional,64,70110065,1000,1.515375000000002,0.5156746246796894,0.016307063455402955,1.4833749732721324,1.5473750267278714,1,,1.00015,4.4256,0.010250000000001277
s1-r1-e0.0001,conditional,65,70110066,1000,1.4980877499999998,0.5154529209308389,0.0163000525672813,1.4661014810285709,1.5300740189714288,1,,1.00035,4.4823,-0.0012748333333334472
s1-r1-e0.0001,conditional,66,70110067,1000,1.5191965500000002,0.4944178825327471,0.0156348662472106,1.4885156037238247,1.5498774962761757,1,,1.0013,4.130000000000001,0.012797700000000134
s1-r1-e0.0001,conditional,67,70110068,1000,1.5165782999999995,0.5044834902065685,0.015953168710040048,1.4852727356038329,1.547883864396166,1,,1.00105,4.9621,0.01105219999999966
s1-r1-e0.0001,conditional,68,70110069,1000,1.5169595000000002,0.52300458529155,0.016538857162330965,1.484504614870596,1.5494143851294044,1,,1.00035,4.546900000000001,0.011306333333333493
s1-r1-e0.0001,conditional,69,70110070,1000,1.522427499999999,0.5590373645506297,0.017678313691178626,1.487736612080878,1.55711838791912,1,,1.00025,6.9965,0.014951666666665956
s1-r1-e0.0001,conditional,70,70110071,1000,1.5027921,0.4979679382501598,0.015747128866085872,1.47189085613227,1.5336933438677298,1,,1.00005,4.3391,0.001861399999999976
s1-r1-e0.0001,conditional,71,70110072,1000,1.4986251500000007,0.5010496531032155,0.015844581246434144,1.4675326712858272,1.5297176287141743,1,,1.0003,5.0083,-0.0009165666666661743
s1-r1-e0.0001,conditional,72,70110073,1000,1.4989928999999989,0.5082342231099064,0.01607177729873489,1.4674545850525897,1.530531214947408,1,,1.00035,4.5042,-0.0006714000000007658
s1-r1-e0.0001,conditional,73,70110074,1000,1.5303864000000011,0.5295870863673763,0.01674701412333216,1.497523039835601,1.5632497601644013,1,,1.00005,4.68655,0.020257600000000764
s1-r1-e0.0001,conditional,74,70110075,1000,1.4971579499999987,0.5010233123306699,0.01584374827806842,1.4660671058541852,1.5282487941458123,1,,1.0008,4.367050000000001,-0.0018947000000008412
s1-r1-e0.0001,conditional,75,70110076,1000,1.48852245,0.5011730626362609,0.01584848379852816,1.4574223131460482,1.519622586853952,1,,1.00005,4.975300000000001,-0.007651699999999965
s1-r1-e0.0001,conditional,76,70110077,1000,1.5034216999999983,0.5096979740874975,0.01611806516889975,1.4717925524458173,1.5350508475541793,1,,1.00045,4.2526,0.0022811333333322046
s1-r1-e0.0001,conditional,77,70110078,1000,1.5029861499999968,0.523155274853733,0.016543622384692085,1.470521913877182,1.5354503861228117,1,,1.00005,5.589,0.001990766666664534
s1-r1-e0.0001,conditional,78,70110079,1000,1.520441149999999,0.5077802172477831,0.01605742037278111,1.4889310082436436,1.5519512917563545,1,,1.0003,5.11605,0.01362743333333268
s1-r1-e0.0001,conditional,79,70110080,1000,1.5152695000000007,0.5193883227601194,0.01642450090016649,1.4830390209051822,1.5474999790948192,1,,1.00065,4.520300000000001,0.010179666666667142
s1-r1-e0.0001,conditional,80,70110081,1000,1.482076100000001,0.4780566766031355,0.01511747948716435,1.4524104432145055,1.5117417567854963,1,,1.00035,5.0775500000000005,-0.01194926666666607
s1-r1-e0.0001,conditional,81,70110082,1000,1.4884518999999974,0.49317280646688993,0.015595493484927897,1.4578482165276885,1.5190555834723063,1,,1.00005,4.374700000000001,-0.007698733333335077
s1-r1-e0.0001,conditional,82,70110083,1000,1.498107050000002,0.4987790429503672,0.015772778248821107,1.4671554732850782,1.5290586267149258,1,,1.00015,5.028700000000001,-0.0012619666666653373
s1-r1-e0.0001,conditional,83,70110084,1000,1.4882438000000007,0.5035317895671184,0.01592307329332704,1.45699729308784,1.5194903069121612,1,,1.00045,5.000900000000001,-0.007837466666666218
s1-r1-e0.0001,conditional,84,70110085,1000,1.503801150000001,0.5192723927323993,0.016420834870798477,1.4715778649066091,1.536024435093393,1,,1.0006,4.87595,0.0025341000000006866
s1-r1-e0.0001,conditional,85,70110086,1000,1.5020007499999999,0.4904120222716058,0.015508189823074968,1.4715683861230537,1.532433113876946,1,,1.00105,4.847250000000001,0.0013338333333332564
s1-r1-e0.0001,conditional,86,70110087,1000,1.4969693999999996,0.48457397779761013,0.015323574646883107,1.4668993141376492,1.52703948586235,1,,1.00085,4.89315,-0.002020400000000292
s1-r1-e0.0001,conditional,87,70110088,1000,1.4839372500000005,0.49293527729565084,0.01558798215300942,1.4533483063257437,1.5145261936742573,1,,1.00015,5.6541500000000005,-0.01070849999999964
s1-r1-e0.0001,conditional,88,70110089,1000,1.4836196999999989,0.46617646807437246,0.014741794306877857,1.454691265820113,1.5125481341798848,1,,1.00065,4.1528,-0.010920200000000749
s1-r1-e0.0001,conditional,89,70110090,1000,1.4786624,0.4856526440182135,0.015357685067805032,1.4485253778444178,1.508799422155582,1,,1.0001,5.486000000000001,-0.014225066666666711
s1-r1-e0.0001,conditional,90,70110091,1000,1.50450655,0.510206213849114,0.01613413712134144,1.4728458637871813,1.536167236212819,1,,1.00085,5.7042,0.0030043666666667392
s1-r1-e0.0001,conditional,91,70110092,1000,1.5173266500000009,0.5001501032020391,0.015816134980867178,1.486289992572164,1.5483633074278378,1,,1.0006,4.5920000000000005,0.011551100000000591
s1-r1-e0.0001,conditional,92,70110093,1000,1.4959879500000004,0.4807582035780617,0.015202909271175864,1.4661546508073235,1.5258212491926773,1,,1.00045,4.2775,-0.0026746999999997336
s1-r1-e0.0001,conditional,93,70110094,1000,1.4970258499999993,0.48376414325637884,0.015297965430101423,1.467006018165527,1.5270456818344718,1,,1.00175,4.01225,-0.0019827666666671164
s1-r1-e0.0001,conditional,94,70110095,1000,1.4933609499999985,0.5165877432189442,0.016335938798980664,1.461304259988222,1.525417640011775,1,,1.0003,5.889200000000001,-0.004426033333334356
s1-r1-e0.0001,conditional,95,70110096,1000,1.4948300500000002,0.4604844927710162,0.014561798243437523,1.4662548295582443,1.5234052704417562,1,,1.0003,3.92835,-0.003446633333333171
s1-r1-e0.0001,conditional,96,70110097,1000,1.4964595000000005,0.4998191288068827,0.01580566865150827,1.4654433810842105,1.5274756189157905,1,,1.0001,4.15865,-0.0023603333333330014
s1-r1-e0.0001,conditional,97,70110098,1000,1.4943605499999972,0.49407211381522786,0.01562393208030064,1.4637010602928922,1.5250200397071023,1,,1.00015,4.6059,-0.0037596333333351772
s1-r1-e0.0001,conditional,98,70110099,1000,1.5118830000000008,0.5172586626438265,0.016357155134071447,1.4797846762942224,1.5439813237057791,1,,1.00015,4.76205,0.007922000000000503
s1-r1-e0.0001,conditional,99,70110100,1000,1.4989196999999999,0.5139570181624415,0.01625274796821843,1.4670262588046141,1.5308131411953856,1,,1.00005,4.30565,-0.0007202000000000967
s1-r1-e0.000001,naive,0,70200001,1000,1,0,0,1,1,0,0,1,1,-0.3333333333333333
s1-r1-e0.000001,naive,1,70200002,1000,1,0,0,1,1,0,0,1,1,-0.3333333333333333
s1-r1-e0.000001,naive,2,70200003,1000,1,0,0,1,1,0,0,1,1,-0.3333333333333333
s1-r1-e0.000001,naive,3,70200004,1000,1,0,0,1,1,0,0,1,1,-0.3333333333333333
s1-r1-e0.000001,naive,4,70200005,1000,1,0,0,1,1,0,0,1,1,-0.3333333333333333
s1-r1-e0.000001,naive,5,70200006,1000,1,0,0,1,1,0,0,1,1,-0.3333333333333333
s1-r1-e0.000001,naive,6,70200007,1000,1,0,0,1,1,0,0,1,1,-0.3333333333333333
s1-r1-e0.000001,naive,7,70200008,1000,1,0,0,1,1,0,0,1,1,-0.3333333333333333
s1-r1-e0.000001,naive,8,70200009,1000,1,0,0,1,1,0,0,1,1,-0.3333333333333333
s1-r1-e0.000001,naive,9,70200010,1000,1,0,0,1,1,0,0,1,1,-0.3333333333333333
s1-r1-e0.000001,naive,10,70200011,1000,1,0,0,1,1,0,0,1,1,-0.3333333333333333
s1-r1-e0.000001,naive,11,70200012,1000,1,0,0,1,1,0,0,1,1,-0.3333333333333333
s1-r1-e0.000001,naive,12,70200013,1000,1,0,0,1,1,0,0,1,1,-0.3333333333333333
s1-r1-e0.000001,naive,13,70200014,1000,1,0,0,1,1,0,0,1,1,-0.3333333333333333
s1-r1-e0.000001,naive,14,70200015,1000,1,0,0,1,1,0,0,1,1,-0.3333333333333333
s1-r1-e0.000001,naive,15,70200016,1000,1,0,0,1,1,0,0,1,1,-0.3333333333333333
s1-r1-e0.000001,naive,16,70200017,1000,1,0,0,1,1,0,0,1,1,-0.3333333333333333
s1-r1-e0.000001,naive,17,70200018,1000,1,0,0,1,1,0,0,1,1,-0.3333333333333333
s1-r1-e0.000001,naive,18,70200019,1000,1,0,0,1,1,0,0,1,1,-0.3333333333333333
s1-r1-e0.000001,naive,19,70200020,1000,1,0,0,1,1,0,0,1,1,-0.3333333333333333
s1-r1-e0.000001,naive,20,70200021,1000,1,0,0,1,1,0,0,1,1,-0.3333333333333333
s1-r1-e0.000001,naive,21,70200022,1000,1,0,0,1,1,0,0,1,1,-0.3333333333333333
s1-r1-e0.000001,naive,22,70200023,1000,1,0,0,1,1,0,0,1,1,-0.3333333333333333
s1-r1-e0.000001,naive,23,70200024,1000,1,0,0,1,1,0,0,1,1,-0.3333333333333333
s1-r1-e0.000001,naive,24,70200025,1000,1,0,0,1,1,0,0,1,1,-0.3333333333333333
s1-r1-e0.000001,naive,25,70200026,1000,1,0,0,1,1,0,0,1,1,-0.3333333333333333
s1-r1-e0.000001,naive,26,70200027,1000,1,0,0,1,1,0,0,1,1,-0.3333333333333333
s1-r1-e0.000001,naive,27,70200028,1000,1,0,0,1,1,0,0,1,1,-0.3333333333333333
s1-r1-e0.000001,naive,28,70200029,1000,1,0,0,1,1,0,0,1,1,-0.3333333333333333
s1-r1-e0.000001,naive,29,70200030,1000,1,0,0,1,1,0,0,1,1,-0.3333333333333333
s1-r1-e0.000001,naive,30,70200031,1000,1,0,0,1,1,0,0,1,1,-0.3333333333333333
s1-r1-e0.000001,naive,31,70200032,1000,1,0,0,1,1,0,0,1,1,-0.3333333333333333
s1-r1-e0.000001,naive,32,70200033,1000,1,0,0,1,1,0,0,1,1,-0.3333333333333333
s1-r1-e0.000001,naive,33,70200034,1000,1,0,0,1,1,0,0,1,1,-0.3333333333333333
s1-r1-e0.000001,naive,34,70200035,1000,941.9009999999998,29753.902127300862,940.9009999999994,-904.4680431218167,2788.2700431218163,1,1,1,940902,626.9339999999999
s1-r1-e0.000001,naive,35,70200036,1000,1,0,0,1,1,0,0,1,1,-0.3333333333333333
s1-r1-e0.000001,naive,36,70200037,1000,1,0,0,1,1,0,0,1,1,-0.3333333333333333
s1-r1-e0.000001,naive,37,70200038,1000,1,0,0,1,1,0,0,1,1,-0.3333333333333333
s1-r1-e0.000001,naive,38,70200039,1000,1,0,0,1,1,0,0,1,1,-0.3333333333333333
s1-r1-e0.000001,naive,39,70200040,1000,1,0,0,1,1,0,0,1,1,-0.3333333333333333
s1-r1-e0.000001,naive,40,70200041,1000,1,0,0,1,1,0,0,1,1,-0.3333333333333333
s1-r1-e0.000001,naive,41,70200042,1000,1,0,0,1,1,0,0,1,1,-0.3333333333333333
s1-r1-e0.000001,naive,42,70200043,1000,1,0,0,1,1,0,0,1,1,-0.3333333333333333
s1-r1-e0.000001,naive,43,70200044,1000,1,0,0,1,1,0,0,1,1,-0.3333333333333333
s1-r1-e0.000001,naive,44,70200045,1000,1,0,0,1,1,0,0,1,1,-0.3333333333333333
s1-r1-e0.000001,naive,45,70200046,1000,1,0,0,1,1,0,0,1,1,-0.3333333333333333
s1-r1-e0.000001,naive,46,70200047,1000,1,0,0,1,1,0,0,1,1,-0.3333333333333333
s1-r1-e0.000001,naive,47,70200048,1000,1,0,0,1,1,0,0,1,1,-0.3333333333333333
s1-r1-e0.000001,naive,48,70200049,1000,1,0,0,1,1,0,0,1,1,-0.3333333333333333
s1-r1-e0.000001,naive,49,70200050,1000,1,0,0,1,1,0,0,1,1,-0.3333333333333333
s1-r1-e0.000001,naive,50,70200051,1000,1,0,0,1,1,0,0,1,1,-0.3333333333333333
s1-r1-e0.000001,naive,51,70200052,1000,1,0,0,1,1,0,0,1,1,-0.3333333333333333
s1-r1-e0.000001,naive,52,70200053,1000,1,0,0,1,1,0,0,1,1,-0.3333333333333333
s1-r1-e0.000001,naive,53,70200054,1000,1,0,0,1,1,0,0,1,1,-0.3333333333333333
s1-r1-e0.000001,naive,54,70200055,1000,1,0,0,1,1,0,0,1,1,-0.3333333333333333
s1-r1-e0.000001,naive,55,70200056,1000,1,0,0,1,1,0,0,1,1,-0.3333333333333333
s1-r1-e0.000001,naive,56,70200057,1000,1,0,0,1,1,0,0,1,1,-0.3333333333333333
s1-r1-e0.000001,naive,57,70200058,1000,1,0,0,1,1,0,0,1,1,-0.3333333333333333
s1-r1-e0.000001,naive,58,70200059,1000,1,0,0,1,1,0,0,1,1,-0.3333333333333333
s1-r1-e0.000001,naive,59,70200060,1000,1,0,0,1,1,0,0,1,1,-0.3333333333333333
s1-r1-e0.000001,naive,60,70200061,1000,1,0,0,1,1,0,0,1,1,-0.3333333333333333
s1-r1-e0.000001,naive,61,70200062,1000,1,0,0,1,1,0,0,1,1,-0.3333333333333333
s1-r1-e0.000001,naive,62,70200063,1000,1,0,0,1,1,0,0,1,1,-0.3333333333333333
s1-r1-e0.000001,naive,63,70200064,1000,1,0,0,1,1,0,0,1,1,-0.3333333333333333
s1-r1-e0.000001,naive,64,70200065,1000,1,0,0,1,1,0,0,1,1,-0.3333333333333333
s1-r1-e0.000001,naive,65,70200066,1000,1,0,0,1,1,0,0,1,1,-0.3333333333333333
s1-r1-e0.000001,naive,66,70200067,1000,1,0,0,1,1,0,0,1,1,-0.3333333333333333
s1-r1-e0.000001,naive,67,70200068,1000,1,0,0,1,1,0,0,1,1,-0.3333333333333333
s1-r1-e0.000001,naive,68,70200069,1000,1,0,0,1,1,0,0,1,1,-0.3333333333333333
s1-r1-e0.000001,naive,69,70200070,1000,1,0,0,1,1,0,0,1,1,-0.3333333333333333
s1-r1-e0.000001,naive,70,70200071,1000,1,0,0,1,1,0,0,1,1,-0.3333333333333333
s1-r1-e0.000001,naive,71,70200072,1000,1,0,0,1,1,0,0,1,1,-0.3333333333333333
s1-r1-e0.000001,naive,72,70200073,1000,1,0,0,1,1,0,0,1,1,-0.3333333333333333
s1-r1-e0.000001,naive,73,70200074,1000,1,0,0,1,1,0,0,1,1,-0.3333333333333333
s1-r1-e0.000001,naive,74,70200075,1000,1,0,0,1,1,0,0,1,1,-0.3333333333333333
s1-r1-e0.000001,naive,75,70200076,1000,1,0,0,1,1,0,0,1,1,-0.3333333333333333
s1-r1-e0.000001,naive,76,70200077,1000,1,0,0,1,1,0,0,1,1,-0.3333333333333333
s1-r1-e0.000001,naive,77,70200078,1000,1,0,0,1,1,0,0,1,1,-0.3333333333333333
s1-r1-e0.000001,naive,78,70200079,1000,1,0,0,1,1,0,0,1,1,-0.3333333333333333
s1-r1-e0.000001,naive,79,70200080,1000,1,0,0,1,1,0,0,1,1,-0.3333333333333333
s1-r1-e0.000001,naive,80,70200081,1000,1,0,0,1,1,0,0,1,1,-0.3333333333333333
s1-r1-e0.000001,naive,81,70200082,1000,1,0,0,1,1,0,0,1,1,-0.3333333333333333
s1-r1-e0.000001,naive,82,70200083,1000,1,0,0,1,1,0,0,1,1,-0.3333333333333333
s1-r1-e0.000001,naive,83,70200084,1000,1,0,0,1,1,0,0,1,1,-0.3333333333333333
s1-r1-e0.000001,naive,84,70200085,1000,1,0,0,1,1,0,0,1,1,-0.3333333333333333
s1-r1-e0.000001,naive,85,70200086,1000,1,0,0,1,1,0,0,1,1,-0.3333333333333333
s1-r1-e0.000001,naive,86,70200087,1000,1,0,0,1,1,0,0,1,1,-0.3333333333333333
s1-r1-e0.000001,naive,87,70200088,1000,1,0,0,1,1,0,0,1,1,-0.3333333333333333
s1-r1-e0.000001,naive,88,70200089,1000,1,0,0,1,1,0,0,1,1,-0.3333333333333333
s1-r1-e0.000001,naive,89,70200090,1000,1,0,0,1,1,0,0,1,1,-0.3333333333333333
s1-r1-e0.000001,naive,90,70200091,1000,1,0,0,1,1,0,0,1,1,-0.3333333333333333
s1-r1-e0.000001,naive,91,70200092,1000,1,0,0,1,1,0,0,1,1,-0.3333333333333333
s1-r1-e0.000001,naive,92,70200093,1000,1,0,0,1,1,0,0,1,1,-0.3333333333333333
s1-r1-e0.000001,naive,93,70200094,1000,1,0,0,1,1,0,0,1,1,-0.3333333333333333
s1-r1-e0.000001,naive,94,70200095,1000,1,0,0,1,1,0,0,1,1,-0.3333333333333333
s1-r1-e0.000001,naive,95,70200096,1000,1,0,0,1,1,0,0,1,1,-0.3333333333333333
s1-r1-e0.000001,naive,96,70200097,1000,1,0,0,1,1,0,0,1,1,-0.3333333333333333
s1-r1-e0.000001,naive,97,70200098,1000,1,0,0,1,1,0,0,1,1,-0.3333333333333333
s1-r1-e0.000001,naive,98,70200099,1000,1,0,0,1,1,0,0,1,1,-0.3333333333333333
s1-r1-e0.000001,naive,99,70200100,1000,1,0,0,1,1,0,0,1,1,-0.3333333333333333
s1-r1-e0.000001,conditional,0,70210001,1000,1.4748726264999996,0.4832943247938208,0.015283108465816604,1.4448819491025298,1.5048633038974695,1,,1.0011645,4.282919,-0.016751582333333587
s1-r1-e0.000001,conditional,1,70210002,1000,1.4849277144999982,0.4822456058436943,0.015249945060738802,1.455002115027305,1.5148533139726914,1,,1.0006025,4.058180999999999,-0.010048190333334558
s1-r1-e0.000001,conditional,2,70210003,1000,1.4938122050000016,0.4865087921362234,0.01538475884847881,1.4636220548420935,1.5240023551579096,1,,1.0002095,4.282006,-0.0041251966666656275
s1-r1-e0.000001,conditional,3,70210004,1000,1.479152139500001,0.480198673041859,0.015185215362027705,1.449353561798855,1.5089507172011467,1,,1.0000595,3.9660569999999997,-0.013898573666666062
s1-r1-e0.000001,conditional,4,70210005,1000,1.4839072320000002,0.512510636040484,0.016207009349495094,1.4521035455925104,1.51571091840749,1,,1.0022455,5.4135395,-0.010728511999999876
s1-r1-e0.000001,conditional,5,70210006,1000,1.509184016999999,0.5246918300976816,0.016592212527907615,1.47662443042455,1.5417436035754482,1,,1.000937,5.084756,0.006122677999999364
s1-r1-e0.000001,conditional,6,70210007,1000,1.506954241,0.5073514707711029,0.01604386221873029,1.475470704971475,1.5384377770285251,1,,1.0005385,4.3123375,0.004636160666666722
s1-r1-e0.000001,conditional,7,70210008,1000,1.4775942954999997,0.4915239387619459,0.01554335170984872,1.4470929319947858,1.5080956590052135,1,,1.0005,4.937483,-0.014937136333333564
s1-r1-e0.000001,conditional,8,70210009,1000,1.509312783500001,0.506458515278812,0.016015624486682332,1.477884659543842,1.5407409074561602,1,,1.0002365,4.8177389999999995,0.0062085223333340584
s1-r1-e0.000001,conditional,9,70210010,1000,1.481826211000002,0.46908752922170116,0.014833850143213674,1.452717131835735,1.510935290164269,1,,1.0006575,4.559955,-0.012115859333331999
s1-r1-e0.000001,conditional,10,70210011,1000,1.5422269504999988,0.5370343249505238,0.016982516485346478,1.508901454286423,1.5755524467135746,0,,1.001496,5.667431,0.028151300333332536
s1-r1-e0.000001,conditional,11,70210012,1000,1.500425614500001,0.4994906555221387,0.01579528141420519,1.4694298788906373,1.5314213501093648,1,,1.000671,4.940248,0.0002837430000006691
s1-r1-e0.000001,conditional,12,70210013,1000,1.5050639395000012,0.5097477278094368,0.016119638519733737,1.4734317044942455,1.5366961745057568,1,,1.000185,4.760096,0.003375959666667446
s1-r1-e0.000001,conditional,13,70210014,1000,1.48976398,0.5100156666041027,0.016128111488380382,1.4581151181365704,1.5214128418634296,1,,1.001686,4.487201499999999,-0.006824013333333341
s1-r1-e0.000001,conditional,14,70210015,1000,1.5066113565000012,0.5306432495161046,0.01678041293463933,1.4736824564634203,1.539540256536582,1,,1.0001325,4.3352565,0.0044075710000008135
s1-r1-e0.000001,conditional,15,70210016,1000,1.5064508825000014,0.5074353883646727,0.0160465159260447,1.4749621389915875,1.5379396260084153,1,,1.0000495,5.5827105,0.004300588333334243
s1-r1-e0.000001,conditional,16,70210017,1000,1.4758254629999994,0.4905139472678234,0.015511412974460483,1.445386774199454,1.5062641518005448,1,,1.000588,5.106889,-0.016116358000000403
s1-r1-e0.000001,conditional,17,70210018,1000,1.5133182470000017,0.5162565170905439,0.01632546450911762,1.4812821111214993,1.5453543828785041,1,,1.0004695,4.5222075,0.008878831333334484
s1-r1-e0.000001,conditional,18,70210019,1000,1.5124810125000017,0.5334592601669611,0.016869463010359326,1.4793773658077183,1.545584659192285,1,,1.0004145,4.808051,0.00832067500000111
s1-r1-e0.000001,conditional,19,70210020,1000,1.534426564,0.49272462489473023,0.0155813207391945,1.503850692294262,1.5650024357057382,0,,1.0007175,4.0218065,0.022951042666666737
s1-r1-e0.000001,conditional,20,70210021,1000,1.489942269499998,0.4817696442201239,0.01523489383264566,1.4600462056762329,1.519838333323763,1,,1.000213,5.2199095,-0.006705153666668018
s1-r1-e0.000001,conditional,21,70210022,1000,1.4948226089999979,0.4641428217778649,0.014677484764356558,1.4660203721017482,1.5236248458982475,1,,1.0000015,4.044096,-0.003451594000001427
s1-r1-e0.000001,conditional,22,70210023,1000,1.5030640869999998,0.5032444280301258,0.015913986123638806,1.4718354122176829,1.5342927617823168,1,,1.0020765,4.586479499999999,0.002042724666666551
s1-r1-e0.000001,conditional,23,70210024,1000,1.4924462079999998,0.48818131269316417,0.015437648592412671,1.4621522701047018,1.5227401458952978,1,,1.001121,6.3939604999999995,-0.005035861333333447
s1-r1-e0.000001,conditional,24,70210025,1000,1.5036107844999995,0.4861875670036346,0.015374600817872107,1.4734405678667146,1.5337810011332844,1,,1.001627,5.1330205,0.0024071896666663464
s1-r1-e0.000001,conditional,25,70210026,1000,1.5138176104999999,0.5138246010019235,0.016248560569933138,1.4819323864098837,1.545702834590116,1,,1.0012015,4.5063255,0.009211740333333237
s1-r1-e0.000001,conditional,26,70210027,1000,1.4939400204999997,0.4713439153451661,0.014905203337523145,1.464690922004155,1.5231891189958444,1,,1.0010775,4.073171,-0.004039986333333505
s1-r1-e0.000001,conditional,27,70210028,1000,1.4803866819999998,0.4941619526046307,0.01562677303226809,1.4497216173750598,1.5110517466249398,1,,1.0001075,4.805116999999999,-0.013075545333333475
s1-r1-e0.000001,conditional,28,70210029,1000,1.512595098000001,0.5213386044723459,0.01648617422306258,1.4802435947866175,1.5449466012133843,1,,1.000544,4.494510999999999,0.00839673200000061
s1-r1-e0.000001,conditional,29,70210030,1000,1.4818928849999986,0.4648421558739575,0.014699599650247233,1.4530472511442574,1.5107385188557398,1,,1.0003965,4.0785505,-0.01207141000000093
s1-r1-e0.000001,conditional,30,70210031,1000,1.5038719569999999,0.4987404375410107,0.015771557438585413,1.472922775931618,1.5348211380683818,1,,1.000151,5.385225999999999,0.0025813046666665804
s1-r1-e0.000001,conditional,31,70210032,1000,1.5132738434999977,0.4897447865315551,0.015487089976326685,1.4828828847271494,1.543664802272846,1,,1.000543,4.108369,0.008849228999998479
s1-r1-e0.000001,conditional,32,70210033,1000,1.5027444525000018,0.517672133375207,0.01637023022664123,1.4706204709979656,1.534868434002038,1,,1.000445,5.059862,0.0018296350000011803
s1-r1-e0.000001,conditional,33,70210034,1000,1.5074943134999987,0.5059876707609345,0.016000735075679364,1.4760954076523827,1.5388932193476148,1,,1.0003265,5.3779955,0.004996208999999159
s1-r1-e0.000001,conditional,34,70210035,1000,1.4664793155,0.4695488074901372,0.01484843704284764,1.437341611857792,1.495617019142208,0,,1.0001105,4.848228499999999,-0.022347123000000007
s1-r1-e0.000001,conditional,35,70210036,1000,1.468414172999998,0.46966311598289434,0.014852051794777773,1.4392693759802058,1.4975589700197902,0,,1.0003095,4.7725135,-0.02105721800000134
s1-r1-e0.000001,conditional,36,70210037,1000,1.4836347284999993,0.4733296640841486,0.014967998226283065,1.4542624049903938,1.5130070520096048,1,,1.0000775,4.527391,-0.010910181000000444
s1-r1-e0.000001,conditional,37,70210038,1000,1.494584132000001,0.4802166164940062,0.01518578278380642,1.4647844408235728,1.5243838231764293,1,,1.000729,4.6083,-0.003610578666665957
s1-r1-e0.000001,conditional,38,70210039,1000,1.4912910070000003,0.5114616438092472,0.01617383730250979,1.4595524154756603,1.5230295985243403,1,,1.000227,4.419693499999999,-0.005805995333333147
s1-r1-e0.000001,conditional,39,70210040,1000,1.4858287699999984,0.47606208756053864,0.015054405043458143,1.4562868868105256,1.515370653189471,1,,1.000089,4.664776,-0.009447486666667762
s1-r1-e0.000001,conditional,40,70210041,1000,1.5206888275,0.5368811592183743,0.016977672959615678,1.4873728359377838,1.554004819062216,1,,1.0012825,4.7252005,0.013792551666666597
s1-r1-e0.000001,conditional,41,70210042,1000,1.499027338500001,0.5228473986936556,0.01653388648566097,1.4665822075355164,1.5314724694644857,1,,1.0004335,4.805655,-0.0006484409999993149
s1-r1-e0.000001,conditional,42,70210043,1000,1.5045408944999992,0.5061468230900684,0.016005767914229203,1.4731321125046295,1.5359496764953688,1,,1.0000805,4.355408,0.003027262999999447
s1-r1-e0.000001,conditional,43,70210044,1000,1.491882894,0.4714454195118689,0.014908413181110929,1.4626274966949993,1.5211382913050007,1,,1.0000415,3.919365,-0.005411404000000027
s1-r1-e0.000001,conditional,44,70210045,1000,1.4760286009999999,0.4881803530603734,0.015437618246159308,1.445734722654413,1.5063224793455867,1,,1.000498,5.174377499999999,-0.015980932666666742
s1-r1-e0.000001,conditional,45,70210046,1000,1.4866976735000001,0.49133265970588624,0.015537302934990366,1.4562081797564799,1.5171871672435204,1,,1.0003965,4.1301355,-0.008868217666666567
s1-r1-e0.000001,conditional,46,70210047,1000,1.4809348564999998,0.47467815479144004,0.015010641246669188,1.4514788528234626,1.510390860176537,1,,1.000332,4.317771499999999,-0.01271009566666681
s1-r1-e0.000001,conditional,47,70210048,1000,1.525786783,0.5086473796953194,0.016084842457136917,1.4942228297505624,1.5573507362494377,1,,1.000567,4.5969145000000005,0.01719118866666669
s1-r1-e0.000001,conditional,48,70210049,1000,1.4997424415000005,0.5168958733949371,0.016345682730700327,1.467666630567016,1.5318182524329849,1,,1.000246,4.840842,-0.00017170566666635523
s1-r1-e0.000001,conditional,49,70210050,1000,1.5205984805000017,0.5307643761078008,0.01678424329378906,1.4876620639908502,1.5535348970091531,1,,1.0002465,6.537915,0.013732320333334455
s1-r1-e0.000001,conditional,50,70210051,1000,1.5095348340000032,0.5165667268571014,0.016335274203265127,1.4774794481519542,1.5415902198480522,1,,1.000674,4.786535,0.006356556000002141
s1-r1-e0.000001,conditional,51,70210052,1000,1.4964982920000005,0.5080528324405031,0.01606604122211872,1.4649712331935596,1.5280253508064414,1,,1.000063,4.6556245,-0.002334471999999662
s1-r1-e0.000001,conditional,52,70210053,1000,1.4698308534999973,0.45145959444030964,0.014276405899672679,1.441815670287101,1.4978460367128936,0,,1.000064,4.3439045,-0.020112764333335125
s1-r1-e0.000001,conditional,53,70210054,1000,1.4923664235000014,0.4858271227385203,0.015363202569399041,1.4622185741222795,1.5225142728777232,1,,1.000819,4.212918999999999,-0.005089050999999086
s1-r1-e0.000001,conditional,54,70210055,1000,1.5036768715,0.5014814629384882,0.015858236272389383,1.4725575969622418,1.5347961460377582,1,,1.0001485,4.6919655,0.0024512476666666374
s1-r1-e0.000001,conditional,55,70210056,1000,1.5068227950000006,0.5182978444323644,0.016390016947618918,1.47465998519501,1.5389856048049912,1,,1.0000305,5.4882444999999995,0.004548530000000402
s1-r1-e0.000001,conditional,56,70210057,1000,1.5065423510000004,0.5145866901771956,0.01627265994567333,1.4746098357056818,1.538474866294319,1,,1.000356,5.978721999999999,0.004361567333333631
s1-r1-e0.000001,conditional,57,70210058,1000,1.4950138749999977,0.48766175092647834,0.01542121860673399,1.4647521783468027,1.5252755716531927,1,,1.0017105,5.2059255,-0.003324083333334856
s1-r1-e0.000001,conditional,58,70210059,1000,1.4947187499999977,0.49351682324015167,0.015606372250495985,1.4640937186749685,1.5253437813250268,1,,1.001783,4.7807595,-0.0035208333333348976
s1-r1-e0.000001,conditional,59,70210060,1000,1.5352015755,0.5510948422837384,0.017427149083878823,1.5010035583033527,1.569399592696647,0,,1.0005275,5.2238125,0.023467716999999944
s1-r1-e0.000001,conditional,60,70210061,1000,1.5172880735000003,0.4979066192222351,0.01574518978816438,1.486390634765272,1.5481855122347286,1,,1.000238,4.9726575,0.01152538233333352
s1-r1-e0.000001,conditional,61,70210062,1000,1.5064359609999989,0.5000450113764099,0.01581281168554264,1.475405825012365,1.5374660969876328,1,,1.000272,4.422285499999999,0.00429064066666592
s1-r1-e0.000001,conditional,62,70210063,1000,1.5105592859999977,0.5267700908745231,0.016657932904173715,1.4778707336053603,1.543247838394635,1,,1.0000335,5.3099099999999995,0.007039523999998447
s1-r1-e0.000001,conditional,63,70210064,1000,1.5099658130000015,0.4896394305140093,0.015483758326520191,1.4795813920617025,1.5403502339383006,1,,1.0025935,4.2436074999999995,0.006643875333334363
s1-r1-e0.000001,conditional,64,70210065,1000,1.4955077995000001,0.5021658864454946,0.01587987964405239,1.4643460532766688,1.5266695457233315,1,,1.001324,4.765729,-0.002994800333333251
s1-r1-e0.000001,conditional,65,70210066,1000,1.466520096999999,0.4674024922524301,0.014780564595568837,1.4375155822751549,1.495524611724843,0,,1.0012225,4.51613,-0.022319935333334023
s1-r1-e0.000001,conditional,66,70210067,1000,1.503521118999998,0.4915967640068673,0.015545654646299834,1.4730152363471036,1.5340270016528923,1,,1.000588,4.0688295,0.0023474126666653086
s1-r1-e0.000001,conditional,67,70210068,1000,1.5049771210000003,0.467739294483954,0.014791215217295267,1.4759517061185554,1.534002535881445,1,,1.000068,4.4965315,0.003318080666666834
s1-r1-e0.000001,conditional,68,70210069,1000,1.4798720555000004,0.46265862577106587,0.014630550365600441,1.4511619199183832,1.5085821910816177,1,,1.0000445,4.0502085,-0.013418629666666368
s1-r1-e0.000001,conditional,69,70210070,1000,1.5106783415000007,0.5129260220835491,0.0162201450095384,1.4788488784421885,1.542507804557813,1,,1.0010825,5.063089,0.007118894333333792
s1-r1-e0.000001,conditional,70,70210071,1000,1.488035033500001,0.49769685269441283,0.015738556388116543,1.457150611761215,1.518919455238787,1,,1.00033,4.251082,-0.007976644333332672
s1-r1-e0.000001,conditional,71,70210072,1000,1.4962312129999984,0.5068926156274332,0.01602935194502949,1.4647761510831687,1.527686274916828,1,,1.000258,4.776851499999999,-0.002512524666667737
s1-r1-e0.000001,conditional,72,70210073,1000,1.4770439525000014,0.4724385280563,0.014939818030752696,1.447726928156468,1.5063609768435349,1,,1.000303,4.394989499999999,-0.015304031666665718
s1-r1-e0.000001,conditional,73,70210074,1000,1.4852367679999994,0.47230297866416254,0.01493553158260664,1.455928155131384,1.5145453808686147,1,,1.000155,4.250571,-0.009842154666667083
s1-r1-e0.000001,conditional,74,70210075,1000,1.4812358799999994,0.48708266768499303,0.015402906386754721,1.4510101181753152,1.5114616418246836,1,,1.000493,4.1446950000000005,-0.012509413333333738
s1-r1-e0.000001,conditional,75,70210076,1000,1.4987392190000024,0.4895250952259849,0.015480142727249306,1.4683618931020594,1.5291165448979454,1,,1.0005245,3.9544525,-0.0008405206666650678
s1-r1-e0.000001,conditional,76,70210077,1000,1.5235631694999994,0.5354040883244373,0.01693096387671186,1.4903388371077768,1.556787501892222,1,,1.0005595,5.0530075,0.015708779666666246
s1-r1-e0.000001,conditional,77,70210078,1000,1.4799854419999996,0.4951667925808911,0.015658548862357815,1.4492580223462126,1.5107128616537866,1,,1.0001385,4.794665,-0.013343038666666937
s1-r1-e0.000001,conditional,78,70210079,1000,1.490124282499999,0.4971557364730312,0.015721444790732245,1.4592734395582263,1.5209751254417716,1,,1.0003525,5.204344,-0.006583811666667365
s1-r1-e0.000001,conditional,79,70210080,1000,1.4920233220000012,0.46976485411266383,0.014855269036927347,1.4628722116525483,1.521174432347454,1,,1.000052,5.0436385,-0.005317785333332529
s1-r1-e0.000001,conditional,80,70210081,1000,1.4977030764999981,0.4910753028182192,0.015529164595624766,1.4672295529572397,1.5281766000427566,1,,1.0018665,5.352742999999999,-0.0015312823333345864
s1-r1-e0.000001,conditional,81,70210082,1000,1.5070609895000016,0.5114827911294245,0.016174506039491485,1.4753210856853558,1.5388008933146473,1,,1.00078,4.654363999999999,0.004707326333334372
s1-r1-e0.000001,conditional,82,70210083,1000,1.4862933580000002,0.501637869977542,0.015863182297244312,1.4551643776726013,1.517422338327399,1,,1.000366,5.2491945,-0.009137761333333216
s1-r1-e0.000001,conditional,83,70210084,1000,1.4914352255000014,0.47920538579136507,0.015153804861204035,1.4616982859269367,1.521172165073066,1,,1.000041,4.804221999999999,-0.00570984966666573
s1-r1-e0.000001,conditional,84,70210085,1000,1.4817150580000003,0.46732230105709227,0.014778028727313246,1.452715519514574,1.5107145964854265,1,,1.00004,3.8585015,-0.012189961333333166
s1-r1-e0.000001,conditional,85,70210086,1000,1.4976064855,0.4907677546507419,0.015519439068630373,1.467152046762094,1.528060924237906,1,,1.000314,4.6502085,-0.0015956763333333512
s1-r1-e0.000001,conditional,86,70210087,1000,1.4977599974999993,0.5067396635400102,0.016024515175338153,1.4663144269768729,1.5292055680231258,1,,1.000042,4.526953499999999,-0.001493335000000447
s1-r1-e0.000001,conditional,87,70210088,1000,1.5273598015000005,0.5270499708709636,0.016666783486776433,1.4946538812401666,1.5600657217598344,1,,1.000594,5.130520499999999,0.018239867666667003
s1-r1-e0.000001,conditional,88,70210089,1000,1.4674879050000011,0.48341513519512425,0.015286928826148183,1.4374897307510561,1.4974860792489462,0,,1.000378,5.1492214999999995,-0.021674729999999236
s1-r1-e0.000001,conditional,89,70210090,1000,1.5173682214999993,0.5135861941792272,0.016241021484238696,1.4854977916703205,1.549238651329678,1,,1.000981,4.6141245,0.011578814333332854
s1-r1-e0.000001,conditional,90,70210091,1000,1.5244269455,0.5117244205247797,0.016182147031881203,1.4926720474491837,1.5561818435508161,1,,1.000017,4.0507735,0.016284630333333272
s1-r1-e0.000001,conditional,91,70210092,1000,1.5241229899999984,0.5379910502151609,0.017012770794659283,1.4907381245008802,1.5575078554991166,1,,1.000335,5.3335665,0.016081993333332267
s1-r1-e0.000001,conditional,92,70210093,1000,1.498612725999998,0.4910294048204137,0.015527713173493697,1.468142050643065,1.529083401356931,1,,1.0003765,5.3455435,-0.0009248493333346985
s1-r1-e0.000001,conditional,93,70210094,1000,1.5072716115000018,0.5424224601638802,0.01715290428149811,1.4736117562495665,1.540931466750437,1,,1.001394,6.2848795,0.004847741000001182
s1-r1-e0.000001,conditional,94,70210095,1000,1.4952724355000016,0.49157082823062215,0.015544834485041641,1.4647681622835491,1.525776708716454,1,,1.000016,4.895664999999999,-0.003151709666665633
s1-r1-e0.000001,conditional,95,70210096,1000,1.4717782000000008,0.4461223586708798,0.014107627685265483,1.4440942172749718,1.4994621827250298,0,,1.000431,3.6501335,-0.01881453333333279
s1-r1-e0.000001,conditional,96,70210097,1000,1.4864663444999968,0.47116000978652817,0.01489938773312653,1.4572286582057812,1.5157040307942125,1,,1.0004545,4.0133589999999995,-0.009022437000002123
s1-r1-e0.000001,conditional,97,70210098,1000,1.5038190464999996,0.49813501296173923,0.01575241223236594,1.472907434863564,1.5347306581364353,1,,1.0002175,4.578965999999999,0.0025460309999997635
s1-r1-e0.000001,conditional,98,70210099,1000,1.488683882000001,0.49259269520239635,0.015577148756006695,1.4581161971498475,1.5192515668501545,1,,1.0005655,4.188986,-0.007544078666665992
s1-r1-e0.000001,conditional,99,70210100,1000,1.4895260350000006,0.48747794866538646,0.015415406268892597,1.459275744138338,1.5197763258616632,1,,1.00041,4.350341,-0.006982643333332946
s2-r2-e0.1,naive,0,70300001,1000,1.27,5.950336671694008,0.1881661672737863,0.9007537283760984,1.6392462716239016,1,3,1,139,-0.15333333333333332
s2-r2-e0.1,naive,1,70300002,1000,1.0220000000000007,0.6957010852370431,0.02199999999999999,0.9788284878550673,1.065171512144934,0,1,1,23,-0.3186666666666662
s2-r2-e0.1,naive,2,70300003,1000,1.3060000000000012,6.218925875023671,0.19665970364830446,0.9200865097967383,1.691913490203264,1,4,1,174,-0.12933333333333255
s2-r2-e0.1,naive,3,70300004,1000,1.5109999999999995,7.969780197495812,0.2520265787499334,1.0164377952114192,2.0055622047885797,1,6,1,181,0.00733333333333297
s2-r2-e0.1,naive,4,70300005,1000,1.3359999999999987,7.429555996309765,0.23494318952100396,0.8749612381920253,1.7970387618079722,1,3,1,175,-0.10933333333333417
s2-r2-e0.1,naive,5,70300006,1000,1.2960000000000025,5.9891780950522975,0.1893944409275369,0.9243434360597282,1.6676565639402767,1,3,1,138,-0.13599999999999834
s2-r2-e0.1,naive,6,70300007,1000,1.2170000000000019,6.1854806742217825,0.19560207353494788,0.8331619412187219,1.6008380587812818,1,3,1,196,-0.18866666666666543
s2-r2-e0.1,naive,7,70300008,1000,1.389999999999998,8.364679782745295,0.2645144001143754,0.8709324255887465,1.9090675744112493,1,3,1,221,-0.07333333333333474
s2-r2-e0.1,naive,8,70300009,1000,1.6499999999999992,12.412718299211324,0.3925246177955921,0.8797326679841925,2.420267332015806,1,5,1,348,0.09999999999999949
s2-r2-e0.1,naive,9,70300010,1000,1.1159999999999997,2.016087450635167,0.06375428306089409,0.9908923270247765,1.2411076729752228,0,4,1,48,-0.2560000000000002
s2-r2-e0.1,naive,10,70300011,1000,1.758999999999998,14.71303477846744,0.4652670119322801,0.8459872519876658,2.67201274801233,1,6,1,437,0.17266666666666527
s2-r2-e0.1,naive,11,70300012,1000,1.1769999999999996,3.4183850509204428,0.10809882680379264,0.9648731902630456,1.3891268097369536,0,3,1,89,-0.2153333333333336
s2-r2-e0.1,naive,12,70300013,1000,1.2059999999999995,3.747213045131757,0.1184972810051168,0.973467872452091,1.438532127547908,0,4,1,95,-0.1960000000000003
s2-r2-e0.1,naive,13,70300014,1000,1.179999999999999,2.8481066889622846,0.09006504156281564,1.0032616347425887,1.3567383652574094,0,6,1,70,-0.21333333333333396
s2-r2-e0.1,naive,14,70300015,1000,1.290999999999998,5.927178962242534,0.18743385620119565,0.9231907727562879,1.658809227243708,1,3,1,142,-0.13933333333333472
s2-r2-e0.1,naive,15,70300016,1000,1.6659999999999997,9.412812812599919,0.29765927676631415,1.0818908599104984,2.250109140089501,1,7,1,177,0.11066666666666647
s2-r2-e0.1,naive,16,70300017,1000,1.9770000000000003,16.724358737338033,0.528870660157259,0.9391751759964522,3.0148248240035485,1,7,1,362,0.3180000000000002
s2-r2-e0.1,naive,17,70300018,1000,1.736999999999999,14.62585883791946,0.4625102666392896,0.8293969275738862,2.644603072426112,1,7,1,446,0.15799999999999934
s2-r2-e0.1,naive,18,70300019,1000,1.5300000000000011,9.065057930056222,0.28666230180349,0.967470679827095,2.092529320172907,1,6,1,228,0.020000000000000757
s2-r2-e0.1,naive,19,70300020,1000,1.2409999999999997,4.462603929751537,0.14111992713232904,0.964074515996115,1.5179254840038843,1,4,1,107,-0.17266666666666688
s2-r2-e0.1,naive,20,70300021,1000,1.3629999999999993,11.102544640644215,0.3510932888813137,0.6740350825025335,2.051964917497465,1,3,1,352,-0.09133333333333378
s2-r2-e0.1,naive,21,70300022,1000,1.0410000000000015,1.2965338406690365,0.041000000000000036,0.9605440000935346,1.1214559999064684,0,1,1,42,-0.305999999999999
s2-r2-e0.1,naive,22,70300023,1000,1.2139999999999997,4.081772270088679,0.12907697263596205,0.9607069049188783,1.4672930950811212,0,3,1,97,-0.19066666666666685
s2-r2-e0.1,naive,23,70300024,1000,1.3390000000000017,6.351883612396043,0.20086419647469633,0.9448358592004725,1.733164140799531,1,3,1,146,-0.10733333333333217
s2-r2-e0.1,naive,24,70300025,1000,1.553,7.7735203491480345,0.2458202974097513,1.070616638404717,2.0353833615952825,1,9,1,162,0.03533333333333329
s2-r2-e0.1,naive,25,70300026,1000,1.4799999999999998,10.70757919663694,0.3386033848800868,0.8155445389697167,2.144455461030283,1,5,1,331,-0.013333333333333494
s2-r2-e0.1,naive,26,70300027,1000,1.259,4.279747099448194,0.13533748643755444,0.9934216391180162,1.5245783608819836,1,4,1,93,-0.16066666666666674
s2-r2-e0.1,naive,27,70300028,1000,1.781,12.164991821864332,0.3846908187441261,1.0261052566610718,2.535894743338928,1,7,1,293,0.18733333333333327
s2-r2-e0.1,naive,28,70300029,1000,1.8449999999999989,12.820504683527094,0.40541995552801807,1.0494276120965353,2.6405723879034624,1,6,1,315,0.22999999999999923
s2-r2-e0.1,naive,29,70300030,1000,1.3119999999999998,6.347988102773422,0.20074100964415045,0.9180775938255163,1.7059224061744833,1,4,1,177,-0.12533333333333344
s2-r2-e0.1,naive,30,70300031,1000,1.4729999999999992,11.25753094612682,0.35599438619591045,0.7744174560370509,2.1715825439629475,1,2,1,324,-0.018000000000000533
s2-r2-e0.1,naive,31,70300032,1000,1.6469999999999987,10.303715716068533,0.32583210025649356,1.0076061602985273,2.28639383970147,1,7,1,274,0.09799999999999913
s2-r2-e0.1,naive,32,70300033,1000,1.8290000000000026,12.281229074794911,0.38836656342634324,1.0668921904706195,2.591107809529386,1,7,1,240,0.21933333333333507
s2-r2-e0.1,naive,33,70300034,1000,1.44,7.7943024800908995,0.24647748609386447,0.9563270098020943,1.9236729901979057,1,6,1,202,-0.040000000000000036
s2-r2-e0.1,naive,34,70300035,1000,1.129,2.7553495152069094,0.08713180217894584,0.9580176520009865,1.2999823479990134,0,4,1,83,-0.24733333333333332
s2-r2-e0.1,naive,35,70300036,1000,1.465000000000001,11.392039042838366,0.36024790568933734,0.7580705983793622,2.17192940162064,1,4,1,354,-0.02333333333333269
s2-r2-e0.1,naive,36,70300037,1000,1.201000000000001,5.6089267296925085,0.17736983694827907,0.8529398150019334,1.5490601849980685,1,3,1,177,-0.1993333333333327
s2-r2-e0.1,naive,37,70300038,1000,1.5710000000000015,11.264272850159614,0.3562075839210095,0.8719990893016721,2.270000910698331,1,4,1,320,0.04733333333333434
s2-r2-e0.1,naive,38,70300039,1000,1.3220000000000018,7.1154019524511,0.2250087663735458,0.8804559686267284,1.7635440313732753,1,4,1,216,-0.11866666666666544
s2-r2-e0.1,naive,39,70300040,1000,2.2300000000000013,17.45186716852004,0.551876496752369,1.1470298689978102,3.312970131002192,1,8,1,386,0.4866666666666675
s2-r2-e0.1,naive,40,70300041,1000,1.8289999999999997,11.178135341357684,0.35348367672314046,1.135344325332328,2.5226556746676714,1,7,1,194,0.21933333333333316
s2-r2-e0.1,naive,41,70300042,1000,1.2300000000000002,4.7648508689993445,0.15067781457070517,0.9343186771949447,1.5256813228050556,1,3,1,128,-0.17999999999999985
s2-r2-e0.1,naive,42,70300043,1000,1.1619999999999997,3.3940057859814106,0.10732788675491237,0.9513860378850116,1.3726139621149878,0,4,1,102,-0.22533333333333352
s2-r2-e0.1,naive,43,70300044,1000,1.754,13.98431425008195,0.4422228454580847,0.8862077752972403,2.6217922247027596,1,5,1,372,0.16933333333333334
s2-r2-e0.1,naive,44,70300045,1000,1.1799999999999995,5.69209978830308,0.17999999999999994,0.826778536995999,1.533221463004,1,1,1,181,-0.21333333333333368
s2-r2-e0.1,naive,45,70300046,1000,1.4610000000000016,6.148518787747444,0.1944332360561931,1.0794555994646087,1.8425444005353946,1,8,1,149,-0.025999999999998913
s2-r2-e0.1,naive,46,70300047,1000,1.3579999999999999,5.812367815238431,0.1838032089481018,0.9973153423917858,1.718684657608214,1,5,1,125,-0.09466666666666675
s2-r2-e0.1,naive,47,70300048,1000,1,0,0,1,1,0,0,1,1,-0.3333333333333333
s2-r2-e0.1,naive,48,70300049,1000,1.622,10.194755958288024,0.32238649017762694,0.9893676238151875,2.2546323761848126,1,7,1,280,0.08133333333333341
s2-r2-e0.1,naive,49,70300050,1000,1.3089999999999986,7.8495308225481955,0.24822395962947283,0.8218998323723965,1.7961001676276007,1,3,1,245,-0.12733333333333427
s2-r2-e0.1,naive,50,70300051,1000,1.6610000000000016,13.198798706218957,0.41738266289735515,0.8419526954382828,2.4800473045617206,1,5,1,378,0.10733333333333439
s2-r2-e0.1,naive,51,70300052,1000,1.6250000000000016,11.824982249678232,0.373938772000451,0.8912044437782308,2.3587955562217724,1,5,1,318,0.08333333333333437
s2-r2-e0.1,naive,52,70300053,1000,1.0329999999999986,1.0435516278555652,0.033,0.9682427317825985,1.0977572682173986,0,1,1,34,-0.3113333333333343
s2-r2-e0.1,naive,53,70300054,1000,1.6219999999999988,10.243439073086932,0.323925985441187,0.9863466084302839,2.257653391569714,1,5,1,241,0.08133333333333252
s2-r2-e0.1,naive,54,70300055,1000,1.504000000000001,9.086173151692773,0.2873300237401977,0.940160381386185,2.067839618613817,1,5,1,221,0.002666666666667261
s2-r2-e0.1,naive,55,70300056,1000,1.3569999999999998,5.73152696943855,0.18124679694108098,1.0013318956649018,1.7126681043350978,1,4,1,118,-0.09533333333333349
s2-r2-e0.1,naive,56,70300057,1000,1.4749999999999996,8.983990599231893,0.2840987277111375,0.9175012875572042,2.032498712442795,1,5,1,247,-0.016666666666666902
s2-r2-e0.1,naive,57,70300058,1000,1.789000000000001,13.18196659240354,0.41685038472243613,0.9709972069697822,2.6070027930302198,1,4,1,296,0.19266666666666735
s2-r2-e0.1,naive,58,70300059,1000,1.079000000000002,2.498199351533017,0.07899999999999992,0.9239750245704685,1.2340249754295354,0,1,1,80,-0.28066666666666534
s2-r2-e0.1,naive,59,70300060,1000,1.4300000000000026,6.907446186023658,0.2184326276287789,1.0013605983397507,1.8586394016602545,1,5,1,178,-0.046666666666664934
s2-r2-e0.1,naive,60,70300061,1000,1.3169999999999997,5.913499850383057,0.18700128470275396,0.9500396257425865,1.683960374257413,1,4,1,154,-0.12200000000000018
s2-r2-e0.1,naive,61,70300062,1000,1.4990000000000008,6.544067834598287,0.20694159519976624,1.092909927706428,1.9050900722935735,1,6,1,105,-0.0006666666666661492
s2-r2-e0.1,naive,62,70300063,1000,1.6940000000000006,8.879707946391775,0.2808010206769435,1.142972514797075,2.245027485202926,1,8,1,177,0.12933333333333374
s2-r2-e0.1,naive,63,70300064,1000,1.8880000000000012,15.25169072824617,0.48230080869730063,0.9415611263551504,2.834438873644852,1,8,1,436,0.2586666666666675
s2-r2-e0.1,naive,64,70300065,1000,1.4989999999999988,8.166191626804123,0.25823765350096756,0.9922495457092658,2.0057504542907316,1,7,1,206,-0.0006666666666674814
s2-r2-e0.1,naive,65,70300066,1000,1.5080000000000007,10.718340301502787,0.33894368089524674,0.8428767619901107,2.1731232380098904,1,3,1,309,0.0053333333333337824
s2-r2-e0.1,naive,66,70300067,1000,1.772,10.589057755255853,0.3348554078167831,1.1148993497564146,2.4291006502435852,1,8,1,218,0.18133333333333335
s2-r2-e0.1,naive,67,70300068,1000,1.2740000000000011,4.7344840626344205,0.14971753183692058,0.9802030798178616,1.5677969201821407,1,5,1,102,-0.15066666666666592
s2-r2-e0.1,naive,68,70300069,1000,1.1489999999999994,2.91088857091306,0.09205037899037828,0.9683657247941431,1.3296342752058556,0,4,1,79,-0.23400000000000043
s2-r2-e0.1,naive,69,70300070,1000,1.5569999999999997,8.675598942840603,0.2743465272552525,1.0186384348490707,2.0953615651509288,1,5,1,162,0.03799999999999981
s2-r2-e0.1,naive,70,70300071,1000,1.4090000000000007,7.431348729802955,0.23499988073176548,0.9478499906786682,1.8701500093213332,1,5,1,193,-0.0606666666666662
s2-r2-e0.1,naive,71,70300072,1000,1.5859999999999996,7.233320463309019,0.22873767709960902,1.1371385725041074,2.034861427495892,1,10,1,152,0.05733333333333309
s2-r2-e0.1,naive,72,70300073,1000,1.2819999999999983,6.303190161037996,0.19932437434043584,0.8908575160172991,1.6731424839826974,1,2,1,144,-0.1453333333333345
s2-r2-e0.1,naive,73,70300074,1000,1.1790000000000007,4.018595290410333,0.12707914112122456,0.9296273325326074,1.428372667467394,0,2,1,99,-0.21399999999999952
s2-r2-e0.1,naive,74,70300075,1000,1.7139999999999993,11.049357098595927,0.349411351121128,1.0283356187043917,2.399664381295607,1,7,1,295,0.1426666666666662
s2-r2-e0.1,naive,75,70300076,1000,1.608999999999999,8.8432076375782,0.2796467795654393,1.0602375299863227,2.1577624700136755,1,5,1,152,0.07266666666666606
s2-r2-e0.1,naive,76,70300077,1000,1.8120000000000025,10.196107915112341,0.32242924280625745,1.1792837285594557,2.4447162714405493,1,9,1,152,0.20800000000000166
s2-r2-e0.1,naive,77,70300078,1000,1.2940000000000014,5.28691928399853,0.16718706742901954,0.9659218858187415,1.6220781141812612,1,4,1,115,-0.13733333333333242
s2-r2-e0.1,naive,78,70300079,1000,1.842000000000001,12.686922163944802,0.40119570535337723,1.054717033356435,2.629282966643567,1,6,1,293,0.22800000000000065
s2-r2-e0.1,naive,79,70300080,1000,1.6709999999999996,9.531401083083564,0.3014093671513985,1.07953190206485,2.262468097935149,1,8,1,194,0.11399999999999973
s2-r2-e0.1,naive,80,70300081,1000,1.5870000000000004,14.05503379487133,0.4444591938243321,0.7148192961766157,2.4591807038233853,1,3,1,408,0.058000000000000274
s2-r2-e0.1,naive,81,70300082,1000,1.5490000000000017,8.321950123249586,0.26316316963787656,1.032584001176331,2.0654159988236724,1,5,1,170,0.03266666666666781
s2-r2-e0.1,naive,82,70300083,1000,1.4270000000000012,6.903501237004987,0.21830787738725643,0.998605400910975,1.8553945990890273,1,6,1,176,-0.04866666666666589
s2-r2-e0.1,naive,83,70300084,1000,1.2810000000000001,5.076791586505478,0.16054224619337057,0.9659612940312734,1.5960387059687269,1,4,1,118,-0.1459999999999999
s2-r2-e0.1,naive,84,70300085,1000,1.579,9.226314750965518,0.2917616902266024,1.006463938497997,2.1515360615020027,1,5,1,168,0.05266666666666664
s2-r2-e0.1,naive,85,70300086,1000,1.601999999999999,9.54561232790829,0.30185876617172264,1.0096500277346745,2.1943499722653232,1,5,1,213,0.06799999999999932
s2-r2-e0.1,naive,86,70300087,1000,1.7639999999999982,12.072947447084324,0.38178012004301626,1.014817041403125,2.5131829585968717,1,9,1,335,0.17599999999999882
s2-r2-e0.1,naive,87,70300088,1000,1.455000000000002,7.226908274165603,0.22853490587479905,1.0065364788856792,1.903463521114325,1,7,1,184,-0.02999999999999862
s2-r2-e0.1,naive,88,70300089,1000,1.439999999999999,12.306252225752733,0.3891578649389526,0.676339386704165,2.203660613295833,1,3,1,388,-0.040000000000000625
s2-r2-e0.1,naive,89,70300090,1000,1.2759999999999994,8.356653496326015,0.26426058665199736,0.7574304942693662,1.7945695057306326,1,2,1,265,-0.14933333333333376
s2-r2-e0.1,naive,90,70300091,1000,1.3270000000000006,7.173111216517172,0.2268336935389548,0.8818748383864965,1.7721251616135048,1,3,1,197,-0.11533333333333291
s2-r2-e0.1,naive,91,70300092,1000,1.4489999999999998,6.530853776578607,0.20652372999500823,1.0437299219228886,1.854270078077111,1,8,1,147,-0.034000000000000107
s2-r2-e0.1,naive,92,70300093,1000,1.9199999999999957,15.372960935614453,0.4861357093733477,0.9660357417592094,2.873964258240782,1,8,1,402,0.27999999999999714
s2-r2-e0.1,naive,93,70300094,1000,1.8819999999999992,14.550525550432658,0.4601280189184241,0.9790717110472313,2.7849282889527673,1,6,1,376,0.25466666666666615
s2-r2-e0.1,naive,94,70300095,1000,1.2910000000000008,6.850492555156034,0.21663159568319726,0.8658948379993893,1.7161051620006122,1,5,1,212,-0.13933333333333278
s2-r2-e0.1,naive,95,70300096,1000,1.7029999999999998,13.173242779411801,0.4165745135330835,0.8855385604425798,2.52046143955742,1,5,1,296,0.13533333333333322
s2-r2-e0.1,naive,96,70300097,1000,1.6519999999999984,10.624206783085956,0.33596691767162085,0.9927181878838065,2.3112818121161904,1,5,1,267,0.10133333333333223
s2-r2-e0.1,naive,97,70300098,1000,2.212999999999999,18.065270133186083,0.5712740016708139,1.091965340853806,3.3340346591461927,1,7,1,406,0.4753333333333328
s2-r2-e0.1,naive,98,70300099,1000,1.4860000000000007,9.859158534429143,0.311773967814837,0.8741930164548954,2.097806983545106,1,4,1,272,-0.009333333333332897
s2-r2-e0.1,naive,99,70300100,1000,1.1379999999999997,2.532463103259229,0.08008351496637348,0.9808487982281929,1.2951512017718065,0,3,1,52,-0.24133333333333354
s2-r2-e0.1,conditional,0,70310001,1000,1.5231300000000014,0.542754166437426,0.017163393754883828,1.4894495608210359,1.556810439178967,1,,1.005,5.280000000000001,0.015420000000000952
s2-r2-e0.1,conditional,1,70310002,1000,1.480294999999998,0.49560575363693904,0.01567243002977006,1.449540340755869,1.511049659244127,1,,1.005,5.720000000000001,-0.013136666666668054
s2-r2-e0.1,conditional,2,70310003,1000,1.522945000000001,0.5327981567637516,0.01684855708512902,1.4898823778715806,1.5560076221284216,1,,1.005,4.6850000000000005,0.015296666666667402
s2-r2-e0.1,conditional,3,70310004,1000,1.489629999999999,0.4831780459873194,0.0152794314070951,1.4596465382473134,1.5196134617526844,1,,1.005,4.785,-0.006913333333334067
s2-r2-e0.1,conditional,4,70310005,1000,1.4906400000000009,0.48890343317158996,0.015460484046981431,1.4603012511454188,1.520978748854583,1,,1.005,4.675000000000001,-0.006239999999999431
s2-r2-e0.1,conditional,5,70310006,1000,1.526779999999999,0.512824697894681,0.01621694085734948,1.4949568245828748,1.558603175417123,1,,1.005,4.1000000000000005,0.01785333333333261
s2-r2-e0.1,conditional,6,70310007,1000,1.472250000000002,0.488932912466417,0.015461416264136123,1.4419094218170465,1.5025905781829576,1,,1.005,4.170000000000001,-0.01849999999999863
s2-r2-e0.1,conditional,7,70310008,1000,1.499704999999999,0.4916382777725626,0.01554696742683831,1.4691965412234247,1.5302134587765732,1,,1.005,4.565000000000001,-0.00019666666666736296
s2-r2-e0.1,conditional,8,70310009,1000,1.5099700000000016,0.4732727926220102,0.014966199792740852,1.480601205631101,1.539338794368902,1,,1.005,4.2250000000000005,0.006646666666667726
s2-r2-e0.1,conditional,9,70310010,1000,1.5089400000000017,0.5165943729331032,0.016336148448950448,1.4768828985833973,1.5409971014166062,1,,1.005,4.8100000000000005,0.005960000000001149
s2-r2-e0.1,conditional,10,70310011,1000,1.5265700000000002,0.5121331032216287,0.016195070713504633,1.4947897412729039,1.5583502587270965,1,,1.005,4.125,0.01771333333333347
s2-r2-e0.1,conditional,11,70310012,1000,1.4778050000000003,0.47043572009546836,0.014876483682031243,1.448612259274877,1.5069977407251236,1,,1.005,4.130000000000001,-0.014796666666666495
s2-r2-e0.1,conditional,12,70310013,1000,1.5117500000000006,0.515285704106816,0.01629476470701118,1.4797741076160205,1.5437258923839807,1,,1.005,5.320000000000001,0.007833333333333728
s2-r2-e0.1,conditional,13,70310014,1000,1.4958099999999983,0.4673042019039816,0.014777456381837748,1.4668115846518286,1.524808415348168,1,,1.005,4.440000000000001,-0.0027933333333344614
s2-r2-e0.1,conditional,14,70310015,1000,1.495354999999999,0.5014620256192267,0.01585762161038464,1.4642369316389774,1.5264730683610208,1,,1.005,5.245000000000001,-0.0030966666666672658
s2-r2-e0.1,conditional,15,70310016,1000,1.5394050000000001,0.5440806877382891,0.017205342041638396,1.5056422439587127,1.5731677560412876,0,,1.005,4.590000000000001,0.02627000000000009
s2-r2-e0.1,conditional,16,70310017,1000,1.4922650000000006,0.4690667525985969,0.014833193128702711,1.4631572101225492,1.521372789877452,1,,1.005,4.73,-0.005156666666666254
s2-r2-e0.1,conditional,17,70310018,1000,1.5109199999999998,0.48861958894696655,0.015451508104476487,1.4805988650095478,1.5412411349904518,1,,1.005,4.7250000000000005,0.0072799999999998794
s2-r2-e0.1,conditional,18,70310019,1000,1.4924750000000022,0.5029461742863041,0.015904554512127314,1.4612648332599996,1.5236851667400049,1,,1.005,4.375,-0.005016666666665189
s2-r2-e0.1,conditional,19,70310020,1000,1.499819999999999,0.48433004572625193,0.015315860837484561,1.4697650512656548,1.5298749487343433,1,,1.005,4.440000000000001,-0.00012000000000063811
s2-r2-e0.1,conditional,20,70310021,1000,1.5091550000000011,0.4997127913600461,0.01580230596618256,1.4781454798210465,1.5401645201789558,1,,1.005,4.645000000000001,0.006103333333334089
s2-r2-e0.1,conditional,21,70310022,1000,1.4972500000000013,0.5233517311851893,0.016549834879373712,1.4647735728412956,1.529726427158707,1,,1.005,4.825000000000001,-0.0018333333333324653
s2-r2-e0.1,conditional,22,70310023,1000,1.5114350000000012,0.5022181187629673,0.015881531374959214,1.4802700125166288,1.5425999874833736,1,,1.005,5.065,0.00762333333333413
s2-r2-e0.1,conditional,23,70310024,1000,1.5064050000000013,0.502266983882176,0.01588307662570757,1.4752369802070175,1.537573019792985,1,,1.005,4.700000000000001,0.004270000000000884
s2-r2-e0.1,conditional,24,70310025,1000,1.5267799999999994,0.5439464673654564,0.01720109762077291,1.4930255729617548,1.560534427038244,1,,1.005,7.455000000000001,0.017853333333332905
s2-r2-e0.1,conditional,25,70310026,1000,1.482205,0.504048984081263,0.01593942841990745,1.4509263987448486,1.5134836012551514,1,,1.005,5.875000000000001,-0.011863333333333337
s2-r2-e0.1,conditional,26,70310027,1000,1.4947150000000007,0.4759692116780933,0.01505146805017589,1.4651788801942167,1.5242511198057846,1,,1.005,4.455,-0.0035233333333328787
s2-r2-e0.1,conditional,27,70310028,1000,1.507350000000002,0.5099875633922997,0.016127222786791743,1.4757028820725462,1.5389971179274577,1,,1.005,5.775000000000001,0.00490000000000131
s2-r2-e0.1,conditional,28,70310029,1000,1.517539999999999,0.5065636733473443,0.01601894987679139,1.4861053504929544,1.5489746495070436,1,,1.005,4.735000000000001,0.011693333333332667
s2-r2-e0.1,conditional,29,70310030,1000,1.476910000000001,0.48044930370792854,0.015193140999590354,1.44709586949166,1.506724130508342,1,,1.005,3.9750000000000005,-0.01539333333333263
s2-r2-e0.1,conditional,30,70310031,1000,1.5182100000000016,0.48682367772448526,0.015394716405091505,1.488000309715901,1.5484196902841023,1,,1.005,4.15,0.012140000000001075
s2-r2-e0.1,conditional,31,70310032,1000,1.4915099999999977,0.4634274321669845,0.014654862158508522,1.4627521563791623,1.520267843620833,1,,1.005,4.205,-0.005660000000001553
s2-r2-e0.1,conditional,32,70310033,1000,1.50052,0.5222729637351037,0.016515721257294485,1.46811051541629,1.5329294845837103,1,,1.005,4.6000000000000005,0.0003466666666667173
s2-r2-e0.1,conditional,33,70310034,1000,1.5093800000000013,0.5209236768251923,0.01647305305877078,1.477054244991326,1.5417057550086766,1,,1.005,5.1000000000000005,0.006253333333334184
s2-r2-e0.1,conditional,34,70310035,1000,1.5039299999999995,0.5055083023489759,0.015985576115478094,1.472560841208494,1.535299158791505,1,,1.005,5.945000000000001,0.002619999999999697
s2-r2-e0.1,conditional,35,70310036,1000,1.4841250000000004,0.476624149571709,0.015072179004873676,1.4545482382291133,1.5137017617708874,1,,1.005,4.73,-0.010583333333333092
s2-r2-e0.1,conditional,36,70310037,1000,1.48139,0.4587001457637916,0.014505372236648174,1.4529255066508528,1.5098544933491471,1,,1.005,4.090000000000001,-0.012406666666666677
s2-r2-e0.1,conditional,37,70310038,1000,1.518060000000001,0.5401638764425232,0.017081481593041438,1.48454030045239,1.551579699547612,1,,1.005,4.98,0.012040000000000717
s2-r2-e0.1,conditional,38,70310039,1000,1.5026699999999962,0.5106847560090474,0.0161492699531595,1.4709796180038766,1.5343603819961158,1,,1.005,4.665000000000001,0.0017799999999974503
s2-r2-e0.1,conditional,39,70310040,1000,1.5017850000000008,0.4929716623040666,0.015589132748002202,1.4711937984654846,1.532376201534517,1,,1.005,5.345000000000001,0.0011900000000005424
s2-r2-e0.1,conditional,40,70310041,1000,1.490589999999998,0.500237182883419,0.015818888682177998,1.4595479388699073,1.5216320611300889,1,,1.005,5.0600000000000005,-0.0062733333333346115
s2-r2-e0.1,conditional,41,70310042,1000,1.4847900000000012,0.4778123172444499,0.015109752165754104,1.4551395068576927,1.5144404931423097,1,,1.005,4.295000000000001,-0.010139999999999224
s2-r2-e0.1,conditional,42,70310043,1000,1.4930750000000006,0.4769127437384539,0.015081305153737198,1.4634803296088181,1.522669670391183,1,,1.005,4.49,-0.004616666666666269
s2-r2-e0.1,conditional,43,70310044,1000,1.5043399999999996,0.5046802617168288,0.015959391171550586,1.4730222250096205,1.5356577749903786,1,,1.005,4.050000000000001,0.0028933333333330444
s2-r2-e0.1,conditional,44,70310045,1000,1.5081849999999997,0.47946550234917107,0.015162030469001933,1.4784319189757102,1.537938081024289,1,,1.005,3.9800000000000004,0.005456666666666443
s2-r2-e0.1,conditional,45,70310046,1000,1.4906399999999995,0.48030592770044417,0.015188607052135634,1.4608347666447317,1.5204452333552674,1,,1.005,5.180000000000001,-0.006240000000000319
s2-r2-e0.1,conditional,46,70310047,1000,1.5057700000000007,0.5069189520267754,0.01603018477510238,1.4743133037861889,1.5372266962138126,1,,1.005,4.9350000000000005,0.003846666666667146
s2-r2-e0.1,conditional,47,70310048,1000,1.4969399999999984,0.49927969778133047,0.015788610344695215,1.4659573553069243,1.5279226446930725,1,,1.005,4.345000000000001,-0.002040000000001078
s2-r2-e0.1,conditional,48,70310049,1000,1.5158699999999992,0.5076540709535935,0.016053431276700822,1.4843676862122746,1.5473723137877238,1,,1.005,4.975000000000001,0.010579999999999442
s2-r2-e0.1,conditional,49,70310050,1000,1.511645000000001,0.513310536304956,0.016232304416862124,1.4797916760330547,1.5434983239669473,1,,1.005,5.730000000000001,0.00776333333333401
s2-r2-e0.1,conditional,50,70310051,1000,1.498925,0.4980344442733686,0.015749231971200473,1.4680196291219068,1.5298303708780934,1,,1.005,4.715000000000001,-0.0007166666666666247
s2-r2-e0.1,conditional,51,70310052,1000,1.4865100000000007,0.4589198484782802,0.014512319846507232,1.4580318730679713,1.51498812693203,1,,1.005,4.005000000000001,-0.00899333333333289
s2-r2-e0.1,conditional,52,70310053,1000,1.49838,0.4969432343620127,0.015714724883948122,1.4675423438099249,1.5292176561900752,1,,1.005,5.525000000000001,-0.0010799999999999699
s2-r2-e0.1,conditional,53,70310054,1000,1.4945800000000018,0.5013311345872173,0.015853482472520247,1.4634700540408248,1.5256899459591788,1,,1.005,4.200000000000001,-0.003613333333332136
s2-r2-e0.1,conditional,54,70310055,1000,1.5052349999999988,0.5068337500850012,0.016027490453131628,1.4737835909658998,1.5366864090340977,1,,1.005,4.41,0.003489999999999179
s2-r2-e0.1,conditional,55,70310056,1000,1.484839999999999,0.4929705816723696,0.01558909857542746,1.454248865523743,1.515431134476255,1,,1.005,4.915000000000001,-0.0101066666666673
s2-r2-e0.1,conditional,56,70310057,1000,1.478039999999997,0.4840946767483156,0.015308417816876314,1.4479996570135882,1.5080803429864056,1,,1.005,5.720000000000001,-0.01464000000000206
s2-r2-e0.1,conditional,57,70310058,1000,1.4978650000000011,0.520823649663731,0.016469889922189788,1.465545452145386,1.5301845478546163,1,,1.005,8.215000000000002,-0.001423333333332592
s2-r2-e0.1,conditional,58,70310059,1000,1.511490000000001,0.5488927154855613,0.01735751172009149,1.4774286350895578,1.5455513649104444,1,,1.005,5.830000000000001,0.00766000000000074
s2-r2-e0.1,conditional,59,70310060,1000,1.4969000000000003,0.4865329426712077,0.01538552255545143,1.466708351188236,1.5270916488117647,1,,1.005,4.15,-0.002066666666666439
s2-r2-e0.1,conditional,60,70310061,1000,1.4589300000000018,0.45780294738963706,0.014477000332894892,1.430521182013921,1.4873388179860827,0,,1.005,5.5600000000000005,-0.027379999999998777
s2-r2-e0.1,conditional,61,70310062,1000,1.4570850000000006,0.45963343075288343,0.01453488529936393,1.4285625919442413,1.48560740805576,0,,1.005,4.470000000000001,-0.02860999999999958
s2-r2-e0.1,conditional,62,70310063,1000,1.5116299999999991,0.5283006669451547,0.016706333969327178,1.4788464681884481,1.5444135318115502,1,,1.005,5.1850000000000005,0.007753333333332761
s2-r2-e0.1,conditional,63,70310064,1000,1.5175099999999984,0.5000730175913541,0.015813697319821282,1.4864781260955,1.5485418739044967,1,,1.005,3.8600000000000008,0.01167333333333224
s2-r2-e0.1,conditional,64,70310065,1000,1.5020299999999975,0.5127772612154513,0.01621544077783947,1.4702097682510908,1.5338502317489042,1,,1.005,4.505000000000001,0.0013533333333316893
s2-r2-e0.1,conditional,65,70310066,1000,1.5156650000000014,0.5030277026612399,0.01590713266571461,1.484449774042321,1.5468802259576817,1,,1.005,4.405000000000001,0.010443333333334248
s2-r2-e0.1,conditional,66,70310067,1000,1.4734899999999997,0.4918352079424283,0.015553194905606105,1.4429693207836412,1.5040106792163583,1,,1.005,5.840000000000001,-0.017673333333333503
s2-r2-e0.1,conditional,67,70310068,1000,1.5300550000000006,0.537438193457431,0.016995287928916858,1.496704441853188,1.5634055581468131,1,,1.005,5.070000000000001,0.020036666666667074
s2-r2-e0.1,conditional,68,70310069,1000,1.5056149999999997,0.5116690844940969,0.016180397152944895,1.473863535809172,1.5373664641908273,1,,1.005,5.070000000000001,0.0037433333333331356
s2-r2-e0.1,conditional,69,70310070,1000,1.4924699999999993,0.4951493936399621,0.01565799865953571,1.4617436600320222,1.5231963399679764,1,,1.005,4.620000000000001,-0.0050200000000004685
s2-r2-e0.1,conditional,70,70310071,1000,1.5075099999999997,0.4788441203477305,0.01514238064478607,1.477795478640473,1.5372245213595264,1,,1.005,4.8100000000000005,0.0050066666666664554
s2-r2-e0.1,conditional,71,70310072,1000,1.4880749999999996,0.4505555122786144,0.014247816311443822,1.4601159193214415,1.5160340806785577,1,,1.005,4.130000000000001,-0.007950000000000271
s2-r2-e0.1,conditional,72,70310073,1000,1.514979999999998,0.5118275266308145,0.016185407533238612,1.483218703732184,1.546741296267812,1,,1.005,4.605,0.00998666666666533
s2-r2-e0.1,conditional,73,70310074,1000,1.503945000000001,0.5218750957754071,0.016503139567688035,1.4715602049874565,1.5363297950125454,1,,1.005,6.075000000000001,0.0026300000000006505
s2-r2-e0.1,conditional,74,70310075,1000,1.4980100000000005,0.5041555938029082,0.015942799715318604,1.466724783112086,1.529295216887915,1,,1.005,5.075000000000001,-0.001326666666666328
s2-r2-e0.1,conditional,75,70310076,1000,1.5296649999999987,0.5443127218007259,0.017212679602958813,1.4958878451579085,1.563442154842089,1,,1.005,4.920000000000001,0.019776666666665815
s2-r2-e0.1,conditional,76,70310077,1000,1.4985749999999998,0.5071669475504962,0.016038027082147223,1.467102914501923,1.5300470854980766,1,,1.005,5.640000000000001,-0.0009500000000001544
s2-r2-e0.1,conditional,77,70310078,1000,1.5058800000000008,0.4796304525058547,0.015167246650957152,1.4761166830455918,1.5356433169544097,1,,1.005,4.610000000000001,0.003920000000000516
s2-r2-e0.1,conditional,78,70310079,1000,1.4965149999999994,0.4806656522409773,0.015199982540919057,1.466687444051451,1.5263425559485477,1,,1.005,4.835000000000001,-0.002323333333333751
s2-r2-e0.1,conditional,79,70310080,1000,1.47641,0.45349494988320377,0.014340769490148342,1.448268513444926,1.504551486555074,1,,1.005,3.7100000000000004,-0.015726666666666667
s2-r2-e0.1,conditional,80,70310081,1000,1.4676500000000017,0.471977849682155,0.014925250101441882,1.4383615629081576,1.4969384370918457,0,,1.005,4.420000000000001,-0.02156666666666555
s2-r2-e0.1,conditional,81,70310082,1000,1.5087400000000017,0.502231718531495,0.0158819614374012,1.4775741685872685,1.539905831412735,1,,1.005,4.355,0.005826666666667831
s2-r2-e0.1,conditional,82,70310083,1000,1.4910150000000015,0.4828885234721377,0.01527027590127635,1.4610495044759817,1.5209804955240214,1,,1.005,4.9350000000000005,-0.005989999999998978
s2-r2-e0.1,conditional,83,70310084,1000,1.5138399999999996,0.5101295782314398,0.016131713690324,1.4821840693863446,1.5454959306136546,1,,1.005,4.890000000000001,0.00922666666666642
s2-r2-e0.1,conditional,84,70310085,1000,1.5508350000000002,0.5557188598799095,0.0175733733593248,1.516350040845021,1.5853199591549794,0,,1.005,6.490000000000001,0.03389000000000012
s2-r2-e0.1,conditional,85,70310086,1000,1.5098149999999992,0.4866396088317144,0.015388895635616092,1.479616732053176,1.5400132679468226,1,,1.005,5.075000000000001,0.006543333333332828
s2-r2-e0.1,conditional,86,70310087,1000,1.5039399999999992,0.4778450714534079,0.015110787944786748,1.4742874743055503,1.533592525694448,1,,1.005,4.165000000000001,0.002626666666666111
s2-r2-e0.1,conditional,87,70310088,1000,1.5032100000000024,0.49771353675047336,0.015739083984294158,1.4723245429373624,1.5340954570626424,1,,1.005,4.57,0.002140000000001585
s2-r2-e0.1,conditional,88,70310089,1000,1.50258,0.5118329968032707,0.016185580515280164,1.4708183642823538,1.5343416357176463,1,,1.005,4.8100000000000005,0.0017200000000000177
s2-r2-e0.1,conditional,89,70310090,1000,1.4808750000000002,0.47329823641716184,0.014967004396190831,1.45150462672439,1.5102453732756103,1,,1.005,3.9950000000000006,-0.012749999999999892
s2-r2-e0.1,conditional,90,70310091,1000,1.5066550000000003,0.493039627260375,0.015591281988632286,1.4760595809214858,1.5372504190785148,1,,1.005,4.025,0.004436666666666866
s2-r2-e0.1,conditional,91,70310092,1000,1.4706449999999993,0.4705933138518247,0.01488146723418232,1.441442479843866,1.4998475201561325,0,,1.005,4.855,-0.01957000000000046
s2-r2-e0.1,conditional,92,70310093,1000,1.4953800000000006,0.4844268520375136,0.015318922121839223,1.4653190439804429,1.5254409560195583,1,,1.005,4.500000000000001,-0.0030799999999996017
s2-r2-e0.1,conditional,93,70310094,1000,1.5096350000000012,0.5070551712799329,0.01603449240611383,1.4781698507432564,1.541100149256746,1,,1.005,5.205000000000001,0.006423333333334114
s2-r2-e0.1,conditional,94,70310095,1000,1.5038599999999998,0.48197889378483605,0.015241510884884553,1.4739509512602758,1.5337690487397238,1,,1.005,5.040000000000001,0.0025733333333331685
s2-r2-e0.1,conditional,95,70310096,1000,1.4965649999999997,0.47987717999805235,0.015175048859324412,1.4667863724486232,1.5263436275513762,1,,1.005,4.140000000000001,-0.0022900000000001994
s2-r2-e0.1,conditional,96,70310097,1000,1.536330000000001,0.4982123007279091,0.015754856286129576,1.5054135922955318,1.5672464077044703,0,,1.005,4.175000000000001,0.024220000000000724
s2-r2-e0.1,conditional,97,70310098,1000,1.4907749999999993,0.4933637422401012,0.015601531404229428,1.460159468068306,1.5213905319316925,1,,1.005,4.955000000000001,-0.00615000000000047
s2-r2-e0.1,conditional,98,70310099,1000,1.5048199999999994,0.494007146365982,0.015621877629166756,1.4741645418275342,1.5354754581724646,1,,1.005,4.5200000000000005,0.0032133333333329204
s2-r2-e0.1,conditional,99,70310100,1000,1.5127400000000002,0.49078004997906904,0.015519827881051308,1.48228479827936,1.5431952017206403,1,,1.005,3.8500000000000005,0.008493333333333464
s2-r2-e0.01,naive,0,70400001,1000,1,0,0,1,1,0,0,1,1,-0.3333333333333333
s2-r2-e0.01,naive,1,70400002,1000,1,0,0,1,1,0,0,1,1,-0.3333333333333333
s2-r2-e0.01,naive,2,70400003,1000,1,0,0,1,1,0,0,1,1,-0.3333333333333333
s2-r2-e0.01,naive,3,70400004,1000,1,0,0,1,1,0,0,1,1,-0.3333333333333333
s2-r2-e0.01,naive,4,70400005,1000,1,0,0,1,1,0,0,1,1,-0.3333333333333333
s2-r2-e0.01,naive,5,70400006,1000,1,0,0,1,1,0,0,1,1,-0.3333333333333333
s2-r2-e0.01,naive,6,70400007,1000,1,0,0,1,1,0,0,1,1,-0.3333333333333333
s2-r2-e0.01,naive,7,70400008,1000,1,0,0,1,1,0,0,1,1,-0.3333333333333333
s2-r2-e0.01,naive,8,70400009,1000,1,0,0,1,1,0,0,1,1,-0.3333333333333333
s2-r2-e0.01,naive,9,70400010,1000,1,0,0,1,1,0,0,1,1,-0.3333333333333333
s2-r2-e0.01,naive,10,70400011,1000,21.115000000000002,636.0921513428698,20.11500000000001,-18.357498490697083,60.58749849069709,1,1,1,20116,13.076666666666668
s2-r2-e0.01,naive,11,70400012,1000,1,0,0,1,1,0,0,1,1,-0.3333333333333333
s2-r2-e0.01,naive,12,70400013,1000,1,0,0,1,1,0,0,1,1,-0.3333333333333333
s2-r2-e0.01,naive,13,70400014,1000,1,0,0,1,1,0,0,1,1,-0.3333333333333333
s2-r2-e0.01,naive,14,70400015,1000,1,0,0,1,1,0,0,1,1,-0.3333333333333333
s2-r2-e0.01,naive,15,70400016,1000,1,0,0,1,1,0,0,1,1,-0.3333333333333333
s2-r2-e0.01,naive,16,70400017,1000,1,0,0,1,1,0,0,1,1,-0.3333333333333333
s2-r2-e0.01,naive,17,70400018,1000,1,0,0,1,1,0,0,1,1,-0.3333333333333333
s2-r2-e0.01,naive,18,70400019,1000,1,0,0,1,1,0,0,1,1,-0.3333333333333333
s2-r2-e0.01,naive,19,70400020,1000,1,0,0,1,1,0,0,1,1,-0.3333333333333333
s2-r2-e0.01,naive,20,70400021,1000,1,0,0,1,1,0,0,1,1,-0.3333333333333333
s2-r2-e0.01,naive,21,70400022,1000,1,0,0,1,1,0,0,1,1,-0.3333333333333333
s2-r2-e0.01,naive,22,70400023,1000,1,0,0,1,1,0,0,1,1,-0.3333333333333333
s2-r2-e0.01,naive,23,70400024,1000,1,0,0,1,1,0,0,1,1,-0.3333333333333333
s2-r2-e0.01,naive,24,70400025,1000,1,0,0,1,1,0,0,1,1,-0.3333333333333333
s2-r2-e0.01,naive,25,70400026,1000,1,0,0,1,1,0,0,1,1,-0.3333333333333333
s2-r2-e0.01,naive,26,70400027,1000,1,0,0,1,1,0,0,1,1,-0.3333333333333333
s2-r2-e0.01,naive,27,70400028,1000,1,0,0,1,1,0,0,1,1,-0.3333333333333333
s2-r2-e0.01,naive,28,70400029,1000,1,0,0,1,1,0,0,1,1,-0.3333333333333333
s2-r2-e0.01,naive,29,70400030,1000,1,0,0,1,1,0,0,1,1,-0.3333333333333333
s2-r2-e0.01,naive,30,70400031,1000,1,0,0,1,1,0,0,1,1,-0.3333333333333333
s2-r2-e0.01,naive,31,70400032,1000,1,0,0,1,1,0,0,1,1,-0.3333333333333333
s2-r2-e0.01,naive,32,70400033,1000,1,0,0,1,1,0,0,1,1,-0.3333333333333333
s2-r2-e0.01,naive,33,70400034,1000,14.386999999999999,423.33411036674084,13.386999999999997,-11.882865140191972,40.65686514019197,1,1,1,13388,8.591333333333333
s2-r2-e0.01,naive,34,70400035,1000,1,0,0,1,1,0,0,1,1,-0.3333333333333333
s2-r2-e0.01,naive,35,70400036,1000,1,0,0,1,1,0,0,1,1,-0.3333333333333333
s2-r2-e0.01,naive,36,70400037,1000,1,0,0,1,1,0,0,1,1,-0.3333333333333333
s2-r2-e0.01,naive,37,70400038,1000,1,0,0,1,1,0,0,1,1,-0.3333333333333333
s2-r2-e0.01,naive,38,70400039,1000,1,0,0,1,1,0,0,1,1,-0.3333333333333333
s2-r2-e0.01,naive,39,70400040,1000,1,0,0,1,1,0,0,1,1,-0.3333333333333333
s2-r2-e0.01,naive,40,70400041,1000,1,0,0,1,1,0,0,1,1,-0.3333333333333333
s2-r2-e0.01,naive,41,70400042,1000,1,0,0,1,1,0,0,1,1,-0.3333333333333333
s2-r2-e0.01,naive,42,70400043,1000,1,0,0,1,1,0,0,1,1,-0.3333333333333333
s2-r2-e0.01,naive,43,70400044,1000,1,0,0,1,1,0,0,1,1,-0.3333333333333333
s2-r2-e0.01,naive,44,70400045,1000,1,0,0,1,1,0,0,1,1,-0.3333333333333333
s2-r2-e0.01,naive,45,70400046,1000,1,0,0,1,1,0,0,1,1,-0.3333333333333333
s2-r2-e0.01,naive,46,70400047,1000,1,0,0,1,1,0,0,1,1,-0.3333333333333333
s2-r2-e0.01,naive,47,70400048,1000,1,0,0,1,1,0,0,1,1,-0.3333333333333333
s2-r2-e0.01,naive,48,70400049,1000,1,0,0,1,1,0,0,1,1,-0.3333333333333333
s2-r2-e0.01,naive,49,70400050,1000,1,0,0,1,1,0,0,1,1,-0.3333333333333333
s2-r2-e0.01,naive,50,70400051,1000,1,0,0,1,1,0,0,1,1,-0.3333333333333333
s2-r2-e0.01,naive,51,70400052,1000,1,0,0,1,1,0,0,1,1,-0.3333333333333333
s2-r2-e0.01,naive,52,70400053,1000,1,0,0,1,1,0,0,1,1,-0.3333333333333333
s2-r2-e0.01,naive,53,70400054,1000,1,0,0,1,1,0,0,1,1,-0.3333333333333333
s2-r2-e0.01,naive,54,70400055,1000,1,0,0,1,1,0,0,1,1,-0.3333333333333333
s2-r2-e0.01,naive,55,70400056,1000,1,0,0,1,1,0,0,1,1,-0.3333333333333333
s2-r2-e0.01,naive,56,70400057,1000,1,0,0,1,1,0,0,1,1,-0.3333333333333333
s2-r2-e0.01,naive,57,70400058,1000,1,0,0,1,1,0,0,1,1,-0.3333333333333333
s2-r2-e0.01,naive,58,70400059,1000,1,0,0,1,1,0,0,1,1,-0.3333333333333333
s2-r2-e0.01,naive,59,70400060,1000,1,0,0,1,1,0,0,1,1,-0.3333333333333333
s2-r2-e0.01,naive,60,70400061,1000,1,0,0,1,1,0,0,1,1,-0.3333333333333333
s2-r2-e0.01,naive,61,70400062,1000,17.452,520.2579206509015,16.45199999999999,-14.832441718565637,49.736441718565644,1,1,1,16453,10.634666666666668
s2-r2-e0.01,naive,62,70400063,1000,1,0,0,1,1,0,0,1,1,-0.3333333333333333
s2-r2-e0.01,naive,63,70400064,1000,1,0,0,1,1,0,0,1,1,-0.3333333333333333
s2-r2-e0.01,naive,64,70400065,1000,1,0,0,1,1,0,0,1,1,-0.3333333333333333
s2-r2-e0.01,naive,65,70400066,1000,1,0,0,1,1,0,0,1,1,-0.3333333333333333
s2-r2-e0.01,naive,66,70400067,1000,1,0,0,1,1,0,0,1,1,-0.3333333333333333
s2-r2-e0.01,naive,67,70400068,1000,1,0,0,1,1,0,0,1,1,-0.3333333333333333
s2-r2-e0.01,naive,68,70400069,1000,1,0,0,1,1,0,0,1,1,-0.3333333333333333
s2-r2-e0.01,naive,69,70400070,1000,1,0,0,1,1,0,0,1,1,-0.3333333333333333
s2-r2-e0.01,naive,70,70400071,1000,1,0,0,1,1,0,0,1,1,-0.3333333333333333
s2-r2-e0.01,naive,71,70400072,1000,1,0,0,1,1,0,0,1,1,-0.3333333333333333
s2-r2-e0.01,naive,72,70400073,1000,1,0,0,1,1,0,0,1,1,-0.3333333333333333
s2-r2-e0.01,naive,73,70400074,1000,1,0,0,1,1,0,0,1,1,-0.3333333333333333
s2-r2-e0.01,naive,74,70400075,1000,1,0,0,1,1,0,0,1,1,-0.3333333333333333
s2-r2-e0.01,naive,75,70400076,1000,1,0,0,1,1,0,0,1,1,-0.3333333333333333
s2-r2-e0.01,naive,76,70400077,1000,1,0,0,1,1,0,0,1,1,-0.3333333333333333
s2-r2-e0.01,naive,77,70400078,1000,1,0,0,1,1,0,0,1,1,-0.3333333333333333
s2-r2-e0.01,naive,78,70400079,1000,1,0,0,1,1,0,0,1,1,-0.3333333333333333
s2-r2-e0.01,naive,79,70400080,1000,1,0,0,1,1,0,0,1,1,-0.3333333333333333
s2-r2-e0.01,naive,80,70400081,1000,1,0,0,1,1,0,0,1,1,-0.3333333333333333
s2-r2-e0.01,naive,81,70400082,1000,1,0,0,1,1,0,0,1,1,-0.3333333333333333
s2-r2-e0.01,naive,82,70400083,1000,1,0,0,1,1,0,0,1,1,-0.3333333333333333
s2-r2-e0.01,naive,83,70400084,1000,1,0,0,1,1,0,0,1,1,-0.3333333333333333
s2-r2-e0.01,naive,84,70400085,1000,1,0,0,1,1,0,0,1,1,-0.3333333333333333
s2-r2-e0.01,naive,85,70400086,1000,1,0,0,1,1,0,0,1,1,-0.3333333333333333
s2-r2-e0.01,naive,86,70400087,1000,1,0,0,1,1,0,0,1,1,-0.3333333333333333
s2-r2-e0.01,naive,87,70400088,1000,1,0,0,1,1,0,0,1,1,-0.3333333333333333
s2-r2-e0.01,naive,88,70400089,1000,1,0,0,1,1,0,0,1,1,-0.3333333333333333
s2-r2-e0.01,naive,89,70400090,1000,1,0,0,1,1,0,0,1,1,-0.3333333333333333
s2-r2-e0.01,naive,90,70400091,1000,1,0,0,1,1,0,0,1,1,-0.3333333333333333
s2-r2-e0.01,naive,91,70400092,1000,1,0,0,1,1,0,0,1,1,-0.3333333333333333
s2-r2-e0.01,naive,92,70400093,1000,1,0,0,1,1,0,0,1,1,-0.3333333333333333
s2-r2-e0.01,naive,93,70400094,1000,1,0,0,1,1,0,0,1,1,-0.3333333333333333
s2-r2-e0.01,naive,94,70400095,1000,1,0,0,1,1,0,0,1,1,-0.3333333333333333
s2-r2-e0.01,naive,95,70400096,1000,1,0,0,1,1,0,0,1,1,-0.3333333333333333
s2-r2-e0.01,naive,96,70400097,1000,1,0,0,1,1,0,0,1,1,-0.3333333333333333
s2-r2-e0.01,naive,97,70400098,1000,1,0,0,1,1,0,0,1,1,-0.3333333333333333
s2-r2-e0.01,naive,98,70400099,1000,1,0,0,1,1,0,0,1,1,-0.3333333333333333
s2-r2-e0.01,naive,99,70400100,1000,1,0,0,1,1,0,0,1,1,-0.3333333333333333
s2-r2-e0.01,conditional,0,70410001,1000,1.4749784999999982,0.44817880508685265,0.014172658230871125,1.4471669051390872,1.5027900948609092,1,,1.00165,4.07725,-0.016681000000001205
s2-r2-e0.01,conditional,1,70410002,1000,1.4984530000000018,0.5103628012844735,0.016139088850828445,1.4667825968031063,1.5301234031968973,1,,1.0006,4.79155,-0.0010313333333321257
s2-r2-e0.01,conditional,2,70410003,1000,1.4978893499999995,0.5208131121687365,0.016469556697339637,1.4655704560463236,1.5302082439536753,1,,1.0002,4.7126,-0.0014071000000003646
s2-r2-e0.01,conditional,3,70410004,1000,1.4584353500000002,0.4687517390161964,0.014823231524559962,1.4293471081913776,1.487523591808623,0,,1.00015,4.7148,-0.027709766666666507
s2-r2-e0.01,conditional,4,70410005,1000,1.4936617499999987,0.5075685852701987,0.016050727982032185,1.462164740999484,1.5251587590005133,1,,1.00015,6.0501000000000005,-0.004225500000000881
s2-r2-e0.01,conditional,5,70410006,1000,1.5148791500000012,0.5147261052941154,0.016277068638770584,1.4829379833444285,1.5468203166555738,1,,1.00055,5.089300000000001,0.009919433333334116
s2-r2-e0.01,conditional,6,70410007,1000,1.4957268999999977,0.5060971566837668,0.016004197324558118,1.464321200037858,1.5271325999621375,1,,1.0008,4.9996,-0.0028487333333348333
s2-r2-e0.01,conditional,7,70410008,1000,1.4865104999999998,0.4677076955302404,0.014790215970641134,1.4574870459816942,1.5155339540183055,1,,1.00005,4.53945,-0.008993000000000103
s2-r2-e0.01,conditional,8,70410009,1000,1.5093296000000005,0.4910217803495255,0.015527472066554094,1.4788593977772118,1.5397998022227892,1,,1.00025,5.1171,0.006219733333333662
s2-r2-e0.01,conditional,9,70410010,1000,1.487163500000001,0.4856833891974196,0.015358657315738645,1.4570245699619881,1.5173024300380138,1,,1.00015,3.80235,-0.00855766666666602
s2-r2-e0.01,conditional,10,70410011,1000,1.5028895999999985,0.5307183014343082,0.01678278628468221,1.4699560426402267,1.5358231573597703,1,,1.0014,5.506,0.0019263999999989956
s2-r2-e0.01,conditional,11,70410012,1000,1.4962625999999994,0.5075543172915007,0.01605027678892926,1.4647664763944175,1.5277587236055814,1,,1.00095,6.17995,-0.0024916000000003713
s2-r2-e0.01,conditional,12,70410013,1000,1.5057769499999991,0.48245224357290106,0.015256479519486986,1.4758385276879782,1.53571537231202,1,,1.0016,4.98855,0.00385129999999941
s2-r2-e0.01,conditional,13,70410014,1000,1.4890967000000004,0.4801388882616483,0.015183324801278921,1.4593018322245968,1.518891567775404,1,,1.0001,4.1176,-0.007268866666666411
s2-r2-e0.01,conditional,14,70410015,1000,1.4883234000000007,0.4866415164656505,0.015388955960297893,1.4581250136755532,1.5185217863244482,1,,1.00025,4.0748,-0.007784399999999507
s2-r2-e0.01,conditional,15,70410016,1000,1.5009272500000006,0.5239363066569929,0.01656832077892538,1.4684145471941583,1.5334399528058429,1,,1.00025,4.7618,0.0006181666666670674
s2-r2-e0.01,conditional,16,70410017,1000,1.4914797000000006,0.49740203080924716,0.015729233301504664,1.460613573340619,1.5223458266593823,1,,1.0001,5.2447,-0.00568019999999958
s2-r2-e0.01,conditional,17,70410018,1000,1.4981838499999995,0.5041850359413144,0.0159437307574841,1.4668968060894416,1.5294708939105575,1,,1.00005,4.428100000000001,-0.0012107666666669736
s2-r2-e0.01,conditional,18,70410019,1000,1.5004933000000007,0.4967596514980523,0.015708919484053206,1.4696670359868378,1.5313195640131636,1,,1.00045,4.543850000000001,0.00032886666666713066
s2-r2-e0.01,conditional,19,70410020,1000,1.4642858499999987,0.44234307492399005,0.013988116239623214,1.4368363895398335,1.4917353104601638,0,,1.0002,4.11425,-0.023809433333334223
s2-r2-e0.01,conditional,20,70410021,1000,1.4906607999999983,0.4901552725714472,0.015500070684664302,1.4602443686449842,1.5210772313550125,1,,1.00005,5.3826,-0.006226133333334438
s2-r2-e0.01,conditional,21,70410022,1000,1.4774434500000004,0.5181422487353465,0.01638509657965194,1.4452902956370755,1.5095966043629254,1,,1.00015,5.65595,-0.01503769999999971
s2-r2-e0.01,conditional,22,70410023,1000,1.502041400000002,0.4780192154363319,0.015116294861055282,1.4723780678554363,1.5317047321445676,1,,1.0006,4.46745,0.0013609333333346463
s2-r2-e0.01,conditional,23,70410024,1000,1.5112981500000018,0.5071882643896762,0.016038701179790466,1.4798247416921708,1.5427715583078327,1,,1.0003,4.5221,0.007532100000001189
s2-r2-e0.01,conditional,24,70410025,1000,1.4727901999999997,0.48312629188222395,0.015277794798591447,1.4428099498320366,1.5027704501679628,1,,1.00105,5.6528,-0.018139866666666855
s2-r2-e0.01,conditional,25,70410026,1000,1.5085148500000012,0.5168474953508317,0.016344152882619156,1.4764420411513357,1.5405876588486667,1,,1.00075,4.495950000000001,0.005676566666667456
s2-r2-e0.01,conditional,26,70410027,1000,1.4950640499999974,0.4911656402082888,0.015532021314729716,1.4645849205988966,1.5255431794010983,1,,1.0001,4.19695,-0.0032906333333350504
s2-r2-e0.01,conditional,27,70410028,1000,1.5059973500000003,0.5048787297086199,0.01596566728051758,1.4746672591407808,1.53732744085922,1,,1.0002,4.4931,0.003998233333333563
s2-r2-e0.01,conditional,28,70410029,1000,1.5033629999999987,0.5143489118381694,0.016265140734377584,1.4714452399657607,1.5352807600342366,1,,1.00055,5.1063,0.002241999999999115
s2-r2-e0.01,conditional,29,70410030,1000,1.4901563500000026,0.4803262796340469,0.015189250636785365,1.4603498537118926,1.5199628462881125,1,,1.0005,4.16305,-0.006562433333331619
s2-r2-e0.01,conditional,30,70410031,1000,1.4823961000000005,0.4911845809645979,0.015532620274035146,1.4519157952362212,1.51287640476378,1,,1.00015,4.524900000000001,-0.011735933333332968
s2-r2-e0.01,conditional,31,70410032,1000,1.5041259999999985,0.48830552027919494,0.015441576381157958,1.4738243544419949,1.5344276455580022,1,,1.00075,4.41175,0.00275066666666568
s2-r2-e0.01,conditional,32,70410033,1000,1.4988880000000018,0.49044111747559516,0.015509109894210903,1.4684538306293184,1.529322169370685,1,,1.00135,4.72545,-0.0007413333333321503
s2-r2-e0.01,conditional,33,70410034,1000,1.4847198000000001,0.47336020317503463,0.014968963957131771,1.45534558139671,1.5140940186032903,1,,1.0002,4.2014,-0.010186799999999904
s2-r2-e0.01,conditional,34,70410035,1000,1.5032511000000015,0.5237797513045603,0.016563370063989606,1.47074811218734,1.535754087812663,1,,1.0003,5.837000000000001,0.002167400000001004
s2-r2-e0.01,conditional,35,70410036,1000,1.5071245499999997,0.4816539533581998,0.01523123536636418,1.4772356653363028,1.5370134346636966,1,,1.0003,4.6594,0.004749699999999783
s2-r2-e0.01,conditional,36,70410037,1000,1.5162929500000022,0.5156127273229151,0.016305106089117446,1.4842967642931495,1.548289135706855,1,,1.0009,4.87495,0.01086196666666813
s2-r2-e0.01,conditional,37,70410038,1000,1.4931658500000007,0.5001746228664921,0.015816910360738522,1.462127671012094,1.5242040289879073,1,,1.0011,5.971550000000001,-0.004556099999999545
s2-r2-e0.01,conditional,38,70410039,1000,1.530374600000001,0.5208137937041919,0.01646957824938309,1.4980556637538567,1.5626935362461452,1,,1.0004,5.3266,0.020249733333333946
s2-r2-e0.01,conditional,39,70410040,1000,1.4862094500000007,0.47631599665228996,0.015062434353943732,1.4566518105616577,1.5157670894383437,1,,1.00105,3.9168000000000003,-0.009193699999999527
s2-r2-e0.01,conditional,40,70410041,1000,1.4843692499999996,0.4943689007329947,0.015633317306699483,1.45369134327401,1.5150471567259893,1,,1.0011,4.9279,-0.01042050000000024
s2-r2-e0.01,conditional,41,70410042,1000,1.5032791499999996,0.5170292036047458,0.016349899002139363,1.471195065302759,1.5353632346972401,1,,1.002,4.9732,0.0021860999999997097
s2-r2-e0.01,conditional,42,70410043,1000,1.5243233499999993,0.5050522880167044,0.015971155676121507,1.4929824890345311,1.5556642109654675,1,,1.00035,4.356,0.0162155666666662
s2-r2-e0.01,conditional,43,70410044,1000,1.5203860500000006,0.52415441843245,0.016575218078874857,1.4878598123364977,1.5529122876635035,1,,1.00005,5.3114,0.0135907000000004
s2-r2-e0.01,conditional,44,70410045,1000,1.5115321999999973,0.48832841114386366,0.015442300253857595,1.4812291339565826,1.541835266043412,1,,1.00065,4.23895,0.007688133333331552
s2-r2-e0.01,conditional,45,70410046,1000,1.5259575500000016,0.5315800605471096,0.01681003750059079,1.492970516449386,1.558944583550617,1,,1.0006,5.73995,0.017305033333334368
s2-r2-e0.01,conditional,46,70410047,1000,1.516196750000002,0.5015248464368752,0.015859608179067074,1.4850747833128892,1.5473187166871147,1,,1.0005,4.0828500000000005,0.010797833333334653
s2-r2-e0.01,conditional,47,70410048,1000,1.4826408000000004,0.4899829554862364,0.015494621539974027,1.4522350617275397,1.5130465382724612,1,,1.0003,4.63645,-0.011572799999999717
s2-r2-e0.01,conditional,48,70410049,1000,1.5226865500000002,0.49269291151451955,0.015580317874056813,1.4921126462581018,1.5532604537418986,1,,1.00015,4.3459,0.015124366666666797
s2-r2-e0.01,conditional,49,70410050,1000,1.4864622500000022,0.4837118869968563,0.015296312942080503,1.4564456609112872,1.5164788390887172,1,,1.00005,4.31175,-0.009025166666665196
s2-r2-e0.01,conditional,50,70410051,1000,1.4952008000000003,0.5056979720874244,0.015991573999245147,1.4638198713124997,1.526581728687501,1,,1.0008,4.8399,-0.003199466666666447
s2-r2-e0.01,conditional,51,70410052,1000,1.4951840999999981,0.5079966708057637,0.01606426523528977,1.4636605262861462,1.52670767371385,1,,1.00015,4.66465,-0.003210600000001248
s2-r2-e0.01,conditional,52,70410053,1000,1.494022500000001,0.45485981683560656,0.014383930372875196,1.4657963170552528,1.522248682944749,1,,1.0009,3.53695,-0.0039849999999993875
s2-r2-e0.01,conditional,53,70410054,1000,1.4780875000000018,0.5036273229324975,0.015926094323598428,1.4468350647948842,1.5093399352051193,1,,1.00075,5.3961500000000004,-0.01460833333333215
s2-r2-e0.01,conditional,54,70410055,1000,1.5138761000000005,0.4940197707812033,0.015622276848229026,1.4832198584234173,1.5445323415765837,1,,1.00125,4.3399,0.009250733333333669
s2-r2-e0.01,conditional,55,70410056,1000,1.4945137000000008,0.5077139569032391,0.01605532503670804,1.4630076700084966,1.526019729991505,1,,1.0001,5.3225,-0.0036575333333327778
s2-r2-e0.01,conditional,56,70410057,1000,1.5058176000000008,0.4935089755355765,0.015606124084287368,1.475193055661812,1.5364421443381895,1,,1.00055,4.37435,0.0038784000000005037
s2-r2-e0.01,conditional,57,70410058,1000,1.5002511000000016,0.5241824451272377,0.01657610436078301,1.467723123148764,1.5327790768512393,1,,1.00005,4.325900000000001,0.00016740000000107594
s2-r2-e0.01,conditional,58,70410059,1000,1.503890799999997,0.5426156621561686,0.01715901386493925,1.470218955660665,1.537562644339329,1,,1.00005,4.70665,0.0025938666666647237
s2-r2-e0.01,conditional,59,70410060,1000,1.5169063000000003,0.5046114527421554,0.015957215240716298,1.4855927949289138,1.5482198050710867,1,,1.00055,4.70185,0.011270866666666842
s2-r2-e0.01,conditional,60,70410061,1000,1.5052380000000023,0.5377080413511903,0.017003821268577645,1.4718706965269714,1.5386053034730331,1,,1.00065,4.2447,0.0034920000000015308
s2-r2-e0.01,conditional,61,70410062,1000,1.5054484500000014,0.522452032153191,0.01652138389787608,1.4730278533818986,1.5378690466181042,1,,1.0004,4.534750000000001,0.003632300000000921
s2-r2-e0.01,conditional,62,70410063,1000,1.4882083000000002,0.510430872309382,0.016141241445642173,1.4565336726770528,1.5198829273229475,1,,1.00095,5.680000000000001,-0.007861133333333234
s2-r2-e0.01,conditional,63,70410064,1000,1.5326079499999987,0.5469092456910195,0.017294788897882506,1.4986696686841354,1.566546231315862,1,,1.0009,4.64435,0.02173863333333248
s2-r2-e0.01,conditional,64,70410065,1000,1.480572750000001,0.45503463524132615,0.014389458616265128,1.4523357187540415,1.5088097812459604,1,,1.0002,4.6733,-0.012951499999999339
s2-r2-e0.01,conditional,65,70410066,1000,1.514485399999998,0.49999437770296423,0.015811210508198746,1.4834584060690525,1.5455123939309436,1,,1.00055,4.5418,0.009656933333332063
s2-r2-e0.01,conditional,66,70410067,1000,1.4892817999999992,0.4961156645847885,0.015688554829760656,1.4584954983922962,1.5200681016077022,1,,1.0001,6.896450000000001,-0.007145466666667192
s2-r2-e0.01,conditional,67,70410068,1000,1.4881009500000015,0.48766881740281937,0.015421442068336682,1.4578388148388386,1.5183630851611645,1,,1.0005,4.63605,-0.007932699999998979
s2-r2-e0.01,conditional,68,70410069,1000,1.476895849999999,0.4713020946268724,0.014903880850291222,1.4476493466756812,1.5061423533243166,1,,1.00125,4.69585,-0.0154027666666674
s2-r2-e0.01,conditional,69,70410070,1000,1.5042328000000014,0.5371661703735203,0.016986685803703848,1.4708991221601482,1.5375664778398546,1,,1.00105,5.37795,0.0028218666666675793
s2-r2-e0.01,conditional,70,70410071,1000,1.504579200000001,0.5266258951673572,0.016653373035539088,1.4718995956246426,1.5372588043753592,1,,1.00005,4.87345,0.003052800000000596
s2-r2-e0.01,conditional,71,70410072,1000,1.4916105000000013,0.48500886206958704,0.01533732689506342,1.461513427530863,1.5217075724691396,1,,1.00105,4.54405,-0.005592999999999145
s2-r2-e0.01,conditional,72,70410073,1000,1.5059839999999982,0.49797343100509583,0.015747302562248145,1.4750824152810875,1.536885584718909,1,,1.0004,4.268750000000001,0.003989333333332142
s2-r2-e0.01,conditional,73,70410074,1000,1.4862901500000005,0.5065383168398064,0.01601814803361812,1.4548570739830602,1.5177232260169409,1,,1.00005,4.5082,-0.009139899999999646
s2-r2-e0.01,conditional,74,70410075,1000,1.5206506000000004,0.48571319681392133,0.015359599915336307,1.4905098202597158,1.550791379740285,1,,1.00055,4.374700000000001,0.013767066666666938
s2-r2-e0.01,conditional,75,70410076,1000,1.5106320000000004,0.506528571775596,0.016017839867629627,1.4791995287099562,1.5420644712900446,1,,1.001,5.2265500000000005,0.007088000000000279
s2-r2-e0.01,conditional,76,70410077,1000,1.4889647499999998,0.4965616477134709,0.015702658054607098,1.458150773049445,1.5197787269505547,1,,1.00045,5.06805,-0.007356833333333442
s2-r2-e0.01,conditional,77,70410078,1000,1.5140887,0.5171584443029272,0.0163539859518658,1.4819965953118617,1.5461808046881385,1,,1.0016,5.2389,0.00939246666666671
s2-r2-e0.01,conditional,78,70410079,1000,1.5160146500000005,0.5019127618006299,0.01587187513995545,1.4848686113469345,1.5471606886530664,1,,1.00045,4.9582,0.010676433333333643
s2-r2-e0.01,conditional,79,70410080,1000,1.4995733500000015,0.47555100257840954,0.0150382431172438,1.470063182028431,1.529083517971572,1,,1.0003,4.38035,-0.00028443333333235304
s2-r2-e0.01,conditional,80,70410081,1000,1.5061653,0.5144804249177352,0.016269299543112892,1.4742393789629518,1.538091221037048,1,,1.0023,5.66315,0.004110199999999953
s2-r2-e0.01,conditional,81,70410082,1000,1.5180423500000009,0.4912715155348959,0.015535369386530643,1.4875566505387903,1.5485280494612115,1,,1.00045,4.9712,0.012028233333333915
s2-r2-e0.01,conditional,82,70410083,1000,1.5115416999999987,0.5159093060540609,0.01631448473207728,1.4795271101932166,1.5435562898067807,1,,1.00015,4.649050000000001,0.007694466666665771
s2-r2-e0.01,conditional,83,70410084,1000,1.5276452500000004,0.510582655931903,0.01614604126522895,1.495961203792072,1.5593292962079288,1,,1.0005,4.3639,0.01843016666666693
s2-r2-e0.01,conditional,84,70410085,1000,1.52655655,0.5526915793247207,0.01747764234261744,1.4922594477882223,1.5608536522117777,1,,1.0012,5.9302,0.017704366666666676
s2-r2-e0.01,conditional,85,70410086,1000,1.48982435,0.4723080082204903,0.014935690631142797,1.4605154250238477,1.5191332749761521,1,,1.00045,4.56945,-0.006783766666666728
s2-r2-e0.01,conditional,86,70410087,1000,1.4795628499999993,0.48643408115353626,0.015382396279763602,1.449377336008636,1.5097483639913627,1,,1.00085,4.181900000000001,-0.01362476666666712
s2-r2-e0.01,conditional,87,70410088,1000,1.516234900000002,0.502805714509624,0.015900112783987837,1.4850334494472863,1.5474363505527176,1,,1.00035,4.1876999999999995,0.01082326666666796
s2-r2-e0.01,conditional,88,70410089,1000,1.5051276500000006,0.503437460047578,0.01592009033200367,1.4738869966765218,1.5363683033234794,1,,1.0003,4.4103,0.0034184333333337293
s2-r2-e0.01,conditional,89,70410090,1000,1.4764609000000015,0.47783085798222563,0.015110338475362816,1.4468092563180388,1.5061125436819642,1,,1.00035,4.413600000000001,-0.01569273333333232
s2-r2-e0.01,conditional,90,70410091,1000,1.4946501500000011,0.49658841380987523,0.015703504472894193,1.463834512087748,1.5254657879122542,1,,1.0015,5.26585,-0.0035665666666659193
s2-r2-e0.01,conditional,91,70410092,1000,1.4981926500000002,0.5001526928495358,0.015816216872711442,1.4671558318724018,1.5292294681275986,1,,1.00035,4.99705,-0.0012048999999998422
s2-r2-e0.01,conditional,92,70410093,1000,1.5261400500000022,0.5187874770509042,0.016405500490531903,1.4939468561967881,1.5583332438032163,1,,1.0002,4.713900000000001,0.01742670000000146
s2-r2-e0.01,conditional,93,70410094,1000,1.4932417499999997,0.5188825232143928,0.016408506114126746,1.4610426581369889,1.5254408418630105,1,,1.00005,5.20845,-0.0045055000000001994
s2-r2-e0.01,conditional,94,70410095,1000,1.4855392500000006,0.4788767348275507,0.015143412005195405,1.4558227047591814,1.5152557952408199,1,,1.00035,4.05435,-0.009640499999999571
s2-r2-e0.01,conditional,95,70410096,1000,1.51729885,0.5265546530977354,0.016651120163486795,1.4846236665288766,1.5499740334711234,1,,1.00025,4.51,0.011532566666666652
s2-r2-e0.01,conditional,96,70410097,1000,1.492109850000001,0.5337179631975276,0.01687764391850111,1.4589901495724813,1.5252295504275206,1,,1.00075,8.04935,-0.005260099999999361
s2-r2-e0.01,conditional,97,70410098,1000,1.4813719500000002,0.4585234878057692,0.014499785821506721,1.4529184191049043,1.5098254808950962,1,,1.00015,4.1190999999999995,-0.012418699999999857
s2-r2-e0.01,conditional,98,70410099,1000,1.4974522500000012,0.4900104854983574,0.015495492115397172,1.4670448033612926,1.5278596966387097,1,,1.0002,5.406350000000001,-0.001698499999999233
s2-r2-e0.01,conditional,99,70410100,1000,1.4910068500000002,0.5017351725252344,0.015866259273972762,1.4598718315935921,1.5221418684064083,1,,1.00185,4.106,-0.005995433333333189
s2-r2-e0.001,naive,0,70500001,1000,1,0,0,1,1,0,0,1,1,-0.3333333333333333
s2-r2-e0.001,naive,1,70500002,1000,1,0,0,1,1,0,0,1,1,-0.3333333333333333
s2-r2-e0.001,naive,2,70500003,1000,1,0,0,1,1,0,0,1,1,-0.3333333333333333
s2-r2-e0.001,naive,3,70500004,1000,1,0,0,1,1,0,0,1,1,-0.3333333333333333
s2-r2-e0.001,naive,4,70500005,1000,1,0,0,1,1,0,0,1,1,-0.3333333333333333
s2-r2-e0.001,naive,5,70500006,1000,1,0,0,1,1,0,0,1,1,-0.3333333333333333
s2-r2-e0.001,naive,6,70500007,1000,1,0,0,1,1,0,0,1,1,-0.3333333333333333
s2-r2-e0.001,naive,7,70500008,1000,1,0,0,1,1,0,0,1,1,-0.3333333333333333
s2-r2-e0.001,naive,8,70500009,1000,1,0,0,1,1,0,0,1,1,-0.3333333333333333
s2-r2-e0.001,naive,9,70500010,1000,1,0,0,1,1,0,0,1,1,-0.3333333333333333
s2-r2-e0.001,naive,10,70500011,1000,1,0,0,1,1,0,0,1,1,-0.3333333333333333
s2-r2-e0.001,naive,11,70500012,1000,1,0,0,1,1,0,0,1,1,-0.3333333333333333
s2-r2-e0.001,naive,12,70500013,1000,1,0,0,1,1,0,0,1,1,-0.3333333333333333
s2-r2-e0.001,naive,13,70500014,1000,1,0,0,1,1,0,0,1,1,-0.3333333333333333
s2-r2-e0.001,naive,14,70500015,1000,1,0,0,1,1,0,0,1,1,-0.3333333333333333
s2-r2-e0.001,naive,15,70500016,1000,1,0,0,1,1,0,0,1,1,-0.3333333333333333
s2-r2-e0.001,naive,16,70500017,1000,1,0,0,1,1,0,0,1,1,-0.3333333333333333
s2-r2-e0.001,naive,17,70500018,1000,1,0,0,1,1,0,0,1,1,-0.3333333333333333
s2-r2-e0.001,naive,18,70500019,1000,1,0,0,1,1,0,0,1,1,-0.3333333333333333
s2-r2-e0.001,naive,19,70500020,1000,1,0,0,1,1,0,0,1,1,-0.3333333333333333
s2-r2-e0.001,naive,20,70500021,1000,1,0,0,1,1,0,0,1,1,-0.3333333333333333
s2-r2-e0.001,naive,21,70500022,1000,1,0,0,1,1,0,0,1,1,-0.3333333333333333
s2-r2-e0.001,naive,22,70500023,1000,1,0,0,1,1,0,0,1,1,-0.3333333333333333
s2-r2-e0.001,naive,23,70500024,1000,1,0,0,1,1,0,0,1,1,-0.3333333333333333
s2-r2-e0.001,naive,24,70500025,1000,1,0,0,1,1,0,0,1,1,-0.3333333333333333
s2-r2-e0.001,naive,25,70500026,1000,1,0,0,1,1,0,0,1,1,-0.3333333333333333
s2-r2-e0.001,naive,26,70500027,1000,1,0,0,1,1,0,0,1,1,-0.3333333333333333
s2-r2-e0.001,naive,27,70500028,1000,1,0,0,1,1,0,0,1,1,-0.3333333333333333
s2-r2-e0.001,naive,28,70500029,1000,1,0,0,1,1,0,0,1,1,-0.3333333333333333
s2-r2-e0.001,naive,29,70500030,1000,1,0,0,1,1,0,0,1,1,-0.3333333333333333
s2-r2-e0.001,naive,30,70500031,1000,1,0,0,1,1,0,0,1,1,-0.3333333333333333
s2-r2-e0.001,naive,31,70500032,1000,1,0,0,1,1,0,0,1,1,-0.3333333333333333
s2-r2-e0.001,naive,32,70500033,1000,1,0,0,1,1,0,0,1,1,-0.3333333333333333
s2-r2-e0.001,naive,33,70500034,1000,1,0,0,1,1,0,0,1,1,-0.3333333333333333
s2-r2-e0.001,naive,34,70500035,1000,1,0,0,1,1,0,0,1,1,-0.3333333333333333
s2-r2-e0.001,naive,35,70500036,1000,1,0,0,1,1,0,0,1,1,-0.3333333333333333
s2-r2-e0.001,naive,36,70500037,1000,1,0,0,1,1,0,0,1,1,-0.3333333333333333
s2-r2-e0.001,naive,37,70500038,1000,1,0,0,1,1,0,0,1,1,-0.3333333333333333
s2-r2-e0.001,naive,38,70500039,1000,1,0,0,1,1,0,0,1,1,-0.3333333333333333
s2-r2-e0.001,naive,39,70500040,1000,1,0,0,1,1,0,0,1,1,-0.3333333333333333
s2-r2-e0.001,naive,40,70500041,1000,1,0,0,1,1,0,0,1,1,-0.3333333333333333
s2-r2-e0.001,naive,41,70500042,1000,1,0,0,1,1,0,0,1,1,-0.3333333333333333
s2-r2-e0.001,naive,42,70500043,1000,1,0,0,1,1,0,0,1,1,-0.3333333333333333
s2-r2-e0.001,naive,43,70500044,1000,1,0,0,1,1,0,0,1,1,-0.3333333333333333
s2-r2-e0.001,naive,44,70500045,1000,1,0,0,1,1,0,0,1,1,-0.3333333333333333
s2-r2-e0.001,naive,45,70500046,1000,1,0,0,1,1,0,0,1,1,-0.3333333333333333
s2-r2-e0.001,naive,46,70500047,1000,1,0,0,1,1,0,0,1,1,-0.3333333333333333
s2-r2-e0.001,naive,47,70500048,1000,1,0,0,1,1,0,0,1,1,-0.3333333333333333
s2-r2-e0.001,naive,48,70500049,1000,1,0,0,1,1,0,0,1,1,-0.3333333333333333
s2-r2-e0.001,naive,49,70500050,1000,1,0,0,1,1,0,0,1,1,-0.3333333333333333
s2-r2-e0.001,naive,50,70500051,1000,1,0,0,1,1,0,0,1,1,-0.3333333333333333
s2-r2-e0.001,naive,51,70500052,1000,1,0,0,1,1,0,0,1,1,-0.3333333333333333
s2-r2-e0.001,naive,52,70500053,1000,1,0,0,1,1,0,0,1,1,-0.3333333333333333
s2-r2-e0.001,naive,53,70500054,1000,1,0,0,1,1,0,0,1,1,-0.3333333333333333
s2-r2-e0.001,naive,54,70500055,1000,1,0,0,1,1,0,0,1,1,-0.3333333333333333
s2-r2-e0.001,naive,55,70500056,1000,1,0,0,1,1,0,0,1,1,-0.3333333333333333
s2-r2-e0.001,naive,56,70500057,1000,1,0,0,1,1,0,0,1,1,-0.3333333333333333
s2-r2-e0.001,naive,57,70500058,1000,1,0,0,1,1,0,0,1,1,-0.3333333333333333
s2-r2-e0.001,naive,58,70500059,1000,1,0,0,1,1,0,0,1,1,-0.3333333333333333
s2-r2-e0.001,naive,59,70500060,1000,1,0,0,1,1,0,0,1,1,-0.3333333333333333
s2-r2-e0.001,naive,60,70500061,1000,1,0,0,1,1,0,0,1,1,-0.3333333333333333
s2-r2-e0.001,naive,61,70500062,1000,1,0,0,1,1,0,0,1,1,-0.3333333333333333
s2-r2-e0.001,naive,62,70500063,1000,1,0,0,1,1,0,0,1,1,-0.3333333333333333
s2-r2-e0.001,naive,63,70500064,1000,1,0,0,1,1,0,0,1,1,-0.3333333333333333
s2-r2-e0.001,naive,64,70500065,1000,1,0,0,1,1,0,0,1,1,-0.3333333333333333
s2-r2-e0.001,naive,65,70500066,1000,1,0,0,1,1,0,0,1,1,-0.3333333333333333
s2-r2-e0.001,naive,66,70500067,1000,1,0,0,1,1,0,0,1,1,-0.3333333333333333
s2-r2-e0.001,naive,67,70500068,1000,1,0,0,1,1,0,0,1,1,-0.3333333333333333
s2-r2-e0.001,naive,68,70500069,1000,1,0,0,1,1,0,0,1,1,-0.3333333333333333
s2-r2-e0.001,naive,69,70500070,1000,1,0,0,1,1,0,0,1,1,-0.3333333333333333
s2-r2-e0.001,naive,70,70500071,1000,1,0,0,1,1,0,0,1,1,-0.3333333333333333
s2-r2-e0.001,naive,71,70500072,1000,1,0,0,1,1,0,0,1,1,-0.3333333333333333
s2-r2-e0.001,naive,72,70500073,1000,1,0,0,1,1,0,0,1,1,-0.3333333333333333
s2-r2-e0.001,naive,73,70500074,1000,1,0,0,1,1,0,0,1,1,-0.3333333333333333
s2-r2-e0.001,naive,74,70500075,1000,1,0,0,1,1,0,0,1,1,-0.3333333333333333
s2-r2-e0.001,naive,75,70500076,1000,1,0,0,1,1,0,0,1,1,-0.3333333333333333
s2-r2-e0.001,naive,76,70500077,1000,1,0,0,1,1,0,0,1,1,-0.3333333333333333
s2-r2-e0.001,naive,77,70500078,1000,1,0,0,1,1,0,0,1,1,-0.3333333333333333
s2-r2-e0.001,naive,78,70500079,1000,1,0,0,1,1,0,0,1,1,-0.3333333333333333
s2-r2-e0.001,naive,79,70500080,1000,1,0,0,1,1,0,0,1,1,-0.3333333333333333
s2-r2-e0.001,naive,80,70500081,1000,1,0,0,1,1,0,0,1,1,-0.3333333333333333
s2-r2-e0.001,naive,81,70500082,1000,1,0,0,1,1,0,0,1,1,-0.3333333333333333
s2-r2-e0.001,naive,82,70500083,1000,1,0,0,1,1,0,0,1,1,-0.3333333333333333
s2-r2-e0.001,naive,83,70500084,1000,1,0,0,1,1,0,0,1,1,-0.3333333333333333
s2-r2-e0.001,naive,84,70500085,1000,1,0,0,1,1,0,0,1,1,-0.3333333333333333
s2-r2-e0.001,naive,85,70500086,1000,1,0,0,1,1,0,0,1,1,-0.3333333333333333
s2-r2-e0.001,naive,86,70500087,1000,1,0,0,1,1,0,0,1,1,-0.3333333333333333
s2-r2-e0.001,naive,87,70500088,1000,1,0,0,1,1,0,0,1,1,-0.3333333333333333
s2-r2-e0.001,naive,88,70500089,1000,1,0,0,1,1,0,0,1,1,-0.3333333333333333
s2-r2-e0.001,naive,89,70500090,1000,1,0,0,1,1,0,0,1,1,-0.3333333333333333
s2-r2-e0.001,naive,90,70500091,1000,1,0,0,1,1,0,0,1,1,-0.3333333333333333
s2-r2-e0.001,naive,91,70500092,1000,1,0,0,1,1,0,0,1,1,-0.3333333333333333
s2-r2-e0.001,naive,92,70500093,1000,1,0,0,1,1,0,0,1,1,-0.3333333333333333
s2-r2-e0.001,naive,93,70500094,1000,1,0,0,1,1,0,0,1,1,-0.3333333333333333
s2-r2-e0.001,naive,94,70500095,1000,1,0,0,1,1,0,0,1,1,-0.3333333333333333
s2-r2-e0.001,naive,95,70500096,1000,1,0,0,1,1,0,0,1,1,-0.3333333333333333
s2-r2-e0.001,naive,96,70500097,1000,1,0,0,1,1,0,0,1,1,-0.3333333333333333
s2-r2-e0.001,naive,97,70500098,1000,1,0,0,1,1,0,0,1,1,-0.3333333333333333
s2-r2-e0.001,naive,98,70500099,1000,1,0,0,1,1,0,0,1,1,-0.3333333333333333
s2-r2-e0.001,naive,99,70500100,1000,1,0,0,1,1,0,0,1,1,-0.3333333333333333
s2-r2-e0.001,conditional,0,70510001,1000,1.500653592500002,0.48406030441108683,0.015307330868134851,1.4706153824781747,1.5306918025218292,1,,1.0000495,4.879598,0.0004357283333346433
s2-r2-e0.001,conditional,1,70510002,1000,1.5259107230000013,0.5332306220890825,0.01686223283949993,1.4928212643717664,1.5590001816282362,1,,1.000088,5.465377,0.017273815333334202
s2-r2-e0.001,conditional,2,70510003,1000,1.513207512999999,0.5277977262865123,0.01669042958923503,1.4804551910129164,1.5459598349870813,1,,1.002255,4.771138,0.008805008666665929
s2-r2-e0.001,conditional,3,70510004,1000,1.5156527384999985,0.5538704551710828,0.017514921670148068,1.4812824815181642,1.5500229954818328,1,,1.0000605,5.2823325,0.010435158999998992
s2-r2-e0.001,conditional,4,70510005,1000,1.4714330830000006,0.45246184692412617,0.014308099906066891,1.4433557053242876,1.4995104606757137,0,,1.0006495,4.163209999999999,-0.019044611333332906
s2-r2-e0.001,conditional,5,70510006,1000,1.5207892225000013,0.48932981755871696,0.015473967505201995,1.4904240144963135,1.551154430503689,1,,1.001052,4.693866,0.013859481666667506
s2-r2-e0.001,conditional,6,70510007,1000,1.4807794799999996,0.4937723907779202,0.01561445400564948,1.450138589511754,1.5114203704882452,1,,1.0004205,4.9591135,-0.012813680000000272
s2-r2-e0.001,conditional,7,70510008,1000,1.5256739909999983,0.5697537544458969,0.018017195694813203,1.4903181008747133,1.5610298811252834,1,,1.002444,7.0279675,0.017115993999998896
s2-r2-e0.001,conditional,8,70510009,1000,1.5140483140000003,0.5125806284334568,0.01620922270330189,1.4822402842365672,1.5458563437634334,1,,1.0001575,4.1954665,0.009365542666666856
s2-r2-e0.001,conditional,9,70510010,1000,1.5113484925000016,0.5164022154263443,0.016330071895041876,1.4793033153570727,1.5433936696429305,1,,1.0002545,4.8868615,0.007565661666667722
s2-r2-e0.001,conditional,10,70510011,1000,1.5122892820000011,0.4977289853548177,0.015739572512058146,1.4814028662790748,1.5431756977209274,1,,1.0000605,5.0718939999999995,0.008192854666667415
s2-r2-e0.001,conditional,11,70510012,1000,1.5171271525000005,0.5061942276936895,0.016007266979419402,1.4857154288268553,1.5485388761731458,1,,1.0002095,4.2836485,0.011418101666667013
s2-r2-e0.001,conditional,12,70510013,1000,1.5258331130000011,0.539066709115084,0.017046786115751163,1.4923814978259906,1.5592847281740116,1,,1.002458,5.260593,0.017222075333334086
s2-r2-e0.001,conditional,13,70510014,1000,1.5100215935000005,0.5215836842372299,0.016493924325717103,1.4776548819388502,1.5423883050611509,1,,1.0002085,5.4982275,0.006681062333333691
s2-r2-e0.001,conditional,14,70510015,1000,1.501744959,0.49535824835506287,0.015664603225533553,1.4710056586183327,1.5324842593816674,1,,1.0000095,4.1031344999999995,0.0011633060000000306
s2-r2-e0.001,conditional,15,70510016,1000,1.4874310219999998,0.45269950108024354,0.014315615190354253,1.4593388967703373,1.5155231472296622,1,,1.000922,4.6589665,-0.008379318666666821
s2-r2-e0.001,conditional,16,70510017,1000,1.5241812505000008,0.5283876698509932,0.01670908524278221,1.491392319750478,1.5569701812495236,1,,1.000156,5.405861,0.016120833666667167
s2-r2-e0.001,conditional,17,70510018,1000,1.4836845004999994,0.4821804219894089,0.015247883766276699,1.4537629459908927,1.5136060550091062,1,,1.0001505,4.0476600000000005,-0.010876999666667034
s2-r2-e0.001,conditional,18,70510019,1000,1.4956578135,0.49734874026472575,0.01572754810652028,1.4647949937686062,1.5265206332313939,1,,1.000045,4.913895999999999,-0.002894790999999971
s2-r2-e0.001,conditional,19,70510020,1000,1.4900068140000002,0.5051118638621218,0.015973039629771996,1.4586622560741727,1.5213513719258278,1,,1.000042,5.3147285,-0.006662123999999843
s2-r2-e0.001,conditional,20,70510021,1000,1.495264851500001,0.5335378950850855,0.016871949664808265,1.462156325142593,1.5283733778574091,1,,1.0003065,4.4335830000000005,-0.003156765666665932
s2-r2-e0.001,conditional,21,70510022,1000,1.523841314000001,0.5011675843897123,0.015848310561161382,1.4927415170969165,1.5549411109030853,1,,1.000508,4.2903895,0.015894209333333926
s2-r2-e0.001,conditional,22,70510023,1000,1.5281959080000007,0.5522431573186369,0.017463461993695775,1.4939266324748453,1.5624651835251562,1,,1.000343,4.739164,0.018797272000000476
s2-r2-e0.001,conditional,23,70510024,1000,1.473461572500001,0.4827660191730178,0.015266401975192538,1.4435036789417528,1.5034194660582494,1,,1.001238,4.205178999999999,-0.01769228499999927
s2-r2-e0.001,conditional,24,70510025,1000,1.5194428010000012,0.5154105710061748,0.016298713345074548,1.4874591600398341,1.5514264419601682,1,,1.0017,4.904541,0.012961867333334117
s2-r2-e0.001,conditional,25,70510026,1000,1.5103462690000002,0.5461999224081879,0.017272358126171148,1.4764520045174714,1.544240533482529,1,,1.000175,5.206992,0.006897512666666827
s2-r2-e0.001,conditional,26,70510027,1000,1.4966613575000016,0.4906683158814322,0.015516294538642948,1.4662130894036658,1.5271096255963374,1,,1.000435,3.6035079999999997,-0.0022257616666655857
s2-r2-e0.001,conditional,27,70510028,1000,1.498673529500001,0.4880034576648359,0.01543202432258436,1.4683906283425756,1.5289564306574266,1,,1.000984,5.08802,-0.0008843136666659331
s2-r2-e0.001,conditional,28,70510029,1000,1.4580798544999984,0.4567894352895816,0.014444950266171735,1.4297339296886806,1.4864257793113163,0,,1.0002735,4.2622525,-0.027946763666667707
s2-r2-e0.001,conditional,29,70510030,1000,1.4833787689999998,0.48219998335959785,0.015248502351116206,1.4534560006162152,1.5133015373837844,1,,1.0001585,4.5214235,-0.011080820666666824
s2-r2-e0.001,conditional,30,70510031,1000,1.5023146215,0.5084356633419886,0.01607814739819262,1.4707638062423136,1.5338654367576865,1,,1.000393,4.8127695,0.0015430810000000388
s2-r2-e0.001,conditional,31,70510032,1000,1.5193392504999996,0.5174022593548201,0.016361696060783935,1.4872320159454613,1.551446485054538,1,,1.0007485,4.5818895,0.012892833666666418
s2-r2-e0.001,conditional,32,70510033,1000,1.4965218755000007,0.49420676712267725,0.01562819019176079,1.465854029924231,1.5271897210757703,1,,1.0000275,4.339814499999999,-0.002318749666666194
s2-r2-e0.001,conditional,33,70510034,1000,1.5156091685,0.5215807886874678,0.016493832760393838,1.4832426366212799,1.54797570037872,1,,1.0003635,5.8149535,0.010406112333333292
s2-r2-e0.001,conditional,34,70510035,1000,1.4882902215000025,0.48718407117905754,0.015406113046794153,1.458058167113371,1.518522275886634,1,,1.001436,4.392416,-0.007806518999998365
s2-r2-e0.001,conditional,35,70510036,1000,1.469138475999999,0.46810540028677594,0.014802792499310484,1.4400903425380485,1.4981866094619496,0,,1.0027455,4.553328499999999,-0.02057434933333398
s2-r2-e0.001,conditional,36,70510037,1000,1.4767362889999995,0.4423132453861444,0.01398717294681179,1.4492886796024282,1.5041838983975708,1,,1.000048,4.4177835,-0.015509140666666976
s2-r2-e0.001,conditional,37,70510038,1000,1.5328003964999999,0.5244852664862562,0.01658568041296947,1.500253628164523,1.5653471648354769,0,,1.0006385,4.212562999999999,0.021866930999999923
s2-r2-e0.001,conditional,38,70510039,1000,1.4745489094999995,0.488457895400438,0.01544639490557668,1.4442378083517475,1.5048600106482515,1,,1.0001495,5.382892,-0.016967393666666997
s2-r2-e0.001,conditional,39,70510040,1000,1.4925383979999995,0.5006969229688872,0.0158334269401956,1.4614678078434282,1.5236089881565709,1,,1.000554,4.677376,-0.004974401333333637
s2-r2-e0.001,conditional,40,70510041,1000,1.5025232230000023,0.5188174316327674,0.016406447737582357,1.4703281703746272,1.5347182756253774,1,,1.0000125,5.131095,0.0016821486666681966
s2-r2-e0.001,conditional,41,70510042,1000,1.5162111029999985,0.5374152533349397,0.0169945624985481,1.4828619683952757,1.5495602376047213,1,,1.000272,4.935943,0.010807401999999003
s2-r2-e0.001,conditional,42,70510043,1000,1.504357196,0.4923280820507737,0.015568780953427066,1.473805931635787,1.534908460364213,1,,1.0007895,4.718961,0.0029047973333333013
s2-r2-e0.001,conditional,43,70510044,1000,1.4684958335000018,0.4689070695074224,0.014828143505983432,1.4393979527065754,1.4975937142934281,0,,1.000053,4.4668635,-0.021002777666665473
s2-r2-e0.001,conditional,44,70510045,1000,1.5282540765000006,0.5137465600200043,0.01624609269739613,1.4963736952184845,1.5601344577815166,1,,1.0017405,4.914955,0.01883605100000037
s2-r2-e0.001,conditional,45,70510046,1000,1.495224745500004,0.49822443126007676,0.01575523988723837,1.4643075850391745,1.5261419059608337,1,,1.000536,6.340034999999999,-0.0031835029999972933
s2-r2-e0.001,conditional,46,70510047,1000,1.5031905134999997,0.4967010943193811,0.01570706774347366,1.4723678832341514,1.534013143765848,1,,1.000166,5.211099,0.0021270089999997723
s2-r2-e0.001,conditional,47,70510048,1000,1.5250663174999999,0.5081998744747839,0.01607069109951984,1.4935301340463456,1.5566025009536542,1,,1.0032165,4.4640395,0.016710878333333252
s2-r2-e0.001,conditional,48,70510049,1000,1.5125206335000008,0.5198101710968402,0.01643784091587841,1.4802639767392587,1.5447772902607428,1,,1.000008,5.0815905,0.00834708900000051
s2-r2-e0.001,conditional,49,70510050,1000,1.4890952400000022,0.4800797064123351,0.015181453306879216,1.4593040447356533,1.518886435264351,1,,1.000334,4.436341,-0.007269839999998566
s2-r2-e0.001,conditional,50,70510051,1000,1.5135390540000007,0.5280809880491512,0.016699387112674758,1.4807691542932833,1.546308953706718,1,,1.000287,4.9161684999999995,0.00902603600000044
s2-r2-e0.001,conditional,51,70510052,1000,1.5111935080000005,0.5109370836927871,0.016157249255132823,1.4794874678887877,1.5428995481112133,1,,1.0007705,4.7195675,0.007462338666667012
s2-r2-e0.001,conditional,52,70510053,1000,1.4614757580000013,0.4778903703147798,0.015112220420560223,1.43182042129895,1.4911310947010525,0,,1.0001995,4.8886544999999995,-0.02568282799999914
s2-r2-e0.001,conditional,53,70510054,1000,1.5154593449999998,0.5286642674026124,0.016717832025365635,1.482653250076362,1.5482654399236375,1,,1.000165,5.2597705,0.01030622999999986
s2-r2-e0.001,conditional,54,70510055,1000,1.5083911634999998,0.5146333972069693,0.01627413695164159,1.4764557498156314,1.5403265771843682,1,,1.000155,4.859203,0.0055941089999998654
s2-r2-e0.001,conditional,55,70510056,1000,1.5008132929999993,0.5246806960008839,0.01659186043685192,1.468254397347427,1.5333721886525717,1,,1.000093,5.836194,0.0005421953333328844
s2-r2-e0.001,conditional,56,70510057,1000,1.5325976540000017,0.5129814608082534,0.016221898135944806,1.5007647507095556,1.5644305572904478,0,,1.000205,4.517371499999999,0.021731769333334466
s2-r2-e0.001,conditional,57,70510058,1000,1.4755877690000003,0.49737225741322005,0.015728291784053425,1.4447234899193495,1.5064520480806511,1,,1.0004635,5.277473,-0.01627482066666645
s2-r2-e0.001,conditional,58,70510059,1000,1.5077629584999996,0.49366005330197316,0.015610901582743612,1.47712903907851,1.5383968779214894,1,,1.00154,4.3686365,0.005175305666666426
s2-r2-e0.001,conditional,59,70510060,1000,1.524611646,0.523753400212102,0.016562536769279587,1.4921102933960975,1.5571129986039027,1,,1.000267,5.135149,0.016407764000000064
s2-r2-e0.001,conditional,60,70510061,1000,1.5025991490000001,0.4889464902112847,0.01546184563012883,1.472257728254355,1.5329405697456453,1,,1.0008,4.3772445,0.0017327660000000893
s2-r2-e0.001,conditional,61,70510062,1000,1.506295136499999,0.494528089486661,0.015638351297094174,1.475607351365943,1.5369829216340551,1,,1.000726,4.0649014999999995,0.004196757666666014
s2-r2-e0.001,conditional,62,70510063,1000,1.489637699500001,0.49347062612196213,0.015604911369347836,1.4590155349226186,1.5202598640773832,1,,1.000402,4.968989499999999,-0.006908200333332726
s2-r2-e0.001,conditional,63,70510064,1000,1.4901167579999983,0.4804857499340322,0.015194293530456404,1.4603003658325537,1.519933150167443,1,,1.0004385,3.5922145,-0.0065888280000011195
s2-r2-e0.001,conditional,64,70510065,1000,1.4947362399999993,0.47465376603854614,0.015009870006584831,1.4652817497598563,1.5241907302401423,1,,1.000631,4.634757499999999,-0.0035091733333338184
s2-r2-e0.001,conditional,65,70510066,1000,1.5208397120000001,0.5183148777100677,0.016390555587154524,1.4886758452003162,1.553003578799684,1,,1.000137,5.073011,0.013893141333333414
s2-r2-e0.001,conditional,66,70510067,1000,1.496283547500001,0.4985284593401646,0.01576485409929563,1.4653475206722353,1.5272195743277666,1,,1.000105,4.519831999999999,-0.002477634999999386
s2-r2-e0.001,conditional,67,70510068,1000,1.499689310500003,0.4974924420982855,0.015732092357500192,1.4688175733965017,1.5305610476035045,1,,1.0005175,5.0503089999999995,-0.00020712633333127192
s2-r2-e0.001,conditional,68,70510069,1000,1.4946266735000018,0.502287869420425,0.015883737084417822,1.4634573576615075,1.525795989338496,1,,1.001456,4.628975499999999,-0.0035822176666654806
s2-r2-e0.001,conditional,69,70510070,1000,1.5036928975000015,0.5141994570683385,0.016260414559579165,1.4717844118345231,1.5356013831654798,1,,1.0002955,4.391355,0.0024619316666676383
s2-r2-e0.001,conditional,70,70510071,1000,1.5000163624999998,0.5217569720882625,0.016499404168718094,1.467638897615728,1.5323938273842717,1,,1.000138,5.7327125,0.000010908333333207546
s2-r2-e0.001,conditional,71,70510072,1000,1.4785975660000006,0.48517365197818174,0.015342538009529122,1.4484902675448874,1.5087048644551138,1,,1.0000225,4.3507935,-0.014268289333332943
s2-r2-e0.001,conditional,72,70510073,1000,1.488610075000001,0.5168170073260345,0.016343188766621965,1.4565391580761302,1.520680991923872,1,,1.000062,4.2720905,-0.007593283333332608
s2-r2-e0.001,conditional,73,70510074,1000,1.5025199070000013,0.48434510161250127,0.015316336946411964,1.4724640239773688,1.5325757900226338,1,,1.000333,4.5049465,0.001679938000000843
s2-r2-e0.001,conditional,74,70510075,1000,1.500212692499999,0.48669613033387094,0.01539068300245198,1.4700109171291273,1.5304144678708707,1,,1.00088,4.0205935,0.00014179499999933398
s2-r2-e0.001,conditional,75,70510076,1000,1.5116345604999997,0.5088235776475672,0.016090414325618526,1.4800596733420246,1.5432094476579747,1,,1.001379,4.3667405,0.007756373666666446
s2-r2-e0.001,conditional,76,70510077,1000,1.4885577724999983,0.5021997532710155,0.015880950607110044,1.4573939246814556,1.519721620318541,1,,1.001345,4.52384,-0.007628151666667786
s2-r2-e0.001,conditional,77,70510078,1000,1.4796401110000004,0.47940605370180267,0.01516015053770693,1.4498907190428352,1.5093895029571656,1,,1.000167,4.2880635,-0.013573259333333088
s2-r2-e0.001,conditional,78,70510079,1000,1.489543407000001,0.47877053596833963,0.015140053702395219,1.4598334518960057,1.5192533621039965,1,,1.0013925,4.945304999999999,-0.006971061999999269
s2-r2-e0.001,conditional,79,70510080,1000,1.4735643829999996,0.4571088789811789,0.014455051962667933,1.4451986352108195,1.5019301307891797,1,,1.0014075,3.8487674999999997,-0.01762374466666694
s2-r2-e0.001,conditional,80,70510081,1000,1.5289853970000022,0.52871455011999,0.016719422104504195,1.4961761817981445,1.56179461220186,1,,1.001315,5.4412864999999995,0.019323598000001496
s2-r2-e0.001,conditional,81,70510082,1000,1.4834240835000023,0.46766595354503593,0.014788895973168103,1.4544032197674668,1.5124449472325379,1,,1.000673,4.1276305,-0.011050610999998453
s2-r2-e0.001,conditional,82,70510083,1000,1.4897467184999993,0.49145159359283264,0.015541063954727641,1.4592498443515125,1.520243592648486,1,,1.000174,4.8841339999999995,-0.006835521000000473
s2-r2-e0.001,conditional,83,70510084,1000,1.529752188000001,0.5135410805217924,0.016239594865127948,1.4978845576841522,1.5616198183158496,1,,1.0003315,5.2761095,0.0198347920000006
s2-r2-e0.001,conditional,84,70510085,1000,1.5073403634999998,0.5078338749058552,0.016059117176915293,1.4758268920345403,1.5388538349654592,1,,1.0001815,4.925993,0.0048935756666665204
s2-r2-e0.001,conditional,85,70510086,1000,1.4950163625000024,0.49303493363917744,0.015591133563297702,1.4644212346826757,1.525611490317329,1,,1.0004295,4.511293,-0.0033224249999984266
s2-r2-e0.001,conditional,86,70510087,1000,1.5157888800000014,0.5149728031048111,0.016284869908526334,1.4838324045893376,1.5477453554106653,1,,1.0000485,4.8390055,0.010525920000000966
s2-r2-e0.001,conditional,87,70510088,1000,1.4935736624999993,0.4895360340616183,0.015480488643604823,1.4631956577960499,1.5239516672039488,1,,1.0000415,5.6149385,-0.004284225000000437
s2-r2-e0.001,conditional,88,70510089,1000,1.5068933659999997,0.48177208891890655,0.015234971140809123,1.47699715047122,1.5367895815287793,1,,1.000352,4.043658,0.004595577333333119
s2-r2-e0.001,conditional,89,70510090,1000,1.4913847124999993,0.5038993673969007,0.015934697124921977,1.4601153956611628,1.5226540293388358,1,,1.000317,4.746809,-0.005743525000000489
s2-r2-e0.001,conditional,90,70510091,1000,1.4812577940000007,0.47926078397123467,0.015155556705470192,1.451517416710299,1.5109981712897023,1,,1.000174,3.8709485,-0.012494803999999545
s2-r2-e0.001,conditional,91,70510092,1000,1.5472784044999996,0.5640668811535745,0.017837360971128008,1.5122754115091535,1.5822813974908458,0,,1.0006415,6.2325029999999995,0.0315189363333331
s2-r2-e0.001,conditional,92,70510093,1000,1.555884544999998,0.5476029327685756,0.01731672520936754,1.5219032171506033,1.5898658728493928,0,,1.0024095,4.975346999999999,0.03725636333333204
s2-r2-e0.001,conditional,93,70510094,1000,1.5158050569999988,0.5241365540192179,0.016574653156526096,1.483279927907043,1.5483301860929546,1,,1.0006565,7.080907,0.01053670466666586
s2-r2-e0.001,conditional,94,70510095,1000,1.505217150499999,0.49664514853972264,0.015705298582581715,1.4743979919319201,1.5360363090680778,1,,1.0001335,4.028842,0.0034781003333326233
s2-r2-e0.001,conditional,95,70510096,1000,1.5006392549999994,0.5012639186647186,0.015851356918418994,1.469533480103763,1.5317450298962358,1,,1.001442,4.4823319999999995,0.0004261699999995964
s2-r2-e0.001,conditional,96,70510097,1000,1.515142169,0.5243066818702067,0.01658003307155164,1.4826064826767322,1.5476778553232677,1,,1.0000845,4.5480215,0.010094779333333323
s2-r2-e0.001,conditional,97,70510098,1000,1.4917188734999995,0.46903058665103114,0.014832049461022252,1.4626133278890552,1.520824419110944,1,,1.0005605,5.073071,-0.005520751000000305
s2-r2-e0.001,conditional,98,70510099,1000,1.5020266735000019,0.48706835874749405,0.015402453898420782,1.471801799611936,1.5322515473880678,1,,1.0000395,4.4962625,0.0013511156666679014
s2-r2-e0.001,conditional,99,70510100,1000,1.5295472010000015,0.5249045568554715,0.016598939538646405,1.4969744137324703,1.5621199882675327,1,,1.0007325,4.521738,0.019698134000001016
s3-r3-e0.1,naive,0,70600001,1000,1.1350000000000002,4.269074841227311,0.13499999999999995,0.8700839027469999,1.3999160972530005,0,1,1,136,-0.24333333333333318
s3-r3-e0.1,naive,1,70600002,1000,1,0,0,1,1,0,0,1,1,-0.3333333333333333
s3-r3-e0.1,naive,2,70600003,1000,1.7779999999999996,24.60252019610999,0.7779999999999999,0.25129834323826383,3.3047016567617353,1,1,1,779,0.18533333333333304
s3-r3-e0.1,naive,3,70600004,1000,1,0,0,1,1,0,0,1,1,-0.3333333333333333
s3-r3-e0.1,naive,4,70600005,1000,1.198,6.261309767133383,0.19799999999999976,0.8094563906955998,1.5865436093044,1,1,1,199,-0.20133333333333336
s3-r3-e0.1,naive,5,70600006,1000,1.141000000000001,4.4588115008374185,0.14100000000000013,0.8643098539802001,1.4176901460198017,0,1,1,142,-0.23933333333333273
s3-r3-e0.1,naive,6,70600007,1000,1.0410000000000015,1.2965338406690363,0.04100000000000003,0.9605440000935346,1.1214559999064684,0,1,1,42,-0.305999999999999
s3-r3-e0.1,naive,7,70600008,1000,1,0,0,1,1,0,0,1,1,-0.3333333333333333
s3-r3-e0.1,naive,8,70600009,1000,1,0,0,1,1,0,0,1,1,-0.3333333333333333
s3-r3-e0.1,naive,9,70600010,1000,2.3210000000000015,41.77368789082428,1.3209999999999995,-0.2712530701571354,4.913253070157138,1,1,1,1322,0.5473333333333343
s3-r3-e0.1,naive,10,70600011,1000,1,0,0,1,1,0,0,1,1,-0.3333333333333333
s3-r3-e0.1,naive,11,70600012,1000,1,0,0,1,1,0,0,1,1,-0.3333333333333333
s3-r3-e0.1,naive,12,70600013,1000,1,0,0,1,1,0,0,1,1,-0.3333333333333333
s3-r3-e0.1,naive,13,70600014,1000,1.0180000000000022,0.5692099788303088,0.018000000000000016,0.9826778536996021,1.0533221463004023,0,1,1,19,-0.32133333333333186
s3-r3-e0.1,naive,14,70600015,1000,1,0,0,1,1,0,0,1,1,-0.3333333333333333
s3-r3-e0.1,naive,15,70600016,1000,1,0,0,1,1,0,0,1,1,-0.3333333333333333
s3-r3-e0.1,naive,16,70600017,1000,1,0,0,1,1,0,0,1,1,-0.3333333333333333
s3-r3-e0.1,naive,17,70600018,1000,1.3839999999999995,12.143146215046581,0.3840000000000002,0.6304608789247979,2.137539121075201,1,1,1,385,-0.0773333333333337
s3-r3-e0.1,naive,18,70600019,1000,1,0,0,1,1,0,0,1,1,-0.3333333333333333
s3-r3-e0.1,naive,19,70600020,1000,1,0,0,1,1,0,0,1,1,-0.3333333333333333
s3-r3-e0.1,naive,20,70600021,1000,1.2370000000000019,5.989716830344133,0.18941147723331805,0.8653100050105488,1.6086899949894549,1,2,1,182,-0.1753333333333321
s3-r3-e0.1,naive,21,70600022,1000,1,0,0,1,1,0,0,1,1,-0.3333333333333333
s3-r3-e0.1,naive,22,70600023,1000,1,0,0,1,1,0,0,1,1,-0.3333333333333333
s3-r3-e0.1,naive,23,70600024,1000,1.753000000000002,17.798729892489124,0.5628452591838949,0.6485054117011058,2.857494588298898,1,2,1,507,0.16866666666666794
s3-r3-e0.1,naive,24,70600025,1000,2.1520000000000015,36.429438645139754,1.1520000000000008,-0.108617363225604,4.412617363225607,1,1,1,1153,0.43466666666666764
s3-r3-e0.1,naive,25,70600026,1000,1,0,0,1,1,0,0,1,1,-0.3333333333333333
s3-r3-e0.1,naive,26,70600027,1000,3.3319999999999954,55.80878422252534,1.764828715880494,-0.13119656097100352,6.795196560970995,1,2,1,1613,1.2213333333333303
s3-r3-e0.1,naive,27,70600028,1000,1,0,0,1,1,0,0,1,1,-0.3333333333333333
s3-r3-e0.1,naive,28,70600029,1000,1,0,0,1,1,0,0,1,1,-0.3333333333333333
s3-r3-e0.1,naive,29,70600030,1000,2.3689999999999993,43.29158116770513,1.3690000000000007,-0.31744546029153975,5.055445460291539,1,1,1,1370,0.5793333333333329
s3-r3-e0.1,naive,30,70600031,1000,2.590000000000001,44.916939248254984,1.4203983354789702,-0.19730654503516076,5.377306545035163,1,2,1,1410,0.7266666666666675
s3-r3-e0.1,naive,31,70600032,1000,3.013999999999998,55.326529159426094,1.7495784717550757,-0.4192703746312878,6.447270374631284,1,2,1,1727,1.009333333333332
s3-r3-e0.1,naive,32,70600033,1000,1,0,0,1,1,0,0,1,1,-0.3333333333333333
s3-r3-e0.1,naive,33,70600034,1000,1.5100000000000016,16.12761606685873,0.5099999999999999,0.509205854822,2.510794145178003,1,1,1,511,0.006666666666667709
s3-r3-e0.1,naive,34,70600035,1000,1,0,0,1,1,0,0,1,1,-0.3333333333333333
s3-r3-e0.1,naive,35,70600036,1000,2.1580000000000004,36.61917530474986,1.1580000000000008,-0.11439141199240499,4.430391411992406,1,1,1,1159,0.4386666666666669
s3-r3-e0.1,naive,36,70600037,1000,1.393000000000001,12.42775120446173,0.39299999999999996,0.6217998057745996,2.164200194225402,1,1,1,394,-0.07133333333333274
s3-r3-e0.1,naive,37,70600038,1000,3.2469999999999994,71.05637902398352,2.247000000000001,-1.1623812631666106,7.65638126316661,1,1,1,2248,1.1646666666666663
s3-r3-e0.1,naive,38,70600039,1000,1.147999999999999,4.680170937049202,0.14800000000000002,0.8575734637522652,1.4384265362477329,0,1,1,149,-0.23466666666666733
s3-r3-e0.1,naive,39,70600040,1000,1,0,0,1,1,0,0,1,1,-0.3333333333333333
s3-r3-e0.1,naive,40,70600041,1000,3.659000000000002,61.967917035686604,1.959597596891193,-0.18639961151683693,7.504399611516841,1,2,1,1723,1.4393333333333347
s3-r3-e0.1,naive,41,70600042,1000,1,0,0,1,1,0,0,1,1,-0.3333333333333333
s3-r3-e0.1,naive,42,70600043,1000,1,0,0,1,1,0,0,1,1,-0.3333333333333333
s3-r3-e0.1,naive,43,70600044,1000,1,0,0,1,1,0,0,1,1,-0.3333333333333333
s3-r3-e0.1,naive,44,70600045,1000,1,0,0,1,1,0,0,1,1,-0.3333333333333333
s3-r3-e0.1,naive,45,70600046,1000,1.7189999999999999,22.736776376610646,0.719,0.3080764894451309,3.129923510554869,1,1,1,720,0.1459999999999999
s3-r3-e0.1,naive,46,70600047,1000,1,0,0,1,1,0,0,1,1,-0.3333333333333333
s3-r3-e0.1,naive,47,70600048,1000,1,0,0,1,1,0,0,1,1,-0.3333333333333333
s3-r3-e0.1,naive,48,70600049,1000,1,0,0,1,1,0,0,1,1,-0.3333333333333333
s3-r3-e0.1,naive,49,70600050,1000,1,0,0,1,1,0,0,1,1,-0.3333333333333333
s3-r3-e0.1,naive,50,70600051,1000,1,0,0,1,1,0,0,1,1,-0.3333333333333333
s3-r3-e0.1,naive,51,70600052,1000,1,0,0,1,1,0,0,1,1,-0.3333333333333333
s3-r3-e0.1,naive,52,70600053,1000,1,0,0,1,1,0,0,1,1,-0.3333333333333333
s3-r3-e0.1,naive,53,70600054,1000,1,0,0,1,1,0,0,1,1,-0.3333333333333333
s3-r3-e0.1,naive,54,70600055,1000,1.1859999999999984,5.881836447913182,0.1859999999999999,0.821004488229198,1.5509955117707988,1,1,1,187,-0.2093333333333344
s3-r3-e0.1,naive,55,70600056,1000,1,0,0,1,1,0,0,1,1,-0.3333333333333333
s3-r3-e0.1,naive,56,70600057,1000,1,0,0,1,1,0,0,1,1,-0.3333333333333333
s3-r3-e0.1,naive,57,70600058,1000,1,0,0,1,1,0,0,1,1,-0.3333333333333333
s3-r3-e0.1,naive,58,70600059,1000,1.0509999999999995,1.612761606685874,0.051000000000000024,0.9509205854821993,1.1510794145177998,0,1,1,52,-0.2993333333333337
s3-r3-e0.1,naive,59,70600060,1000,1,0,0,1,1,0,0,1,1,-0.3333333333333333
s3-r3-e0.1,naive,60,70600061,1000,2.0650000000000004,33.67825708079322,1.0649999999999995,-0.024893656107002116,4.154893656107003,1,1,1,1066,0.3766666666666669
s3-r3-e0.1,naive,61,70600062,1000,1,0,0,1,1,0,0,1,1,-0.3333333333333333
s3-r3-e0.1,naive,62,70600063,1000,1,0,0,1,1,0,0,1,1,-0.3333333333333333
s3-r3-e0.1,naive,63,70600064,1000,1,0,0,1,1,0,0,1,1,-0.3333333333333333
s3-r3-e0.1,naive,64,70600065,1000,1,0,0,1,1,0,0,1,1,-0.3333333333333333
s3-r3-e0.1,naive,65,70600066,1000,3.777000000000002,87.81645062287589,2.777,-1.6724222375672744,9.226422237567277,1,1,1,2778,1.5180000000000013
s3-r3-e0.1,naive,66,70600067,1000,1,0,0,1,1,0,0,1,1,-0.3333333333333333
s3-r3-e0.1,naive,67,70600068,1000,1,0,0,1,1,0,0,1,1,-0.3333333333333333
s3-r3-e0.1,naive,68,70600069,1000,1.1719999999999995,5.439117575489616,0.17200000000000013,0.8344772686850653,1.5095227313149335,1,1,1,173,-0.218666666666667
s3-r3-e0.1,naive,69,70600070,1000,1,0,0,1,1,0,0,1,1,-0.3333333333333333
s3-r3-e0.1,naive,70,70600071,1000,1,0,0,1,1,0,0,1,1,-0.3333333333333333
s3-r3-e0.1,naive,71,70600072,1000,2.0299999999999954,24.016325361800963,0.7594628917095846,0.53967447940606,3.520325520593931,1,2,1,669,0.3533333333333302
s3-r3-e0.1,naive,72,70600073,1000,1,0,0,1,1,0,0,1,1,-0.3333333333333333
s3-r3-e0.1,naive,73,70600074,1000,1,0,0,1,1,0,0,1,1,-0.3333333333333333
s3-r3-e0.1,naive,74,70600075,1000,1,0,0,1,1,0,0,1,1,-0.3333333333333333
s3-r3-e0.1,naive,75,70600076,1000,1,0,0,1,1,0,0,1,1,-0.3333333333333333
s3-r3-e0.1,naive,76,70600077,1000,1,0,0,1,1,0,0,1,1,-0.3333333333333333
s3-r3-e0.1,naive,77,70600078,1000,1,0,0,1,1,0,0,1,1,-0.3333333333333333
s3-r3-e0.1,naive,78,70600079,1000,1,0,0,1,1,0,0,1,1,-0.3333333333333333
s3-r3-e0.1,naive,79,70600080,1000,1,0,0,1,1,0,0,1,1,-0.3333333333333333
s3-r3-e0.1,naive,80,70600081,1000,1,0,0,1,1,0,0,1,1,-0.3333333333333333
s3-r3-e0.1,naive,81,70600082,1000,3.706,85.57123348415634,2.706,-1.604095993826809,9.01609599382681,1,1,1,2707,1.4706666666666666
s3-r3-e0.1,naive,82,70600083,1000,1,0,0,1,1,0,0,1,1,-0.3333333333333333
s3-r3-e0.1,naive,83,70600084,1000,1.2590000000000006,8.190299139836096,0.2589999999999998,0.7507535615664668,1.7672464384335345,1,1,1,260,-0.1606666666666663
s3-r3-e0.1,naive,84,70600085,1000,1.8440000000000005,21.174371726642075,0.6695924267926119,0.5300310188439696,3.1579689811560314,1,2,1,638,0.2293333333333337
s3-r3-e0.1,naive,85,70600086,1000,1,0,0,1,1,0,0,1,1,-0.3333333333333333
s3-r3-e0.1,naive,86,70600087,1000,1,0,0,1,1,0,0,1,1,-0.3333333333333333
s3-r3-e0.1,naive,87,70600088,1000,1,0,0,1,1,0,0,1,1,-0.3333333333333333
s3-r3-e0.1,naive,88,70600089,1000,1,0,0,1,1,0,0,1,1,-0.3333333333333333
s3-r3-e0.1,naive,89,70600090,1000,1,0,0,1,1,0,0,1,1,-0.3333333333333333
s3-r3-e0.1,naive,90,70600091,1000,1.0390000000000008,1.233288287465668,0.03900000000000001,0.9624686830158007,1.115531316984201,0,1,1,40,-0.3073333333333328
s3-r3-e0.1,naive,91,70600092,1000,1,0,0,1,1,0,0,1,1,-0.3333333333333333
s3-r3-e0.1,naive,92,70600093,1000,1,0,0,1,1,0,0,1,1,-0.3333333333333333
s3-r3-e0.1,naive,93,70600094,1000,1,0,0,1,1,0,0,1,1,-0.3333333333333333
s3-r3-e0.1,naive,94,70600095,1000,1,0,0,1,1,0,0,1,1,-0.3333333333333333
s3-r3-e0.1,naive,95,70600096,1000,1,0,0,1,1,0,0,1,1,-0.3333333333333333
s3-r3-e0.1,naive,96,70600097,1000,1,0,0,1,1,0,0,1,1,-0.3333333333333333
s3-r3-e0.1,naive,97,70600098,1000,1,0,0,1,1,0,0,1,1,-0.3333333333333333
s3-r3-e0.1,naive,98,70600099,1000,1,0,0,1,1,0,0,1,1,-0.3333333333333333
s3-r3-e0.1,naive,99,70600100,1000,1,0,0,1,1,0,0,1,1,-0.3333333333333333
s3-r3-e0.1,conditional,0,70610001,1000,1.499378999999998,0.4789411377951077,0.015145448605850946,1.4696584582532726,1.5290995417467235,1,,1.003,4.553000000000001,-0.0004140000000013207
s3-r3-e0.1,conditional,1,70610002,1000,1.4883889999999995,0.4988064354426867,0.015773644475486293,1.4574357234525759,1.5193422765474232,1,,1.0005,4.7155000000000005,-0.007740666666666988
s3-r3-e0.1,conditional,2,70610003,1000,1.4984814999999996,0.5118925672523074,0.016187464298282113,1.466716167656865,1.5302468323431342,1,,1.0005,5.038000000000001,-0.0010123333333336149
s3-r3-e0.1,conditional,3,70610004,1000,1.5184880000000012,0.548613716895929,0.01734868901001936,1.484443948259332,1.5525320517406704,1,,1.0005,5.291000000000001,0.012325333333334113
s3-r3-e0.1,conditional,4,70610005,1000,1.4899159999999998,0.4668072170842285,0.014761740341908268,1.4609484248885887,1.518883575111411,1,,1.0005,4.1935,-0.006722666666666803
s3-r3-e0.1,conditional,5,70610006,1000,1.5035759999999996,0.4715577121624666,0.014911964186514791,1.4743136344098662,1.532838365590133,1,,1.0025,3.7535000000000007,0.0023839999999997197
s3-r3-e0.1,conditional,6,70610007,1000,1.4876834999999995,0.4960754175502429,0.01568728210677834,1.4568996959093732,1.5184673040906258,1,,1.0005,4.408000000000001,-0.008211000000000338
s3-r3-e0.1,conditional,7,70610008,1000,1.490318500000001,0.4993744257817726,0.015791605907091118,1.459329976990638,1.521307023009364,1,,1.0005,4.096,-0.0064543333333326736
s3-r3-e0.1,conditional,8,70610009,1000,1.4743754999999994,0.484442162139309,0.015319406269768049,1.4443135939168876,1.5044374060831112,1,,1.0005,5.721500000000001,-0.017083000000000403
s3-r3-e0.1,conditional,9,70610010,1000,1.4900040000000006,0.48674198323366574,0.01539213299845873,1.4597993792418464,1.5202086207581547,1,,1.0015,4.448,-0.006663999999999633
s3-r3-e0.1,conditional,10,70610011,1000,1.485285,0.48383306698872064,0.015300144989891823,1.4552608911249838,1.5153091088750161,1,,1.0005,4.032000000000001,-0.009810000000000022
s3-r3-e0.1,conditional,11,70610012,1000,1.4856854999999998,0.5051215027815807,0.015973344439168726,1.4543403439340554,1.5170306560659441,1,,1.0005,5.341000000000001,-0.009543000000000154
s3-r3-e0.1,conditional,12,70610013,1000,1.4807790000000014,0.45808839882727925,0.01448602709993808,1.4523524684146918,1.509205531585311,1,,1.001,3.9090000000000007,-0.012813999999999067
s3-r3-e0.1,conditional,13,70610014,1000,1.4879924999999976,0.5075883939487013,0.016051354387447245,1.4564942617781653,1.51949073822183,1,,1.001,4.732000000000001,-0.008005000000001594
s3-r3-e0.1,conditional,14,70610015,1000,1.5274435,0.525305616806825,0.01661162216789194,1.494845825083264,1.560041174916736,1,,1.0005,4.875000000000001,0.018295666666666637
s3-r3-e0.1,conditional,15,70610016,1000,1.5238764999999994,0.5418295758696062,0.017134155633909638,1.4902534359980673,1.5574995640019316,1,,1.0005,4.823,0.015917666666666275
s3-r3-e0.1,conditional,16,70610017,1000,1.4961449999999998,0.49364248640020797,0.015610346068533508,1.4655121706870768,1.5267778293129228,1,,1.0005,4.354000000000001,-0.002570000000000109
s3-r3-e0.1,conditional,17,70610018,1000,1.5136835,0.5307786478851618,0.016784694607016256,1.4807461978601908,1.5466208021398091,1,,1.0005,4.760000000000001,0.009122333333333307
s3-r3-e0.1,conditional,18,70610019,1000,1.5220355000000003,0.5197430753305946,0.016435719161451506,1.4897830068459403,1.5542879931540603,1,,1.001,4.123500000000001,0.014690333333333546
s3-r3-e0.1,conditional,19,70610020,1000,1.480367,0.5022152371796932,0.01588144025129508,1.4492021913323718,1.5115318086676282,1,,1.0015,5.114000000000001,-0.013088666666666674
s3-r3-e0.1,conditional,20,70610021,1000,1.5351915000000007,0.5437590578470768,0.017195171211440166,1.5014487026005052,1.5689342973994962,0,,1.0005,4.9620000000000015,0.02346100000000047
s3-r3-e0.1,conditional,21,70610022,1000,1.5052014999999996,0.48289380828276074,0.015270443021662066,1.475235676528718,1.5351673234712813,1,,1.0005,4.014000000000001,0.0034676666666664246
s3-r3-e0.1,conditional,22,70610023,1000,1.4852859999999994,0.47128273267553317,0.01490326857162945,1.4560406981754856,1.5145313018245132,1,,1.0015,4.245000000000001,-0.009809333333333706
s3-r3-e0.1,conditional,23,70610024,1000,1.4871924999999988,0.45903048883863246,0.01451581860190578,1.4587075073151885,1.5156774926848091,1,,1.0005,4.055000000000001,-0.008538333333334128
s3-r3-e0.1,conditional,24,70610025,1000,1.5102830000000003,0.4913997106089774,0.01553942327071976,1.4797893454337667,1.5407766545662338,1,,1.001,3.9670000000000005,0.006855333333333509
s3-r3-e0.1,conditional,25,70610026,1000,1.4936820000000002,0.47475346573693267,0.015013022787874163,1.4642213229264152,1.5231426770735852,1,,1.0005,5.218000000000001,-0.0042119999999998825
s3-r3-e0.1,conditional,26,70610027,1000,1.5241999999999993,0.502148356536166,0.01587932529964584,1.4930393415896808,1.555360658410318,1,,1.001,4.246,0.01613333333333289
s3-r3-e0.1,conditional,27,70610028,1000,1.4919565000000021,0.5001186129157108,0.015815139170577495,1.460921796691984,1.5229912033080202,1,,1.0015,4.8050000000000015,-0.0053623333333319145
s3-r3-e0.1,conditional,28,70610029,1000,1.5039059999999989,0.5255695548840525,0.016619968622744785,1.4712919464888516,1.536520053511146,1,,1.0005,5.525000000000001,0.0026039999999992367
s3-r3-e0.1,conditional,29,70610030,1000,1.5061459999999982,0.47617234515066714,0.015057891694599417,1.4765972748104303,1.535694725189566,1,,1.001,3.8780000000000006,0.004097333333332139
s3-r3-e0.1,conditional,30,70610031,1000,1.4961785000000003,0.49973296762038477,0.01580294399555591,1.4651677277895527,1.5271892722104479,1,,1.0005,5.622500000000001,-0.002547666666666467
s3-r3-e0.1,conditional,31,70610032,1000,1.5003985000000017,0.49910569014757544,0.015783107740165992,1.4694266532959395,1.531370346704064,1,,1.004,4.754000000000001,0.0002656666666678298
s3-r3-e0.1,conditional,32,70610033,1000,1.5019464999999996,0.529201499539509,0.016734820797213962,1.4691070673049902,1.534785932695009,1,,1.001,5.095000000000001,0.0012976666666664194
s3-r3-e0.1,conditional,33,70610034,1000,1.5349960000000022,0.5678333414723796,0.017956466904368692,1.499759280498091,1.5702327195019135,1,,1.001,6.305500000000001,0.023330666666668165
s3-r3-e0.1,conditional,34,70610035,1000,1.4680914999999997,0.4969546461177799,0.01571508575535138,1.4372531356570077,1.4989298643429916,0,,1.0005,4.718000000000001,-0.02127233333333356
s3-r3-e0.1,conditional,35,70610036,1000,1.5015265,0.49755408360686165,0.015734041633155286,1.4706509377520613,1.5324020622479386,1,,1.0005,4.984000000000001,0.0010176666666666574
s3-r3-e0.1,conditional,36,70610037,1000,1.4925759999999986,0.4877608546976433,0.015424352543149923,1.4623081534934381,1.522843846506559,1,,1.0015,4.5120000000000005,-0.004949333333334287
s3-r3-e0.1,conditional,37,70610038,1000,1.4839065000000007,0.45820936844752874,0.01448985249521482,1.4554724616829342,1.5123405383170672,1,,1.0005,4.189500000000001,-0.010728999999999544
s3-r3-e0.1,conditional,38,70610039,1000,1.5029000000000006,0.5129040573753263,0.01621945042447715,1.4710718999552523,1.5347281000447488,1,,1.0005,4.770000000000001,0.0019333333333337126
s3-r3-e0.1,conditional,39,70610040,1000,1.4943024999999988,0.4837403016321604,0.015297211491744943,1.4642841476500223,1.5243208523499752,1,,1.0005,3.9605000000000006,-0.003798333333334162
s3-r3-e0.1,conditional,40,70610041,1000,1.4768460000000012,0.4820799963770606,0.015244708029572321,1.4469306773706991,1.5067613226293033,1,,1.0005,3.8380000000000005,-0.015435999999999192
s3-r3-e0.1,conditional,41,70610042,1000,1.5126450000000007,0.50635820681471,0.016012452454530774,1.4812231006540486,1.5440668993459528,1,,1.0015,5.062500000000001,0.008430000000000456
s3-r3-e0.1,conditional,42,70610043,1000,1.507614,0.5050937513983936,0.015972466863377815,1.4762705660374154,1.5389574339625847,1,,1.0005,5.662000000000001,0.005076000000000007
s3-r3-e0.1,conditional,43,70610044,1000,1.4862839999999984,0.4695757832983513,0.014849290092804444,1.4571446223824918,1.515423377617505,1,,1.0005,4.513000000000001,-0.009144000000001077
s3-r3-e0.1,conditional,44,70610045,1000,1.5071390000000013,0.5041469382177327,0.015942526001682243,1.475854320231704,1.5384236797682986,1,,1.001,5.067500000000001,0.004759333333334226
s3-r3-e0.1,conditional,45,70610046,1000,1.4977584999999987,0.46594483795806724,0.014734469519455716,1.4688444395541653,1.526672560445832,1,,1.0015,3.7995000000000005,-0.0014943333333342264
s3-r3-e0.1,conditional,46,70610047,1000,1.4789419999999998,0.4956131056443998,0.015672662520659564,1.448186884529359,1.5096971154706404,1,,1.001,4.6370000000000005,-0.01403866666666683
s3-r3-e0.1,conditional,47,70610048,1000,1.4831245000000024,0.47095436802997875,0.01489288476979919,1.4538995747403443,1.5123494252596605,1,,1.0005,4.0840000000000005,-0.011250333333331733
s3-r3-e0.1,conditional,48,70610049,1000,1.4538830000000005,0.45144418443774736,0.014275918592604221,1.4258687730499688,1.4818972269500321,0,,1.001,4.215000000000001,-0.030744666666666347
s3-r3-e0.1,conditional,49,70610050,1000,1.4894915000000006,0.4982934487215225,0.015757422411003284,1.4585700566822972,1.520412943317704,1,,1.001,4.662500000000001,-0.007005666666666244
s3-r3-e0.1,conditional,50,70610051,1000,1.4867370000000022,0.5191751011138884,0.01641775823968109,1.4545197523074125,1.518954247692592,1,,1.0005,5.377000000000001,-0.008841999999998537
s3-r3-e0.1,conditional,51,70610052,1000,1.5036639999999997,0.5061274964340968,0.016005156751704955,1.472256417314191,1.5350715826858083,1,,1.0005,4.801000000000001,0.002442666666666445
s3-r3-e0.1,conditional,52,70610053,1000,1.511313,0.5429240463002635,0.01716876582783546,1.4776220189795493,1.5450039810204506,1,,1.0005,7.584000000000001,0.007541999999999938
s3-r3-e0.1,conditional,53,70610054,1000,1.4867059999999985,0.50035542428819,0.015822627803706142,1.455656601436705,1.5177553985632921,1,,1.0015,4.2010000000000005,-0.008862666666667648
s3-r3-e0.1,conditional,54,70610055,1000,1.4818879999999994,0.49504690120269473,0.015654757564088646,1.4511680201679975,1.5126079798320013,1,,1.0005,4.413,-0.012074666666667047
s3-r3-e0.1,conditional,55,70610056,1000,1.4971885000000014,0.5168612505015443,0.016344587858677262,1.4651148375797824,1.5292621624202203,1,,1.001,5.246500000000001,-0.001874333333332423
s3-r3-e0.1,conditional,56,70610057,1000,1.498154000000001,0.49081620779456125,0.015520971291573022,1.4676965545174872,1.528611445482515,1,,1.003,4.862000000000001,-0.001230666666665936
s3-r3-e0.1,conditional,57,70610058,1000,1.5036329999999996,0.5122250743939012,0.0161979790973392,1.4718470340307197,1.5354189659692794,1,,1.001,5.097000000000001,0.002421999999999702
s3-r3-e0.1,conditional,58,70610059,1000,1.5122204999999977,0.48895144507956556,0.015462002316821565,1.4818787717815591,1.5425622282184364,1,,1.001,4.0135000000000005,0.008146999999998497
s3-r3-e0.1,conditional,59,70610060,1000,1.5055694999999996,0.5052458191390681,0.015977275667569485,1.474216629521571,1.536922370478428,1,,1.0015,4.151000000000001,0.0037129999999997074
s3-r3-e0.1,conditional,60,70610061,1000,1.5042629999999995,0.5223670569371436,0.01651869674560233,1.4718476764922157,1.5366783235077832,1,,1.0005,6.090000000000002,0.0028419999999996413
s3-r3-e0.1,conditional,61,70610062,1000,1.5031219999999996,0.48925619028862144,0.015471639206487971,1.4727613609134123,1.533482639086587,1,,1.0005,5.273000000000001,0.0020813333333330832
s3-r3-e0.1,conditional,62,70610063,1000,1.5022084999999992,0.4689624110957838,0.014829893560668968,1.4731071850017041,1.5313098149982942,1,,1.001,3.859000000000001,0.0014723333333327797
s3-r3-e0.1,conditional,63,70610064,1000,1.5166500000000007,0.5574628968652369,0.017628524651296877,1.4820568151781497,1.5512431848218518,1,,1.0005,5.760500000000001,0.01110000000000048
s3-r3-e0.1,conditional,64,70610065,1000,1.5148199999999985,0.5143796550501678,0.01626611292010263,1.4829003322054044,1.5467396677945926,1,,1.001,4.655000000000001,0.009879999999999
s3-r3-e0.1,conditional,65,70610066,1000,1.4857609999999997,0.4581652237471232,0.014488456517215748,1.4573297010684396,1.5141922989315597,1,,1.0015,3.549000000000001,-0.00949266666666689
s3-r3-e0.1,conditional,66,70610067,1000,1.5068999999999992,0.5298514575492523,0.01675537427415655,1.474020234365015,1.5397797656349834,1,,1.001,6.791500000000001,0.004599999999999493
s3-r3-e0.1,conditional,67,70610068,1000,1.491919500000001,0.5125199859573829,0.016207305019828436,1.4601152333863572,1.5237237666136447,1,,1.001,3.7980000000000005,-0.0053869999999993645
s3-r3-e0.1,conditional,68,70610069,1000,1.4792035000000003,0.4789395206100163,0.015145397465968078,1.4494830586071874,1.5089239413928133,1,,1.002,4.205000000000001,-0.013864333333333109
s3-r3-e0.1,conditional,69,70610070,1000,1.5021320000000005,0.5017149863254073,0.015865620930285197,1.470998234241877,1.533265765758124,1,,1.0005,5.723000000000001,0.0014213333333336446
s3-r3-e0.1,conditional,70,70610071,1000,1.506444499999998,0.49446888187720633,0.015636478988087267,1.4757603889755342,1.5371286110244617,1,,1.001,4.682,0.004296333333331977
s3-r3-e0.1,conditional,71,70610072,1000,1.5143139999999993,0.5220170161682182,0.01650762748456512,1.481920398162093,1.5467076018379056,1,,1.0005,4.810500000000001,0.00954266666666618
s3-r3-e0.1,conditional,72,70610073,1000,1.5040519999999984,0.4613798984640608,0.014590113457636547,1.4754212154394388,1.532682784560558,1,,1.0005,4.385000000000001,0.00270133333333226
s3-r3-e0.1,conditional,73,70610074,1000,1.4812980000000007,0.5113978264843657,0.016171819221501748,1.4495633686396947,1.5130326313603066,1,,1.0005,5.223000000000001,-0.012467999999999554
s3-r3-e0.1,conditional,74,70610075,1000,1.5057560000000003,0.529084323322082,0.016731115359867238,1.472923838638328,1.5385881613616725,1,,1.0005,4.806000000000001,0.0038373333333335444
s3-r3-e0.1,conditional,75,70610076,1000,1.4846329999999985,0.5008940738161954,0.01583966139739686,1.4535501757095735,1.5157158242904236,1,,1.0005,4.543500000000001,-0.010244666666667642
s3-r3-e0.1,conditional,76,70610077,1000,1.4649310000000004,0.4782368871796275,0.015123178245966016,1.4352541603038316,1.4946078396961693,0,,1.0005,4.393000000000001,-0.023379333333333047
s3-r3-e0.1,conditional,77,70610078,1000,1.5091425000000003,0.5267374049158533,0.016656899283404688,1.476455975922253,1.5418290240777475,1,,1.0005,5.888500000000001,0.006095000000000184
s3-r3-e0.1,conditional,78,70610079,1000,1.5091575,0.5361840138800215,0.01695562728832204,1.4758847695726018,1.542430230427398,1,,1.0005,6.000000000000001,0.006104999999999953
s3-r3-e0.1,conditional,79,70610080,1000,1.495806499999998,0.477583452667711,0.015102514832371851,1.4661702089770536,1.5254427910229424,1,,1.0015,4.297000000000001,-0.002795666666667973
s3-r3-e0.1,conditional,80,70610081,1000,1.476265,0.5101615642094149,0.01613272517575989,1.4446070845065366,1.5079229154934632,1,,1.001,5.099500000000001,-0.015823333333333373
s3-r3-e0.1,conditional,81,70610082,1000,1.510767500000001,0.5276845579382027,0.01668685089183805,1.4780222006391974,1.5435127993608044,1,,1.0035,4.9205000000000005,0.007178333333333953
s3-r3-e0.1,conditional,82,70610083,1000,1.5047155,0.5018462767573806,0.015869772698285423,1.4735735870553928,1.5358574129446074,1,,1.0005,4.515000000000001,0.00314366666666673
s3-r3-e0.1,conditional,83,70610084,1000,1.4996180000000003,0.5022838387113715,0.015883609622205877,1.4684489342858893,1.5307870657141114,1,,1.0025,4.610000000000001,-0.0002546666666664403
s3-r3-e0.1,conditional,84,70610085,1000,1.4761050000000004,0.4506939144025353,0.014252192970889772,1.4481373308211503,1.5040726691788506,1,,1.001,4.839,-0.015929999999999705
s3-r3-e0.1,conditional,85,70610086,1000,1.4904140000000006,0.5060916432380155,0.01600402297409482,1.459008642173004,1.5218193578269972,1,,1.0005,4.798000000000001,-0.006390666666666285
s3-r3-e0.1,conditional,86,70610087,1000,1.498844999999999,0.5172252230957094,0.01635609768271168,1.4667487513748672,1.530941248625131,1,,1.0015,5.153500000000001,-0.0007700000000006035
s3-r3-e0.1,conditional,87,70610088,1000,1.5007789999999999,0.479340469232929,0.015158076574699197,1.4710336778664337,1.530524322133566,1,,1.0015,4.085000000000001,0.000519333333333242
s3-r3-e0.1,conditional,88,70610089,1000,1.5003935000000004,0.5210368723325443,0.016476632615012088,1.4680607206797003,1.5327262793203005,1,,1.0015,5.363500000000001,0.00026233333333358644
s3-r3-e0.1,conditional,89,70610090,1000,1.4933044999999991,0.4996283869585525,0.01579963686464993,1.4623002175096458,1.5243087824903525,1,,1.0005,4.426,-0.004463666666667236
s3-r3-e0.1,conditional,90,70610091,1000,1.5154680000000016,0.48627258405343216,0.015377289293045191,1.4852925076604173,1.5456434923395859,1,,1.0005,4.751000000000001,0.010312000000001062
s3-r3-e0.1,conditional,91,70610092,1000,1.4929974999999986,0.486585293645155,0.015387178038605447,1.462802602565003,1.5231923974349943,1,,1.0015,5.559500000000001,-0.004668333333334236
s3-r3-e0.1,conditional,92,70610093,1000,1.503540000000001,0.5102039292767644,0.016134064876820398,1.4718794555556012,1.5352005444444008,1,,1.001,4.668500000000001,0.002360000000000658
s3-r3-e0.1,conditional,93,70610094,1000,1.4955460000000005,0.4688189875923621,0.014825358111260834,1.4664535851021239,1.524638414897877,1,,1.001,5.287000000000001,-0.0029693333333330094
s3-r3-e0.1,conditional,94,70610095,1000,1.5158365000000016,0.527728593584085,0.0166882434212303,1.4830884680210357,1.5485845319789675,1,,1.0005,4.627000000000001,0.010557666666667723
s3-r3-e0.1,conditional,95,70610096,1000,1.4911490000000003,0.4793616806962358,0.015158747340064744,1.4614023615957465,1.520895638404254,1,,1.0005,4.515500000000001,-0.00590066666666648
s3-r3-e0.1,conditional,96,70610097,1000,1.4809524999999983,0.4711611999837426,0.014899425370467154,1.4517147398484687,1.510190260151528,1,,1.001,3.9580000000000006,-0.01269833333333444
s3-r3-e0.1,conditional,97,70610098,1000,1.5070135000000022,0.5095185720295119,0.016112391977698187,1.4753954851841329,1.5386315148158716,1,,1.0005,4.364000000000001,0.004675666666668151
s3-r3-e0.1,conditional,98,70610099,1000,1.5249485000000003,0.5140594778277067,0.01625598802732379,1.4930487007022957,1.5568482992977049,1,,1.0005,4.857000000000001,0.01663233333333351
s3-r3-e0.1,conditional,99,70610100,1000,1.4923290000000031,0.4947726288035882,0.01564608430928369,1.461626040055508,1.5230319599444984,1,,1.0005,4.700500000000001,-0.005113999999997916
s3-r3-e0.01,naive,0,70700001,1000,1,0,0,1,1,0,0,1,1,-0.3333333333333333
s3-r3-e0.01,naive,1,70700002,1000,1,0,0,1,1,0,0,1,1,-0.3333333333333333
s3-r3-e0.01,naive,2,70700003,1000,1,0,0,1,1,0,0,1,1,-0.3333333333333333
s3-r3-e0.01,naive,3,70700004,1000,1,0,0,1,1,0,0,1,1,-0.3333333333333333
s3-r3-e0.01,naive,4,70700005,1000,1,0,0,1,1,0,0,1,1,-0.3333333333333333
s3-r3-e0.01,naive,5,70700006,1000,1,0,0,1,1,0,0,1,1,-0.3333333333333333
s3-r3-e0.01,naive,6,70700007,1000,1,0,0,1,1,0,0,1,1,-0.3333333333333333
s3-r3-e0.01,naive,7,70700008,1000,1,0,0,1,1,0,0,1,1,-0.3333333333333333
s3-r3-e0.01,naive,8,70700009,1000,1,0,0,1,1,0,0,1,1,-0.3333333333333333
s3-r3-e0.01,naive,9,70700010,1000,1,0,0,1,1,0,0,1,1,-0.3333333333333333
s3-r3-e0.01,naive,10,70700011,1000,1,0,0,1,1,0,0,1,1,-0.3333333333333333
s3-r3-e0.01,naive,11,70700012,1000,1,0,0,1,1,0,0,1,1,-0.3333333333333333
s3-r3-e0.01,naive,12,70700013,1000,1,0,0,1,1,0,0,1,1,-0.3333333333333333
s3-r3-e0.01,naive,13,70700014,1000,1,0,0,1,1,0,0,1,1,-0.3333333333333333
s3-r3-e0.01,naive,14,70700015,1000,1,0,0,1,1,0,0,1,1,-0.3333333333333333
s3-r3-e0.01,naive,15,70700016,1000,1,0,0,1,1,0,0,1,1,-0.3333333333333333
s3-r3-e0.01,naive,16,70700017,1000,1,0,0,1,1,0,0,1,1,-0.3333333333333333
s3-r3-e0.01,naive,17,70700018,1000,1,0,0,1,1,0,0,1,1,-0.3333333333333333
s3-r3-e0.01,naive,18,70700019,1000,1,0,0,1,1,0,0,1,1,-0.3333333333333333
s3-r3-e0.01,naive,19,70700020,1000,1,0,0,1,1,0,0,1,1,-0.3333333333333333
s3-r3-e0.01,naive,20,70700021,1000,1,0,0,1,1,0,0,1,1,-0.3333333333333333
s3-r3-e0.01,naive,21,70700022,1000,1,0,0,1,1,0,0,1,1,-0.3333333333333333
s3-r3-e0.01,naive,22,70700023,1000,1,0,0,1,1,0,0,1,1,-0.3333333333333333
s3-r3-e0.01,naive,23,70700024,1000,1,0,0,1,1,0,0,1,1,-0.3333333333333333
s3-r3-e0.01,naive,24,70700025,1000,1,0,0,1,1,0,0,1,1,-0.3333333333333333
s3-r3-e0.01,naive,25,70700026,1000,1,0,0,1,1,0,0,1,1,-0.3333333333333333
s3-r3-e0.01,naive,26,70700027,1000,1,0,0,1,1,0,0,1,1,-0.3333333333333333
s3-r3-e0.01,naive,27,70700028,1000,1,0,0,1,1,0,0,1,1,-0.3333333333333333
s3-r3-e0.01,naive,28,70700029,1000,1,0,0,1,1,0,0,1,1,-0.3333333333333333
s3-r3-e0.01,naive,29,70700030,1000,1,0,0,1,1,0,0,1,1,-0.3333333333333333
s3-r3-e0.01,naive,30,70700031,1000,1,0,0,1,1,0,0,1,1,-0.3333333333333333
s3-r3-e0.01,naive,31,70700032,1000,1,0,0,1,1,0,0,1,1,-0.3333333333333333
s3-r3-e0.01,naive,32,70700033,1000,1,0,0,1,1,0,0,1,1,-0.3333333333333333
s3-r3-e0.01,naive,33,70700034,1000,1,0,0,1,1,0,0,1,1,-0.3333333333333333
s3-r3-e0.01,naive,34,70700035,1000,1,0,0,1,1,0,0,1,1,-0.3333333333333333
s3-r3-e0.01,naive,35,70700036,1000,1,0,0,1,1,0,0,1,1,-0.3333333333333333
s3-r3-e0.01,naive,36,70700037,1000,1,0,0,1,1,0,0,1,1,-0.3333333333333333
s3-r3-e0.01,naive,37,70700038,1000,1,0,0,1,1,0,0,1,1,-0.3333333333333333
s3-r3-e0.01,naive,38,70700039,1000,1,0,0,1,1,0,0,1,1,-0.3333333333333333
s3-r3-e0.01,naive,39,70700040,1000,1,0,0,1,1,0,0,1,1,-0.3333333333333333
s3-r3-e0.01,naive,40,70700041,1000,1,0,0,1,1,0,0,1,1,-0.3333333333333333
s3-r3-e0.01,naive,41,70700042,1000,1,0,0,1,1,0,0,1,1,-0.3333333333333333
s3-r3-e0.01,naive,42,70700043,1000,1,0,0,1,1,0,0,1,1,-0.3333333333333333
s3-r3-e0.01,naive,43,70700044,1000,1,0,0,1,1,0,0,1,1,-0.3333333333333333
s3-r3-e0.01,naive,44,70700045,1000,1,0,0,1,1,0,0,1,1,-0.3333333333333333
s3-r3-e0.01,naive,45,70700046,1000,1,0,0,1,1,0,0,1,1,-0.3333333333333333
s3-r3-e0.01,naive,46,70700047,1000,1,0,0,1,1,0,0,1,1,-0.3333333333333333
s3-r3-e0.01,naive,47,70700048,1000,1,0,0,1,1,0,0,1,1,-0.3333333333333333
s3-r3-e0.01,naive,48,70700049,1000,1,0,0,1,1,0,0,1,1,-0.3333333333333333
s3-r3-e0.01,naive,49,70700050,1000,1,0,0,1,1,0,0,1,1,-0.3333333333333333
s3-r3-e0.01,naive,50,70700051,1000,1,0,0,1,1,0,0,1,1,-0.3333333333333333
s3-r3-e0.01,naive,51,70700052,1000,1,0,0,1,1,0,0,1,1,-0.3333333333333333
s3-r3-e0.01,naive,52,70700053,1000,1,0,0,1,1,0,0,1,1,-0.3333333333333333
s3-r3-e0.01,naive,53,70700054,1000,1,0,0,1,1,0,0,1,1,-0.3333333333333333
s3-r3-e0.01,naive,54,70700055,1000,1,0,0,1,1,0,0,1,1,-0.3333333333333333
s3-r3-e0.01,naive,55,70700056,1000,1,0,0,1,1,0,0,1,1,-0.3333333333333333
s3-r3-e0.01,naive,56,70700057,1000,1,0,0,1,1,0,0,1,1,-0.3333333333333333
s3-r3-e0.01,naive,57,70700058,1000,1,0,0,1,1,0,0,1,1,-0.3333333333333333
s3-r3-e0.01,naive,58,70700059,1000,1,0,0,1,1,0,0,1,1,-0.3333333333333333
s3-r3-e0.01,naive,59,70700060,1000,1,0,0,1,1,0,0,1,1,-0.3333333333333333
s3-r3-e0.01,naive,60,70700061,1000,1,0,0,1,1,0,0,1,1,-0.3333333333333333
s3-r3-e0.01,naive,61,70700062,1000,1,0,0,1,1,0,0,1,1,-0.3333333333333333
s3-r3-e0.01,naive,62,70700063,1000,1,0,0,1,1,0,0,1,1,-0.3333333333333333
s3-r3-e0.01,naive,63,70700064,1000,1,0,0,1,1,0,0,1,1,-0.3333333333333333
s3-r3-e0.01,naive,64,70700065,1000,1,0,0,1,1,0,0,1,1,-0.3333333333333333
s3-r3-e0.01,naive,65,70700066,1000,1,0,0,1,1,0,0,1,1,-0.3333333333333333
s3-r3-e0.01,naive,66,70700067,1000,1,0,0,1,1,0,0,1,1,-0.3333333333333333
s3-r3-e0.01,naive,67,70700068,1000,1,0,0,1,1,0,0,1,1,-0.3333333333333333
s3-r3-e0.01,naive,68,70700069,1000,1,0,0,1,1,0,0,1,1,-0.3333333333333333
s3-r3-e0.01,naive,69,70700070,1000,1,0,0,1,1,0,0,1,1,-0.3333333333333333
s3-r3-e0.01,naive,70,70700071,1000,1,0,0,1,1,0,0,1,1,-0.3333333333333333
s3-r3-e0.01,naive,71,70700072,1000,1,0,0,1,1,0,0,1,1,-0.3333333333333333
s3-r3-e0.01,naive,72,70700073,1000,1,0,0,1,1,0,0,1,1,-0.3333333333333333
s3-r3-e0.01,naive,73,70700074,1000,1,0,0,1,1,0,0,1,1,-0.3333333333333333
s3-r3-e0.01,naive,74,70700075,1000,1,0,0,1,1,0,0,1,1,-0.3333333333333333
s3-r3-e0.01,naive,75,70700076,1000,1,0,0,1,1,0,0,1,1,-0.3333333333333333
s3-r3-e0.01,naive,76,70700077,1000,1,0,0,1,1,0,0,1,1,-0.3333333333333333
s3-r3-e0.01,naive,77,70700078,1000,1,0,0,1,1,0,0,1,1,-0.3333333333333333
s3-r3-e0.01,naive,78,70700079,1000,1,0,0,1,1,0,0,1,1,-0.3333333333333333
s3-r3-e0.01,naive,79,70700080,1000,1,0,0,1,1,0,0,1,1,-0.3333333333333333
s3-r3-e0.01,naive,80,70700081,1000,1,0,0,1,1,0,0,1,1,-0.3333333333333333
s3-r3-e0.01,naive,81,70700082,1000,1,0,0,1,1,0,0,1,1,-0.3333333333333333
s3-r3-e0.01,naive,82,70700083,1000,1,0,0,1,1,0,0,1,1,-0.3333333333333333
s3-r3-e0.01,naive,83,70700084,1000,1,0,0,1,1,0,0,1,1,-0.3333333333333333
s3-r3-e0.01,naive,84,70700085,1000,1,0,0,1,1,0,0,1,1,-0.3333333333333333
s3-r3-e0.01,naive,85,70700086,1000,1,0,0,1,1,0,0,1,1,-0.3333333333333333
s3-r3-e0.01,naive,86,70700087,1000,1,0,0,1,1,0,0,1,1,-0.3333333333333333
s3-r3-e0.01,naive,87,70700088,1000,1,0,0,1,1,0,0,1,1,-0.3333333333333333
s3-r3-e0.01,naive,88,70700089,1000,1,0,0,1,1,0,0,1,1,-0.3333333333333333
s3-r3-e0.01,naive,89,70700090,1000,1,0,0,1,1,0,0,1,1,-0.3333333333333333
s3-r3-e0.01,naive,90,70700091,1000,1,0,0,1,1,0,0,1,1,-0.3333333333333333
s3-r3-e0.01,naive,91,70700092,1000,1,0,0,1,1,0,0,1,1,-0.3333333333333333
s3-r3-e0.01,naive,92,70700093,1000,1,0,0,1,1,0,0,1,1,-0.3333333333333333
s3-r3-e0.01,naive,93,70700094,1000,1,0,0,1,1,0,0,1,1,-0.3333333333333333
s3-r3-e0.01,naive,94,70700095,1000,1,0,0,1,1,0,0,1,1,-0.3333333333333333
s3-r3-e0.01,naive,95,70700096,1000,1,0,0,1,1,0,0,1,1,-0.3333333333333333
s3-r3-e0.01,naive,96,70700097,1000,1,0,0,1,1,0,0,1,1,-0.3333333333333333
s3-r3-e0.01,naive,97,70700098,1000,1,0,0,1,1,0,0,1,1,-0.3333333333333333
s3-r3-e0.01,naive,98,70700099,1000,1,0,0,1,1,0,0,1,1,-0.3333333333333333
s3-r3-e0.01,naive,99,70700100,1000,1,0,0,1,1,0,0,1,1,-0.3333333333333333
s3-r3-e0.01,conditional,0,70710001,1000,1.5014495555000016,0.48275933786054975,0.015266190693540954,1.4714920765484982,1.531407034451505,1,,1.000105,3.7710200000000005,0.0009663703333343913
s3-r3-e0.01,conditional,1,70710002,1000,1.4866474520000004,0.46198741841822333,0.014609324925428093,1.4579789679796642,1.5153159360203365,1,,1.0006775,4.3416275,-0.008901698666666421
s3-r3-e0.01,conditional,2,70710003,1000,1.5029740479999996,0.4977316976400896,0.01573965828204938,1.4720874639690633,1.5338606320309358,1,,1.0002395,4.746557000000001,0.001982698666666375
s3-r3-e0.01,conditional,3,70710004,1000,1.5404591805000014,0.5524356507975965,0.017469549171978193,1.5061779598525211,1.5747404011474817,0,,1.000781,4.946291500000001,0.026972787000000942
s3-r3-e0.01,conditional,4,70710005,1000,1.4977164209999996,0.482549008402375,0.015259539492072342,1.4677719939769045,1.5276608480230947,1,,1.0004825,3.9984395000000004,-0.0015223860000002827
s3-r3-e0.01,conditional,5,70710006,1000,1.5030720859999989,0.492062742800595,0.015560390189595005,1.4725372871795441,1.5336068848204536,1,,1.0023085,4.391479,0.0020480573333325758
s3-r3-e0.01,conditional,6,70710007,1000,1.5072764600000006,0.5289830819397124,0.01672791382624972,1.474450581140485,1.540102338859516,1,,1.0002225,8.0143245,0.00485097333333373
s3-r3-e0.01,conditional,7,70710008,1000,1.4776161840000002,0.4594694924860247,0.01452970111617459,1.4491039490818554,1.506128418918145,1,,1.000258,4.1452135000000006,-0.01492254399999989
s3-r3-e0.01,conditional,8,70710009,1000,1.5088446104999977,0.4940682419805772,0.015623809642138444,1.4781853610583746,1.5395038599416209,1,,1.0004215,4.533074000000001,0.005896406999998494
s3-r3-e0.01,conditional,9,70710010,1000,1.4833422764999993,0.483848413958977,0.015300630303703752,1.4533172152735683,1.5133673377264303,1,,1.0001615,4.548058000000001,-0.01110514900000048
s3-r3-e0.01,conditional,10,70710011,1000,1.5090871265000008,0.4960692924118161,0.015687088412894214,1.478303702502914,1.5398705504970875,1,,1.0004645,4.879099500000001,0.006058084333333842
s3-r3-e0.01,conditional,11,70710012,1000,1.4948389920000011,0.49104338413678517,0.015528155238292356,1.4643674491609853,1.525310534839017,1,,1.0002075,4.0620685000000005,-0.0034406719999992377
s3-r3-e0.01,conditional,12,70710013,1000,1.4672667964999995,0.44665811528973964,0.014124569797136562,1.4395495675664067,1.4949840254335922,0,,1.0000585,3.7750915000000003,-0.02182213566666702
s3-r3-e0.01,conditional,13,70710014,1000,1.4941075484999995,0.47108059529343993,0.014896876426352665,1.464874790247188,1.523340306752811,1,,1.000197,3.6509105000000006,-0.003928301000000338
s3-r3-e0.01,conditional,14,70710015,1000,1.4898741720000008,0.49486778650334223,0.01564909345996494,1.459165307074361,1.5205830369256406,1,,1.0000025,4.7936215,-0.006750551999999447
s3-r3-e0.01,conditional,15,70710016,1000,1.4898968784999993,0.501723526060893,0.015865890980432697,1.4587625828112747,1.521031174188724,1,,1.000342,4.7772085,-0.0067354143333338
s3-r3-e0.01,conditional,16,70710017,1000,1.4765229315000021,0.459118521166439,0.014518602428541732,1.4480324759967635,1.5050133870032407,1,,1.0000145,4.5480410000000004,-0.015651378999998578
s3-r3-e0.01,conditional,17,70710018,1000,1.487571587999999,0.4652333985075196,0.014711971828645424,1.4587016757056224,1.5164415002943754,1,,1.0002995,3.9440630000000003,-0.00828560800000074
s3-r3-e0.01,conditional,18,70710019,1000,1.5280090035000016,0.524828021724066,0.016596519285283787,1.4954409655959902,1.560577041404013,1,,1.0002835,5.021740500000001,0.018672669000001047
s3-r3-e0.01,conditional,19,70710020,1000,1.5006463955000016,0.4881000939337363,0.01543508022972742,1.470357497609288,1.5309352933907152,1,,1.0002605,4.373535500000001,0.00043093033333437464
s3-r3-e0.01,conditional,20,70710021,1000,1.5275538780000009,0.5272871483090491,0.016674283695915972,1.4948332397688053,1.5602745162311964,1,,1.001785,5.421257000000001,0.018369252000000575
s3-r3-e0.01,conditional,21,70710022,1000,1.4599387634999992,0.4533831679245247,0.014337234634240935,1.4318042135392313,1.488073313460767,0,,1.001408,4.158665500000001,-0.026707491000000545
s3-r3-e0.01,conditional,22,70710023,1000,1.4951103165000015,0.4937782376624212,0.015614638900371873,1.4644690631851762,1.5257515698148267,1,,1.0001935,5.053503500000001,-0.0032597889999990137
s3-r3-e0.01,conditional,23,70710024,1000,1.4980537060000003,0.49612266503242936,0.015688776203352513,1.4672669699817196,1.528840442018281,1,,1.0001415,4.804901500000001,-0.0012975293333331213
s3-r3-e0.01,conditional,24,70710025,1000,1.5021350739999995,0.503005301289901,0.015906424272153188,1.4709212381523755,1.5333489098476234,1,,1.000118,4.523594500000001,0.0014233826666663063
s3-r3-e0.01,conditional,25,70710026,1000,1.506991618499998,0.5212865302851114,0.01648452749267295,1.4746433467339335,1.5393398902660627,1,,1.000187,4.874935500000001,0.0046610789999987174
s3-r3-e0.01,conditional,26,70710027,1000,1.5062966104999993,0.4927362839228534,0.015581689430036232,1.475720015296936,1.5368732057030625,1,,1.0000455,4.453604,0.004197740333332867
s3-r3-e0.01,conditional,27,70710028,1000,1.4948166380000014,0.47950809476384076,0.01516337735941596,1.465060913916809,1.524572362083194,1,,1.0006625,4.3694715,-0.0034555746666657208
s3-r3-e0.01,conditional,28,70710029,1000,1.521754703500002,0.5022166790380717,0.01588148584686047,1.4905898053583055,1.5529196016416986,1,,1.000402,4.591805000000001,0.014503135666668054
s3-r3-e0.01,conditional,29,70710030,1000,1.5025186515000004,0.5040099605680306,0.01593819438806629,1.4712424718366952,1.5337948311633056,1,,1.000862,4.4756555,0.0016791010000002753
s3-r3-e0.01,conditional,30,70710031,1000,1.4836525904999982,0.47307433252034836,0.014959923933281652,1.4542961115103188,1.5130090694896776,1,,1.0004415,4.7233125000000005,-0.010898273000001199
s3-r3-e0.01,conditional,31,70710032,1000,1.532904914499999,0.5252382947108091,0.01660949325628927,1.500311417234768,1.5654984117652302,0,,1.0002055,5.259380500000001,0.02193660966666607
s3-r3-e0.01,conditional,32,70710033,1000,1.5341817955,0.5483199085903494,0.0173393979756083,1.5001559759413723,1.5682076150586275,0,,1.000728,5.830913000000001,0.022787863666666592
s3-r3-e0.01,conditional,33,70710034,1000,1.5136811980000007,0.5546129252946854,0.01753840063700018,1.479264867268048,1.5480975287319534,1,,1.0006275,5.366293500000001,0.009120798666667115
s3-r3-e0.01,conditional,34,70710035,1000,1.4848704845000031,0.4512665369404615,0.014270300885483702,1.4568672814095707,1.5128736875904356,1,,1.0002325,4.3317575,-0.010086343666664574
s3-r3-e0.01,conditional,35,70710036,1000,1.494902835500001,0.49296581849737203,0.015588947950608596,1.464311996601072,1.5254936743989298,1,,1.0004375,4.778154000000001,-0.003398109666666057
s3-r3-e0.01,conditional,36,70710037,1000,1.5208194050000006,0.4981726779323436,0.01575360330331707,1.4899054560756544,1.5517333539243467,1,,1.001246,4.8405035000000005,0.013879603333333712
s3-r3-e0.01,conditional,37,70710038,1000,1.4841170445,0.4960944175164104,0.015687882938463894,1.453332061372446,1.514902027627554,1,,1.0000975,4.844724500000001,-0.010588636999999975
s3-r3-e0.01,conditional,38,70710039,1000,1.496802517000001,0.4767496891614847,0.01507614891527582,1.4672179649093349,1.5263870690906671,1,,1.0004015,4.5418590000000005,-0.002131655333332668
s3-r3-e0.01,conditional,39,70710040,1000,1.5187805490000015,0.5278871090517177,0.01669325612045116,1.4860226803935224,1.5515384176064806,1,,1.0000315,6.275174000000001,0.012520366000000985
s3-r3-e0.01,conditional,40,70710041,1000,1.5179754239999996,0.5357756982838546,0.016942715215441474,1.4847280314685642,1.551222816531435,1,,1.00041,5.2530055,0.011983615999999753
s3-r3-e0.01,conditional,41,70710042,1000,1.4998504400000012,0.49007359540021694,0.01549748782572503,1.4694390770961718,1.5302618029038306,1,,1.000688,3.6597495000000007,-0.00009970666666584786
s3-r3-e0.01,conditional,42,70710043,1000,1.4710978899999976,0.4901961174214148,0.015501362312230156,1.4406789240306586,1.5015168559693366,1,,1.0000135,4.4139955,-0.01926807333333495
s3-r3-e0.01,conditional,43,70710044,1000,1.4930299019999989,0.5006108011715937,0.015830703529839254,1.4619646561044854,1.5240951478955123,1,,1.0001405,4.735234,-0.004646732000000764
s3-r3-e0.01,conditional,44,70710045,1000,1.4796811479999987,0.4601496781486967,0.014551210475432935,1.451126704374379,1.5082355916256185,1,,1.0003105,4.420467,-0.013545901333334184
s3-r3-e0.01,conditional,45,70710046,1000,1.481344478500001,0.4885334854149961,0.01544878527172037,1.451028686637158,1.511660270362844,1,,1.0000405,4.594191500000001,-0.0124370143333327
s3-r3-e0.01,conditional,46,70710047,1000,1.5020062885000012,0.5301990434095357,0.016766365904166195,1.4691049535337235,1.5349076234662788,1,,1.00047,6.543077500000001,0.0013375256666674495
s3-r3-e0.01,conditional,47,70710048,1000,1.4832471709999997,0.46757879044527445,0.014786139633936435,1.4542317161462193,1.5122626258537801,1,,1.0001135,4.431552,-0.011168552666666868
s3-r3-e0.01,conditional,48,70710049,1000,1.4994313094999983,0.4979318412711963,0.015745987379384114,1.4685323056189505,1.530330313381046,1,,1.000412,6.303100000000001,-0.00037912700000116334
s3-r3-e0.01,conditional,49,70710050,1000,1.4954050714999998,0.48866035445800443,0.015452797223125092,1.4650814068185753,1.5257287361814242,1,,1.0001725,4.9139745,-0.003063285666666804
s3-r3-e0.01,conditional,50,70710051,1000,1.5201943785000007,0.5253480879464946,0.01661296522325373,1.4875940680500437,1.5527946889499578,1,,1.000249,4.701501,0.01346291900000048
s3-r3-e0.01,conditional,51,70710052,1000,1.5126222034999999,0.4948748436029871,0.01564931662505047,1.48191290064826,1.5433315063517397,1,,1.0000615,4.083528000000001,0.008414802333333249
s3-r3-e0.01,conditional,52,70710053,1000,1.5033763029999998,0.514401820027528,0.01626681383823007,1.4714552597647035,1.5352973462352961,1,,1.0000215,5.203992500000001,0.0022508686666665354
s3-r3-e0.01,conditional,53,70710054,1000,1.4893540599999995,0.48807246414356936,0.015434206499045418,1.459066876667229,1.51964124333277,1,,1.0004355,4.104375000000001,-0.00709729333333368
s3-r3-e0.01,conditional,54,70710055,1000,1.5121699364999994,0.505535815318893,0.01598644615197943,1.4807990703997946,1.5435408026002042,1,,1.000885,5.186664500000001,0.008113290999999615
s3-r3-e0.01,conditional,55,70710056,1000,1.486147847999999,0.5081190155704903,0.016068134116453105,1.454616682220232,1.517679013779766,1,,1.000187,4.615426500000001,-0.00923476800000067
s3-r3-e0.01,conditional,56,70710057,1000,1.4998648085000013,0.48532397570180047,0.01534729166305905,1.4697481817534745,1.529981435246528,1,,1.00015,4.410728500000001,-0.00009012766666582905
s3-r3-e0.01,conditional,57,70710058,1000,1.4966722480000032,0.5031423454122533,0.01591075798781891,1.4654499079224477,1.5278945880775587,1,,1.0001505,4.5360595,-0.0022185013333311985
s3-r3-e0.01,conditional,58,70710059,1000,1.4943521945000016,0.47277845815550484,0.01495056756434004,1.465014075901022,1.5236903130989812,1,,1.000741,4.873395500000001,-0.003765203666665625
s3-r3-e0.01,conditional,59,70710060,1000,1.4996017480000006,0.4931043538941338,0.01559332882451182,1.4690023123305755,1.5302011836694256,1,,1.0010665,5.468162,-0.00026550133333295517
s3-r3-e0.01,conditional,60,70710061,1000,1.5141388895000014,0.5047936599497026,0.01596297713853578,1.482814077617929,1.5454637013820738,1,,1.0006745,4.706934,0.009425926333334278
s3-r3-e0.01,conditional,61,70710062,1000,1.5237784229999998,0.5429294829818962,0.01716893775080419,1.4900871046079793,1.5574697413920202,1,,1.0000025,4.967793500000001,0.015852281999999846
s3-r3-e0.01,conditional,62,70710063,1000,1.514604299,0.49655673193994543,0.01570250260419908,1.4837906270962258,1.545417970903774,1,,1.000153,4.4282135,0.009736199333333287
s3-r3-e0.01,conditional,63,70710064,1000,1.5011744015000001,0.4999777224882452,0.015810683824064434,1.4701484411031682,1.532200361896832,1,,1.000003,4.896226500000001,0.0007829343333334293
s3-r3-e0.01,conditional,64,70710065,1000,1.4964220940000008,0.5083634608417403,0.01607586415465718,1.4648757592457697,1.5279684287542319,1,,1.0000905,4.060731500000001,-0.0023852706666661247
s3-r3-e0.01,conditional,65,70710066,1000,1.4919534014999998,0.49260372545910175,0.01557749756335035,1.4613850321707338,1.5225217708292658,1,,1.0000005,4.223377000000001,-0.005364399000000149
s3-r3-e0.01,conditional,66,70710067,1000,1.4929449280000022,0.5270071554631149,0.016665429544698924,1.460241664636843,1.5256481913631614,1,,1.000063,5.582472500000001,-0.00470338133333185
s3-r3-e0.01,conditional,67,70710068,1000,1.5148079289999996,0.5152731580533938,0.016294367965966578,1.4828328151574206,1.5467830428425786,1,,1.000594,4.813773500000001,0.009871952666666406
s3-r3-e0.01,conditional,68,70710069,1000,1.5156462590000015,0.5135241068352652,0.01623905811003079,1.4837796819809346,1.5475128360190684,1,,1.001806,4.474867000000001,0.01043083933333433
s3-r3-e0.01,conditional,69,70710070,1000,1.4979626265000008,0.49999798151710356,0.01581132447080819,1.4669354089355018,1.5289898440644998,1,,1.000142,5.0456970000000005,-0.0013582489999994785
s3-r3-e0.01,conditional,70,70710071,1000,1.4867956450000015,0.4875412901064183,0.015417409301131975,1.4565414235051275,1.5170498664948755,1,,1.000023,4.290729000000001,-0.008802903333332335
s3-r3-e0.01,conditional,71,70710072,1000,1.4738025085000002,0.47675323001309067,0.015076260886835136,1.4442177366829008,1.5033872803170996,1,,1.0004445,6.180870500000001,-0.017464994333333223
s3-r3-e0.01,conditional,72,70710073,1000,1.4996756090000003,0.494285738234768,0.01563068747759642,1.4690028628966951,1.5303483551033055,1,,1.003092,4.303888000000001,-0.00021626066666646793
s3-r3-e0.01,conditional,73,70710074,1000,1.4704026580000003,0.46816945177971886,0.014804817985362822,1.4413505498427903,1.4994547661572102,0,,1.000545,3.6261320000000006,-0.019731561333333165
s3-r3-e0.01,conditional,74,70710075,1000,1.5269869725000016,0.5465625203071097,0.017283824478524994,1.4930702071188406,1.5609037378811625,1,,1.0000765,5.5726985,0.017991315000001062
s3-r3-e0.01,conditional,75,70710076,1000,1.4802494439999994,0.5047391525852716,0.01596125346432723,1.4489280145552919,1.5115708734447069,1,,1.001013,5.1915025,-0.013167037333333761
s3-r3-e0.01,conditional,76,70710077,1000,1.5006764880000016,0.498620311676079,0.01576775872519459,1.4697347613044054,1.531618214695598,1,,1.000032,4.443213500000001,0.00045099200000109363
s3-r3-e0.01,conditional,77,70710078,1000,1.4826811920000011,0.4701574592019556,0.014867684299958705,1.453505718667151,1.5118566653328513,1,,1.0018425,4.790445500000001,-0.011545871999999235
s3-r3-e0.01,conditional,78,70710079,1000,1.4896537225000004,0.4754525004535668,0.015035128206555106,1.460149667046822,1.5191577779531789,1,,1.0001795,4.152943500000001,-0.006897518333333075
s3-r3-e0.01,conditional,79,70710080,1000,1.4989320339999994,0.5030935874738774,0.015909216126426092,1.4677127195809825,1.5301513484190163,1,,1.000568,4.090326000000001,-0.0007119773333337243
s3-r3-e0.01,conditional,80,70710081,1000,1.5018561824999994,0.5040456678898647,0.015939323552727695,1.4705777870300627,1.5331345779699361,1,,1.0002335,3.9418405000000005,0.0012374549999996098
s3-r3-e0.01,conditional,81,70710082,1000,1.5433740729999992,0.5732248331642938,0.01812696084169193,1.5078027861760066,1.5789453598239918,0,,1.0002775,5.067782500000001,0.02891604866666612
s3-r3-e0.01,conditional,82,70710083,1000,1.4906943065000007,0.4869855728984055,0.015399835980009276,1.4604745698617756,1.5209140431382258,1,,1.000035,5.100985500000001,-0.006203795666666216
s3-r3-e0.01,conditional,83,70710084,1000,1.503549171500001,0.4646079627890058,0.014692193814640148,1.4747180704225258,1.532380272577476,1,,1.0005815,4.050485500000001,0.0023661143333339276
s3-r3-e0.01,conditional,84,70710085,1000,1.4952448679999997,0.5052722604513447,0.015978111815280662,1.46389035671425,1.5265993792857493,1,,1.0006865,4.622865000000001,-0.0031700880000002187
s3-r3-e0.01,conditional,85,70710086,1000,1.4870585130000007,0.4862832504665874,0.01537762659464554,1.456882358759501,1.5172346672405004,1,,1.000867,4.707845500000001,-0.008627657999999538
s3-r3-e0.01,conditional,86,70710087,1000,1.498639452999999,0.5124703897624318,0.0162057366504352,1.4668382640626418,1.530440641937356,1,,1.0000745,4.464196000000001,-0.0009070313333340666
s3-r3-e0.01,conditional,87,70710088,1000,1.498148422999998,0.5053569300993314,0.01598078930464389,1.466788657565859,1.5295081884341368,1,,1.0008485,4.111048500000001,-0.0012343846666680314
s3-r3-e0.01,conditional,88,70710089,1000,1.520214059499999,0.5144022410200892,0.016266827151183785,1.4882929901401416,1.5521351288598566,1,,1.0003585,4.3409640000000005,0.01347603966666607
s3-r3-e0.01,conditional,89,70710090,1000,1.5028937584999984,0.49185217054759856,0.015553731310279987,1.4723720266745082,1.5334154903254886,1,,1.0000745,5.1465855000000005,0.0019291723333322668
s3-r3-e0.01,conditional,90,70710091,1000,1.4645537644999995,0.47167243982473267,0.014915592193748663,1.4352842795208498,1.4938232494791492,0,,1.000054,4.707842500000001,-0.023630823666666984
s3-r3-e0.01,conditional,91,70710092,1000,1.4847361439999998,0.4942365076920699,0.015629130671142702,1.4540664528825458,1.5154058351174537,1,,1.000958,4.682795500000001,-0.01017590400000016
s3-r3-e0.01,conditional,92,70710093,1000,1.504549431499999,0.47565106720121036,0.015041407438456361,1.4750330540497167,1.5340658089502812,1,,1.000008,4.460167500000001,0.0030329543333326527
s3-r3-e0.01,conditional,93,70710094,1000,1.5094294799999997,0.5144223526758085,0.016267463137579687,1.4775071626176688,1.5413517973823305,1,,1.0003015,5.011541,0.006286319999999772
s3-r3-e0.01,conditional,94,70710095,1000,1.5062703760000005,0.5106909653453552,0.016149466309614408,1.4745796086854681,1.5379611433145328,1,,1.000076,5.687347000000001,0.004180250666666978
s3-r3-e0.01,conditional,95,70710096,1000,1.4925281595000004,0.47805686590266294,0.015117485473341017,1.4628624909675825,1.5221938280324183,1,,1.000072,4.803875000000001,-0.004981226999999737
s3-r3-e0.01,conditional,96,70710097,1000,1.483143294000001,0.46991123370667204,0.014859897966127713,1.4539831001128576,1.5123034878871442,1,,1.0006445,3.7657270000000005,-0.011237803999999407
s3-r3-e0.01,conditional,97,70710098,1000,1.500634332999999,0.4889767490986435,0.015462802500163991,1.4702910345486109,1.530977631451387,1,,1.000433,5.2080435000000005,0.0004228886666659548
s3-r3-e0.01,conditional,98,70710099,1000,1.5062697619999998,0.5026413283606808,0.015894914437523396,1.4750785123780807,1.537461011621919,1,,1.0001285,4.683728,0.00417984133333323
s3-r3-e0.01,conditional,99,70710100,1000,1.4888807364999996,0.46778131727504163,0.01479254409463001,1.459852713907464,1.5179087590925353,1,,1.0009175,5.084519500000001,-0.007412842333333576
s3-r2-e0.01,naive,0,70800001,1000,1,0,0,1,1,0,0,1,1,-0.004975124378109347
s3-r2-e0.01,naive,1,70800002,1000,1,0,0,1,1,0,0,1,1,-0.004975124378109347
s3-r2-e0.01,naive,2,70800003,1000,1,0,0,1,1,0,0,1,1,-0.004975124378109347
s3-r2-e0.01,naive,3,70800004,1000,1,0,0,1,1,0,0,1,1,-0.004975124378109347
s3-r2-e0.01,naive,4,70800005,1000,1,0,0,1,1,0,0,1,1,-0.004975124378109347
s3-r2-e0.01,naive,5,70800006,1000,1,0,0,1,1,0,0,1,1,-0.004975124378109347
s3-r2-e0.01,naive,6,70800007,1000,1,0,0,1,1,0,0,1,1,-0.004975124378109347
s3-r2-e0.01,naive,7,70800008,1000,1,0,0,1,1,0,0,1,1,-0.004975124378109347
s3-r2-e0.01,naive,8,70800009,1000,1,0,0,1,1,0,0,1,1,-0.004975124378109347
s3-r2-e0.01,naive,9,70800010,1000,1,0,0,1,1,0,0,1,1,-0.004975124378109347
s3-r2-e0.01,naive,10,70800011,1000,1,0,0,1,1,0,0,1,1,-0.004975124378109347
s3-r2-e0.01,naive,11,70800012,1000,1,0,0,1,1,0,0,1,1,-0.004975124378109347
s3-r2-e0.01,naive,12,70800013,1000,1,0,0,1,1,0,0,1,1,-0.004975124378109347
s3-r2-e0.01,naive,13,70800014,1000,1,0,0,1,1,0,0,1,1,-0.004975124378109347
s3-r2-e0.01,naive,14,70800015,1000,1,0,0,1,1,0,0,1,1,-0.004975124378109347
s3-r2-e0.01,naive,15,70800016,1000,1,0,0,1,1,0,0,1,1,-0.004975124378109347
s3-r2-e0.01,naive,16,70800017,1000,1,0,0,1,1,0,0,1,1,-0.004975124378109347
s3-r2-e0.01,naive,17,70800018,1000,1,0,0,1,1,0,0,1,1,-0.004975124378109347
s3-r2-e0.01,naive,18,70800019,1000,1,0,0,1,1,0,0,1,1,-0.004975124378109347
s3-r2-e0.01,naive,19,70800020,1000,1,0,0,1,1,0,0,1,1,-0.004975124378109347
s3-r2-e0.01,naive,20,70800021,1000,1,0,0,1,1,0,0,1,1,-0.004975124378109347
s3-r2-e0.01,naive,21,70800022,1000,1,0,0,1,1,0,0,1,1,-0.004975124378109347
s3-r2-e0.01,naive,22,70800023,1000,1,0,0,1,1,0,0,1,1,-0.004975124378109347
s3-r2-e0.01,naive,23,70800024,1000,1,0,0,1,1,0,0,1,1,-0.004975124378109347
s3-r2-e0.01,naive,24,70800025,1000,1,0,0,1,1,0,0,1,1,-0.004975124378109347
s3-r2-e0.01,naive,25,70800026,1000,1,0,0,1,1,0,0,1,1,-0.004975124378109347
s3-r2-e0.01,naive,26,70800027,1000,1,0,0,1,1,0,0,1,1,-0.004975124378109347
s3-r2-e0.01,naive,27,70800028,1000,1,0,0,1,1,0,0,1,1,-0.004975124378109347
s3-r2-e0.01,naive,28,70800029,1000,1,0,0,1,1,0,0,1,1,-0.004975124378109347
s3-r2-e0.01,naive,29,70800030,1000,1,0,0,1,1,0,0,1,1,-0.004975124378109347
s3-r2-e0.01,naive,30,70800031,1000,1,0,0,1,1,0,0,1,1,-0.004975124378109347
s3-r2-e0.01,naive,31,70800032,1000,1,0,0,1,1,0,0,1,1,-0.004975124378109347
s3-r2-e0.01,naive,32,70800033,1000,1,0,0,1,1,0,0,1,1,-0.004975124378109347
s3-r2-e0.01,naive,33,70800034,1000,1,0,0,1,1,0,0,1,1,-0.004975124378109347
s3-r2-e0.01,naive,34,70800035,1000,1,0,0,1,1,0,0,1,1,-0.004975124378109347
s3-r2-e0.01,naive,35,70800036,1000,1,0,0,1,1,0,0,1,1,-0.004975124378109347
s3-r2-e0.01,naive,36,70800037,1000,1,0,0,1,1,0,0,1,1,-0.004975124378109347
s3-r2-e0.01,naive,37,70800038,1000,1,0,0,1,1,0,0,1,1,-0.004975124378109347
s3-r2-e0.01,naive,38,70800039,1000,1,0,0,1,1,0,0,1,1,-0.004975124378109347
s3-r2-e0.01,naive,39,70800040,1000,1,0,0,1,1,0,0,1,1,-0.004975124378109347
s3-r2-e0.01,naive,40,70800041,1000,1,0,0,1,1,0,0,1,1,-0.004975124378109347
s3-r2-e0.01,naive,41,70800042,1000,1,0,0,1,1,0,0,1,1,-0.004975124378109347
s3-r2-e0.01,naive,42,70800043,1000,1,0,0,1,1,0,0,1,1,-0.004975124378109347
s3-r2-e0.01,naive,43,70800044,1000,1,0,0,1,1,0,0,1,1,-0.004975124378109347
s3-r2-e0.01,naive,44,70800045,1000,1,0,0,1,1,0,0,1,1,-0.004975124378109347
s3-r2-e0.01,naive,45,70800046,1000,1,0,0,1,1,0,0,1,1,-0.004975124378109347
s3-r2-e0.01,naive,46,70800047,1000,1,0,0,1,1,0,0,1,1,-0.004975124378109347
s3-r2-e0.01,naive,47,70800048,1000,1,0,0,1,1,0,0,1,1,-0.004975124378109347
s3-r2-e0.01,naive,48,70800049,1000,1,0,0,1,1,0,0,1,1,-0.004975124378109347
s3-r2-e0.01,naive,49,70800050,1000,1,0,0,1,1,0,0,1,1,-0.004975124378109347
s3-r2-e0.01,naive,50,70800051,1000,1,0,0,1,1,0,0,1,1,-0.004975124378109347
s3-r2-e0.01,naive,51,70800052,1000,1,0,0,1,1,0,0,1,1,-0.004975124378109347
s3-r2-e0.01,naive,52,70800053,1000,1,0,0,1,1,0,0,1,1,-0.004975124378109347
s3-r2-e0.01,naive,53,70800054,1000,1,0,0,1,1,0,0,1,1,-0.004975124378109347
s3-r2-e0.01,naive,54,70800055,1000,1,0,0,1,1,0,0,1,1,-0.004975124378109347
s3-r2-e0.01,naive,55,70800056,1000,1,0,0,1,1,0,0,1,1,-0.004975124378109347
s3-r2-e0.01,naive,56,70800057,1000,1,0,0,1,1,0,0,1,1,-0.004975124378109347
s3-r2-e0.01,naive,57,70800058,1000,1,0,0,1,1,0,0,1,1,-0.004975124378109347
s3-r2-e0.01,naive,58,70800059,1000,1,0,0,1,1,0,0,1,1,-0.004975124378109347
s3-r2-e0.01,naive,59,70800060,1000,1,0,0,1,1,0,0,1,1,-0.004975124378109347
s3-r2-e0.01,naive,60,70800061,1000,1,0,0,1,1,0,0,1,1,-0.004975124378109347
s3-r2-e0.01,naive,61,70800062,1000,1,0,0,1,1,0,0,1,1,-0.004975124378109347
s3-r2-e0.01,naive,62,70800063,1000,1,0,0,1,1,0,0,1,1,-0.004975124378109347
s3-r2-e0.01,naive,63,70800064,1000,1,0,0,1,1,0,0,1,1,-0.004975124378109347
s3-r2-e0.01,naive,64,70800065,1000,1,0,0,1,1,0,0,1,1,-0.004975124378109347
s3-r2-e0.01,naive,65,70800066,1000,1,0,0,1,1,0,0,1,1,-0.004975124378109347
s3-r2-e0.01,naive,66,70800067,1000,1,0,0,1,1,0,0,1,1,-0.004975124378109347
s3-r2-e0.01,naive,67,70800068,1000,1,0,0,1,1,0,0,1,1,-0.004975124378109347
s3-r2-e0.01,naive,68,70800069,1000,1,0,0,1,1,0,0,1,1,-0.004975124378109347
s3-r2-e0.01,naive,69,70800070,1000,1,0,0,1,1,0,0,1,1,-0.004975124378109347
s3-r2-e0.01,naive,70,70800071,1000,1,0,0,1,1,0,0,1,1,-0.004975124378109347
s3-r2-e0.01,naive,71,70800072,1000,1,0,0,1,1,0,0,1,1,-0.004975124378109347
s3-r2-e0.01,naive,72,70800073,1000,1,0,0,1,1,0,0,1,1,-0.004975124378109347
s3-r2-e0.01,naive,73,70800074,1000,1,0,0,1,1,0,0,1,1,-0.004975124378109347
s3-r2-e0.01,naive,74,70800075,1000,1,0,0,1,1,0,0,1,1,-0.004975124378109347
s3-r2-e0.01,naive,75,70800076,1000,1,0,0,1,1,0,0,1,1,-0.004975124378109347
s3-r2-e0.01,naive,76,70800077,1000,1,0,0,1,1,0,0,1,1,-0.004975124378109347
s3-r2-e0.01,naive,77,70800078,1000,1,0,0,1,1,0,0,1,1,-0.004975124378109347
s3-r2-e0.01,naive,78,70800079,1000,1,0,0,1,1,0,0,1,1,-0.004975124378109347
s3-r2-e0.01,naive,79,70800080,1000,1,0,0,1,1,0,0,1,1,-0.004975124378109347
s3-r2-e0.01,naive,80,70800081,1000,1,0,0,1,1,0,0,1,1,-0.004975124378109347
s3-r2-e0.01,naive,81,70800082,1000,1,0,0,1,1,0,0,1,1,-0.004975124378109347
s3-r2-e0.01,naive,82,70800083,1000,1,0,0,1,1,0,0,1,1,-0.004975124378109347
s3-r2-e0.01,naive,83,70800084,1000,1,0,0,1,1,0,0,1,1,-0.004975124378109347
s3-r2-e0.01,naive,84,70800085,1000,1,0,0,1,1,0,0,1,1,-0.004975124378109347
s3-r2-e0.01,naive,85,70800086,1000,1,0,0,1,1,0,0,1,1,-0.004975124378109347
s3-r2-e0.01,naive,86,70800087,1000,1,0,0,1,1,0,0,1,1,-0.004975124378109347
s3-r2-e0.01,naive,87,70800088,1000,1,0,0,1,1,0,0,1,1,-0.004975124378109347
s3-r2-e0.01,naive,88,70800089,1000,1,0,0,1,1,0,0,1,1,-0.004975124378109347
s3-r2-e0.01,naive,89,70800090,1000,1,0,0,1,1,0,0,1,1,-0.004975124378109347
s3-r2-e0.01,naive,90,70800091,1000,1,0,0,1,1,0,0,1,1,-0.004975124378109347
s3-r2-e0.01,naive,91,70800092,1000,1,0,0,1,1,0,0,1,1,-0.004975124378109347
s3-r2-e0.01,naive,92,70800093,1000,1,0,0,1,1,0,0,1,1,-0.004975124378109347
s3-r2-e0.01,naive,93,70800094,1000,1,0,0,1,1,0,0,1,1,-0.004975124378109347
s3-r2-e0.01,naive,94,70800095,1000,1,0,0,1,1,0,0,1,1,-0.004975124378109347
s3-r2-e0.01,naive,95,70800096,1000,1,0,0,1,1,0,0,1,1,-0.004975124378109347
s3-r2-e0.01,naive,96,70800097,1000,1,0,0,1,1,0,0,1,1,-0.004975124378109347
s3-r2-e0.01,naive,97,70800098,1000,1,0,0,1,1,0,0,1,1,-0.004975124378109347
s3-r2-e0.01,naive,98,70800099,1000,1,0,0,1,1,0,0,1,1,-0.004975124378109347
s3-r2-e0.01,naive,99,70800100,1000,1,0,0,1,1,0,0,1,1,-0.004975124378109347
s3-r2-e0.01,conditional,0,70810001,1000,1.0047653560000012,0.004775368639739685,0.00015101041568517468,1.0044690220002392,1.005061689999763,1,,1.000002,1.0302205,-0.00023347661691415855
s3-r2-e0.01,conditional,1,70810002,1000,1.0048825940000004,0.004776374048503237,0.00015104220950189787,1.0045861976099135,1.0051789903900872,1,,1.000003,1.033546,-0.00011682189054680845
s3-r2-e0.01,conditional,2,70810003,1000,1.0049384110000006,0.004839250704650604,0.00015303054395270695,1.0046381128187825,1.0052387091812187,1,,1.0000145,1.034296,-0.00006128258706398697
s3-r2-e0.01,conditional,3,70810004,1000,1.0049424559999975,0.00512319910071726,0.00016200978064792923,1.004624537490323,1.005260374509672,1,,1.000012,1.036372,-0.00005725771144512631
s3-r2-e0.01,conditional,4,70810005,1000,1.0053531425000004,0.0053425732877779835,0.00016894700155752648,1.00502161079411,1.005684674205891,0,,1.0000085,1.0362105,0.0003513855721398149
s3-r2-e0.01,conditional,5,70810006,1000,1.005054359000002,0.004897182534723116,0.0001548625092732167,1.0047504658772801,1.005358252122724,1,,1.000004,1.03443,0.00005408855721608832
s3-r2-e0.01,conditional,6,70810007,1000,1.0047668524999995,0.0048682491643731425,0.0001539475557663057,1.004464754828479,1.00506895017152,1,,1.0000045,1.0327025,-0.00023198756218941648
s3-r2-e0.01,conditional,7,70810008,1000,1.0050300239999972,0.005201077984911247,0.0001644725272047841,1.0047072727406459,1.0053527752593485,1,,1.000007,1.040486,0.000029874626862982416
s3-r2-e0.01,conditional,8,70810009,1000,1.0049804019999986,0.005186545128625318,0.00016401295793706976,1.0046585525724756,1.0053022514275216,1,,1.0000005,1.0384085,-0.000019500497513717723
s3-r2-e0.01,conditional,9,70810010,1000,1.0050557239999995,0.004947098986244725,0.00015644100606843333,1.00474873332757,1.005362714672429,1,,1.000002,1.0338505,0.00005544676616880216
s3-r2-e0.01,conditional,10,70810011,1000,1.0048368235,0.005127578951464446,0.00016214828368965622,1.0045186332000642,1.0051550137999359,1,,1.0000015,1.0428375,-0.00016236467661677806
s3-r2-e0.01,conditional,11,70810012,1000,1.0049121020000011,0.004761081731324135,0.00015055862397202104,1.0046166545698496,1.0052075494301527,1,,1.0000015,1.030226,-0.00008746069651617306
s3-r2-e0.01,conditional,12,70810013,1000,1.004822836,0.004755381363678203,0.00015037836251940626,1.0045277423043708,1.0051179296956292,1,,1.0000025,1.03269,-0.00017628258706457357
s3-r2-e0.01,conditional,13,70810014,1000,1.0047447770000015,0.004821442553070997,0.0001524674007536161,1.0044455838980315,1.0050439701019716,1,,1.000005,1.035087,-0.0002539532338292152
s3-r2-e0.01,conditional,14,70810015,1000,1.004940685500002,0.004590656191941625,0.00014516929521290645,1.0046558137731223,1.0052255572268818,1,,1.0000005,1.0445855,-0.000059019402982938745
s3-r2-e0.01,conditional,15,70810016,1000,1.005263484500001,0.005479937875572096,0.00017329085123032209,1.0049234286777966,1.0056035403222054,1,,1.0000045,1.048246,0.0002621736318419225
s3-r2-e0.01,conditional,16,70810017,1000,1.0048967365000014,0.004811834242479175,0.00015216355929425132,1.0045981396387247,1.0051953333612782,1,,1.0000095,1.0387865,-0.00010274975124224044
s3-r2-e0.01,conditional,17,70810018,1000,1.004983345,0.005352843691025899,0.0001692717802250445,1.0046511759674646,1.0053155140325356,1,,1.000003,1.0463425,-0.00001657213930329355
s3-r2-e0.01,conditional,18,70810019,1000,1.0050745890000006,0.004985531698665371,0.00015765635514750816,1.0047652133976834,1.0053839646023177,1,,1.000006,1.035496,0.00007421791044843774
s3-r2-e0.01,conditional,19,70810020,1000,1.0048490079999985,0.004972615382741836,0.00015724790537454143,1.0045404339156057,1.0051575820843914,1,,1.0000015,1.036372,-0.00015024079602124252
s3-r2-e0.01,conditional,20,70810021,1000,1.0050479984999978,0.005046506416250493,0.00015958454502005323,1.004734839130749,1.0053611578692467,1,,1.0000015,1.0398255,0.00004775970149047313
s3-r2-e0.01,conditional,21,70810022,1000,1.0049843125000004,0.005050736799300648,0.00015971832147818784,1.0046708906156612,1.0052977343843397,1,,1.0000015,1.042963,-0.000015609452735793752
s3-r2-e0.01,conditional,22,70810023,1000,1.0048709249999996,0.004859868384286521,0.00015368253222987861,1.004569347395153,1.0051725026048464,1,,1.0000015,1.036067,-0.00012843283582115032
s3-r2-e0.01,conditional,23,70810024,1000,1.005126903499999,0.005240452256990392,0.0001657176510145968,1.0048017088825714,1.0054520981174266,1,,1.0000015,1.0415465,0.00012627213930259626
s3-r2-e0.01,conditional,24,70810025,1000,1.0049959244999989,0.005003950987023149,0.00015823882418840817,1.004685405894533,1.0053064431054648,1,,1.0000055,1.0483055000000001,-0.000004055223881624727
s3-r2-e0.01,conditional,25,70810026,1000,1.0052800030000002,0.0051780636284165914,0.00016374474935072208,1.0049586798893064,1.005601326110694,1,,1.000008,1.0459355,0.00027860995024906094
s3-r2-e0.01,conditional,26,70810027,1000,1.0050260509999989,0.004948153945297772,0.00015647436680289172,1.004718994862417,1.0053331071375808,1,,1.0000005,1.0361015,0.000025921393033803187
s3-r2-e0.01,conditional,27,70810028,1000,1.0050533620000006,0.00479313452873658,0.0001515722224240538,1.0047559255435818,1.0053507984564194,1,,1.000001,1.030291,0.00005309651741365462
s3-r2-e0.01,conditional,28,70810029,1000,1.0050858010000006,0.005097539932532432,0.00016119836650463538,1.0047694747619416,1.0054021272380596,1,,1.0000055,1.0400775,0.00008537412935389314
s3-r2-e0.01,conditional,29,70810030,1000,1.0051787855000005,0.005101020319753913,0.00016130842601222762,1.0048622432876066,1.0054953277123944,1,,1.000009,1.044668,0.0001778960199011056
s3-r2-e0.01,conditional,30,70810031,1000,1.0051153494999985,0.004903695074225211,0.00015506845385500107,1.004811052243685,1.005419646756312,1,,1.000001,1.033162,0.00011477562188913922
s3-r2-e0.01,conditional,31,70810032,1000,1.0047088539999993,0.004881855425766116,0.0001543778235307198,1.0044059119962054,1.0050117960037932,1,,1.000001,1.0372415,-0.0002896975124383831
s3-r2-e0.01,conditional,32,70810033,1000,1.0049393710000007,0.004859207548907807,0.00015366163478032708,1.0046378344030857,1.0052409075969158,1,,1.0000065,1.0349045000000001,-0.000060327363183229916
s3-r2-e0.01,conditional,33,70810034,1000,1.0050090824999987,0.004964254963263236,0.0001569835256970733,1.0047010272188084,1.005317137781189,1,,1.0000045,1.0307275,0.000009037313431600208
s3-r2-e0.01,conditional,34,70810035,1000,1.0051125814999995,0.004925638210972568,0.00015576235676630293,1.004806922569233,1.0054182404307659,1,,1.000006,1.030826,0.00011202139303442565
s3-r2-e0.01,conditional,35,70810036,1000,1.0048582844999985,0.004941765486638841,0.00015627234600189128,1.0045516247962103,1.0051649442037867,1,,1.0000035,1.0386525,-0.00014101044776260285
s3-r2-e0.01,conditional,36,70810037,1000,1.0049933605000003,0.0049223091157830565,0.00015565708153283928,1.0046879081551894,1.0052988128448113,1,,1.0000005,1.038747,-0.000006606467661265922
s3-r2-e0.01,conditional,37,70810038,1000,1.0052059985,0.005307093088150416,0.00016782501913092078,1.0048766685067438,1.005535328493256,1,,1.000002,1.0439815000000001,0.00020497363184082232
s3-r2-e0.01,conditional,38,70810039,1000,1.0050247534999988,0.004960479907165954,0.00015686414794145013,1.004716932478728,1.0053325745212696,1,,1.000004,1.031202,0.000024630348257576236
s3-r2-e0.01,conditional,39,70810040,1000,1.0051364570000005,0.005127048547161989,0.00016213151083289103,1.004818299614137,1.005454614385864,1,,1.0000105,1.0427385,0.000135778109453378
s3-r2-e0.01,conditional,40,70810041,1000,1.005022809999998,0.004737586582905923,0.00014981564214236852,1.0047288205538958,1.0053167994461003,1,,1.000007,1.032687,0.000022696517411096882
s3-r2-e0.01,conditional,41,70810042,1000,1.0051456389999995,0.005030481446965825,0.00015907779099631533,1.0048334740551819,1.0054578039448172,1,,1.0000065,1.030627,0.00014491442786034045
s3-r2-e0.01,conditional,42,70810043,1000,1.0051400795,0.005566913876200584,0.00017604127386790466,1.0047946264094183,1.0054855325905818,1,,1.000005,1.043665,0.00013938258706484337
s3-r2-e0.01,conditional,43,70810044,1000,1.0049123989999988,0.004914698824428014,0.00015541642298944506,1.0046074189094256,1.005217379090572,1,,1.0000025,1.0371425,-0.00008716517413039546
s3-r2-e0.01,conditional,44,70810045,1000,1.0050037765,0.0051159901356791345,0.00016178181315699923,1.0046863053403847,1.0053212476596152,1,,1.0000045,1.037283,0.000003757711442838062
s3-r2-e0.01,conditional,45,70810046,1000,1.0049829844999998,0.0047619096581731175,0.00015058480531780893,1.004687485693108,1.0052784833068915,1,,1.0000005,1.03655,-0.00001693084577124974
s3-r2-e0.01,conditional,46,70810047,1000,1.0047465055,0.004700979160215904,0.00014865801379267861,1.0044547877160048,1.0050382232839952,1,,1.000004,1.0273535,-0.0002522333333332295
s3-r2-e0.01,conditional,47,70810048,1000,1.004808116499999,0.004892911763940486,0.00015472745564284058,1.0045044883986154,1.0051117446013824,1,,1.000008,1.0331615,-0.000190928855722377
s3-r2-e0.01,conditional,48,70810049,1000,1.0049090275,0.00515574425129665,0.00016303894867416942,1.0045890894112373,1.005228965588763,1,,1.000003,1.050748,-0.0000905199004972998
s3-r2-e0.01,conditional,49,70810050,1000,1.004770066,0.004946272127329981,0.00015641485849369124,1.0044631266380406,1.0050770053619595,1,,1.0000005,1.038888,-0.00022879004975106537
s3-r2-e0.01,conditional,50,70810051,1000,1.004861674999999,0.005150125702167168,0.00016286127455022225,1.004542085568536,1.005181264431462,1,,1.0000035,1.0364425,-0.00013763681592127651
s3-r2-e0.01,conditional,51,70810052,1000,1.00517414,0.00518979453087238,0.00016411571305841762,1.004852088931842,1.0054961910681581,1,,1.000007,1.0343645,0.0001732736318409511
s3-r2-e0.01,conditional,52,70810053,1000,1.0050701879999981,0.005245983180986306,0.00016589255418852046,1.0047446501628208,1.0053957258371755,1,,1.0000005,1.037531,0.00006983880596840817
s3-r2-e0.01,conditional,53,70810054,1000,1.0050300240000003,0.005074021609504412,0.00016045465182947406,1.0047151571840836,1.005344890815917,1,,1.000001,1.034769,0.000029874626866075574
s3-r2-e0.01,conditional,54,70810055,1000,1.0051419170000022,0.005053247894215273,0.00015979772927169865,1.0048283392904573,1.005455494709547,1,,1.000006,1.045674,0.00014121094527594317
s3-r2-e0.01,conditional,55,70810056,1000,1.0053095100000005,0.005134685328705649,0.00016237300706960204,1.0049908787160589,1.005628141283942,1,,1.0000055,1.03352,0.0003079701492542965
s3-r2-e0.01,conditional,56,70810057,1000,1.0051165479999988,0.005435303809926552,0.00017187939814358814,1.004779261930707,1.0054538340692907,1,,1.000004,1.058119,0.00011596815920292478
s3-r2-e0.01,conditional,57,70810058,1000,1.0051648005000027,0.0051611126610305105,0.0001632087126958896,1.0048445292762613,1.005485071723744,1,,1.000002,1.034669,0.00016398059701769346
s3-r2-e0.01,conditional,58,70810059,1000,1.0051272839999998,0.0051495889951201496,0.00016284430238317383,1.004807727873724,1.0054468401262757,1,,1.0000005,1.0457175,0.00012665074626860674
s3-r2-e0.01,conditional,59,70810060,1000,1.0049460030000001,0.005312399191576398,0.000167992812854186,1.0046163437381639,1.0052756622618364,1,,1.0000035,1.0525555,-0.00005372835820870675
s3-r2-e0.01,conditional,60,70810061,1000,1.0051685994999988,0.005114793374087476,0.00016174396823254072,1.0048512026050478,1.0054859963949498,1,,1.0000015,1.0445415,0.00016776069651634097
s3-r2-e0.01,conditional,61,70810062,1000,1.0047534035000016,0.004655109427093676,0.00014720748546937553,1.004464532147876,1.0050422748521273,1,,1.0000015,1.0318865,-0.00024536965173955507
s3-r2-e0.01,conditional,62,70810063,1000,1.005192981499999,0.005466235081742875,0.0001728575308422417,1.004853776000358,1.0055321869996399,1,,1.000009,1.071809,0.0001920213930338539
s3-r2-e0.01,conditional,63,70810064,1000,1.0050894955000016,0.004946121616709092,0.00015641009892995069,1.0047825654779314,1.0053964255220718,1,,1.0000045,1.03168,0.00008905024875791215
s3-r2-e0.01,conditional,64,70810065,1000,1.004964580500002,0.004714437488301311,0.00014908360349515562,1.0046720275636882,1.0052571334363158,1,,1.0000065,1.033648,-0.00003524328357995765
s3-r2-e0.01,conditional,65,70810066,1000,1.0052620310000007,0.005232844357910286,0.00016547706812157845,1.0049373084883588,1.0055867535116425,1,,1.0000055,1.0422785,0.0002607273631848488
s3-r2-e0.01,conditional,66,70810067,1000,1.0050093575000003,0.004954295089897402,0.00015666856684664446,1.0047019202756209,1.0053167947243797,1,,1.000009,1.036087,0.000009310945274047338
s3-r2-e0.01,conditional,67,70810068,1000,1.004881538999999,0.004949163665506225,0.00015650629695947385,1.004574420204547,1.005188657795451,1,,1.000003,1.041553,-0.00011787164179194261
s3-r2-e0.01,conditional,68,70810069,1000,1.0050055675000003,0.0049969315676508435,0.00015801685065772422,1.004695484482397,1.0053156505176035,1,,1.0000005,1.0348455,0.000005539800995381642
s3-r2-e0.01,conditional,69,70810070,1000,1.0051933520000003,0.005455764202669623,0.000172526412572485,1.0048547962674688,1.0055319077325318,1,,1.0000045,1.042504,0.00019239004975161054
s3-r2-e0.01,conditional,70,70810071,1000,1.004904718,0.0050386719910020875,0.0001593367987406203,1.004592044793547,1.0052173912064528,1,,1.000003,1.0395545,-0.00009480796019897944
s3-r2-e0.01,conditional,71,70810072,1000,1.0047576199999997,0.004959925089251959,0.00015684660305850123,1.00444983340778,1.0050654065922193,1,,1.0000045,1.044808,-0.00024117412935344135
s3-r2-e0.01,conditional,72,70810073,1000,1.004879266999999,0.0049530989969800605,0.00015663074306752453,1.0045719039987895,1.0051866300012087,1,,1.000001,1.0342285,-0.00012013233830927032
s3-r2-e0.01,conditional,73,70810074,1000,1.0052322165000023,0.005597480456762811,0.00017700787401650134,1.0048848666098726,1.005579566390132,1,,1.000003,1.062207,0.00023106119403221907
s3-r2-e0.01,conditional,74,70810075,1000,1.0049855665,0.0049027688587481065,0.00015503916434988357,1.0046813267196968,1.0052898062803033,1,,1.000002,1.0328975,-0.000014361691542144494
s3-r2-e0.01,conditional,75,70810076,1000,1.0049254859999999,0.0051693172435601465,0.00016346816437633438,1.0046047056434688,1.005246266356531,1,,1.0000015,1.0349255,-0.00007414328358211494
s3-r2-e0.01,conditional,76,70810077,1000,1.0049103825000014,0.004863429800291796,0.00015379515409259911,1.0046085838926042,1.0052121811073986,1,,1.000012,1.0316595,-0.00008917164178952573
s3-r2-e0.01,conditional,77,70810078,1000,1.0049815674999998,0.005131197579444088,0.000162262714753861,1.0046631526472423,1.0052999823527573,1,,1.000014,1.031474,-0.000018340796020009498
s3-r2-e0.01,conditional,78,70810079,1000,1.004941819499999,0.004853791248772053,0.00015349035633112644,1.0046406190098864,1.0052430199901117,1,,1.000002,1.032475,-0.000057891044776952544
s3-r2-e0.01,conditional,79,70810080,1000,1.0050595845000003,0.004901369830856377,0.00015499492320340387,1.004755431535933,1.0053637374640676,1,,1.0000105,1.0351125,0.00005928805970192176
s3-r2-e0.01,conditional,80,70810081,1000,1.0052265909999993,0.005344456273333735,0.0001690065467891002,1.004894942446032,1.0055582395539666,1,,1.000023,1.043812,0.0002254636815914857
s3-r2-e0.01,conditional,81,70810082,1000,1.0051303189999992,0.005202206911974343,0.00016450822701309997,1.0048074976854338,1.0054531403145646,1,,1.000004,1.0419295,0.00012967064676544103
s3-r2-e0.01,conditional,82,70810083,1000,1.0051059375000002,0.00497014038063786,0.0001571696389359187,1.004797517001085,1.0054143579989154,1,,1.000002,1.0325535,0.00010541044776151177
s3-r2-e0.01,conditional,83,70810084,1000,1.0052165259999994,0.005235762331649284,0.00016556934255325636,1.0048916224144147,1.0055414295855842,1,,1.000008,1.035999,0.0002154487562184583
s3-r2-e0.01,conditional,84,70810085,1000,1.0049055394999986,0.0050104681067080475,0.00015844491360829014,1.0045946164767194,1.0052164625232778,1,,1.0000065,1.0298385,-0.00009399054726495627
s3-r2-e0.01,conditional,85,70810086,1000,1.0051087330000001,0.005226834077161926,0.00016528700635615965,1.0047843834544408,1.0054330825455595,1,,1.000007,1.0473,0.00010819203980124334
s3-r2-e0.01,conditional,86,70810087,1000,1.0051976284999986,0.004997684463853023,0.00015804065932613,1.004887498761658,1.0055077582383392,1,,1.000007,1.0348515,0.00019664527363056155
s3-r2-e0.01,conditional,87,70810088,1000,1.0048591030000014,0.004864951735143551,0.00015384328189841848,1.0045572099494153,1.0051609960505874,1,,1.000003,1.039923,-0.00014019601989903474
s3-r2-e0.01,conditional,88,70810089,1000,1.0053139839999998,0.005204254044856715,0.00016457296303891316,1.004991035651247,1.0056369323487526,1,,1.0000175,1.038575,0.0003124218905471979
s3-r2-e0.01,conditional,89,70810090,1000,1.0050253335000017,0.005074291237758543,0.00016046317822351994,1.0047104499523885,1.005340217047615,1,,1.0000085,1.033375,0.000025207462688336793
s3-r2-e0.01,conditional,90,70810091,1000,1.0051614900000014,0.004996993808483458,0.00015801881888566948,1.0048514031200628,1.00547157687994,1,,1.0000025,1.034307,0.00016068656716571213
s3-r2-e0.01,conditional,91,70810092,1000,1.004875362999997,0.004536533540027026,0.0001434577866823204,1.0045938498372677,1.005156876162726,1,,1.000009,1.0321995,-0.00012401691542585137
s3-r2-e0.01,conditional,92,70810093,1000,1.0049041324999983,0.0051045174767909715,0.00016141901582795155,1.0045873732726238,1.0052208917273728,1,,1.0000065,1.037142,-0.00009539054726524121
s3-r2-e0.01,conditional,93,70810094,1000,1.004910032999998,0.004892327327314555,0.00015470897413398093,1.0046064411656455,1.0052136248343506,1,,1.0000015,1.0349425,-0.00008951940298692139
s3-r2-e0.01,conditional,94,70810095,1000,1.0047217755000004,0.004629618493055453,0.00014640139135691654,1.0044344859797731,1.0050090650202277,1,,1.0000035,1.0302415,-0.00027684029850694517
s3-r2-e0.01,conditional,95,70810096,1000,1.005108856500001,0.00534278597181268,0.00016895372721724243,1.0047773115960696,1.0054404014039324,1,,1.000003,1.0362365,0.00010831492537427076
s3-r2-e0.01,conditional,96,70810097,1000,1.0049186469999998,0.004606218324085476,0.00014566141304113732,1.004632809569902,1.0052044844300976,1,,1.000001,1.0308635,-0.00008094825870658434
s3-r2-e0.01,conditional,97,70810098,1000,1.0047388949999985,0.004782792263239952,0.00015124517127269863,1.0044421003296138,1.0050356896703831,1,,1.0000025,1.0347055,-0.00025980597015067366
s3-r2-e0.01,conditional,98,70810099,1000,1.0051053554999998,0.005260780755222951,0.00016636049457285272,1.0047788994040048,1.0054318115959948,1,,1.0000005,1.037156,0.00010483134328348658
s3-r2-e0.01,conditional,99,70810100,1000,1.0050956519999985,0.005328606897056557,0.00016850534550381097,1.0047649869740938,1.0054263170259032,1,,1.000002,1.0417645,0.00009517611940160583
s1-r2-e0.001,naive,0,70900001,1000,1,0,0,1,1,0,0,1,1,-0.998003992015968
s1-r2-e0.001,naive,1,70900002,1000,1,0,0,1,1,0,0,1,1,-0.998003992015968
s1-r2-e0.001,naive,2,70900003,1000,3078.350000000002,70404.81519527035,2226.395742602867,-1290.5986746003482,7447.298674600353,1,2,1,1875061,5.144411177644715
s1-r2-e0.001,naive,3,70900004,1000,755.3759999999999,23855.463721671815,754.3760000000001,-724.9673020839224,2235.7193020839222,1,1,1,754377,0.5077365269461074
s1-r2-e0.001,naive,4,70900005,1000,1,0,0,1,1,0,0,1,1,-0.998003992015968
s1-r2-e0.001,naive,5,70900006,1000,1,0,0,1,1,0,0,1,1,-0.998003992015968
s1-r2-e0.001,naive,6,70900007,1000,1,0,0,1,1,0,0,1,1,-0.998003992015968
s1-r2-e0.001,naive,7,70900008,1000,76.39800000000005,2384.2941102137534,75.39799999999997,-71.5586214865312,224.3546214865313,0,1,1,75399,-0.847508982035928
s1-r2-e0.001,naive,8,70900009,1000,1,0,0,1,1,0,0,1,1,-0.998003992015968
s1-r2-e0.001,naive,9,70900010,1000,1,0,0,1,1,0,0,1,1,-0.998003992015968
s1-r2-e0.001,naive,10,70900011,1000,1,0,0,1,1,0,0,1,1,-0.998003992015968
s1-r2-e0.001,naive,11,70900012,1000,1,0,0,1,1,0,0,1,1,-0.998003992015968
s1-r2-e0.001,naive,12,70900013,1000,1,0,0,1,1,0,0,1,1,-0.998003992015968
s1-r2-e0.001,naive,13,70900014,1000,183.29100000000005,5764.547569497535,182.29099999999983,-174.4261872914567,541.0081872914568,1,1,1,182292,-0.6341497005988024
s1-r2-e0.001,naive,14,70900015,1000,1100.3319999999999,28329.427907802146,895.8551699819336,-657.6417432262015,2858.3057432262012,1,2,1,864863,1.196271457085828
s1-r2-e0.001,naive,15,70900016,1000,1,0,0,1,1,0,0,1,1,-0.998003992015968
s1-r2-e0.001,naive,16,70900017,1000,1,0,0,1,1,0,0,1,1,-0.998003992015968
s1-r2-e0.001,naive,17,70900018,1000,1,0,0,1,1,0,0,1,1,-0.998003992015968
s1-r2-e0.001,naive,18,70900019,1000,1,0,0,1,1,0,0,1,1,-0.998003992015968
s1-r2-e0.001,naive,19,70900020,1000,1,0,0,1,1,0,0,1,1,-0.998003992015968
s1-r2-e0.001,naive,20,70900021,1000,377.5649999999998,11908.03087101306,376.56500000000005,-361.38411231167527,1116.514112311675,1,1,1,376566,-0.24637724550898246
s1-r2-e0.001,naive,21,70900022,1000,1363.5099999999989,41718.7833897325,1319.2637672275475,-1225.335988601577,3952.3559886015746,1,2,1,1318577,1.7215768463073828
s1-r2-e0.001,naive,22,70900023,1000,1,0,0,1,1,0,0,1,1,-0.998003992015968
s1-r2-e0.001,naive,23,70900024,1000,1,0,0,1,1,0,0,1,1,-0.998003992015968
s1-r2-e0.001,naive,24,70900025,1000,1,0,0,1,1,0,0,1,1,-0.998003992015968
s1-r2-e0.001,naive,25,70900026,1000,58.989000000000146,1833.773192355042,57.98900000000002,-54.80521898966096,172.78321898966124,0,1,1,57990,-0.8822574850299398
s1-r2-e0.001,naive,26,70900027,1000,177.9219999999999,5594.764881923099,176.92199999999997,-169.25937598663222,525.103375986632,1,1,1,176923,-0.64486626746507
s1-r2-e0.001,naive,27,70900028,1000,639.6900000000003,20197.15118772942,638.69,-613.6378678112508,1893.0178678112513,1,1,1,638691,0.27682634730538963
s1-r2-e0.001,naive,28,70900029,1000,1,0,0,1,1,0,0,1,1,-0.998003992015968
s1-r2-e0.001,naive,29,70900030,1000,1783.3929999999978,52269.303927483255,1652.9005212243164,-1460.162223927381,5026.948223927377,1,2,1,1647525,2.559666666666662
s1-r2-e0.001,naive,30,70900031,1000,1,0,0,1,1,0,0,1,1,-0.998003992015968
s1-r2-e0.001,naive,31,70900032,1000,656.6220000000004,20732.588041149134,655.6220000000001,-629.9322334311602,1943.176233431161,1,1,1,655623,0.3106227544910186
s1-r2-e0.001,naive,32,70900033,1000,353.66699999999986,10708.112631095699,338.62025355880775,-310.82156313793195,1018.1555631379317,1,2,1,338332,-0.2940778443113776
s1-r2-e0.001,naive,33,70900034,1000,1,0,0,1,1,0,0,1,1,-0.998003992015968
s1-r2-e0.001,naive,34,70900035,1000,1,0,0,1,1,0,0,1,1,-0.998003992015968
s1-r2-e0.001,naive,35,70900036,1000,1,0,0,1,1,0,0,1,1,-0.998003992015968
s1-r2-e0.001,naive,36,70900037,1000,1,0,0,1,1,0,0,1,1,-0.998003992015968
s1-r2-e0.001,naive,37,70900038,1000,181.45599999999985,5706.519774433447,180.4559999999999,-172.66029071027737,535.572290710277,1,1,1,180457,-0.6378123752495013
s1-r2-e0.001,naive,38,70900039,1000,653.1059999999999,20621.402358617604,652.1059999999998,-626.5486408538153,1932.760640853815,1,1,1,652107,0.3036047904191613
s1-r2-e0.001,naive,39,70900040,1000,1,0,0,1,1,0,0,1,1,-0.998003992015968
s1-r2-e0.001,naive,40,70900041,1000,1,0,0,1,1,0,0,1,1,-0.998003992015968
s1-r2-e0.001,naive,41,70900042,1000,1,0,0,1,1,0,0,1,1,-0.998003992015968
s1-r2-e0.001,naive,42,70900043,1000,1,0,0,1,1,0,0,1,1,-0.998003992015968
s1-r2-e0.001,naive,43,70900044,1000,1,0,0,1,1,0,0,1,1,-0.998003992015968
s1-r2-e0.001,naive,44,70900045,1000,1,0,0,1,1,0,0,1,1,-0.998003992015968
s1-r2-e0.001,naive,45,70900046,1000,1,0,0,1,1,0,0,1,1,-0.998003992015968
s1-r2-e0.001,naive,46,70900047,1000,141.65299999999982,4447.838397356634,140.6530000000001,-134.35621353278762,417.6622135327873,0,1,1,140654,-0.7172594810379245
s1-r2-e0.001,naive,47,70900048,1000,1,0,0,1,1,0,0,1,1,-0.998003992015968
s1-r2-e0.001,naive,48,70900049,1000,441.1919999999994,13920.093277848393,440.192,-422.6150124592064,1304.9990124592052,1,1,1,440193,-0.11937724550898338
s1-r2-e0.001,naive,49,70900050,1000,1,0,0,1,1,0,0,1,1,-0.998003992015968
s1-r2-e0.001,naive,50,70900051,1000,454.3530000000006,14336.280640703162,453.3530000000003,-435.28038842918164,1343.9863884291829,1,1,1,453354,-0.09310778443113668
s1-r2-e0.001,naive,51,70900052,1000,831.7530000000007,26270.716530178604,830.7529999999996,-798.4680558609015,2461.974055860903,1,1,1,830754,0.6601856287425162
s1-r2-e0.001,naive,52,70900053,1000,1,0,0,1,1,0,0,1,1,-0.998003992015968
s1-r2-e0.001,naive,53,70900054,1000,406.73099999999937,12830.340773377757,405.73099999999965,-389.45176336708977,1202.9137633670884,1,1,1,405732,-0.18816167664670794
s1-r2-e0.001,naive,54,70900055,1000,211.25400000000005,6648.815271610429,210.25400000000013,-201.33614156912878,623.8441415691289,1,1,1,210255,-0.5783353293413173
s1-r2-e0.001,naive,55,70900056,1000,1,0,0,1,1,0,0,1,1,-0.998003992015968
s1-r2-e0.001,naive,56,70900057,1000,1734.6980000000028,48424.321595937916,1531.3115039164368,-1270.258054045665,4739.654054045671,1,2,1,1515973,2.462471057884237
s1-r2-e0.001,naive,57,70900058,1000,223.4720000000001,7035.182356129794,222.47199999999992,-213.09402954125545,660.0380295412556,1,1,1,222473,-0.553948103792415
s1-r2-e0.001,naive,58,70900059,1000,1717.4760000000044,54279.73709015185,1716.476000000002,-1650.8360218403047,5085.788021840313,1,1,1,1716477,2.428095808383242
s1-r2-e0.001,naive,59,70900060,1000,1033.6929999999995,32656.62003712264,1032.693,-992.8032905221694,3060.1892905221684,1,1,1,1032694,1.063259481037923
s1-r2-e0.001,naive,60,70900061,1000,1,0,0,1,1,0,0,1,1,-0.998003992015968
s1-r2-e0.001,naive,61,70900062,1000,1,0,0,1,1,0,0,1,1,-0.998003992015968
s1-r2-e0.001,naive,62,70900063,1000,1,0,0,1,1,0,0,1,1,-0.998003992015968
s1-r2-e0.001,naive,63,70900064,1000,1,0,0,1,1,0,0,1,1,-0.998003992015968
s1-r2-e0.001,naive,64,70900065,1000,38.66600000000002,1191.1035034790223,37.66600000000002,-35.247553475048285,112.57955347504833,0,1,1,37667,-0.9228223552894211
s1-r2-e0.001,naive,65,70900066,1000,1,0,0,1,1,0,0,1,1,-0.998003992015968
s1-r2-e0.001,naive,66,70900067,1000,1,0,0,1,1,0,0,1,1,-0.998003992015968
s1-r2-e0.001,naive,67,70900068,1000,1,0,0,1,1,0,0,1,1,-0.998003992015968
s1-r2-e0.001,naive,68,70900069,1000,1,0,0,1,1,0,0,1,1,-0.998003992015968
s1-r2-e0.001,naive,69,70900070,1000,1,0,0,1,1,0,0,1,1,-0.998003992015968
s1-r2-e0.001,naive,70,70900071,1000,1367.7030000000002,43218.94364985102,1366.7029999999993,-1314.234961955313,4049.6409619553133,1,1,1,1366704,1.7299461077844314
s1-r2-e0.001,naive,71,70900072,1000,1,0,0,1,1,0,0,1,1,-0.998003992015968
s1-r2-e0.001,naive,72,70900073,1000,1,0,0,1,1,0,0,1,1,-0.998003992015968
s1-r2-e0.001,naive,73,70900074,1000,1,0,0,1,1,0,0,1,1,-0.998003992015968
s1-r2-e0.001,naive,74,70900075,1000,1,0,0,1,1,0,0,1,1,-0.998003992015968
s1-r2-e0.001,naive,75,70900076,1000,1,0,0,1,1,0,0,1,1,-0.998003992015968
s1-r2-e0.001,naive,76,70900077,1000,733.9439999999994,23177.72437354453,732.9440000000002,-704.3423998889133,2172.230399888912,1,1,1,732945,0.46495808383233395
s1-r2-e0.001,naive,77,70900078,1000,1,0,0,1,1,0,0,1,1,-0.998003992015968
s1-r2-e0.001,naive,78,70900079,1000,240.3550000000002,6155.656435110897,194.65894828422915,-141.63232499875267,622.342324998753,1,2,1,187745,-0.5202495009980037
s1-r2-e0.001,naive,79,70900080,1000,1,0,0,1,1,0,0,1,1,-0.998003992015968
s1-r2-e0.001,naive,80,70900081,1000,1,0,0,1,1,0,0,1,1,-0.998003992015968
s1-r2-e0.001,naive,81,70900082,1000,1,0,0,1,1,0,0,1,1,-0.998003992015968
s1-r2-e0.001,naive,82,70900083,1000,1,0,0,1,1,0,0,1,1,-0.998003992015968
s1-r2-e0.001,naive,83,70900084,1000,1,0,0,1,1,0,0,1,1,-0.998003992015968
s1-r2-e0.001,naive,84,70900085,1000,1,0,0,1,1,0,0,1,1,-0.998003992015968
s1-r2-e0.001,naive,85,70900086,1000,1,0,0,1,1,0,0,1,1,-0.998003992015968
s1-r2-e0.001,naive,86,70900087,1000,1,0,0,1,1,0,0,1,1,-0.998003992015968
s1-r2-e0.001,naive,87,70900088,1000,1162.8369999999982,26737.94785112949,845.5281516837391,-496.37794860444,2822.0519486044363,1,2,1,723433,1.3210319361277407
s1-r2-e0.001,naive,88,70900089,1000,1,0,0,1,1,0,0,1,1,-0.998003992015968
s1-r2-e0.001,naive,89,70900090,1000,1,0,0,1,1,0,0,1,1,-0.998003992015968
s1-r2-e0.001,naive,90,70900091,1000,50.69299999999993,1571.430637667473,49.69300000000001,-46.821634228099,148.20763422809887,0,1,1,49694,-0.8988163672654692
s1-r2-e0.001,naive,91,70900092,1000,1268.1190000000029,34292.124620557224,1084.4121960729817,-859.8680133126627,3396.1060133126684,1,2,1,1065755,1.5311756487026003
s1-r2-e0.001,naive,92,70900093,1000,1,0,0,1,1,0,0,1,1,-0.998003992015968
s1-r2-e0.001,naive,93,70900094,1000,297.72999999999996,9383.426501017631,296.72999999999996,-284.55558176209496,880.0155817620948,1,1,1,296731,-0.4057285429141718
s1-r2-e0.001,naive,94,70900095,1000,2079.252000000001,56951.05124290654,1800.9503706854798,-1454.8275818395682,5613.3315818395695,1,2,1,1775650,3.1502035928143726
s1-r2-e0.001,naive,95,70900096,1000,304.93800000000005,9611.363474762567,303.938,-291.49213901394404,901.3681390139441,1,1,1,303939,-0.39134131736526945
s1-r2-e0.001,naive,96,70900097,1000,1,0,0,1,1,0,0,1,1,-0.998003992015968
s1-r2-e0.001,naive,97,70900098,1000,1,0,0,1,1,0,0,1,1,-0.998003992015968
s1-r2-e0.001,naive,98,70900099,1000,165.6059999999998,5205.298765296762,164.606,-157.40717855131422,488.6191785513138,0,1,1,164607,-0.6694491017964076
s1-r2-e0.001,naive,99,70900100,1000,1,0,0,1,1,0,0,1,1,-0.998003992015968
s1-r2-e0.001,conditional,0,70910001,1000,510.70993750000014,520.0103395783256,16.44417079905112,478.440859347064,542.9790156529363,1,,1.698,4551.472,0.019381112774451256
s1-r2-e0.001,conditional,1,70910002,1000,495.891782,490.4799947644677,15.510339302031799,465.45520011137705,526.3283638886229,1,,1.242,3566.724,-0.010196043912175805
s1-r2-e0.001,conditional,2,70910003,1000,489.0911129999996,487.7549402592069,15.424165512184524,458.82363351205703,519.3585924879422,1,,1.288,4629.778,-0.023770233532935024
s1-r2-e0.001,conditional,3,70910004,1000,514.9285050000011,517.5077100771506,16.36503070541868,482.8147267340379,547.0422832659643,1,,1.3895,3690.5665,0.02780140718563084
s1-r2-e0.001,conditional,4,70910005,1000,482.82435550000014,463.6070518212407,14.660542230708337,454.05536563798495,511.5933453620153,1,,2.6905,4034.9795,-0.036278731536925984
s1-r2-e0.001,conditional,5,70910006,1000,496.2490790000004,474.94854588073997,15.019191763681206,466.77629628941645,525.7218617105843,1,,2.1805000000000003,3808.3225,-0.009482876247504319
s1-r2-e0.001,conditional,6,70910007,1000,489.61761700000045,477.0934115712629,15.087018372253228,460.01173532324754,519.2234986767534,1,,1.6315,3338.0365,-0.02271932734530859
s1-r2-e0.001,conditional,7,70910008,1000,504.74882399999956,478.15362457864074,15.120545251335738,475.07715113836065,534.4204968616384,1,,1.0325,2871.3735,0.007482682634729543
s1-r2-e0.001,conditional,8,70910009,1000,482.1000475000004,518.1553735709672,16.385511623396706,449.94607867952686,514.254016320474,1,,1.358,4336.8495,-0.037724456087823634
s1-r2-e0.001,conditional,9,70910010,1000,497.19141399999893,517.8765917110314,16.376695766919358,465.0547449002063,529.3280830997916,1,,1.8335,3934.4515,-0.007601968063874506
s1-r2-e0.001,conditional,10,70910011,1000,501.3404904999994,481.61551135958194,15.230019723629763,471.45399134244224,531.2269896575566,1,,1.468,3520.5375,0.0006796217564857521
s1-r2-e0.001,conditional,11,70910012,1000,505.76113050000015,507.58186564557496,16.051147944375895,474.2632973899662,537.2589636100341,1,,1.613,3491.6485000000002,0.009503254491018147
s1-r2-e0.001,conditional,12,70910013,1000,530.4730880000004,540.8593015703974,17.103472866503402,496.91023406469174,564.0359419353091,1,,2.1825,5019.609,0.05882851896207656
s1-r2-e0.001,conditional,13,70910014,1000,473.93403150000006,466.22407451376733,14.743299754675643,445.0026431174831,502.865419882517,1,,1.718,3152.0570000000002,-0.054023889221556876
s1-r2-e0.001,conditional,14,70910015,1000,542.7304129999991,527.8167260229857,16.691030413657018,509.9769119902424,575.4839140097557,0,,1.7485,3573.1725,0.08329423752494816
s1-r2-e0.001,conditional,15,70910016,1000,502.4095840000002,508.733483171712,16.08756528813551,470.8402876264024,533.978880373598,1,,1.433,4512.936,0.0028135409181640034
s1-r2-e0.001,conditional,16,70910017,1000,508.95677699999976,509.75084276953976,16.119737023421198,477.3243486963743,540.5892053036252,1,,1.01,3137.0595,0.015881790419161084
s1-r2-e0.001,conditional,17,70910018,1000,503.31899549999986,527.3113190654976,16.675048042347434,470.5968573601112,536.0411336398885,1,,1.179,3758.6865000000003,0.004628733532933734
s1-r2-e0.001,conditional,18,70910019,1000,494.25550150000015,487.92563319397146,15.42956329672807,463.97742971564946,524.5335732843508,1,,1.8399999999999999,3070.2545,-0.013462072854291228
s1-r2-e0.001,conditional,19,70910020,1000,501.2402669999998,478.9816819022446,15.14673072309345,471.5172093014514,530.9633246985481,1,,1.047,3172.1345,0.00047957485029886796
s1-r2-e0.001,conditional,20,70910021,1000,507.3148305,523.1182214966776,16.54245065465958,474.8528937116092,539.7767672883908,1,,1.075,3739.3055,0.012604452095808323
s1-r2-e0.001,conditional,21,70910022,1000,485.981272,479.0732299807749,15.149625727529127,456.2525333142173,515.7100106857827,1,,1.221,2945.668,-0.02997750099800412
s1-r2-e0.001,conditional,22,70910023,1000,514.5943944999999,517.5492508061278,16.366344338610997,482.4780384371587,546.7107505628411,1,,1.2165,3313.1395,0.02713451996007954
s1-r2-e0.001,conditional,23,70910024,1000,504.2526109999999,485.1536332363212,15.341904961327419,474.14655480161986,534.35866719838,1,,1.1735,2958.785,0.006492237524949762
s1-r2-e0.001,conditional,24,70910025,1000,506.68996250000015,509.23618502275093,16.10346211646817,475.08947112106466,538.2904538789356,1,,1.2535,4553.7415,0.011357210578842498
s1-r2-e0.001,conditional,25,70910026,1000,479.76244,462.6633871904129,14.630700934900759,451.052008950002,508.47287104999805,1,,1.248,3278.272,-0.04239033932135734
s1-r2-e0.001,conditional,26,70910027,1000,515.6749635000007,505.30464429498113,15.979135882333482,484.3184426450143,547.0314843549871,1,,1.4775,4159.3365,0.02929134431137847
s1-r2-e0.001,conditional,27,70910028,1000,500.9991355000006,462.5176367657072,14.62609190178069,472.2977489467898,529.7005220532113,1,,1.268,3728.032,-0.000001725548901129354
s1-r2-e0.001,conditional,28,70910029,1000,511.86764899999974,501.34900114494957,15.854047462684052,480.75659433719903,542.9787036628004,1,,1.5055,3787.0280000000002,0.02169191417165606
s1-r2-e0.001,conditional,29,70910030,1000,506.4780829999998,494.945569089623,15.6515531613144,475.76439130042,537.1917746995796,1,,1.7275,3155.9825,0.010934297405189105
s1-r2-e0.001,conditional,30,70910031,1000,519.3543504999994,510.17619416425663,16.133187815553544,487.69552714928756,551.0131738507114,1,,1.1155,2870.6155,0.03663543013971932
s1-r2-e0.001,conditional,31,70910032,1000,499.93282449999975,497.8701855786684,15.744037655193083,469.0376466435699,530.8280023564296,1,,1.2355,3768.36,-0.0021300908183638782
s1-r2-e0.001,conditional,32,70910033,1000,530.4443094999998,571.6535425874514,18.07727227080411,494.9705286188049,565.9180903811947,1,,1.3415,4223.62,0.05877107684630687
s1-r2-e0.001,conditional,33,70910034,1000,516.0003634999998,521.5901101624426,16.49412753131456,483.63325318008043,548.3674738199193,1,,1.102,3139.6555,0.029940845309380765
s1-r2-e0.001,conditional,34,70910035,1000,527.781966,536.325556839779,16.960103269717994,494.50045216872934,561.0634798312707,1,,1.7850000000000001,4715.9065,0.05345701796407176
s1-r2-e0.001,conditional,35,70910036,1000,510.71241550000013,537.8067511655786,17.006942746986436,477.3389866204678,544.0858443795325,1,,1.6640000000000001,4469.594,0.01938605888223568
s1-r2-e0.001,conditional,36,70910037,1000,527.4512164999998,507.5247917559182,16.04934310951349,495.9569250922468,558.9455079077527,1,,1.234,3134.9055,0.05279683932135668
s1-r2-e0.001,conditional,37,70910038,1000,522.5811970000005,554.589567758401,17.537662006848294,488.1663157126193,556.9960782873818,1,,1.4005,4861.0155,0.04307624151696703
s1-r2-e0.001,conditional,38,70910039,1000,488.6019850000003,485.8070358208946,15.362567365290348,458.4553821096371,518.7485878903635,1,,1.04,4043.7455,-0.02474653692614722
s1-r2-e0.001,conditional,39,70910040,1000,499.54904200000055,519.7893757150584,16.437183308165977,467.29367569013766,531.8044083098634,1,,1.0345,3409.408,-0.0028961237524940168
s1-r2-e0.001,conditional,40,70910041,1000,493.7448325000002,460.9980487450478,14.578038309276783,465.13774350371625,522.3519214962841,1,,2.0780000000000003,3360.0570000000002,-0.014481372255488734
s1-r2-e0.001,conditional,41,70910042,1000,503.2388325000005,510.75598701516947,16.151522475353215,471.54403028618793,534.933634713813,1,,1.0025,3851.6165,0.004468727544911089
s1-r2-e0.001,conditional,42,70910043,1000,481.4210329999993,471.83975184184385,14.920883064288548,452.14116552622363,510.70090047377494,1,,2.2055,3011.937,-0.03907977445109934
s1-r2-e0.001,conditional,43,70910044,1000,520.8161610000003,508.36001029779845,16.075755038876952,489.2700403681889,552.3622816318117,1,,1.6105,3364.5995000000003,0.03955321556886277
s1-r2-e0.001,conditional,44,70910045,1000,491.01217599999944,477.4730161858245,15.09902252417648,461.3827380782218,520.6416139217771,1,,1.6520000000000001,3078.1240000000003,-0.019935776447107013
s1-r2-e0.001,conditional,45,70910046,1000,502.7132544999995,505.6443907178219,15.989879607564196,471.33565078754583,534.0908582124532,1,,1.589,3684.5175,0.0034196696606775176
s1-r2-e0.001,conditional,46,70910047,1000,503.12776350000007,477.02990457991126,15.08501010485307,473.52582272963156,532.7297042703686,1,,1.1375,2918.199,0.004247032934131765
s1-r2-e0.001,conditional,47,70910048,1000,515.7653564999993,499.70718409509846,15.802128648895776,484.75618427810815,546.7745287218903,1,,1.0275,3325.1565,0.029471769461076245
s1-r2-e0.001,conditional,48,70910049,1000,506.6971165000001,483.1685172417532,15.279130081702766,476.7142460506252,536.679986949375,1,,1.541,3488.8540000000003,0.011371490019960177
s1-r2-e0.001,conditional,49,70910050,1000,501.9231560000003,495.3045128396557,15.662903959334253,471.1871901588492,532.6591218411514,1,,1.7235,3634.319,0.0018426267465074513
s1-r2-e0.001,conditional,50,70910051,1000,535.270665,530.0605991440168,16.761987912085907,502.37792114909803,568.163408850902,0,,1.1965,3728.0315,0.06840452095808373
s1-r2-e0.001,conditional,51,70910052,1000,526.7104374999998,527.2967974352875,16.67458882807941,493.9892004953088,559.4316745046907,1,,1.3905,3631.1910000000003,0.051318238522953544
s1-r2-e0.001,conditional,52,70910053,1000,507.8323774999997,515.0568429376067,16.287527481384473,475.8706870239303,539.7940679760691,1,,1.369,3320.3535,0.013637480039919492
s1-r2-e0.001,conditional,53,70910054,1000,502.97988650000013,540.7642496799563,17.100467061806413,469.42293097987243,536.5368420201278,1,,1.307,3818.0125000000003,0.0039518692614771995
s1-r2-e0.001,conditional,54,70910055,1000,510.57176799999996,506.0027104243523,16.00121067159579,479.17192887079835,541.9716071292016,1,,1.4985,3371.8070000000002,0.01910532534930121
s1-r2-e0.001,conditional,55,70910056,1000,500.7432270000001,498.01713972185007,15.74868475323361,469.83892995041134,531.6475240495888,1,,1.384,3421.2465,-0.0005125209580837381
s1-r2-e0.001,conditional,56,70910057,1000,517.0420995,504.2596246823506,15.946089460578888,485.75042700856466,548.3337719914352,1,,1.2765,3056.3075,0.03202015868263451
s1-r2-e0.001,conditional,57,70910058,1000,521.3634374999999,515.1951172254,16.29190009829712,489.3931664564692,553.3337085435306,1,,1.162,3857.329,0.04064558383233505
s1-r2-e0.001,conditional,58,70910059,1000,522.4811235000005,519.6511903684395,16.43281350382022,490.2343322383823,554.7279147616188,1,,1.9825,3764.724,0.042876494011977
s1-r2-e0.001,conditional,59,70910060,1000,497.5783545,500.63309800191456,15.831408617523413,466.5117249816902,528.6449840183097,1,,1.5115,3737.765,-0.006829631736527081
s1-r2-e0.001,conditional,60,70910061,1000,497.48278800000014,509.5969856065882,16.11487163272861,465.8599072542553,529.105668745745,1,,1.7189999999999999,3860.505,-0.007020383233532764
s1-r2-e0.001,conditional,61,70910062,1000,500.50774249999984,482.2129782964456,15.248913287101095,470.5841677194943,530.4313172805054,1,,1.2015,4068.8835,-0.0009825499002000422
s1-r2-e0.001,conditional,62,70910063,1000,497.16912899999943,491.09564926706133,15.529808006831137,466.6943428647542,527.6439151352446,1,,1.1555,3351.997,-0.0076464491017976585
s1-r2-e0.001,conditional,63,70910064,1000,513.8837060000012,519.2289572674359,16.41946132079335,481.6631162807333,546.1042957192691,1,,1.624,4331.484,0.02571598003992246
s1-r2-e0.001,conditional,64,70910065,1000,511.6863010000005,513.4295046036865,16.23606652479556,479.8255944926751,543.5470075073259,1,,1.1085,3360.739,0.0213299421157694
s1-r2-e0.001,conditional,65,70910066,1000,491.86452049999997,465.9906619198019,14.735918600360653,462.94761646262634,520.7814245373736,1,,2.177,2764.8865,-0.01823449001996025
s1-r2-e0.001,conditional,66,70910067,1000,534.3504480000001,516.7225916754792,16.34020308159675,502.2853900096441,566.4155059903562,0,,1.4,4109.089,0.06656776047904207
s1-r2-e0.001,conditional,67,70910068,1000,496.2565295000001,509.86303539377667,16.123284865713796,464.6171391183463,527.895919881654,1,,1.986,3442.2580000000003,-0.009468004990019848
s1-r2-e0.001,conditional,68,70910069,1000,492.02032449999956,496.2407379814144,15.692509997840968,461.2262615019868,522.8143874980123,1,,1.079,4274.687,-0.01792350399201696
s1-r2-e0.001,conditional,69,70910070,1000,488.59528000000006,474.4432425940927,15.003212670731463,459.1538537260227,518.0367062739774,1,,1.056,3757.9395,-0.02475992015968063
s1-r2-e0.001,conditional,70,70910071,1000,501.3351965000004,487.3042794110752,15.40991436486093,471.0956826293196,531.5747103706811,1,,3.568,3230.069,0.0006690548902202316
s1-r2-e0.001,conditional,71,70910072,1000,507.2616794999999,510.96900961582895,16.158258841464978,475.5536582356689,538.9697007643309,1,,1.5915,3580.699,0.012498362275448788
s1-r2-e0.001,conditional,72,70910073,1000,493.6367125,480.47275798680454,15.193882689011604,463.82112654375646,523.4522984562435,1,,3.188,3754.036,-0.014697180638722692
s1-r2-e0.001,conditional,73,70910074,1000,505.3787740000003,516.2678703473255,16.325823530620525,473.3419335987174,537.4156144012832,1,,1.0665,3995.042,0.008740067864271952
s1-r2-e0.001,conditional,74,70910075,1000,512.7300830000004,490.46528429722264,15.509874116212401,482.294413964798,543.1657520352028,1,,1.4969999999999999,3094.91,0.02341333932135792
s1-r2-e0.001,conditional,75,70910076,1000,523.1784089999999,511.34952970670855,16.170291943291314,491.44677468104896,554.9100433189508,1,,2.269,3513.465,0.04426828143712538
s1-r2-e0.001,conditional,76,70910077,1000,477.8089695000004,469.41534930668763,14.844216724526747,448.67954756341265,506.9383914365881,1,,1.171,3012.6150000000002,-0.046289482035927476
s1-r2-e0.001,conditional,77,70910078,1000,488.7990114999997,460.45951226869227,14.561008290593133,460.22534121546255,517.3726817845369,1,,1.0415,3098.28,-0.0243532704590825
s1-r2-e0.001,conditional,78,70910079,1000,500.7928234999995,492.27115733150436,15.566980835746497,470.24509158134606,531.3405554186529,1,,1.8545,2982.7545,-0.0004135259481049325
s1-r2-e0.001,conditional,79,70910080,1000,495.21959699999996,502.3740168340419,15.88646130483344,464.0449353108349,526.394258689165,1,,1.027,3432.036,-0.011537730538922339
s1-r2-e0.001,conditional,80,70910081,1000,499.3010920000005,502.02399488069096,15.875392638796939,468.14815081311826,530.4540331868827,1,,1.3625,4123.5995,-0.003391033932134855
s1-r2-e0.001,conditional,81,70910082,1000,492.3285609999995,491.59293373061865,15.5455335223297,461.8229160336938,522.8342059663053,1,,2.8165,3171.3865,-0.01730826147704697
s1-r2-e0.001,conditional,82,70910083,1000,516.6097250000009,509.3308855281777,16.106456809395343,485.0033570109711,548.2160929890308,1,,1.6055000000000001,3541.842,0.031157135728544665
s1-r2-e0.001,conditional,83,70910084,1000,502.0829349999993,489.12612920687286,15.467526313955263,471.730366812954,532.4355031870446,1,,1.6764999999999999,3868.0260000000003,0.002161546906186077
s1-r2-e0.001,conditional,84,70910085,1000,483.8130984999999,476.1846856760698,15.058281936277373,454.26360752300764,513.3625894769922,1,,1.1935,3891.5245,-0.034305192614770746
s1-r2-e0.001,conditional,85,70910086,1000,505.1894685000001,498.2199064925739,15.755096801526454,474.27258882219553,536.1063481778046,1,,1.152,4251.9490000000005,0.008362212574850363
s1-r2-e0.001,conditional,86,70910087,1000,491.87349199999966,493.58256941184726,15.608451326995931,461.2443808169539,522.5026031830454,1,,1.2555,3952.926,-0.018216582834332133
s1-r2-e0.001,conditional,87,70910088,1000,491.785252,473.424767401133,14.971005657230142,462.40702688395555,521.1634771160444,1,,1.677,3451.0045,-0.018392710578842397
s1-r2-e0.001,conditional,88,70910089,1000,491.16838750000016,478.30341021218663,15.125281888963501,461.4874197379579,520.8493552620424,1,,1.11,3113.3360000000002,-0.019623977045907966
s1-r2-e0.001,conditional,89,70910090,1000,486.4048195000004,466.0483696940151,14.73774348041278,457.48433442483883,515.3253045751619,1,,1.1275,3569.9155,-0.029132096806386593
s1-r2-e0.001,conditional,90,70910091,1000,506.17982950000055,483.5956959817274,15.292638659565958,476.17045060820374,536.1892083917974,1,,1.3565,3176.94,0.010338981037925138
s1-r2-e0.001,conditional,91,70910092,1000,513.4789149999993,507.95057139360233,16.06280744387752,481.9582019706773,544.9996280293215,1,,1.7245,3714.5835,0.024908013972054468
s1-r2-e0.001,conditional,92,70910093,1000,507.05288200000064,494.5357392511158,15.638593203886582,476.364622162216,537.7411418377853,1,,1.04,3209.91,0.01208160079840435
s1-r2-e0.001,conditional,93,70910094,1000,503.3477145000004,509.5395429194427,16.113055135465608,471.7283983421488,534.967030657852,1,,1.2435,3583.3555,0.004686056886228215
s1-r2-e0.001,conditional,94,70910095,1000,511.3952325,537.0547844610306,16.983163471876612,478.0684666779314,544.7219983220687,1,,1.5145,4640.919,0.020748967065868186
s1-r2-e0.001,conditional,95,70910096,1000,487.76683400000036,475.7895176186057,15.045785625076064,458.2418650525896,517.291802947411,1,,1.04,3502.823,-0.026413504990019356
s1-r2-e0.001,conditional,96,70910097,1000,493.91011349999957,503.88272207675277,15.934170753681476,462.6418295812722,525.178397418727,1,,1.589,3305.6525,-0.014151470059881214
s1-r2-e0.001,conditional,97,70910098,1000,495.29484150000013,514.4970605963719,16.269825609462035,463.3678881411438,527.2217948588565,1,,1.2690000000000001,5239.379,-0.011387541916167514
s1-r2-e0.001,conditional,98,70910099,1000,510.71059650000007,513.0067892700531,16.222699092233963,478.8761214598192,542.545071540181,1,,2.1115,4230.028,0.01938242814371259
s1-r2-e0.001,conditional,99,70910100,1000,458.03864550000026,466.2708876256126,14.744780115253556,429.10435214454384,486.9729388554567,0,,2.0525,3147.452,-0.08575120658682593
